trial,structurally_viable,fill_first_avg_student_ranking,fill_first_std_student_ranking,fill_first_median_student_ranking,fill_first_iqr_student_ranking,fill_first_student_satisfaction_percent,fill_first_student_satisfaction_top4_percent,fill_first_student_satisfaction_top5_percent,fill_first_students_got_choice_1_count,fill_first_students_got_choice_1_percent,fill_first_students_got_choice_2_count,fill_first_students_got_choice_2_percent,fill_first_students_got_choice_3_count,fill_first_students_got_choice_3_percent,fill_first_students_got_choice_4_count,fill_first_students_got_choice_4_percent,fill_first_students_got_choice_5_count,fill_first_students_got_choice_5_percent,fill_first_students_got_choice_6_count,fill_first_students_got_choice_6_percent,rank_first_avg_student_ranking,rank_first_std_student_ranking,rank_first_median_student_ranking,rank_first_iqr_student_ranking,rank_first_student_satisfaction_percent,rank_first_student_satisfaction_top4_percent,rank_first_student_satisfaction_top5_percent,rank_first_students_got_choice_1_count,rank_first_students_got_choice_1_percent,rank_first_students_got_choice_2_count,rank_first_students_got_choice_2_percent,rank_first_students_got_choice_3_count,rank_first_students_got_choice_3_percent,rank_first_students_got_choice_4_count,rank_first_students_got_choice_4_percent,rank_first_students_got_choice_5_count,rank_first_students_got_choice_5_percent,rank_first_students_got_choice_6_count,rank_first_students_got_choice_6_percent,best_first_avg_student_ranking,best_first_std_student_ranking,best_first_median_student_ranking,best_first_iqr_student_ranking,best_first_student_satisfaction_percent,best_first_student_satisfaction_top4_percent,best_first_student_satisfaction_top5_percent,best_first_students_got_choice_1_count,best_first_students_got_choice_1_percent,best_first_students_got_choice_2_count,best_first_students_got_choice_2_percent,best_first_students_got_choice_3_count,best_first_students_got_choice_3_percent,best_first_students_got_choice_4_count,best_first_students_got_choice_4_percent,best_first_students_got_choice_5_count,best_first_students_got_choice_5_percent,best_first_students_got_choice_6_count,best_first_students_got_choice_6_percent,fragility_mirror_avg_student_ranking,fragility_mirror_std_student_ranking,fragility_mirror_median_student_ranking,fragility_mirror_iqr_student_ranking,fragility_mirror_student_satisfaction_percent,fragility_mirror_student_satisfaction_top4_percent,fragility_mirror_student_satisfaction_top5_percent,fragility_mirror_students_got_choice_1_count,fragility_mirror_students_got_choice_1_percent,fragility_mirror_students_got_choice_2_count,fragility_mirror_students_got_choice_2_percent,fragility_mirror_students_got_choice_3_count,fragility_mirror_students_got_choice_3_percent,fragility_mirror_students_got_choice_4_count,fragility_mirror_students_got_choice_4_percent,fragility_mirror_students_got_choice_5_count,fragility_mirror_students_got_choice_5_percent,fragility_mirror_students_got_choice_6_count,fragility_mirror_students_got_choice_6_percent
1,True,2.6666666666666665,1.8499249234015476,2.0,3.0,70.0,80.0,83.33333333333334,12,40.0,6,20.0,3,10.0,3,10.0,1,3.3333333333333335,5,16.666666666666664,1.9,1.445683229480096,1.0,1.0,83.33333333333334,93.33333333333333,93.33333333333333,18,60.0,6,20.0,1,3.3333333333333335,3,10.0,0,0.0,2,6.666666666666667,2.0,1.4605934866804429,1.0,1.75,83.33333333333334,93.33333333333333,93.33333333333333,17,56.666666666666664,5,16.666666666666664,3,10.0,3,10.0,0,0.0,2,6.666666666666667,2.433333333333333,1.9093337988826247,1.5,2.0,80.0,80.0,80.0,15,50.0,5,16.666666666666664,4,13.333333333333334,0,0.0,0,0.0,6,20.0
2,True,2.3333333333333335,1.6799470891138868,2.0,1.75,83.33333333333334,83.33333333333334,86.66666666666667,12,40.0,10,33.33333333333333,3,10.0,0,0.0,1,3.3333333333333335,4,13.333333333333334,1.9,1.491084616423003,1.0,1.0,86.66666666666667,90.0,93.33333333333333,19,63.33333333333333,4,13.333333333333334,3,10.0,1,3.3333333333333335,1,3.3333333333333335,2,6.666666666666667,1.8,1.2489995996796797,1.0,1.0,93.33333333333333,93.33333333333333,96.66666666666667,18,60.0,5,16.666666666666664,5,16.666666666666664,0,0.0,1,3.3333333333333335,1,3.3333333333333335,2.3666666666666667,1.7603661235347856,2.0,2.0,76.66666666666667,83.33333333333334,86.66666666666667,14,46.666666666666664,7,23.333333333333332,2,6.666666666666667,2,6.666666666666667,1,3.3333333333333335,4,13.333333333333334
3,False,2.433333333333333,1.6669999666733315,2.0,2.0,83.33333333333334,83.33333333333334,86.66666666666667,11,36.666666666666664,9,30.0,5,16.666666666666664,0,0.0,1,3.3333333333333335,4,13.333333333333334,2.1,1.6603212540549697,1.0,2.0,83.33333333333334,86.66666666666667,90.0,18,60.0,3,10.0,4,13.333333333333334,1,3.3333333333333335,1,3.3333333333333335,3,10.0,2.3666666666666667,1.8162843634433705,1.5,2.0,80.0,83.33333333333334,83.33333333333334,15,50.0,5,16.666666666666664,4,13.333333333333334,1,3.3333333333333335,0,0.0,5,16.666666666666664,2.6666666666666665,1.8318175552045448,2.0,2.75,73.33333333333333,80.0,83.33333333333334,12,40.0,5,16.666666666666664,5,16.666666666666664,2,6.666666666666667,1,3.3333333333333335,5,16.666666666666664
4,False,2.5,1.707825127659933,2.0,2.0,76.66666666666667,83.33333333333334,86.66666666666667,11,36.666666666666664,9,30.0,3,10.0,2,6.666666666666667,1,3.3333333333333335,4,13.333333333333334,2.1,1.6401219466856725,1.0,1.75,83.33333333333334,86.66666666666667,90.0,17,56.666666666666664,5,16.666666666666664,3,10.0,1,3.3333333333333335,1,3.3333333333333335,3,10.0,2.1333333333333333,1.4313940369055924,2.0,2.0,83.33333333333334,93.33333333333333,93.33333333333333,14,46.666666666666664,7,23.333333333333332,4,13.333333333333334,3,10.0,0,0.0,2,6.666666666666667,2.7333333333333334,1.9136933459209766,2.0,3.75,70.0,73.33333333333333,83.33333333333334,12,40.0,6,20.0,3,10.0,1,3.3333333333333335,3,10.0,5,16.666666666666664
5,True,2.2666666666666666,1.6519348924485155,2.0,2.0,86.66666666666667,86.66666666666667,86.66666666666667,14,46.666666666666664,6,20.0,6,20.0,0,0.0,0,0.0,4,13.333333333333334,2.2333333333333334,1.8381754238616317,1.0,2.0,80.0,80.0,86.66666666666667,18,60.0,3,10.0,3,10.0,0,0.0,2,6.666666666666667,4,13.333333333333334,2.033333333333333,1.6428295373802142,1.0,1.0,83.33333333333334,86.66666666666667,90.0,18,60.0,5,16.666666666666664,2,6.666666666666667,1,3.3333333333333335,1,3.3333333333333335,3,10.0,2.566666666666667,1.9093337988826247,2.0,2.75,73.33333333333333,76.66666666666667,83.33333333333334,14,46.666666666666664,5,16.666666666666664,3,10.0,1,3.3333333333333335,2,6.666666666666667,5,16.666666666666664
6,False,2.8666666666666667,1.8749814813900312,2.0,2.5,73.33333333333333,76.66666666666667,76.66666666666667,8,26.666666666666668,10,33.33333333333333,4,13.333333333333334,1,3.3333333333333335,0,0.0,7,23.333333333333332,2.3,1.8466185312619388,1.0,1.75,76.66666666666667,83.33333333333334,83.33333333333334,16,53.333333333333336,6,20.0,1,3.3333333333333335,2,6.666666666666667,0,0.0,5,16.666666666666664,2.433333333333333,1.9439364415764442,1.0,2.0,76.66666666666667,80.0,80.0,16,53.333333333333336,4,13.333333333333334,3,10.0,1,3.3333333333333335,0,0.0,6,20.0,2.7333333333333334,1.7307673314329557,2.0,3.0,66.66666666666666,83.33333333333334,86.66666666666667,10,33.33333333333333,7,23.333333333333332,3,10.0,5,16.666666666666664,1,3.3333333333333335,4,13.333333333333334
7,True,2.533333333333333,1.6069294390925264,2.0,2.0,80.0,83.33333333333334,90.0,10,33.33333333333333,8,26.666666666666668,6,20.0,1,3.3333333333333335,2,6.666666666666667,3,10.0,2.066666666666667,1.4590712418826193,1.0,2.0,83.33333333333334,93.33333333333333,93.33333333333333,16,53.333333333333336,5,16.666666666666664,4,13.333333333333334,3,10.0,0,0.0,2,6.666666666666667,2.433333333333333,1.8015425489162211,2.0,2.0,80.0,83.33333333333334,83.33333333333334,14,46.666666666666664,5,16.666666666666664,5,16.666666666666664,1,3.3333333333333335,0,0.0,5,16.666666666666664,2.6,1.7813852287849852,2.0,2.0,76.66666666666667,83.33333333333334,83.33333333333334,12,40.0,5,16.666666666666664,6,20.0,2,6.666666666666667,0,0.0,5,16.666666666666664
8,True,2.6333333333333333,1.7603661235347858,2.0,2.75,73.33333333333333,80.0,86.66666666666667,11,36.666666666666664,7,23.333333333333332,4,13.333333333333334,2,6.666666666666667,2,6.666666666666667,4,13.333333333333334,2.1,1.7,1.0,1.0,83.33333333333334,86.66666666666667,86.66666666666667,17,56.666666666666664,6,20.0,2,6.666666666666667,1,3.3333333333333335,0,0.0,4,13.333333333333334,2.3333333333333335,1.7575235101952091,2.0,1.0,80.0,83.33333333333334,83.33333333333334,12,40.0,12,40.0,0,0.0,1,3.3333333333333335,0,0.0,5,16.666666666666664,2.566666666666667,1.9439364415764444,2.0,3.5,73.33333333333333,73.33333333333333,83.33333333333334,14,46.666666666666664,6,20.0,2,6.666666666666667,0,0.0,3,10.0,5,16.666666666666664
9,False,2.6333333333333333,1.5380362660079103,2.0,1.0,80.0,83.33333333333334,90.0,7,23.333333333333332,11,36.666666666666664,6,20.0,1,3.3333333333333335,2,6.666666666666667,3,10.0,2.466666666666667,2.0286832072937253,1.0,2.0,76.66666666666667,76.66666666666667,76.66666666666667,16,53.333333333333336,5,16.666666666666664,2,6.666666666666667,0,0.0,0,0.0,7,23.333333333333332,2.5,1.9621416870348585,1.5,2.0,76.66666666666667,76.66666666666667,80.0,15,50.0,5,16.666666666666664,3,10.0,0,0.0,1,3.3333333333333335,6,20.0,2.7,1.7540429489230493,2.0,2.0,76.66666666666667,80.0,83.33333333333334,9,30.0,9,30.0,5,16.666666666666664,1,3.3333333333333335,1,3.3333333333333335,5,16.666666666666664
10,False,2.433333333333333,1.7259457954666158,2.0,2.0,80.0,83.33333333333334,86.66666666666667,13,43.333333333333336,6,20.0,5,16.666666666666664,1,3.3333333333333335,1,3.3333333333333335,4,13.333333333333334,1.9666666666666666,1.5807874268505833,1.0,1.75,86.66666666666667,90.0,90.0,19,63.33333333333333,3,10.0,4,13.333333333333334,1,3.3333333333333335,0,0.0,3,10.0,2.2,1.8147543451754933,1.0,1.75,83.33333333333334,83.33333333333334,83.33333333333334,17,56.666666666666664,5,16.666666666666664,3,10.0,0,0.0,0,0.0,5,16.666666666666664,2.2333333333333334,1.6058919293927874,2.0,2.0,83.33333333333334,86.66666666666667,90.0,14,46.666666666666664,7,23.333333333333332,4,13.333333333333334,1,3.3333333333333335,1,3.3333333333333335,3,10.0
11,False,2.6,1.9765289440498126,2.0,2.0,76.66666666666667,76.66666666666667,76.66666666666667,13,43.333333333333336,7,23.333333333333332,3,10.0,0,0.0,0,0.0,7,23.333333333333332,2.033333333333333,1.682920741515245,1.0,1.0,86.66666666666667,86.66666666666667,86.66666666666667,18,60.0,5,16.666666666666664,3,10.0,0,0.0,0,0.0,4,13.333333333333334,2.1333333333333333,1.7650936393164969,1.0,1.75,83.33333333333334,83.33333333333334,86.66666666666667,18,60.0,4,13.333333333333334,3,10.0,0,0.0,1,3.3333333333333335,4,13.333333333333334,2.566666666666667,1.9439364415764444,2.0,3.5,73.33333333333333,73.33333333333333,83.33333333333334,14,46.666666666666664,6,20.0,2,6.666666666666667,0,0.0,3,10.0,5,16.666666666666664
12,False,3.0,1.8439088914585775,2.0,2.75,66.66666666666666,73.33333333333333,80.0,7,23.333333333333332,10,33.33333333333333,3,10.0,2,6.666666666666667,2,6.666666666666667,6,20.0,2.1,1.619670748434179,1.0,1.75,80.0,90.0,90.0,17,56.666666666666664,5,16.666666666666664,2,6.666666666666667,3,10.0,0,0.0,3,10.0,2.3333333333333335,1.8135294011647258,2.0,1.0,76.66666666666667,83.33333333333334,83.33333333333334,14,46.666666666666664,9,30.0,0,0.0,2,6.666666666666667,0,0.0,5,16.666666666666664,2.2333333333333334,1.5423647068345698,2.0,2.0,83.33333333333334,90.0,90.0,13,43.333333333333336,8,26.666666666666668,4,13.333333333333334,2,6.666666666666667,0,0.0,3,10.0
13,False,2.2,1.514375558880073,2.0,1.0,83.33333333333334,90.0,90.0,12,40.0,11,36.666666666666664,2,6.666666666666667,2,6.666666666666667,0,0.0,3,10.0,1.8,1.4922019523732928,1.0,1.0,90.0,90.0,90.0,19,63.33333333333333,7,23.333333333333332,1,3.3333333333333335,0,0.0,0,0.0,3,10.0,2.0,1.6931233465600393,1.0,1.0,83.33333333333334,86.66666666666667,86.66666666666667,18,60.0,7,23.333333333333332,0,0.0,1,3.3333333333333335,0,0.0,4,13.333333333333334,2.8,2.08806130178211,2.0,4.5,66.66666666666666,73.33333333333333,73.33333333333333,13,43.333333333333336,6,20.0,1,3.3333333333333335,2,6.666666666666667,0,0.0,8,26.666666666666668
14,False,2.533333333333333,1.7650936393164967,2.0,2.0,76.66666666666667,83.33333333333334,83.33333333333334,11,36.666666666666664,9,30.0,3,10.0,2,6.666666666666667,0,0.0,5,16.666666666666664,2.2333333333333334,1.7641491496532322,1.0,1.75,80.0,83.33333333333334,86.66666666666667,16,53.333333333333336,6,20.0,2,6.666666666666667,1,3.3333333333333335,1,3.3333333333333335,4,13.333333333333334,2.3333333333333335,1.6599866130651644,2.0,2.0,83.33333333333334,86.66666666666667,86.66666666666667,13,43.333333333333336,7,23.333333333333332,5,16.666666666666664,1,3.3333333333333335,0,0.0,4,13.333333333333334,2.9,1.9209372712298547,2.0,3.75,66.66666666666666,73.33333333333333,80.0,10,33.33333333333333,7,23.333333333333332,3,10.0,2,6.666666666666667,2,6.666666666666667,6,20.0
15,True,2.3,1.7540429489230491,1.5,2.0,80.0,83.33333333333334,86.66666666666667,15,50.0,6,20.0,3,10.0,1,3.3333333333333335,1,3.3333333333333335,4,13.333333333333334,1.9333333333333333,1.6110727964792761,1.0,1.0,83.33333333333334,90.0,90.0,20,66.66666666666666,3,10.0,2,6.666666666666667,2,6.666666666666667,0,0.0,3,10.0,2.2666666666666666,1.9482185594936612,1.0,1.75,80.0,80.0,80.0,18,60.0,4,13.333333333333334,2,6.666666666666667,0,0.0,0,0.0,6,20.0,2.433333333333333,1.7829438827088444,2.0,2.0,80.0,83.33333333333334,83.33333333333334,13,43.333333333333336,7,23.333333333333332,4,13.333333333333334,1,3.3333333333333335,0,0.0,5,16.666666666666664
16,True,2.566666666666667,1.0225241100118645,2.0,1.0,80.0,96.66666666666667,100.0,4,13.333333333333334,12,40.0,8,26.666666666666668,5,16.666666666666664,1,3.3333333333333335,0,0.0,2.4,1.685229954635272,2.0,3.0,70.0,86.66666666666667,90.0,13,43.333333333333336,8,26.666666666666668,0,0.0,5,16.666666666666664,1,3.3333333333333335,3,10.0,2.533333333333333,1.80246744461277,2.0,2.75,73.33333333333333,83.33333333333334,83.33333333333334,12,40.0,8,26.666666666666668,2,6.666666666666667,3,10.0,0,0.0,5,16.666666666666664,2.8333333333333335,1.674979270186815,2.0,2.0,70.0,80.0,86.66666666666667,7,23.333333333333332,10,33.33333333333333,4,13.333333333333334,3,10.0,2,6.666666666666667,4,13.333333333333334
17,False,2.3333333333333335,1.699673171197595,2.0,2.0,80.0,86.66666666666667,86.66666666666667,14,46.666666666666664,6,20.0,4,13.333333333333334,2,6.666666666666667,0,0.0,4,13.333333333333334,1.9333333333333333,1.6719914938645934,1.0,1.0,86.66666666666667,86.66666666666667,86.66666666666667,19,63.33333333333333,6,20.0,1,3.3333333333333335,0,0.0,0,0.0,4,13.333333333333334,2.0,1.6532795690182993,1.0,1.0,86.66666666666667,86.66666666666667,86.66666666666667,17,56.666666666666664,8,26.666666666666668,1,3.3333333333333335,0,0.0,0,0.0,4,13.333333333333334,1.9333333333333333,1.3888444437333105,1.0,1.0,86.66666666666667,90.0,96.66666666666667,17,56.666666666666664,6,20.0,3,10.0,1,3.3333333333333335,2,6.666666666666667,1,3.3333333333333335
18,False,2.7,1.9347695814575268,2.0,2.0,76.66666666666667,76.66666666666667,76.66666666666667,11,36.666666666666664,8,26.666666666666668,4,13.333333333333334,0,0.0,0,0.0,7,23.333333333333332,2.066666666666667,1.7113996870657917,1.0,1.0,83.33333333333334,86.66666666666667,86.66666666666667,18,60.0,5,16.666666666666664,2,6.666666666666667,1,3.3333333333333335,0,0.0,4,13.333333333333334,2.3,1.8284784202536637,1.0,2.0,80.0,83.33333333333334,83.33333333333334,16,53.333333333333336,5,16.666666666666664,3,10.0,1,3.3333333333333335,0,0.0,5,16.666666666666664,2.6,1.9078784028338913,2.0,2.0,76.66666666666667,80.0,80.0,14,46.666666666666664,3,10.0,6,20.0,1,3.3333333333333335,0,0.0,6,20.0
19,True,1.9666666666666666,1.5807874268505833,1.0,1.0,86.66666666666667,86.66666666666667,90.0,17,56.666666666666664,8,26.666666666666668,1,3.3333333333333335,0,0.0,1,3.3333333333333335,3,10.0,1.7,1.4177446878757824,1.0,0.75,86.66666666666667,93.33333333333333,93.33333333333333,22,73.33333333333333,3,10.0,1,3.3333333333333335,2,6.666666666666667,0,0.0,2,6.666666666666667,1.8,1.5790292376436015,1.0,0.75,86.66666666666667,90.0,90.0,22,73.33333333333333,2,6.666666666666667,2,6.666666666666667,1,3.3333333333333335,0,0.0,3,10.0,2.4,1.9078784028338913,1.0,2.75,73.33333333333333,80.0,83.33333333333334,16,53.333333333333336,5,16.666666666666664,1,3.3333333333333335,2,6.666666666666667,1,3.3333333333333335,5,16.666666666666664
20,True,2.7,1.69607389776114,2.0,1.75,76.66666666666667,83.33333333333334,83.33333333333334,8,26.666666666666668,10,33.33333333333333,5,16.666666666666664,2,6.666666666666667,0,0.0,5,16.666666666666664,2.066666666666667,1.5691469727919762,1.0,1.0,83.33333333333334,90.0,90.0,16,53.333333333333336,7,23.333333333333332,2,6.666666666666667,2,6.666666666666667,0,0.0,3,10.0,2.3666666666666667,1.601735170231195,2.0,2.0,80.0,86.66666666666667,90.0,12,40.0,8,26.666666666666668,4,13.333333333333334,2,6.666666666666667,1,3.3333333333333335,3,10.0,2.7,1.9519221295943134,2.0,3.0,70.0,76.66666666666667,80.0,13,43.333333333333336,5,16.666666666666664,3,10.0,2,6.666666666666667,1,3.3333333333333335,6,20.0
21,False,2.3,1.7156145643277028,2.0,1.0,80.0,83.33333333333334,86.66666666666667,13,43.333333333333336,10,33.33333333333333,1,3.3333333333333335,1,3.3333333333333335,1,3.3333333333333335,4,13.333333333333334,2.0,1.570562531918633,1.0,1.0,86.66666666666667,86.66666666666667,90.0,16,53.333333333333336,9,30.0,1,3.3333333333333335,0,0.0,1,3.3333333333333335,3,10.0,2.4,1.9252705437591537,1.5,1.75,76.66666666666667,80.0,80.0,15,50.0,7,23.333333333333332,1,3.3333333333333335,1,3.3333333333333335,0,0.0,6,20.0,2.6333333333333333,1.8705317128797598,2.0,2.75,73.33333333333333,80.0,80.0,11,36.666666666666664,9,30.0,2,6.666666666666667,2,6.666666666666667,0,0.0,6,20.0
22,True,2.3,1.5737428845483834,2.0,1.75,80.0,83.33333333333334,93.33333333333333,12,40.0,10,33.33333333333333,2,6.666666666666667,1,3.3333333333333335,3,10.0,2,6.666666666666667,2.1666666666666665,1.8089284734953512,1.0,1.0,80.0,80.0,86.66666666666667,17,56.666666666666664,7,23.333333333333332,0,0.0,0,0.0,2,6.666666666666667,4,13.333333333333334,2.1666666666666665,1.5933891203622828,2.0,1.0,83.33333333333334,86.66666666666667,90.0,14,46.666666666666664,9,30.0,2,6.666666666666667,1,3.3333333333333335,1,3.3333333333333335,3,10.0,2.3333333333333335,1.7575235101952091,2.0,1.75,76.66666666666667,83.33333333333334,86.66666666666667,14,46.666666666666664,8,26.666666666666668,1,3.3333333333333335,2,6.666666666666667,1,3.3333333333333335,4,13.333333333333334
23,True,2.533333333333333,1.6478942792411033,2.0,2.0,76.66666666666667,86.66666666666667,86.66666666666667,10,33.33333333333333,9,30.0,4,13.333333333333334,3,10.0,0,0.0,4,13.333333333333334,2.033333333333333,1.5807874268505835,1.0,1.0,83.33333333333334,90.0,90.0,17,56.666666666666664,6,20.0,2,6.666666666666667,2,6.666666666666667,0,0.0,3,10.0,2.3,1.7916472867168918,1.0,2.0,76.66666666666667,83.33333333333334,86.66666666666667,16,53.333333333333336,5,16.666666666666664,2,6.666666666666667,2,6.666666666666667,1,3.3333333333333335,4,13.333333333333334,2.6333333333333333,1.9232495649002208,2.0,3.0,70.0,80.0,80.0,13,43.333333333333336,6,20.0,2,6.666666666666667,3,10.0,0,0.0,6,20.0
24,True,2.533333333333333,1.586050300449376,2.0,2.0,80.0,83.33333333333334,90.0,9,30.0,10,33.33333333333333,5,16.666666666666664,1,3.3333333333333335,2,6.666666666666667,3,10.0,2.1,1.619670748434179,1.0,1.0,83.33333333333334,86.66666666666667,90.0,16,53.333333333333336,7,23.333333333333332,2,6.666666666666667,1,3.3333333333333335,1,3.3333333333333335,3,10.0,2.2,1.6206994374857624,2.0,1.0,83.33333333333334,83.33333333333334,90.0,13,43.333333333333336,11,36.666666666666664,1,3.3333333333333335,0,0.0,2,6.666666666666667,3,10.0,2.066666666666667,1.1813363431112902,2.0,2.0,90.0,96.66666666666667,96.66666666666667,12,40.0,9,30.0,6,20.0,2,6.666666666666667,0,0.0,1,3.3333333333333335
25,False,1.9,1.3503086067019396,1.0,1.0,90.0,93.33333333333333,93.33333333333333,16,53.333333333333336,8,26.666666666666668,3,10.0,1,3.3333333333333335,0,0.0,2,6.666666666666667,1.9333333333333333,1.7113996870657913,1.0,1.0,83.33333333333334,86.66666666666667,86.66666666666667,20,66.66666666666666,5,16.666666666666664,0,0.0,1,3.3333333333333335,0,0.0,4,13.333333333333334,2.033333333333333,1.8162843634433705,1.0,1.0,83.33333333333334,83.33333333333334,83.33333333333334,19,63.33333333333333,6,20.0,0,0.0,0,0.0,0,0.0,5,16.666666666666664,2.2333333333333334,1.6468825769380833,2.0,1.0,76.66666666666667,86.66666666666667,90.0,14,46.666666666666664,9,30.0,0,0.0,3,10.0,1,3.3333333333333335,3,10.0
26,True,2.2333333333333334,1.4761059883656353,2.0,2.0,76.66666666666667,93.33333333333333,93.33333333333333,13,43.333333333333336,8,26.666666666666668,2,6.666666666666667,5,16.666666666666664,0,0.0,2,6.666666666666667,1.9666666666666666,1.601735170231195,1.0,1.0,83.33333333333334,90.0,90.0,19,63.33333333333333,4,13.333333333333334,2,6.666666666666667,2,6.666666666666667,0,0.0,3,10.0,1.9,1.3988090172238192,1.0,1.0,86.66666666666667,93.33333333333333,93.33333333333333,17,56.666666666666664,7,23.333333333333332,2,6.666666666666667,2,6.666666666666667,0,0.0,2,6.666666666666667,2.0,1.2110601416389966,2.0,2.0,90.0,96.66666666666667,96.66666666666667,14,46.666666666666664,7,23.333333333333332,6,20.0,2,6.666666666666667,0,0.0,1,3.3333333333333335
27,True,2.466666666666667,1.586050300449376,2.0,2.0,80.0,83.33333333333334,90.0,9,30.0,12,40.0,3,10.0,1,3.3333333333333335,2,6.666666666666667,3,10.0,2.3333333333333335,1.9888578520235063,1.0,1.0,76.66666666666667,76.66666666666667,80.0,17,56.666666666666664,6,20.0,0,0.0,0,0.0,1,3.3333333333333335,6,20.0,2.433333333333333,1.8740923729160797,2.0,1.75,80.0,80.0,80.0,13,43.333333333333336,9,30.0,2,6.666666666666667,0,0.0,0,0.0,6,20.0,2.6666666666666665,1.903213656482693,2.0,2.75,73.33333333333333,76.66666666666667,80.0,11,36.666666666666664,9,30.0,2,6.666666666666667,1,3.3333333333333335,1,3.3333333333333335,6,20.0
28,False,2.5,1.8027756377319946,2.0,1.75,76.66666666666667,80.0,83.33333333333334,11,36.666666666666664,11,36.666666666666664,1,3.3333333333333335,1,3.3333333333333335,1,3.3333333333333335,5,16.666666666666664,1.9,1.3253930234714029,1.0,1.0,83.33333333333334,93.33333333333333,96.66666666666667,16,53.333333333333336,9,30.0,0,0.0,3,10.0,1,3.3333333333333335,1,3.3333333333333335,2.433333333333333,1.8199511592958264,2.0,2.5,73.33333333333333,83.33333333333334,83.33333333333334,13,43.333333333333336,9,30.0,0,0.0,3,10.0,0,0.0,5,16.666666666666664,2.566666666666667,1.8199511592958266,2.0,3.0,66.66666666666666,76.66666666666667,90.0,13,43.333333333333336,7,23.333333333333332,0,0.0,3,10.0,4,13.333333333333334,3,10.0
29,True,1.7,1.1298967504452195,1.0,1.0,93.33333333333333,96.66666666666667,96.66666666666667,18,60.0,7,23.333333333333332,3,10.0,1,3.3333333333333335,0,0.0,1,3.3333333333333335,1.6333333333333333,1.3535960336164639,1.0,0.75,90.0,93.33333333333333,93.33333333333333,22,73.33333333333333,4,13.333333333333334,1,3.3333333333333335,1,3.3333333333333335,0,0.0,2,6.666666666666667,1.5333333333333334,1.0241527663824812,1.0,1.0,96.66666666666667,96.66666666666667,96.66666666666667,20,66.66666666666666,7,23.333333333333332,2,6.666666666666667,0,0.0,0,0.0,1,3.3333333333333335,2.5,1.8393839548428526,2.0,2.0,76.66666666666667,80.0,83.33333333333334,13,43.333333333333336,7,23.333333333333332,3,10.0,1,3.3333333333333335,1,3.3333333333333335,5,16.666666666666664
30,False,2.533333333333333,1.746106780494506,2.0,2.0,76.66666666666667,80.0,86.66666666666667,11,36.666666666666664,9,30.0,3,10.0,1,3.3333333333333335,2,6.666666666666667,4,13.333333333333334,2.1333333333333333,1.627540748764494,1.0,1.75,83.33333333333334,86.66666666666667,90.0,16,53.333333333333336,6,20.0,3,10.0,1,3.3333333333333335,1,3.3333333333333335,3,10.0,2.2666666666666666,1.730767331432956,1.5,1.75,76.66666666666667,86.66666666666667,86.66666666666667,15,50.0,7,23.333333333333332,1,3.3333333333333335,3,10.0,0,0.0,4,13.333333333333334,2.3333333333333335,1.7191729277636836,2.0,2.0,76.66666666666667,86.66666666666667,86.66666666666667,14,46.666666666666664,7,23.333333333333332,2,6.666666666666667,3,10.0,0,0.0,4,13.333333333333334
31,True,2.433333333333333,1.7065234314893605,2.0,2.0,80.0,83.33333333333334,86.66666666666667,12,40.0,8,26.666666666666668,4,13.333333333333334,1,3.3333333333333335,1,3.3333333333333335,4,13.333333333333334,2.0,1.61245154965971,1.0,1.75,83.33333333333334,90.0,90.0,19,63.33333333333333,3,10.0,3,10.0,2,6.666666666666667,0,0.0,3,10.0,2.1333333333333333,1.5434449203720302,1.5,2.0,86.66666666666667,90.0,90.0,15,50.0,6,20.0,5,16.666666666666664,1,3.3333333333333335,0,0.0,3,10.0,1.9666666666666666,1.3780017739062924,1.0,1.75,83.33333333333334,93.33333333333333,96.66666666666667,17,56.666666666666664,5,16.666666666666664,3,10.0,3,10.0,1,3.3333333333333335,1,3.3333333333333335
32,True,2.066666666666667,1.3399834161494522,2.0,1.75,90.0,93.33333333333333,93.33333333333333,13,43.333333333333336,9,30.0,5,16.666666666666664,1,3.3333333333333335,0,0.0,2,6.666666666666667,1.9333333333333333,1.364632632697248,1.0,1.0,86.66666666666667,90.0,96.66666666666667,16,53.333333333333336,8,26.666666666666668,2,6.666666666666667,1,3.3333333333333335,2,6.666666666666667,1,3.3333333333333335,2.0,1.4832396974191326,1.5,1.0,90.0,90.0,90.0,15,50.0,9,30.0,3,10.0,0,0.0,0,0.0,3,10.0,2.3333333333333335,1.5347819244295116,2.0,2.0,83.33333333333334,90.0,90.0,12,40.0,7,23.333333333333332,6,20.0,2,6.666666666666667,0,0.0,3,10.0
33,False,2.2666666666666666,1.671991493864594,2.0,1.0,80.0,86.66666666666667,86.66666666666667,13,43.333333333333336,10,33.33333333333333,1,3.3333333333333335,2,6.666666666666667,0,0.0,4,13.333333333333334,2.1,1.8502252115170554,1.0,1.0,80.0,80.0,86.66666666666667,20,66.66666666666666,3,10.0,1,3.3333333333333335,0,0.0,2,6.666666666666667,4,13.333333333333334,2.2,1.851125783588643,1.0,1.75,80.0,83.33333333333334,83.33333333333334,18,60.0,4,13.333333333333334,2,6.666666666666667,1,3.3333333333333335,0,0.0,5,16.666666666666664,2.5,1.9621416870348585,1.5,2.0,76.66666666666667,76.66666666666667,80.0,15,50.0,5,16.666666666666664,3,10.0,0,0.0,1,3.3333333333333335,6,20.0
34,False,2.3333333333333335,1.6193277068654823,2.0,2.0,86.66666666666667,86.66666666666667,86.66666666666667,12,40.0,8,26.666666666666668,6,20.0,0,0.0,0,0.0,4,13.333333333333334,1.8666666666666667,1.4996295838935991,1.0,1.0,90.0,90.0,90.0,18,60.0,7,23.333333333333332,2,6.666666666666667,0,0.0,0,0.0,3,10.0,2.3666666666666667,1.8526257642120338,1.0,2.0,76.66666666666667,83.33333333333334,83.33333333333334,16,53.333333333333336,4,13.333333333333334,3,10.0,2,6.666666666666667,0,0.0,5,16.666666666666664,2.6666666666666665,2.038517980189421,2.0,3.5,73.33333333333333,73.33333333333333,76.66666666666667,14,46.666666666666664,5,16.666666666666664,3,10.0,0,0.0,1,3.3333333333333335,7,23.333333333333332
35,False,2.3333333333333335,1.6193277068654823,2.0,2.0,76.66666666666667,90.0,90.0,14,46.666666666666664,5,16.666666666666664,4,13.333333333333334,4,13.333333333333334,0,0.0,3,10.0,1.9333333333333333,1.364632632697248,1.0,1.0,90.0,93.33333333333333,93.33333333333333,16,53.333333333333336,7,23.333333333333332,4,13.333333333333334,1,3.3333333333333335,0,0.0,2,6.666666666666667,2.2,1.5790292376436015,2.0,2.0,86.66666666666667,86.66666666666667,90.0,14,46.666666666666664,7,23.333333333333332,5,16.666666666666664,0,0.0,1,3.3333333333333335,3,10.0,2.5,1.875277757204694,2.0,2.0,80.0,80.0,80.0,13,43.333333333333336,7,23.333333333333332,4,13.333333333333334,0,0.0,0,0.0,6,20.0
36,True,2.2333333333333334,1.7451520150277897,1.0,2.0,83.33333333333334,83.33333333333334,86.66666666666667,16,53.333333333333336,5,16.666666666666664,4,13.333333333333334,0,0.0,1,3.3333333333333335,4,13.333333333333334,1.9,1.6196707484341788,1.0,1.0,86.66666666666667,86.66666666666667,90.0,20,66.66666666666666,4,13.333333333333334,2,6.666666666666667,0,0.0,1,3.3333333333333335,3,10.0,2.2333333333333334,1.8381754238616317,1.0,2.0,80.0,80.0,86.66666666666667,18,60.0,3,10.0,3,10.0,0,0.0,2,6.666666666666667,4,13.333333333333334,2.433333333333333,1.7451520150277902,2.0,2.0,76.66666666666667,83.33333333333334,86.66666666666667,13,43.333333333333336,7,23.333333333333332,3,10.0,2,6.666666666666667,1,3.3333333333333335,4,13.333333333333334
37,True,2.433333333333333,1.6669999666733315,2.0,2.0,76.66666666666667,86.66666666666667,86.66666666666667,11,36.666666666666664,10,33.33333333333333,2,6.666666666666667,3,10.0,0,0.0,4,13.333333333333334,2.066666666666667,1.730767331432956,1.0,1.0,83.33333333333334,83.33333333333334,86.66666666666667,17,56.666666666666664,8,26.666666666666668,0,0.0,0,0.0,1,3.3333333333333335,4,13.333333333333334,2.066666666666667,1.730767331432956,1.0,1.0,83.33333333333334,83.33333333333334,86.66666666666667,17,56.666666666666664,8,26.666666666666668,0,0.0,0,0.0,1,3.3333333333333335,4,13.333333333333334,2.033333333333333,1.4487542541400487,1.5,1.0,86.66666666666667,90.0,93.33333333333333,15,50.0,8,26.666666666666668,3,10.0,1,3.3333333333333335,1,3.3333333333333335,2,6.666666666666667
38,True,2.6,1.7048949136725895,2.0,1.75,76.66666666666667,83.33333333333334,83.33333333333334,8,26.666666666666668,13,43.333333333333336,2,6.666666666666667,2,6.666666666666667,0,0.0,5,16.666666666666664,1.9666666666666666,1.4940623220676645,1.0,1.75,86.66666666666667,90.0,93.33333333333333,18,60.0,4,13.333333333333334,4,13.333333333333334,1,3.3333333333333335,1,3.3333333333333335,2,6.666666666666667,2.2,1.6206994374857624,1.0,2.0,80.0,90.0,90.0,16,53.333333333333336,4,13.333333333333334,4,13.333333333333334,3,10.0,0,0.0,3,10.0,2.566666666666667,1.7065234314893605,2.0,2.0,76.66666666666667,83.33333333333334,86.66666666666667,11,36.666666666666664,7,23.333333333333332,5,16.666666666666664,2,6.666666666666667,1,3.3333333333333335,4,13.333333333333334
39,True,2.2666666666666666,1.590248058916875,2.0,1.0,86.66666666666667,86.66666666666667,86.66666666666667,11,36.666666666666664,12,40.0,3,10.0,0,0.0,0,0.0,4,13.333333333333334,1.8,1.4236104336041748,1.0,1.0,86.66666666666667,93.33333333333333,93.33333333333333,20,66.66666666666666,4,13.333333333333334,2,6.666666666666667,2,6.666666666666667,0,0.0,2,6.666666666666667,2.066666666666667,1.730767331432956,1.0,1.75,83.33333333333334,86.66666666666667,86.66666666666667,19,63.33333333333333,3,10.0,3,10.0,1,3.3333333333333335,0,0.0,4,13.333333333333334,2.2666666666666666,1.8427033281447005,1.0,2.0,80.0,83.33333333333334,83.33333333333334,17,56.666666666666664,4,13.333333333333334,3,10.0,1,3.3333333333333335,0,0.0,5,16.666666666666664
40,False,2.6333333333333333,1.9913702708325125,2.0,2.75,73.33333333333333,76.66666666666667,76.66666666666667,13,43.333333333333336,7,23.333333333333332,2,6.666666666666667,1,3.3333333333333335,0,0.0,7,23.333333333333332,2.033333333333333,1.6224124698183944,1.0,1.0,83.33333333333334,86.66666666666667,90.0,17,56.666666666666664,7,23.333333333333332,1,3.3333333333333335,1,3.3333333333333335,1,3.3333333333333335,3,10.0,2.3333333333333335,1.9206480387850577,1.0,1.75,80.0,80.0,80.0,16,53.333333333333336,6,20.0,2,6.666666666666667,0,0.0,0,0.0,6,20.0,2.566666666666667,1.9439364415764442,2.0,2.75,73.33333333333333,76.66666666666667,80.0,13,43.333333333333336,8,26.666666666666668,1,3.3333333333333335,1,3.3333333333333335,1,3.3333333333333335,6,20.0
41,False,2.566666666666667,1.6868774571839995,2.0,2.0,80.0,83.33333333333334,86.66666666666667,11,36.666666666666664,6,20.0,7,23.333333333333332,1,3.3333333333333335,1,3.3333333333333335,4,13.333333333333334,1.8666666666666667,1.384035966135113,1.0,1.0,86.66666666666667,93.33333333333333,93.33333333333333,17,56.666666666666664,8,26.666666666666668,1,3.3333333333333335,2,6.666666666666667,0,0.0,2,6.666666666666667,2.1666666666666665,1.8089284734953512,1.0,1.0,83.33333333333334,83.33333333333334,83.33333333333334,17,56.666666666666664,6,20.0,2,6.666666666666667,0,0.0,0,0.0,5,16.666666666666664,3.033333333333333,2.040969268645551,2.0,4.75,63.33333333333333,70.0,73.33333333333333,10,33.33333333333333,7,23.333333333333332,2,6.666666666666667,2,6.666666666666667,1,3.3333333333333335,8,26.666666666666668
42,False,2.6333333333333333,1.7603661235347856,2.0,2.0,76.66666666666667,80.0,83.33333333333334,9,30.0,11,36.666666666666664,3,10.0,1,3.3333333333333335,1,3.3333333333333335,5,16.666666666666664,2.2666666666666666,1.8785337071473829,1.0,2.0,76.66666666666667,83.33333333333334,83.33333333333334,18,60.0,3,10.0,2,6.666666666666667,2,6.666666666666667,0,0.0,5,16.666666666666664,2.6333333333333333,2.0893911925619757,1.0,3.75,70.0,73.33333333333333,76.66666666666667,16,53.333333333333336,3,10.0,2,6.666666666666667,1,3.3333333333333335,1,3.3333333333333335,7,23.333333333333332,2.6666666666666665,1.9550504398153572,1.5,3.0,70.0,80.0,80.0,15,50.0,1,3.3333333333333335,5,16.666666666666664,3,10.0,0,0.0,6,20.0
43,True,2.066666666666667,1.3399834161494522,2.0,1.75,90.0,93.33333333333333,93.33333333333333,13,43.333333333333336,9,30.0,5,16.666666666666664,1,3.3333333333333335,0,0.0,2,6.666666666666667,1.7333333333333334,1.364632632697248,1.0,1.0,90.0,93.33333333333333,93.33333333333333,20,66.66666666666666,5,16.666666666666664,2,6.666666666666667,1,3.3333333333333335,0,0.0,2,6.666666666666667,1.8666666666666667,1.521694961401777,1.0,1.0,83.33333333333334,90.0,93.33333333333333,20,66.66666666666666,4,13.333333333333334,1,3.3333333333333335,2,6.666666666666667,1,3.3333333333333335,2,6.666666666666667,1.9666666666666666,1.27758452644912,1.5,1.75,90.0,93.33333333333333,96.66666666666667,15,50.0,7,23.333333333333332,5,16.666666666666664,1,3.3333333333333335,1,3.3333333333333335,1,3.3333333333333335
44,False,2.033333333333333,1.5162087220725546,1.0,1.75,90.0,90.0,90.0,16,53.333333333333336,6,20.0,5,16.666666666666664,0,0.0,0,0.0,3,10.0,1.8666666666666667,1.667999467092907,1.0,1.0,86.66666666666667,86.66666666666667,86.66666666666667,20,66.66666666666666,6,20.0,0,0.0,0,0.0,0,0.0,4,13.333333333333334,2.066666666666667,1.7113996870657915,1.0,1.0,83.33333333333334,86.66666666666667,86.66666666666667,18,60.0,5,16.666666666666664,2,6.666666666666667,1,3.3333333333333335,0,0.0,4,13.333333333333334,2.2333333333333334,1.8199511592958264,1.0,1.75,80.0,80.0,86.66666666666667,17,56.666666666666664,5,16.666666666666664,2,6.666666666666667,0,0.0,2,6.666666666666667,4,13.333333333333334
45,True,2.2,1.4922019523732928,2.0,1.0,83.33333333333334,90.0,90.0,11,36.666666666666664,13,43.333333333333336,1,3.3333333333333335,2,6.666666666666667,0,0.0,3,10.0,1.9666666666666666,1.4487542541400484,1.0,1.0,86.66666666666667,90.0,93.33333333333333,16,53.333333333333336,8,26.666666666666668,2,6.666666666666667,1,3.3333333333333335,1,3.3333333333333335,2,6.666666666666667,2.2333333333333334,1.7451520150277902,1.5,1.0,80.0,83.33333333333334,86.66666666666667,15,50.0,8,26.666666666666668,1,3.3333333333333335,1,3.3333333333333335,1,3.3333333333333335,4,13.333333333333334,2.933333333333333,2.031966753883756,2.0,4.0,66.66666666666666,66.66666666666666,76.66666666666667,10,33.33333333333333,9,30.0,1,3.3333333333333335,0,0.0,3,10.0,7,23.333333333333332
46,True,2.6,1.518771433319269,2.0,1.75,80.0,86.66666666666667,90.0,8,26.666666666666668,9,30.0,7,23.333333333333332,2,6.666666666666667,1,3.3333333333333335,3,10.0,2.3,1.7540429489230491,1.5,2.0,80.0,83.33333333333334,86.66666666666667,15,50.0,6,20.0,3,10.0,1,3.3333333333333335,1,3.3333333333333335,4,13.333333333333334,2.2333333333333334,1.54236470683457,2.0,1.75,80.0,86.66666666666667,93.33333333333333,13,43.333333333333336,9,30.0,2,6.666666666666667,2,6.666666666666667,2,6.666666666666667,2,6.666666666666667,2.7333333333333334,1.7499206331208916,2.5,2.75,73.33333333333333,80.0,86.66666666666667,11,36.666666666666664,4,13.333333333333334,7,23.333333333333332,2,6.666666666666667,2,6.666666666666667,4,13.333333333333334
47,False,2.6333333333333333,1.6017351702311948,2.0,2.75,73.33333333333333,86.66666666666667,90.0,10,33.33333333333333,6,20.0,6,20.0,4,13.333333333333334,1,3.3333333333333335,3,10.0,2.1,1.5132745950421556,1.5,1.0,80.0,90.0,93.33333333333333,15,50.0,8,26.666666666666668,1,3.3333333333333335,3,10.0,1,3.3333333333333335,2,6.666666666666667,2.1333333333333333,1.564892612574067,1.5,1.75,83.33333333333334,90.0,90.0,15,50.0,7,23.333333333333332,3,10.0,2,6.666666666666667,0,0.0,3,10.0,2.7333333333333334,1.806162291219209,2.0,3.0,70.0,80.0,83.33333333333334,10,33.33333333333333,8,26.666666666666668,3,10.0,3,10.0,1,3.3333333333333335,5,16.666666666666664
48,False,2.9,1.6603212540549694,2.0,1.75,73.33333333333333,80.0,83.33333333333334,5,16.666666666666664,12,40.0,5,16.666666666666664,2,6.666666666666667,1,3.3333333333333335,5,16.666666666666664,2.433333333333333,1.8562207723101138,2.0,2.0,76.66666666666667,80.0,83.33333333333334,14,46.666666666666664,7,23.333333333333332,2,6.666666666666667,1,3.3333333333333335,1,3.3333333333333335,5,16.666666666666664,2.6,1.8366636418607882,2.0,2.0,80.0,80.0,80.0,11,36.666666666666664,8,26.666666666666668,5,16.666666666666664,0,0.0,0,0.0,6,20.0,2.7333333333333334,1.671991493864594,2.0,1.0,76.66666666666667,83.33333333333334,83.33333333333334,7,23.333333333333332,11,36.666666666666664,5,16.666666666666664,2,6.666666666666667,0,0.0,5,16.666666666666664
49,False,2.5,1.7272328544042153,2.0,2.0,80.0,83.33333333333334,86.66666666666667,13,43.333333333333336,4,13.333333333333334,7,23.333333333333332,1,3.3333333333333335,1,3.3333333333333335,4,13.333333333333334,1.9666666666666666,1.5807874268505835,1.0,1.75,86.66666666666667,90.0,90.0,19,63.33333333333333,3,10.0,4,13.333333333333334,1,3.3333333333333335,0,0.0,3,10.0,2.1,1.7194960502038574,1.0,1.75,83.33333333333334,86.66666666666667,86.66666666666667,18,60.0,4,13.333333333333334,3,10.0,1,3.3333333333333335,0,0.0,4,13.333333333333334,2.6333333333333333,1.9576062480034697,2.0,2.75,73.33333333333333,76.66666666666667,80.0,14,46.666666666666664,4,13.333333333333334,4,13.333333333333334,1,3.3333333333333335,1,3.3333333333333335,6,20.0
50,True,2.1666666666666665,1.6346933113652304,1.5,1.0,80.0,86.66666666666667,90.0,15,50.0,8,26.666666666666668,1,3.3333333333333335,2,6.666666666666667,1,3.3333333333333335,3,10.0,1.8666666666666667,1.5434449203720302,1.0,1.0,86.66666666666667,90.0,90.0,19,63.33333333333333,6,20.0,1,3.3333333333333335,1,3.3333333333333335,0,0.0,3,10.0,1.9666666666666666,1.5162087220725546,1.0,1.0,86.66666666666667,90.0,90.0,16,53.333333333333336,9,30.0,1,3.3333333333333335,1,3.3333333333333335,0,0.0,3,10.0,2.2666666666666666,1.8245242911205344,1.0,1.75,80.0,83.33333333333334,83.33333333333334,16,53.333333333333336,6,20.0,2,6.666666666666667,1,3.3333333333333335,0,0.0,5,16.666666666666664
51,True,2.3333333333333335,1.3249737942901194,2.0,2.0,83.33333333333334,90.0,96.66666666666667,9,30.0,11,36.666666666666664,5,16.666666666666664,2,6.666666666666667,2,6.666666666666667,1,3.3333333333333335,2.1666666666666665,1.6141733350404337,1.5,1.75,83.33333333333334,86.66666666666667,90.0,15,50.0,7,23.333333333333332,3,10.0,1,3.3333333333333335,1,3.3333333333333335,3,10.0,2.3,1.6360521589077368,2.0,2.0,86.66666666666667,86.66666666666667,86.66666666666667,13,43.333333333333336,7,23.333333333333332,6,20.0,0,0.0,0,0.0,4,13.333333333333334,2.7333333333333334,1.8427033281447005,2.0,2.75,73.33333333333333,80.0,80.0,10,33.33333333333333,8,26.666666666666668,4,13.333333333333334,2,6.666666666666667,0,0.0,6,20.0
52,False,2.533333333333333,1.586050300449376,2.0,2.0,76.66666666666667,86.66666666666667,90.0,10,33.33333333333333,8,26.666666666666668,5,16.666666666666664,3,10.0,1,3.3333333333333335,3,10.0,2.1333333333333333,1.80246744461277,1.0,1.75,80.0,83.33333333333334,86.66666666666667,19,63.33333333333333,3,10.0,2,6.666666666666667,1,3.3333333333333335,1,3.3333333333333335,4,13.333333333333334,2.4,1.9595917942265424,1.0,2.0,76.66666666666667,80.0,80.0,17,56.666666666666664,3,10.0,3,10.0,1,3.3333333333333335,0,0.0,6,20.0,2.6333333333333333,1.8705317128797596,2.0,2.0,76.66666666666667,80.0,80.0,12,40.0,6,20.0,5,16.666666666666664,1,3.3333333333333335,0,0.0,6,20.0
53,False,2.466666666666667,1.7650936393164969,2.0,2.0,83.33333333333334,83.33333333333334,83.33333333333334,13,43.333333333333336,5,16.666666666666664,7,23.333333333333332,0,0.0,0,0.0,5,16.666666666666664,1.8666666666666667,1.521694961401777,1.0,1.0,90.0,90.0,90.0,19,63.33333333333333,5,16.666666666666664,3,10.0,0,0.0,0,0.0,3,10.0,2.1333333333333333,1.80246744461277,1.0,1.0,83.33333333333334,83.33333333333334,83.33333333333334,17,56.666666666666664,7,23.333333333333332,1,3.3333333333333335,0,0.0,0,0.0,5,16.666666666666664,2.4,1.8366636418607878,1.5,2.0,76.66666666666667,83.33333333333334,83.33333333333334,15,50.0,5,16.666666666666664,3,10.0,2,6.666666666666667,0,0.0,5,16.666666666666664
54,True,2.1666666666666665,1.4851112939963642,2.0,1.0,86.66666666666667,90.0,90.0,12,40.0,11,36.666666666666664,3,10.0,1,3.3333333333333335,0,0.0,3,10.0,1.9333333333333333,1.569146972791976,1.0,1.0,86.66666666666667,90.0,90.0,19,63.33333333333333,4,13.333333333333334,3,10.0,1,3.3333333333333335,0,0.0,3,10.0,2.0,1.5491933384829668,1.0,1.0,86.66666666666667,90.0,90.0,17,56.666666666666664,6,20.0,3,10.0,1,3.3333333333333335,0,0.0,3,10.0,2.206896551724138,1.517241379310345,2.0,2.0,82.75862068965517,89.65517241379311,93.10344827586206,14,48.275862068965516,5,17.24137931034483,5,17.24137931034483,2,6.896551724137931,1,3.4482758620689653,2,6.896551724137931
55,False,2.433333333333333,1.7641491496532322,2.0,2.0,80.0,83.33333333333334,83.33333333333334,12,40.0,9,30.0,3,10.0,1,3.3333333333333335,0,0.0,5,16.666666666666664,2.066666666666667,1.730767331432956,1.0,1.75,83.33333333333334,86.66666666666667,86.66666666666667,19,63.33333333333333,3,10.0,3,10.0,1,3.3333333333333335,0,0.0,4,13.333333333333334,2.2333333333333334,1.8199511592958264,1.0,2.0,76.66666666666667,83.33333333333334,86.66666666666667,18,60.0,3,10.0,2,6.666666666666667,2,6.666666666666667,1,3.3333333333333335,4,13.333333333333334,2.8,1.98997487421324,2.0,4.0,70.0,70.0,80.0,12,40.0,6,20.0,3,10.0,0,0.0,3,10.0,6,20.0
56,False,2.466666666666667,1.8024674446127702,2.0,2.0,76.66666666666667,83.33333333333334,83.33333333333334,13,43.333333333333336,7,23.333333333333332,3,10.0,2,6.666666666666667,0,0.0,5,16.666666666666664,2.066666666666667,1.730767331432956,1.0,1.75,83.33333333333334,86.66666666666667,86.66666666666667,19,63.33333333333333,3,10.0,3,10.0,1,3.3333333333333335,0,0.0,4,13.333333333333334,2.066666666666667,1.7113996870657915,1.0,1.0,83.33333333333334,86.66666666666667,86.66666666666667,18,60.0,5,16.666666666666664,2,6.666666666666667,1,3.3333333333333335,0,0.0,4,13.333333333333334,2.2,1.7776388834631176,1.0,1.75,80.0,83.33333333333334,86.66666666666667,17,56.666666666666664,5,16.666666666666664,2,6.666666666666667,1,3.3333333333333335,1,3.3333333333333335,4,13.333333333333334
57,True,2.1,1.5132745950421556,1.5,1.0,80.0,90.0,93.33333333333333,15,50.0,8,26.666666666666668,1,3.3333333333333335,3,10.0,1,3.3333333333333335,2,6.666666666666667,1.7333333333333334,1.2631530214330944,1.0,1.0,90.0,93.33333333333333,96.66666666666667,19,63.33333333333333,6,20.0,2,6.666666666666667,1,3.3333333333333335,1,3.3333333333333335,1,3.3333333333333335,1.7666666666666666,1.2565384549980507,1.0,1.0,90.0,93.33333333333333,96.66666666666667,18,60.0,7,23.333333333333332,2,6.666666666666667,1,3.3333333333333335,1,3.3333333333333335,1,3.3333333333333335,2.1666666666666665,1.5933891203622825,1.0,2.0,83.33333333333334,90.0,90.0,16,53.333333333333336,4,13.333333333333334,5,16.666666666666664,2,6.666666666666667,0,0.0,3,10.0
58,True,2.1333333333333333,1.521694961401777,2.0,1.0,86.66666666666667,86.66666666666667,90.0,12,40.0,13,43.333333333333336,1,3.3333333333333335,0,0.0,1,3.3333333333333335,3,10.0,1.8333333333333333,1.3186693629901656,1.0,1.0,90.0,93.33333333333333,93.33333333333333,16,53.333333333333336,10,33.33333333333333,1,3.3333333333333335,1,3.3333333333333335,0,0.0,2,6.666666666666667,1.8666666666666667,1.2840906856172147,2.0,1.0,90.0,93.33333333333333,93.33333333333333,14,46.666666666666664,13,43.333333333333336,0,0.0,1,3.3333333333333335,0,0.0,2,6.666666666666667,2.2666666666666666,1.6110727964792761,2.0,1.75,86.66666666666667,86.66666666666667,86.66666666666667,12,40.0,10,33.33333333333333,4,13.333333333333334,0,0.0,0,0.0,4,13.333333333333334
59,True,2.033333333333333,1.0796089827134432,2.0,1.0,86.66666666666667,96.66666666666667,100.0,11,36.666666666666664,12,40.0,3,10.0,3,10.0,1,3.3333333333333335,0,0.0,2.033333333333333,1.5380362660079103,1.0,1.0,86.66666666666667,90.0,90.0,16,53.333333333333336,7,23.333333333333332,3,10.0,1,3.3333333333333335,0,0.0,3,10.0,2.066666666666667,1.2892719737209146,2.0,2.0,83.33333333333334,96.66666666666667,96.66666666666667,14,46.666666666666664,7,23.333333333333332,4,13.333333333333334,4,13.333333333333334,0,0.0,1,3.3333333333333335,2.933333333333333,1.7499206331208919,2.5,2.75,66.66666666666666,80.0,83.33333333333334,8,26.666666666666668,7,23.333333333333332,5,16.666666666666664,4,13.333333333333334,1,3.3333333333333335,5,16.666666666666664
60,True,2.1333333333333333,1.5648926125740672,2.0,1.0,83.33333333333334,86.66666666666667,90.0,13,43.333333333333336,12,40.0,0,0.0,1,3.3333333333333335,1,3.3333333333333335,3,10.0,1.9666666666666666,1.6224124698183944,1.0,1.0,83.33333333333334,86.66666666666667,90.0,18,60.0,7,23.333333333333332,0,0.0,1,3.3333333333333335,1,3.3333333333333335,3,10.0,2.2666666666666666,1.7499206331208919,1.0,2.0,76.66666666666667,86.66666666666667,86.66666666666667,16,53.333333333333336,5,16.666666666666664,2,6.666666666666667,3,10.0,0,0.0,4,13.333333333333334,2.8333333333333335,1.9507833184532708,2.0,4.0,63.33333333333333,66.66666666666666,86.66666666666667,12,40.0,6,20.0,1,3.3333333333333335,1,3.3333333333333335,6,20.0,4,13.333333333333334
61,False,3.033333333333333,1.9058389811897074,2.0,2.75,63.33333333333333,73.33333333333333,76.66666666666667,7,23.333333333333332,11,36.666666666666664,1,3.3333333333333335,3,10.0,1,3.3333333333333335,7,23.333333333333332,2.2333333333333334,1.9267128022157902,1.0,1.0,80.0,80.0,80.0,17,56.666666666666664,7,23.333333333333332,0,0.0,0,0.0,0,0.0,6,20.0,2.3,1.8466185312619388,1.0,1.75,76.66666666666667,83.33333333333334,83.33333333333334,16,53.333333333333336,6,20.0,1,3.3333333333333335,2,6.666666666666667,0,0.0,5,16.666666666666664,2.6,1.8366636418607882,2.0,2.75,73.33333333333333,80.0,83.33333333333334,12,40.0,7,23.333333333333332,3,10.0,2,6.666666666666667,1,3.3333333333333335,5,16.666666666666664
62,True,2.7333333333333334,1.6719914938645934,2.0,1.0,76.66666666666667,83.33333333333334,83.33333333333334,7,23.333333333333332,11,36.666666666666664,5,16.666666666666664,2,6.666666666666667,0,0.0,5,16.666666666666664,1.9,1.445683229480096,1.0,1.0,90.0,90.0,93.33333333333333,18,60.0,5,16.666666666666664,4,13.333333333333334,0,0.0,1,3.3333333333333335,2,6.666666666666667,2.1,1.6603212540549697,1.0,1.0,86.66666666666667,86.66666666666667,86.66666666666667,16,53.333333333333336,7,23.333333333333332,3,10.0,0,0.0,0,0.0,4,13.333333333333334,2.1666666666666665,1.4851112939963642,2.0,2.0,83.33333333333334,90.0,93.33333333333333,14,46.666666666666664,7,23.333333333333332,4,13.333333333333334,2,6.666666666666667,1,3.3333333333333335,2,6.666666666666667
63,True,2.433333333333333,1.6058919293927874,2.0,2.0,76.66666666666667,86.66666666666667,90.0,11,36.666666666666664,9,30.0,3,10.0,3,10.0,1,3.3333333333333335,3,10.0,2.1,1.6401219466856725,1.0,1.75,83.33333333333334,86.66666666666667,90.0,17,56.666666666666664,5,16.666666666666664,3,10.0,1,3.3333333333333335,1,3.3333333333333335,3,10.0,2.3333333333333335,1.7384539747207064,2.0,2.0,80.0,83.33333333333334,86.66666666666667,14,46.666666666666664,7,23.333333333333332,3,10.0,1,3.3333333333333335,1,3.3333333333333335,4,13.333333333333334,2.033333333333333,1.5380362660079103,1.0,1.0,86.66666666666667,90.0,90.0,16,53.333333333333336,7,23.333333333333332,3,10.0,1,3.3333333333333335,0,0.0,3,10.0
64,True,2.466666666666667,1.6275407487644937,2.0,2.0,80.0,86.66666666666667,86.66666666666667,10,33.33333333333333,10,33.33333333333333,4,13.333333333333334,2,6.666666666666667,0,0.0,4,13.333333333333334,2.033333333333333,1.4487542541400487,1.5,1.0,86.66666666666667,90.0,93.33333333333333,15,50.0,8,26.666666666666668,3,10.0,1,3.3333333333333335,1,3.3333333333333335,2,6.666666666666667,2.2666666666666666,1.7499206331208919,1.5,1.75,80.0,83.33333333333334,86.66666666666667,15,50.0,7,23.333333333333332,2,6.666666666666667,1,3.3333333333333335,1,3.3333333333333335,4,13.333333333333334,2.4,1.7048949136725895,2.0,2.0,80.0,83.33333333333334,86.66666666666667,12,40.0,9,30.0,3,10.0,1,3.3333333333333335,1,3.3333333333333335,4,13.333333333333334
65,False,2.8333333333333335,1.694763175851488,2.0,2.0,70.0,83.33333333333334,83.33333333333334,7,23.333333333333332,10,33.33333333333333,4,13.333333333333334,4,13.333333333333334,0,0.0,5,16.666666666666664,2.2,1.7009801096230766,1.0,1.75,80.0,83.33333333333334,90.0,16,53.333333333333336,6,20.0,2,6.666666666666667,1,3.3333333333333335,2,6.666666666666667,3,10.0,2.3333333333333335,1.8135294011647258,1.5,1.75,76.66666666666667,80.0,86.66666666666667,15,50.0,7,23.333333333333332,1,3.3333333333333335,1,3.3333333333333335,2,6.666666666666667,4,13.333333333333334,3.2333333333333334,2.092579482095934,2.0,5.0,60.0,63.33333333333333,70.0,9,30.0,7,23.333333333333332,2,6.666666666666667,1,3.3333333333333335,2,6.666666666666667,9,30.0
66,False,2.8333333333333335,1.808928473495351,2.0,2.75,70.0,80.0,80.0,8,26.666666666666668,10,33.33333333333333,3,10.0,3,10.0,0,0.0,6,20.0,2.033333333333333,1.4487542541400487,1.0,1.75,83.33333333333334,93.33333333333333,93.33333333333333,16,53.333333333333336,6,20.0,3,10.0,3,10.0,0,0.0,2,6.666666666666667,2.3333333333333335,1.6996731711975948,2.0,2.0,80.0,86.66666666666667,86.66666666666667,14,46.666666666666664,6,20.0,4,13.333333333333334,2,6.666666666666667,0,0.0,4,13.333333333333334,2.4,1.5620499351813306,2.0,2.0,76.66666666666667,90.0,90.0,11,36.666666666666664,9,30.0,3,10.0,4,13.333333333333334,0,0.0,3,10.0
67,False,2.2666666666666666,1.7113996870657915,1.0,2.0,80.0,83.33333333333334,90.0,16,53.333333333333336,4,13.333333333333334,4,13.333333333333334,1,3.3333333333333335,2,6.666666666666667,3,10.0,1.9,1.556705923844749,1.0,1.0,86.66666666666667,90.0,90.0,19,63.33333333333333,5,16.666666666666664,2,6.666666666666667,1,3.3333333333333335,0,0.0,3,10.0,2.033333333333333,1.6629959577688562,1.0,1.0,86.66666666666667,86.66666666666667,86.66666666666667,17,56.666666666666664,7,23.333333333333332,2,6.666666666666667,0,0.0,0,0.0,4,13.333333333333334,2.2666666666666666,1.7113996870657915,1.0,2.0,76.66666666666667,80.0,93.33333333333333,16,53.333333333333336,5,16.666666666666664,2,6.666666666666667,1,3.3333333333333335,4,13.333333333333334,2,6.666666666666667
68,False,2.7333333333333334,1.730767331432956,2.0,2.75,70.0,83.33333333333334,83.33333333333334,8,26.666666666666668,11,36.666666666666664,2,6.666666666666667,4,13.333333333333334,0,0.0,5,16.666666666666664,2.1,1.556705923844749,1.5,1.0,83.33333333333334,90.0,90.0,15,50.0,8,26.666666666666668,2,6.666666666666667,2,6.666666666666667,0,0.0,3,10.0,2.3666666666666667,1.6629959577688562,2.0,2.0,80.0,86.66666666666667,86.66666666666667,12,40.0,9,30.0,3,10.0,2,6.666666666666667,0,0.0,4,13.333333333333334,2.6666666666666665,1.86785676348292,2.0,2.75,73.33333333333333,80.0,80.0,11,36.666666666666664,8,26.666666666666668,3,10.0,2,6.666666666666667,0,0.0,6,20.0
69,False,2.3333333333333335,1.7384539747207064,2.0,2.0,80.0,83.33333333333334,86.66666666666667,14,46.666666666666664,7,23.333333333333332,3,10.0,1,3.3333333333333335,1,3.3333333333333335,4,13.333333333333334,2.066666666666667,1.6316317667360556,1.0,1.0,83.33333333333334,86.66666666666667,90.0,17,56.666666666666664,6,20.0,2,6.666666666666667,1,3.3333333333333335,1,3.3333333333333335,3,10.0,2.2666666666666666,1.5260697523012796,2.0,2.0,76.66666666666667,90.0,93.33333333333333,13,43.333333333333336,8,26.666666666666668,2,6.666666666666667,4,13.333333333333334,1,3.3333333333333335,2,6.666666666666667,1.9666666666666666,1.168569876197207,2.0,1.0,90.0,96.66666666666667,96.66666666666667,13,43.333333333333336,10,33.33333333333333,4,13.333333333333334,2,6.666666666666667,0,0.0,1,3.3333333333333335
70,True,2.5,1.8027756377319946,2.0,2.75,73.33333333333333,80.0,86.66666666666667,13,43.333333333333336,7,23.333333333333332,2,6.666666666666667,2,6.666666666666667,2,6.666666666666667,4,13.333333333333334,2.1,1.8502252115170557,1.0,1.0,80.0,80.0,86.66666666666667,20,66.66666666666666,3,10.0,1,3.3333333333333335,0,0.0,2,6.666666666666667,4,13.333333333333334,2.2333333333333334,1.856220772310114,1.0,1.75,76.66666666666667,80.0,86.66666666666667,18,60.0,4,13.333333333333334,1,3.3333333333333335,1,3.3333333333333335,2,6.666666666666667,4,13.333333333333334,2.2666666666666666,1.7499206331208916,1.0,2.0,76.66666666666667,83.33333333333334,90.0,17,56.666666666666664,3,10.0,3,10.0,2,6.666666666666667,2,6.666666666666667,3,10.0
71,True,2.3,1.6155494421403511,2.0,2.0,76.66666666666667,90.0,90.0,14,46.666666666666664,6,20.0,3,10.0,4,13.333333333333334,0,0.0,3,10.0,2.1333333333333333,1.8571184369578826,1.0,1.0,80.0,83.33333333333334,83.33333333333334,19,63.33333333333333,4,13.333333333333334,1,3.3333333333333335,1,3.3333333333333335,0,0.0,5,16.666666666666664,2.2666666666666666,1.6316317667360556,1.5,2.0,83.33333333333334,86.66666666666667,90.0,15,50.0,4,13.333333333333334,6,20.0,1,3.3333333333333335,1,3.3333333333333335,3,10.0,2.033333333333333,1.5380362660079103,1.0,2.0,90.0,90.0,90.0,17,56.666666666666664,4,13.333333333333334,6,20.0,0,0.0,0,0.0,3,10.0
72,False,2.6,1.9078784028338913,2.0,2.0,76.66666666666667,76.66666666666667,80.0,12,40.0,8,26.666666666666668,3,10.0,0,0.0,1,3.3333333333333335,6,20.0,2.1333333333333333,1.8208667044996885,1.0,2.0,80.0,83.33333333333334,86.66666666666667,20,66.66666666666666,1,3.3333333333333335,3,10.0,1,3.3333333333333335,1,3.3333333333333335,4,13.333333333333334,2.533333333333333,1.9447936194419764,2.0,2.0,76.66666666666667,76.66666666666667,80.0,14,46.666666666666664,6,20.0,3,10.0,0,0.0,1,3.3333333333333335,6,20.0,2.7586206896551726,2.1600634156366656,1.0,5.0,65.51724137931035,72.41379310344827,72.41379310344827,15,51.724137931034484,3,10.344827586206897,1,3.4482758620689653,2,6.896551724137931,0,0.0,8,27.586206896551722
73,True,1.9333333333333333,1.412641340027806,1.0,1.0,90.0,90.0,93.33333333333333,16,53.333333333333336,8,26.666666666666668,3,10.0,0,0.0,1,3.3333333333333335,2,6.666666666666667,1.9333333333333333,1.787611690372256,1.0,0.75,83.33333333333334,83.33333333333334,86.66666666666667,22,73.33333333333333,2,6.666666666666667,1,3.3333333333333335,0,0.0,1,3.3333333333333335,4,13.333333333333334,1.9333333333333333,1.6519348924485153,1.0,1.0,83.33333333333334,86.66666666666667,90.0,20,66.66666666666666,4,13.333333333333334,1,3.3333333333333335,1,3.3333333333333335,1,3.3333333333333335,3,10.0,2.7,2.06801031589948,1.0,3.75,63.33333333333333,73.33333333333333,80.0,16,53.333333333333336,2,6.666666666666667,1,3.3333333333333335,3,10.0,2,6.666666666666667,6,20.0
74,False,2.2,1.3266499161421599,2.0,2.0,90.0,93.33333333333333,93.33333333333333,11,36.666666666666664,9,30.0,7,23.333333333333332,1,3.3333333333333335,0,0.0,2,6.666666666666667,2.1,1.7578395831246945,1.0,1.0,83.33333333333334,83.33333333333334,86.66666666666667,18,60.0,5,16.666666666666664,2,6.666666666666667,0,0.0,1,3.3333333333333335,4,13.333333333333334,2.1333333333333333,1.6275407487644937,1.0,1.75,83.33333333333334,86.66666666666667,90.0,16,53.333333333333336,6,20.0,3,10.0,1,3.3333333333333335,1,3.3333333333333335,3,10.0,3.033333333333333,2.0572365498945966,2.0,4.75,63.33333333333333,70.0,73.33333333333333,11,36.666666666666664,5,16.666666666666664,3,10.0,2,6.666666666666667,1,3.3333333333333335,8,26.666666666666668
75,True,2.066666666666667,1.5260697523012796,1.5,1.0,83.33333333333334,86.66666666666667,93.33333333333333,15,50.0,9,30.0,1,3.3333333333333335,1,3.3333333333333335,2,6.666666666666667,2,6.666666666666667,1.7666666666666666,1.5638272140986536,1.0,0.75,86.66666666666667,90.0,90.0,22,73.33333333333333,3,10.0,1,3.3333333333333335,1,3.3333333333333335,0,0.0,3,10.0,1.8,1.5577761927397231,1.0,1.0,86.66666666666667,90.0,90.0,21,70.0,4,13.333333333333334,1,3.3333333333333335,1,3.3333333333333335,0,0.0,3,10.0,2.2333333333333334,1.8015425489162213,1.5,1.0,80.0,83.33333333333334,83.33333333333334,15,50.0,9,30.0,0,0.0,1,3.3333333333333335,0,0.0,5,16.666666666666664
76,True,2.466666666666667,1.7269111795984826,2.0,2.0,76.66666666666667,86.66666666666667,86.66666666666667,14,46.666666666666664,3,10.0,6,20.0,3,10.0,0,0.0,4,13.333333333333334,1.9666666666666666,1.5807874268505833,1.0,1.75,86.66666666666667,90.0,90.0,19,63.33333333333333,3,10.0,4,13.333333333333334,1,3.3333333333333335,0,0.0,3,10.0,2.3666666666666667,1.8162843634433703,1.5,2.0,76.66666666666667,80.0,86.66666666666667,15,50.0,6,20.0,2,6.666666666666667,1,3.3333333333333335,2,6.666666666666667,4,13.333333333333334,2.6333333333333333,1.9232495649002208,2.0,2.0,76.66666666666667,76.66666666666667,80.0,13,43.333333333333336,5,16.666666666666664,5,16.666666666666664,0,0.0,1,3.3333333333333335,6,20.0
77,True,2.033333333333333,1.6428295373802142,1.0,1.0,86.66666666666667,86.66666666666667,86.66666666666667,16,53.333333333333336,9,30.0,1,3.3333333333333335,0,0.0,0,0.0,4,13.333333333333334,1.8666666666666667,1.667999467092907,1.0,1.0,86.66666666666667,86.66666666666667,86.66666666666667,20,66.66666666666666,6,20.0,0,0.0,0,0.0,0,0.0,4,13.333333333333334,1.6333333333333333,1.1100550536897809,1.0,1.0,93.33333333333333,96.66666666666667,96.66666666666667,19,63.33333333333333,7,23.333333333333332,2,6.666666666666667,1,3.3333333333333335,0,0.0,1,3.3333333333333335,1.8,1.1661903789690602,1.0,1.0,90.0,96.66666666666667,96.66666666666667,16,53.333333333333336,9,30.0,2,6.666666666666667,2,6.666666666666667,0,0.0,1,3.3333333333333335
78,False,2.6666666666666665,1.6397831834998458,2.0,2.0,80.0,83.33333333333334,86.66666666666667,9,30.0,7,23.333333333333332,8,26.666666666666668,1,3.3333333333333335,1,3.3333333333333335,4,13.333333333333334,2.1,1.535143858622594,1.5,1.75,86.66666666666667,90.0,90.0,15,50.0,7,23.333333333333332,4,13.333333333333334,1,3.3333333333333335,0,0.0,3,10.0,2.5,1.875277757204694,2.0,1.75,76.66666666666667,80.0,80.0,12,40.0,10,33.33333333333333,1,3.3333333333333335,1,3.3333333333333335,0,0.0,6,20.0,2.6666666666666665,1.6996731711975948,2.0,3.0,70.0,86.66666666666667,86.66666666666667,11,36.666666666666664,5,16.666666666666664,5,16.666666666666664,5,16.666666666666664,0,0.0,4,13.333333333333334
79,True,2.2666666666666666,1.5040685563571303,2.0,1.75,83.33333333333334,90.0,90.0,11,36.666666666666664,11,36.666666666666664,3,10.0,2,6.666666666666667,0,0.0,3,10.0,1.9666666666666666,1.4019827229875392,1.0,1.0,86.66666666666667,93.33333333333333,93.33333333333333,16,53.333333333333336,7,23.333333333333332,3,10.0,2,6.666666666666667,0,0.0,2,6.666666666666667,2.3333333333333335,1.6397831834998458,2.0,2.0,83.33333333333334,86.66666666666667,86.66666666666667,12,40.0,9,30.0,4,13.333333333333334,1,3.3333333333333335,0,0.0,4,13.333333333333334,2.6333333333333333,1.7026123718829511,2.0,2.75,73.33333333333333,83.33333333333334,86.66666666666667,10,33.33333333333333,8,26.666666666666668,4,13.333333333333334,3,10.0,1,3.3333333333333335,4,13.333333333333334
80,True,2.3333333333333335,1.4681810363696828,2.0,2.0,86.66666666666667,90.0,90.0,10,33.33333333333333,10,33.33333333333333,6,20.0,1,3.3333333333333335,0,0.0,3,10.0,1.9333333333333333,1.4817407180595248,1.0,1.0,86.66666666666667,90.0,93.33333333333333,18,60.0,5,16.666666666666664,3,10.0,1,3.3333333333333335,1,3.3333333333333335,2,6.666666666666667,2.2333333333333334,1.8015425489162213,1.0,1.75,83.33333333333334,83.33333333333334,83.33333333333334,16,53.333333333333336,6,20.0,3,10.0,0,0.0,0,0.0,5,16.666666666666664,2.4,1.5620499351813306,2.0,2.0,83.33333333333334,86.66666666666667,90.0,11,36.666666666666664,8,26.666666666666668,6,20.0,1,3.3333333333333335,1,3.3333333333333335,3,10.0
81,False,2.4,1.7435595774162693,2.0,2.0,83.33333333333334,83.33333333333334,83.33333333333334,12,40.0,9,30.0,4,13.333333333333334,0,0.0,0,0.0,5,16.666666666666664,2.2,1.8147543451754935,1.0,1.75,83.33333333333334,83.33333333333334,83.33333333333334,17,56.666666666666664,5,16.666666666666664,3,10.0,0,0.0,0,0.0,5,16.666666666666664,2.2333333333333334,1.6669999666733317,2.0,1.75,83.33333333333334,86.66666666666667,86.66666666666667,14,46.666666666666664,8,26.666666666666668,3,10.0,1,3.3333333333333335,0,0.0,4,13.333333333333334,3.0,2.160246899469287,2.0,5.0,66.66666666666666,66.66666666666666,70.0,13,43.333333333333336,3,10.0,4,13.333333333333334,0,0.0,1,3.3333333333333335,9,30.0
82,True,2.1666666666666665,1.4851112939963642,2.0,2.0,83.33333333333334,90.0,93.33333333333333,14,46.666666666666664,7,23.333333333333332,4,13.333333333333334,2,6.666666666666667,1,3.3333333333333335,2,6.666666666666667,1.9666666666666666,1.601735170231195,1.0,1.0,83.33333333333334,90.0,90.0,19,63.33333333333333,4,13.333333333333334,2,6.666666666666667,2,6.666666666666667,0,0.0,3,10.0,2.0,1.61245154965971,1.0,1.75,83.33333333333334,90.0,90.0,19,63.33333333333333,3,10.0,3,10.0,2,6.666666666666667,0,0.0,3,10.0,2.1333333333333333,1.6478942792411033,1.0,2.0,83.33333333333334,86.66666666666667,90.0,17,56.666666666666664,4,13.333333333333334,4,13.333333333333334,1,3.3333333333333335,1,3.3333333333333335,3,10.0
83,False,2.1333333333333333,1.746106780494506,1.0,1.75,80.0,86.66666666666667,86.66666666666667,18,60.0,4,13.333333333333334,2,6.666666666666667,2,6.666666666666667,0,0.0,4,13.333333333333334,1.9,1.7387735140993301,1.0,0.75,83.33333333333334,86.66666666666667,86.66666666666667,22,73.33333333333333,2,6.666666666666667,1,3.3333333333333335,1,3.3333333333333335,0,0.0,4,13.333333333333334,2.066666666666667,1.806162291219209,1.0,1.0,80.0,83.33333333333334,86.66666666666667,20,66.66666666666666,3,10.0,1,3.3333333333333335,1,3.3333333333333335,1,3.3333333333333335,4,13.333333333333334,2.2333333333333334,1.8015425489162213,1.0,1.75,76.66666666666667,83.33333333333334,86.66666666666667,17,56.666666666666664,5,16.666666666666664,1,3.3333333333333335,2,6.666666666666667,1,3.3333333333333335,4,13.333333333333334
84,True,2.3666666666666667,1.74132771821453,2.0,2.0,80.0,83.33333333333334,86.66666666666667,14,46.666666666666664,6,20.0,4,13.333333333333334,1,3.3333333333333335,1,3.3333333333333335,4,13.333333333333334,2.1,1.7387735140993301,1.0,2.0,83.33333333333334,86.66666666666667,86.66666666666667,19,63.33333333333333,2,6.666666666666667,4,13.333333333333334,1,3.3333333333333335,0,0.0,4,13.333333333333334,2.1666666666666665,1.674979270186815,1.0,2.0,86.66666666666667,86.66666666666667,86.66666666666667,16,53.333333333333336,5,16.666666666666664,5,16.666666666666664,0,0.0,0,0.0,4,13.333333333333334,2.3666666666666667,1.7220788470785986,1.0,2.75,73.33333333333333,86.66666666666667,90.0,16,53.333333333333336,2,6.666666666666667,4,13.333333333333334,4,13.333333333333334,1,3.3333333333333335,3,10.0
85,True,2.033333333333333,1.251221625274897,2.0,1.75,90.0,93.33333333333333,96.66666666666667,13,43.333333333333336,9,30.0,5,16.666666666666664,1,3.3333333333333335,1,3.3333333333333335,1,3.3333333333333335,1.6666666666666667,1.2736648783028532,1.0,1.0,93.33333333333333,93.33333333333333,93.33333333333333,19,63.33333333333333,8,26.666666666666668,1,3.3333333333333335,0,0.0,0,0.0,2,6.666666666666667,2.2333333333333334,1.8740923729160797,1.0,1.75,76.66666666666667,83.33333333333334,83.33333333333334,18,60.0,4,13.333333333333334,1,3.3333333333333335,2,6.666666666666667,0,0.0,5,16.666666666666664,2.2666666666666666,1.6316317667360556,2.0,1.0,76.66666666666667,86.66666666666667,90.0,13,43.333333333333336,10,33.33333333333333,0,0.0,3,10.0,1,3.3333333333333335,3,10.0
86,True,2.3,1.5524174696260022,2.0,2.0,83.33333333333334,83.33333333333334,93.33333333333333,12,40.0,9,30.0,4,13.333333333333334,0,0.0,3,10.0,2,6.666666666666667,2.033333333333333,1.5162087220725546,1.0,1.0,86.66666666666667,86.66666666666667,93.33333333333333,16,53.333333333333336,7,23.333333333333332,3,10.0,0,0.0,2,6.666666666666667,2,6.666666666666667,1.9666666666666666,1.3780017739062924,1.0,1.75,90.0,93.33333333333333,93.33333333333333,16,53.333333333333336,6,20.0,5,16.666666666666664,1,3.3333333333333335,0,0.0,2,6.666666666666667,2.466666666666667,1.7269111795984826,2.0,2.0,83.33333333333334,83.33333333333334,83.33333333333334,11,36.666666666666664,9,30.0,5,16.666666666666664,0,0.0,0,0.0,5,16.666666666666664
87,False,2.1333333333333333,1.384035966135113,2.0,1.75,90.0,90.0,93.33333333333333,12,40.0,10,33.33333333333333,5,16.666666666666664,0,0.0,1,3.3333333333333335,2,6.666666666666667,2.033333333333333,1.7220788470785986,1.0,1.0,83.33333333333334,86.66666666666667,86.66666666666667,19,63.33333333333333,4,13.333333333333334,2,6.666666666666667,1,3.3333333333333335,0,0.0,4,13.333333333333334,2.1,1.7767010628315238,1.0,1.75,83.33333333333334,83.33333333333334,86.66666666666667,19,63.33333333333333,3,10.0,3,10.0,0,0.0,1,3.3333333333333335,4,13.333333333333334,2.6,1.781385228784985,2.0,2.0,80.0,80.0,83.33333333333334,11,36.666666666666664,7,23.333333333333332,6,20.0,0,0.0,1,3.3333333333333335,5,16.666666666666664
88,True,1.9666666666666666,1.5162087220725546,1.0,1.0,83.33333333333334,90.0,93.33333333333333,18,60.0,5,16.666666666666664,2,6.666666666666667,2,6.666666666666667,1,3.3333333333333335,2,6.666666666666667,1.9333333333333333,1.5260697523012794,1.0,1.0,83.33333333333334,90.0,93.33333333333333,19,63.33333333333333,4,13.333333333333334,2,6.666666666666667,2,6.666666666666667,1,3.3333333333333335,2,6.666666666666667,2.0,1.5275252316519468,1.0,1.75,83.33333333333334,90.0,93.33333333333333,18,60.0,4,13.333333333333334,3,10.0,2,6.666666666666667,1,3.3333333333333335,2,6.666666666666667,2.1333333333333333,1.7074997966487597,1.0,1.0,80.0,83.33333333333334,90.0,17,56.666666666666664,6,20.0,1,3.3333333333333335,1,3.3333333333333335,2,6.666666666666667,3,10.0
89,False,2.7666666666666666,1.8740923729160794,2.0,3.0,70.0,76.66666666666667,83.33333333333334,12,40.0,4,13.333333333333334,5,16.666666666666664,2,6.666666666666667,2,6.666666666666667,5,16.666666666666664,1.9666666666666666,1.7026123718829513,1.0,1.0,86.66666666666667,86.66666666666667,86.66666666666667,20,66.66666666666666,3,10.0,3,10.0,0,0.0,0,0.0,4,13.333333333333334,2.033333333333333,1.7413277182145301,1.0,1.75,83.33333333333334,86.66666666666667,86.66666666666667,20,66.66666666666666,2,6.666666666666667,3,10.0,1,3.3333333333333335,0,0.0,4,13.333333333333334,2.2,1.5790292376436015,1.5,2.0,83.33333333333334,90.0,90.0,15,50.0,5,16.666666666666664,5,16.666666666666664,2,6.666666666666667,0,0.0,3,10.0
90,False,2.6666666666666665,1.5986105077709065,2.0,1.75,76.66666666666667,86.66666666666667,86.66666666666667,8,26.666666666666668,9,30.0,6,20.0,3,10.0,0,0.0,4,13.333333333333334,2.3666666666666667,1.7792008193443358,1.5,2.0,76.66666666666667,83.33333333333334,86.66666666666667,15,50.0,5,16.666666666666664,3,10.0,2,6.666666666666667,1,3.3333333333333335,4,13.333333333333334,2.5,1.875277757204694,1.5,3.0,70.0,83.33333333333334,83.33333333333334,15,50.0,4,13.333333333333334,2,6.666666666666667,4,13.333333333333334,0,0.0,5,16.666666666666664,2.6666666666666665,1.7191729277636836,2.0,2.75,73.33333333333333,83.33333333333334,86.66666666666667,11,36.666666666666664,5,16.666666666666664,6,20.0,3,10.0,1,3.3333333333333335,4,13.333333333333334
91,True,2.5,1.6072751268321592,2.0,2.0,80.0,83.33333333333334,90.0,10,33.33333333333333,9,30.0,5,16.666666666666664,1,3.3333333333333335,2,6.666666666666667,3,10.0,2.0,1.6532795690182993,1.0,1.0,83.33333333333334,86.66666666666667,90.0,19,63.33333333333333,4,13.333333333333334,2,6.666666666666667,1,3.3333333333333335,1,3.3333333333333335,3,10.0,2.066666666666667,1.6316317667360556,1.0,1.0,83.33333333333334,86.66666666666667,90.0,17,56.666666666666664,6,20.0,2,6.666666666666667,1,3.3333333333333335,1,3.3333333333333335,3,10.0,2.8333333333333335,1.771690968789108,2.0,3.75,66.66666666666666,73.33333333333333,90.0,10,33.33333333333333,6,20.0,4,13.333333333333334,2,6.666666666666667,5,16.666666666666664,3,10.0
92,False,2.2,1.2220201853215573,2.0,1.75,86.66666666666667,93.33333333333333,96.66666666666667,9,30.0,13,43.333333333333336,4,13.333333333333334,2,6.666666666666667,1,3.3333333333333335,1,3.3333333333333335,2.033333333333333,1.4940623220676648,1.5,1.0,86.66666666666667,86.66666666666667,93.33333333333333,15,50.0,9,30.0,2,6.666666666666667,0,0.0,2,6.666666666666667,2,6.666666666666667,2.2,1.6411378166788229,2.0,1.0,83.33333333333334,83.33333333333334,90.0,14,46.666666666666664,9,30.0,2,6.666666666666667,0,0.0,2,6.666666666666667,3,10.0,2.2666666666666666,1.5040685563571303,2.0,1.75,83.33333333333334,90.0,90.0,11,36.666666666666664,11,36.666666666666664,3,10.0,2,6.666666666666667,0,0.0,3,10.0
93,True,2.6333333333333333,1.7603661235347856,2.0,2.0,76.66666666666667,80.0,86.66666666666667,12,40.0,4,13.333333333333334,7,23.333333333333332,1,3.3333333333333335,2,6.666666666666667,4,13.333333333333334,2.3,1.8284784202536635,1.0,2.0,80.0,83.33333333333334,83.33333333333334,16,53.333333333333336,5,16.666666666666664,3,10.0,1,3.3333333333333335,0,0.0,5,16.666666666666664,2.4,1.6852299546352716,2.0,2.0,80.0,86.66666666666667,86.66666666666667,13,43.333333333333336,6,20.0,5,16.666666666666664,2,6.666666666666667,0,0.0,4,13.333333333333334,2.5,1.8027756377319946,2.0,3.0,70.0,83.33333333333334,86.66666666666667,14,46.666666666666664,5,16.666666666666664,2,6.666666666666667,4,13.333333333333334,1,3.3333333333333335,4,13.333333333333334
94,False,2.8666666666666667,1.9102065042525873,2.0,4.0,70.0,70.0,83.33333333333334,11,36.666666666666664,5,16.666666666666664,5,16.666666666666664,0,0.0,4,13.333333333333334,5,16.666666666666664,2.433333333333333,2.044233080861595,1.0,2.75,73.33333333333333,76.66666666666667,80.0,19,63.33333333333333,0,0.0,3,10.0,1,3.3333333333333335,1,3.3333333333333335,6,20.0,2.566666666666667,1.9779338265529063,1.5,2.75,73.33333333333333,76.66666666666667,80.0,15,50.0,4,13.333333333333334,3,10.0,1,3.3333333333333335,1,3.3333333333333335,6,20.0,2.7666666666666666,2.0765890836230025,1.5,4.0,63.33333333333333,70.0,80.0,15,50.0,3,10.0,1,3.3333333333333335,2,6.666666666666667,3,10.0,6,20.0
95,True,2.2333333333333334,1.358512258154322,2.0,1.75,83.33333333333334,93.33333333333333,93.33333333333333,10,33.33333333333333,12,40.0,3,10.0,3,10.0,0,0.0,2,6.666666666666667,2.0,1.570562531918633,1.0,1.0,86.66666666666667,86.66666666666667,90.0,16,53.333333333333336,9,30.0,1,3.3333333333333335,0,0.0,1,3.3333333333333335,3,10.0,2.3666666666666667,1.7603661235347858,1.5,2.0,76.66666666666667,80.0,90.0,15,50.0,5,16.666666666666664,3,10.0,1,3.3333333333333335,3,10.0,3,10.0,2.6666666666666665,1.6799470891138868,2.0,2.75,73.33333333333333,83.33333333333334,86.66666666666667,9,30.0,9,30.0,4,13.333333333333334,3,10.0,1,3.3333333333333335,4,13.333333333333334
96,True,2.2333333333333334,1.54236470683457,2.0,2.0,86.66666666666667,90.0,90.0,14,46.666666666666664,5,16.666666666666664,7,23.333333333333332,1,3.3333333333333335,0,0.0,3,10.0,2.1333333333333333,1.7269111795984824,1.0,2.0,83.33333333333334,86.66666666666667,86.66666666666667,18,60.0,3,10.0,4,13.333333333333334,1,3.3333333333333335,0,0.0,4,13.333333333333334,2.4,1.854723699099141,1.0,2.0,76.66666666666667,83.33333333333334,83.33333333333334,16,53.333333333333336,3,10.0,4,13.333333333333334,2,6.666666666666667,0,0.0,5,16.666666666666664,2.3333333333333335,1.8318175552045448,1.0,2.0,80.0,83.33333333333334,83.33333333333334,16,53.333333333333336,4,13.333333333333334,4,13.333333333333334,1,3.3333333333333335,0,0.0,5,16.666666666666664
97,True,2.3,1.46401275039985,2.0,2.0,86.66666666666667,90.0,90.0,10,33.33333333333333,11,36.666666666666664,5,16.666666666666664,1,3.3333333333333335,0,0.0,3,10.0,2.1,1.6802777548171413,1.0,1.75,86.66666666666667,86.66666666666667,86.66666666666667,17,56.666666666666664,5,16.666666666666664,4,13.333333333333334,0,0.0,0,0.0,4,13.333333333333334,2.433333333333333,1.92671280221579,1.5,2.0,76.66666666666667,80.0,80.0,15,50.0,6,20.0,2,6.666666666666667,1,3.3333333333333335,0,0.0,6,20.0,2.6333333333333333,1.7413277182145301,2.0,2.75,73.33333333333333,80.0,86.66666666666667,10,33.33333333333333,9,30.0,3,10.0,2,6.666666666666667,2,6.666666666666667,4,13.333333333333334
98,False,2.433333333333333,1.7259457954666158,2.0,2.0,80.0,83.33333333333334,86.66666666666667,13,43.333333333333336,6,20.0,5,16.666666666666664,1,3.3333333333333335,1,3.3333333333333335,4,13.333333333333334,2.066666666666667,1.730767331432956,1.0,1.75,83.33333333333334,86.66666666666667,86.66666666666667,19,63.33333333333333,3,10.0,3,10.0,1,3.3333333333333335,0,0.0,4,13.333333333333334,2.3,1.8645821694595994,1.0,2.0,76.66666666666667,83.33333333333334,83.33333333333334,17,56.666666666666664,4,13.333333333333334,2,6.666666666666667,2,6.666666666666667,0,0.0,5,16.666666666666664,2.466666666666667,1.892675942210452,1.0,2.0,76.66666666666667,80.0,83.33333333333334,16,53.333333333333336,2,6.666666666666667,5,16.666666666666664,1,3.3333333333333335,1,3.3333333333333335,5,16.666666666666664
99,False,2.433333333333333,1.7829438827088442,2.0,2.0,76.66666666666667,80.0,86.66666666666667,13,43.333333333333336,8,26.666666666666668,2,6.666666666666667,1,3.3333333333333335,2,6.666666666666667,4,13.333333333333334,2.066666666666667,1.8607047649270485,1.0,1.0,80.0,83.33333333333334,83.33333333333334,20,66.66666666666666,4,13.333333333333334,0,0.0,1,3.3333333333333335,0,0.0,5,16.666666666666664,2.2,1.8867962264113207,1.0,1.75,76.66666666666667,83.33333333333334,83.33333333333334,19,63.33333333333333,3,10.0,1,3.3333333333333335,2,6.666666666666667,0,0.0,5,16.666666666666664,2.3333333333333335,1.6599866130651644,2.0,2.0,80.0,83.33333333333334,90.0,13,43.333333333333336,8,26.666666666666668,3,10.0,1,3.3333333333333335,2,6.666666666666667,3,10.0
100,False,2.966666666666667,2.008039397577204,2.0,4.75,70.0,70.0,73.33333333333333,9,30.0,9,30.0,3,10.0,0,0.0,1,3.3333333333333335,8,26.666666666666668,2.1333333333333333,1.7074997966487595,1.0,1.75,76.66666666666667,86.66666666666667,90.0,18,60.0,4,13.333333333333334,1,3.3333333333333335,3,10.0,1,3.3333333333333335,3,10.0,2.3666666666666667,1.834545054108935,1.0,2.0,76.66666666666667,80.0,86.66666666666667,16,53.333333333333336,4,13.333333333333334,3,10.0,1,3.3333333333333335,2,6.666666666666667,4,13.333333333333334,2.466666666666667,1.765093639316497,2.0,2.75,73.33333333333333,83.33333333333334,86.66666666666667,13,43.333333333333336,7,23.333333333333332,2,6.666666666666667,3,10.0,1,3.3333333333333335,4,13.333333333333334
101,True,1.9,1.16476034731041,1.5,1.75,93.33333333333333,96.66666666666667,96.66666666666667,15,50.0,7,23.333333333333332,6,20.0,1,3.3333333333333335,0,0.0,1,3.3333333333333335,2.033333333333333,1.7978382080215733,1.0,1.0,80.0,83.33333333333334,86.66666666666667,20,66.66666666666666,4,13.333333333333334,0,0.0,1,3.3333333333333335,1,3.3333333333333335,4,13.333333333333334,1.9666666666666666,1.7026123718829511,1.0,1.0,86.66666666666667,86.66666666666667,86.66666666666667,20,66.66666666666666,3,10.0,3,10.0,0,0.0,0,0.0,4,13.333333333333334,2.8666666666666667,2.093375795747678,2.0,4.75,70.0,70.0,73.33333333333333,13,43.333333333333336,4,13.333333333333334,4,13.333333333333334,0,0.0,1,3.3333333333333335,8,26.666666666666668
102,True,2.433333333333333,1.5849991237291652,2.0,2.0,76.66666666666667,90.0,90.0,12,40.0,6,20.0,5,16.666666666666664,4,13.333333333333334,0,0.0,3,10.0,1.9333333333333333,1.6316317667360554,1.0,1.0,86.66666666666667,86.66666666666667,90.0,20,66.66666666666666,3,10.0,3,10.0,0,0.0,1,3.3333333333333335,3,10.0,2.0,1.632993161855452,1.0,1.0,83.33333333333334,86.66666666666667,90.0,18,60.0,6,20.0,1,3.3333333333333335,1,3.3333333333333335,1,3.3333333333333335,3,10.0,2.433333333333333,1.7829438827088442,1.5,2.0,76.66666666666667,83.33333333333334,86.66666666666667,15,50.0,3,10.0,5,16.666666666666664,2,6.666666666666667,1,3.3333333333333335,4,13.333333333333334
103,True,2.3666666666666667,1.559558342038611,2.0,2.0,80.0,90.0,90.0,12,40.0,7,23.333333333333332,5,16.666666666666664,3,10.0,0,0.0,3,10.0,1.9,1.6603212540549697,1.0,1.0,83.33333333333334,86.66666666666667,90.0,21,70.0,3,10.0,1,3.3333333333333335,1,3.3333333333333335,1,3.3333333333333335,3,10.0,2.033333333333333,1.7413277182145301,1.0,1.0,80.0,86.66666666666667,86.66666666666667,19,63.33333333333333,5,16.666666666666664,0,0.0,2,6.666666666666667,0,0.0,4,13.333333333333334,2.1666666666666665,1.5509853498842454,1.0,2.0,80.0,90.0,93.33333333333333,16,53.333333333333336,4,13.333333333333334,4,13.333333333333334,3,10.0,1,3.3333333333333335,2,6.666666666666667
104,True,2.1,1.3253930234714029,2.0,1.75,90.0,93.33333333333333,93.33333333333333,12,40.0,10,33.33333333333333,5,16.666666666666664,1,3.3333333333333335,0,0.0,2,6.666666666666667,1.8666666666666667,1.499629583893599,1.0,1.0,90.0,90.0,90.0,18,60.0,7,23.333333333333332,2,6.666666666666667,0,0.0,0,0.0,3,10.0,2.066666666666667,1.6519348924485155,1.0,1.0,86.66666666666667,86.66666666666667,86.66666666666667,16,53.333333333333336,8,26.666666666666668,2,6.666666666666667,0,0.0,0,0.0,4,13.333333333333334,2.533333333333333,1.627540748764494,2.0,2.0,80.0,86.66666666666667,86.66666666666667,10,33.33333333333333,8,26.666666666666668,6,20.0,2,6.666666666666667,0,0.0,4,13.333333333333334
105,True,1.9666666666666666,1.53803626600791,1.0,1.0,86.66666666666667,90.0,90.0,17,56.666666666666664,7,23.333333333333332,2,6.666666666666667,1,3.3333333333333335,0,0.0,3,10.0,1.6666666666666667,1.4220486005134358,1.0,0.75,90.0,90.0,93.33333333333333,22,73.33333333333333,4,13.333333333333334,1,3.3333333333333335,0,0.0,1,3.3333333333333335,2,6.666666666666667,2.2333333333333334,1.9267128022157902,1.0,1.75,76.66666666666667,80.0,83.33333333333334,19,63.33333333333333,3,10.0,1,3.3333333333333335,1,3.3333333333333335,1,3.3333333333333335,5,16.666666666666664,2.2,1.8147543451754935,1.0,1.75,83.33333333333334,83.33333333333334,83.33333333333334,17,56.666666666666664,5,16.666666666666664,3,10.0,0,0.0,0,0.0,5,16.666666666666664
106,True,2.433333333333333,1.6669999666733315,2.0,2.0,80.0,86.66666666666667,86.66666666666667,12,40.0,7,23.333333333333332,5,16.666666666666664,2,6.666666666666667,0,0.0,4,13.333333333333334,1.8666666666666667,1.564892612574067,1.0,1.0,86.66666666666667,90.0,90.0,20,66.66666666666666,4,13.333333333333334,2,6.666666666666667,1,3.3333333333333335,0,0.0,3,10.0,1.8,1.3515423288475528,1.0,1.0,90.0,93.33333333333333,93.33333333333333,18,60.0,7,23.333333333333332,2,6.666666666666667,1,3.3333333333333335,0,0.0,2,6.666666666666667,2.1333333333333333,1.586050300449376,1.0,2.0,83.33333333333334,90.0,90.0,16,53.333333333333336,5,16.666666666666664,4,13.333333333333334,2,6.666666666666667,0,0.0,3,10.0
107,False,2.3,1.5947831618540917,2.0,2.0,83.33333333333334,86.66666666666667,90.0,13,43.333333333333336,7,23.333333333333332,5,16.666666666666664,1,3.3333333333333335,1,3.3333333333333335,3,10.0,1.9333333333333333,1.5260697523012796,1.0,1.0,86.66666666666667,90.0,90.0,17,56.666666666666664,8,26.666666666666668,1,3.3333333333333335,1,3.3333333333333335,0,0.0,3,10.0,2.1333333333333333,1.6679994670929073,1.0,1.75,86.66666666666667,86.66666666666667,86.66666666666667,16,53.333333333333336,6,20.0,4,13.333333333333334,0,0.0,0,0.0,4,13.333333333333334,2.533333333333333,1.9275776393067947,2.0,2.0,76.66666666666667,76.66666666666667,80.0,13,43.333333333333336,8,26.666666666666668,2,6.666666666666667,0,0.0,1,3.3333333333333335,6,20.0
108,True,2.466666666666667,1.4544949486180951,2.0,2.0,86.66666666666667,90.0,90.0,9,30.0,8,26.666666666666668,9,30.0,1,3.3333333333333335,0,0.0,3,10.0,2.2666666666666666,1.7113996870657915,1.5,2.0,80.0,86.66666666666667,86.66666666666667,15,50.0,6,20.0,3,10.0,2,6.666666666666667,0,0.0,4,13.333333333333334,2.2666666666666666,1.5477582354991866,2.0,1.75,80.0,90.0,90.0,12,40.0,10,33.33333333333333,2,6.666666666666667,3,10.0,0,0.0,3,10.0,2.8333333333333335,1.8089284734953512,2.0,3.0,70.0,76.66666666666667,83.33333333333334,9,30.0,8,26.666666666666668,4,13.333333333333334,2,6.666666666666667,2,6.666666666666667,5,16.666666666666664
109,True,2.2,1.1944315244779278,2.0,2.0,83.33333333333334,96.66666666666667,100.0,12,40.0,6,20.0,7,23.333333333333332,4,13.333333333333334,1,3.3333333333333335,0,0.0,2.0,1.632993161855452,1.0,1.0,83.33333333333334,86.66666666666667,90.0,18,60.0,6,20.0,1,3.3333333333333335,1,3.3333333333333335,1,3.3333333333333335,3,10.0,2.2666666666666666,1.7499206331208919,1.0,2.0,76.66666666666667,86.66666666666667,86.66666666666667,16,53.333333333333336,5,16.666666666666664,2,6.666666666666667,3,10.0,0,0.0,4,13.333333333333334,2.7,1.8101565309847285,2.0,2.75,73.33333333333333,80.0,83.33333333333334,11,36.666666666666664,6,20.0,5,16.666666666666664,2,6.666666666666667,1,3.3333333333333335,5,16.666666666666664
110,False,2.2,1.7009801096230763,1.5,1.0,80.0,86.66666666666667,86.66666666666667,15,50.0,8,26.666666666666668,1,3.3333333333333335,2,6.666666666666667,0,0.0,4,13.333333333333334,1.8666666666666667,1.564892612574067,1.0,1.0,80.0,90.0,93.33333333333333,21,70.0,3,10.0,0,0.0,3,10.0,1,3.3333333333333335,2,6.666666666666667,2.6333333333333333,2.0893911925619757,1.0,3.75,70.0,73.33333333333333,76.66666666666667,16,53.333333333333336,3,10.0,2,6.666666666666667,1,3.3333333333333335,1,3.3333333333333335,7,23.333333333333332,2.433333333333333,1.8199511592958264,2.0,2.0,76.66666666666667,83.33333333333334,83.33333333333334,14,46.666666666666664,6,20.0,3,10.0,2,6.666666666666667,0,0.0,5,16.666666666666664
111,True,2.3,1.2151817422372122,2.0,2.0,83.33333333333334,96.66666666666667,96.66666666666667,9,30.0,10,33.33333333333333,6,20.0,4,13.333333333333334,0,0.0,1,3.3333333333333335,2.066666666666667,1.730767331432956,1.0,1.0,80.0,86.66666666666667,86.66666666666667,18,60.0,6,20.0,0,0.0,2,6.666666666666667,0,0.0,4,13.333333333333334,2.3,1.8101565309847285,1.5,1.0,76.66666666666667,80.0,86.66666666666667,15,50.0,8,26.666666666666668,0,0.0,1,3.3333333333333335,2,6.666666666666667,4,13.333333333333334,2.2,1.6812693617224654,1.5,1.75,83.33333333333334,86.66666666666667,86.66666666666667,15,50.0,7,23.333333333333332,3,10.0,1,3.3333333333333335,0,0.0,4,13.333333333333334
112,False,2.533333333333333,1.6478942792411033,2.0,2.0,76.66666666666667,83.33333333333334,90.0,11,36.666666666666664,7,23.333333333333332,5,16.666666666666664,2,6.666666666666667,2,6.666666666666667,3,10.0,2.2,1.851125783588643,1.0,1.75,80.0,83.33333333333334,83.33333333333334,18,60.0,4,13.333333333333334,2,6.666666666666667,1,3.3333333333333335,0,0.0,5,16.666666666666664,2.4,1.7435595774162695,2.0,2.75,73.33333333333333,86.66666666666667,86.66666666666667,14,46.666666666666664,6,20.0,2,6.666666666666667,4,13.333333333333334,0,0.0,4,13.333333333333334,2.7,1.6960738977611403,2.0,3.0,66.66666666666666,83.33333333333334,90.0,11,36.666666666666664,5,16.666666666666664,4,13.333333333333334,5,16.666666666666664,2,6.666666666666667,3,10.0
113,False,2.466666666666667,1.687865186822955,2.0,1.75,83.33333333333334,83.33333333333334,83.33333333333334,9,30.0,13,43.333333333333336,3,10.0,0,0.0,0,0.0,5,16.666666666666664,1.7666666666666666,1.3337499349161706,1.0,1.0,90.0,93.33333333333333,93.33333333333333,18,60.0,8,26.666666666666668,1,3.3333333333333335,1,3.3333333333333335,0,0.0,2,6.666666666666667,1.9666666666666666,1.5807874268505833,1.0,1.0,86.66666666666667,86.66666666666667,90.0,17,56.666666666666664,8,26.666666666666668,1,3.3333333333333335,0,0.0,1,3.3333333333333335,3,10.0,3.066666666666667,2.1437246921084703,2.0,5.0,60.0,66.66666666666666,70.0,11,36.666666666666664,7,23.333333333333332,0,0.0,2,6.666666666666667,1,3.3333333333333335,9,30.0
114,True,2.0,1.3165611772087666,1.5,1.75,86.66666666666667,93.33333333333333,96.66666666666667,15,50.0,7,23.333333333333332,4,13.333333333333334,2,6.666666666666667,1,3.3333333333333335,1,3.3333333333333335,1.8666666666666667,1.5860503004493758,1.0,1.0,86.66666666666667,90.0,90.0,21,70.0,2,6.666666666666667,3,10.0,1,3.3333333333333335,0,0.0,3,10.0,1.9,1.3253930234714029,1.0,1.0,86.66666666666667,93.33333333333333,96.66666666666667,17,56.666666666666664,6,20.0,3,10.0,2,6.666666666666667,1,3.3333333333333335,1,3.3333333333333335,2.6333333333333333,2.008039397577204,2.0,2.75,73.33333333333333,76.66666666666667,76.66666666666667,14,46.666666666666664,5,16.666666666666664,3,10.0,1,3.3333333333333335,0,0.0,7,23.333333333333332
115,False,2.2,1.7009801096230763,1.5,1.0,80.0,86.66666666666667,86.66666666666667,15,50.0,8,26.666666666666668,1,3.3333333333333335,2,6.666666666666667,0,0.0,4,13.333333333333334,2.066666666666667,1.8061622912192088,1.0,1.0,80.0,83.33333333333334,86.66666666666667,20,66.66666666666666,3,10.0,1,3.3333333333333335,1,3.3333333333333335,1,3.3333333333333335,4,13.333333333333334,1.9333333333333333,1.5477582354991866,1.0,1.0,86.66666666666667,90.0,90.0,18,60.0,6,20.0,2,6.666666666666667,1,3.3333333333333335,0,0.0,3,10.0,2.3666666666666667,1.9576062480034697,1.0,2.0,76.66666666666667,80.0,80.0,17,56.666666666666664,4,13.333333333333334,2,6.666666666666667,1,3.3333333333333335,0,0.0,6,20.0
116,False,2.5,1.7841898254763513,2.0,2.0,76.66666666666667,83.33333333333334,83.33333333333334,12,40.0,8,26.666666666666668,3,10.0,2,6.666666666666667,0,0.0,5,16.666666666666664,2.1666666666666665,1.7143187827498387,1.0,1.75,80.0,83.33333333333334,90.0,17,56.666666666666664,5,16.666666666666664,2,6.666666666666667,1,3.3333333333333335,2,6.666666666666667,3,10.0,2.466666666666667,1.9447936194419766,1.5,2.75,73.33333333333333,80.0,80.0,15,50.0,6,20.0,1,3.3333333333333335,2,6.666666666666667,0,0.0,6,20.0,2.3333333333333335,1.4681810363696828,2.0,2.0,76.66666666666667,90.0,96.66666666666667,13,43.333333333333336,5,16.666666666666664,5,16.666666666666664,4,13.333333333333334,2,6.666666666666667,1,3.3333333333333335
117,True,2.1666666666666665,1.4851112939963642,1.5,2.0,80.0,93.33333333333333,93.33333333333333,15,50.0,5,16.666666666666664,4,13.333333333333334,4,13.333333333333334,0,0.0,2,6.666666666666667,1.8,1.4696938456699071,1.0,1.0,90.0,90.0,93.33333333333333,21,70.0,2,6.666666666666667,4,13.333333333333334,0,0.0,1,3.3333333333333335,2,6.666666666666667,2.1666666666666665,1.9677962857527254,1.0,1.0,80.0,80.0,80.0,20,66.66666666666666,3,10.0,1,3.3333333333333335,0,0.0,0,0.0,6,20.0,2.2333333333333334,1.6468825769380833,1.0,2.0,80.0,83.33333333333334,93.33333333333333,16,53.333333333333336,4,13.333333333333334,4,13.333333333333334,1,3.3333333333333335,3,10.0,2,6.666666666666667
118,False,2.4,1.685229954635272,2.0,2.0,76.66666666666667,86.66666666666667,86.66666666666667,12,40.0,9,30.0,2,6.666666666666667,3,10.0,0,0.0,4,13.333333333333334,1.9666666666666666,1.7603661235347856,1.0,1.0,83.33333333333334,83.33333333333334,86.66666666666667,20,66.66666666666666,5,16.666666666666664,0,0.0,0,0.0,1,3.3333333333333335,4,13.333333333333334,2.1333333333333333,1.746106780494506,1.0,1.0,83.33333333333334,83.33333333333334,86.66666666666667,17,56.666666666666664,6,20.0,2,6.666666666666667,0,0.0,1,3.3333333333333335,4,13.333333333333334,2.4,1.7243356208503418,2.0,2.0,76.66666666666667,80.0,90.0,13,43.333333333333336,8,26.666666666666668,2,6.666666666666667,1,3.3333333333333335,3,10.0,3,10.0
119,False,2.466666666666667,1.7269111795984826,2.0,2.0,83.33333333333334,83.33333333333334,83.33333333333334,11,36.666666666666664,9,30.0,5,16.666666666666664,0,0.0,0,0.0,5,16.666666666666664,1.9666666666666666,1.5807874268505835,1.0,1.75,86.66666666666667,90.0,90.0,19,63.33333333333333,3,10.0,4,13.333333333333334,1,3.3333333333333335,0,0.0,3,10.0,2.066666666666667,1.671991493864594,1.0,1.0,86.66666666666667,86.66666666666667,86.66666666666667,17,56.666666666666664,6,20.0,3,10.0,0,0.0,0,0.0,4,13.333333333333334,2.9,1.938212234680884,2.0,3.75,70.0,73.33333333333333,76.66666666666667,9,30.0,9,30.0,3,10.0,1,3.3333333333333335,1,3.3333333333333335,7,23.333333333333332
120,True,2.1,1.2476644848141933,2.0,1.0,90.0,90.0,96.66666666666667,10,33.33333333333333,14,46.666666666666664,3,10.0,0,0.0,2,6.666666666666667,1,3.3333333333333335,1.9,1.5132745950421556,1.0,1.0,90.0,90.0,90.0,18,60.0,6,20.0,3,10.0,0,0.0,0,0.0,3,10.0,1.9333333333333333,1.412641340027806,1.0,1.0,90.0,90.0,93.33333333333333,16,53.333333333333336,8,26.666666666666668,3,10.0,0,0.0,1,3.3333333333333335,2,6.666666666666667,2.3,1.7540429489230491,1.5,2.0,80.0,83.33333333333334,86.66666666666667,15,50.0,6,20.0,3,10.0,1,3.3333333333333335,1,3.3333333333333335,4,13.333333333333334
121,False,2.1,1.5351438586225938,2.0,1.0,83.33333333333334,90.0,90.0,14,46.666666666666664,10,33.33333333333333,1,3.3333333333333335,2,6.666666666666667,0,0.0,3,10.0,1.7666666666666666,1.4533486237727762,1.0,1.0,86.66666666666667,90.0,93.33333333333333,20,66.66666666666666,6,20.0,0,0.0,1,3.3333333333333335,1,3.3333333333333335,2,6.666666666666667,1.9666666666666666,1.601735170231195,1.0,1.0,83.33333333333334,90.0,90.0,19,63.33333333333333,4,13.333333333333334,2,6.666666666666667,2,6.666666666666667,0,0.0,3,10.0,2.9,2.103172207246314,2.0,4.0,60.0,70.0,76.66666666666667,14,46.666666666666664,3,10.0,1,3.3333333333333335,3,10.0,2,6.666666666666667,7,23.333333333333332
122,False,2.3666666666666667,1.9745604292826515,1.0,1.0,76.66666666666667,76.66666666666667,80.0,16,53.333333333333336,7,23.333333333333332,0,0.0,0,0.0,1,3.3333333333333335,6,20.0,1.8,1.5577761927397231,1.0,1.0,86.66666666666667,90.0,90.0,21,70.0,4,13.333333333333334,1,3.3333333333333335,1,3.3333333333333335,0,0.0,3,10.0,2.3,1.9519221295943134,1.0,1.75,76.66666666666667,76.66666666666667,83.33333333333334,18,60.0,4,13.333333333333334,1,3.3333333333333335,0,0.0,2,6.666666666666667,5,16.666666666666664,2.7333333333333334,2.1123972690339814,1.5,4.0,66.66666666666666,70.0,76.66666666666667,15,50.0,4,13.333333333333334,1,3.3333333333333335,1,3.3333333333333335,2,6.666666666666667,7,23.333333333333332
123,False,2.566666666666667,1.9267128022157902,2.0,2.0,76.66666666666667,76.66666666666667,80.0,13,43.333333333333336,7,23.333333333333332,3,10.0,0,0.0,1,3.3333333333333335,6,20.0,1.9,1.57797338380595,1.0,1.0,86.66666666666667,90.0,90.0,20,66.66666666666666,3,10.0,3,10.0,1,3.3333333333333335,0,0.0,3,10.0,2.3666666666666667,2.0245712852080286,1.0,2.0,76.66666666666667,76.66666666666667,80.0,19,63.33333333333333,1,3.3333333333333335,3,10.0,0,0.0,1,3.3333333333333335,6,20.0,1.9666666666666666,1.3535960336164634,1.0,2.0,93.33333333333333,93.33333333333333,93.33333333333333,16,53.333333333333336,5,16.666666666666664,7,23.333333333333332,0,0.0,0,0.0,2,6.666666666666667
124,True,2.466666666666667,1.5434449203720302,2.0,2.0,80.0,86.66666666666667,90.0,9,30.0,11,36.666666666666664,4,13.333333333333334,2,6.666666666666667,1,3.3333333333333335,3,10.0,2.433333333333333,1.961008810677697,1.0,2.75,73.33333333333333,80.0,80.0,16,53.333333333333336,5,16.666666666666664,1,3.3333333333333335,2,6.666666666666667,0,0.0,6,20.0,2.6666666666666665,1.920648038785058,2.0,2.75,73.33333333333333,76.66666666666667,80.0,12,40.0,7,23.333333333333332,3,10.0,1,3.3333333333333335,1,3.3333333333333335,6,20.0,2.3666666666666667,1.4940623220676648,2.0,2.0,76.66666666666667,90.0,93.33333333333333,11,36.666666666666664,9,30.0,3,10.0,4,13.333333333333334,1,3.3333333333333335,2,6.666666666666667
125,True,2.6333333333333333,1.7026123718829511,2.0,2.0,76.66666666666667,83.33333333333334,86.66666666666667,11,36.666666666666664,5,16.666666666666664,7,23.333333333333332,2,6.666666666666667,1,3.3333333333333335,4,13.333333333333334,2.2,1.6206994374857624,1.5,2.0,83.33333333333334,86.66666666666667,90.0,15,50.0,6,20.0,4,13.333333333333334,1,3.3333333333333335,1,3.3333333333333335,3,10.0,2.433333333333333,1.8015425489162211,2.0,2.0,80.0,83.33333333333334,83.33333333333334,14,46.666666666666664,5,16.666666666666664,5,16.666666666666664,1,3.3333333333333335,0,0.0,5,16.666666666666664,2.433333333333333,1.6868774571839993,2.0,2.0,76.66666666666667,80.0,93.33333333333333,14,46.666666666666664,4,13.333333333333334,5,16.666666666666664,1,3.3333333333333335,4,13.333333333333334,2,6.666666666666667
126,True,2.2,1.4922019523732928,2.0,2.0,83.33333333333334,90.0,93.33333333333333,14,46.666666666666664,6,20.0,5,16.666666666666664,2,6.666666666666667,1,3.3333333333333335,2,6.666666666666667,1.9333333333333333,1.6110727964792764,1.0,1.0,83.33333333333334,90.0,90.0,20,66.66666666666666,3,10.0,2,6.666666666666667,2,6.666666666666667,0,0.0,3,10.0,2.1,1.619670748434179,1.0,1.0,83.33333333333334,86.66666666666667,90.0,16,53.333333333333336,7,23.333333333333332,2,6.666666666666667,1,3.3333333333333335,1,3.3333333333333335,3,10.0,2.433333333333333,1.7451520150277897,2.0,2.0,76.66666666666667,83.33333333333334,86.66666666666667,13,43.333333333333336,7,23.333333333333332,3,10.0,2,6.666666666666667,1,3.3333333333333335,4,13.333333333333334
127,False,2.7666666666666666,1.8015425489162211,2.0,3.0,66.66666666666666,76.66666666666667,86.66666666666667,10,33.33333333333333,8,26.666666666666668,2,6.666666666666667,3,10.0,3,10.0,4,13.333333333333334,2.2666666666666666,1.7876116903722563,1.0,2.75,73.33333333333333,86.66666666666667,86.66666666666667,17,56.666666666666664,4,13.333333333333334,1,3.3333333333333335,4,13.333333333333334,0,0.0,4,13.333333333333334,2.566666666666667,1.8015425489162211,2.0,2.75,73.33333333333333,83.33333333333334,83.33333333333334,12,40.0,7,23.333333333333332,3,10.0,3,10.0,0,0.0,5,16.666666666666664,2.566666666666667,1.8562207723101136,2.0,2.75,73.33333333333333,80.0,83.33333333333334,13,43.333333333333336,6,20.0,3,10.0,2,6.666666666666667,1,3.3333333333333335,5,16.666666666666664
128,True,2.033333333333333,1.3780017739062924,2.0,1.0,86.66666666666667,93.33333333333333,93.33333333333333,14,46.666666666666664,9,30.0,3,10.0,2,6.666666666666667,0,0.0,2,6.666666666666667,1.9666666666666666,1.6629959577688562,1.0,1.0,86.66666666666667,86.66666666666667,86.66666666666667,18,60.0,7,23.333333333333332,1,3.3333333333333335,0,0.0,0,0.0,4,13.333333333333334,1.9,1.3503086067019396,1.0,1.0,90.0,93.33333333333333,93.33333333333333,16,53.333333333333336,8,26.666666666666668,3,10.0,1,3.3333333333333335,0,0.0,2,6.666666666666667,2.566666666666667,2.027861489900684,1.5,2.75,73.33333333333333,76.66666666666667,76.66666666666667,15,50.0,5,16.666666666666664,2,6.666666666666667,1,3.3333333333333335,0,0.0,7,23.333333333333332
129,False,2.2,1.4922019523732926,2.0,1.0,83.33333333333334,90.0,90.0,11,36.666666666666664,13,43.333333333333336,1,3.3333333333333335,2,6.666666666666667,0,0.0,3,10.0,2.2,1.8147543451754933,1.0,1.0,80.0,83.33333333333334,83.33333333333334,16,53.333333333333336,8,26.666666666666668,0,0.0,1,3.3333333333333335,0,0.0,5,16.666666666666664,2.533333333333333,2.0121851030382096,2.0,2.5,73.33333333333333,76.66666666666667,76.66666666666667,14,46.666666666666664,8,26.666666666666668,0,0.0,1,3.3333333333333335,0,0.0,7,23.333333333333332,2.5,1.9621416870348585,2.0,2.5,73.33333333333333,76.66666666666667,80.0,14,46.666666666666664,8,26.666666666666668,0,0.0,1,3.3333333333333335,1,3.3333333333333335,6,20.0
130,True,2.0,1.4375905768565218,1.5,1.0,86.66666666666667,90.0,93.33333333333333,15,50.0,9,30.0,2,6.666666666666667,1,3.3333333333333335,1,3.3333333333333335,2,6.666666666666667,1.8666666666666667,1.5648926125740668,1.0,1.0,86.66666666666667,90.0,90.0,20,66.66666666666666,4,13.333333333333334,2,6.666666666666667,1,3.3333333333333335,0,0.0,3,10.0,1.9,1.5132745950421556,1.0,1.0,83.33333333333334,90.0,93.33333333333333,19,63.33333333333333,5,16.666666666666664,1,3.3333333333333335,2,6.666666666666667,1,3.3333333333333335,2,6.666666666666667,2.5,1.8393839548428526,2.0,2.75,73.33333333333333,83.33333333333334,83.33333333333334,14,46.666666666666664,5,16.666666666666664,3,10.0,3,10.0,0,0.0,5,16.666666666666664
131,True,2.3,1.5088627063675035,2.0,2.0,76.66666666666667,90.0,93.33333333333333,12,40.0,9,30.0,2,6.666666666666667,4,13.333333333333334,1,3.3333333333333335,2,6.666666666666667,2.1666666666666665,1.8811934746029948,1.0,1.0,80.0,80.0,83.33333333333334,18,60.0,6,20.0,0,0.0,0,0.0,1,3.3333333333333335,5,16.666666666666664,2.3666666666666667,1.7220788470785986,1.5,2.0,76.66666666666667,83.33333333333334,90.0,15,50.0,4,13.333333333333334,4,13.333333333333334,2,6.666666666666667,2,6.666666666666667,3,10.0,2.6333333333333333,1.8345450541089348,2.0,2.75,73.33333333333333,76.66666666666667,86.66666666666667,13,43.333333333333336,4,13.333333333333334,5,16.666666666666664,1,3.3333333333333335,3,10.0,4,13.333333333333334
132,True,2.3666666666666667,1.74132771821453,2.0,1.75,83.33333333333334,83.33333333333334,83.33333333333334,12,40.0,10,33.33333333333333,3,10.0,0,0.0,0,0.0,5,16.666666666666664,1.8666666666666667,1.5434449203720302,1.0,1.0,86.66666666666667,90.0,90.0,19,63.33333333333333,6,20.0,1,3.3333333333333335,1,3.3333333333333335,0,0.0,3,10.0,2.2,1.8511257835886428,1.0,1.75,80.0,83.33333333333334,83.33333333333334,18,60.0,4,13.333333333333334,2,6.666666666666667,1,3.3333333333333335,0,0.0,5,16.666666666666664,2.1333333333333333,1.5434449203720302,2.0,1.0,83.33333333333334,90.0,90.0,14,46.666666666666664,9,30.0,2,6.666666666666667,2,6.666666666666667,0,0.0,3,10.0
133,True,2.7333333333333334,1.6719914938645934,3.0,2.0,76.66666666666667,83.33333333333334,86.66666666666667,10,33.33333333333333,4,13.333333333333334,9,30.0,2,6.666666666666667,1,3.3333333333333335,4,13.333333333333334,2.1666666666666665,1.790406533599438,1.0,2.0,76.66666666666667,86.66666666666667,86.66666666666667,19,63.33333333333333,2,6.666666666666667,2,6.666666666666667,3,10.0,0,0.0,4,13.333333333333334,2.433333333333333,1.7641491496532322,2.0,2.0,76.66666666666667,83.33333333333334,86.66666666666667,14,46.666666666666664,5,16.666666666666664,4,13.333333333333334,2,6.666666666666667,1,3.3333333333333335,4,13.333333333333334,2.466666666666667,1.7838784213679535,1.5,2.75,73.33333333333333,80.0,90.0,15,50.0,3,10.0,4,13.333333333333334,2,6.666666666666667,3,10.0,3,10.0
134,True,2.2333333333333334,1.4761059883656353,2.0,2.0,83.33333333333334,90.0,93.33333333333333,13,43.333333333333336,7,23.333333333333332,5,16.666666666666664,2,6.666666666666667,1,3.3333333333333335,2,6.666666666666667,2.0,1.5491933384829668,1.0,1.0,86.66666666666667,90.0,90.0,17,56.666666666666664,6,20.0,3,10.0,1,3.3333333333333335,0,0.0,3,10.0,1.9666666666666666,1.3780017739062924,1.0,1.75,83.33333333333334,93.33333333333333,96.66666666666667,17,56.666666666666664,5,16.666666666666664,3,10.0,3,10.0,1,3.3333333333333335,1,3.3333333333333335,2.4,1.518771433319269,2.0,2.0,86.66666666666667,90.0,90.0,12,40.0,4,13.333333333333334,10,33.33333333333333,1,3.3333333333333335,0,0.0,3,10.0
135,True,2.3666666666666667,1.4255603186895396,2.0,2.0,83.33333333333334,90.0,93.33333333333333,10,33.33333333333333,9,30.0,6,20.0,2,6.666666666666667,1,3.3333333333333335,2,6.666666666666667,2.2666666666666666,1.7688665548562132,1.0,2.0,83.33333333333334,83.33333333333334,86.66666666666667,17,56.666666666666664,2,6.666666666666667,6,20.0,0,0.0,1,3.3333333333333335,4,13.333333333333334,2.2,1.5577761927397231,1.5,2.0,83.33333333333334,86.66666666666667,93.33333333333333,15,50.0,5,16.666666666666664,5,16.666666666666664,1,3.3333333333333335,2,6.666666666666667,2,6.666666666666667,2.533333333333333,1.6069294390925266,2.0,2.75,73.33333333333333,83.33333333333334,93.33333333333333,11,36.666666666666664,7,23.333333333333332,4,13.333333333333334,3,10.0,3,10.0,2,6.666666666666667
136,True,1.8666666666666667,1.3097921802925665,1.5,1.0,90.0,93.33333333333333,93.33333333333333,15,50.0,11,36.666666666666664,1,3.3333333333333335,1,3.3333333333333335,0,0.0,2,6.666666666666667,1.8666666666666667,1.4544949486180951,1.0,1.0,86.66666666666667,90.0,93.33333333333333,18,60.0,7,23.333333333333332,1,3.3333333333333335,1,3.3333333333333335,1,3.3333333333333335,2,6.666666666666667,2.033333333333333,1.6224124698183944,1.0,1.0,83.33333333333334,86.66666666666667,90.0,17,56.666666666666664,7,23.333333333333332,1,3.3333333333333335,1,3.3333333333333335,1,3.3333333333333335,3,10.0,2.066666666666667,1.4126413400278062,2.0,1.75,90.0,90.0,93.33333333333333,14,46.666666666666664,8,26.666666666666668,5,16.666666666666664,0,0.0,1,3.3333333333333335,2,6.666666666666667
137,False,2.4,1.624807680927192,2.0,2.0,83.33333333333334,86.66666666666667,86.66666666666667,11,36.666666666666664,9,30.0,5,16.666666666666664,1,3.3333333333333335,0,0.0,4,13.333333333333334,2.1333333333333333,1.564892612574067,1.5,1.75,83.33333333333334,90.0,90.0,15,50.0,7,23.333333333333332,3,10.0,2,6.666666666666667,0,0.0,3,10.0,2.433333333333333,1.7641491496532322,2.0,2.0,76.66666666666667,83.33333333333334,86.66666666666667,14,46.666666666666664,5,16.666666666666664,4,13.333333333333334,2,6.666666666666667,1,3.3333333333333335,4,13.333333333333334,2.9,1.9209372712298547,2.0,3.5,73.33333333333333,73.33333333333333,76.66666666666667,9,30.0,8,26.666666666666668,5,16.666666666666664,0,0.0,1,3.3333333333333335,7,23.333333333333332
138,False,3.1,1.9209372712298545,2.5,3.75,66.66666666666666,70.0,76.66666666666667,8,26.666666666666668,7,23.333333333333332,5,16.666666666666664,1,3.3333333333333335,2,6.666666666666667,7,23.333333333333332,2.1666666666666665,1.6141733350404337,1.0,2.0,80.0,86.66666666666667,93.33333333333333,17,56.666666666666664,3,10.0,4,13.333333333333334,2,6.666666666666667,2,6.666666666666667,2,6.666666666666667,2.533333333333333,1.910206504252587,1.5,3.0,70.0,80.0,83.33333333333334,15,50.0,4,13.333333333333334,2,6.666666666666667,3,10.0,1,3.3333333333333335,5,16.666666666666664,2.7333333333333334,1.9482185594936612,2.0,3.0,70.0,76.66666666666667,80.0,13,43.333333333333336,4,13.333333333333334,4,13.333333333333334,2,6.666666666666667,1,3.3333333333333335,6,20.0
139,True,2.3666666666666667,1.4940623220676645,2.0,2.0,83.33333333333334,90.0,90.0,10,33.33333333333333,10,33.33333333333333,5,16.666666666666664,2,6.666666666666667,0,0.0,3,10.0,1.9,1.4224392195567912,1.0,1.0,90.0,90.0,93.33333333333333,17,56.666666666666664,7,23.333333333333332,3,10.0,0,0.0,1,3.3333333333333335,2,6.666666666666667,2.066666666666667,1.6110727964792764,1.0,1.0,83.33333333333334,86.66666666666667,90.0,16,53.333333333333336,8,26.666666666666668,1,3.3333333333333335,1,3.3333333333333335,1,3.3333333333333335,3,10.0,2.5,1.7272328544042153,2.0,2.0,76.66666666666667,83.33333333333334,86.66666666666667,12,40.0,7,23.333333333333332,4,13.333333333333334,2,6.666666666666667,1,3.3333333333333335,4,13.333333333333334
140,True,2.2666666666666666,1.4126413400278062,2.0,1.75,76.66666666666667,90.0,96.66666666666667,11,36.666666666666664,11,36.666666666666664,1,3.3333333333333335,4,13.333333333333334,2,6.666666666666667,1,3.3333333333333335,2.2333333333333334,1.7451520150277902,1.5,1.0,80.0,83.33333333333334,86.66666666666667,15,50.0,8,26.666666666666668,1,3.3333333333333335,1,3.3333333333333335,1,3.3333333333333335,4,13.333333333333334,2.3333333333333335,1.7950549357115013,2.0,1.75,80.0,83.33333333333334,83.33333333333334,14,46.666666666666664,8,26.666666666666668,2,6.666666666666667,1,3.3333333333333335,0,0.0,5,16.666666666666664,2.8666666666666667,1.9618585292749549,2.0,3.75,63.33333333333333,73.33333333333333,80.0,11,36.666666666666664,7,23.333333333333332,1,3.3333333333333335,3,10.0,2,6.666666666666667,6,20.0
141,False,2.8333333333333335,1.9163043135739746,2.0,3.75,70.0,73.33333333333333,80.0,10,33.33333333333333,8,26.666666666666668,3,10.0,1,3.3333333333333335,2,6.666666666666667,6,20.0,2.066666666666667,1.7499206331208919,1.0,1.0,80.0,86.66666666666667,86.66666666666667,19,63.33333333333333,4,13.333333333333334,1,3.3333333333333335,2,6.666666666666667,0,0.0,4,13.333333333333334,2.3333333333333335,1.8856180831641267,1.0,2.75,73.33333333333333,80.0,86.66666666666667,18,60.0,2,6.666666666666667,2,6.666666666666667,2,6.666666666666667,2,6.666666666666667,4,13.333333333333334,2.3333333333333335,1.7575235101952091,1.5,2.75,73.33333333333333,86.66666666666667,86.66666666666667,15,50.0,6,20.0,1,3.3333333333333335,4,13.333333333333334,0,0.0,4,13.333333333333334
142,False,2.466666666666667,1.6679994670929075,2.0,2.0,76.66666666666667,86.66666666666667,86.66666666666667,11,36.666666666666664,9,30.0,3,10.0,3,10.0,0,0.0,4,13.333333333333334,2.066666666666667,1.6110727964792761,1.0,1.0,83.33333333333334,86.66666666666667,90.0,16,53.333333333333336,8,26.666666666666668,1,3.3333333333333335,1,3.3333333333333335,1,3.3333333333333335,3,10.0,2.433333333333333,1.8740923729160797,1.5,2.0,76.66666666666667,80.0,83.33333333333334,15,50.0,5,16.666666666666664,3,10.0,1,3.3333333333333335,1,3.3333333333333335,5,16.666666666666664,2.3666666666666667,1.601735170231195,2.0,2.0,80.0,86.66666666666667,90.0,12,40.0,8,26.666666666666668,4,13.333333333333334,2,6.666666666666667,1,3.3333333333333335,3,10.0
143,True,2.2333333333333334,1.256538454998051,2.0,2.0,83.33333333333334,96.66666666666667,96.66666666666667,11,36.666666666666664,8,26.666666666666668,6,20.0,4,13.333333333333334,0,0.0,1,3.3333333333333335,2.033333333333333,1.6629959577688562,1.0,1.75,83.33333333333334,86.66666666666667,90.0,19,63.33333333333333,3,10.0,3,10.0,1,3.3333333333333335,1,3.3333333333333335,3,10.0,1.9666666666666666,1.4019827229875395,1.0,1.0,86.66666666666667,93.33333333333333,93.33333333333333,16,53.333333333333336,7,23.333333333333332,3,10.0,2,6.666666666666667,0,0.0,2,6.666666666666667,2.433333333333333,1.5205992970609392,2.0,2.0,76.66666666666667,90.0,93.33333333333333,12,40.0,5,16.666666666666664,6,20.0,4,13.333333333333334,1,3.3333333333333335,2,6.666666666666667
144,False,2.2333333333333334,1.6669999666733315,2.0,1.75,83.33333333333334,86.66666666666667,86.66666666666667,14,46.666666666666664,8,26.666666666666668,3,10.0,1,3.3333333333333335,0,0.0,4,13.333333333333334,1.8333333333333333,1.3924399049470282,1.0,1.0,90.0,93.33333333333333,93.33333333333333,19,63.33333333333333,4,13.333333333333334,4,13.333333333333334,1,3.3333333333333335,0,0.0,2,6.666666666666667,2.2,1.7204650534085253,1.0,2.0,83.33333333333334,86.66666666666667,86.66666666666667,17,56.666666666666664,3,10.0,5,16.666666666666664,1,3.3333333333333335,0,0.0,4,13.333333333333334,2.566666666666667,1.9267128022157902,1.5,2.0,76.66666666666667,80.0,80.0,15,50.0,2,6.666666666666667,6,20.0,1,3.3333333333333335,0,0.0,6,20.0
145,False,2.1,1.556705923844749,1.5,1.0,83.33333333333334,90.0,90.0,15,50.0,8,26.666666666666668,2,6.666666666666667,2,6.666666666666667,0,0.0,3,10.0,1.7666666666666666,1.4985177861992682,1.0,1.0,90.0,90.0,90.0,20,66.66666666666666,6,20.0,1,3.3333333333333335,0,0.0,0,0.0,3,10.0,1.9666666666666666,1.682920741515245,1.0,1.0,86.66666666666667,86.66666666666667,86.66666666666667,19,63.33333333333333,5,16.666666666666664,2,6.666666666666667,0,0.0,0,0.0,4,13.333333333333334,2.533333333333333,1.9618585292749549,1.0,3.0,70.0,76.66666666666667,83.33333333333334,16,53.333333333333336,3,10.0,2,6.666666666666667,2,6.666666666666667,2,6.666666666666667,5,16.666666666666664
146,True,2.3,1.5947831618540915,2.0,1.0,83.33333333333334,83.33333333333334,90.0,11,36.666666666666664,12,40.0,2,6.666666666666667,0,0.0,2,6.666666666666667,3,10.0,2.1666666666666665,1.7143187827498387,1.5,1.0,83.33333333333334,83.33333333333334,86.66666666666667,15,50.0,9,30.0,1,3.3333333333333335,0,0.0,1,3.3333333333333335,4,13.333333333333334,2.3,1.7540429489230493,2.0,1.0,80.0,80.0,86.66666666666667,13,43.333333333333336,11,36.666666666666664,0,0.0,0,0.0,2,6.666666666666667,4,13.333333333333334,2.533333333333333,1.8571184369578826,2.0,2.0,76.66666666666667,76.66666666666667,83.33333333333334,12,40.0,9,30.0,2,6.666666666666667,0,0.0,2,6.666666666666667,5,16.666666666666664
147,True,2.7,1.676305461424021,2.0,2.75,73.33333333333333,83.33333333333334,86.66666666666667,9,30.0,8,26.666666666666668,5,16.666666666666664,3,10.0,1,3.3333333333333335,4,13.333333333333334,2.1,1.6401219466856725,1.0,1.75,83.33333333333334,86.66666666666667,90.0,17,56.666666666666664,5,16.666666666666664,3,10.0,1,3.3333333333333335,1,3.3333333333333335,3,10.0,2.2,1.7204650534085253,1.0,1.75,80.0,86.66666666666667,86.66666666666667,16,53.333333333333336,6,20.0,2,6.666666666666667,2,6.666666666666667,0,0.0,4,13.333333333333334,2.7666666666666666,1.9093337988826247,2.0,3.75,66.66666666666666,73.33333333333333,83.33333333333334,11,36.666666666666664,8,26.666666666666668,1,3.3333333333333335,2,6.666666666666667,3,10.0,5,16.666666666666664
148,False,2.3666666666666667,1.5380362660079103,2.0,2.0,86.66666666666667,86.66666666666667,90.0,11,36.666666666666664,8,26.666666666666668,7,23.333333333333332,0,0.0,1,3.3333333333333335,3,10.0,2.1333333333333333,1.5648926125740668,1.5,1.75,83.33333333333334,90.0,90.0,15,50.0,7,23.333333333333332,3,10.0,2,6.666666666666667,0,0.0,3,10.0,2.3333333333333335,1.7950549357115013,2.0,1.75,80.0,83.33333333333334,83.33333333333334,14,46.666666666666664,8,26.666666666666668,2,6.666666666666667,1,3.3333333333333335,0,0.0,5,16.666666666666664,2.5,1.707825127659933,2.0,2.0,83.33333333333334,83.33333333333334,83.33333333333334,10,33.33333333333333,10,33.33333333333333,5,16.666666666666664,0,0.0,0,0.0,5,16.666666666666664
149,True,2.6666666666666665,1.8135294011647256,2.0,3.0,70.0,76.66666666666667,86.66666666666667,11,36.666666666666664,8,26.666666666666668,2,6.666666666666667,2,6.666666666666667,3,10.0,4,13.333333333333334,2.1,1.7578395831246947,1.0,1.0,83.33333333333334,83.33333333333334,86.66666666666667,18,60.0,5,16.666666666666664,2,6.666666666666667,0,0.0,1,3.3333333333333335,4,13.333333333333334,2.2,1.8690461025168248,1.0,1.0,76.66666666666667,83.33333333333334,83.33333333333334,18,60.0,5,16.666666666666664,0,0.0,2,6.666666666666667,0,0.0,5,16.666666666666664,2.466666666666667,1.8208667044996885,1.5,3.0,70.0,83.33333333333334,86.66666666666667,15,50.0,4,13.333333333333334,2,6.666666666666667,4,13.333333333333334,1,3.3333333333333335,4,13.333333333333334
150,False,1.9333333333333333,1.5040685563571303,1.0,1.0,90.0,90.0,90.0,17,56.666666666666664,7,23.333333333333332,3,10.0,0,0.0,0,0.0,3,10.0,1.7,1.369914839202301,1.0,1.0,90.0,93.33333333333333,93.33333333333333,21,70.0,4,13.333333333333334,2,6.666666666666667,1,3.3333333333333335,0,0.0,2,6.666666666666667,1.9333333333333333,1.6719914938645934,1.0,1.0,86.66666666666667,86.66666666666667,86.66666666666667,19,63.33333333333333,6,20.0,1,3.3333333333333335,0,0.0,0,0.0,4,13.333333333333334,2.2333333333333334,1.498517786199268,2.0,2.0,80.0,90.0,93.33333333333333,13,43.333333333333336,8,26.666666666666668,3,10.0,3,10.0,1,3.3333333333333335,2,6.666666666666667
151,True,2.033333333333333,1.4487542541400487,1.0,1.75,83.33333333333334,93.33333333333333,93.33333333333333,16,53.333333333333336,6,20.0,3,10.0,3,10.0,0,0.0,2,6.666666666666667,1.7666666666666666,1.3085190950927015,1.0,1.0,90.0,93.33333333333333,96.66666666666667,20,66.66666666666666,3,10.0,4,13.333333333333334,1,3.3333333333333335,1,3.3333333333333335,1,3.3333333333333335,2.0,1.6532795690182993,1.0,1.0,83.33333333333334,86.66666666666667,90.0,19,63.33333333333333,4,13.333333333333334,2,6.666666666666667,1,3.3333333333333335,1,3.3333333333333335,3,10.0,1.8,0.9797958971132713,1.0,1.75,93.33333333333333,100.0,100.0,16,53.333333333333336,6,20.0,6,20.0,2,6.666666666666667,0,0.0,0,0.0
152,False,2.6,1.8903262505010434,2.0,2.0,76.66666666666667,76.66666666666667,80.0,11,36.666666666666664,10,33.33333333333333,2,6.666666666666667,0,0.0,1,3.3333333333333335,6,20.0,2.0,1.6733200530681511,1.0,1.0,86.66666666666667,86.66666666666667,86.66666666666667,18,60.0,6,20.0,2,6.666666666666667,0,0.0,0,0.0,4,13.333333333333334,1.9333333333333333,1.5260697523012796,1.0,1.0,90.0,90.0,90.0,18,60.0,5,16.666666666666664,4,13.333333333333334,0,0.0,0,0.0,3,10.0,2.5,1.857417562100671,2.0,2.0,80.0,80.0,80.0,12,40.0,9,30.0,3,10.0,0,0.0,0,0.0,6,20.0
153,False,2.6333333333333333,1.9405039437103844,2.0,2.0,76.66666666666667,76.66666666666667,76.66666666666667,11,36.666666666666664,10,33.33333333333333,2,6.666666666666667,0,0.0,0,0.0,7,23.333333333333332,2.066666666666667,1.6519348924485158,1.0,1.0,86.66666666666667,86.66666666666667,86.66666666666667,16,53.333333333333336,8,26.666666666666668,2,6.666666666666667,0,0.0,0,0.0,4,13.333333333333334,2.4,1.9425069712444623,1.0,2.0,76.66666666666667,80.0,80.0,16,53.333333333333336,5,16.666666666666664,2,6.666666666666667,1,3.3333333333333335,0,0.0,6,20.0,2.7666666666666666,1.9267128022157902,2.0,3.0,66.66666666666666,76.66666666666667,80.0,11,36.666666666666664,8,26.666666666666668,1,3.3333333333333335,3,10.0,1,3.3333333333333335,6,20.0
154,False,3.0,1.8618986725025255,2.5,2.75,70.0,76.66666666666667,76.66666666666667,8,26.666666666666668,7,23.333333333333332,6,20.0,2,6.666666666666667,0,0.0,7,23.333333333333332,2.3,1.8101565309847283,1.0,2.0,76.66666666666667,83.33333333333334,86.66666666666667,17,56.666666666666664,3,10.0,3,10.0,2,6.666666666666667,1,3.3333333333333335,4,13.333333333333334,2.4,1.7435595774162693,2.0,2.0,80.0,83.33333333333334,86.66666666666667,14,46.666666666666664,5,16.666666666666664,5,16.666666666666664,1,3.3333333333333335,1,3.3333333333333335,4,13.333333333333334,2.6,1.451436070471816,2.0,1.75,80.0,86.66666666666667,93.33333333333333,8,26.666666666666668,8,26.666666666666668,8,26.666666666666668,2,6.666666666666667,2,6.666666666666667,2,6.666666666666667
155,True,2.7,1.5088627063675033,2.0,1.75,73.33333333333333,83.33333333333334,93.33333333333333,7,23.333333333333332,10,33.33333333333333,5,16.666666666666664,3,10.0,3,10.0,2,6.666666666666667,2.3666666666666667,1.7026123718829513,2.0,2.0,76.66666666666667,83.33333333333334,90.0,14,46.666666666666664,6,20.0,3,10.0,2,6.666666666666667,2,6.666666666666667,3,10.0,2.533333333333333,1.7269111795984824,2.0,3.0,70.0,83.33333333333334,90.0,13,43.333333333333336,5,16.666666666666664,3,10.0,4,13.333333333333334,2,6.666666666666667,3,10.0,2.8333333333333335,1.771690968789108,2.0,3.0,66.66666666666666,76.66666666666667,86.66666666666667,9,30.0,8,26.666666666666668,3,10.0,3,10.0,3,10.0,4,13.333333333333334
156,False,2.1666666666666665,1.3682917167849196,2.0,2.0,86.66666666666667,90.0,96.66666666666667,13,43.333333333333336,7,23.333333333333332,6,20.0,1,3.3333333333333335,2,6.666666666666667,1,3.3333333333333335,2.1666666666666665,1.9163043135739746,1.0,1.75,80.0,80.0,83.33333333333334,20,66.66666666666666,2,6.666666666666667,2,6.666666666666667,0,0.0,1,3.3333333333333335,5,16.666666666666664,2.2333333333333334,1.7829438827088442,1.0,1.75,76.66666666666667,80.0,90.0,17,56.666666666666664,5,16.666666666666664,1,3.3333333333333335,1,3.3333333333333335,3,10.0,3,10.0,2.533333333333333,1.910206504252587,1.5,3.0,70.0,80.0,83.33333333333334,15,50.0,4,13.333333333333334,2,6.666666666666667,3,10.0,1,3.3333333333333335,5,16.666666666666664
157,True,2.2333333333333334,1.6265163865007803,2.0,1.75,80.0,86.66666666666667,90.0,14,46.666666666666664,8,26.666666666666668,2,6.666666666666667,2,6.666666666666667,1,3.3333333333333335,3,10.0,1.8333333333333333,1.529342632927262,1.0,1.0,83.33333333333334,90.0,93.33333333333333,21,70.0,3,10.0,1,3.3333333333333335,2,6.666666666666667,1,3.3333333333333335,2,6.666666666666667,2.066666666666667,1.806162291219209,1.0,1.75,76.66666666666667,86.66666666666667,86.66666666666667,21,70.0,1,3.3333333333333335,1,3.3333333333333335,3,10.0,0,0.0,4,13.333333333333334,2.7333333333333334,1.8961950204437188,2.0,3.0,70.0,76.66666666666667,83.33333333333334,13,43.333333333333336,3,10.0,5,16.666666666666664,2,6.666666666666667,2,6.666666666666667,5,16.666666666666664
158,True,2.7666666666666666,1.8381754238616315,2.5,3.0,70.0,80.0,83.33333333333334,12,40.0,3,10.0,6,20.0,3,10.0,1,3.3333333333333335,5,16.666666666666664,1.9666666666666666,1.7413277182145301,1.0,1.0,83.33333333333334,86.66666666666667,86.66666666666667,21,70.0,2,6.666666666666667,2,6.666666666666667,1,3.3333333333333335,0,0.0,4,13.333333333333334,2.3333333333333335,2.0385179801894204,1.0,2.5,73.33333333333333,76.66666666666667,80.0,19,63.33333333333333,3,10.0,0,0.0,1,3.3333333333333335,1,3.3333333333333335,6,20.0,2.8666666666666667,2.10923893594085,1.5,4.0,63.33333333333333,70.0,76.66666666666667,15,50.0,1,3.3333333333333335,3,10.0,2,6.666666666666667,2,6.666666666666667,7,23.333333333333332
159,True,2.433333333333333,1.5638272140986533,2.0,2.0,83.33333333333334,86.66666666666667,90.0,11,36.666666666666664,7,23.333333333333332,7,23.333333333333332,1,3.3333333333333335,1,3.3333333333333335,3,10.0,2.1,1.8681541692269403,1.0,1.0,80.0,83.33333333333334,83.33333333333334,20,66.66666666666666,3,10.0,1,3.3333333333333335,1,3.3333333333333335,0,0.0,5,16.666666666666664,2.1333333333333333,1.4772346537440226,1.5,2.0,80.0,93.33333333333333,93.33333333333333,15,50.0,6,20.0,3,10.0,4,13.333333333333334,0,0.0,2,6.666666666666667,2.6333333333333333,1.8705317128797596,2.0,2.75,73.33333333333333,80.0,83.33333333333334,14,46.666666666666664,2,6.666666666666667,6,20.0,2,6.666666666666667,1,3.3333333333333335,5,16.666666666666664
160,True,3.066666666666667,1.730767331432956,3.0,2.0,60.0,80.0,83.33333333333334,7,23.333333333333332,7,23.333333333333332,4,13.333333333333334,6,20.0,1,3.3333333333333335,5,16.666666666666664,2.4,1.8903262505010434,1.0,2.0,76.66666666666667,80.0,83.33333333333334,16,53.333333333333336,4,13.333333333333334,3,10.0,1,3.3333333333333335,1,3.3333333333333335,5,16.666666666666664,2.3,1.7540429489230491,1.5,2.0,80.0,83.33333333333334,86.66666666666667,15,50.0,6,20.0,3,10.0,1,3.3333333333333335,1,3.3333333333333335,4,13.333333333333334,2.433333333333333,1.7065234314893605,2.0,2.0,76.66666666666667,83.33333333333334,90.0,14,46.666666666666664,4,13.333333333333334,5,16.666666666666664,2,6.666666666666667,2,6.666666666666667,3,10.0
161,False,2.3666666666666667,1.6829207415152447,2.0,2.0,76.66666666666667,83.33333333333334,90.0,13,43.333333333333336,8,26.666666666666668,2,6.666666666666667,2,6.666666666666667,2,6.666666666666667,3,10.0,2.0,1.632993161855452,1.0,1.0,83.33333333333334,86.66666666666667,90.0,18,60.0,6,20.0,1,3.3333333333333335,1,3.3333333333333335,1,3.3333333333333335,3,10.0,2.3333333333333335,1.903213656482693,1.0,2.0,76.66666666666667,80.0,83.33333333333334,17,56.666666666666664,4,13.333333333333334,2,6.666666666666667,1,3.3333333333333335,1,3.3333333333333335,5,16.666666666666664,2.2,1.6,1.5,2.0,80.0,90.0,90.0,15,50.0,6,20.0,3,10.0,3,10.0,0,0.0,3,10.0
162,True,1.9333333333333333,1.339983416149452,1.5,1.0,90.0,93.33333333333333,93.33333333333333,15,50.0,9,30.0,3,10.0,1,3.3333333333333335,0,0.0,2,6.666666666666667,1.9333333333333333,1.7113996870657913,1.0,1.0,83.33333333333334,83.33333333333334,90.0,21,70.0,3,10.0,1,3.3333333333333335,0,0.0,2,6.666666666666667,3,10.0,2.1666666666666665,1.6749792701868151,1.0,2.0,80.0,86.66666666666667,90.0,17,56.666666666666664,4,13.333333333333334,3,10.0,2,6.666666666666667,1,3.3333333333333335,3,10.0,2.3,1.7156145643277025,1.0,2.0,80.0,83.33333333333334,90.0,16,53.333333333333336,3,10.0,5,16.666666666666664,1,3.3333333333333335,2,6.666666666666667,3,10.0
163,False,2.6333333333333333,1.6428295373802142,2.0,2.75,73.33333333333333,86.66666666666667,86.66666666666667,9,30.0,9,30.0,4,13.333333333333334,4,13.333333333333334,0,0.0,4,13.333333333333334,2.066666666666667,1.6316317667360556,1.5,1.0,86.66666666666667,86.66666666666667,86.66666666666667,15,50.0,10,33.33333333333333,1,3.3333333333333335,0,0.0,0,0.0,4,13.333333333333334,2.433333333333333,1.891795149821695,2.0,1.75,76.66666666666667,76.66666666666667,83.33333333333334,14,46.666666666666664,8,26.666666666666668,1,3.3333333333333335,0,0.0,2,6.666666666666667,5,16.666666666666664,2.566666666666667,1.9947152400502908,2.0,3.5,73.33333333333333,73.33333333333333,80.0,14,46.666666666666664,7,23.333333333333332,1,3.3333333333333335,0,0.0,2,6.666666666666667,6,20.0
164,False,2.0,1.4605934866804429,1.0,1.0,86.66666666666667,90.0,93.33333333333333,16,53.333333333333336,7,23.333333333333332,3,10.0,1,3.3333333333333335,1,3.3333333333333335,2,6.666666666666667,1.8,1.5143755588800731,1.0,1.0,90.0,90.0,90.0,20,66.66666666666666,5,16.666666666666664,2,6.666666666666667,0,0.0,0,0.0,3,10.0,2.066666666666667,1.8607047649270485,1.0,1.0,80.0,83.33333333333334,83.33333333333334,20,66.66666666666666,4,13.333333333333334,0,0.0,1,3.3333333333333335,0,0.0,5,16.666666666666664,2.8,2.08806130178211,2.0,4.5,66.66666666666666,73.33333333333333,73.33333333333333,13,43.333333333333336,6,20.0,1,3.3333333333333335,2,6.666666666666667,0,0.0,8,26.666666666666668
165,False,2.7666666666666666,1.7451520150277897,2.0,3.0,63.33333333333333,83.33333333333334,86.66666666666667,10,33.33333333333333,7,23.333333333333332,2,6.666666666666667,6,20.0,1,3.3333333333333335,4,13.333333333333334,2.3,1.8284784202536637,1.0,2.75,73.33333333333333,83.33333333333334,86.66666666666667,17,56.666666666666664,4,13.333333333333334,1,3.3333333333333335,3,10.0,1,3.3333333333333335,4,13.333333333333334,2.6,1.9933221850301406,1.5,3.0,70.0,76.66666666666667,80.0,15,50.0,4,13.333333333333334,2,6.666666666666667,2,6.666666666666667,1,3.3333333333333335,6,20.0,2.533333333333333,1.687865186822955,2.0,2.75,73.33333333333333,83.33333333333334,90.0,12,40.0,6,20.0,4,13.333333333333334,3,10.0,2,6.666666666666667,3,10.0
166,False,2.3,1.5307950004273378,2.0,2.0,86.66666666666667,90.0,90.0,13,43.333333333333336,5,16.666666666666664,8,26.666666666666668,1,3.3333333333333335,0,0.0,3,10.0,1.8666666666666667,1.499629583893599,1.0,1.0,86.66666666666667,90.0,93.33333333333333,20,66.66666666666666,3,10.0,3,10.0,1,3.3333333333333335,1,3.3333333333333335,2,6.666666666666667,2.1333333333333333,1.687865186822955,1.0,2.0,86.66666666666667,86.66666666666667,86.66666666666667,17,56.666666666666664,4,13.333333333333334,5,16.666666666666664,0,0.0,0,0.0,4,13.333333333333334,2.466666666666667,1.746106780494506,2.0,2.0,80.0,83.33333333333334,86.66666666666667,14,46.666666666666664,3,10.0,7,23.333333333333332,1,3.3333333333333335,1,3.3333333333333335,4,13.333333333333334
167,True,2.1333333333333333,1.3349989596333858,2.0,1.0,90.0,90.0,93.33333333333333,10,33.33333333333333,14,46.666666666666664,3,10.0,0,0.0,1,3.3333333333333335,2,6.666666666666667,1.8666666666666667,1.4079141387961915,1.0,1.0,90.0,90.0,93.33333333333333,17,56.666666666666664,8,26.666666666666668,2,6.666666666666667,0,0.0,1,3.3333333333333335,2,6.666666666666667,1.9,1.3503086067019396,1.0,1.0,90.0,93.33333333333333,93.33333333333333,16,53.333333333333336,8,26.666666666666668,3,10.0,1,3.3333333333333335,0,0.0,2,6.666666666666667,2.3,1.7540429489230491,2.0,1.0,83.33333333333334,83.33333333333334,83.33333333333334,13,43.333333333333336,10,33.33333333333333,2,6.666666666666667,0,0.0,0,0.0,5,16.666666666666664
168,True,2.8,1.8330302779823358,2.0,3.0,70.0,80.0,80.0,9,30.0,9,30.0,3,10.0,3,10.0,0,0.0,6,20.0,2.1333333333333333,1.687865186822955,1.0,1.0,83.33333333333334,86.66666666666667,86.66666666666667,16,53.333333333333336,7,23.333333333333332,2,6.666666666666667,1,3.3333333333333335,0,0.0,4,13.333333333333334,2.066666666666667,1.4126413400278062,2.0,1.0,83.33333333333334,93.33333333333333,93.33333333333333,14,46.666666666666664,9,30.0,2,6.666666666666667,3,10.0,0,0.0,2,6.666666666666667,2.566666666666667,1.7451520150277902,2.0,3.0,70.0,83.33333333333334,86.66666666666667,11,36.666666666666664,9,30.0,1,3.3333333333333335,4,13.333333333333334,1,3.3333333333333335,4,13.333333333333334
169,False,2.566666666666667,1.9093337988826247,2.0,2.0,76.66666666666667,76.66666666666667,80.0,12,40.0,9,30.0,2,6.666666666666667,0,0.0,1,3.3333333333333335,6,20.0,2.066666666666667,1.8427033281447005,1.0,1.0,83.33333333333334,83.33333333333334,83.33333333333334,20,66.66666666666666,3,10.0,2,6.666666666666667,0,0.0,0,0.0,5,16.666666666666664,2.1666666666666665,1.8454147380888546,1.0,2.0,83.33333333333334,83.33333333333334,83.33333333333334,19,63.33333333333333,2,6.666666666666667,4,13.333333333333334,0,0.0,0,0.0,5,16.666666666666664,2.566666666666667,1.9610088106776968,2.0,2.75,73.33333333333333,76.66666666666667,80.0,14,46.666666666666664,6,20.0,2,6.666666666666667,1,3.3333333333333335,1,3.3333333333333335,6,20.0
170,False,2.6333333333333333,2.008039397577204,2.0,3.75,70.0,73.33333333333333,80.0,14,46.666666666666664,6,20.0,1,3.3333333333333335,1,3.3333333333333335,2,6.666666666666667,6,20.0,2.033333333333333,1.6629959577688562,1.0,1.75,83.33333333333334,86.66666666666667,90.0,19,63.33333333333333,3,10.0,3,10.0,1,3.3333333333333335,1,3.3333333333333335,3,10.0,2.2666666666666666,1.8785337071473829,1.0,1.75,80.0,80.0,83.33333333333334,17,56.666666666666664,5,16.666666666666664,2,6.666666666666667,0,0.0,1,3.3333333333333335,5,16.666666666666664,2.6666666666666665,1.9720265943665385,2.0,3.0,70.0,76.66666666666667,80.0,14,46.666666666666664,4,13.333333333333334,3,10.0,2,6.666666666666667,1,3.3333333333333335,6,20.0
171,False,2.4,1.8726095873584183,2.0,1.0,80.0,80.0,80.0,13,43.333333333333336,10,33.33333333333333,1,3.3333333333333335,0,0.0,0,0.0,6,20.0,2.066666666666667,1.7307673314329561,1.0,1.0,80.0,86.66666666666667,86.66666666666667,18,60.0,6,20.0,0,0.0,2,6.666666666666667,0,0.0,4,13.333333333333334,2.3666666666666667,1.9232495649002206,1.0,2.75,73.33333333333333,80.0,83.33333333333334,17,56.666666666666664,4,13.333333333333334,1,3.3333333333333335,2,6.666666666666667,1,3.3333333333333335,5,16.666666666666664,2.933333333333333,2.0154955277107964,2.0,4.0,63.33333333333333,70.0,76.66666666666667,10,33.33333333333333,9,30.0,0,0.0,2,6.666666666666667,2,6.666666666666667,7,23.333333333333332
172,False,2.966666666666667,1.9745604292826515,2.0,4.5,70.0,73.33333333333333,73.33333333333333,9,30.0,8,26.666666666666668,4,13.333333333333334,1,3.3333333333333335,0,0.0,8,26.666666666666668,2.1666666666666665,1.7143187827498385,1.0,1.0,80.0,86.66666666666667,86.66666666666667,16,53.333333333333336,7,23.333333333333332,1,3.3333333333333335,2,6.666666666666667,0,0.0,4,13.333333333333334,2.2333333333333334,1.6265163865007803,2.0,1.75,80.0,86.66666666666667,90.0,14,46.666666666666664,8,26.666666666666668,2,6.666666666666667,2,6.666666666666667,1,3.3333333333333335,3,10.0,2.3666666666666667,1.4255603186895398,2.0,2.0,80.0,86.66666666666667,96.66666666666667,10,33.33333333333333,10,33.33333333333333,4,13.333333333333334,2,6.666666666666667,3,10.0,1,3.3333333333333335
173,False,2.6,1.9078784028338915,2.0,2.0,76.66666666666667,76.66666666666667,80.0,12,40.0,8,26.666666666666668,3,10.0,0,0.0,1,3.3333333333333335,6,20.0,2.1666666666666665,1.771690968789108,1.0,1.0,80.0,83.33333333333334,86.66666666666667,17,56.666666666666664,6,20.0,1,3.3333333333333335,1,3.3333333333333335,1,3.3333333333333335,4,13.333333333333334,2.4,1.7625738755203046,2.0,2.0,76.66666666666667,83.33333333333334,86.66666666666667,14,46.666666666666664,6,20.0,3,10.0,2,6.666666666666667,1,3.3333333333333335,4,13.333333333333334,2.6333333333333333,1.834545054108935,2.0,3.0,70.0,76.66666666666667,86.66666666666667,12,40.0,7,23.333333333333332,2,6.666666666666667,2,6.666666666666667,3,10.0,4,13.333333333333334
174,False,2.6,1.7048949136725897,2.0,2.0,80.0,83.33333333333334,83.33333333333334,9,30.0,10,33.33333333333333,5,16.666666666666664,1,3.3333333333333335,0,0.0,5,16.666666666666664,2.1666666666666665,1.7527755766846542,1.0,1.75,76.66666666666667,83.33333333333334,90.0,18,60.0,4,13.333333333333334,1,3.3333333333333335,2,6.666666666666667,2,6.666666666666667,3,10.0,2.433333333333333,1.9610088106776968,1.0,2.75,73.33333333333333,76.66666666666667,83.33333333333334,17,56.666666666666664,3,10.0,2,6.666666666666667,1,3.3333333333333335,2,6.666666666666667,5,16.666666666666664,2.8333333333333335,1.7336538165261124,2.0,2.75,63.33333333333333,80.0,86.66666666666667,8,26.666666666666668,10,33.33333333333333,1,3.3333333333333335,5,16.666666666666664,2,6.666666666666667,4,13.333333333333334
175,True,2.3333333333333335,1.5129074290546956,2.0,2.0,86.66666666666667,90.0,90.0,12,40.0,6,20.0,8,26.666666666666668,1,3.3333333333333335,0,0.0,3,10.0,1.9666666666666666,1.6224124698183942,1.0,1.0,86.66666666666667,86.66666666666667,90.0,19,63.33333333333333,4,13.333333333333334,3,10.0,0,0.0,1,3.3333333333333335,3,10.0,2.3333333333333335,1.8318175552045448,1.0,2.0,80.0,83.33333333333334,83.33333333333334,16,53.333333333333336,4,13.333333333333334,4,13.333333333333334,1,3.3333333333333335,0,0.0,5,16.666666666666664,2.466666666666667,1.687865186822955,2.0,2.0,76.66666666666667,83.33333333333334,90.0,13,43.333333333333336,5,16.666666666666664,5,16.666666666666664,2,6.666666666666667,2,6.666666666666667,3,10.0
176,True,2.6,1.7048949136725895,2.0,2.0,76.66666666666667,80.0,86.66666666666667,9,30.0,11,36.666666666666664,3,10.0,1,3.3333333333333335,2,6.666666666666667,4,13.333333333333334,2.3666666666666667,1.9058389811897076,1.5,1.75,80.0,80.0,80.0,15,50.0,7,23.333333333333332,2,6.666666666666667,0,0.0,0,0.0,6,20.0,2.3666666666666667,1.682920741515245,2.0,2.0,83.33333333333334,83.33333333333334,86.66666666666667,12,40.0,9,30.0,4,13.333333333333334,0,0.0,1,3.3333333333333335,4,13.333333333333334,2.7333333333333334,1.9821424996424677,2.0,3.5,73.33333333333333,73.33333333333333,76.66666666666667,11,36.666666666666664,9,30.0,2,6.666666666666667,0,0.0,1,3.3333333333333335,7,23.333333333333332
177,True,2.3,1.46401275039985,2.0,2.0,83.33333333333334,90.0,93.33333333333333,12,40.0,7,23.333333333333332,6,20.0,2,6.666666666666667,1,3.3333333333333335,2,6.666666666666667,1.7666666666666666,1.358512258154322,1.0,1.0,90.0,90.0,96.66666666666667,20,66.66666666666666,4,13.333333333333334,3,10.0,0,0.0,2,6.666666666666667,1,3.3333333333333335,1.9333333333333333,1.6316317667360554,1.0,1.0,86.66666666666667,86.66666666666667,90.0,20,66.66666666666666,3,10.0,3,10.0,0,0.0,1,3.3333333333333335,3,10.0,2.066666666666667,1.5477582354991866,1.0,2.0,83.33333333333334,90.0,93.33333333333333,18,60.0,2,6.666666666666667,5,16.666666666666664,2,6.666666666666667,1,3.3333333333333335,2,6.666666666666667
178,False,1.9666666666666666,1.4940623220676645,1.5,1.0,86.66666666666667,90.0,90.0,15,50.0,11,36.666666666666664,0,0.0,1,3.3333333333333335,0,0.0,3,10.0,1.7333333333333334,1.4590712418826193,1.0,1.0,86.66666666666667,90.0,93.33333333333333,21,70.0,5,16.666666666666664,0,0.0,1,3.3333333333333335,1,3.3333333333333335,2,6.666666666666667,1.8666666666666667,1.521694961401777,1.0,1.0,86.66666666666667,90.0,90.0,18,60.0,8,26.666666666666668,0,0.0,1,3.3333333333333335,0,0.0,3,10.0,2.4,1.743559577416269,2.0,2.75,73.33333333333333,86.66666666666667,86.66666666666667,14,46.666666666666664,6,20.0,2,6.666666666666667,4,13.333333333333334,0,0.0,4,13.333333333333334
179,True,2.466666666666667,1.5434449203720302,2.0,2.0,76.66666666666667,90.0,90.0,10,33.33333333333333,9,30.0,4,13.333333333333334,4,13.333333333333334,0,0.0,3,10.0,2.0,1.4375905768565218,1.5,1.0,86.66666666666667,90.0,93.33333333333333,15,50.0,9,30.0,2,6.666666666666667,1,3.3333333333333335,1,3.3333333333333335,2,6.666666666666667,2.2666666666666666,1.7113996870657915,2.0,1.75,83.33333333333334,83.33333333333334,86.66666666666667,14,46.666666666666664,8,26.666666666666668,3,10.0,0,0.0,1,3.3333333333333335,4,13.333333333333334,2.433333333333333,1.7259457954666158,2.0,2.75,73.33333333333333,86.66666666666667,86.66666666666667,13,43.333333333333336,7,23.333333333333332,2,6.666666666666667,4,13.333333333333334,0,0.0,4,13.333333333333334
180,True,2.3,1.2948616399703354,2.0,2.0,80.0,96.66666666666667,96.66666666666667,11,36.666666666666664,7,23.333333333333332,6,20.0,5,16.666666666666664,0,0.0,1,3.3333333333333335,2.066666666666667,1.671991493864594,1.0,1.0,80.0,86.66666666666667,90.0,18,60.0,5,16.666666666666664,1,3.3333333333333335,2,6.666666666666667,1,3.3333333333333335,3,10.0,2.4,1.7243356208503415,2.0,2.0,80.0,83.33333333333334,86.66666666666667,13,43.333333333333336,7,23.333333333333332,4,13.333333333333334,1,3.3333333333333335,1,3.3333333333333335,4,13.333333333333334,2.5,1.8929694486000912,2.0,2.0,76.66666666666667,76.66666666666667,83.33333333333334,14,46.666666666666664,6,20.0,3,10.0,0,0.0,2,6.666666666666667,5,16.666666666666664
181,False,2.7333333333333334,1.9988885800753269,2.0,3.0,70.0,76.66666666666667,76.66666666666667,13,43.333333333333336,5,16.666666666666664,3,10.0,2,6.666666666666667,0,0.0,7,23.333333333333332,2.2333333333333334,1.7829438827088442,1.0,2.5,73.33333333333333,86.66666666666667,86.66666666666667,17,56.666666666666664,5,16.666666666666664,0,0.0,4,13.333333333333334,0,0.0,4,13.333333333333334,2.433333333333333,1.961008810677697,1.0,2.75,73.33333333333333,80.0,80.0,16,53.333333333333336,5,16.666666666666664,1,3.3333333333333335,2,6.666666666666667,0,0.0,6,20.0,2.5,1.927865832122834,2.0,2.75,73.33333333333333,80.0,80.0,14,46.666666666666664,7,23.333333333333332,1,3.3333333333333335,2,6.666666666666667,0,0.0,6,20.0
182,False,2.2333333333333334,1.6468825769380835,1.5,2.0,80.0,86.66666666666667,90.0,15,50.0,6,20.0,3,10.0,2,6.666666666666667,1,3.3333333333333335,3,10.0,2.033333333333333,1.682920741515245,1.0,1.0,86.66666666666667,86.66666666666667,86.66666666666667,18,60.0,5,16.666666666666664,3,10.0,0,0.0,0,0.0,4,13.333333333333334,2.3,1.8101565309847285,1.5,1.75,80.0,83.33333333333334,83.33333333333334,15,50.0,7,23.333333333333332,2,6.666666666666667,1,3.3333333333333335,0,0.0,5,16.666666666666664,2.3333333333333335,1.8135294011647258,1.5,2.0,80.0,83.33333333333334,83.33333333333334,15,50.0,6,20.0,3,10.0,1,3.3333333333333335,0,0.0,5,16.666666666666664
183,True,2.3666666666666667,1.5595583420386114,2.0,2.0,86.66666666666667,86.66666666666667,90.0,12,40.0,6,20.0,8,26.666666666666668,0,0.0,1,3.3333333333333335,3,10.0,1.9666666666666666,1.7026123718829511,1.0,1.0,86.66666666666667,86.66666666666667,86.66666666666667,20,66.66666666666666,3,10.0,3,10.0,0,0.0,0,0.0,4,13.333333333333334,2.1333333333333333,1.746106780494506,1.0,1.0,83.33333333333334,83.33333333333334,86.66666666666667,17,56.666666666666664,6,20.0,2,6.666666666666667,0,0.0,1,3.3333333333333335,4,13.333333333333334,2.566666666666667,1.8015425489162213,2.0,2.0,80.0,80.0,83.33333333333334,12,40.0,6,20.0,6,20.0,0,0.0,1,3.3333333333333335,5,16.666666666666664
184,True,1.9666666666666666,1.3780017739062924,1.5,1.0,86.66666666666667,93.33333333333333,93.33333333333333,15,50.0,9,30.0,2,6.666666666666667,2,6.666666666666667,0,0.0,2,6.666666666666667,1.8666666666666667,1.586050300449376,1.0,1.0,86.66666666666667,86.66666666666667,90.0,19,63.33333333333333,7,23.333333333333332,0,0.0,0,0.0,1,3.3333333333333335,3,10.0,2.0,1.4142135623730951,2.0,1.0,86.66666666666667,90.0,93.33333333333333,14,46.666666666666664,11,36.666666666666664,1,3.3333333333333335,1,3.3333333333333335,1,3.3333333333333335,2,6.666666666666667,1.9666666666666666,1.4487542541400484,1.0,1.0,86.66666666666667,90.0,93.33333333333333,16,53.333333333333336,8,26.666666666666668,2,6.666666666666667,1,3.3333333333333335,1,3.3333333333333335,2,6.666666666666667
185,False,2.433333333333333,1.8015425489162211,2.0,2.0,80.0,83.33333333333334,83.33333333333334,14,46.666666666666664,5,16.666666666666664,5,16.666666666666664,1,3.3333333333333335,0,0.0,5,16.666666666666664,2.0,1.505545305418162,1.0,1.0,83.33333333333334,90.0,93.33333333333333,17,56.666666666666664,6,20.0,2,6.666666666666667,2,6.666666666666667,1,3.3333333333333335,2,6.666666666666667,2.3666666666666667,1.7603661235347858,2.0,2.0,83.33333333333334,83.33333333333334,83.33333333333334,13,43.333333333333336,8,26.666666666666668,4,13.333333333333334,0,0.0,0,0.0,5,16.666666666666664,2.3,1.7916472867168918,1.0,2.0,76.66666666666667,83.33333333333334,86.66666666666667,16,53.333333333333336,5,16.666666666666664,2,6.666666666666667,2,6.666666666666667,1,3.3333333333333335,4,13.333333333333334
186,True,2.066666666666667,1.4817407180595248,2.0,1.0,90.0,90.0,90.0,14,46.666666666666664,9,30.0,4,13.333333333333334,0,0.0,0,0.0,3,10.0,1.9333333333333333,1.4817407180595246,1.0,1.0,90.0,90.0,90.0,16,53.333333333333336,9,30.0,2,6.666666666666667,0,0.0,0,0.0,3,10.0,1.9666666666666666,1.4019827229875392,1.5,1.0,90.0,90.0,93.33333333333333,15,50.0,9,30.0,3,10.0,0,0.0,1,3.3333333333333335,2,6.666666666666667,2.1666666666666665,1.5293426329272617,2.0,1.75,83.33333333333334,86.66666666666667,93.33333333333333,14,46.666666666666664,8,26.666666666666668,3,10.0,1,3.3333333333333335,2,6.666666666666667,2,6.666666666666667
187,False,2.033333333333333,1.3780017739062924,2.0,1.0,90.0,90.0,93.33333333333333,13,43.333333333333336,11,36.666666666666664,3,10.0,0,0.0,1,3.3333333333333335,2,6.666666666666667,1.9333333333333333,1.412641340027806,1.0,1.0,86.66666666666667,93.33333333333333,93.33333333333333,17,56.666666666666664,6,20.0,3,10.0,2,6.666666666666667,0,0.0,2,6.666666666666667,2.066666666666667,1.5040685563571303,2.0,1.0,86.66666666666667,90.0,90.0,14,46.666666666666664,10,33.33333333333333,2,6.666666666666667,1,3.3333333333333335,0,0.0,3,10.0,2.5,1.875277757204694,2.0,2.0,80.0,80.0,80.0,13,43.333333333333336,7,23.333333333333332,4,13.333333333333334,0,0.0,0,0.0,6,20.0
188,False,2.2333333333333334,1.54236470683457,2.0,2.0,83.33333333333334,90.0,90.0,13,43.333333333333336,8,26.666666666666668,4,13.333333333333334,2,6.666666666666667,0,0.0,3,10.0,1.9,1.535143858622594,1.0,1.0,86.66666666666667,90.0,90.0,18,60.0,7,23.333333333333332,1,3.3333333333333335,1,3.3333333333333335,0,0.0,3,10.0,2.2333333333333334,1.725945795466616,1.0,2.0,80.0,86.66666666666667,86.66666666666667,16,53.333333333333336,5,16.666666666666664,3,10.0,2,6.666666666666667,0,0.0,4,13.333333333333334,2.566666666666667,1.9093337988826247,2.0,2.0,76.66666666666667,76.66666666666667,80.0,12,40.0,9,30.0,2,6.666666666666667,0,0.0,1,3.3333333333333335,6,20.0
189,True,2.5,1.7272328544042153,2.0,2.0,80.0,83.33333333333334,86.66666666666667,13,43.333333333333336,4,13.333333333333334,7,23.333333333333332,1,3.3333333333333335,1,3.3333333333333335,4,13.333333333333334,1.9333333333333333,1.4817407180595246,1.0,1.75,83.33333333333334,93.33333333333333,93.33333333333333,19,63.33333333333333,3,10.0,3,10.0,3,10.0,0,0.0,2,6.666666666666667,2.3,1.8645821694595994,1.0,2.0,76.66666666666667,83.33333333333334,83.33333333333334,17,56.666666666666664,4,13.333333333333334,2,6.666666666666667,2,6.666666666666667,0,0.0,5,16.666666666666664,2.466666666666667,1.687865186822955,2.0,2.0,80.0,86.66666666666667,86.66666666666667,13,43.333333333333336,4,13.333333333333334,7,23.333333333333332,2,6.666666666666667,0,0.0,4,13.333333333333334
190,False,2.3666666666666667,1.6829207415152447,2.0,1.75,76.66666666666667,86.66666666666667,86.66666666666667,12,40.0,10,33.33333333333333,1,3.3333333333333335,3,10.0,0,0.0,4,13.333333333333334,1.8333333333333333,1.5073892072793351,1.0,1.0,90.0,90.0,90.0,19,63.33333333333333,6,20.0,2,6.666666666666667,0,0.0,0,0.0,3,10.0,2.2666666666666666,1.7876116903722563,1.5,1.75,83.33333333333334,83.33333333333334,83.33333333333334,15,50.0,7,23.333333333333332,3,10.0,0,0.0,0,0.0,5,16.666666666666664,2.3,1.69607389776114,2.0,1.75,83.33333333333334,83.33333333333334,86.66666666666667,13,43.333333333333336,9,30.0,3,10.0,0,0.0,1,3.3333333333333335,4,13.333333333333334
191,True,2.0,1.3662601021279464,1.0,1.75,83.33333333333334,93.33333333333333,96.66666666666667,16,53.333333333333336,6,20.0,3,10.0,3,10.0,1,3.3333333333333335,1,3.3333333333333335,1.7666666666666666,1.5205992970609392,1.0,1.0,90.0,90.0,90.0,21,70.0,4,13.333333333333334,2,6.666666666666667,0,0.0,0,0.0,3,10.0,2.033333333333333,1.7220788470785986,1.0,1.0,83.33333333333334,86.66666666666667,86.66666666666667,19,63.33333333333333,4,13.333333333333334,2,6.666666666666667,1,3.3333333333333335,0,0.0,4,13.333333333333334,2.7,1.8823743871327334,2.0,3.0,70.0,76.66666666666667,83.33333333333334,12,40.0,6,20.0,3,10.0,2,6.666666666666667,2,6.666666666666667,5,16.666666666666664
192,False,2.7333333333333334,1.896195020443719,2.0,3.5,73.33333333333333,73.33333333333333,80.0,9,30.0,12,40.0,1,3.3333333333333335,0,0.0,2,6.666666666666667,6,20.0,2.1333333333333333,1.80246744461277,1.0,1.0,83.33333333333334,83.33333333333334,83.33333333333334,17,56.666666666666664,7,23.333333333333332,1,3.3333333333333335,0,0.0,0,0.0,5,16.666666666666664,2.3,1.8645821694595994,1.0,1.75,80.0,80.0,83.33333333333334,16,53.333333333333336,6,20.0,2,6.666666666666667,0,0.0,1,3.3333333333333335,5,16.666666666666664,2.7333333333333334,2.1123972690339814,1.5,4.0,66.66666666666666,70.0,76.66666666666667,15,50.0,4,13.333333333333334,1,3.3333333333333335,1,3.3333333333333335,2,6.666666666666667,7,23.333333333333332
193,False,2.6666666666666665,1.8856180831641267,2.0,2.75,73.33333333333333,80.0,80.0,12,40.0,6,20.0,4,13.333333333333334,2,6.666666666666667,0,0.0,6,20.0,2.0,1.6532795690182993,1.0,1.0,83.33333333333334,86.66666666666667,90.0,19,63.33333333333333,4,13.333333333333334,2,6.666666666666667,1,3.3333333333333335,1,3.3333333333333335,3,10.0,2.2,1.7962924780409972,1.0,2.0,80.0,83.33333333333334,86.66666666666667,18,60.0,3,10.0,3,10.0,1,3.3333333333333335,1,3.3333333333333335,4,13.333333333333334,2.9,2.0872629605937694,2.0,4.75,66.66666666666666,70.0,73.33333333333333,12,40.0,6,20.0,2,6.666666666666667,1,3.3333333333333335,1,3.3333333333333335,8,26.666666666666668
194,False,2.466666666666667,1.6679994670929073,2.0,2.0,80.0,83.33333333333334,86.66666666666667,10,33.33333333333333,11,36.666666666666664,3,10.0,1,3.3333333333333335,1,3.3333333333333335,4,13.333333333333334,1.9,1.4456832294800959,1.0,1.0,86.66666666666667,90.0,93.33333333333333,17,56.666666666666664,8,26.666666666666668,1,3.3333333333333335,1,3.3333333333333335,1,3.3333333333333335,2,6.666666666666667,1.9666666666666666,1.3535960336164634,1.5,1.0,90.0,93.33333333333333,93.33333333333333,15,50.0,8,26.666666666666668,4,13.333333333333334,1,3.3333333333333335,0,0.0,2,6.666666666666667,2.5,1.8027756377319946,2.0,2.0,76.66666666666667,76.66666666666667,86.66666666666667,12,40.0,9,30.0,2,6.666666666666667,0,0.0,3,10.0,4,13.333333333333334
195,False,1.7,1.004987562112089,1.5,1.0,96.66666666666667,96.66666666666667,96.66666666666667,15,50.0,12,40.0,2,6.666666666666667,0,0.0,0,0.0,1,3.3333333333333335,1.8666666666666667,1.4772346537440226,1.0,1.0,90.0,90.0,90.0,17,56.666666666666664,9,30.0,1,3.3333333333333335,0,0.0,0,0.0,3,10.0,2.0,1.5491933384829668,1.5,1.0,86.66666666666667,86.66666666666667,90.0,15,50.0,11,36.666666666666664,0,0.0,0,0.0,1,3.3333333333333335,3,10.0,2.2666666666666666,1.7307673314329557,1.5,2.0,83.33333333333334,83.33333333333334,86.66666666666667,15,50.0,6,20.0,4,13.333333333333334,0,0.0,1,3.3333333333333335,4,13.333333333333334
196,True,2.3,1.5088627063675033,2.0,1.75,80.0,86.66666666666667,93.33333333333333,11,36.666666666666664,11,36.666666666666664,2,6.666666666666667,2,6.666666666666667,2,6.666666666666667,2,6.666666666666667,2.1,1.619670748434179,1.0,1.0,83.33333333333334,86.66666666666667,90.0,16,53.333333333333336,7,23.333333333333332,2,6.666666666666667,1,3.3333333333333335,1,3.3333333333333335,3,10.0,2.1333333333333333,1.6478942792411033,1.5,1.0,86.66666666666667,86.66666666666667,86.66666666666667,15,50.0,8,26.666666666666668,3,10.0,0,0.0,0,0.0,4,13.333333333333334,2.4,1.6451950239004087,2.0,2.0,80.0,83.33333333333334,90.0,12,40.0,8,26.666666666666668,4,13.333333333333334,1,3.3333333333333335,2,6.666666666666667,3,10.0
197,True,2.2666666666666666,1.7113996870657913,1.5,2.0,80.0,86.66666666666667,86.66666666666667,15,50.0,6,20.0,3,10.0,2,6.666666666666667,0,0.0,4,13.333333333333334,1.9666666666666666,1.8526257642120336,1.0,0.75,83.33333333333334,83.33333333333334,83.33333333333334,22,73.33333333333333,2,6.666666666666667,1,3.3333333333333335,0,0.0,0,0.0,5,16.666666666666664,2.1333333333333333,1.8571184369578826,1.0,1.0,80.0,83.33333333333334,83.33333333333334,19,63.33333333333333,4,13.333333333333334,1,3.3333333333333335,1,3.3333333333333335,0,0.0,5,16.666666666666664,2.533333333333333,1.892675942210452,2.0,3.0,70.0,80.0,83.33333333333334,14,46.666666666666664,6,20.0,1,3.3333333333333335,3,10.0,1,3.3333333333333335,5,16.666666666666664
198,True,2.3,1.6360521589077368,2.0,2.0,86.66666666666667,86.66666666666667,86.66666666666667,13,43.333333333333336,7,23.333333333333332,6,20.0,0,0.0,0,0.0,4,13.333333333333334,1.7333333333333334,1.364632632697248,1.0,1.0,93.33333333333333,93.33333333333333,93.33333333333333,21,70.0,2,6.666666666666667,5,16.666666666666664,0,0.0,0,0.0,2,6.666666666666667,1.9333333333333333,1.569146972791976,1.0,1.0,86.66666666666667,90.0,90.0,19,63.33333333333333,4,13.333333333333334,3,10.0,1,3.3333333333333335,0,0.0,3,10.0,2.1333333333333333,1.4772346537440226,1.0,2.0,83.33333333333334,93.33333333333333,93.33333333333333,16,53.333333333333336,3,10.0,6,20.0,3,10.0,0,0.0,2,6.666666666666667
199,True,2.033333333333333,1.5162087220725546,1.5,1.0,86.66666666666667,90.0,90.0,15,50.0,9,30.0,2,6.666666666666667,1,3.3333333333333335,0,0.0,3,10.0,1.8,1.4696938456699067,1.0,1.0,86.66666666666667,90.0,93.33333333333333,20,66.66666666666666,5,16.666666666666664,1,3.3333333333333335,1,3.3333333333333335,1,3.3333333333333335,2,6.666666666666667,2.1,1.7767010628315238,1.0,1.0,80.0,83.33333333333334,86.66666666666667,18,60.0,6,20.0,0,0.0,1,3.3333333333333335,1,3.3333333333333335,4,13.333333333333334,2.1333333333333333,1.6679994670929073,1.0,1.0,76.66666666666667,83.33333333333334,93.33333333333333,17,56.666666666666664,6,20.0,0,0.0,2,6.666666666666667,3,10.0,2,6.666666666666667
200,True,2.3,1.5307950004273378,2.0,2.0,83.33333333333334,90.0,90.0,12,40.0,8,26.666666666666668,5,16.666666666666664,2,6.666666666666667,0,0.0,3,10.0,1.9,1.445683229480096,1.0,1.75,86.66666666666667,93.33333333333333,93.33333333333333,19,63.33333333333333,3,10.0,4,13.333333333333334,2,6.666666666666667,0,0.0,2,6.666666666666667,2.2,1.7009801096230766,1.0,2.0,83.33333333333334,86.66666666666667,86.66666666666667,16,53.333333333333336,5,16.666666666666664,4,13.333333333333334,1,3.3333333333333335,0,0.0,4,13.333333333333334,2.3,1.69607389776114,1.5,2.0,83.33333333333334,86.66666666666667,86.66666666666667,15,50.0,4,13.333333333333334,6,20.0,1,3.3333333333333335,0,0.0,4,13.333333333333334
201,True,2.2666666666666666,1.8061622912192088,1.5,1.0,80.0,83.33333333333334,83.33333333333334,15,50.0,8,26.666666666666668,1,3.3333333333333335,1,3.3333333333333335,0,0.0,5,16.666666666666664,1.6333333333333333,1.1396880664852507,1.0,1.0,93.33333333333333,96.66666666666667,96.66666666666667,20,66.66666666666666,5,16.666666666666664,3,10.0,1,3.3333333333333335,0,0.0,1,3.3333333333333335,1.7,1.1874342087037917,1.0,1.0,90.0,96.66666666666667,96.66666666666667,19,63.33333333333333,6,20.0,2,6.666666666666667,2,6.666666666666667,0,0.0,1,3.3333333333333335,1.9310344827586208,1.3372909951493321,1.0,1.0,86.20689655172413,93.10344827586206,96.55172413793103,16,55.172413793103445,6,20.689655172413794,3,10.344827586206897,2,6.896551724137931,1,3.4482758620689653,1,3.4482758620689653
202,False,2.6666666666666665,1.7950549357115013,2.0,2.75,73.33333333333333,76.66666666666667,86.66666666666667,11,36.666666666666664,7,23.333333333333332,4,13.333333333333334,1,3.3333333333333335,3,10.0,4,13.333333333333334,2.1666666666666665,1.7904065335994381,1.0,2.0,80.0,80.0,90.0,19,63.33333333333333,2,6.666666666666667,3,10.0,0,0.0,3,10.0,3,10.0,2.3333333333333335,1.7950549357115013,1.5,2.0,80.0,80.0,86.66666666666667,15,50.0,6,20.0,3,10.0,0,0.0,2,6.666666666666667,4,13.333333333333334,3.2,2.0231987873991355,3.0,4.0,56.666666666666664,66.66666666666666,76.66666666666667,11,36.666666666666664,2,6.666666666666667,4,13.333333333333334,3,10.0,3,10.0,7,23.333333333333332
203,True,2.1333333333333333,1.6478942792411035,1.0,2.0,83.33333333333334,86.66666666666667,90.0,17,56.666666666666664,4,13.333333333333334,4,13.333333333333334,1,3.3333333333333335,1,3.3333333333333335,3,10.0,1.9333333333333333,1.7307673314329557,1.0,1.0,83.33333333333334,86.66666666666667,86.66666666666667,21,70.0,3,10.0,1,3.3333333333333335,1,3.3333333333333335,0,0.0,4,13.333333333333334,2.2,1.7776388834631176,1.0,1.75,80.0,83.33333333333334,86.66666666666667,17,56.666666666666664,5,16.666666666666664,2,6.666666666666667,1,3.3333333333333335,1,3.3333333333333335,4,13.333333333333334,2.2666666666666666,1.8427033281447005,1.0,2.0,80.0,83.33333333333334,83.33333333333334,17,56.666666666666664,4,13.333333333333334,3,10.0,1,3.3333333333333335,0,0.0,5,16.666666666666664
204,False,2.966666666666667,1.9058389811897076,2.5,3.75,66.66666666666666,73.33333333333333,80.0,10,33.33333333333333,5,16.666666666666664,5,16.666666666666664,2,6.666666666666667,2,6.666666666666667,6,20.0,2.033333333333333,1.682920741515245,1.0,1.0,86.66666666666667,86.66666666666667,86.66666666666667,18,60.0,5,16.666666666666664,3,10.0,0,0.0,0,0.0,4,13.333333333333334,2.1333333333333333,1.8208667044996885,1.0,1.0,83.33333333333334,83.33333333333334,83.33333333333334,18,60.0,5,16.666666666666664,2,6.666666666666667,0,0.0,0,0.0,5,16.666666666666664,2.3333333333333335,1.738453974720706,1.5,2.0,76.66666666666667,86.66666666666667,86.66666666666667,15,50.0,5,16.666666666666664,3,10.0,3,10.0,0,0.0,4,13.333333333333334
205,False,2.6333333333333333,1.7978382080215733,2.0,2.75,73.33333333333333,80.0,83.33333333333334,10,33.33333333333333,10,33.33333333333333,2,6.666666666666667,2,6.666666666666667,1,3.3333333333333335,5,16.666666666666664,2.0,1.632993161855452,1.0,1.0,83.33333333333334,86.66666666666667,90.0,18,60.0,6,20.0,1,3.3333333333333335,1,3.3333333333333335,1,3.3333333333333335,3,10.0,2.4,2.042873792805942,1.0,1.75,76.66666666666667,76.66666666666667,76.66666666666667,17,56.666666666666664,5,16.666666666666664,1,3.3333333333333335,0,0.0,0,0.0,7,23.333333333333332,2.2666666666666666,1.569146972791976,2.0,2.0,80.0,90.0,90.0,13,43.333333333333336,8,26.666666666666668,3,10.0,3,10.0,0,0.0,3,10.0
206,True,2.0,1.5275252316519468,1.0,1.0,86.66666666666667,90.0,90.0,16,53.333333333333336,8,26.666666666666668,2,6.666666666666667,1,3.3333333333333335,0,0.0,3,10.0,1.7666666666666666,1.5638272140986536,1.0,0.75,86.66666666666667,90.0,90.0,22,73.33333333333333,3,10.0,1,3.3333333333333335,1,3.3333333333333335,0,0.0,3,10.0,1.9,1.57797338380595,1.0,1.0,86.66666666666667,90.0,90.0,20,66.66666666666666,3,10.0,3,10.0,1,3.3333333333333335,0,0.0,3,10.0,2.3,1.9,1.0,1.75,76.66666666666667,80.0,83.33333333333334,17,56.666666666666664,5,16.666666666666664,1,3.3333333333333335,1,3.3333333333333335,1,3.3333333333333335,5,16.666666666666664
207,False,2.1,1.3503086067019396,2.0,2.0,90.0,93.33333333333333,93.33333333333333,13,43.333333333333336,8,26.666666666666668,6,20.0,1,3.3333333333333335,0,0.0,2,6.666666666666667,1.7666666666666666,1.2023125864580957,1.0,1.0,90.0,96.66666666666667,96.66666666666667,18,60.0,6,20.0,3,10.0,2,6.666666666666667,0,0.0,1,3.3333333333333335,2.1666666666666665,1.8454147380888544,1.0,1.0,80.0,83.33333333333334,83.33333333333334,18,60.0,5,16.666666666666664,1,3.3333333333333335,1,3.3333333333333335,0,0.0,5,16.666666666666664,2.466666666666667,1.8208667044996885,2.0,2.0,80.0,80.0,83.33333333333334,13,43.333333333333336,7,23.333333333333332,4,13.333333333333334,0,0.0,1,3.3333333333333335,5,16.666666666666664
208,True,1.9666666666666666,1.4487542541400484,1.0,1.0,86.66666666666667,90.0,93.33333333333333,16,53.333333333333336,8,26.666666666666668,2,6.666666666666667,1,3.3333333333333335,1,3.3333333333333335,2,6.666666666666667,1.8,1.4922019523732928,1.0,1.0,86.66666666666667,90.0,93.33333333333333,21,70.0,3,10.0,2,6.666666666666667,1,3.3333333333333335,1,3.3333333333333335,2,6.666666666666667,1.8,1.4922019523732928,1.0,1.0,86.66666666666667,90.0,93.33333333333333,21,70.0,3,10.0,2,6.666666666666667,1,3.3333333333333335,1,3.3333333333333335,2,6.666666666666667,2.1,1.6401219466856725,1.0,1.75,83.33333333333334,86.66666666666667,90.0,17,56.666666666666664,5,16.666666666666664,3,10.0,1,3.3333333333333335,1,3.3333333333333335,3,10.0
209,True,2.2666666666666666,1.364632632697248,2.0,1.75,86.66666666666667,90.0,93.33333333333333,9,30.0,13,43.333333333333336,4,13.333333333333334,1,3.3333333333333335,1,3.3333333333333335,2,6.666666666666667,2.1666666666666665,1.5933891203622825,2.0,1.0,83.33333333333334,86.66666666666667,90.0,14,46.666666666666664,9,30.0,2,6.666666666666667,1,3.3333333333333335,1,3.3333333333333335,3,10.0,2.2,1.4696938456699067,2.0,1.0,86.66666666666667,90.0,90.0,11,36.666666666666664,12,40.0,3,10.0,1,3.3333333333333335,0,0.0,3,10.0,2.2666666666666666,1.6519348924485158,2.0,1.75,83.33333333333334,86.66666666666667,86.66666666666667,13,43.333333333333336,9,30.0,3,10.0,1,3.3333333333333335,0,0.0,4,13.333333333333334
210,False,2.4,1.624807680927192,2.0,2.0,76.66666666666667,86.66666666666667,90.0,12,40.0,8,26.666666666666668,3,10.0,3,10.0,1,3.3333333333333335,3,10.0,1.9666666666666666,1.6428295373802142,1.0,1.75,80.0,86.66666666666667,93.33333333333333,21,70.0,1,3.3333333333333335,2,6.666666666666667,2,6.666666666666667,2,6.666666666666667,2,6.666666666666667,2.066666666666667,1.590248058916875,1.0,1.75,83.33333333333334,90.0,90.0,17,56.666666666666664,5,16.666666666666664,3,10.0,2,6.666666666666667,0,0.0,3,10.0,2.5,1.91049731745428,1.0,2.75,73.33333333333333,80.0,83.33333333333334,16,53.333333333333336,2,6.666666666666667,4,13.333333333333334,2,6.666666666666667,1,3.3333333333333335,5,16.666666666666664
211,True,2.2,1.6613247725836149,2.0,1.0,80.0,83.33333333333334,90.0,14,46.666666666666664,10,33.33333333333333,0,0.0,1,3.3333333333333335,2,6.666666666666667,3,10.0,1.7333333333333334,1.339983416149452,1.0,1.0,90.0,93.33333333333333,93.33333333333333,19,63.33333333333333,7,23.333333333333332,1,3.3333333333333335,1,3.3333333333333335,0,0.0,2,6.666666666666667,1.9333333333333333,1.6519348924485155,1.0,1.0,86.66666666666667,86.66666666666667,86.66666666666667,18,60.0,8,26.666666666666668,0,0.0,0,0.0,0,0.0,4,13.333333333333334,2.1,1.680277754817141,1.0,1.0,83.33333333333334,86.66666666666667,86.66666666666667,16,53.333333333333336,8,26.666666666666668,1,3.3333333333333335,1,3.3333333333333335,0,0.0,4,13.333333333333334
212,False,2.3,1.46401275039985,2.0,2.0,86.66666666666667,86.66666666666667,93.33333333333333,11,36.666666666666664,9,30.0,6,20.0,0,0.0,2,6.666666666666667,2,6.666666666666667,2.0,1.570562531918633,1.0,1.75,86.66666666666667,90.0,90.0,18,60.0,4,13.333333333333334,4,13.333333333333334,1,3.3333333333333335,0,0.0,3,10.0,2.2666666666666666,1.7688665548562132,1.0,2.0,80.0,83.33333333333334,86.66666666666667,16,53.333333333333336,5,16.666666666666664,3,10.0,1,3.3333333333333335,1,3.3333333333333335,4,13.333333333333334,2.3,1.676305461424021,2.0,2.0,83.33333333333334,86.66666666666667,86.66666666666667,14,46.666666666666664,6,20.0,5,16.666666666666664,1,3.3333333333333335,0,0.0,4,13.333333333333334
213,False,2.3333333333333335,1.3984117975602022,2.0,2.0,86.66666666666667,90.0,93.33333333333333,10,33.33333333333333,9,30.0,7,23.333333333333332,1,3.3333333333333335,1,3.3333333333333335,2,6.666666666666667,2.1666666666666665,1.4161763857498668,2.0,2.0,83.33333333333334,93.33333333333333,93.33333333333333,13,43.333333333333336,8,26.666666666666668,4,13.333333333333334,3,10.0,0,0.0,2,6.666666666666667,2.433333333333333,1.6868774571839993,2.0,2.0,76.66666666666667,86.66666666666667,86.66666666666667,12,40.0,8,26.666666666666668,3,10.0,3,10.0,0,0.0,4,13.333333333333334,2.8333333333333335,1.7143187827498387,2.5,3.0,70.0,80.0,86.66666666666667,9,30.0,6,20.0,6,20.0,3,10.0,2,6.666666666666667,4,13.333333333333334
214,False,2.466666666666667,1.564892612574067,2.0,3.0,70.0,90.0,93.33333333333333,12,40.0,6,20.0,3,10.0,6,20.0,1,3.3333333333333335,2,6.666666666666667,1.9666666666666666,1.5380362660079103,1.0,1.0,86.66666666666667,90.0,90.0,17,56.666666666666664,7,23.333333333333332,2,6.666666666666667,1,3.3333333333333335,0,0.0,3,10.0,2.033333333333333,1.5380362660079103,1.0,1.0,86.66666666666667,90.0,90.0,16,53.333333333333336,7,23.333333333333332,3,10.0,1,3.3333333333333335,0,0.0,3,10.0,2.3666666666666667,1.601735170231195,2.0,2.0,80.0,83.33333333333334,93.33333333333333,13,43.333333333333336,6,20.0,5,16.666666666666664,1,3.3333333333333335,3,10.0,2,6.666666666666667
215,False,2.433333333333333,1.8199511592958264,2.0,2.0,76.66666666666667,83.33333333333334,83.33333333333334,14,46.666666666666664,6,20.0,3,10.0,2,6.666666666666667,0,0.0,5,16.666666666666664,1.8,1.5577761927397231,1.0,1.0,86.66666666666667,90.0,90.0,21,70.0,4,13.333333333333334,1,3.3333333333333335,1,3.3333333333333335,0,0.0,3,10.0,1.8,1.5143755588800731,1.0,1.0,90.0,90.0,90.0,20,66.66666666666666,5,16.666666666666664,2,6.666666666666667,0,0.0,0,0.0,3,10.0,1.9,1.445683229480096,1.0,1.0,86.66666666666667,90.0,93.33333333333333,17,56.666666666666664,8,26.666666666666668,1,3.3333333333333335,1,3.3333333333333335,1,3.3333333333333335,2,6.666666666666667
216,False,2.3,1.7349351572897471,1.5,2.0,76.66666666666667,86.66666666666667,86.66666666666667,15,50.0,6,20.0,2,6.666666666666667,3,10.0,0,0.0,4,13.333333333333334,1.9,1.445683229480096,1.0,1.0,83.33333333333334,93.33333333333333,93.33333333333333,18,60.0,6,20.0,1,3.3333333333333335,3,10.0,0,0.0,2,6.666666666666667,2.1,1.619670748434179,1.0,1.75,80.0,90.0,90.0,17,56.666666666666664,5,16.666666666666664,2,6.666666666666667,3,10.0,0,0.0,3,10.0,2.1,1.5989579940281942,1.0,1.75,80.0,86.66666666666667,93.33333333333333,17,56.666666666666664,5,16.666666666666664,2,6.666666666666667,2,6.666666666666667,2,6.666666666666667,2,6.666666666666667
217,False,2.9,1.903505538035898,2.0,3.75,70.0,73.33333333333333,80.0,10,33.33333333333333,6,20.0,5,16.666666666666664,1,3.3333333333333335,2,6.666666666666667,6,20.0,2.1666666666666665,1.827262676488766,1.0,1.75,76.66666666666667,83.33333333333334,86.66666666666667,19,63.33333333333333,3,10.0,1,3.3333333333333335,2,6.666666666666667,1,3.3333333333333335,4,13.333333333333334,2.066666666666667,1.7307673314329561,1.0,1.0,80.0,86.66666666666667,86.66666666666667,18,60.0,6,20.0,0,0.0,2,6.666666666666667,0,0.0,4,13.333333333333334,2.6666666666666665,1.7384539747207064,2.0,3.0,70.0,80.0,90.0,12,40.0,4,13.333333333333334,5,16.666666666666664,3,10.0,3,10.0,3,10.0
218,True,2.2333333333333334,1.5849991237291654,2.0,1.75,83.33333333333334,86.66666666666667,90.0,13,43.333333333333336,9,30.0,3,10.0,1,3.3333333333333335,1,3.3333333333333335,3,10.0,2.066666666666667,1.806162291219209,1.0,1.75,76.66666666666667,86.66666666666667,86.66666666666667,21,70.0,1,3.3333333333333335,1,3.3333333333333335,3,10.0,0,0.0,4,13.333333333333334,2.3666666666666667,1.8882678717691397,1.0,2.0,76.66666666666667,80.0,83.33333333333334,16,53.333333333333336,5,16.666666666666664,2,6.666666666666667,1,3.3333333333333335,1,3.3333333333333335,5,16.666666666666664,2.466666666666667,1.7269111795984826,2.0,2.75,73.33333333333333,83.33333333333334,90.0,14,46.666666666666664,4,13.333333333333334,4,13.333333333333334,3,10.0,2,6.666666666666667,3,10.0
219,False,3.1,2.0058248511107175,2.0,4.5,66.66666666666666,66.66666666666666,73.33333333333333,8,26.666666666666668,9,30.0,3,10.0,0,0.0,2,6.666666666666667,8,26.666666666666668,2.1666666666666665,1.7336538165261124,1.0,2.0,80.0,83.33333333333334,90.0,18,60.0,3,10.0,3,10.0,1,3.3333333333333335,2,6.666666666666667,3,10.0,2.5,1.875277757204694,2.0,2.75,73.33333333333333,80.0,83.33333333333334,14,46.666666666666664,6,20.0,2,6.666666666666667,2,6.666666666666667,1,3.3333333333333335,5,16.666666666666664,2.6333333333333333,1.9058389811897074,2.0,2.75,73.33333333333333,76.66666666666667,83.33333333333334,14,46.666666666666664,3,10.0,5,16.666666666666664,1,3.3333333333333335,2,6.666666666666667,5,16.666666666666664
220,True,2.0,1.4375905768565218,1.5,1.0,86.66666666666667,90.0,93.33333333333333,15,50.0,9,30.0,2,6.666666666666667,1,3.3333333333333335,1,3.3333333333333335,2,6.666666666666667,1.8,1.6812693617224659,1.0,0.75,86.66666666666667,86.66666666666667,86.66666666666667,22,73.33333333333333,4,13.333333333333334,0,0.0,0,0.0,0,0.0,4,13.333333333333334,2.066666666666667,1.8427033281447005,1.0,1.0,83.33333333333334,83.33333333333334,83.33333333333334,20,66.66666666666666,3,10.0,2,6.666666666666667,0,0.0,0,0.0,5,16.666666666666664,2.2666666666666666,1.7688665548562132,1.0,2.0,80.0,83.33333333333334,86.66666666666667,16,53.333333333333336,5,16.666666666666664,3,10.0,1,3.3333333333333335,1,3.3333333333333335,4,13.333333333333334
221,False,2.3666666666666667,1.5807874268505835,2.0,2.0,86.66666666666667,86.66666666666667,86.66666666666667,10,33.33333333333333,11,36.666666666666664,5,16.666666666666664,0,0.0,0,0.0,4,13.333333333333334,1.9666666666666666,1.5380362660079103,1.0,1.0,86.66666666666667,90.0,90.0,17,56.666666666666664,7,23.333333333333332,2,6.666666666666667,1,3.3333333333333335,0,0.0,3,10.0,2.3666666666666667,1.9232495649002208,1.0,2.0,80.0,80.0,80.0,16,53.333333333333336,5,16.666666666666664,3,10.0,0,0.0,0,0.0,6,20.0,2.4,1.6653327995729061,2.0,2.0,80.0,86.66666666666667,86.66666666666667,12,40.0,8,26.666666666666668,4,13.333333333333334,2,6.666666666666667,0,0.0,4,13.333333333333334
222,False,2.7333333333333334,1.8245242911205346,2.0,2.0,76.66666666666667,80.0,80.0,10,33.33333333333333,7,23.333333333333332,6,20.0,1,3.3333333333333335,0,0.0,6,20.0,2.2,1.6411378166788229,1.5,1.75,80.0,86.66666666666667,90.0,15,50.0,7,23.333333333333332,2,6.666666666666667,2,6.666666666666667,1,3.3333333333333335,3,10.0,2.8,2.0066555924389884,2.0,3.75,70.0,73.33333333333333,76.66666666666667,12,40.0,6,20.0,3,10.0,1,3.3333333333333335,1,3.3333333333333335,7,23.333333333333332,2.6666666666666665,1.8856180831641267,2.0,3.0,70.0,76.66666666666667,83.33333333333334,12,40.0,7,23.333333333333332,2,6.666666666666667,2,6.666666666666667,2,6.666666666666667,5,16.666666666666664
223,True,2.033333333333333,1.6428295373802142,1.0,2.0,86.66666666666667,86.66666666666667,90.0,19,63.33333333333333,2,6.666666666666667,5,16.666666666666664,0,0.0,1,3.3333333333333335,3,10.0,2.0,1.7888543819998317,1.0,1.0,83.33333333333334,83.33333333333334,86.66666666666667,21,70.0,2,6.666666666666667,2,6.666666666666667,0,0.0,1,3.3333333333333335,4,13.333333333333334,1.9333333333333333,1.4817407180595246,1.0,1.0,86.66666666666667,90.0,93.33333333333333,18,60.0,5,16.666666666666664,3,10.0,1,3.3333333333333335,1,3.3333333333333335,2,6.666666666666667,2.2,1.7204650534085253,1.0,2.0,83.33333333333334,86.66666666666667,86.66666666666667,17,56.666666666666664,3,10.0,5,16.666666666666664,1,3.3333333333333335,0,0.0,4,13.333333333333334
224,True,2.7333333333333334,1.569146972791976,2.0,1.75,73.33333333333333,83.33333333333334,90.0,7,23.333333333333332,10,33.33333333333333,5,16.666666666666664,3,10.0,2,6.666666666666667,3,10.0,2.433333333333333,1.8740923729160797,2.0,2.5,73.33333333333333,80.0,83.33333333333334,14,46.666666666666664,8,26.666666666666668,0,0.0,2,6.666666666666667,1,3.3333333333333335,5,16.666666666666664,2.6,1.8903262505010434,2.0,2.75,73.33333333333333,80.0,80.0,12,40.0,8,26.666666666666668,2,6.666666666666667,2,6.666666666666667,0,0.0,6,20.0,3.3666666666666667,1.8345450541089348,3.0,3.0,53.333333333333336,66.66666666666666,80.0,6,20.0,7,23.333333333333332,3,10.0,4,13.333333333333334,4,13.333333333333334,6,20.0
225,True,2.6,1.6451950239004087,2.0,2.0,76.66666666666667,86.66666666666667,86.66666666666667,10,33.33333333333333,7,23.333333333333332,6,20.0,3,10.0,0,0.0,4,13.333333333333334,2.066666666666667,1.5477582354991866,1.0,1.75,80.0,90.0,93.33333333333333,17,56.666666666666664,5,16.666666666666664,2,6.666666666666667,3,10.0,1,3.3333333333333335,2,6.666666666666667,2.3666666666666667,1.7413277182145301,1.5,2.0,76.66666666666667,86.66666666666667,86.66666666666667,15,50.0,4,13.333333333333334,4,13.333333333333334,3,10.0,0,0.0,4,13.333333333333334,2.566666666666667,1.6868774571839995,2.0,2.0,76.66666666666667,86.66666666666667,86.66666666666667,12,40.0,4,13.333333333333334,7,23.333333333333332,3,10.0,0,0.0,4,13.333333333333334
226,True,2.0,1.390443574307614,1.5,1.0,86.66666666666667,93.33333333333333,93.33333333333333,15,50.0,8,26.666666666666668,3,10.0,2,6.666666666666667,0,0.0,2,6.666666666666667,1.7,1.3203534880225571,1.0,1.0,90.0,93.33333333333333,93.33333333333333,19,63.33333333333333,8,26.666666666666668,0,0.0,1,3.3333333333333335,0,0.0,2,6.666666666666667,1.7666666666666666,1.3828312341794362,1.0,1.0,86.66666666666667,93.33333333333333,93.33333333333333,19,63.33333333333333,7,23.333333333333332,0,0.0,2,6.666666666666667,0,0.0,2,6.666666666666667,2.066666666666667,1.5691469727919762,1.0,1.0,83.33333333333334,90.0,90.0,16,53.333333333333336,7,23.333333333333332,2,6.666666666666667,2,6.666666666666667,0,0.0,3,10.0
227,True,2.0,1.4142135623730951,1.0,1.75,80.0,93.33333333333333,96.66666666666667,17,56.666666666666664,5,16.666666666666664,2,6.666666666666667,4,13.333333333333334,1,3.3333333333333335,1,3.3333333333333335,1.8333333333333333,1.4395215254459457,1.0,1.0,83.33333333333334,93.33333333333333,93.33333333333333,19,63.33333333333333,6,20.0,0,0.0,3,10.0,0,0.0,2,6.666666666666667,2.033333333333333,1.5162087220725546,1.0,1.75,83.33333333333334,90.0,93.33333333333333,17,56.666666666666664,5,16.666666666666664,3,10.0,2,6.666666666666667,1,3.3333333333333335,2,6.666666666666667,2.1666666666666665,1.7527755766846542,1.0,2.0,80.0,86.66666666666667,86.66666666666667,18,60.0,3,10.0,3,10.0,2,6.666666666666667,0,0.0,4,13.333333333333334
228,False,2.2333333333333334,1.7259457954666158,1.0,2.0,80.0,86.66666666666667,86.66666666666667,16,53.333333333333336,5,16.666666666666664,3,10.0,2,6.666666666666667,0,0.0,4,13.333333333333334,1.8666666666666667,1.4996295838935991,1.0,1.0,86.66666666666667,90.0,93.33333333333333,20,66.66666666666666,3,10.0,3,10.0,1,3.3333333333333335,1,3.3333333333333335,2,6.666666666666667,2.3333333333333335,1.9379255804998177,1.0,2.0,80.0,80.0,80.0,17,56.666666666666664,4,13.333333333333334,3,10.0,0,0.0,0,0.0,6,20.0,2.066666666666667,1.4126413400278062,1.0,2.0,86.66666666666667,90.0,96.66666666666667,16,53.333333333333336,4,13.333333333333334,6,20.0,1,3.3333333333333335,2,6.666666666666667,1,3.3333333333333335
229,False,2.2333333333333334,1.7829438827088442,1.5,1.0,83.33333333333334,83.33333333333334,83.33333333333334,15,50.0,8,26.666666666666668,2,6.666666666666667,0,0.0,0,0.0,5,16.666666666666664,1.8,1.7009801096230763,1.0,0.0,86.66666666666667,86.66666666666667,86.66666666666667,23,76.66666666666667,2,6.666666666666667,1,3.3333333333333335,0,0.0,0,0.0,4,13.333333333333334,1.7333333333333334,1.5260697523012796,1.0,0.75,90.0,90.0,90.0,22,73.33333333333333,3,10.0,2,6.666666666666667,0,0.0,0,0.0,3,10.0,2.0,1.6931233465600393,1.0,1.0,83.33333333333334,83.33333333333334,90.0,19,63.33333333333333,5,16.666666666666664,1,3.3333333333333335,0,0.0,2,6.666666666666667,3,10.0
230,False,2.2,1.5577761927397231,2.0,2.0,83.33333333333334,90.0,90.0,14,46.666666666666664,7,23.333333333333332,4,13.333333333333334,2,6.666666666666667,0,0.0,3,10.0,1.8333333333333333,1.5073892072793351,1.0,1.0,90.0,90.0,90.0,19,63.33333333333333,6,20.0,2,6.666666666666667,0,0.0,0,0.0,3,10.0,1.8,1.3515423288475528,1.0,1.0,90.0,93.33333333333333,93.33333333333333,18,60.0,7,23.333333333333332,2,6.666666666666667,1,3.3333333333333335,0,0.0,2,6.666666666666667,2.2333333333333334,1.7065234314893605,1.5,1.75,80.0,86.66666666666667,86.66666666666667,15,50.0,7,23.333333333333332,2,6.666666666666667,2,6.666666666666667,0,0.0,4,13.333333333333334
231,False,2.8,1.6,3.0,2.5,73.33333333333333,86.66666666666667,86.66666666666667,8,26.666666666666668,6,20.0,8,26.666666666666668,4,13.333333333333334,0,0.0,4,13.333333333333334,2.4,1.9078784028338913,1.0,2.75,73.33333333333333,76.66666666666667,86.66666666666667,17,56.666666666666664,3,10.0,2,6.666666666666667,1,3.3333333333333335,3,10.0,4,13.333333333333334,2.3,1.7156145643277028,2.0,1.0,80.0,83.33333333333334,86.66666666666667,13,43.333333333333336,10,33.33333333333333,1,3.3333333333333335,1,3.3333333333333335,1,3.3333333333333335,4,13.333333333333334,3.0,1.9321835661585918,2.0,3.75,66.66666666666666,73.33333333333333,76.66666666666667,9,30.0,7,23.333333333333332,4,13.333333333333334,2,6.666666666666667,1,3.3333333333333335,7,23.333333333333332
232,False,2.6666666666666665,1.8499249234015476,2.0,2.0,76.66666666666667,80.0,80.0,11,36.666666666666664,7,23.333333333333332,5,16.666666666666664,1,3.3333333333333335,0,0.0,6,20.0,2.3,1.8823743871327334,1.0,2.0,80.0,80.0,83.33333333333334,17,56.666666666666664,4,13.333333333333334,3,10.0,0,0.0,1,3.3333333333333335,5,16.666666666666664,2.4,1.8,2.0,2.0,76.66666666666667,80.0,86.66666666666667,14,46.666666666666664,7,23.333333333333332,2,6.666666666666667,1,3.3333333333333335,2,6.666666666666667,4,13.333333333333334,2.466666666666667,1.70749979664876,2.0,2.0,76.66666666666667,83.33333333333334,86.66666666666667,11,36.666666666666664,10,33.33333333333333,2,6.666666666666667,2,6.666666666666667,1,3.3333333333333335,4,13.333333333333334
233,False,2.533333333333333,1.521694961401777,2.0,2.0,76.66666666666667,90.0,90.0,9,30.0,9,30.0,5,16.666666666666664,4,13.333333333333334,0,0.0,3,10.0,2.1,1.7194960502038572,1.0,1.75,83.33333333333334,86.66666666666667,86.66666666666667,18,60.0,4,13.333333333333334,3,10.0,1,3.3333333333333335,0,0.0,4,13.333333333333334,2.066666666666667,1.5477582354991866,1.0,2.0,90.0,90.0,90.0,17,56.666666666666664,3,10.0,7,23.333333333333332,0,0.0,0,0.0,3,10.0,2.5,1.707825127659933,2.0,2.0,80.0,83.33333333333334,86.66666666666667,12,40.0,6,20.0,6,20.0,1,3.3333333333333335,1,3.3333333333333335,4,13.333333333333334
234,True,2.8666666666666667,1.8571184369578826,2.0,3.75,70.0,73.33333333333333,83.33333333333334,10,33.33333333333333,6,20.0,5,16.666666666666664,1,3.3333333333333335,3,10.0,5,16.666666666666664,2.1666666666666665,1.6749792701868151,1.0,2.0,80.0,86.66666666666667,90.0,17,56.666666666666664,4,13.333333333333334,3,10.0,2,6.666666666666667,1,3.3333333333333335,3,10.0,2.433333333333333,1.856220772310114,2.0,2.0,76.66666666666667,80.0,83.33333333333334,14,46.666666666666664,7,23.333333333333332,2,6.666666666666667,1,3.3333333333333335,1,3.3333333333333335,5,16.666666666666664,2.6666666666666665,1.8499249234015478,2.0,3.0,70.0,80.0,83.33333333333334,12,40.0,6,20.0,3,10.0,3,10.0,1,3.3333333333333335,5,16.666666666666664
235,False,2.8333333333333335,1.7336538165261124,2.0,2.75,70.0,76.66666666666667,86.66666666666667,8,26.666666666666668,9,30.0,4,13.333333333333334,2,6.666666666666667,3,10.0,4,13.333333333333334,2.2,1.7009801096230763,1.5,1.0,80.0,86.66666666666667,86.66666666666667,15,50.0,8,26.666666666666668,1,3.3333333333333335,2,6.666666666666667,0,0.0,4,13.333333333333334,2.2,1.6411378166788229,2.0,1.0,83.33333333333334,86.66666666666667,86.66666666666667,13,43.333333333333336,11,36.666666666666664,1,3.3333333333333335,1,3.3333333333333335,0,0.0,4,13.333333333333334,2.8666666666666667,1.839081896551163,2.0,2.75,70.0,76.66666666666667,80.0,8,26.666666666666668,10,33.33333333333333,3,10.0,2,6.666666666666667,1,3.3333333333333335,6,20.0
236,True,1.8666666666666667,1.4996295838935991,1.0,1.0,90.0,90.0,90.0,18,60.0,7,23.333333333333332,2,6.666666666666667,0,0.0,0,0.0,3,10.0,1.8333333333333333,1.6947631758514883,1.0,0.75,86.66666666666667,86.66666666666667,86.66666666666667,22,73.33333333333333,3,10.0,1,3.3333333333333335,0,0.0,0,0.0,4,13.333333333333334,2.0,1.8439088914585775,1.0,1.0,83.33333333333334,83.33333333333334,83.33333333333334,21,70.0,3,10.0,1,3.3333333333333335,0,0.0,0,0.0,5,16.666666666666664,2.3333333333333335,1.8318175552045448,1.0,2.0,76.66666666666667,80.0,86.66666666666667,16,53.333333333333336,5,16.666666666666664,2,6.666666666666667,1,3.3333333333333335,2,6.666666666666667,4,13.333333333333334
237,True,2.2,1.5362291495737217,2.0,1.75,83.33333333333334,90.0,90.0,13,43.333333333333336,9,30.0,3,10.0,2,6.666666666666667,0,0.0,3,10.0,1.9333333333333333,1.3888444437333105,1.0,1.0,86.66666666666667,93.33333333333333,93.33333333333333,16,53.333333333333336,8,26.666666666666668,2,6.666666666666667,2,6.666666666666667,0,0.0,2,6.666666666666667,2.1,1.6603212540549697,1.0,1.0,86.66666666666667,86.66666666666667,86.66666666666667,16,53.333333333333336,7,23.333333333333332,3,10.0,0,0.0,0,0.0,4,13.333333333333334,2.1333333333333333,1.284090685617215,2.0,1.75,80.0,96.66666666666667,96.66666666666667,12,40.0,10,33.33333333333333,2,6.666666666666667,5,16.666666666666664,0,0.0,1,3.3333333333333335
238,True,2.7666666666666666,1.9610088106776968,2.0,2.75,73.33333333333333,76.66666666666667,76.66666666666667,12,40.0,5,16.666666666666664,5,16.666666666666664,1,3.3333333333333335,0,0.0,7,23.333333333333332,2.033333333333333,1.5595583420386112,1.0,2.0,86.66666666666667,86.66666666666667,93.33333333333333,18,60.0,3,10.0,5,16.666666666666664,0,0.0,2,6.666666666666667,2,6.666666666666667,2.2666666666666666,1.7688665548562132,1.0,2.0,80.0,83.33333333333334,86.66666666666667,16,53.333333333333336,5,16.666666666666664,3,10.0,1,3.3333333333333335,1,3.3333333333333335,4,13.333333333333334,2.1333333333333333,1.521694961401777,1.0,2.0,83.33333333333334,90.0,93.33333333333333,16,53.333333333333336,4,13.333333333333334,5,16.666666666666664,2,6.666666666666667,1,3.3333333333333335,2,6.666666666666667
239,True,1.9,1.2206555615733703,2.0,1.0,90.0,93.33333333333333,96.66666666666667,14,46.666666666666664,11,36.666666666666664,2,6.666666666666667,1,3.3333333333333335,1,3.3333333333333335,1,3.3333333333333335,1.8666666666666667,1.5434449203720297,1.0,1.0,86.66666666666667,90.0,90.0,19,63.33333333333333,6,20.0,1,3.3333333333333335,1,3.3333333333333335,0,0.0,3,10.0,2.1,1.7387735140993301,1.0,1.0,83.33333333333334,83.33333333333334,86.66666666666667,17,56.666666666666664,7,23.333333333333332,1,3.3333333333333335,0,0.0,1,3.3333333333333335,4,13.333333333333334,2.466666666666667,1.783878421367954,2.0,2.75,73.33333333333333,83.33333333333334,86.66666666666667,14,46.666666666666664,5,16.666666666666664,3,10.0,3,10.0,1,3.3333333333333335,4,13.333333333333334
240,True,2.5,1.7841898254763513,2.0,2.0,80.0,80.0,83.33333333333334,11,36.666666666666664,10,33.33333333333333,3,10.0,0,0.0,1,3.3333333333333335,5,16.666666666666664,2.1666666666666665,1.7336538165261124,1.0,2.0,80.0,83.33333333333334,90.0,18,60.0,3,10.0,3,10.0,1,3.3333333333333335,2,6.666666666666667,3,10.0,2.033333333333333,1.4715826703096078,2.0,1.0,90.0,90.0,90.0,14,46.666666666666664,10,33.33333333333333,3,10.0,0,0.0,0,0.0,3,10.0,2.466666666666667,1.8024674446127702,2.0,2.0,76.66666666666667,80.0,86.66666666666667,14,46.666666666666664,5,16.666666666666664,4,13.333333333333334,1,3.3333333333333335,2,6.666666666666667,4,13.333333333333334
241,False,2.5,1.7654083569153813,2.0,2.0,76.66666666666667,83.33333333333334,83.33333333333334,11,36.666666666666664,10,33.33333333333333,2,6.666666666666667,2,6.666666666666667,0,0.0,5,16.666666666666664,1.8666666666666667,1.4079141387961915,1.0,1.0,86.66666666666667,93.33333333333333,93.33333333333333,18,60.0,6,20.0,2,6.666666666666667,2,6.666666666666667,0,0.0,2,6.666666666666667,2.1,1.7,1.0,1.0,83.33333333333334,86.66666666666667,86.66666666666667,17,56.666666666666664,6,20.0,2,6.666666666666667,1,3.3333333333333335,0,0.0,4,13.333333333333334,2.3666666666666667,1.7603661235347856,2.0,2.0,76.66666666666667,83.33333333333334,86.66666666666667,14,46.666666666666664,7,23.333333333333332,2,6.666666666666667,2,6.666666666666667,1,3.3333333333333335,4,13.333333333333334
242,False,2.3666666666666667,1.7413277182145301,2.0,1.75,76.66666666666667,83.33333333333334,86.66666666666667,13,43.333333333333336,9,30.0,1,3.3333333333333335,2,6.666666666666667,1,3.3333333333333335,4,13.333333333333334,2.0,1.7320508075688772,1.0,1.0,83.33333333333334,86.66666666666667,86.66666666666667,20,66.66666666666666,3,10.0,2,6.666666666666667,1,3.3333333333333335,0,0.0,4,13.333333333333334,2.066666666666667,1.6316317667360556,1.0,1.0,83.33333333333334,86.66666666666667,90.0,17,56.666666666666664,6,20.0,2,6.666666666666667,1,3.3333333333333335,1,3.3333333333333335,3,10.0,2.4,1.818424226264781,2.0,2.0,76.66666666666667,83.33333333333334,83.33333333333334,14,46.666666666666664,7,23.333333333333332,2,6.666666666666667,2,6.666666666666667,0,0.0,5,16.666666666666664
243,True,1.7333333333333334,1.1234866364235143,1.0,1.0,93.33333333333333,96.66666666666667,96.66666666666667,17,56.666666666666664,8,26.666666666666668,3,10.0,1,3.3333333333333335,0,0.0,1,3.3333333333333335,1.9,1.619670748434179,1.0,1.0,83.33333333333334,83.33333333333334,93.33333333333333,20,66.66666666666666,5,16.666666666666664,0,0.0,0,0.0,3,10.0,2,6.666666666666667,1.9333333333333333,1.6918103387266026,1.0,1.0,86.66666666666667,86.66666666666667,86.66666666666667,20,66.66666666666666,4,13.333333333333334,2,6.666666666666667,0,0.0,0,0.0,4,13.333333333333334,2.433333333333333,1.9093337988826247,1.5,2.0,76.66666666666667,76.66666666666667,83.33333333333334,15,50.0,6,20.0,2,6.666666666666667,0,0.0,2,6.666666666666667,5,16.666666666666664
244,False,2.7,1.5947831618540915,2.0,1.75,76.66666666666667,86.66666666666667,86.66666666666667,8,26.666666666666668,8,26.666666666666668,7,23.333333333333332,3,10.0,0,0.0,4,13.333333333333334,2.1,1.6401219466856725,1.0,1.75,83.33333333333334,86.66666666666667,90.0,17,56.666666666666664,5,16.666666666666664,3,10.0,1,3.3333333333333335,1,3.3333333333333335,3,10.0,2.2666666666666666,1.8607047649270485,1.0,1.0,80.0,80.0,83.33333333333334,16,53.333333333333336,7,23.333333333333332,1,3.3333333333333335,0,0.0,1,3.3333333333333335,5,16.666666666666664,2.6333333333333333,1.8162843634433703,2.0,2.75,73.33333333333333,76.66666666666667,86.66666666666667,12,40.0,6,20.0,4,13.333333333333334,1,3.3333333333333335,3,10.0,4,13.333333333333334
245,True,2.433333333333333,1.4533486237727757,2.0,1.75,80.0,86.66666666666667,93.33333333333333,8,26.666666666666668,13,43.333333333333336,3,10.0,2,6.666666666666667,2,6.666666666666667,2,6.666666666666667,2.033333333333333,1.4940623220676645,1.0,1.0,83.33333333333334,90.0,93.33333333333333,16,53.333333333333336,7,23.333333333333332,2,6.666666666666667,2,6.666666666666667,1,3.3333333333333335,2,6.666666666666667,2.2333333333333334,1.7641491496532322,1.0,1.75,80.0,83.33333333333334,86.66666666666667,16,53.333333333333336,6,20.0,2,6.666666666666667,1,3.3333333333333335,1,3.3333333333333335,4,13.333333333333334,2.7333333333333334,1.8245242911205346,2.0,3.0,70.0,80.0,83.33333333333334,11,36.666666666666664,6,20.0,4,13.333333333333334,3,10.0,1,3.3333333333333335,5,16.666666666666664
246,False,2.3333333333333335,1.7575235101952091,2.0,1.75,83.33333333333334,83.33333333333334,83.33333333333334,13,43.333333333333336,9,30.0,3,10.0,0,0.0,0,0.0,5,16.666666666666664,2.1333333333333333,1.687865186822955,1.0,1.0,83.33333333333334,86.66666666666667,86.66666666666667,16,53.333333333333336,7,23.333333333333332,2,6.666666666666667,1,3.3333333333333335,0,0.0,4,13.333333333333334,2.2333333333333334,1.7259457954666158,1.5,1.75,83.33333333333334,83.33333333333334,86.66666666666667,15,50.0,7,23.333333333333332,3,10.0,0,0.0,1,3.3333333333333335,4,13.333333333333334,2.1333333333333333,1.564892612574067,2.0,1.0,86.66666666666667,86.66666666666667,90.0,14,46.666666666666664,9,30.0,3,10.0,0,0.0,1,3.3333333333333335,3,10.0
247,True,2.433333333333333,1.5638272140986533,2.0,2.0,80.0,86.66666666666667,90.0,10,33.33333333333333,10,33.33333333333333,4,13.333333333333334,2,6.666666666666667,1,3.3333333333333335,3,10.0,2.1333333333333333,1.6275407487644937,2.0,1.0,86.66666666666667,86.66666666666667,86.66666666666667,14,46.666666666666664,10,33.33333333333333,2,6.666666666666667,0,0.0,0,0.0,4,13.333333333333334,2.466666666666667,1.8571184369578828,2.0,1.75,80.0,80.0,80.0,12,40.0,10,33.33333333333333,2,6.666666666666667,0,0.0,0,0.0,6,20.0,2.6666666666666665,1.8135294011647258,2.0,3.0,70.0,76.66666666666667,86.66666666666667,11,36.666666666666664,8,26.666666666666668,2,6.666666666666667,2,6.666666666666667,3,10.0,4,13.333333333333334
248,True,2.966666666666667,1.87053171287976,2.5,3.75,63.33333333333333,73.33333333333333,83.33333333333334,10,33.33333333333333,5,16.666666666666664,4,13.333333333333334,3,10.0,3,10.0,5,16.666666666666664,2.2666666666666666,1.730767331432956,1.0,2.75,73.33333333333333,86.66666666666667,90.0,17,56.666666666666664,3,10.0,2,6.666666666666667,4,13.333333333333334,1,3.3333333333333335,3,10.0,2.433333333333333,1.7259457954666158,1.5,2.75,73.33333333333333,80.0,93.33333333333333,15,50.0,3,10.0,4,13.333333333333334,2,6.666666666666667,4,13.333333333333334,2,6.666666666666667,2.7666666666666666,1.8015425489162211,2.0,3.0,63.33333333333333,76.66666666666667,90.0,12,40.0,4,13.333333333333334,3,10.0,4,13.333333333333334,4,13.333333333333334,3,10.0
249,False,2.533333333333333,1.80246744461277,2.0,2.0,76.66666666666667,83.33333333333334,83.33333333333334,13,43.333333333333336,5,16.666666666666664,5,16.666666666666664,2,6.666666666666667,0,0.0,5,16.666666666666664,2.033333333333333,1.6829207415152452,1.0,1.0,86.66666666666667,86.66666666666667,86.66666666666667,18,60.0,5,16.666666666666664,3,10.0,0,0.0,0,0.0,4,13.333333333333334,2.3666666666666667,1.8526257642120338,1.5,2.0,80.0,80.0,83.33333333333334,15,50.0,6,20.0,3,10.0,0,0.0,1,3.3333333333333335,5,16.666666666666664,2.8666666666666667,1.9787762772874442,2.0,4.0,63.33333333333333,70.0,83.33333333333334,13,43.333333333333336,3,10.0,3,10.0,2,6.666666666666667,4,13.333333333333334,5,16.666666666666664
250,False,2.2333333333333334,1.5849991237291654,2.0,1.75,83.33333333333334,86.66666666666667,90.0,13,43.333333333333336,9,30.0,3,10.0,1,3.3333333333333335,1,3.3333333333333335,3,10.0,1.8,1.5362291495737217,1.0,1.0,86.66666666666667,90.0,90.0,20,66.66666666666666,6,20.0,0,0.0,1,3.3333333333333335,0,0.0,3,10.0,2.033333333333333,1.8162843634433705,1.0,1.0,83.33333333333334,83.33333333333334,83.33333333333334,19,63.33333333333333,6,20.0,0,0.0,0,0.0,0,0.0,5,16.666666666666664,2.533333333333333,1.8571184369578826,2.0,2.75,73.33333333333333,80.0,83.33333333333334,13,43.333333333333336,7,23.333333333333332,2,6.666666666666667,2,6.666666666666667,1,3.3333333333333335,5,16.666666666666664
251,True,2.566666666666667,1.6058919293927874,2.0,2.0,80.0,86.66666666666667,86.66666666666667,9,30.0,9,30.0,6,20.0,2,6.666666666666667,0,0.0,4,13.333333333333334,2.0,1.390443574307614,1.5,1.0,86.66666666666667,93.33333333333333,93.33333333333333,15,50.0,8,26.666666666666668,3,10.0,2,6.666666666666667,0,0.0,2,6.666666666666667,2.3333333333333335,1.6599866130651642,2.0,2.0,83.33333333333334,86.66666666666667,86.66666666666667,13,43.333333333333336,7,23.333333333333332,5,16.666666666666664,1,3.3333333333333335,0,0.0,4,13.333333333333334,2.2333333333333334,1.358512258154322,2.0,2.0,86.66666666666667,93.33333333333333,93.33333333333333,11,36.666666666666664,9,30.0,6,20.0,2,6.666666666666667,0,0.0,2,6.666666666666667
252,True,1.9333333333333333,1.4360439485692011,1.0,1.0,86.66666666666667,90.0,93.33333333333333,16,53.333333333333336,9,30.0,1,3.3333333333333335,1,3.3333333333333335,1,3.3333333333333335,2,6.666666666666667,1.6666666666666667,1.3498971154211057,1.0,1.0,90.0,93.33333333333333,93.33333333333333,21,70.0,5,16.666666666666664,1,3.3333333333333335,1,3.3333333333333335,0,0.0,2,6.666666666666667,1.9,1.5989579940281942,1.0,1.0,86.66666666666667,86.66666666666667,90.0,19,63.33333333333333,6,20.0,1,3.3333333333333335,0,0.0,1,3.3333333333333335,3,10.0,2.1,1.6603212540549697,1.0,1.0,80.0,86.66666666666667,90.0,17,56.666666666666664,6,20.0,1,3.3333333333333335,2,6.666666666666667,1,3.3333333333333335,3,10.0
253,True,2.033333333333333,1.4715826703096075,2.0,1.0,86.66666666666667,86.66666666666667,93.33333333333333,14,46.666666666666664,11,36.666666666666664,1,3.3333333333333335,0,0.0,2,6.666666666666667,2,6.666666666666667,1.7,1.369914839202301,1.0,1.0,90.0,93.33333333333333,93.33333333333333,21,70.0,4,13.333333333333334,2,6.666666666666667,1,3.3333333333333335,0,0.0,2,6.666666666666667,1.9666666666666666,1.6428295373802142,1.0,1.0,83.33333333333334,86.66666666666667,90.0,19,63.33333333333333,5,16.666666666666664,1,3.3333333333333335,1,3.3333333333333335,1,3.3333333333333335,3,10.0,2.4,1.6852299546352716,2.0,2.0,83.33333333333334,83.33333333333334,86.66666666666667,12,40.0,8,26.666666666666668,5,16.666666666666664,0,0.0,1,3.3333333333333335,4,13.333333333333334
254,False,2.3333333333333335,1.7384539747207064,2.0,1.0,83.33333333333334,83.33333333333334,83.33333333333334,12,40.0,11,36.666666666666664,2,6.666666666666667,0,0.0,0,0.0,5,16.666666666666664,2.033333333333333,1.6829207415152452,1.0,1.0,83.33333333333334,86.66666666666667,86.66666666666667,17,56.666666666666664,8,26.666666666666668,0,0.0,1,3.3333333333333335,0,0.0,4,13.333333333333334,2.433333333333333,1.8199511592958264,2.0,2.0,76.66666666666667,83.33333333333334,83.33333333333334,14,46.666666666666664,6,20.0,3,10.0,2,6.666666666666667,0,0.0,5,16.666666666666664,2.5,1.4548768561863463,2.0,2.75,73.33333333333333,93.33333333333333,93.33333333333333,10,33.33333333333333,7,23.333333333333332,5,16.666666666666664,6,20.0,0,0.0,2,6.666666666666667
255,True,2.1666666666666665,1.694763175851488,1.0,1.75,83.33333333333334,86.66666666666667,86.66666666666667,16,53.333333333333336,6,20.0,3,10.0,1,3.3333333333333335,0,0.0,4,13.333333333333334,1.8666666666666667,1.4313940369055926,1.0,1.0,90.0,90.0,93.33333333333333,18,60.0,6,20.0,3,10.0,0,0.0,1,3.3333333333333335,2,6.666666666666667,2.1666666666666665,1.8089284734953512,1.0,1.0,83.33333333333334,83.33333333333334,83.33333333333334,17,56.666666666666664,6,20.0,2,6.666666666666667,0,0.0,0,0.0,5,16.666666666666664,1.9,1.445683229480096,1.0,1.0,90.0,90.0,93.33333333333333,18,60.0,5,16.666666666666664,4,13.333333333333334,0,0.0,1,3.3333333333333335,2,6.666666666666667
256,False,2.3333333333333335,1.679947089113887,2.0,2.0,80.0,86.66666666666667,86.66666666666667,13,43.333333333333336,8,26.666666666666668,3,10.0,2,6.666666666666667,0,0.0,4,13.333333333333334,1.8666666666666667,1.4079141387961918,1.0,1.0,86.66666666666667,93.33333333333333,93.33333333333333,18,60.0,6,20.0,2,6.666666666666667,2,6.666666666666667,0,0.0,2,6.666666666666667,1.9333333333333333,1.5477582354991866,1.0,1.0,86.66666666666667,90.0,90.0,18,60.0,6,20.0,2,6.666666666666667,1,3.3333333333333335,0,0.0,3,10.0,2.6,1.8903262505010434,2.0,2.75,73.33333333333333,80.0,80.0,12,40.0,8,26.666666666666668,2,6.666666666666667,2,6.666666666666667,0,0.0,6,20.0
257,True,1.9666666666666666,1.2242911781471304,2.0,1.0,90.0,93.33333333333333,96.66666666666667,13,43.333333333333336,11,36.666666666666664,3,10.0,1,3.3333333333333335,1,3.3333333333333335,1,3.3333333333333335,2.033333333333333,1.7026123718829513,1.0,1.0,83.33333333333334,86.66666666666667,86.66666666666667,18,60.0,6,20.0,1,3.3333333333333335,1,3.3333333333333335,0,0.0,4,13.333333333333334,2.1,1.7578395831246947,1.0,1.0,83.33333333333334,83.33333333333334,86.66666666666667,18,60.0,5,16.666666666666664,2,6.666666666666667,0,0.0,1,3.3333333333333335,4,13.333333333333334,2.3333333333333335,1.699673171197595,2.0,2.0,80.0,86.66666666666667,86.66666666666667,14,46.666666666666664,6,20.0,4,13.333333333333334,2,6.666666666666667,0,0.0,4,13.333333333333334
258,False,2.8666666666666667,1.765093639316497,2.0,2.0,70.0,76.66666666666667,83.33333333333334,7,23.333333333333332,11,36.666666666666664,3,10.0,2,6.666666666666667,2,6.666666666666667,5,16.666666666666664,2.2333333333333334,1.8015425489162216,1.0,1.75,83.33333333333334,83.33333333333334,83.33333333333334,16,53.333333333333336,6,20.0,3,10.0,0,0.0,0,0.0,5,16.666666666666664,2.4,1.9252705437591537,1.5,1.75,76.66666666666667,80.0,80.0,15,50.0,7,23.333333333333332,1,3.3333333333333335,1,3.3333333333333335,0,0.0,6,20.0,2.6,1.8,2.0,2.0,76.66666666666667,80.0,83.33333333333334,11,36.666666666666664,8,26.666666666666668,4,13.333333333333334,1,3.3333333333333335,1,3.3333333333333335,5,16.666666666666664
259,False,2.6,1.7625738755203049,2.0,2.0,76.66666666666667,80.0,86.66666666666667,12,40.0,5,16.666666666666664,6,20.0,1,3.3333333333333335,2,6.666666666666667,4,13.333333333333334,2.033333333333333,1.7978382080215733,1.0,1.75,83.33333333333334,83.33333333333334,86.66666666666667,21,70.0,1,3.3333333333333335,3,10.0,0,0.0,1,3.3333333333333335,4,13.333333333333334,2.1333333333333333,1.8571184369578826,1.0,1.75,80.0,80.0,86.66666666666667,20,66.66666666666666,2,6.666666666666667,2,6.666666666666667,0,0.0,2,6.666666666666667,4,13.333333333333334,2.8333333333333335,2.034425935955617,2.0,3.75,66.66666666666666,73.33333333333333,76.66666666666667,13,43.333333333333336,4,13.333333333333334,3,10.0,2,6.666666666666667,1,3.3333333333333335,7,23.333333333333332
260,True,2.6333333333333333,1.5162087220725546,2.0,1.75,76.66666666666667,83.33333333333334,93.33333333333333,8,26.666666666666668,9,30.0,6,20.0,2,6.666666666666667,3,10.0,2,6.666666666666667,2.2333333333333334,1.7451520150277897,1.0,1.75,80.0,80.0,90.0,16,53.333333333333336,6,20.0,2,6.666666666666667,0,0.0,3,10.0,3,10.0,2.4,1.8547236990991407,1.5,2.0,80.0,80.0,83.33333333333334,15,50.0,5,16.666666666666664,4,13.333333333333334,0,0.0,1,3.3333333333333335,5,16.666666666666664,2.6666666666666665,1.8135294011647258,2.0,2.75,73.33333333333333,80.0,83.33333333333334,11,36.666666666666664,7,23.333333333333332,4,13.333333333333334,2,6.666666666666667,1,3.3333333333333335,5,16.666666666666664
261,False,2.3666666666666667,1.81628436344337,1.5,2.0,80.0,83.33333333333334,83.33333333333334,15,50.0,5,16.666666666666664,4,13.333333333333334,1,3.3333333333333335,0,0.0,5,16.666666666666664,2.2,1.9561867668161612,1.0,1.0,80.0,80.0,80.0,19,63.33333333333333,4,13.333333333333334,1,3.3333333333333335,0,0.0,0,0.0,6,20.0,2.3333333333333335,1.9379255804998177,1.0,2.0,80.0,80.0,80.0,17,56.666666666666664,4,13.333333333333334,3,10.0,0,0.0,0,0.0,6,20.0,2.2666666666666666,1.6316317667360554,2.0,2.0,80.0,86.66666666666667,90.0,14,46.666666666666664,7,23.333333333333332,3,10.0,2,6.666666666666667,1,3.3333333333333335,3,10.0
262,True,2.0,1.2649110640673518,2.0,1.75,90.0,93.33333333333333,96.66666666666667,14,46.666666666666664,8,26.666666666666668,5,16.666666666666664,1,3.3333333333333335,1,3.3333333333333335,1,3.3333333333333335,1.9,1.3988090172238192,1.0,1.75,83.33333333333334,93.33333333333333,96.66666666666667,19,63.33333333333333,3,10.0,3,10.0,3,10.0,1,3.3333333333333335,1,3.3333333333333335,2.1333333333333333,1.7074997966487597,1.0,1.0,80.0,83.33333333333334,90.0,17,56.666666666666664,6,20.0,1,3.3333333333333335,1,3.3333333333333335,2,6.666666666666667,3,10.0,2.5,1.927865832122834,2.0,2.75,73.33333333333333,80.0,80.0,14,46.666666666666664,7,23.333333333333332,1,3.3333333333333335,2,6.666666666666667,0,0.0,6,20.0
263,True,2.1666666666666665,1.5073892072793351,2.0,1.75,80.0,90.0,93.33333333333333,14,46.666666666666664,8,26.666666666666668,2,6.666666666666667,3,10.0,1,3.3333333333333335,2,6.666666666666667,2.033333333333333,1.7413277182145301,1.0,1.0,83.33333333333334,83.33333333333334,86.66666666666667,18,60.0,7,23.333333333333332,0,0.0,0,0.0,1,3.3333333333333335,4,13.333333333333334,2.3333333333333335,1.9888578520235063,1.0,1.0,76.66666666666667,76.66666666666667,80.0,17,56.666666666666664,6,20.0,0,0.0,0,0.0,1,3.3333333333333335,6,20.0,2.533333333333333,1.687865186822955,2.0,2.75,73.33333333333333,83.33333333333334,90.0,12,40.0,6,20.0,4,13.333333333333334,3,10.0,2,6.666666666666667,3,10.0
264,False,2.533333333333333,1.8208667044996885,2.0,2.0,76.66666666666667,80.0,83.33333333333334,12,40.0,8,26.666666666666668,3,10.0,1,3.3333333333333335,1,3.3333333333333335,5,16.666666666666664,1.8666666666666667,1.521694961401777,1.0,1.0,90.0,90.0,90.0,19,63.33333333333333,5,16.666666666666664,3,10.0,0,0.0,0,0.0,3,10.0,2.2666666666666666,1.7688665548562132,1.0,2.0,80.0,83.33333333333334,86.66666666666667,16,53.333333333333336,5,16.666666666666664,3,10.0,1,3.3333333333333335,1,3.3333333333333335,4,13.333333333333334,2.433333333333333,1.9439364415764444,1.0,2.0,76.66666666666667,80.0,80.0,16,53.333333333333336,4,13.333333333333334,3,10.0,1,3.3333333333333335,0,0.0,6,20.0
265,False,2.2333333333333334,1.6669999666733315,2.0,1.0,80.0,83.33333333333334,90.0,14,46.666666666666664,9,30.0,1,3.3333333333333335,1,3.3333333333333335,2,6.666666666666667,3,10.0,1.9,1.7000000000000002,1.0,1.0,86.66666666666667,86.66666666666667,86.66666666666667,21,70.0,3,10.0,2,6.666666666666667,0,0.0,0,0.0,4,13.333333333333334,2.3333333333333335,1.9888578520235063,1.0,2.0,76.66666666666667,80.0,80.0,19,63.33333333333333,1,3.3333333333333335,3,10.0,1,3.3333333333333335,0,0.0,6,20.0,2.1,1.6802777548171413,1.0,1.75,86.66666666666667,86.66666666666667,86.66666666666667,17,56.666666666666664,5,16.666666666666664,4,13.333333333333334,0,0.0,0,0.0,4,13.333333333333334
266,False,2.4,1.7243356208503415,2.0,2.0,76.66666666666667,80.0,90.0,13,43.333333333333336,8,26.666666666666668,2,6.666666666666667,1,3.3333333333333335,3,10.0,3,10.0,2.033333333333333,1.7220788470785986,1.0,1.0,80.0,83.33333333333334,90.0,19,63.33333333333333,5,16.666666666666664,0,0.0,1,3.3333333333333335,2,6.666666666666667,3,10.0,2.1333333333333333,1.746106780494506,1.0,1.0,83.33333333333334,83.33333333333334,86.66666666666667,17,56.666666666666664,6,20.0,2,6.666666666666667,0,0.0,1,3.3333333333333335,4,13.333333333333334,2.5,1.9450792614526877,1.0,2.75,73.33333333333333,76.66666666666667,83.33333333333334,16,53.333333333333336,3,10.0,3,10.0,1,3.3333333333333335,2,6.666666666666667,5,16.666666666666664
267,True,2.0,1.3662601021279464,1.5,1.75,90.0,93.33333333333333,93.33333333333333,15,50.0,7,23.333333333333332,5,16.666666666666664,1,3.3333333333333335,0,0.0,2,6.666666666666667,1.8,1.446835627614047,1.0,1.0,86.66666666666667,90.0,93.33333333333333,19,63.33333333333333,7,23.333333333333332,0,0.0,1,3.3333333333333335,1,3.3333333333333335,2,6.666666666666667,2.1333333333333333,1.892675942210452,1.0,1.0,80.0,80.0,83.33333333333334,19,63.33333333333333,5,16.666666666666664,0,0.0,0,0.0,1,3.3333333333333335,5,16.666666666666664,2.3666666666666667,1.6017351702311948,2.0,2.0,76.66666666666667,83.33333333333334,93.33333333333333,12,40.0,9,30.0,2,6.666666666666667,2,6.666666666666667,3,10.0,2,6.666666666666667
268,False,2.6666666666666665,2.0385179801894204,2.0,3.5,73.33333333333333,73.33333333333333,76.66666666666667,14,46.666666666666664,5,16.666666666666664,3,10.0,0,0.0,1,3.3333333333333335,7,23.333333333333332,2.066666666666667,1.7113996870657917,1.0,1.0,83.33333333333334,86.66666666666667,86.66666666666667,18,60.0,5,16.666666666666664,2,6.666666666666667,1,3.3333333333333335,0,0.0,4,13.333333333333334,2.1333333333333333,1.7269111795984824,1.0,2.0,83.33333333333334,86.66666666666667,86.66666666666667,18,60.0,3,10.0,4,13.333333333333334,1,3.3333333333333335,0,0.0,4,13.333333333333334,2.2666666666666666,1.730767331432956,1.0,2.0,76.66666666666667,83.33333333333334,90.0,16,53.333333333333336,5,16.666666666666664,2,6.666666666666667,2,6.666666666666667,2,6.666666666666667,3,10.0
269,True,2.966666666666667,1.8882678717691397,2.5,3.0,70.0,76.66666666666667,76.66666666666667,9,30.0,6,20.0,6,20.0,2,6.666666666666667,0,0.0,7,23.333333333333332,1.9666666666666666,1.5162087220725544,1.0,1.0,83.33333333333334,90.0,93.33333333333333,18,60.0,5,16.666666666666664,2,6.666666666666667,2,6.666666666666667,1,3.3333333333333335,2,6.666666666666667,2.2,1.7204650534085253,1.0,2.0,76.66666666666667,86.66666666666667,90.0,18,60.0,2,6.666666666666667,3,10.0,3,10.0,1,3.3333333333333335,3,10.0,2.3333333333333335,1.757523510195209,1.5,2.0,80.0,83.33333333333334,86.66666666666667,15,50.0,5,16.666666666666664,4,13.333333333333334,1,3.3333333333333335,1,3.3333333333333335,4,13.333333333333334
270,False,2.433333333333333,1.6265163865007801,2.0,2.0,76.66666666666667,83.33333333333334,93.33333333333333,13,43.333333333333336,5,16.666666666666664,5,16.666666666666664,2,6.666666666666667,3,10.0,2,6.666666666666667,2.0,1.570562531918633,1.0,1.75,86.66666666666667,90.0,90.0,18,60.0,4,13.333333333333334,4,13.333333333333334,1,3.3333333333333335,0,0.0,3,10.0,2.033333333333333,1.5807874268505835,1.0,1.0,83.33333333333334,90.0,90.0,17,56.666666666666664,6,20.0,2,6.666666666666667,2,6.666666666666667,0,0.0,3,10.0,2.3666666666666667,1.7026123718829513,2.0,2.0,80.0,86.66666666666667,86.66666666666667,14,46.666666666666664,5,16.666666666666664,5,16.666666666666664,2,6.666666666666667,0,0.0,4,13.333333333333334
271,False,2.533333333333333,1.687865186822955,2.0,2.0,80.0,80.0,86.66666666666667,9,30.0,12,40.0,3,10.0,0,0.0,2,6.666666666666667,4,13.333333333333334,2.0,1.570562531918633,1.0,1.0,86.66666666666667,86.66666666666667,90.0,16,53.333333333333336,9,30.0,1,3.3333333333333335,0,0.0,1,3.3333333333333335,3,10.0,2.2666666666666666,1.7499206331208919,1.5,1.75,80.0,83.33333333333334,86.66666666666667,15,50.0,7,23.333333333333332,2,6.666666666666667,1,3.3333333333333335,1,3.3333333333333335,4,13.333333333333334,3.0,1.96638416050035,2.0,3.75,63.33333333333333,73.33333333333333,76.66666666666667,10,33.33333333333333,6,20.0,3,10.0,3,10.0,1,3.3333333333333335,7,23.333333333333332
272,True,2.2,1.3515423288475528,2.0,2.0,86.66666666666667,93.33333333333333,93.33333333333333,11,36.666666666666664,10,33.33333333333333,5,16.666666666666664,2,6.666666666666667,0,0.0,2,6.666666666666667,2.0,1.505545305418162,1.0,1.0,83.33333333333334,90.0,93.33333333333333,17,56.666666666666664,6,20.0,2,6.666666666666667,2,6.666666666666667,1,3.3333333333333335,2,6.666666666666667,2.4,1.8000000000000003,2.0,1.75,76.66666666666667,83.33333333333334,83.33333333333334,13,43.333333333333336,9,30.0,1,3.3333333333333335,2,6.666666666666667,0,0.0,5,16.666666666666664,2.6333333333333333,1.8882678717691395,2.0,2.75,73.33333333333333,80.0,80.0,12,40.0,7,23.333333333333332,3,10.0,2,6.666666666666667,0,0.0,6,20.0
273,True,2.466666666666667,1.687865186822955,2.0,2.0,80.0,83.33333333333334,86.66666666666667,11,36.666666666666664,9,30.0,4,13.333333333333334,1,3.3333333333333335,1,3.3333333333333335,4,13.333333333333334,1.9666666666666666,1.4940623220676648,1.0,1.75,86.66666666666667,90.0,93.33333333333333,18,60.0,4,13.333333333333334,4,13.333333333333334,1,3.3333333333333335,1,3.3333333333333335,2,6.666666666666667,1.9666666666666666,1.4940623220676648,1.0,1.75,86.66666666666667,90.0,93.33333333333333,18,60.0,4,13.333333333333334,4,13.333333333333334,1,3.3333333333333335,1,3.3333333333333335,2,6.666666666666667,2.4,1.5832456116050557,2.0,2.0,80.0,90.0,90.0,13,43.333333333333336,4,13.333333333333334,7,23.333333333333332,3,10.0,0,0.0,3,10.0
274,True,2.7666666666666666,1.7451520150277897,2.0,3.0,70.0,83.33333333333334,83.33333333333334,9,30.0,8,26.666666666666668,4,13.333333333333334,4,13.333333333333334,0,0.0,5,16.666666666666664,2.1,1.6401219466856725,1.0,1.75,83.33333333333334,86.66666666666667,90.0,17,56.666666666666664,5,16.666666666666664,3,10.0,1,3.3333333333333335,1,3.3333333333333335,3,10.0,2.433333333333333,1.9439364415764442,1.0,2.0,76.66666666666667,80.0,80.0,16,53.333333333333336,4,13.333333333333334,3,10.0,1,3.3333333333333335,0,0.0,6,20.0,3.066666666666667,1.9821424996424675,3.0,4.0,63.33333333333333,66.66666666666666,80.0,11,36.666666666666664,3,10.0,5,16.666666666666664,1,3.3333333333333335,4,13.333333333333334,6,20.0
275,True,2.5,1.4548768561863463,2.0,1.75,83.33333333333334,90.0,90.0,8,26.666666666666668,10,33.33333333333333,7,23.333333333333332,2,6.666666666666667,0,0.0,3,10.0,2.2333333333333334,1.6265163865007803,1.5,2.0,76.66666666666667,90.0,90.0,15,50.0,6,20.0,2,6.666666666666667,4,13.333333333333334,0,0.0,3,10.0,2.3,1.4177446878757824,2.0,2.0,80.0,93.33333333333333,93.33333333333333,11,36.666666666666664,9,30.0,4,13.333333333333334,4,13.333333333333334,0,0.0,2,6.666666666666667,2.6333333333333333,1.7026123718829513,2.0,3.0,70.0,86.66666666666667,86.66666666666667,11,36.666666666666664,6,20.0,4,13.333333333333334,5,16.666666666666664,0,0.0,4,13.333333333333334
276,True,1.9333333333333333,1.3148721948877347,2.0,1.0,90.0,93.33333333333333,93.33333333333333,14,46.666666666666664,11,36.666666666666664,2,6.666666666666667,1,3.3333333333333335,0,0.0,2,6.666666666666667,1.7,1.3940349110884325,1.0,1.0,90.0,90.0,93.33333333333333,20,66.66666666666666,7,23.333333333333332,0,0.0,0,0.0,1,3.3333333333333335,2,6.666666666666667,1.9,1.6603212540549697,1.0,1.0,86.66666666666667,86.66666666666667,86.66666666666667,19,63.33333333333333,7,23.333333333333332,0,0.0,0,0.0,0,0.0,4,13.333333333333334,1.9666666666666666,1.4715826703096078,1.5,1.0,86.66666666666667,86.66666666666667,93.33333333333333,15,50.0,11,36.666666666666664,0,0.0,0,0.0,2,6.666666666666667,2,6.666666666666667
277,True,2.3666666666666667,1.662995957768856,2.0,2.0,76.66666666666667,86.66666666666667,90.0,14,46.666666666666664,5,16.666666666666664,4,13.333333333333334,3,10.0,1,3.3333333333333335,3,10.0,2.1,1.8859126879754178,1.0,1.75,80.0,83.33333333333334,83.33333333333334,21,70.0,1,3.3333333333333335,2,6.666666666666667,1,3.3333333333333335,0,0.0,5,16.666666666666664,2.066666666666667,1.730767331432956,1.0,1.0,80.0,83.33333333333334,90.0,19,63.33333333333333,4,13.333333333333334,1,3.3333333333333335,1,3.3333333333333335,2,6.666666666666667,3,10.0,2.3333333333333335,1.6996731711975948,1.5,2.0,76.66666666666667,80.0,93.33333333333333,15,50.0,5,16.666666666666664,3,10.0,1,3.3333333333333335,4,13.333333333333334,2,6.666666666666667
278,True,2.566666666666667,1.7259457954666158,2.0,2.0,76.66666666666667,83.33333333333334,83.33333333333334,9,30.0,12,40.0,2,6.666666666666667,2,6.666666666666667,0,0.0,5,16.666666666666664,2.1333333333333333,1.586050300449376,1.0,2.0,76.66666666666667,90.0,93.33333333333333,17,56.666666666666664,4,13.333333333333334,2,6.666666666666667,4,13.333333333333334,1,3.3333333333333335,2,6.666666666666667,2.3333333333333335,1.7575235101952091,1.5,2.75,73.33333333333333,86.66666666666667,86.66666666666667,15,50.0,6,20.0,1,3.3333333333333335,4,13.333333333333334,0,0.0,4,13.333333333333334,2.3,1.5088627063675033,2.0,2.0,76.66666666666667,90.0,93.33333333333333,12,40.0,9,30.0,2,6.666666666666667,4,13.333333333333334,1,3.3333333333333335,2,6.666666666666667
279,False,2.5,1.8393839548428526,2.0,2.0,76.66666666666667,80.0,83.33333333333334,13,43.333333333333336,7,23.333333333333332,3,10.0,1,3.3333333333333335,1,3.3333333333333335,5,16.666666666666664,1.8666666666666667,1.4772346537440224,1.0,1.0,90.0,90.0,90.0,17,56.666666666666664,9,30.0,1,3.3333333333333335,0,0.0,0,0.0,3,10.0,2.3,1.8101565309847285,1.5,1.75,80.0,83.33333333333334,83.33333333333334,15,50.0,7,23.333333333333332,2,6.666666666666667,1,3.3333333333333335,0,0.0,5,16.666666666666664,2.566666666666667,2.0604745947367453,1.5,3.5,73.33333333333333,73.33333333333333,76.66666666666667,15,50.0,6,20.0,1,3.3333333333333335,0,0.0,1,3.3333333333333335,7,23.333333333333332
280,False,2.6,1.7048949136725895,2.0,2.75,73.33333333333333,86.66666666666667,86.66666666666667,12,40.0,4,13.333333333333334,6,20.0,4,13.333333333333334,0,0.0,4,13.333333333333334,2.1,1.8321208111548393,1.0,1.0,83.33333333333334,83.33333333333334,83.33333333333334,19,63.33333333333333,4,13.333333333333334,2,6.666666666666667,0,0.0,0,0.0,5,16.666666666666664,2.1,1.6802777548171413,1.0,1.75,86.66666666666667,86.66666666666667,86.66666666666667,17,56.666666666666664,5,16.666666666666664,4,13.333333333333334,0,0.0,0,0.0,4,13.333333333333334,2.7,1.7729448195962934,2.5,3.0,66.66666666666666,80.0,90.0,13,43.333333333333336,2,6.666666666666667,5,16.666666666666664,4,13.333333333333334,3,10.0,3,10.0
281,False,2.533333333333333,1.8208667044996885,2.0,2.75,73.33333333333333,83.33333333333334,83.33333333333334,13,43.333333333333336,6,20.0,3,10.0,3,10.0,0,0.0,5,16.666666666666664,2.1333333333333333,1.8571184369578826,1.0,1.0,80.0,83.33333333333334,83.33333333333334,19,63.33333333333333,4,13.333333333333334,1,3.3333333333333335,1,3.3333333333333335,0,0.0,5,16.666666666666664,2.2,1.8147543451754933,1.0,1.75,83.33333333333334,83.33333333333334,83.33333333333334,17,56.666666666666664,5,16.666666666666664,3,10.0,0,0.0,0,0.0,5,16.666666666666664,2.3333333333333335,1.8499249234015478,1.0,2.0,76.66666666666667,83.33333333333334,83.33333333333334,16,53.333333333333336,5,16.666666666666664,2,6.666666666666667,2,6.666666666666667,0,0.0,5,16.666666666666664
282,True,2.3666666666666667,1.7026123718829513,2.0,2.0,80.0,86.66666666666667,86.66666666666667,14,46.666666666666664,5,16.666666666666664,5,16.666666666666664,2,6.666666666666667,0,0.0,4,13.333333333333334,1.9,1.4910846164230027,1.0,1.0,86.66666666666667,90.0,93.33333333333333,19,63.33333333333333,4,13.333333333333334,3,10.0,1,3.3333333333333335,1,3.3333333333333335,2,6.666666666666667,2.2,1.6613247725836149,1.0,2.0,76.66666666666667,90.0,90.0,17,56.666666666666664,3,10.0,3,10.0,4,13.333333333333334,0,0.0,3,10.0,2.2666666666666666,1.590248058916875,1.5,2.0,76.66666666666667,83.33333333333334,96.66666666666667,15,50.0,5,16.666666666666664,3,10.0,2,6.666666666666667,4,13.333333333333334,1,3.3333333333333335
283,False,2.066666666666667,1.6918103387266028,1.0,1.0,83.33333333333334,86.66666666666667,86.66666666666667,17,56.666666666666664,7,23.333333333333332,1,3.3333333333333335,1,3.3333333333333335,0,0.0,4,13.333333333333334,1.8333333333333333,1.5509853498842456,1.0,1.0,86.66666666666667,90.0,90.0,20,66.66666666666666,5,16.666666666666664,1,3.3333333333333335,1,3.3333333333333335,0,0.0,3,10.0,2.1333333333333333,1.7269111795984824,1.0,1.0,76.66666666666667,80.0,93.33333333333333,18,60.0,5,16.666666666666664,0,0.0,1,3.3333333333333335,4,13.333333333333334,2,6.666666666666667,2.4,1.7625738755203049,2.0,2.0,76.66666666666667,83.33333333333334,86.66666666666667,14,46.666666666666664,6,20.0,3,10.0,2,6.666666666666667,1,3.3333333333333335,4,13.333333333333334
284,True,1.7333333333333334,1.0934146311237813,1.0,1.0,93.33333333333333,96.66666666666667,96.66666666666667,16,53.333333333333336,10,33.33333333333333,2,6.666666666666667,1,3.3333333333333335,0,0.0,1,3.3333333333333335,1.8333333333333333,1.6141733350404337,1.0,1.0,86.66666666666667,86.66666666666667,90.0,21,70.0,4,13.333333333333334,1,3.3333333333333335,0,0.0,1,3.3333333333333335,3,10.0,1.9333333333333333,1.6918103387266026,1.0,1.0,86.66666666666667,86.66666666666667,86.66666666666667,20,66.66666666666666,4,13.333333333333334,2,6.666666666666667,0,0.0,0,0.0,4,13.333333333333334,2.2,1.8867962264113207,1.0,1.0,80.0,80.0,83.33333333333334,18,60.0,5,16.666666666666664,1,3.3333333333333335,0,0.0,1,3.3333333333333335,5,16.666666666666664
285,True,2.2,1.4922019523732928,2.0,2.0,83.33333333333334,90.0,93.33333333333333,14,46.666666666666664,6,20.0,5,16.666666666666664,2,6.666666666666667,1,3.3333333333333335,2,6.666666666666667,2.066666666666667,1.7113996870657915,1.0,1.0,83.33333333333334,86.66666666666667,86.66666666666667,18,60.0,5,16.666666666666664,2,6.666666666666667,1,3.3333333333333335,0,0.0,4,13.333333333333334,2.2333333333333334,1.7829438827088444,1.0,2.0,76.66666666666667,86.66666666666667,86.66666666666667,18,60.0,2,6.666666666666667,3,10.0,3,10.0,0,0.0,4,13.333333333333334,2.566666666666667,1.9093337988826247,2.0,2.0,76.66666666666667,80.0,80.0,14,46.666666666666664,4,13.333333333333334,5,16.666666666666664,1,3.3333333333333335,0,0.0,6,20.0
286,True,2.3,1.5947831618540915,2.0,2.0,83.33333333333334,86.66666666666667,90.0,13,43.333333333333336,7,23.333333333333332,5,16.666666666666664,1,3.3333333333333335,1,3.3333333333333335,3,10.0,2.0,1.6931233465600393,1.0,1.0,86.66666666666667,86.66666666666667,86.66666666666667,19,63.33333333333333,4,13.333333333333334,3,10.0,0,0.0,0,0.0,4,13.333333333333334,2.2,1.7009801096230766,1.5,1.0,80.0,86.66666666666667,86.66666666666667,15,50.0,8,26.666666666666668,1,3.3333333333333335,2,6.666666666666667,0,0.0,4,13.333333333333334,2.966666666666667,1.9405039437103846,2.0,4.0,66.66666666666666,70.0,80.0,10,33.33333333333333,6,20.0,4,13.333333333333334,1,3.3333333333333335,3,10.0,6,20.0
287,True,1.9333333333333333,1.5260697523012796,1.0,1.0,90.0,90.0,90.0,18,60.0,5,16.666666666666664,4,13.333333333333334,0,0.0,0,0.0,3,10.0,1.7,1.345362404707371,1.0,0.75,86.66666666666667,93.33333333333333,96.66666666666667,22,73.33333333333333,2,6.666666666666667,2,6.666666666666667,2,6.666666666666667,1,3.3333333333333335,1,3.3333333333333335,1.8333333333333333,1.5293426329272617,1.0,1.0,86.66666666666667,86.66666666666667,93.33333333333333,20,66.66666666666666,5,16.666666666666664,1,3.3333333333333335,0,0.0,2,6.666666666666667,2,6.666666666666667,2.433333333333333,1.7829438827088442,1.0,3.0,70.0,83.33333333333334,90.0,16,53.333333333333336,2,6.666666666666667,3,10.0,4,13.333333333333334,2,6.666666666666667,3,10.0
288,False,2.3333333333333335,1.5347819244295118,2.0,1.75,83.33333333333334,86.66666666666667,90.0,10,33.33333333333333,12,40.0,3,10.0,1,3.3333333333333335,1,3.3333333333333335,3,10.0,1.8666666666666667,1.384035966135113,1.0,1.0,90.0,93.33333333333333,93.33333333333333,18,60.0,5,16.666666666666664,4,13.333333333333334,1,3.3333333333333335,0,0.0,2,6.666666666666667,2.1666666666666665,1.827262676488766,1.0,1.75,83.33333333333334,83.33333333333334,83.33333333333334,18,60.0,4,13.333333333333334,3,10.0,0,0.0,0,0.0,5,16.666666666666664,2.933333333333333,2.06451500896027,2.0,4.75,70.0,70.0,73.33333333333333,12,40.0,4,13.333333333333334,5,16.666666666666664,0,0.0,1,3.3333333333333335,8,26.666666666666668
289,True,2.1,1.374772708486752,2.0,1.75,86.66666666666667,93.33333333333333,93.33333333333333,13,43.333333333333336,9,30.0,4,13.333333333333334,2,6.666666666666667,0,0.0,2,6.666666666666667,1.8,1.5362291495737217,1.0,1.0,90.0,90.0,90.0,21,70.0,3,10.0,3,10.0,0,0.0,0,0.0,3,10.0,2.1333333333333333,1.839081896551163,1.0,1.75,83.33333333333334,83.33333333333334,83.33333333333334,19,63.33333333333333,3,10.0,3,10.0,0,0.0,0,0.0,5,16.666666666666664,2.5,2.0289570391377603,1.0,2.0,76.66666666666667,76.66666666666667,76.66666666666667,16,53.333333333333336,4,13.333333333333334,3,10.0,0,0.0,0,0.0,7,23.333333333333332
290,True,1.9666666666666666,1.4715826703096075,1.5,1.0,90.0,90.0,90.0,15,50.0,10,33.33333333333333,2,6.666666666666667,0,0.0,0,0.0,3,10.0,1.8,1.4922019523732928,1.0,1.0,90.0,90.0,90.0,19,63.33333333333333,7,23.333333333333332,1,3.3333333333333335,0,0.0,0,0.0,3,10.0,2.033333333333333,1.8162843634433705,1.0,1.0,83.33333333333334,83.33333333333334,83.33333333333334,19,63.33333333333333,6,20.0,0,0.0,0,0.0,0,0.0,5,16.666666666666664,2.3333333333333335,1.422048600513436,2.0,2.0,76.66666666666667,90.0,96.66666666666667,11,36.666666666666664,9,30.0,3,10.0,4,13.333333333333334,2,6.666666666666667,1,3.3333333333333335
291,False,2.7,1.7156145643277025,2.0,2.75,73.33333333333333,80.0,86.66666666666667,9,30.0,9,30.0,4,13.333333333333334,2,6.666666666666667,2,6.666666666666667,4,13.333333333333334,2.1,1.6603212540549697,1.0,1.0,80.0,86.66666666666667,90.0,17,56.666666666666664,6,20.0,1,3.3333333333333335,2,6.666666666666667,1,3.3333333333333335,3,10.0,2.3333333333333335,1.6599866130651642,1.5,2.0,80.0,86.66666666666667,90.0,15,50.0,3,10.0,6,20.0,2,6.666666666666667,1,3.3333333333333335,3,10.0,2.7,1.9689252567496478,2.0,3.75,66.66666666666666,73.33333333333333,83.33333333333334,14,46.666666666666664,4,13.333333333333334,2,6.666666666666667,2,6.666666666666667,3,10.0,5,16.666666666666664
292,True,2.533333333333333,1.7269111795984826,2.0,2.0,80.0,83.33333333333334,83.33333333333334,10,33.33333333333333,10,33.33333333333333,4,13.333333333333334,1,3.3333333333333335,0,0.0,5,16.666666666666664,1.9333333333333333,1.5040685563571303,1.0,1.0,90.0,90.0,90.0,17,56.666666666666664,7,23.333333333333332,3,10.0,0,0.0,0,0.0,3,10.0,2.0,1.505545305418162,1.0,1.0,90.0,90.0,90.0,16,53.333333333333336,7,23.333333333333332,4,13.333333333333334,0,0.0,0,0.0,3,10.0,1.9333333333333333,1.2892719737209144,1.0,1.75,90.0,93.33333333333333,96.66666666666667,16,53.333333333333336,6,20.0,5,16.666666666666664,1,3.3333333333333335,1,3.3333333333333335,1,3.3333333333333335
293,True,2.3,1.5088627063675033,2.0,1.0,80.0,90.0,90.0,10,33.33333333333333,13,43.333333333333336,1,3.3333333333333335,3,10.0,0,0.0,3,10.0,2.033333333333333,1.5807874268505835,1.0,1.0,86.66666666666667,86.66666666666667,90.0,16,53.333333333333336,8,26.666666666666668,2,6.666666666666667,0,0.0,1,3.3333333333333335,3,10.0,2.1,1.598957994028194,1.5,1.0,83.33333333333334,86.66666666666667,90.0,15,50.0,9,30.0,1,3.3333333333333335,1,3.3333333333333335,1,3.3333333333333335,3,10.0,2.3,1.676305461424021,2.0,1.0,83.33333333333334,83.33333333333334,86.66666666666667,12,40.0,11,36.666666666666664,2,6.666666666666667,0,0.0,1,3.3333333333333335,4,13.333333333333334
294,False,2.1333333333333333,1.5648926125740668,1.0,2.0,86.66666666666667,90.0,90.0,16,53.333333333333336,4,13.333333333333334,6,20.0,1,3.3333333333333335,0,0.0,3,10.0,1.6666666666666667,1.3249737942901194,1.0,1.0,93.33333333333333,93.33333333333333,93.33333333333333,21,70.0,4,13.333333333333334,3,10.0,0,0.0,0,0.0,2,6.666666666666667,2.2333333333333334,1.9439364415764444,1.0,2.0,76.66666666666667,80.0,83.33333333333334,20,66.66666666666666,1,3.3333333333333335,2,6.666666666666667,1,3.3333333333333335,1,3.3333333333333335,5,16.666666666666664,2.1666666666666665,1.8454147380888548,1.0,1.75,80.0,80.0,86.66666666666667,19,63.33333333333333,3,10.0,2,6.666666666666667,0,0.0,2,6.666666666666667,4,13.333333333333334
295,False,2.3,1.6563010998406458,1.0,2.75,73.33333333333333,86.66666666666667,93.33333333333333,16,53.333333333333336,3,10.0,3,10.0,4,13.333333333333334,2,6.666666666666667,2,6.666666666666667,1.8,1.4236104336041748,1.0,1.0,86.66666666666667,93.33333333333333,93.33333333333333,20,66.66666666666666,4,13.333333333333334,2,6.666666666666667,2,6.666666666666667,0,0.0,2,6.666666666666667,2.4,2.075250988836451,1.0,2.5,73.33333333333333,76.66666666666667,76.66666666666667,18,60.0,4,13.333333333333334,0,0.0,1,3.3333333333333335,0,0.0,7,23.333333333333332,2.466666666666667,1.8024674446127702,1.5,2.75,73.33333333333333,83.33333333333334,86.66666666666667,15,50.0,3,10.0,4,13.333333333333334,3,10.0,1,3.3333333333333335,4,13.333333333333334
296,True,2.033333333333333,1.5380362660079103,1.0,2.0,90.0,90.0,90.0,17,56.666666666666664,4,13.333333333333334,6,20.0,0,0.0,0,0.0,3,10.0,1.6666666666666667,1.247219128924647,1.0,1.0,93.33333333333333,93.33333333333333,96.66666666666667,21,70.0,3,10.0,4,13.333333333333334,0,0.0,1,3.3333333333333335,1,3.3333333333333335,1.6333333333333333,1.1396880664852505,1.0,1.0,93.33333333333333,93.33333333333333,100.0,21,70.0,3,10.0,4,13.333333333333334,0,0.0,2,6.666666666666667,0,0.0,1.9,1.274100990241093,1.0,2.0,86.66666666666667,93.33333333333333,100.0,18,60.0,3,10.0,5,16.666666666666664,2,6.666666666666667,2,6.666666666666667,0,0.0
297,True,2.6,1.6041612554021285,2.0,2.75,73.33333333333333,86.66666666666667,90.0,10,33.33333333333333,7,23.333333333333332,5,16.666666666666664,4,13.333333333333334,1,3.3333333333333335,3,10.0,2.066666666666667,1.4817407180595246,1.5,1.0,83.33333333333334,90.0,93.33333333333333,15,50.0,8,26.666666666666668,2,6.666666666666667,2,6.666666666666667,1,3.3333333333333335,2,6.666666666666667,2.1333333333333333,1.4772346537440226,2.0,1.75,83.33333333333334,90.0,93.33333333333333,14,46.666666666666664,8,26.666666666666668,3,10.0,2,6.666666666666667,1,3.3333333333333335,2,6.666666666666667,2.8,1.8867962264113207,2.0,3.0,63.33333333333333,76.66666666666667,83.33333333333334,11,36.666666666666664,7,23.333333333333332,1,3.3333333333333335,4,13.333333333333334,2,6.666666666666667,5,16.666666666666664
298,False,2.7666666666666666,1.8199511592958264,2.0,3.0,70.0,76.66666666666667,83.33333333333334,9,30.0,10,33.33333333333333,2,6.666666666666667,2,6.666666666666667,2,6.666666666666667,5,16.666666666666664,2.066666666666667,1.590248058916875,1.0,1.0,83.33333333333334,83.33333333333334,93.33333333333333,16,53.333333333333336,8,26.666666666666668,1,3.3333333333333335,0,0.0,3,10.0,2,6.666666666666667,2.1,1.5989579940281942,1.5,1.0,83.33333333333334,86.66666666666667,90.0,15,50.0,9,30.0,1,3.3333333333333335,1,3.3333333333333335,1,3.3333333333333335,3,10.0,2.4,1.7243356208503415,2.0,2.0,80.0,83.33333333333334,86.66666666666667,13,43.333333333333336,7,23.333333333333332,4,13.333333333333334,1,3.3333333333333335,1,3.3333333333333335,4,13.333333333333334
299,False,2.5,1.7272328544042153,2.0,2.0,76.66666666666667,83.33333333333334,86.66666666666667,12,40.0,7,23.333333333333332,4,13.333333333333334,2,6.666666666666667,1,3.3333333333333335,4,13.333333333333334,2.1333333333333333,1.8571184369578826,1.0,1.75,80.0,80.0,86.66666666666667,20,66.66666666666666,2,6.666666666666667,2,6.666666666666667,0,0.0,2,6.666666666666667,4,13.333333333333334,2.1333333333333333,1.80246744461277,1.0,1.75,80.0,83.33333333333334,86.66666666666667,19,63.33333333333333,3,10.0,2,6.666666666666667,1,3.3333333333333335,1,3.3333333333333335,4,13.333333333333334,3.0,2.160246899469287,2.0,5.0,60.0,70.0,70.0,13,43.333333333333336,4,13.333333333333334,1,3.3333333333333335,3,10.0,0,0.0,9,30.0
300,True,2.0,1.390443574307614,1.5,1.0,86.66666666666667,93.33333333333333,93.33333333333333,15,50.0,8,26.666666666666668,3,10.0,2,6.666666666666667,0,0.0,2,6.666666666666667,1.9333333333333333,1.5477582354991866,1.0,1.0,86.66666666666667,90.0,90.0,18,60.0,6,20.0,2,6.666666666666667,1,3.3333333333333335,0,0.0,3,10.0,2.066666666666667,1.6918103387266028,1.0,1.75,86.66666666666667,86.66666666666667,86.66666666666667,18,60.0,4,13.333333333333334,4,13.333333333333334,0,0.0,0,0.0,4,13.333333333333334,2.433333333333333,1.8199511592958264,2.0,2.0,76.66666666666667,83.33333333333334,83.33333333333334,14,46.666666666666664,6,20.0,3,10.0,2,6.666666666666667,0,0.0,5,16.666666666666664
301,True,2.3666666666666667,1.8162843634433703,1.5,2.0,76.66666666666667,80.0,86.66666666666667,15,50.0,6,20.0,2,6.666666666666667,1,3.3333333333333335,2,6.666666666666667,4,13.333333333333334,2.2333333333333334,1.8015425489162213,1.0,1.0,80.0,80.0,86.66666666666667,16,53.333333333333336,7,23.333333333333332,1,3.3333333333333335,0,0.0,2,6.666666666666667,4,13.333333333333334,2.1333333333333333,1.4544949486180951,2.0,2.0,86.66666666666667,90.0,93.33333333333333,14,46.666666666666664,7,23.333333333333332,5,16.666666666666664,1,3.3333333333333335,1,3.3333333333333335,2,6.666666666666667,2.1,1.445683229480096,2.0,1.75,86.66666666666667,90.0,93.33333333333333,14,46.666666666666664,8,26.666666666666668,4,13.333333333333334,1,3.3333333333333335,1,3.3333333333333335,2,6.666666666666667
302,True,2.8333333333333335,1.8633899812498245,2.0,3.75,66.66666666666666,73.33333333333333,83.33333333333334,9,30.0,10,33.33333333333333,1,3.3333333333333335,2,6.666666666666667,3,10.0,5,16.666666666666664,2.2666666666666666,1.7499206331208919,1.5,1.75,80.0,83.33333333333334,86.66666666666667,15,50.0,7,23.333333333333332,2,6.666666666666667,1,3.3333333333333335,1,3.3333333333333335,4,13.333333333333334,2.2333333333333334,1.6468825769380835,2.0,2.0,86.66666666666667,86.66666666666667,86.66666666666667,14,46.666666666666664,7,23.333333333333332,5,16.666666666666664,0,0.0,0,0.0,4,13.333333333333334,2.1333333333333333,1.4079141387961918,2.0,1.0,86.66666666666667,90.0,93.33333333333333,12,40.0,11,36.666666666666664,3,10.0,1,3.3333333333333335,1,3.3333333333333335,2,6.666666666666667
303,False,2.5,1.8393839548428526,2.0,1.75,80.0,80.0,80.0,11,36.666666666666664,11,36.666666666666664,2,6.666666666666667,0,0.0,0,0.0,6,20.0,2.1333333333333333,1.8208667044996885,1.0,1.0,83.33333333333334,83.33333333333334,83.33333333333334,18,60.0,5,16.666666666666664,2,6.666666666666667,0,0.0,0,0.0,5,16.666666666666664,2.433333333333333,2.011356645539412,1.0,2.75,73.33333333333333,76.66666666666667,80.0,17,56.666666666666664,4,13.333333333333334,1,3.3333333333333335,1,3.3333333333333335,1,3.3333333333333335,6,20.0,2.433333333333333,1.7451520150277897,2.0,2.0,80.0,80.0,86.66666666666667,12,40.0,9,30.0,3,10.0,0,0.0,2,6.666666666666667,4,13.333333333333334
304,True,2.566666666666667,1.891795149821695,2.0,3.0,70.0,80.0,83.33333333333334,14,46.666666666666664,5,16.666666666666664,2,6.666666666666667,3,10.0,1,3.3333333333333335,5,16.666666666666664,1.8,1.3759844960366863,1.0,1.0,83.33333333333334,93.33333333333333,96.66666666666667,20,66.66666666666666,4,13.333333333333334,1,3.3333333333333335,3,10.0,1,3.3333333333333335,1,3.3333333333333335,2.1666666666666665,1.5933891203622828,1.0,2.0,76.66666666666667,90.0,93.33333333333333,17,56.666666666666664,3,10.0,3,10.0,4,13.333333333333334,1,3.3333333333333335,2,6.666666666666667,2.2333333333333334,1.7065234314893605,1.0,2.5,73.33333333333333,86.66666666666667,90.0,16,53.333333333333336,6,20.0,0,0.0,4,13.333333333333334,1,3.3333333333333335,3,10.0
305,True,2.5,1.8211717839530315,2.0,1.0,80.0,80.0,80.0,10,33.33333333333333,13,43.333333333333336,1,3.3333333333333335,0,0.0,0,0.0,6,20.0,2.033333333333333,1.4940623220676645,2.0,1.0,86.66666666666667,90.0,90.0,14,46.666666666666664,11,36.666666666666664,1,3.3333333333333335,1,3.3333333333333335,0,0.0,3,10.0,2.3333333333333335,1.6397831834998458,2.0,1.0,80.0,86.66666666666667,86.66666666666667,11,36.666666666666664,12,40.0,1,3.3333333333333335,2,6.666666666666667,0,0.0,4,13.333333333333334,2.3333333333333335,1.577621275493231,2.0,1.75,80.0,86.66666666666667,90.0,11,36.666666666666664,11,36.666666666666664,2,6.666666666666667,2,6.666666666666667,1,3.3333333333333335,3,10.0
306,False,2.533333333333333,1.7838784213679537,2.0,2.0,76.66666666666667,80.0,86.66666666666667,13,43.333333333333336,5,16.666666666666664,5,16.666666666666664,1,3.3333333333333335,2,6.666666666666667,4,13.333333333333334,2.1333333333333333,1.7074997966487597,1.0,1.75,83.33333333333334,86.66666666666667,86.66666666666667,17,56.666666666666664,5,16.666666666666664,3,10.0,1,3.3333333333333335,0,0.0,4,13.333333333333334,2.4,1.854723699099141,2.0,1.75,76.66666666666667,80.0,83.33333333333334,14,46.666666666666664,8,26.666666666666668,1,3.3333333333333335,1,3.3333333333333335,1,3.3333333333333335,5,16.666666666666664,2.8,2.006655592438988,2.0,3.75,63.33333333333333,73.33333333333333,80.0,13,43.333333333333336,5,16.666666666666664,1,3.3333333333333335,3,10.0,2,6.666666666666667,6,20.0
307,False,2.8333333333333335,1.8988300491501484,2.0,2.75,73.33333333333333,76.66666666666667,76.66666666666667,9,30.0,9,30.0,4,13.333333333333334,1,3.3333333333333335,0,0.0,7,23.333333333333332,2.1,1.7767010628315238,1.0,1.0,80.0,83.33333333333334,86.66666666666667,18,60.0,6,20.0,0,0.0,1,3.3333333333333335,1,3.3333333333333335,4,13.333333333333334,2.3666666666666667,1.834545054108935,1.5,2.0,76.66666666666667,83.33333333333334,83.33333333333334,15,50.0,6,20.0,2,6.666666666666667,2,6.666666666666667,0,0.0,5,16.666666666666664,3.0,2.016597794967223,2.0,4.0,66.66666666666666,66.66666666666666,76.66666666666667,10,33.33333333333333,7,23.333333333333332,3,10.0,0,0.0,3,10.0,7,23.333333333333332
308,True,2.2666666666666666,1.3888444437333107,2.0,2.0,83.33333333333334,93.33333333333333,93.33333333333333,11,36.666666666666664,9,30.0,5,16.666666666666664,3,10.0,0,0.0,2,6.666666666666667,2.0,1.390443574307614,1.5,1.0,86.66666666666667,93.33333333333333,93.33333333333333,15,50.0,8,26.666666666666668,3,10.0,2,6.666666666666667,0,0.0,2,6.666666666666667,2.466666666666667,1.7838784213679537,2.0,2.0,76.66666666666667,83.33333333333334,83.33333333333334,12,40.0,9,30.0,2,6.666666666666667,2,6.666666666666667,0,0.0,5,16.666666666666664,2.466666666666667,1.6069294390925268,2.0,2.0,76.66666666666667,83.33333333333334,93.33333333333333,12,40.0,6,20.0,5,16.666666666666664,2,6.666666666666667,3,10.0,2,6.666666666666667
309,False,2.6333333333333333,1.7220788470785986,2.0,3.0,70.0,83.33333333333334,86.66666666666667,10,33.33333333333333,9,30.0,2,6.666666666666667,4,13.333333333333334,1,3.3333333333333335,4,13.333333333333334,2.3,1.8823743871327332,1.0,2.75,73.33333333333333,80.0,86.66666666666667,18,60.0,3,10.0,1,3.3333333333333335,2,6.666666666666667,2,6.666666666666667,4,13.333333333333334,2.6,1.9595917942265426,1.5,3.0,66.66666666666666,76.66666666666667,83.33333333333334,15,50.0,4,13.333333333333334,1,3.3333333333333335,3,10.0,2,6.666666666666667,5,16.666666666666664,2.2666666666666666,1.6519348924485158,2.0,1.75,76.66666666666667,86.66666666666667,90.0,14,46.666666666666664,8,26.666666666666668,1,3.3333333333333335,3,10.0,1,3.3333333333333335,3,10.0
310,True,2.2,1.6206994374857624,2.0,1.0,80.0,86.66666666666667,90.0,14,46.666666666666664,9,30.0,1,3.3333333333333335,2,6.666666666666667,1,3.3333333333333335,3,10.0,1.6333333333333333,1.1685698761972072,1.0,1.0,90.0,96.66666666666667,96.66666666666667,20,66.66666666666666,6,20.0,1,3.3333333333333335,2,6.666666666666667,0,0.0,1,3.3333333333333335,1.8666666666666667,1.521694961401777,1.0,1.0,90.0,90.0,90.0,19,63.33333333333333,5,16.666666666666664,3,10.0,0,0.0,0,0.0,3,10.0,1.9666666666666666,1.4940623220676648,1.0,1.0,83.33333333333334,90.0,93.33333333333333,17,56.666666666666664,7,23.333333333333332,1,3.3333333333333335,2,6.666666666666667,1,3.3333333333333335,2,6.666666666666667
311,True,2.4,1.5187714333192688,2.0,2.0,86.66666666666667,86.66666666666667,90.0,10,33.33333333333333,9,30.0,7,23.333333333333332,0,0.0,1,3.3333333333333335,3,10.0,1.9666666666666666,1.5595583420386112,1.0,1.0,86.66666666666667,90.0,90.0,18,60.0,5,16.666666666666664,3,10.0,1,3.3333333333333335,0,0.0,3,10.0,2.2666666666666666,1.730767331432956,1.0,2.0,80.0,86.66666666666667,86.66666666666667,16,53.333333333333336,4,13.333333333333334,4,13.333333333333334,2,6.666666666666667,0,0.0,4,13.333333333333334,2.533333333333333,1.80246744461277,2.0,2.0,76.66666666666667,83.33333333333334,83.33333333333334,13,43.333333333333336,5,16.666666666666664,5,16.666666666666664,2,6.666666666666667,0,0.0,5,16.666666666666664
312,False,2.533333333333333,1.564892612574067,2.0,2.0,86.66666666666667,86.66666666666667,86.66666666666667,9,30.0,8,26.666666666666668,9,30.0,0,0.0,0,0.0,4,13.333333333333334,2.3,1.9,1.0,2.75,73.33333333333333,80.0,86.66666666666667,19,63.33333333333333,1,3.3333333333333335,2,6.666666666666667,2,6.666666666666667,2,6.666666666666667,4,13.333333333333334,2.2333333333333334,1.7259457954666158,1.0,2.0,76.66666666666667,86.66666666666667,90.0,18,60.0,1,3.3333333333333335,4,13.333333333333334,3,10.0,1,3.3333333333333335,3,10.0,3.3666666666666667,2.0409692686455507,3.0,4.75,53.333333333333336,63.33333333333333,73.33333333333333,10,33.33333333333333,2,6.666666666666667,4,13.333333333333334,3,10.0,3,10.0,8,26.666666666666668
313,True,2.3666666666666667,1.5595583420386114,2.0,2.0,80.0,90.0,90.0,12,40.0,7,23.333333333333332,5,16.666666666666664,3,10.0,0,0.0,3,10.0,2.2333333333333334,1.7641491496532322,1.0,2.0,83.33333333333334,83.33333333333334,86.66666666666667,17,56.666666666666664,3,10.0,5,16.666666666666664,0,0.0,1,3.3333333333333335,4,13.333333333333334,2.3333333333333335,1.8318175552045448,1.0,2.0,80.0,83.33333333333334,83.33333333333334,16,53.333333333333336,4,13.333333333333334,4,13.333333333333334,1,3.3333333333333335,0,0.0,5,16.666666666666664,2.9,2.0223748416156684,2.0,4.5,70.0,73.33333333333333,73.33333333333333,11,36.666666666666664,6,20.0,4,13.333333333333334,1,3.3333333333333335,0,0.0,8,26.666666666666668
314,False,2.5,1.5864005379054391,2.0,2.0,76.66666666666667,86.66666666666667,90.0,10,33.33333333333333,9,30.0,4,13.333333333333334,3,10.0,1,3.3333333333333335,3,10.0,2.1666666666666665,1.8454147380888546,1.0,1.0,80.0,83.33333333333334,83.33333333333334,18,60.0,5,16.666666666666664,1,3.3333333333333335,1,3.3333333333333335,0,0.0,5,16.666666666666664,2.033333333333333,1.5380362660079103,1.0,2.0,90.0,90.0,90.0,17,56.666666666666664,4,13.333333333333334,6,20.0,0,0.0,0,0.0,3,10.0,2.8,1.869046102516825,2.0,2.75,73.33333333333333,76.66666666666667,80.0,10,33.33333333333333,7,23.333333333333332,5,16.666666666666664,1,3.3333333333333335,1,3.3333333333333335,6,20.0
315,False,2.433333333333333,1.764149149653232,2.0,2.0,80.0,83.33333333333334,83.33333333333334,12,40.0,9,30.0,3,10.0,1,3.3333333333333335,0,0.0,5,16.666666666666664,2.1333333333333333,1.6275407487644937,1.0,1.75,83.33333333333334,86.66666666666667,90.0,16,53.333333333333336,6,20.0,3,10.0,1,3.3333333333333335,1,3.3333333333333335,3,10.0,2.433333333333333,1.6868774571839993,2.0,2.0,80.0,86.66666666666667,86.66666666666667,13,43.333333333333336,5,16.666666666666664,6,20.0,2,6.666666666666667,0,0.0,4,13.333333333333334,2.3666666666666667,1.601735170231195,2.0,2.0,80.0,86.66666666666667,90.0,12,40.0,8,26.666666666666668,4,13.333333333333334,2,6.666666666666667,1,3.3333333333333335,3,10.0
316,False,2.033333333333333,1.5595583420386114,1.0,1.0,83.33333333333334,90.0,90.0,16,53.333333333333336,8,26.666666666666668,1,3.3333333333333335,2,6.666666666666667,0,0.0,3,10.0,1.8666666666666667,1.7074997966487595,1.0,0.75,86.66666666666667,86.66666666666667,86.66666666666667,22,73.33333333333333,2,6.666666666666667,2,6.666666666666667,0,0.0,0,0.0,4,13.333333333333334,2.033333333333333,1.8526257642120338,1.0,1.0,83.33333333333334,83.33333333333334,83.33333333333334,21,70.0,2,6.666666666666667,2,6.666666666666667,0,0.0,0,0.0,5,16.666666666666664,2.433333333333333,1.891795149821695,1.5,2.75,73.33333333333333,80.0,83.33333333333334,15,50.0,6,20.0,1,3.3333333333333335,2,6.666666666666667,1,3.3333333333333335,5,16.666666666666664
317,True,2.2333333333333334,1.54236470683457,2.0,1.75,86.66666666666667,86.66666666666667,90.0,12,40.0,10,33.33333333333333,4,13.333333333333334,0,0.0,1,3.3333333333333335,3,10.0,1.8333333333333333,1.3682917167849196,1.0,1.0,90.0,93.33333333333333,93.33333333333333,18,60.0,6,20.0,3,10.0,1,3.3333333333333335,0,0.0,2,6.666666666666667,1.9,1.3503086067019394,1.0,1.0,90.0,93.33333333333333,93.33333333333333,16,53.333333333333336,8,26.666666666666668,3,10.0,1,3.3333333333333335,0,0.0,2,6.666666666666667,2.4,1.781385228784985,2.0,2.75,73.33333333333333,83.33333333333334,86.66666666666667,14,46.666666666666664,7,23.333333333333332,1,3.3333333333333335,3,10.0,1,3.3333333333333335,4,13.333333333333334
318,True,2.0,1.3416407864998738,2.0,1.0,86.66666666666667,90.0,96.66666666666667,14,46.666666666666664,10,33.33333333333333,2,6.666666666666667,1,3.3333333333333335,2,6.666666666666667,1,3.3333333333333335,1.8333333333333333,1.4161763857498668,1.0,1.0,86.66666666666667,93.33333333333333,93.33333333333333,19,63.33333333333333,5,16.666666666666664,2,6.666666666666667,2,6.666666666666667,0,0.0,2,6.666666666666667,1.9666666666666666,1.5380362660079103,1.0,1.0,86.66666666666667,86.66666666666667,93.33333333333333,18,60.0,5,16.666666666666664,3,10.0,0,0.0,2,6.666666666666667,2,6.666666666666667,2.8666666666666667,1.9955506062794355,2.0,3.75,70.0,73.33333333333333,76.66666666666667,12,40.0,4,13.333333333333334,5,16.666666666666664,1,3.3333333333333335,1,3.3333333333333335,7,23.333333333333332
319,False,2.966666666666667,1.5162087220725546,2.5,1.0,76.66666666666667,80.0,86.66666666666667,3,10.0,12,40.0,8,26.666666666666668,1,3.3333333333333335,2,6.666666666666667,4,13.333333333333334,2.3333333333333335,1.5986105077709065,2.0,2.0,80.0,86.66666666666667,90.0,12,40.0,9,30.0,3,10.0,2,6.666666666666667,1,3.3333333333333335,3,10.0,2.566666666666667,1.7451520150277897,2.0,2.0,76.66666666666667,83.33333333333334,83.33333333333334,10,33.33333333333333,10,33.33333333333333,3,10.0,2,6.666666666666667,0,0.0,5,16.666666666666664,2.7,1.5947831618540913,2.0,2.5,73.33333333333333,83.33333333333334,90.0,8,26.666666666666668,9,30.0,5,16.666666666666664,3,10.0,2,6.666666666666667,3,10.0
320,True,2.1,1.3503086067019394,2.0,2.0,90.0,93.33333333333333,93.33333333333333,13,43.333333333333336,8,26.666666666666668,6,20.0,1,3.3333333333333335,0,0.0,2,6.666666666666667,2.1,1.7387735140993301,1.0,1.0,80.0,86.66666666666667,86.66666666666667,18,60.0,5,16.666666666666664,1,3.3333333333333335,2,6.666666666666667,0,0.0,4,13.333333333333334,2.1,1.7194960502038572,1.0,1.75,83.33333333333334,86.66666666666667,86.66666666666667,18,60.0,4,13.333333333333334,3,10.0,1,3.3333333333333335,0,0.0,4,13.333333333333334,2.8333333333333335,2.0507451220362696,2.0,4.0,63.33333333333333,70.0,80.0,14,46.666666666666664,3,10.0,2,6.666666666666667,2,6.666666666666667,3,10.0,6,20.0
321,True,1.9666666666666666,1.3535960336164634,1.5,1.0,90.0,93.33333333333333,93.33333333333333,15,50.0,8,26.666666666666668,4,13.333333333333334,1,3.3333333333333335,0,0.0,2,6.666666666666667,1.7333333333333334,1.339983416149452,1.0,1.0,93.33333333333333,93.33333333333333,93.33333333333333,20,66.66666666666666,4,13.333333333333334,4,13.333333333333334,0,0.0,0,0.0,2,6.666666666666667,2.2,1.7009801096230763,1.0,2.0,83.33333333333334,86.66666666666667,86.66666666666667,16,53.333333333333336,5,16.666666666666664,4,13.333333333333334,1,3.3333333333333335,0,0.0,4,13.333333333333334,2.3333333333333335,1.679947089113887,2.0,2.0,83.33333333333334,86.66666666666667,86.66666666666667,14,46.666666666666664,5,16.666666666666664,6,20.0,1,3.3333333333333335,0,0.0,4,13.333333333333334
322,True,2.2,1.4236104336041748,2.0,2.0,83.33333333333334,93.33333333333333,93.33333333333333,13,43.333333333333336,7,23.333333333333332,5,16.666666666666664,3,10.0,0,0.0,2,6.666666666666667,2.1666666666666665,1.7336538165261124,1.0,1.75,80.0,86.66666666666667,86.66666666666667,17,56.666666666666664,5,16.666666666666664,2,6.666666666666667,2,6.666666666666667,0,0.0,4,13.333333333333334,2.2666666666666666,1.6316317667360556,2.0,2.0,80.0,86.66666666666667,90.0,14,46.666666666666664,7,23.333333333333332,3,10.0,2,6.666666666666667,1,3.3333333333333335,3,10.0,2.7666666666666666,1.9093337988826249,2.0,3.0,66.66666666666666,76.66666666666667,83.33333333333334,13,43.333333333333336,3,10.0,4,13.333333333333334,3,10.0,2,6.666666666666667,5,16.666666666666664
323,False,2.3,1.715614564327703,2.0,1.0,80.0,83.33333333333334,86.66666666666667,13,43.333333333333336,10,33.33333333333333,1,3.3333333333333335,1,3.3333333333333335,1,3.3333333333333335,4,13.333333333333334,2.066666666666667,1.7876116903722563,1.0,1.0,80.0,83.33333333333334,86.66666666666667,19,63.33333333333333,5,16.666666666666664,0,0.0,1,3.3333333333333335,1,3.3333333333333335,4,13.333333333333334,2.3,1.8645821694595994,1.0,1.75,80.0,80.0,83.33333333333334,16,53.333333333333336,6,20.0,2,6.666666666666667,0,0.0,1,3.3333333333333335,5,16.666666666666664,2.1333333333333333,1.7269111795984824,1.0,1.0,83.33333333333334,83.33333333333334,86.66666666666667,16,53.333333333333336,8,26.666666666666668,1,3.3333333333333335,0,0.0,1,3.3333333333333335,4,13.333333333333334
324,True,2.1666666666666665,1.7336538165261124,1.0,1.75,80.0,86.66666666666667,86.66666666666667,17,56.666666666666664,5,16.666666666666664,2,6.666666666666667,2,6.666666666666667,0,0.0,4,13.333333333333334,1.6666666666666667,1.422048600513436,1.0,0.0,86.66666666666667,93.33333333333333,93.33333333333333,23,76.66666666666667,2,6.666666666666667,1,3.3333333333333335,2,6.666666666666667,0,0.0,2,6.666666666666667,1.8,1.446835627614047,1.0,1.0,86.66666666666667,93.33333333333333,93.33333333333333,21,70.0,2,6.666666666666667,3,10.0,2,6.666666666666667,0,0.0,2,6.666666666666667,2.3,1.8466185312619385,1.0,2.0,80.0,83.33333333333334,83.33333333333334,17,56.666666666666664,3,10.0,4,13.333333333333334,1,3.3333333333333335,0,0.0,5,16.666666666666664
325,False,2.3666666666666667,1.6629959577688562,2.0,2.0,80.0,86.66666666666667,86.66666666666667,12,40.0,9,30.0,3,10.0,2,6.666666666666667,0,0.0,4,13.333333333333334,1.8,1.3012814197295424,1.0,1.0,93.33333333333333,93.33333333333333,93.33333333333333,17,56.666666666666664,8,26.666666666666668,3,10.0,0,0.0,0,0.0,2,6.666666666666667,2.066666666666667,1.6918103387266028,1.0,1.0,83.33333333333334,86.66666666666667,86.66666666666667,17,56.666666666666664,7,23.333333333333332,1,3.3333333333333335,1,3.3333333333333335,0,0.0,4,13.333333333333334,2.3,1.5947831618540915,2.0,2.0,83.33333333333334,86.66666666666667,90.0,13,43.333333333333336,7,23.333333333333332,5,16.666666666666664,1,3.3333333333333335,1,3.3333333333333335,3,10.0
326,False,2.2666666666666666,1.339983416149452,2.0,2.0,86.66666666666667,93.33333333333333,93.33333333333333,10,33.33333333333333,10,33.33333333333333,6,20.0,2,6.666666666666667,0,0.0,2,6.666666666666667,2.0,1.570562531918633,1.0,1.0,83.33333333333334,90.0,90.0,17,56.666666666666664,7,23.333333333333332,1,3.3333333333333335,2,6.666666666666667,0,0.0,3,10.0,2.2333333333333334,1.8199511592958264,1.0,1.0,80.0,83.33333333333334,83.33333333333334,16,53.333333333333336,7,23.333333333333332,1,3.3333333333333335,1,3.3333333333333335,0,0.0,5,16.666666666666664,2.8666666666666667,1.9787762772874442,2.0,3.75,66.66666666666666,73.33333333333333,76.66666666666667,10,33.33333333333333,9,30.0,1,3.3333333333333335,2,6.666666666666667,1,3.3333333333333335,7,23.333333333333332
327,False,2.3666666666666667,1.5162087220725542,2.0,2.0,80.0,90.0,90.0,10,33.33333333333333,11,36.666666666666664,3,10.0,3,10.0,0,0.0,3,10.0,2.2333333333333334,1.6868774571839995,2.0,1.0,83.33333333333334,83.33333333333334,86.66666666666667,13,43.333333333333336,11,36.666666666666664,1,3.3333333333333335,0,0.0,1,3.3333333333333335,4,13.333333333333334,2.433333333333333,1.7259457954666155,2.0,1.75,80.0,80.0,86.66666666666667,11,36.666666666666664,11,36.666666666666664,2,6.666666666666667,0,0.0,2,6.666666666666667,4,13.333333333333334,2.7333333333333334,1.896195020443719,2.0,3.75,70.0,73.33333333333333,83.33333333333334,11,36.666666666666664,8,26.666666666666668,2,6.666666666666667,1,3.3333333333333335,3,10.0,5,16.666666666666664
328,False,2.433333333333333,1.8740923729160797,2.0,2.5,73.33333333333333,80.0,83.33333333333334,14,46.666666666666664,8,26.666666666666668,0,0.0,2,6.666666666666667,1,3.3333333333333335,5,16.666666666666664,2.066666666666667,1.8061622912192092,1.0,1.0,80.0,83.33333333333334,86.66666666666667,20,66.66666666666666,3,10.0,1,3.3333333333333335,1,3.3333333333333335,1,3.3333333333333335,4,13.333333333333334,2.5,2.0936411663256274,1.0,3.5,73.33333333333333,73.33333333333333,76.66666666666667,17,56.666666666666664,4,13.333333333333334,1,3.3333333333333335,0,0.0,1,3.3333333333333335,7,23.333333333333332,2.4,1.9595917942265422,1.0,3.0,70.0,80.0,83.33333333333334,18,60.0,2,6.666666666666667,1,3.3333333333333335,3,10.0,1,3.3333333333333335,5,16.666666666666664
329,True,2.7,1.5947831618540913,2.0,1.0,76.66666666666667,80.0,90.0,7,23.333333333333332,11,36.666666666666664,5,16.666666666666664,1,3.3333333333333335,3,10.0,3,10.0,2.2666666666666666,1.590248058916875,2.0,2.0,80.0,90.0,90.0,14,46.666666666666664,6,20.0,4,13.333333333333334,3,10.0,0,0.0,3,10.0,2.466666666666667,1.7074997966487597,2.0,2.0,76.66666666666667,86.66666666666667,86.66666666666667,13,43.333333333333336,5,16.666666666666664,5,16.666666666666664,3,10.0,0,0.0,4,13.333333333333334,2.7,1.7156145643277028,2.0,3.0,70.0,83.33333333333334,86.66666666666667,10,33.33333333333333,7,23.333333333333332,4,13.333333333333334,4,13.333333333333334,1,3.3333333333333335,4,13.333333333333334
330,False,2.1666666666666665,1.6749792701868154,1.5,1.0,83.33333333333334,86.66666666666667,86.66666666666667,15,50.0,8,26.666666666666668,2,6.666666666666667,1,3.3333333333333335,0,0.0,4,13.333333333333334,1.8,1.5577761927397231,1.0,1.0,86.66666666666667,90.0,90.0,21,70.0,4,13.333333333333334,1,3.3333333333333335,1,3.3333333333333335,0,0.0,3,10.0,2.0,1.7701224063135672,1.0,1.0,83.33333333333334,83.33333333333334,86.66666666666667,20,66.66666666666666,4,13.333333333333334,1,3.3333333333333335,0,0.0,1,3.3333333333333335,4,13.333333333333334,2.1666666666666665,1.7716909687891083,1.0,1.0,80.0,83.33333333333334,86.66666666666667,17,56.666666666666664,6,20.0,1,3.3333333333333335,1,3.3333333333333335,1,3.3333333333333335,4,13.333333333333334
331,True,2.4,1.7435595774162693,2.0,2.0,83.33333333333334,83.33333333333334,83.33333333333334,12,40.0,9,30.0,4,13.333333333333334,0,0.0,0,0.0,5,16.666666666666664,2.1333333333333333,1.687865186822955,1.0,1.0,83.33333333333334,86.66666666666667,86.66666666666667,16,53.333333333333336,7,23.333333333333332,2,6.666666666666667,1,3.3333333333333335,0,0.0,4,13.333333333333334,2.3,1.6360521589077368,2.0,1.75,83.33333333333334,86.66666666666667,86.66666666666667,12,40.0,10,33.33333333333333,3,10.0,1,3.3333333333333335,0,0.0,4,13.333333333333334,2.1333333333333333,1.2310790208412925,2.0,1.75,83.33333333333334,96.66666666666667,96.66666666666667,11,36.666666666666664,11,36.666666666666664,3,10.0,4,13.333333333333334,0,0.0,1,3.3333333333333335
332,False,2.533333333333333,1.586050300449376,2.0,2.0,76.66666666666667,86.66666666666667,90.0,10,33.33333333333333,8,26.666666666666668,5,16.666666666666664,3,10.0,1,3.3333333333333335,3,10.0,2.2666666666666666,1.8061622912192088,1.5,1.0,80.0,83.33333333333334,83.33333333333334,15,50.0,8,26.666666666666668,1,3.3333333333333335,1,3.3333333333333335,0,0.0,5,16.666666666666664,2.566666666666667,1.782943882708844,2.0,2.0,76.66666666666667,83.33333333333334,83.33333333333334,12,40.0,6,20.0,5,16.666666666666664,2,6.666666666666667,0,0.0,5,16.666666666666664,2.7666666666666666,1.9947152400502908,2.0,3.75,70.0,73.33333333333333,76.66666666666667,11,36.666666666666664,9,30.0,1,3.3333333333333335,1,3.3333333333333335,1,3.3333333333333335,7,23.333333333333332
333,True,2.7666666666666666,1.7829438827088442,2.0,3.0,66.66666666666666,80.0,86.66666666666667,11,36.666666666666664,5,16.666666666666664,4,13.333333333333334,4,13.333333333333334,2,6.666666666666667,4,13.333333333333334,2.3333333333333335,1.7384539747207062,1.5,2.0,76.66666666666667,86.66666666666667,86.66666666666667,15,50.0,5,16.666666666666664,3,10.0,3,10.0,0,0.0,4,13.333333333333334,2.433333333333333,1.7065234314893605,2.0,2.0,76.66666666666667,86.66666666666667,86.66666666666667,13,43.333333333333336,6,20.0,4,13.333333333333334,3,10.0,0,0.0,4,13.333333333333334,2.8666666666666667,1.8926759422104522,2.0,3.0,66.66666666666666,76.66666666666667,80.0,10,33.33333333333333,7,23.333333333333332,3,10.0,3,10.0,1,3.3333333333333335,6,20.0
334,False,2.533333333333333,1.7838784213679537,2.0,2.0,80.0,80.0,83.33333333333334,11,36.666666666666664,9,30.0,4,13.333333333333334,0,0.0,1,3.3333333333333335,5,16.666666666666664,1.9333333333333333,1.6519348924485153,1.0,1.0,83.33333333333334,86.66666666666667,90.0,20,66.66666666666666,4,13.333333333333334,1,3.3333333333333335,1,3.3333333333333335,1,3.3333333333333335,3,10.0,2.2,1.8867962264113207,1.0,1.0,80.0,80.0,83.33333333333334,18,60.0,5,16.666666666666664,1,3.3333333333333335,0,0.0,1,3.3333333333333335,5,16.666666666666664,2.8,2.0558858593479035,2.0,4.5,70.0,73.33333333333333,73.33333333333333,12,40.0,7,23.333333333333332,2,6.666666666666667,1,3.3333333333333335,0,0.0,8,26.666666666666668
335,False,2.5,1.707825127659933,2.0,2.0,76.66666666666667,86.66666666666667,86.66666666666667,13,43.333333333333336,4,13.333333333333334,6,20.0,3,10.0,0,0.0,4,13.333333333333334,2.0,1.570562531918633,1.0,1.75,86.66666666666667,90.0,90.0,18,60.0,4,13.333333333333334,4,13.333333333333334,1,3.3333333333333335,0,0.0,3,10.0,2.2,1.7397317800933183,1.0,1.75,83.33333333333334,83.33333333333334,86.66666666666667,16,53.333333333333336,6,20.0,3,10.0,0,0.0,1,3.3333333333333335,4,13.333333333333334,2.466666666666667,1.839081896551163,1.5,2.0,76.66666666666667,83.33333333333334,83.33333333333334,15,50.0,3,10.0,5,16.666666666666664,2,6.666666666666667,0,0.0,5,16.666666666666664
336,True,2.3333333333333335,1.679947089113887,2.0,2.0,80.0,86.66666666666667,86.66666666666667,13,43.333333333333336,8,26.666666666666668,3,10.0,2,6.666666666666667,0,0.0,4,13.333333333333334,1.7666666666666666,1.2565384549980507,1.0,1.0,90.0,93.33333333333333,96.66666666666667,18,60.0,7,23.333333333333332,2,6.666666666666667,1,3.3333333333333335,1,3.3333333333333335,1,3.3333333333333335,2.2333333333333334,1.8015425489162213,1.5,1.0,80.0,83.33333333333334,83.33333333333334,15,50.0,9,30.0,0,0.0,1,3.3333333333333335,0,0.0,5,16.666666666666664,2.3666666666666667,1.7220788470785984,2.0,2.0,80.0,83.33333333333334,86.66666666666667,13,43.333333333333336,8,26.666666666666668,3,10.0,1,3.3333333333333335,1,3.3333333333333335,4,13.333333333333334
337,False,2.5,1.6683325008322931,2.0,2.0,80.0,83.33333333333334,86.66666666666667,10,33.33333333333333,10,33.33333333333333,4,13.333333333333334,1,3.3333333333333335,1,3.3333333333333335,4,13.333333333333334,1.9,1.445683229480096,1.0,1.0,86.66666666666667,90.0,93.33333333333333,17,56.666666666666664,8,26.666666666666668,1,3.3333333333333335,1,3.3333333333333335,1,3.3333333333333335,2,6.666666666666667,1.9666666666666666,1.5380362660079103,1.0,1.0,86.66666666666667,90.0,90.0,17,56.666666666666664,7,23.333333333333332,2,6.666666666666667,1,3.3333333333333335,0,0.0,3,10.0,2.433333333333333,1.6868774571839995,2.0,2.0,76.66666666666667,86.66666666666667,86.66666666666667,12,40.0,8,26.666666666666668,3,10.0,3,10.0,0,0.0,4,13.333333333333334
338,True,2.4,1.6041612554021285,2.0,2.0,76.66666666666667,86.66666666666667,90.0,11,36.666666666666664,10,33.33333333333333,2,6.666666666666667,3,10.0,1,3.3333333333333335,3,10.0,2.1,1.6401219466856725,1.0,1.0,80.0,86.66666666666667,90.0,16,53.333333333333336,8,26.666666666666668,0,0.0,2,6.666666666666667,1,3.3333333333333335,3,10.0,2.1,1.5989579940281942,1.5,1.0,83.33333333333334,86.66666666666667,90.0,15,50.0,9,30.0,1,3.3333333333333335,1,3.3333333333333335,1,3.3333333333333335,3,10.0,2.4,1.6041612554021285,2.0,2.75,73.33333333333333,86.66666666666667,93.33333333333333,13,43.333333333333336,6,20.0,3,10.0,4,13.333333333333334,2,6.666666666666667,2,6.666666666666667
339,False,2.2666666666666666,1.5040685563571303,2.0,2.0,86.66666666666667,90.0,90.0,12,40.0,8,26.666666666666668,6,20.0,1,3.3333333333333335,0,0.0,3,10.0,2.1333333333333333,1.7650936393164969,1.0,1.75,83.33333333333334,83.33333333333334,86.66666666666667,18,60.0,4,13.333333333333334,3,10.0,0,0.0,1,3.3333333333333335,4,13.333333333333334,2.2333333333333334,1.8199511592958264,1.0,2.0,76.66666666666667,83.33333333333334,86.66666666666667,18,60.0,3,10.0,2,6.666666666666667,2,6.666666666666667,1,3.3333333333333335,4,13.333333333333334,2.7,1.7916472867168918,2.0,2.0,76.66666666666667,80.0,83.33333333333334,11,36.666666666666664,5,16.666666666666664,7,23.333333333333332,1,3.3333333333333335,1,3.3333333333333335,5,16.666666666666664
340,True,2.2333333333333334,1.6669999666733317,2.0,1.75,83.33333333333334,86.66666666666667,86.66666666666667,14,46.666666666666664,8,26.666666666666668,3,10.0,1,3.3333333333333335,0,0.0,4,13.333333333333334,1.8333333333333333,1.4624940645653537,1.0,1.0,90.0,90.0,93.33333333333333,20,66.66666666666666,3,10.0,4,13.333333333333334,0,0.0,1,3.3333333333333335,2,6.666666666666667,1.9,1.491084616423003,1.0,1.0,90.0,90.0,90.0,17,56.666666666666664,8,26.666666666666668,2,6.666666666666667,0,0.0,0,0.0,3,10.0,2.3333333333333335,1.7950549357115013,1.5,2.0,83.33333333333334,83.33333333333334,83.33333333333334,15,50.0,5,16.666666666666664,5,16.666666666666664,0,0.0,0,0.0,5,16.666666666666664
341,True,2.2,1.3266499161421599,2.0,2.0,90.0,93.33333333333333,93.33333333333333,11,36.666666666666664,9,30.0,7,23.333333333333332,1,3.3333333333333335,0,0.0,2,6.666666666666667,1.9333333333333333,1.4360439485692011,1.0,1.0,90.0,90.0,93.33333333333333,17,56.666666666666664,6,20.0,4,13.333333333333334,0,0.0,1,3.3333333333333335,2,6.666666666666667,2.2,1.7009801096230763,1.0,2.0,83.33333333333334,86.66666666666667,86.66666666666667,16,53.333333333333336,5,16.666666666666664,4,13.333333333333334,1,3.3333333333333335,0,0.0,4,13.333333333333334,2.3666666666666667,1.7978382080215733,1.5,2.0,83.33333333333334,83.33333333333334,83.33333333333334,15,50.0,4,13.333333333333334,6,20.0,0,0.0,0,0.0,5,16.666666666666664
342,False,2.066666666666667,1.590248058916875,1.0,1.75,83.33333333333334,90.0,90.0,17,56.666666666666664,5,16.666666666666664,3,10.0,2,6.666666666666667,0,0.0,3,10.0,1.8333333333333333,1.6947631758514883,1.0,0.75,86.66666666666667,86.66666666666667,86.66666666666667,22,73.33333333333333,3,10.0,1,3.3333333333333335,0,0.0,0,0.0,4,13.333333333333334,1.9666666666666666,1.7220788470785986,1.0,1.0,83.33333333333334,86.66666666666667,86.66666666666667,20,66.66666666666666,4,13.333333333333334,1,3.3333333333333335,1,3.3333333333333335,0,0.0,4,13.333333333333334,1.7333333333333334,1.364632632697248,1.0,1.0,90.0,93.33333333333333,93.33333333333333,20,66.66666666666666,5,16.666666666666664,2,6.666666666666667,1,3.3333333333333335,0,0.0,2,6.666666666666667
343,True,1.9,1.274100990241093,2.0,1.0,93.33333333333333,93.33333333333333,93.33333333333333,14,46.666666666666664,11,36.666666666666664,3,10.0,0,0.0,0,0.0,2,6.666666666666667,1.7666666666666666,1.4761059883656353,1.0,1.0,90.0,90.0,90.0,19,63.33333333333333,8,26.666666666666668,0,0.0,0,0.0,0,0.0,3,10.0,1.7666666666666666,1.4761059883656353,1.0,1.0,90.0,90.0,90.0,19,63.33333333333333,8,26.666666666666668,0,0.0,0,0.0,0,0.0,3,10.0,2.2666666666666666,1.7499206331208919,1.5,1.75,80.0,83.33333333333334,86.66666666666667,15,50.0,7,23.333333333333332,2,6.666666666666667,1,3.3333333333333335,1,3.3333333333333335,4,13.333333333333334
344,True,2.1666666666666665,1.5723301886761007,2.0,1.0,80.0,90.0,90.0,14,46.666666666666664,9,30.0,1,3.3333333333333335,3,10.0,0,0.0,3,10.0,2.066666666666667,1.7113996870657915,1.0,1.0,83.33333333333334,86.66666666666667,86.66666666666667,18,60.0,5,16.666666666666664,2,6.666666666666667,1,3.3333333333333335,0,0.0,4,13.333333333333334,1.9,1.3253930234714029,1.0,1.0,86.66666666666667,93.33333333333333,96.66666666666667,17,56.666666666666664,6,20.0,3,10.0,2,6.666666666666667,1,3.3333333333333335,1,3.3333333333333335,2.3666666666666667,1.7792008193443358,1.5,2.0,76.66666666666667,83.33333333333334,86.66666666666667,15,50.0,5,16.666666666666664,3,10.0,2,6.666666666666667,1,3.3333333333333335,4,13.333333333333334
345,False,2.5,1.91049731745428,2.0,2.0,76.66666666666667,80.0,80.0,14,46.666666666666664,6,20.0,3,10.0,1,3.3333333333333335,0,0.0,6,20.0,2.033333333333333,1.7220788470785986,1.0,1.0,83.33333333333334,86.66666666666667,86.66666666666667,19,63.33333333333333,4,13.333333333333334,2,6.666666666666667,1,3.3333333333333335,0,0.0,4,13.333333333333334,2.2333333333333334,1.8015425489162216,1.0,1.75,83.33333333333334,83.33333333333334,83.33333333333334,16,53.333333333333336,6,20.0,3,10.0,0,0.0,0,0.0,5,16.666666666666664,2.466666666666667,1.839081896551163,2.0,2.75,73.33333333333333,83.33333333333334,83.33333333333334,14,46.666666666666664,6,20.0,2,6.666666666666667,3,10.0,0,0.0,5,16.666666666666664
346,True,2.8333333333333335,1.6141733350404335,2.5,1.75,73.33333333333333,83.33333333333334,86.66666666666667,7,23.333333333333332,8,26.666666666666668,7,23.333333333333332,3,10.0,1,3.3333333333333335,4,13.333333333333334,2.2333333333333334,1.6058919293927874,2.0,2.0,83.33333333333334,86.66666666666667,90.0,14,46.666666666666664,7,23.333333333333332,4,13.333333333333334,1,3.3333333333333335,1,3.3333333333333335,3,10.0,2.433333333333333,1.686877457183999,2.0,2.0,76.66666666666667,83.33333333333334,90.0,13,43.333333333333336,6,20.0,4,13.333333333333334,2,6.666666666666667,2,6.666666666666667,3,10.0,2.8333333333333335,1.8988300491501484,2.0,3.75,70.0,73.33333333333333,80.0,9,30.0,10,33.33333333333333,2,6.666666666666667,1,3.3333333333333335,2,6.666666666666667,6,20.0
347,True,2.1,1.374772708486752,2.0,2.0,86.66666666666667,90.0,96.66666666666667,14,46.666666666666664,7,23.333333333333332,5,16.666666666666664,1,3.3333333333333335,2,6.666666666666667,1,3.3333333333333335,1.7333333333333334,1.3148721948877347,1.0,1.0,93.33333333333333,93.33333333333333,93.33333333333333,19,63.33333333333333,6,20.0,3,10.0,0,0.0,0,0.0,2,6.666666666666667,1.8666666666666667,1.521694961401777,1.0,1.0,90.0,90.0,90.0,19,63.33333333333333,5,16.666666666666664,3,10.0,0,0.0,0,0.0,3,10.0,2.0,1.2649110640673518,1.5,2.0,86.66666666666667,96.66666666666667,96.66666666666667,15,50.0,6,20.0,5,16.666666666666664,3,10.0,0,0.0,1,3.3333333333333335
348,True,1.9333333333333333,1.2092238098144705,2.0,1.0,93.33333333333333,93.33333333333333,96.66666666666667,14,46.666666666666664,9,30.0,5,16.666666666666664,0,0.0,1,3.3333333333333335,1,3.3333333333333335,1.8333333333333333,1.5293426329272617,1.0,1.0,86.66666666666667,90.0,90.0,19,63.33333333333333,7,23.333333333333332,0,0.0,1,3.3333333333333335,0,0.0,3,10.0,1.8,1.351542328847553,1.0,1.0,90.0,93.33333333333333,93.33333333333333,18,60.0,7,23.333333333333332,2,6.666666666666667,1,3.3333333333333335,0,0.0,2,6.666666666666667,2.3,1.7540429489230491,1.5,1.75,76.66666666666667,80.0,90.0,15,50.0,7,23.333333333333332,1,3.3333333333333335,1,3.3333333333333335,3,10.0,3,10.0
349,False,2.2333333333333334,1.7451520150277897,1.0,2.0,83.33333333333334,83.33333333333334,86.66666666666667,16,53.333333333333336,5,16.666666666666664,4,13.333333333333334,0,0.0,1,3.3333333333333335,4,13.333333333333334,1.8,1.5362291495737217,1.0,1.0,90.0,90.0,90.0,21,70.0,3,10.0,3,10.0,0,0.0,0,0.0,3,10.0,2.2,1.9043809142780932,1.0,1.75,80.0,80.0,83.33333333333334,19,63.33333333333333,3,10.0,2,6.666666666666667,0,0.0,1,3.3333333333333335,5,16.666666666666664,2.3333333333333335,1.5563490039905006,2.0,2.0,80.0,86.66666666666667,93.33333333333333,13,43.333333333333336,6,20.0,5,16.666666666666664,2,6.666666666666667,2,6.666666666666667,2,6.666666666666667
350,False,2.433333333333333,1.6468825769380833,2.0,2.0,83.33333333333334,86.66666666666667,86.66666666666667,12,40.0,6,20.0,7,23.333333333333332,1,3.3333333333333335,0,0.0,4,13.333333333333334,1.9666666666666666,1.6224124698183942,1.0,1.0,86.66666666666667,86.66666666666667,90.0,19,63.33333333333333,4,13.333333333333334,3,10.0,0,0.0,1,3.3333333333333335,3,10.0,2.1,1.468559384794046,1.5,2.0,86.66666666666667,90.0,93.33333333333333,15,50.0,6,20.0,5,16.666666666666664,1,3.3333333333333335,1,3.3333333333333335,2,6.666666666666667,2.466666666666667,1.927577639306795,1.0,2.0,76.66666666666667,76.66666666666667,83.33333333333334,16,53.333333333333336,3,10.0,4,13.333333333333334,0,0.0,2,6.666666666666667,5,16.666666666666664
351,True,2.0,1.4832396974191326,1.5,1.0,90.0,90.0,90.0,15,50.0,9,30.0,3,10.0,0,0.0,0,0.0,3,10.0,1.7666666666666666,1.5205992970609392,1.0,1.0,90.0,90.0,90.0,21,70.0,4,13.333333333333334,2,6.666666666666667,0,0.0,0,0.0,3,10.0,2.2,1.8867962264113207,1.0,1.75,76.66666666666667,83.33333333333334,83.33333333333334,19,63.33333333333333,3,10.0,1,3.3333333333333335,2,6.666666666666667,0,0.0,5,16.666666666666664,2.3333333333333335,1.8318175552045448,1.0,2.0,80.0,83.33333333333334,83.33333333333334,16,53.333333333333336,4,13.333333333333334,4,13.333333333333334,1,3.3333333333333335,0,0.0,5,16.666666666666664
352,True,2.3666666666666667,1.2512216252748973,2.0,1.75,83.33333333333334,93.33333333333333,96.66666666666667,8,26.666666666666668,11,36.666666666666664,6,20.0,3,10.0,1,3.3333333333333335,1,3.3333333333333335,2.2,1.6,1.5,2.0,80.0,90.0,90.0,15,50.0,6,20.0,3,10.0,3,10.0,0,0.0,3,10.0,2.5,1.857417562100671,2.0,2.0,80.0,80.0,80.0,12,40.0,9,30.0,3,10.0,0,0.0,0,0.0,6,20.0,2.8,2.0558858593479035,2.0,4.0,66.66666666666666,70.0,76.66666666666667,12,40.0,8,26.666666666666668,0,0.0,1,3.3333333333333335,2,6.666666666666667,7,23.333333333333332
353,False,2.0,1.3165611772087666,2.0,1.0,90.0,93.33333333333333,93.33333333333333,13,43.333333333333336,11,36.666666666666664,3,10.0,1,3.3333333333333335,0,0.0,2,6.666666666666667,1.8333333333333333,1.5073892072793353,1.0,1.0,90.0,90.0,90.0,19,63.33333333333333,6,20.0,2,6.666666666666667,0,0.0,0,0.0,3,10.0,1.8666666666666667,1.384035966135113,1.0,1.0,90.0,93.33333333333333,93.33333333333333,18,60.0,5,16.666666666666664,4,13.333333333333334,1,3.3333333333333335,0,0.0,2,6.666666666666667,2.3666666666666667,1.74132771821453,2.0,2.0,80.0,83.33333333333334,86.66666666666667,14,46.666666666666664,6,20.0,4,13.333333333333334,1,3.3333333333333335,1,3.3333333333333335,4,13.333333333333334
354,True,2.2666666666666666,1.5477582354991866,2.0,2.0,83.33333333333334,90.0,90.0,13,43.333333333333336,7,23.333333333333332,5,16.666666666666664,2,6.666666666666667,0,0.0,3,10.0,2.033333333333333,1.682920741515245,1.0,1.0,86.66666666666667,86.66666666666667,86.66666666666667,18,60.0,5,16.666666666666664,3,10.0,0,0.0,0,0.0,4,13.333333333333334,2.3,1.676305461424021,2.0,2.0,83.33333333333334,86.66666666666667,86.66666666666667,14,46.666666666666664,6,20.0,5,16.666666666666664,1,3.3333333333333335,0,0.0,4,13.333333333333334,2.3,1.6155494421403511,2.0,2.0,76.66666666666667,90.0,90.0,14,46.666666666666664,6,20.0,3,10.0,4,13.333333333333334,0,0.0,3,10.0
355,False,2.433333333333333,1.498517786199268,2.0,2.0,80.0,86.66666666666667,93.33333333333333,10,33.33333333333333,9,30.0,5,16.666666666666664,2,6.666666666666667,2,6.666666666666667,2,6.666666666666667,2.033333333333333,1.601735170231195,1.0,1.0,86.66666666666667,86.66666666666667,90.0,17,56.666666666666664,6,20.0,3,10.0,0,0.0,1,3.3333333333333335,3,10.0,2.1,1.6401219466856725,1.0,1.75,83.33333333333334,86.66666666666667,90.0,17,56.666666666666664,5,16.666666666666664,3,10.0,1,3.3333333333333335,1,3.3333333333333335,3,10.0,2.7666666666666666,2.011356645539412,2.0,3.5,73.33333333333333,73.33333333333333,76.66666666666667,13,43.333333333333336,4,13.333333333333334,5,16.666666666666664,0,0.0,1,3.3333333333333335,7,23.333333333333332
356,False,2.2,1.3012814197295424,2.0,2.0,90.0,93.33333333333333,93.33333333333333,10,33.33333333333333,11,36.666666666666664,6,20.0,1,3.3333333333333335,0,0.0,2,6.666666666666667,1.9666666666666666,1.682920741515245,1.0,1.0,86.66666666666667,86.66666666666667,86.66666666666667,19,63.33333333333333,5,16.666666666666664,2,6.666666666666667,0,0.0,0,0.0,4,13.333333333333334,1.7666666666666666,1.3085190950927015,1.0,1.0,93.33333333333333,93.33333333333333,93.33333333333333,18,60.0,7,23.333333333333332,3,10.0,0,0.0,0,0.0,2,6.666666666666667,2.933333333333333,2.2350739485653612,1.5,5.0,60.0,66.66666666666666,70.0,15,50.0,3,10.0,0,0.0,2,6.666666666666667,1,3.3333333333333335,9,30.0
357,False,2.3666666666666667,1.6428295373802142,2.0,2.0,80.0,83.33333333333334,90.0,12,40.0,9,30.0,3,10.0,1,3.3333333333333335,2,6.666666666666667,3,10.0,2.033333333333333,1.7603661235347858,1.0,1.0,83.33333333333334,83.33333333333334,86.66666666666667,19,63.33333333333333,5,16.666666666666664,1,3.3333333333333335,0,0.0,1,3.3333333333333335,4,13.333333333333334,2.066666666666667,1.5260697523012796,1.0,1.75,86.66666666666667,86.66666666666667,93.33333333333333,16,53.333333333333336,6,20.0,4,13.333333333333334,0,0.0,2,6.666666666666667,2,6.666666666666667,2.933333333333333,2.0154955277107964,2.0,4.0,66.66666666666666,70.0,76.66666666666667,11,36.666666666666664,6,20.0,3,10.0,1,3.3333333333333335,2,6.666666666666667,7,23.333333333333332
358,True,2.3,1.6155494421403513,2.0,1.0,83.33333333333334,86.66666666666667,86.66666666666667,11,36.666666666666664,12,40.0,2,6.666666666666667,1,3.3333333333333335,0,0.0,4,13.333333333333334,1.9333333333333333,1.590248058916875,1.0,1.0,86.66666666666667,86.66666666666667,90.0,18,60.0,7,23.333333333333332,1,3.3333333333333335,0,0.0,1,3.3333333333333335,3,10.0,2.0,1.390443574307614,1.5,1.0,86.66666666666667,93.33333333333333,93.33333333333333,15,50.0,8,26.666666666666668,3,10.0,2,6.666666666666667,0,0.0,2,6.666666666666667,2.1379310344827585,1.5914456219605968,2.0,1.0,86.20689655172413,86.20689655172413,89.65517241379311,14,48.275862068965516,8,27.586206896551722,3,10.344827586206897,0,0.0,1,3.4482758620689653,3,10.344827586206897
359,False,2.6333333333333333,1.81628436344337,2.0,3.0,66.66666666666666,80.0,86.66666666666667,12,40.0,7,23.333333333333332,1,3.3333333333333335,4,13.333333333333334,2,6.666666666666667,4,13.333333333333334,2.066666666666667,1.7307673314329561,1.0,1.0,80.0,86.66666666666667,86.66666666666667,18,60.0,6,20.0,0,0.0,2,6.666666666666667,0,0.0,4,13.333333333333334,2.2666666666666666,1.7113996870657915,1.0,2.75,73.33333333333333,86.66666666666667,90.0,16,53.333333333333336,5,16.666666666666664,1,3.3333333333333335,4,13.333333333333334,1,3.3333333333333335,3,10.0,3.033333333333333,1.9913702708325125,2.5,3.75,53.333333333333336,73.33333333333333,80.0,12,40.0,3,10.0,1,3.3333333333333335,6,20.0,2,6.666666666666667,6,20.0
360,True,2.5,1.648231375343482,2.0,2.75,73.33333333333333,86.66666666666667,90.0,12,40.0,6,20.0,4,13.333333333333334,4,13.333333333333334,1,3.3333333333333335,3,10.0,2.0,1.505545305418162,1.0,1.75,80.0,93.33333333333333,93.33333333333333,18,60.0,4,13.333333333333334,2,6.666666666666667,4,13.333333333333334,0,0.0,2,6.666666666666667,2.033333333333333,1.3780017739062924,1.5,1.0,80.0,93.33333333333333,96.66666666666667,15,50.0,8,26.666666666666668,1,3.3333333333333335,4,13.333333333333334,1,3.3333333333333335,1,3.3333333333333335,2.533333333333333,1.910206504252587,1.5,3.0,70.0,80.0,83.33333333333334,15,50.0,4,13.333333333333334,2,6.666666666666667,3,10.0,1,3.3333333333333335,5,16.666666666666664
361,True,2.433333333333333,1.7451520150277902,2.0,1.75,80.0,83.33333333333334,83.33333333333334,11,36.666666666666664,11,36.666666666666664,2,6.666666666666667,1,3.3333333333333335,0,0.0,5,16.666666666666664,1.8666666666666667,1.4996295838935987,1.0,1.0,90.0,90.0,90.0,18,60.0,7,23.333333333333332,2,6.666666666666667,0,0.0,0,0.0,3,10.0,2.3,1.9347695814575265,1.0,1.75,80.0,80.0,80.0,17,56.666666666666664,5,16.666666666666664,2,6.666666666666667,0,0.0,0,0.0,6,20.0,2.033333333333333,1.3535960336164634,2.0,1.0,86.66666666666667,93.33333333333333,93.33333333333333,13,43.333333333333336,11,36.666666666666664,2,6.666666666666667,2,6.666666666666667,0,0.0,2,6.666666666666667
362,True,1.9666666666666666,1.4255603186895398,1.0,1.0,83.33333333333334,93.33333333333333,93.33333333333333,16,53.333333333333336,8,26.666666666666668,1,3.3333333333333335,3,10.0,0,0.0,2,6.666666666666667,1.7333333333333334,1.3148721948877347,1.0,1.0,93.33333333333333,93.33333333333333,93.33333333333333,19,63.33333333333333,6,20.0,3,10.0,0,0.0,0,0.0,2,6.666666666666667,2.033333333333333,1.682920741515245,1.0,1.0,86.66666666666667,86.66666666666667,86.66666666666667,18,60.0,5,16.666666666666664,3,10.0,0,0.0,0,0.0,4,13.333333333333334,2.3333333333333335,1.8499249234015476,1.5,1.75,80.0,80.0,83.33333333333334,15,50.0,7,23.333333333333332,2,6.666666666666667,0,0.0,1,3.3333333333333335,5,16.666666666666664
363,False,2.6,1.5620499351813306,2.0,2.0,76.66666666666667,86.66666666666667,90.0,9,30.0,8,26.666666666666668,6,20.0,3,10.0,1,3.3333333333333335,3,10.0,2.066666666666667,1.5477582354991866,1.0,1.75,86.66666666666667,90.0,90.0,16,53.333333333333336,6,20.0,4,13.333333333333334,1,3.3333333333333335,0,0.0,3,10.0,2.3333333333333335,1.757523510195209,1.5,2.0,80.0,83.33333333333334,86.66666666666667,15,50.0,5,16.666666666666664,4,13.333333333333334,1,3.3333333333333335,1,3.3333333333333335,4,13.333333333333334,2.7333333333333334,1.8245242911205346,2.0,2.0,76.66666666666667,80.0,80.0,10,33.33333333333333,7,23.333333333333332,6,20.0,1,3.3333333333333335,0,0.0,6,20.0
364,True,2.3333333333333335,1.4220486005134363,2.0,2.0,86.66666666666667,86.66666666666667,93.33333333333333,9,30.0,12,40.0,5,16.666666666666664,0,0.0,2,6.666666666666667,2,6.666666666666667,2.1,1.468559384794046,2.0,1.0,83.33333333333334,90.0,93.33333333333333,14,46.666666666666664,9,30.0,2,6.666666666666667,2,6.666666666666667,1,3.3333333333333335,2,6.666666666666667,2.4,1.724335620850342,2.0,1.75,76.66666666666667,83.33333333333334,86.66666666666667,12,40.0,10,33.33333333333333,1,3.3333333333333335,2,6.666666666666667,1,3.3333333333333335,4,13.333333333333334,2.2666666666666666,1.5040685563571303,2.0,2.0,83.33333333333334,86.66666666666667,93.33333333333333,12,40.0,9,30.0,4,13.333333333333334,1,3.3333333333333335,2,6.666666666666667,2,6.666666666666667
365,True,2.1333333333333333,1.4544949486180956,2.0,1.0,83.33333333333334,90.0,93.33333333333333,13,43.333333333333336,10,33.33333333333333,2,6.666666666666667,2,6.666666666666667,1,3.3333333333333335,2,6.666666666666667,1.9333333333333333,1.6719914938645934,1.0,1.0,86.66666666666667,86.66666666666667,86.66666666666667,19,63.33333333333333,6,20.0,1,3.3333333333333335,0,0.0,0,0.0,4,13.333333333333334,2.0,1.7126976771553504,1.0,1.0,83.33333333333334,86.66666666666667,86.66666666666667,19,63.33333333333333,5,16.666666666666664,1,3.3333333333333335,1,3.3333333333333335,0,0.0,4,13.333333333333334,2.5,1.7654083569153813,2.0,2.0,76.66666666666667,83.33333333333334,83.33333333333334,11,36.666666666666664,10,33.33333333333333,2,6.666666666666667,2,6.666666666666667,0,0.0,5,16.666666666666664
366,True,2.5,1.6278820596099706,2.0,2.0,80.0,86.66666666666667,86.66666666666667,10,33.33333333333333,9,30.0,5,16.666666666666664,2,6.666666666666667,0,0.0,4,13.333333333333334,1.9,1.3253930234714029,1.0,1.75,83.33333333333334,96.66666666666667,96.66666666666667,18,60.0,4,13.333333333333334,3,10.0,4,13.333333333333334,0,0.0,1,3.3333333333333335,2.066666666666667,1.7113996870657915,1.0,1.0,83.33333333333334,86.66666666666667,86.66666666666667,18,60.0,5,16.666666666666664,2,6.666666666666667,1,3.3333333333333335,0,0.0,4,13.333333333333334,1.9333333333333333,1.0624918300339485,2.0,1.75,86.66666666666667,100.0,100.0,14,46.666666666666664,8,26.666666666666668,4,13.333333333333334,4,13.333333333333334,0,0.0,0,0.0
367,True,2.1,1.3503086067019396,2.0,1.75,86.66666666666667,90.0,96.66666666666667,13,43.333333333333336,9,30.0,4,13.333333333333334,1,3.3333333333333335,2,6.666666666666667,1,3.3333333333333335,1.9666666666666666,1.6224124698183944,1.0,1.0,86.66666666666667,86.66666666666667,90.0,19,63.33333333333333,4,13.333333333333334,3,10.0,0,0.0,1,3.3333333333333335,3,10.0,1.9666666666666666,1.6224124698183944,1.0,1.0,86.66666666666667,86.66666666666667,90.0,19,63.33333333333333,4,13.333333333333334,3,10.0,0,0.0,1,3.3333333333333335,3,10.0,2.066666666666667,1.3399834161494522,2.0,2.0,90.0,90.0,96.66666666666667,14,46.666666666666664,7,23.333333333333332,6,20.0,0,0.0,2,6.666666666666667,1,3.3333333333333335
368,True,2.6333333333333333,1.5380362660079103,3.0,2.0,76.66666666666667,90.0,90.0,10,33.33333333333333,4,13.333333333333334,9,30.0,4,13.333333333333334,0,0.0,3,10.0,2.1666666666666665,1.6141733350404335,1.0,2.0,86.66666666666667,86.66666666666667,90.0,16,53.333333333333336,4,13.333333333333334,6,20.0,0,0.0,1,3.3333333333333335,3,10.0,2.2666666666666666,1.7499206331208919,1.0,2.0,83.33333333333334,83.33333333333334,86.66666666666667,16,53.333333333333336,4,13.333333333333334,5,16.666666666666664,0,0.0,1,3.3333333333333335,4,13.333333333333334,2.466666666666667,1.586050300449376,2.0,2.0,76.66666666666667,86.66666666666667,93.33333333333333,13,43.333333333333336,3,10.0,7,23.333333333333332,3,10.0,2,6.666666666666667,2,6.666666666666667
369,False,2.3666666666666667,1.4019827229875395,2.0,2.0,83.33333333333334,90.0,93.33333333333333,9,30.0,11,36.666666666666664,5,16.666666666666664,2,6.666666666666667,1,3.3333333333333335,2,6.666666666666667,1.9,1.5989579940281942,1.0,1.0,86.66666666666667,86.66666666666667,90.0,19,63.33333333333333,6,20.0,1,3.3333333333333335,0,0.0,1,3.3333333333333335,3,10.0,2.1666666666666665,1.7143187827498387,1.5,1.0,83.33333333333334,83.33333333333334,86.66666666666667,15,50.0,9,30.0,1,3.3333333333333335,0,0.0,1,3.3333333333333335,4,13.333333333333334,2.7333333333333334,1.9652537297311568,2.0,3.75,70.0,73.33333333333333,80.0,12,40.0,7,23.333333333333332,2,6.666666666666667,1,3.3333333333333335,2,6.666666666666667,6,20.0
370,True,2.4,1.624807680927192,2.0,2.0,80.0,83.33333333333334,93.33333333333333,14,46.666666666666664,3,10.0,7,23.333333333333332,1,3.3333333333333335,3,10.0,2,6.666666666666667,2.033333333333333,1.6428295373802142,1.0,1.0,83.33333333333334,86.66666666666667,90.0,18,60.0,5,16.666666666666664,2,6.666666666666667,1,3.3333333333333335,1,3.3333333333333335,3,10.0,2.2333333333333334,1.7829438827088444,1.0,2.0,80.0,83.33333333333334,86.66666666666667,17,56.666666666666664,4,13.333333333333334,3,10.0,1,3.3333333333333335,1,3.3333333333333335,4,13.333333333333334,2.566666666666667,1.856220772310114,2.0,2.75,73.33333333333333,80.0,83.33333333333334,13,43.333333333333336,6,20.0,3,10.0,2,6.666666666666667,1,3.3333333333333335,5,16.666666666666664
371,False,2.8333333333333335,1.8633899812498245,2.0,1.75,76.66666666666667,76.66666666666667,76.66666666666667,8,26.666666666666668,10,33.33333333333333,5,16.666666666666664,0,0.0,0,0.0,7,23.333333333333332,2.2,1.7397317800933185,1.0,1.75,83.33333333333334,83.33333333333334,86.66666666666667,16,53.333333333333336,6,20.0,3,10.0,0,0.0,1,3.3333333333333335,4,13.333333333333334,2.433333333333333,1.977933826552906,1.0,2.0,76.66666666666667,76.66666666666667,80.0,16,53.333333333333336,5,16.666666666666664,2,6.666666666666667,0,0.0,1,3.3333333333333335,6,20.0,2.433333333333333,1.5849991237291654,2.0,2.0,80.0,86.66666666666667,90.0,11,36.666666666666664,8,26.666666666666668,5,16.666666666666664,2,6.666666666666667,1,3.3333333333333335,3,10.0
372,False,2.533333333333333,1.746106780494506,2.0,2.75,73.33333333333333,83.33333333333334,86.66666666666667,12,40.0,7,23.333333333333332,3,10.0,3,10.0,1,3.3333333333333335,4,13.333333333333334,2.033333333333333,1.7792008193443358,1.0,1.75,80.0,86.66666666666667,86.66666666666667,21,70.0,1,3.3333333333333335,2,6.666666666666667,2,6.666666666666667,0,0.0,4,13.333333333333334,2.3,2.0190756961210408,1.0,1.75,76.66666666666667,76.66666666666667,80.0,19,63.33333333333333,3,10.0,1,3.3333333333333335,0,0.0,1,3.3333333333333335,6,20.0,2.566666666666667,1.7641491496532322,2.0,3.0,66.66666666666666,83.33333333333334,90.0,14,46.666666666666664,3,10.0,3,10.0,5,16.666666666666664,2,6.666666666666667,3,10.0
373,False,2.566666666666667,1.7829438827088444,2.0,2.0,76.66666666666667,83.33333333333334,83.33333333333334,12,40.0,6,20.0,5,16.666666666666664,2,6.666666666666667,0,0.0,5,16.666666666666664,2.1,1.7578395831246945,1.0,1.0,83.33333333333334,83.33333333333334,86.66666666666667,18,60.0,5,16.666666666666664,2,6.666666666666667,0,0.0,1,3.3333333333333335,4,13.333333333333334,2.4,1.9933221850301404,1.0,2.75,73.33333333333333,80.0,80.0,18,60.0,2,6.666666666666667,2,6.666666666666667,2,6.666666666666667,0,0.0,6,20.0,3.2,2.1664102412362563,2.5,5.0,56.666666666666664,63.33333333333333,70.0,12,40.0,3,10.0,2,6.666666666666667,2,6.666666666666667,2,6.666666666666667,9,30.0
374,False,2.566666666666667,1.7259457954666158,2.0,2.0,76.66666666666667,83.33333333333334,83.33333333333334,9,30.0,12,40.0,2,6.666666666666667,2,6.666666666666667,0,0.0,5,16.666666666666664,2.033333333333333,1.682920741515245,1.0,1.0,86.66666666666667,86.66666666666667,86.66666666666667,18,60.0,5,16.666666666666664,3,10.0,0,0.0,0,0.0,4,13.333333333333334,2.3333333333333335,1.8499249234015476,1.0,2.0,76.66666666666667,83.33333333333334,83.33333333333334,16,53.333333333333336,5,16.666666666666664,2,6.666666666666667,2,6.666666666666667,0,0.0,5,16.666666666666664,2.6,1.7435595774162693,2.0,3.0,66.66666666666666,86.66666666666667,86.66666666666667,12,40.0,6,20.0,2,6.666666666666667,6,20.0,0,0.0,4,13.333333333333334
375,True,1.9333333333333333,1.2631530214330946,2.0,1.0,93.33333333333333,93.33333333333333,93.33333333333333,13,43.333333333333336,12,40.0,3,10.0,0,0.0,0,0.0,2,6.666666666666667,1.8333333333333333,1.416176385749867,1.0,1.0,90.0,90.0,93.33333333333333,18,60.0,7,23.333333333333332,2,6.666666666666667,0,0.0,1,3.3333333333333335,2,6.666666666666667,1.9666666666666666,1.4019827229875392,1.0,1.0,86.66666666666667,93.33333333333333,93.33333333333333,16,53.333333333333336,7,23.333333333333332,3,10.0,2,6.666666666666667,0,0.0,2,6.666666666666667,2.3333333333333335,1.679947089113887,2.0,2.0,80.0,86.66666666666667,86.66666666666667,13,43.333333333333336,8,26.666666666666668,3,10.0,2,6.666666666666667,0,0.0,4,13.333333333333334
376,False,2.8,1.6613247725836147,2.0,3.0,63.33333333333333,83.33333333333334,90.0,9,30.0,7,23.333333333333332,3,10.0,6,20.0,2,6.666666666666667,3,10.0,2.066666666666667,1.7113996870657915,1.0,1.0,83.33333333333334,86.66666666666667,86.66666666666667,18,60.0,5,16.666666666666664,2,6.666666666666667,1,3.3333333333333335,0,0.0,4,13.333333333333334,2.1333333333333333,1.746106780494506,1.0,1.75,80.0,86.66666666666667,86.66666666666667,18,60.0,4,13.333333333333334,2,6.666666666666667,2,6.666666666666667,0,0.0,4,13.333333333333334,2.533333333333333,1.8571184369578826,2.0,3.0,70.0,83.33333333333334,83.33333333333334,14,46.666666666666664,5,16.666666666666664,2,6.666666666666667,4,13.333333333333334,0,0.0,5,16.666666666666664
377,True,2.3333333333333335,1.5563490039905001,2.0,1.75,76.66666666666667,90.0,90.0,11,36.666666666666664,11,36.666666666666664,1,3.3333333333333335,4,13.333333333333334,0,0.0,3,10.0,2.2666666666666666,1.8245242911205346,1.0,1.0,76.66666666666667,80.0,86.66666666666667,16,53.333333333333336,7,23.333333333333332,0,0.0,1,3.3333333333333335,2,6.666666666666667,4,13.333333333333334,2.3666666666666667,1.8882678717691395,1.0,2.0,76.66666666666667,80.0,83.33333333333334,16,53.333333333333336,5,16.666666666666664,2,6.666666666666667,1,3.3333333333333335,1,3.3333333333333335,5,16.666666666666664,2.4,1.7048949136725895,2.0,2.0,80.0,83.33333333333334,86.66666666666667,12,40.0,9,30.0,3,10.0,1,3.3333333333333335,1,3.3333333333333335,4,13.333333333333334
378,False,2.3666666666666667,1.7413277182145301,2.0,1.75,76.66666666666667,83.33333333333334,86.66666666666667,13,43.333333333333336,9,30.0,1,3.3333333333333335,2,6.666666666666667,1,3.3333333333333335,4,13.333333333333334,1.7333333333333334,1.5260697523012796,1.0,0.75,90.0,90.0,90.0,22,73.33333333333333,3,10.0,2,6.666666666666667,0,0.0,0,0.0,3,10.0,1.6666666666666667,1.2995725793078619,1.0,1.0,93.33333333333333,93.33333333333333,93.33333333333333,20,66.66666666666666,6,20.0,2,6.666666666666667,0,0.0,0,0.0,2,6.666666666666667,2.3666666666666667,1.9232495649002208,1.0,2.0,80.0,80.0,80.0,16,53.333333333333336,5,16.666666666666664,3,10.0,0,0.0,0,0.0,6,20.0
379,True,2.3333333333333335,1.6193277068654826,2.0,2.0,86.66666666666667,86.66666666666667,86.66666666666667,12,40.0,8,26.666666666666668,6,20.0,0,0.0,0,0.0,4,13.333333333333334,1.8,1.351542328847553,1.0,1.0,90.0,90.0,96.66666666666667,19,63.33333333333333,5,16.666666666666664,3,10.0,0,0.0,2,6.666666666666667,1,3.3333333333333335,2.0,1.6931233465600393,1.0,1.0,86.66666666666667,86.66666666666667,86.66666666666667,19,63.33333333333333,4,13.333333333333334,3,10.0,0,0.0,0,0.0,4,13.333333333333334,2.3666666666666667,1.6829207415152447,2.0,2.0,83.33333333333334,83.33333333333334,86.66666666666667,12,40.0,9,30.0,4,13.333333333333334,0,0.0,1,3.3333333333333335,4,13.333333333333334
380,False,2.433333333333333,1.8199511592958262,2.0,2.75,73.33333333333333,80.0,86.66666666666667,14,46.666666666666664,7,23.333333333333332,1,3.3333333333333335,2,6.666666666666667,2,6.666666666666667,4,13.333333333333334,2.2333333333333334,1.8381754238616317,1.0,1.75,80.0,83.33333333333334,83.33333333333334,17,56.666666666666664,5,16.666666666666664,2,6.666666666666667,1,3.3333333333333335,0,0.0,5,16.666666666666664,2.566666666666667,1.9093337988826247,2.0,2.75,73.33333333333333,76.66666666666667,83.33333333333334,14,46.666666666666664,5,16.666666666666664,3,10.0,1,3.3333333333333335,2,6.666666666666667,5,16.666666666666664,2.5,1.8393839548428526,2.0,2.0,76.66666666666667,76.66666666666667,86.66666666666667,14,46.666666666666664,5,16.666666666666664,4,13.333333333333334,0,0.0,3,10.0,4,13.333333333333334
381,True,2.3666666666666667,1.6829207415152447,2.0,2.0,80.0,83.33333333333334,90.0,14,46.666666666666664,5,16.666666666666664,5,16.666666666666664,1,3.3333333333333335,2,6.666666666666667,3,10.0,2.033333333333333,1.601735170231195,1.0,1.75,83.33333333333334,90.0,90.0,18,60.0,4,13.333333333333334,3,10.0,2,6.666666666666667,0,0.0,3,10.0,2.3333333333333335,1.86785676348292,1.0,2.0,76.66666666666667,83.33333333333334,83.33333333333334,17,56.666666666666664,3,10.0,3,10.0,2,6.666666666666667,0,0.0,5,16.666666666666664,2.533333333333333,1.7269111795984826,2.0,3.0,70.0,83.33333333333334,90.0,13,43.333333333333336,5,16.666666666666664,3,10.0,4,13.333333333333334,2,6.666666666666667,3,10.0
382,True,1.9333333333333333,1.5260697523012796,1.0,1.0,90.0,90.0,90.0,18,60.0,5,16.666666666666664,4,13.333333333333334,0,0.0,0,0.0,3,10.0,1.7666666666666666,1.5205992970609392,1.0,1.0,90.0,90.0,90.0,21,70.0,4,13.333333333333334,2,6.666666666666667,0,0.0,0,0.0,3,10.0,1.8666666666666667,1.521694961401777,1.0,1.0,90.0,90.0,90.0,19,63.33333333333333,5,16.666666666666664,3,10.0,0,0.0,0,0.0,3,10.0,1.9666666666666666,1.5595583420386114,1.0,1.0,86.66666666666667,90.0,90.0,18,60.0,5,16.666666666666664,3,10.0,1,3.3333333333333335,0,0.0,3,10.0
383,False,2.433333333333333,1.8199511592958264,2.0,2.0,80.0,80.0,83.33333333333334,13,43.333333333333336,8,26.666666666666668,3,10.0,0,0.0,1,3.3333333333333335,5,16.666666666666664,1.9666666666666666,1.6629959577688562,1.0,1.0,86.66666666666667,86.66666666666667,86.66666666666667,18,60.0,7,23.333333333333332,1,3.3333333333333335,0,0.0,0,0.0,4,13.333333333333334,2.2333333333333334,1.856220772310114,1.0,1.0,80.0,80.0,83.33333333333334,16,53.333333333333336,8,26.666666666666668,0,0.0,0,0.0,1,3.3333333333333335,5,16.666666666666664,2.2333333333333334,1.7451520150277897,1.5,1.0,80.0,83.33333333333334,86.66666666666667,15,50.0,8,26.666666666666668,1,3.3333333333333335,1,3.3333333333333335,1,3.3333333333333335,4,13.333333333333334
384,True,2.3333333333333335,1.7575235101952087,1.0,2.0,76.66666666666667,86.66666666666667,86.66666666666667,16,53.333333333333336,3,10.0,4,13.333333333333334,3,10.0,0,0.0,4,13.333333333333334,2.033333333333333,1.7220788470785986,1.0,1.0,83.33333333333334,86.66666666666667,86.66666666666667,19,63.33333333333333,4,13.333333333333334,2,6.666666666666667,1,3.3333333333333335,0,0.0,4,13.333333333333334,2.066666666666667,1.590248058916875,1.0,1.75,83.33333333333334,90.0,90.0,17,56.666666666666664,5,16.666666666666664,3,10.0,2,6.666666666666667,0,0.0,3,10.0,2.2666666666666666,1.5040685563571303,2.0,2.0,80.0,90.0,93.33333333333333,13,43.333333333333336,7,23.333333333333332,4,13.333333333333334,3,10.0,1,3.3333333333333335,2,6.666666666666667
385,False,2.5,1.5864005379054391,2.0,2.0,80.0,86.66666666666667,90.0,11,36.666666666666664,6,20.0,7,23.333333333333332,2,6.666666666666667,1,3.3333333333333335,3,10.0,2.0,1.8257418583505538,1.0,0.75,80.0,83.33333333333334,86.66666666666667,22,73.33333333333333,1,3.3333333333333335,1,3.3333333333333335,1,3.3333333333333335,1,3.3333333333333335,4,13.333333333333334,2.1666666666666665,1.8454147380888546,1.0,2.0,76.66666666666667,83.33333333333334,86.66666666666667,20,66.66666666666666,1,3.3333333333333335,2,6.666666666666667,2,6.666666666666667,1,3.3333333333333335,4,13.333333333333334,2.4,1.7243356208503418,1.5,2.0,80.0,86.66666666666667,86.66666666666667,15,50.0,2,6.666666666666667,7,23.333333333333332,2,6.666666666666667,0,0.0,4,13.333333333333334
386,False,2.2333333333333334,1.4302291968616623,2.0,2.0,86.66666666666667,90.0,93.33333333333333,12,40.0,8,26.666666666666668,6,20.0,1,3.3333333333333335,1,3.3333333333333335,2,6.666666666666667,1.9666666666666666,1.53803626600791,1.0,1.75,90.0,90.0,90.0,18,60.0,4,13.333333333333334,5,16.666666666666664,0,0.0,0,0.0,3,10.0,2.0,1.4375905768565218,1.0,2.0,86.66666666666667,93.33333333333333,93.33333333333333,17,56.666666666666664,4,13.333333333333334,5,16.666666666666664,2,6.666666666666667,0,0.0,2,6.666666666666667,2.3666666666666667,1.601735170231195,2.0,2.0,80.0,86.66666666666667,90.0,12,40.0,8,26.666666666666668,4,13.333333333333334,2,6.666666666666667,1,3.3333333333333335,3,10.0
387,True,2.2666666666666666,1.5477582354991866,2.0,1.0,83.33333333333334,86.66666666666667,90.0,11,36.666666666666664,12,40.0,2,6.666666666666667,1,3.3333333333333335,1,3.3333333333333335,3,10.0,1.9666666666666666,1.53803626600791,1.0,1.0,86.66666666666667,90.0,90.0,17,56.666666666666664,7,23.333333333333332,2,6.666666666666667,1,3.3333333333333335,0,0.0,3,10.0,2.0,1.591644851508443,1.0,1.0,86.66666666666667,86.66666666666667,90.0,17,56.666666666666664,7,23.333333333333332,2,6.666666666666667,0,0.0,1,3.3333333333333335,3,10.0,2.2333333333333334,1.6468825769380835,2.0,2.0,86.66666666666667,86.66666666666667,86.66666666666667,14,46.666666666666664,7,23.333333333333332,5,16.666666666666664,0,0.0,0,0.0,4,13.333333333333334
388,False,2.533333333333333,1.7074997966487597,2.0,2.0,83.33333333333334,83.33333333333334,83.33333333333334,10,33.33333333333333,9,30.0,6,20.0,0,0.0,0,0.0,5,16.666666666666664,2.1666666666666665,1.827262676488766,1.0,1.75,83.33333333333334,83.33333333333334,83.33333333333334,18,60.0,4,13.333333333333334,3,10.0,0,0.0,0,0.0,5,16.666666666666664,2.3333333333333335,1.8318175552045448,1.0,2.0,80.0,83.33333333333334,83.33333333333334,16,53.333333333333336,4,13.333333333333334,4,13.333333333333334,1,3.3333333333333335,0,0.0,5,16.666666666666664,2.6333333333333333,1.7413277182145301,2.0,2.0,76.66666666666667,83.33333333333334,83.33333333333334,10,33.33333333333333,8,26.666666666666668,5,16.666666666666664,2,6.666666666666667,0,0.0,5,16.666666666666664
389,True,2.1,1.325393023471403,2.0,1.75,90.0,93.33333333333333,93.33333333333333,12,40.0,10,33.33333333333333,5,16.666666666666664,1,3.3333333333333335,0,0.0,2,6.666666666666667,1.9333333333333333,1.4360439485692011,1.0,1.0,90.0,90.0,93.33333333333333,17,56.666666666666664,6,20.0,4,13.333333333333334,0,0.0,1,3.3333333333333335,2,6.666666666666667,1.9666666666666666,1.4487542541400487,1.0,1.75,90.0,90.0,93.33333333333333,17,56.666666666666664,5,16.666666666666664,5,16.666666666666664,0,0.0,1,3.3333333333333335,2,6.666666666666667,2.2666666666666666,1.590248058916875,2.0,2.0,86.66666666666667,86.66666666666667,90.0,14,46.666666666666664,5,16.666666666666664,7,23.333333333333332,0,0.0,1,3.3333333333333335,3,10.0
390,False,2.966666666666667,1.9576062480034697,2.0,3.75,66.66666666666666,73.33333333333333,76.66666666666667,10,33.33333333333333,6,20.0,4,13.333333333333334,2,6.666666666666667,1,3.3333333333333335,7,23.333333333333332,2.066666666666667,1.7688665548562132,1.0,1.0,83.33333333333334,83.33333333333334,86.66666666666667,19,63.33333333333333,4,13.333333333333334,2,6.666666666666667,0,0.0,1,3.3333333333333335,4,13.333333333333334,2.3,1.8645821694595994,1.0,2.0,76.66666666666667,83.33333333333334,83.33333333333334,17,56.666666666666664,4,13.333333333333334,2,6.666666666666667,2,6.666666666666667,0,0.0,5,16.666666666666664,2.566666666666667,1.856220772310114,2.0,3.0,70.0,83.33333333333334,83.33333333333334,14,46.666666666666664,4,13.333333333333334,3,10.0,4,13.333333333333334,0,0.0,5,16.666666666666664
391,True,2.066666666666667,1.4590712418826193,1.0,2.0,83.33333333333334,93.33333333333333,93.33333333333333,16,53.333333333333336,5,16.666666666666664,4,13.333333333333334,3,10.0,0,0.0,2,6.666666666666667,1.8333333333333333,1.5933891203622828,1.0,0.75,86.66666666666667,90.0,90.0,22,73.33333333333333,1,3.3333333333333335,3,10.0,1,3.3333333333333335,0,0.0,3,10.0,1.9,1.468559384794046,1.0,1.75,83.33333333333334,90.0,96.66666666666667,20,66.66666666666666,2,6.666666666666667,3,10.0,2,6.666666666666667,2,6.666666666666667,1,3.3333333333333335,2.1333333333333333,1.564892612574067,1.0,2.0,80.0,90.0,93.33333333333333,17,56.666666666666664,3,10.0,4,13.333333333333334,3,10.0,1,3.3333333333333335,2,6.666666666666667
392,True,2.2,1.514375558880073,2.0,2.0,90.0,90.0,90.0,14,46.666666666666664,5,16.666666666666664,8,26.666666666666668,0,0.0,0,0.0,3,10.0,1.9666666666666666,1.7026123718829511,1.0,1.0,86.66666666666667,86.66666666666667,86.66666666666667,20,66.66666666666666,3,10.0,3,10.0,0,0.0,0,0.0,4,13.333333333333334,2.0,1.505545305418162,1.0,2.0,86.66666666666667,90.0,93.33333333333333,18,60.0,3,10.0,5,16.666666666666664,1,3.3333333333333335,1,3.3333333333333335,2,6.666666666666667,2.566666666666667,1.8740923729160799,1.5,2.75,73.33333333333333,76.66666666666667,86.66666666666667,15,50.0,2,6.666666666666667,5,16.666666666666664,1,3.3333333333333335,3,10.0,4,13.333333333333334
393,False,2.7,1.8101565309847285,2.0,3.0,70.0,80.0,83.33333333333334,10,33.33333333333333,9,30.0,2,6.666666666666667,3,10.0,1,3.3333333333333335,5,16.666666666666664,2.1333333333333333,1.7269111795984824,1.0,1.0,83.33333333333334,83.33333333333334,86.66666666666667,16,53.333333333333336,8,26.666666666666668,1,3.3333333333333335,0,0.0,1,3.3333333333333335,4,13.333333333333334,2.1666666666666665,1.6141733350404335,2.0,1.0,86.66666666666667,86.66666666666667,86.66666666666667,13,43.333333333333336,11,36.666666666666664,2,6.666666666666667,0,0.0,0,0.0,4,13.333333333333334,2.2,1.6206994374857624,1.5,1.75,80.0,83.33333333333334,93.33333333333333,15,50.0,7,23.333333333333332,2,6.666666666666667,1,3.3333333333333335,3,10.0,2,6.666666666666667
394,False,3.2333333333333334,1.8917951498216947,2.5,3.5,60.0,73.33333333333333,73.33333333333333,6,20.0,9,30.0,3,10.0,4,13.333333333333334,0,0.0,8,26.666666666666668,2.2,1.851125783588643,1.0,1.0,76.66666666666667,80.0,86.66666666666667,18,60.0,5,16.666666666666664,0,0.0,1,3.3333333333333335,2,6.666666666666667,4,13.333333333333334,2.1,1.5567059238447487,1.0,1.75,76.66666666666667,86.66666666666667,96.66666666666667,17,56.666666666666664,5,16.666666666666664,1,3.3333333333333335,3,10.0,3,10.0,1,3.3333333333333335,2.6,1.8184242262647807,2.0,2.75,73.33333333333333,80.0,83.33333333333334,11,36.666666666666664,9,30.0,2,6.666666666666667,2,6.666666666666667,1,3.3333333333333335,5,16.666666666666664
395,True,2.1666666666666665,1.3682917167849198,2.0,2.0,86.66666666666667,93.33333333333333,93.33333333333333,12,40.0,9,30.0,5,16.666666666666664,2,6.666666666666667,0,0.0,2,6.666666666666667,1.9,1.3747727084867518,1.0,1.0,90.0,93.33333333333333,93.33333333333333,17,56.666666666666664,6,20.0,4,13.333333333333334,1,3.3333333333333335,0,0.0,2,6.666666666666667,2.1333333333333333,1.6069294390925264,1.5,1.0,83.33333333333334,86.66666666666667,90.0,15,50.0,8,26.666666666666668,2,6.666666666666667,1,3.3333333333333335,1,3.3333333333333335,3,10.0,2.466666666666667,1.6679994670929073,2.0,2.0,76.66666666666667,83.33333333333334,90.0,12,40.0,7,23.333333333333332,4,13.333333333333334,2,6.666666666666667,2,6.666666666666667,3,10.0
396,True,2.033333333333333,1.6829207415152452,1.0,1.0,86.66666666666667,86.66666666666667,86.66666666666667,18,60.0,5,16.666666666666664,3,10.0,0,0.0,0,0.0,4,13.333333333333334,1.5666666666666667,1.0857664983268223,1.0,1.0,93.33333333333333,96.66666666666667,96.66666666666667,20,66.66666666666666,7,23.333333333333332,1,3.3333333333333335,1,3.3333333333333335,0,0.0,1,3.3333333333333335,1.8666666666666667,1.499629583893599,1.0,1.0,90.0,90.0,90.0,18,60.0,7,23.333333333333332,2,6.666666666666667,0,0.0,0,0.0,3,10.0,2.1666666666666665,1.694763175851488,1.0,1.0,80.0,83.33333333333334,90.0,16,53.333333333333336,7,23.333333333333332,1,3.3333333333333335,1,3.3333333333333335,2,6.666666666666667,3,10.0
397,True,2.7666666666666666,1.7065234314893605,2.0,2.0,70.0,83.33333333333334,83.33333333333334,7,23.333333333333332,12,40.0,2,6.666666666666667,4,13.333333333333334,0,0.0,5,16.666666666666664,2.2666666666666666,1.7876116903722563,1.5,1.75,83.33333333333334,83.33333333333334,83.33333333333334,15,50.0,7,23.333333333333332,3,10.0,0,0.0,0,0.0,5,16.666666666666664,2.533333333333333,1.80246744461277,2.0,2.75,73.33333333333333,83.33333333333334,83.33333333333334,12,40.0,8,26.666666666666668,2,6.666666666666667,3,10.0,0,0.0,5,16.666666666666664,2.8666666666666667,1.7074997966487597,2.0,2.0,66.66666666666666,83.33333333333334,83.33333333333334,7,23.333333333333332,10,33.33333333333333,3,10.0,5,16.666666666666664,0,0.0,5,16.666666666666664
398,True,2.1,1.5132745950421556,2.0,1.0,86.66666666666667,90.0,90.0,14,46.666666666666664,9,30.0,3,10.0,1,3.3333333333333335,0,0.0,3,10.0,1.7333333333333334,1.3148721948877347,1.0,1.0,90.0,93.33333333333333,93.33333333333333,18,60.0,9,30.0,0,0.0,1,3.3333333333333335,0,0.0,2,6.666666666666667,2.2,1.7397317800933183,1.0,1.0,76.66666666666667,86.66666666666667,86.66666666666667,16,53.333333333333336,7,23.333333333333332,0,0.0,3,10.0,0,0.0,4,13.333333333333334,2.2666666666666666,1.730767331432956,2.0,1.0,80.0,83.33333333333334,86.66666666666667,14,46.666666666666664,9,30.0,1,3.3333333333333335,1,3.3333333333333335,1,3.3333333333333335,4,13.333333333333334
399,False,3.066666666666667,1.6918103387266026,3.0,2.75,66.66666666666666,73.33333333333333,86.66666666666667,6,20.0,8,26.666666666666668,6,20.0,2,6.666666666666667,4,13.333333333333334,4,13.333333333333334,2.3666666666666667,1.7220788470785988,1.5,2.0,76.66666666666667,83.33333333333334,90.0,15,50.0,4,13.333333333333334,4,13.333333333333334,2,6.666666666666667,2,6.666666666666667,3,10.0,2.466666666666667,1.6069294390925266,2.0,2.0,80.0,86.66666666666667,90.0,12,40.0,5,16.666666666666664,7,23.333333333333332,2,6.666666666666667,1,3.3333333333333335,3,10.0,2.966666666666667,2.0245712852080286,2.0,4.5,66.66666666666666,73.33333333333333,73.33333333333333,11,36.666666666666664,5,16.666666666666664,4,13.333333333333334,2,6.666666666666667,0,0.0,8,26.666666666666668
400,False,2.6666666666666665,1.8499249234015478,2.0,2.75,73.33333333333333,76.66666666666667,83.33333333333334,11,36.666666666666664,8,26.666666666666668,3,10.0,1,3.3333333333333335,2,6.666666666666667,5,16.666666666666664,2.066666666666667,1.6918103387266028,1.0,1.75,86.66666666666667,86.66666666666667,86.66666666666667,18,60.0,4,13.333333333333334,4,13.333333333333334,0,0.0,0,0.0,4,13.333333333333334,2.2666666666666666,1.7113996870657915,1.0,2.0,80.0,83.33333333333334,90.0,16,53.333333333333336,4,13.333333333333334,4,13.333333333333334,1,3.3333333333333335,2,6.666666666666667,3,10.0,2.566666666666667,1.7641491496532322,2.0,2.75,73.33333333333333,80.0,86.66666666666667,11,36.666666666666664,9,30.0,2,6.666666666666667,2,6.666666666666667,2,6.666666666666667,4,13.333333333333334
401,True,2.5,1.857417562100671,2.0,2.0,76.66666666666667,80.0,83.33333333333334,14,46.666666666666664,5,16.666666666666664,4,13.333333333333334,1,3.3333333333333335,1,3.3333333333333335,5,16.666666666666664,1.9333333333333333,1.6110727964792761,1.0,1.0,86.66666666666667,86.66666666666667,90.0,19,63.33333333333333,5,16.666666666666664,2,6.666666666666667,0,0.0,1,3.3333333333333335,3,10.0,2.0,1.4605934866804429,1.0,1.0,86.66666666666667,90.0,93.33333333333333,16,53.333333333333336,7,23.333333333333332,3,10.0,1,3.3333333333333335,1,3.3333333333333335,2,6.666666666666667,2.3666666666666667,1.834545054108935,1.0,2.0,76.66666666666667,80.0,86.66666666666667,16,53.333333333333336,4,13.333333333333334,3,10.0,1,3.3333333333333335,2,6.666666666666667,4,13.333333333333334
402,False,2.6,1.8184242262647807,2.0,2.75,73.33333333333333,80.0,83.33333333333334,11,36.666666666666664,9,30.0,2,6.666666666666667,2,6.666666666666667,1,3.3333333333333335,5,16.666666666666664,1.8666666666666667,1.5434449203720297,1.0,1.0,86.66666666666667,90.0,90.0,19,63.33333333333333,6,20.0,1,3.3333333333333335,1,3.3333333333333335,0,0.0,3,10.0,2.2,1.7587874611030558,1.0,1.0,80.0,83.33333333333334,86.66666666666667,16,53.333333333333336,7,23.333333333333332,1,3.3333333333333335,1,3.3333333333333335,1,3.3333333333333335,4,13.333333333333334,2.2666666666666666,1.8061622912192088,1.5,1.0,80.0,83.33333333333334,83.33333333333334,15,50.0,8,26.666666666666668,1,3.3333333333333335,1,3.3333333333333335,0,0.0,5,16.666666666666664
403,False,2.2333333333333334,1.6265163865007803,1.5,2.0,83.33333333333334,86.66666666666667,90.0,15,50.0,5,16.666666666666664,5,16.666666666666664,1,3.3333333333333335,1,3.3333333333333335,3,10.0,1.7666666666666666,1.4761059883656353,1.0,0.75,90.0,90.0,93.33333333333333,22,73.33333333333333,1,3.3333333333333335,4,13.333333333333334,0,0.0,1,3.3333333333333335,2,6.666666666666667,1.9666666666666666,1.601735170231195,1.0,2.0,86.66666666666667,90.0,90.0,20,66.66666666666666,1,3.3333333333333335,5,16.666666666666664,1,3.3333333333333335,0,0.0,3,10.0,2.3666666666666667,1.8882678717691395,1.0,2.0,80.0,80.0,83.33333333333334,17,56.666666666666664,2,6.666666666666667,5,16.666666666666664,0,0.0,1,3.3333333333333335,5,16.666666666666664
404,True,2.4,1.42828568570857,2.0,0.0,80.0,90.0,90.0,6,20.0,18,60.0,0,0.0,3,10.0,0,0.0,3,10.0,2.1333333333333333,1.6069294390925266,1.5,1.0,83.33333333333334,86.66666666666667,90.0,15,50.0,8,26.666666666666668,2,6.666666666666667,1,3.3333333333333335,1,3.3333333333333335,3,10.0,2.2,1.4696938456699067,2.0,1.0,80.0,90.0,93.33333333333333,12,40.0,11,36.666666666666664,1,3.3333333333333335,3,10.0,1,3.3333333333333335,2,6.666666666666667,2.5,1.707825127659933,2.0,2.0,76.66666666666667,83.33333333333334,86.66666666666667,11,36.666666666666664,9,30.0,3,10.0,2,6.666666666666667,1,3.3333333333333335,4,13.333333333333334
405,True,2.4,1.4742229591663987,2.0,2.0,83.33333333333334,90.0,90.0,9,30.0,11,36.666666666666664,5,16.666666666666664,2,6.666666666666667,0,0.0,3,10.0,2.0,1.390443574307614,1.5,1.0,86.66666666666667,93.33333333333333,93.33333333333333,15,50.0,8,26.666666666666668,3,10.0,2,6.666666666666667,0,0.0,2,6.666666666666667,2.2,1.5790292376436015,2.0,1.75,80.0,90.0,90.0,14,46.666666666666664,8,26.666666666666668,2,6.666666666666667,3,10.0,0,0.0,3,10.0,2.533333333333333,1.7269111795984826,2.0,2.0,80.0,83.33333333333334,83.33333333333334,10,33.33333333333333,10,33.33333333333333,4,13.333333333333334,1,3.3333333333333335,0,0.0,5,16.666666666666664
406,False,2.466666666666667,1.7269111795984826,2.0,2.0,83.33333333333334,83.33333333333334,83.33333333333334,11,36.666666666666664,9,30.0,5,16.666666666666664,0,0.0,0,0.0,5,16.666666666666664,2.1333333333333333,1.8571184369578826,1.0,1.0,80.0,83.33333333333334,83.33333333333334,19,63.33333333333333,4,13.333333333333334,1,3.3333333333333335,1,3.3333333333333335,0,0.0,5,16.666666666666664,2.1666666666666665,1.7143187827498387,1.0,1.0,80.0,86.66666666666667,86.66666666666667,16,53.333333333333336,7,23.333333333333332,1,3.3333333333333335,2,6.666666666666667,0,0.0,4,13.333333333333334,2.8,1.9218047073866102,2.0,2.75,73.33333333333333,76.66666666666667,76.66666666666667,10,33.33333333333333,8,26.666666666666668,4,13.333333333333334,1,3.3333333333333335,0,0.0,7,23.333333333333332
407,False,2.3333333333333335,1.6397831834998458,2.0,2.0,83.33333333333334,86.66666666666667,86.66666666666667,12,40.0,9,30.0,4,13.333333333333334,1,3.3333333333333335,0,0.0,4,13.333333333333334,1.8,1.7009801096230763,1.0,0.0,86.66666666666667,86.66666666666667,86.66666666666667,23,76.66666666666667,2,6.666666666666667,1,3.3333333333333335,0,0.0,0,0.0,4,13.333333333333334,1.9333333333333333,1.6918103387266026,1.0,1.0,86.66666666666667,86.66666666666667,86.66666666666667,20,66.66666666666666,4,13.333333333333334,2,6.666666666666667,0,0.0,0,0.0,4,13.333333333333334,2.2,1.7397317800933183,1.0,1.0,80.0,80.0,90.0,16,53.333333333333336,7,23.333333333333332,1,3.3333333333333335,0,0.0,3,10.0,3,10.0
408,True,2.3666666666666667,1.4940623220676645,2.0,2.0,76.66666666666667,90.0,93.33333333333333,11,36.666666666666664,9,30.0,3,10.0,4,13.333333333333334,1,3.3333333333333335,2,6.666666666666667,1.9666666666666666,1.6428295373802142,1.0,1.0,83.33333333333334,86.66666666666667,90.0,19,63.33333333333333,5,16.666666666666664,1,3.3333333333333335,1,3.3333333333333335,1,3.3333333333333335,3,10.0,2.0,1.4832396974191326,1.5,1.0,90.0,90.0,90.0,15,50.0,9,30.0,3,10.0,0,0.0,0,0.0,3,10.0,2.2666666666666666,1.6110727964792764,1.5,2.0,76.66666666666667,86.66666666666667,93.33333333333333,15,50.0,5,16.666666666666664,3,10.0,3,10.0,2,6.666666666666667,2,6.666666666666667
409,True,2.466666666666667,1.4996295838935991,2.0,2.0,80.0,90.0,90.0,9,30.0,10,33.33333333333333,5,16.666666666666664,3,10.0,0,0.0,3,10.0,2.0,1.4375905768565218,1.0,1.0,83.33333333333334,93.33333333333333,93.33333333333333,16,53.333333333333336,7,23.333333333333332,2,6.666666666666667,3,10.0,0,0.0,2,6.666666666666667,2.3,1.5947831618540917,2.0,2.0,80.0,90.0,90.0,14,46.666666666666664,5,16.666666666666664,5,16.666666666666664,3,10.0,0,0.0,3,10.0,2.6,1.6653327995729061,2.0,2.75,73.33333333333333,83.33333333333334,90.0,11,36.666666666666664,6,20.0,5,16.666666666666664,3,10.0,2,6.666666666666667,3,10.0
410,True,1.7,1.0376254944182253,1.0,1.0,90.0,96.66666666666667,100.0,17,56.666666666666664,9,30.0,1,3.3333333333333335,2,6.666666666666667,1,3.3333333333333335,0,0.0,1.6666666666666667,1.164283279771532,1.0,1.0,90.0,96.66666666666667,96.66666666666667,19,63.33333333333333,7,23.333333333333332,1,3.3333333333333335,2,6.666666666666667,0,0.0,1,3.3333333333333335,1.7333333333333334,1.3399834161494522,1.0,1.0,90.0,93.33333333333333,93.33333333333333,19,63.33333333333333,7,23.333333333333332,1,3.3333333333333335,1,3.3333333333333335,0,0.0,2,6.666666666666667,2.566666666666667,2.011356645539412,1.0,3.0,70.0,76.66666666666667,80.0,16,53.333333333333336,3,10.0,2,6.666666666666667,2,6.666666666666667,1,3.3333333333333335,6,20.0
411,False,2.4,1.6041612554021283,2.0,2.0,83.33333333333334,86.66666666666667,86.66666666666667,10,33.33333333333333,11,36.666666666666664,4,13.333333333333334,1,3.3333333333333335,0,0.0,4,13.333333333333334,2.066666666666667,1.7113996870657915,1.0,1.0,83.33333333333334,86.66666666666667,86.66666666666667,18,60.0,5,16.666666666666664,2,6.666666666666667,1,3.3333333333333335,0,0.0,4,13.333333333333334,2.2333333333333334,1.856220772310114,1.0,2.0,80.0,83.33333333333334,83.33333333333334,18,60.0,3,10.0,3,10.0,1,3.3333333333333335,0,0.0,5,16.666666666666664,2.6666666666666665,1.8499249234015476,2.0,2.0,76.66666666666667,80.0,80.0,11,36.666666666666664,7,23.333333333333332,5,16.666666666666664,1,3.3333333333333335,0,0.0,6,20.0
412,False,3.1666666666666665,1.7527755766846542,3.0,2.0,66.66666666666666,76.66666666666667,80.0,7,23.333333333333332,4,13.333333333333334,9,30.0,3,10.0,1,3.3333333333333335,6,20.0,2.5,1.875277757204694,2.0,2.0,76.66666666666667,76.66666666666667,83.33333333333334,13,43.333333333333336,8,26.666666666666668,2,6.666666666666667,0,0.0,2,6.666666666666667,5,16.666666666666664,2.7333333333333334,1.9310331143946988,2.0,3.0,70.0,76.66666666666667,80.0,12,40.0,6,20.0,3,10.0,2,6.666666666666667,1,3.3333333333333335,6,20.0,2.966666666666667,1.9232495649002208,2.5,4.0,63.33333333333333,70.0,83.33333333333334,11,36.666666666666664,4,13.333333333333334,4,13.333333333333334,2,6.666666666666667,4,13.333333333333334,5,16.666666666666664
413,False,2.3333333333333335,1.6193277068654826,2.0,2.0,80.0,86.66666666666667,90.0,13,43.333333333333336,7,23.333333333333332,4,13.333333333333334,2,6.666666666666667,1,3.3333333333333335,3,10.0,1.9,1.556705923844749,1.0,1.0,86.66666666666667,90.0,90.0,19,63.33333333333333,5,16.666666666666664,2,6.666666666666667,1,3.3333333333333335,0,0.0,3,10.0,2.066666666666667,1.671991493864594,1.0,1.0,86.66666666666667,86.66666666666667,86.66666666666667,17,56.666666666666664,6,20.0,3,10.0,0,0.0,0,0.0,4,13.333333333333334,2.7666666666666666,2.011356645539412,2.0,3.5,73.33333333333333,73.33333333333333,76.66666666666667,13,43.333333333333336,4,13.333333333333334,5,16.666666666666664,0,0.0,1,3.3333333333333335,7,23.333333333333332
414,False,2.533333333333333,1.7838784213679537,2.0,2.75,73.33333333333333,80.0,86.66666666666667,12,40.0,8,26.666666666666668,2,6.666666666666667,2,6.666666666666667,2,6.666666666666667,4,13.333333333333334,2.066666666666667,1.730767331432956,1.0,1.75,83.33333333333334,86.66666666666667,86.66666666666667,19,63.33333333333333,3,10.0,3,10.0,1,3.3333333333333335,0,0.0,4,13.333333333333334,2.3333333333333335,1.9379255804998177,1.0,2.75,73.33333333333333,80.0,83.33333333333334,18,60.0,3,10.0,1,3.3333333333333335,2,6.666666666666667,1,3.3333333333333335,5,16.666666666666664,2.533333333333333,1.839081896551163,2.0,3.0,70.0,80.0,86.66666666666667,14,46.666666666666664,5,16.666666666666664,2,6.666666666666667,3,10.0,2,6.666666666666667,4,13.333333333333334
415,False,2.4,1.2274635093014645,2.0,1.75,86.66666666666667,93.33333333333333,96.66666666666667,8,26.666666666666668,9,30.0,9,30.0,2,6.666666666666667,1,3.3333333333333335,1,3.3333333333333335,2.1666666666666665,1.5933891203622825,1.0,2.0,76.66666666666667,90.0,93.33333333333333,17,56.666666666666664,3,10.0,3,10.0,4,13.333333333333334,1,3.3333333333333335,2,6.666666666666667,2.2,1.7009801096230763,1.0,2.0,76.66666666666667,86.66666666666667,90.0,17,56.666666666666664,4,13.333333333333334,2,6.666666666666667,3,10.0,1,3.3333333333333335,3,10.0,3.0,1.8973665961010275,2.0,3.75,63.33333333333333,73.33333333333333,80.0,9,30.0,7,23.333333333333332,3,10.0,3,10.0,2,6.666666666666667,6,20.0
416,True,2.1333333333333333,1.4079141387961918,2.0,1.0,86.66666666666667,90.0,93.33333333333333,12,40.0,11,36.666666666666664,3,10.0,1,3.3333333333333335,1,3.3333333333333335,2,6.666666666666667,1.8333333333333333,1.2405196043952265,1.0,1.0,90.0,93.33333333333333,96.66666666666667,16,53.333333333333336,9,30.0,2,6.666666666666667,1,3.3333333333333335,1,3.3333333333333335,1,3.3333333333333335,1.9666666666666666,1.3780017739062924,1.5,1.0,86.66666666666667,93.33333333333333,93.33333333333333,15,50.0,9,30.0,2,6.666666666666667,2,6.666666666666667,0,0.0,2,6.666666666666667,2.6,1.8366636418607882,2.0,2.75,73.33333333333333,80.0,83.33333333333334,12,40.0,7,23.333333333333332,3,10.0,2,6.666666666666667,1,3.3333333333333335,5,16.666666666666664
417,True,2.533333333333333,1.7838784213679537,2.0,2.0,80.0,80.0,83.33333333333334,11,36.666666666666664,9,30.0,4,13.333333333333334,0,0.0,1,3.3333333333333335,5,16.666666666666664,2.1333333333333333,1.910206504252587,1.0,1.0,80.0,80.0,83.33333333333334,20,66.66666666666666,3,10.0,1,3.3333333333333335,0,0.0,1,3.3333333333333335,5,16.666666666666664,2.1333333333333333,1.7650936393164969,1.0,1.75,83.33333333333334,83.33333333333334,86.66666666666667,18,60.0,4,13.333333333333334,3,10.0,0,0.0,1,3.3333333333333335,4,13.333333333333334,2.6333333333333333,1.9913702708325127,2.0,3.5,73.33333333333333,73.33333333333333,80.0,14,46.666666666666664,5,16.666666666666664,3,10.0,0,0.0,2,6.666666666666667,6,20.0
418,True,2.1333333333333333,1.5434449203720302,2.0,1.0,83.33333333333334,90.0,90.0,14,46.666666666666664,9,30.0,2,6.666666666666667,2,6.666666666666667,0,0.0,3,10.0,1.7333333333333334,1.4360439485692011,1.0,1.0,90.0,90.0,93.33333333333333,21,70.0,4,13.333333333333334,2,6.666666666666667,0,0.0,1,3.3333333333333335,2,6.666666666666667,2.1,1.8321208111548393,1.0,1.0,83.33333333333334,83.33333333333334,83.33333333333334,19,63.33333333333333,4,13.333333333333334,2,6.666666666666667,0,0.0,0,0.0,5,16.666666666666664,2.6,1.9765289440498124,2.0,3.0,70.0,76.66666666666667,80.0,14,46.666666666666664,6,20.0,1,3.3333333333333335,2,6.666666666666667,1,3.3333333333333335,6,20.0
419,True,2.5,1.6881943016134133,2.0,2.0,83.33333333333334,83.33333333333334,83.33333333333334,9,30.0,12,40.0,4,13.333333333333334,0,0.0,0,0.0,5,16.666666666666664,2.1666666666666665,1.6141733350404335,1.5,1.75,83.33333333333334,86.66666666666667,90.0,15,50.0,7,23.333333333333332,3,10.0,1,3.3333333333333335,1,3.3333333333333335,3,10.0,2.3666666666666667,1.682920741515245,2.0,2.0,80.0,86.66666666666667,86.66666666666667,13,43.333333333333336,7,23.333333333333332,4,13.333333333333334,2,6.666666666666667,0,0.0,4,13.333333333333334,2.3,1.5088627063675033,2.0,2.75,73.33333333333333,90.0,96.66666666666667,14,46.666666666666664,5,16.666666666666664,3,10.0,5,16.666666666666664,2,6.666666666666667,1,3.3333333333333335
420,True,2.3333333333333335,1.4907119849998598,2.0,2.0,83.33333333333334,90.0,90.0,10,33.33333333333333,11,36.666666666666664,4,13.333333333333334,2,6.666666666666667,0,0.0,3,10.0,2.1333333333333333,1.6478942792411033,1.0,1.0,80.0,86.66666666666667,90.0,16,53.333333333333336,7,23.333333333333332,1,3.3333333333333335,2,6.666666666666667,1,3.3333333333333335,3,10.0,2.2,1.6411378166788229,1.5,1.75,80.0,86.66666666666667,90.0,15,50.0,7,23.333333333333332,2,6.666666666666667,2,6.666666666666667,1,3.3333333333333335,3,10.0,2.433333333333333,1.6669999666733315,2.0,2.0,76.66666666666667,83.33333333333334,90.0,12,40.0,8,26.666666666666668,3,10.0,2,6.666666666666667,2,6.666666666666667,3,10.0
421,True,2.0,1.390443574307614,1.5,1.0,86.66666666666667,93.33333333333333,93.33333333333333,15,50.0,8,26.666666666666668,3,10.0,2,6.666666666666667,0,0.0,2,6.666666666666667,1.8333333333333333,1.462494064565354,1.0,1.0,86.66666666666667,90.0,93.33333333333333,19,63.33333333333333,6,20.0,1,3.3333333333333335,1,3.3333333333333335,1,3.3333333333333335,2,6.666666666666667,2.0,1.4605934866804429,1.0,1.75,83.33333333333334,93.33333333333333,93.33333333333333,17,56.666666666666664,5,16.666666666666664,3,10.0,3,10.0,0,0.0,2,6.666666666666667,2.433333333333333,1.8199511592958264,2.0,2.75,73.33333333333333,80.0,86.66666666666667,14,46.666666666666664,7,23.333333333333332,1,3.3333333333333335,2,6.666666666666667,2,6.666666666666667,4,13.333333333333334
422,False,2.6333333333333333,1.7978382080215733,2.0,3.0,70.0,80.0,86.66666666666667,12,40.0,6,20.0,3,10.0,3,10.0,2,6.666666666666667,4,13.333333333333334,1.9666666666666666,1.601735170231195,1.0,1.0,83.33333333333334,90.0,90.0,19,63.33333333333333,4,13.333333333333334,2,6.666666666666667,2,6.666666666666667,0,0.0,3,10.0,2.2333333333333334,1.8381754238616317,1.0,1.75,80.0,83.33333333333334,83.33333333333334,17,56.666666666666664,5,16.666666666666664,2,6.666666666666667,1,3.3333333333333335,0,0.0,5,16.666666666666664,2.433333333333333,1.8381754238616315,2.0,2.0,80.0,80.0,83.33333333333334,14,46.666666666666664,6,20.0,4,13.333333333333334,0,0.0,1,3.3333333333333335,5,16.666666666666664
423,False,2.433333333333333,1.5638272140986533,2.0,2.0,80.0,86.66666666666667,90.0,10,33.33333333333333,10,33.33333333333333,4,13.333333333333334,2,6.666666666666667,1,3.3333333333333335,3,10.0,1.9333333333333333,1.5260697523012796,1.0,1.0,86.66666666666667,90.0,90.0,17,56.666666666666664,8,26.666666666666668,1,3.3333333333333335,1,3.3333333333333335,0,0.0,3,10.0,2.033333333333333,1.4940623220676645,1.5,1.0,90.0,90.0,90.0,15,50.0,8,26.666666666666668,4,13.333333333333334,0,0.0,0,0.0,3,10.0,2.6666666666666665,1.920648038785058,2.0,2.75,73.33333333333333,76.66666666666667,80.0,12,40.0,7,23.333333333333332,3,10.0,1,3.3333333333333335,1,3.3333333333333335,6,20.0
424,False,2.8333333333333335,1.5723301886761005,2.5,1.0,76.66666666666667,83.33333333333334,86.66666666666667,6,20.0,9,30.0,8,26.666666666666668,2,6.666666666666667,1,3.3333333333333335,4,13.333333333333334,2.4,1.6041612554021285,2.0,2.0,80.0,83.33333333333334,93.33333333333333,13,43.333333333333336,5,16.666666666666664,6,20.0,1,3.3333333333333335,3,10.0,2,6.666666666666667,2.7333333333333334,1.8245242911205346,2.0,3.0,70.0,80.0,83.33333333333334,11,36.666666666666664,6,20.0,4,13.333333333333334,3,10.0,1,3.3333333333333335,5,16.666666666666664,2.966666666666667,1.7978382080215733,3.0,3.0,66.66666666666666,76.66666666666667,83.33333333333334,9,30.0,5,16.666666666666664,6,20.0,3,10.0,2,6.666666666666667,5,16.666666666666664
425,True,2.466666666666667,1.384035966135113,2.0,1.0,86.66666666666667,86.66666666666667,93.33333333333333,7,23.333333333333332,12,40.0,7,23.333333333333332,0,0.0,2,6.666666666666667,2,6.666666666666667,2.3,1.7349351572897473,2.0,1.75,80.0,83.33333333333334,86.66666666666667,14,46.666666666666664,8,26.666666666666668,2,6.666666666666667,1,3.3333333333333335,1,3.3333333333333335,4,13.333333333333334,2.2333333333333334,1.5638272140986536,2.0,2.0,86.66666666666667,86.66666666666667,90.0,13,43.333333333333336,8,26.666666666666668,5,16.666666666666664,0,0.0,1,3.3333333333333335,3,10.0,2.933333333333333,1.896195020443719,2.5,3.75,70.0,73.33333333333333,80.0,10,33.33333333333333,5,16.666666666666664,6,20.0,1,3.3333333333333335,2,6.666666666666667,6,20.0
426,False,2.566666666666667,1.7259457954666158,2.0,2.0,76.66666666666667,83.33333333333334,86.66666666666667,12,40.0,5,16.666666666666664,6,20.0,2,6.666666666666667,1,3.3333333333333335,4,13.333333333333334,2.0,1.505545305418162,1.0,1.0,83.33333333333334,90.0,93.33333333333333,17,56.666666666666664,6,20.0,2,6.666666666666667,2,6.666666666666667,1,3.3333333333333335,2,6.666666666666667,2.2333333333333334,1.7641491496532322,1.0,1.75,80.0,83.33333333333334,86.66666666666667,16,53.333333333333336,6,20.0,2,6.666666666666667,1,3.3333333333333335,1,3.3333333333333335,4,13.333333333333334,2.6,1.8184242262647807,2.0,2.0,76.66666666666667,80.0,83.33333333333334,12,40.0,6,20.0,5,16.666666666666664,1,3.3333333333333335,1,3.3333333333333335,5,16.666666666666664
427,False,2.1333333333333333,1.4772346537440226,2.0,1.0,86.66666666666667,90.0,90.0,12,40.0,12,40.0,2,6.666666666666667,1,3.3333333333333335,0,0.0,3,10.0,2.0,1.7320508075688772,1.0,1.0,83.33333333333334,86.66666666666667,86.66666666666667,20,66.66666666666666,3,10.0,2,6.666666666666667,1,3.3333333333333335,0,0.0,4,13.333333333333334,1.9666666666666666,1.4487542541400487,1.0,1.0,86.66666666666667,90.0,93.33333333333333,16,53.333333333333336,8,26.666666666666668,2,6.666666666666667,1,3.3333333333333335,1,3.3333333333333335,2,6.666666666666667,2.466666666666667,1.9618585292749549,1.0,2.75,73.33333333333333,80.0,80.0,16,53.333333333333336,4,13.333333333333334,2,6.666666666666667,2,6.666666666666667,0,0.0,6,20.0
428,False,2.3666666666666667,1.4487542541400487,2.0,2.0,83.33333333333334,90.0,93.33333333333333,11,36.666666666666664,7,23.333333333333332,7,23.333333333333332,2,6.666666666666667,1,3.3333333333333335,2,6.666666666666667,2.0,1.570562531918633,1.0,1.75,86.66666666666667,90.0,90.0,18,60.0,4,13.333333333333334,4,13.333333333333334,1,3.3333333333333335,0,0.0,3,10.0,2.2666666666666666,1.671991493864594,2.0,2.0,83.33333333333334,86.66666666666667,86.66666666666667,14,46.666666666666664,7,23.333333333333332,4,13.333333333333334,1,3.3333333333333335,0,0.0,4,13.333333333333334,2.5,1.6683325008322931,2.0,3.0,70.0,83.33333333333334,93.33333333333333,13,43.333333333333336,5,16.666666666666664,3,10.0,4,13.333333333333334,3,10.0,2,6.666666666666667
429,False,2.8333333333333335,1.654958878307521,2.0,2.0,66.66666666666666,83.33333333333334,86.66666666666667,7,23.333333333333332,10,33.33333333333333,3,10.0,5,16.666666666666664,1,3.3333333333333335,4,13.333333333333334,2.2333333333333334,1.8917951498216952,1.0,2.0,76.66666666666667,83.33333333333334,83.33333333333334,19,63.33333333333333,2,6.666666666666667,2,6.666666666666667,2,6.666666666666667,0,0.0,5,16.666666666666664,2.3666666666666667,1.7603661235347858,1.5,2.0,80.0,83.33333333333334,86.66666666666667,15,50.0,4,13.333333333333334,5,16.666666666666664,1,3.3333333333333335,1,3.3333333333333335,4,13.333333333333334,2.966666666666667,2.0733762053445313,2.0,4.75,63.33333333333333,70.0,73.33333333333333,11,36.666666666666664,7,23.333333333333332,1,3.3333333333333335,2,6.666666666666667,1,3.3333333333333335,8,26.666666666666668
430,True,2.2333333333333334,1.430229196861662,2.0,1.75,83.33333333333334,90.0,93.33333333333333,11,36.666666666666664,11,36.666666666666664,3,10.0,2,6.666666666666667,1,3.3333333333333335,2,6.666666666666667,2.0,1.4142135623730951,1.0,1.75,86.66666666666667,93.33333333333333,93.33333333333333,16,53.333333333333336,6,20.0,4,13.333333333333334,2,6.666666666666667,0,0.0,2,6.666666666666667,2.1666666666666665,1.5293426329272617,2.0,2.0,86.66666666666667,90.0,90.0,14,46.666666666666664,7,23.333333333333332,5,16.666666666666664,1,3.3333333333333335,0,0.0,3,10.0,2.310344827586207,1.4646041780410552,2.0,2.0,79.3103448275862,93.10344827586206,93.10344827586206,12,41.37931034482759,6,20.689655172413794,5,17.24137931034483,4,13.793103448275861,0,0.0,2,6.896551724137931
431,True,2.3,1.8101565309847283,1.5,1.75,80.0,83.33333333333334,83.33333333333334,15,50.0,7,23.333333333333332,2,6.666666666666667,1,3.3333333333333335,0,0.0,5,16.666666666666664,1.8,1.5790292376436015,1.0,0.75,86.66666666666667,90.0,90.0,22,73.33333333333333,2,6.666666666666667,2,6.666666666666667,1,3.3333333333333335,0,0.0,3,10.0,1.9,1.5567059238447487,1.0,1.0,86.66666666666667,90.0,90.0,19,63.33333333333333,5,16.666666666666664,2,6.666666666666667,1,3.3333333333333335,0,0.0,3,10.0,2.3333333333333335,1.86785676348292,1.0,2.0,76.66666666666667,83.33333333333334,83.33333333333334,17,56.666666666666664,3,10.0,3,10.0,2,6.666666666666667,0,0.0,5,16.666666666666664
432,True,1.7666666666666666,1.174260996920569,1.0,1.0,93.33333333333333,93.33333333333333,96.66666666666667,16,53.333333333333336,10,33.33333333333333,2,6.666666666666667,0,0.0,1,3.3333333333333335,1,3.3333333333333335,2.0,1.879716290649558,1.0,0.75,80.0,83.33333333333334,83.33333333333334,22,73.33333333333333,2,6.666666666666667,0,0.0,1,3.3333333333333335,0,0.0,5,16.666666666666664,1.9,1.6603212540549697,1.0,1.0,86.66666666666667,86.66666666666667,86.66666666666667,19,63.33333333333333,7,23.333333333333332,0,0.0,0,0.0,0,0.0,4,13.333333333333334,2.2333333333333334,1.6868774571839993,1.5,2.0,83.33333333333334,86.66666666666667,86.66666666666667,15,50.0,6,20.0,4,13.333333333333334,1,3.3333333333333335,0,0.0,4,13.333333333333334
433,True,2.2333333333333334,1.6265163865007801,2.0,1.0,83.33333333333334,86.66666666666667,86.66666666666667,12,40.0,12,40.0,1,3.3333333333333335,1,3.3333333333333335,0,0.0,4,13.333333333333334,1.9666666666666666,1.5380362660079103,1.0,1.0,86.66666666666667,90.0,90.0,17,56.666666666666664,7,23.333333333333332,2,6.666666666666667,1,3.3333333333333335,0,0.0,3,10.0,2.2,1.7009801096230763,1.0,2.0,83.33333333333334,86.66666666666667,86.66666666666667,16,53.333333333333336,5,16.666666666666664,4,13.333333333333334,1,3.3333333333333335,0,0.0,4,13.333333333333334,2.1666666666666665,1.5933891203622828,2.0,1.0,83.33333333333334,86.66666666666667,90.0,14,46.666666666666664,9,30.0,2,6.666666666666667,1,3.3333333333333335,1,3.3333333333333335,3,10.0
434,False,2.1666666666666665,1.694763175851488,2.0,1.0,83.33333333333334,83.33333333333334,86.66666666666667,14,46.666666666666664,11,36.666666666666664,0,0.0,0,0.0,1,3.3333333333333335,4,13.333333333333334,1.9,1.5132745950421556,1.0,1.0,86.66666666666667,86.66666666666667,93.33333333333333,18,60.0,7,23.333333333333332,1,3.3333333333333335,0,0.0,2,6.666666666666667,2,6.666666666666667,2.066666666666667,1.6519348924485158,1.0,1.0,86.66666666666667,86.66666666666667,86.66666666666667,16,53.333333333333336,8,26.666666666666668,2,6.666666666666667,0,0.0,0,0.0,4,13.333333333333334,2.1333333333333333,1.4772346537440226,2.0,1.75,90.0,90.0,90.0,13,43.333333333333336,9,30.0,5,16.666666666666664,0,0.0,0,0.0,3,10.0
435,False,2.6333333333333333,1.7792008193443356,2.0,2.75,73.33333333333333,83.33333333333334,83.33333333333334,11,36.666666666666664,7,23.333333333333332,4,13.333333333333334,3,10.0,0,0.0,5,16.666666666666664,2.1,1.7194960502038574,1.0,1.75,83.33333333333334,86.66666666666667,86.66666666666667,18,60.0,4,13.333333333333334,3,10.0,1,3.3333333333333335,0,0.0,4,13.333333333333334,2.3,1.8823743871327332,1.0,2.0,76.66666666666667,83.33333333333334,83.33333333333334,18,60.0,2,6.666666666666667,3,10.0,2,6.666666666666667,0,0.0,5,16.666666666666664,2.466666666666667,1.687865186822955,2.0,2.0,76.66666666666667,86.66666666666667,86.66666666666667,12,40.0,7,23.333333333333332,4,13.333333333333334,3,10.0,0,0.0,4,13.333333333333334
436,True,2.066666666666667,1.339983416149452,2.0,1.0,86.66666666666667,93.33333333333333,93.33333333333333,12,40.0,12,40.0,2,6.666666666666667,2,6.666666666666667,0,0.0,2,6.666666666666667,1.8333333333333333,1.3924399049470284,1.0,1.0,90.0,93.33333333333333,93.33333333333333,19,63.33333333333333,4,13.333333333333334,4,13.333333333333334,1,3.3333333333333335,0,0.0,2,6.666666666666667,2.033333333333333,1.5595583420386114,1.0,1.75,86.66666666666667,90.0,90.0,17,56.666666666666664,5,16.666666666666664,4,13.333333333333334,1,3.3333333333333335,0,0.0,3,10.0,2.3333333333333335,1.6193277068654823,2.0,2.0,80.0,86.66666666666667,90.0,13,43.333333333333336,7,23.333333333333332,4,13.333333333333334,2,6.666666666666667,1,3.3333333333333335,3,10.0
437,False,2.8,1.6411378166788229,2.0,2.0,70.0,83.33333333333334,86.66666666666667,7,23.333333333333332,10,33.33333333333333,4,13.333333333333334,4,13.333333333333334,1,3.3333333333333335,4,13.333333333333334,2.3333333333333335,1.6599866130651642,2.0,2.0,76.66666666666667,86.66666666666667,90.0,14,46.666666666666664,6,20.0,3,10.0,3,10.0,1,3.3333333333333335,3,10.0,2.6666666666666665,1.9379255804998177,2.0,2.0,76.66666666666667,76.66666666666667,76.66666666666667,11,36.666666666666664,9,30.0,3,10.0,0,0.0,0,0.0,7,23.333333333333332,2.7666666666666666,1.8740923729160797,2.0,3.75,70.0,73.33333333333333,83.33333333333334,10,33.33333333333333,9,30.0,2,6.666666666666667,1,3.3333333333333335,3,10.0,5,16.666666666666664
438,False,2.7,1.7156145643277028,2.0,1.75,80.0,80.0,83.33333333333334,8,26.666666666666668,10,33.33333333333333,6,20.0,0,0.0,1,3.3333333333333335,5,16.666666666666664,2.1333333333333333,1.7074997966487597,1.0,1.75,83.33333333333334,86.66666666666667,86.66666666666667,17,56.666666666666664,5,16.666666666666664,3,10.0,1,3.3333333333333335,0,0.0,4,13.333333333333334,2.533333333333333,1.892675942210452,1.5,2.75,73.33333333333333,80.0,83.33333333333334,15,50.0,3,10.0,4,13.333333333333334,2,6.666666666666667,1,3.3333333333333335,5,16.666666666666664,2.8275862068965516,1.983882739812762,2.0,4.0,72.41379310344827,72.41379310344827,75.86206896551724,10,34.48275862068966,8,27.586206896551722,3,10.344827586206897,0,0.0,1,3.4482758620689653,7,24.137931034482758
439,False,2.6333333333333333,1.8526257642120336,2.0,2.75,73.33333333333333,76.66666666666667,83.33333333333334,11,36.666666666666664,9,30.0,2,6.666666666666667,1,3.3333333333333335,2,6.666666666666667,5,16.666666666666664,1.9333333333333333,1.569146972791976,1.0,1.0,83.33333333333334,90.0,90.0,18,60.0,7,23.333333333333332,0,0.0,2,6.666666666666667,0,0.0,3,10.0,2.066666666666667,1.671991493864594,1.0,1.0,83.33333333333334,83.33333333333334,90.0,17,56.666666666666664,7,23.333333333333332,1,3.3333333333333335,0,0.0,2,6.666666666666667,3,10.0,2.3333333333333335,1.7950549357115013,2.0,1.75,80.0,83.33333333333334,83.33333333333334,14,46.666666666666664,8,26.666666666666668,2,6.666666666666667,1,3.3333333333333335,0,0.0,5,16.666666666666664
440,False,2.6333333333333333,1.8705317128797598,2.0,2.75,73.33333333333333,80.0,80.0,11,36.666666666666664,9,30.0,2,6.666666666666667,2,6.666666666666667,0,0.0,6,20.0,2.066666666666667,1.7876116903722563,1.0,1.0,80.0,83.33333333333334,86.66666666666667,19,63.33333333333333,5,16.666666666666664,0,0.0,1,3.3333333333333335,1,3.3333333333333335,4,13.333333333333334,2.1666666666666665,1.8454147380888546,1.0,1.0,80.0,83.33333333333334,83.33333333333334,18,60.0,5,16.666666666666664,1,3.3333333333333335,1,3.3333333333333335,0,0.0,5,16.666666666666664,3.066666666666667,2.112397269033981,2.0,4.75,63.33333333333333,63.33333333333333,73.33333333333333,11,36.666666666666664,6,20.0,2,6.666666666666667,0,0.0,3,10.0,8,26.666666666666668
441,False,2.6,1.9252705437591535,2.0,2.0,76.66666666666667,76.66666666666667,80.0,13,43.333333333333336,6,20.0,4,13.333333333333334,0,0.0,1,3.3333333333333335,6,20.0,2.2666666666666666,2.0154955277107964,1.0,1.0,76.66666666666667,76.66666666666667,80.0,19,63.33333333333333,4,13.333333333333334,0,0.0,0,0.0,1,3.3333333333333335,6,20.0,2.3666666666666667,1.9745604292826515,1.0,1.0,76.66666666666667,76.66666666666667,80.0,16,53.333333333333336,7,23.333333333333332,0,0.0,0,0.0,1,3.3333333333333335,6,20.0,2.6666666666666665,1.9720265943665385,2.0,3.0,66.66666666666666,76.66666666666667,80.0,13,43.333333333333336,7,23.333333333333332,0,0.0,3,10.0,1,3.3333333333333335,6,20.0
442,False,2.7,1.5737428845483834,2.0,1.75,73.33333333333333,83.33333333333334,90.0,7,23.333333333333332,11,36.666666666666664,4,13.333333333333334,3,10.0,2,6.666666666666667,3,10.0,2.4,1.8903262505010434,1.5,2.5,73.33333333333333,80.0,83.33333333333334,15,50.0,7,23.333333333333332,0,0.0,2,6.666666666666667,1,3.3333333333333335,5,16.666666666666664,2.3333333333333335,1.7384539747207064,2.0,2.0,80.0,83.33333333333334,86.66666666666667,14,46.666666666666664,7,23.333333333333332,3,10.0,1,3.3333333333333335,1,3.3333333333333335,4,13.333333333333334,2.533333333333333,1.8571184369578826,2.0,1.75,76.66666666666667,80.0,80.0,11,36.666666666666664,11,36.666666666666664,1,3.3333333333333335,1,3.3333333333333335,0,0.0,6,20.0
443,True,2.033333333333333,1.3287420951996498,2.0,1.0,86.66666666666667,93.33333333333333,93.33333333333333,12,40.0,13,43.333333333333336,1,3.3333333333333335,2,6.666666666666667,0,0.0,2,6.666666666666667,1.8666666666666667,1.5434449203720302,1.0,1.0,86.66666666666667,90.0,90.0,19,63.33333333333333,6,20.0,1,3.3333333333333335,1,3.3333333333333335,0,0.0,3,10.0,2.0,1.570562531918633,1.0,1.0,86.66666666666667,86.66666666666667,90.0,16,53.333333333333336,9,30.0,1,3.3333333333333335,0,0.0,1,3.3333333333333335,3,10.0,2.9,2.055075018906447,2.0,4.0,66.66666666666666,66.66666666666666,76.66666666666667,11,36.666666666666664,8,26.666666666666668,1,3.3333333333333335,0,0.0,3,10.0,7,23.333333333333332
444,False,1.7333333333333334,1.1234866364235145,1.5,1.0,93.33333333333333,93.33333333333333,96.66666666666667,15,50.0,13,43.333333333333336,0,0.0,0,0.0,1,3.3333333333333335,1,3.3333333333333335,1.5333333333333334,0.9568466729604883,1.0,1.0,96.66666666666667,96.66666666666667,96.66666666666667,18,60.0,11,36.666666666666664,0,0.0,0,0.0,0,0.0,1,3.3333333333333335,1.5333333333333334,0.9568466729604883,1.0,1.0,96.66666666666667,96.66666666666667,96.66666666666667,18,60.0,11,36.666666666666664,0,0.0,0,0.0,0,0.0,1,3.3333333333333335,2.7333333333333334,2.0483055327649624,2.0,4.0,70.0,70.0,76.66666666666667,12,40.0,9,30.0,0,0.0,0,0.0,2,6.666666666666667,7,23.333333333333332
445,True,2.566666666666667,1.382831234179436,2.0,1.0,86.66666666666667,90.0,90.0,6,20.0,11,36.666666666666664,9,30.0,1,3.3333333333333335,0,0.0,3,10.0,2.1666666666666665,1.7904065335994381,1.0,1.75,80.0,83.33333333333334,86.66666666666667,18,60.0,4,13.333333333333334,2,6.666666666666667,1,3.3333333333333335,1,3.3333333333333335,4,13.333333333333334,2.2666666666666666,1.896195020443719,1.0,2.0,80.0,80.0,83.33333333333334,18,60.0,3,10.0,3,10.0,0,0.0,1,3.3333333333333335,5,16.666666666666664,2.6,1.624807680927192,2.0,2.0,76.66666666666667,83.33333333333334,90.0,10,33.33333333333333,7,23.333333333333332,6,20.0,2,6.666666666666667,2,6.666666666666667,3,10.0
446,True,1.6333333333333333,1.110055053689781,1.0,1.0,93.33333333333333,96.66666666666667,96.66666666666667,19,63.33333333333333,7,23.333333333333332,2,6.666666666666667,1,3.3333333333333335,0,0.0,1,3.3333333333333335,1.6666666666666667,1.4681810363696826,1.0,0.0,86.66666666666667,90.0,93.33333333333333,23,76.66666666666667,3,10.0,0,0.0,1,3.3333333333333335,1,3.3333333333333335,2,6.666666666666667,1.8666666666666667,1.6478942792411033,1.0,1.0,83.33333333333334,86.66666666666667,90.0,21,70.0,4,13.333333333333334,0,0.0,1,3.3333333333333335,1,3.3333333333333335,3,10.0,2.2333333333333334,1.7451520150277902,1.5,1.0,80.0,83.33333333333334,86.66666666666667,15,50.0,8,26.666666666666668,1,3.3333333333333335,1,3.3333333333333335,1,3.3333333333333335,4,13.333333333333334
447,False,2.5,1.707825127659933,2.0,2.0,76.66666666666667,86.66666666666667,86.66666666666667,13,43.333333333333336,4,13.333333333333334,6,20.0,3,10.0,0,0.0,4,13.333333333333334,2.1333333333333333,1.5860503004493758,1.0,2.0,83.33333333333334,90.0,90.0,16,53.333333333333336,5,16.666666666666664,4,13.333333333333334,2,6.666666666666667,0,0.0,3,10.0,2.466666666666667,1.9275776393067947,1.5,2.0,76.66666666666667,80.0,80.0,15,50.0,5,16.666666666666664,3,10.0,1,3.3333333333333335,0,0.0,6,20.0,2.5,1.7654083569153813,2.0,3.0,70.0,86.66666666666667,86.66666666666667,14,46.666666666666664,4,13.333333333333334,3,10.0,5,16.666666666666664,0,0.0,4,13.333333333333334
448,True,2.4,1.451436070471816,2.0,2.0,76.66666666666667,86.66666666666667,96.66666666666667,10,33.33333333333333,10,33.33333333333333,3,10.0,3,10.0,3,10.0,1,3.3333333333333335,2.066666666666667,1.6918103387266028,1.0,1.0,83.33333333333334,86.66666666666667,86.66666666666667,17,56.666666666666664,7,23.333333333333332,1,3.3333333333333335,1,3.3333333333333335,0,0.0,4,13.333333333333334,2.066666666666667,1.6519348924485158,1.0,1.0,86.66666666666667,86.66666666666667,86.66666666666667,16,53.333333333333336,8,26.666666666666668,2,6.666666666666667,0,0.0,0,0.0,4,13.333333333333334,2.3333333333333335,1.4907119849998598,2.0,2.0,83.33333333333334,86.66666666666667,93.33333333333333,11,36.666666666666664,9,30.0,5,16.666666666666664,1,3.3333333333333335,2,6.666666666666667,2,6.666666666666667
449,False,2.1333333333333333,1.4313940369055924,2.0,1.75,86.66666666666667,90.0,93.33333333333333,13,43.333333333333336,9,30.0,4,13.333333333333334,1,3.3333333333333335,1,3.3333333333333335,2,6.666666666666667,2.1333333333333333,1.8208667044996885,1.0,1.0,83.33333333333334,83.33333333333334,83.33333333333334,18,60.0,5,16.666666666666664,2,6.666666666666667,0,0.0,0,0.0,5,16.666666666666664,2.466666666666667,1.9618585292749549,1.5,3.25,73.33333333333333,73.33333333333333,83.33333333333334,15,50.0,7,23.333333333333332,0,0.0,0,0.0,3,10.0,5,16.666666666666664,2.7,1.8645821694595994,2.0,3.0,70.0,76.66666666666667,83.33333333333334,11,36.666666666666664,8,26.666666666666668,2,6.666666666666667,2,6.666666666666667,2,6.666666666666667,5,16.666666666666664
450,True,2.3333333333333335,1.4220486005134363,2.0,2.0,76.66666666666667,90.0,96.66666666666667,11,36.666666666666664,9,30.0,3,10.0,4,13.333333333333334,2,6.666666666666667,1,3.3333333333333335,1.9,1.4224392195567912,1.0,1.0,90.0,90.0,93.33333333333333,17,56.666666666666664,7,23.333333333333332,3,10.0,0,0.0,1,3.3333333333333335,2,6.666666666666667,1.9,1.3253930234714029,1.0,1.0,86.66666666666667,93.33333333333333,96.66666666666667,17,56.666666666666664,6,20.0,3,10.0,2,6.666666666666667,1,3.3333333333333335,1,3.3333333333333335,2.2333333333333334,1.6468825769380835,2.0,1.75,83.33333333333334,83.33333333333334,90.0,14,46.666666666666664,8,26.666666666666668,3,10.0,0,0.0,2,6.666666666666667,3,10.0
451,True,1.9,1.274100990241093,2.0,1.0,93.33333333333333,93.33333333333333,93.33333333333333,14,46.666666666666664,11,36.666666666666664,3,10.0,0,0.0,0,0.0,2,6.666666666666667,1.8,1.4696938456699071,1.0,1.0,86.66666666666667,90.0,93.33333333333333,20,66.66666666666666,5,16.666666666666664,1,3.3333333333333335,1,3.3333333333333335,1,3.3333333333333335,2,6.666666666666667,1.8333333333333333,1.4161763857498668,1.0,1.0,83.33333333333334,90.0,96.66666666666667,19,63.33333333333333,6,20.0,0,0.0,2,6.666666666666667,2,6.666666666666667,1,3.3333333333333335,2.8666666666666667,2.217105219775452,1.5,5.0,66.66666666666666,66.66666666666666,70.0,15,50.0,3,10.0,2,6.666666666666667,0,0.0,1,3.3333333333333335,9,30.0
452,False,2.6333333333333333,1.8526257642120336,2.0,2.0,76.66666666666667,80.0,80.0,11,36.666666666666664,8,26.666666666666668,4,13.333333333333334,1,3.3333333333333335,0,0.0,6,20.0,2.033333333333333,1.5595583420386114,1.0,1.75,86.66666666666667,90.0,90.0,17,56.666666666666664,5,16.666666666666664,4,13.333333333333334,1,3.3333333333333335,0,0.0,3,10.0,2.433333333333333,1.7829438827088442,2.0,2.0,83.33333333333334,83.33333333333334,83.33333333333334,14,46.666666666666664,4,13.333333333333334,7,23.333333333333332,0,0.0,0,0.0,5,16.666666666666664,2.6,1.8726095873584185,1.5,3.0,66.66666666666666,80.0,86.66666666666667,15,50.0,2,6.666666666666667,3,10.0,4,13.333333333333334,2,6.666666666666667,4,13.333333333333334
453,False,2.3666666666666667,1.7413277182145301,2.0,1.0,80.0,80.0,86.66666666666667,12,40.0,11,36.666666666666664,1,3.3333333333333335,0,0.0,2,6.666666666666667,4,13.333333333333334,1.9666666666666666,1.7220788470785986,1.0,1.0,83.33333333333334,86.66666666666667,86.66666666666667,20,66.66666666666666,4,13.333333333333334,1,3.3333333333333335,1,3.3333333333333335,0,0.0,4,13.333333333333334,1.9666666666666666,1.7220788470785986,1.0,1.0,83.33333333333334,86.66666666666667,86.66666666666667,20,66.66666666666666,4,13.333333333333334,1,3.3333333333333335,1,3.3333333333333335,0,0.0,4,13.333333333333334,2.2,1.6812693617224654,1.0,1.75,76.66666666666667,86.66666666666667,90.0,16,53.333333333333336,6,20.0,1,3.3333333333333335,3,10.0,1,3.3333333333333335,3,10.0
454,True,2.466666666666667,1.765093639316497,2.0,1.0,80.0,80.0,83.33333333333334,10,33.33333333333333,13,43.333333333333336,1,3.3333333333333335,0,0.0,1,3.3333333333333335,5,16.666666666666664,1.9333333333333333,1.3888444437333105,1.5,1.0,90.0,90.0,93.33333333333333,15,50.0,10,33.33333333333333,2,6.666666666666667,0,0.0,1,3.3333333333333335,2,6.666666666666667,2.033333333333333,1.27758452644912,2.0,1.0,93.33333333333333,93.33333333333333,93.33333333333333,12,40.0,11,36.666666666666664,5,16.666666666666664,0,0.0,0,0.0,2,6.666666666666667,2.0,1.3416407864998738,2.0,1.0,90.0,90.0,93.33333333333333,12,40.0,14,46.666666666666664,1,3.3333333333333335,0,0.0,1,3.3333333333333335,2,6.666666666666667
455,False,2.9,2.103172207246314,2.0,4.0,60.0,70.0,76.66666666666667,14,46.666666666666664,3,10.0,1,3.3333333333333335,3,10.0,2,6.666666666666667,7,23.333333333333332,2.1333333333333333,1.765093639316497,1.0,1.0,76.66666666666667,86.66666666666667,86.66666666666667,18,60.0,5,16.666666666666664,0,0.0,3,10.0,0,0.0,4,13.333333333333334,2.2333333333333334,1.8015425489162213,1.0,1.75,76.66666666666667,83.33333333333334,86.66666666666667,17,56.666666666666664,5,16.666666666666664,1,3.3333333333333335,2,6.666666666666667,1,3.3333333333333335,4,13.333333333333334,2.2333333333333334,1.7451520150277902,1.0,2.0,76.66666666666667,83.33333333333334,90.0,17,56.666666666666664,4,13.333333333333334,2,6.666666666666667,2,6.666666666666667,2,6.666666666666667,3,10.0
456,True,2.433333333333333,1.686877457183999,2.0,2.0,76.66666666666667,83.33333333333334,90.0,13,43.333333333333336,6,20.0,4,13.333333333333334,2,6.666666666666667,2,6.666666666666667,3,10.0,2.1,1.6603212540549694,1.0,1.0,80.0,86.66666666666667,90.0,17,56.666666666666664,6,20.0,1,3.3333333333333335,2,6.666666666666667,1,3.3333333333333335,3,10.0,2.2,1.7009801096230763,1.5,1.0,80.0,86.66666666666667,86.66666666666667,15,50.0,8,26.666666666666668,1,3.3333333333333335,2,6.666666666666667,0,0.0,4,13.333333333333334,2.5,1.7654083569153813,2.0,2.75,73.33333333333333,83.33333333333334,86.66666666666667,13,43.333333333333336,6,20.0,3,10.0,3,10.0,1,3.3333333333333335,4,13.333333333333334
457,True,2.2666666666666666,1.6719914938645934,1.5,2.0,83.33333333333334,83.33333333333334,90.0,15,50.0,5,16.666666666666664,5,16.666666666666664,0,0.0,2,6.666666666666667,3,10.0,1.8,1.32664991614216,1.0,1.0,86.66666666666667,93.33333333333333,96.66666666666667,19,63.33333333333333,5,16.666666666666664,2,6.666666666666667,2,6.666666666666667,1,3.3333333333333335,1,3.3333333333333335,2.033333333333333,1.7026123718829511,1.0,1.0,83.33333333333334,86.66666666666667,86.66666666666667,18,60.0,6,20.0,1,3.3333333333333335,1,3.3333333333333335,0,0.0,4,13.333333333333334,2.1666666666666665,1.5073892072793351,1.5,2.0,83.33333333333334,90.0,93.33333333333333,15,50.0,5,16.666666666666664,5,16.666666666666664,2,6.666666666666667,1,3.3333333333333335,2,6.666666666666667
458,True,2.3,1.4177446878757824,2.0,2.0,90.0,90.0,90.0,9,30.0,12,40.0,6,20.0,0,0.0,0,0.0,3,10.0,1.8,1.1661903789690602,1.0,1.0,90.0,96.66666666666667,96.66666666666667,16,53.333333333333336,9,30.0,2,6.666666666666667,2,6.666666666666667,0,0.0,1,3.3333333333333335,2.3,1.8284784202536637,1.0,2.0,80.0,83.33333333333334,83.33333333333334,16,53.333333333333336,5,16.666666666666664,3,10.0,1,3.3333333333333335,0,0.0,5,16.666666666666664,2.1333333333333333,1.586050300449376,1.5,1.0,80.0,90.0,90.0,15,50.0,8,26.666666666666668,1,3.3333333333333335,3,10.0,0,0.0,3,10.0
459,True,1.8666666666666667,1.14697670227235,1.0,1.0,86.66666666666667,96.66666666666667,100.0,16,53.333333333333336,7,23.333333333333332,3,10.0,3,10.0,1,3.3333333333333335,0,0.0,1.8666666666666667,1.4544949486180951,1.0,1.0,86.66666666666667,90.0,93.33333333333333,18,60.0,7,23.333333333333332,1,3.3333333333333335,1,3.3333333333333335,1,3.3333333333333335,2,6.666666666666667,2.2,1.661324772583615,2.0,1.0,83.33333333333334,86.66666666666667,86.66666666666667,14,46.666666666666664,9,30.0,2,6.666666666666667,1,3.3333333333333335,0,0.0,4,13.333333333333334,2.1666666666666665,1.6346933113652304,1.5,1.0,80.0,86.66666666666667,90.0,15,50.0,8,26.666666666666668,1,3.3333333333333335,2,6.666666666666667,1,3.3333333333333335,3,10.0
460,True,2.7333333333333334,1.7113996870657915,2.0,2.5,73.33333333333333,83.33333333333334,83.33333333333334,8,26.666666666666668,10,33.33333333333333,4,13.333333333333334,3,10.0,0,0.0,5,16.666666666666664,2.033333333333333,1.682920741515245,1.0,1.0,86.66666666666667,86.66666666666667,86.66666666666667,18,60.0,5,16.666666666666664,3,10.0,0,0.0,0,0.0,4,13.333333333333334,2.033333333333333,1.5807874268505835,1.0,1.0,86.66666666666667,86.66666666666667,90.0,16,53.333333333333336,8,26.666666666666668,2,6.666666666666667,0,0.0,1,3.3333333333333335,3,10.0,2.3333333333333335,1.4681810363696828,2.0,2.0,80.0,90.0,93.33333333333333,11,36.666666666666664,9,30.0,4,13.333333333333334,3,10.0,1,3.3333333333333335,2,6.666666666666667
461,True,2.2666666666666666,1.7688665548562132,1.0,2.0,80.0,83.33333333333334,86.66666666666667,16,53.333333333333336,5,16.666666666666664,3,10.0,1,3.3333333333333335,1,3.3333333333333335,4,13.333333333333334,1.6666666666666667,1.3249737942901194,1.0,1.0,93.33333333333333,93.33333333333333,93.33333333333333,21,70.0,4,13.333333333333334,3,10.0,0,0.0,0,0.0,2,6.666666666666667,1.6,1.0832051206181281,1.0,1.0,96.66666666666667,96.66666666666667,96.66666666666667,20,66.66666666666666,5,16.666666666666664,4,13.333333333333334,0,0.0,0,0.0,1,3.3333333333333335,1.9666666666666666,1.702612371882951,1.0,1.0,86.66666666666667,86.66666666666667,86.66666666666667,20,66.66666666666666,3,10.0,3,10.0,0,0.0,0,0.0,4,13.333333333333334
462,True,2.566666666666667,1.8015425489162216,2.0,2.0,76.66666666666667,80.0,83.33333333333334,11,36.666666666666664,9,30.0,3,10.0,1,3.3333333333333335,1,3.3333333333333335,5,16.666666666666664,1.9333333333333333,1.6316317667360556,1.0,1.0,86.66666666666667,86.66666666666667,90.0,20,66.66666666666666,3,10.0,3,10.0,0,0.0,1,3.3333333333333335,3,10.0,2.1,1.8502252115170554,1.0,1.0,80.0,83.33333333333334,83.33333333333334,19,63.33333333333333,5,16.666666666666664,0,0.0,1,3.3333333333333335,0,0.0,5,16.666666666666664,2.1666666666666665,1.5293426329272615,1.5,2.0,80.0,90.0,93.33333333333333,15,50.0,6,20.0,3,10.0,3,10.0,1,3.3333333333333335,2,6.666666666666667
463,True,2.2333333333333334,1.4761059883656353,2.0,1.0,83.33333333333334,86.66666666666667,93.33333333333333,11,36.666666666666664,12,40.0,2,6.666666666666667,1,3.3333333333333335,2,6.666666666666667,2,6.666666666666667,1.9666666666666666,1.601735170231195,1.0,1.0,83.33333333333334,90.0,90.0,19,63.33333333333333,4,13.333333333333334,2,6.666666666666667,2,6.666666666666667,0,0.0,3,10.0,1.9666666666666666,1.53803626600791,1.0,1.0,86.66666666666667,90.0,90.0,17,56.666666666666664,7,23.333333333333332,2,6.666666666666667,1,3.3333333333333335,0,0.0,3,10.0,2.2333333333333334,1.6265163865007803,1.5,2.0,83.33333333333334,86.66666666666667,90.0,15,50.0,5,16.666666666666664,5,16.666666666666664,1,3.3333333333333335,1,3.3333333333333335,3,10.0
464,False,2.8666666666666667,1.8208667044996885,2.0,2.75,66.66666666666666,80.0,80.0,8,26.666666666666668,10,33.33333333333333,2,6.666666666666667,4,13.333333333333334,0,0.0,6,20.0,2.033333333333333,1.7603661235347858,1.0,1.0,83.33333333333334,83.33333333333334,86.66666666666667,19,63.33333333333333,5,16.666666666666664,1,3.3333333333333335,0,0.0,1,3.3333333333333335,4,13.333333333333334,2.533333333333333,2.10923893594085,1.0,4.0,70.0,70.0,80.0,18,60.0,2,6.666666666666667,1,3.3333333333333335,0,0.0,3,10.0,6,20.0,2.8333333333333335,2.00138840697041,2.0,3.75,66.66666666666666,73.33333333333333,76.66666666666667,11,36.666666666666664,8,26.666666666666668,1,3.3333333333333335,2,6.666666666666667,1,3.3333333333333335,7,23.333333333333332
465,False,2.2,1.6206994374857624,2.0,1.0,86.66666666666667,86.66666666666667,86.66666666666667,13,43.333333333333336,10,33.33333333333333,3,10.0,0,0.0,0,0.0,4,13.333333333333334,1.8666666666666667,1.5434449203720297,1.0,1.0,90.0,90.0,90.0,20,66.66666666666666,3,10.0,4,13.333333333333334,0,0.0,0,0.0,3,10.0,2.3666666666666667,1.87053171287976,1.0,2.0,80.0,80.0,83.33333333333334,16,53.333333333333336,4,13.333333333333334,4,13.333333333333334,0,0.0,1,3.3333333333333335,5,16.666666666666664,2.2666666666666666,1.7499206331208919,1.5,1.75,80.0,83.33333333333334,86.66666666666667,15,50.0,7,23.333333333333332,2,6.666666666666667,1,3.3333333333333335,1,3.3333333333333335,4,13.333333333333334
466,True,2.566666666666667,1.4533486237727762,2.0,1.0,80.0,90.0,90.0,7,23.333333333333332,11,36.666666666666664,6,20.0,3,10.0,0,0.0,3,10.0,2.2,1.7397317800933183,1.0,2.0,80.0,86.66666666666667,86.66666666666667,17,56.666666666666664,4,13.333333333333334,3,10.0,2,6.666666666666667,0,0.0,4,13.333333333333334,2.2,1.7009801096230763,1.0,2.0,83.33333333333334,86.66666666666667,86.66666666666667,16,53.333333333333336,5,16.666666666666664,4,13.333333333333334,1,3.3333333333333335,0,0.0,4,13.333333333333334,2.466666666666667,1.6275407487644937,2.0,2.0,83.33333333333334,86.66666666666667,86.66666666666667,11,36.666666666666664,7,23.333333333333332,7,23.333333333333332,1,3.3333333333333335,0,0.0,4,13.333333333333334
467,False,2.2666666666666666,1.5260697523012796,2.0,2.0,80.0,90.0,93.33333333333333,14,46.666666666666664,5,16.666666666666664,5,16.666666666666664,3,10.0,1,3.3333333333333335,2,6.666666666666667,1.9333333333333333,1.5477582354991866,1.0,1.0,86.66666666666667,90.0,90.0,18,60.0,6,20.0,2,6.666666666666667,1,3.3333333333333335,0,0.0,3,10.0,1.9666666666666666,1.6629959577688562,1.0,1.0,86.66666666666667,86.66666666666667,86.66666666666667,18,60.0,7,23.333333333333332,1,3.3333333333333335,0,0.0,0,0.0,4,13.333333333333334,2.2333333333333334,1.8740923729160797,1.0,1.75,76.66666666666667,83.33333333333334,83.33333333333334,18,60.0,4,13.333333333333334,1,3.3333333333333335,2,6.666666666666667,0,0.0,5,16.666666666666664
468,False,2.7333333333333334,1.9310331143946984,2.0,3.75,66.66666666666666,73.33333333333333,83.33333333333334,12,40.0,7,23.333333333333332,1,3.3333333333333335,2,6.666666666666667,3,10.0,5,16.666666666666664,2.033333333333333,1.8705317128797603,1.0,1.0,80.0,83.33333333333334,83.33333333333334,21,70.0,3,10.0,0,0.0,1,3.3333333333333335,0,0.0,5,16.666666666666664,2.2,1.98997487421324,1.0,1.0,76.66666666666667,80.0,80.0,20,66.66666666666666,3,10.0,0,0.0,1,3.3333333333333335,0,0.0,6,20.0,2.7333333333333334,2.0805982045769644,1.5,3.75,66.66666666666666,73.33333333333333,76.66666666666667,15,50.0,3,10.0,2,6.666666666666667,2,6.666666666666667,1,3.3333333333333335,7,23.333333333333332
469,True,2.533333333333333,1.6679994670929073,2.0,2.0,76.66666666666667,86.66666666666667,86.66666666666667,11,36.666666666666664,7,23.333333333333332,5,16.666666666666664,3,10.0,0,0.0,4,13.333333333333334,2.033333333333333,1.6829207415152452,1.0,1.0,80.0,86.66666666666667,90.0,19,63.33333333333333,4,13.333333333333334,1,3.3333333333333335,2,6.666666666666667,1,3.3333333333333335,3,10.0,2.1666666666666665,1.790406533599438,1.0,1.75,80.0,83.33333333333334,86.66666666666667,18,60.0,4,13.333333333333334,2,6.666666666666667,1,3.3333333333333335,1,3.3333333333333335,4,13.333333333333334,2.3333333333333335,1.6799470891138868,1.5,2.0,76.66666666666667,86.66666666666667,90.0,15,50.0,4,13.333333333333334,4,13.333333333333334,3,10.0,1,3.3333333333333335,3,10.0
470,True,2.033333333333333,1.4940623220676648,2.0,1.0,86.66666666666667,90.0,90.0,14,46.666666666666664,11,36.666666666666664,1,3.3333333333333335,1,3.3333333333333335,0,0.0,3,10.0,2.0,1.6733200530681511,1.0,1.0,80.0,86.66666666666667,90.0,19,63.33333333333333,5,16.666666666666664,0,0.0,2,6.666666666666667,1,3.3333333333333335,3,10.0,2.2666666666666666,1.8607047649270485,1.0,1.0,80.0,80.0,83.33333333333334,16,53.333333333333336,7,23.333333333333332,1,3.3333333333333335,0,0.0,1,3.3333333333333335,5,16.666666666666664,2.5,1.9621416870348585,2.0,2.5,73.33333333333333,76.66666666666667,80.0,14,46.666666666666664,8,26.666666666666668,0,0.0,1,3.3333333333333335,1,3.3333333333333335,6,20.0
471,True,2.066666666666667,0.9285592184789413,2.0,1.75,90.0,100.0,100.0,9,30.0,13,43.333333333333336,5,16.666666666666664,3,10.0,0,0.0,0,0.0,2.1333333333333333,1.4772346537440226,2.0,1.0,86.66666666666667,90.0,90.0,12,40.0,12,40.0,2,6.666666666666667,1,3.3333333333333335,0,0.0,3,10.0,2.4,1.7243356208503415,2.0,1.75,83.33333333333334,83.33333333333334,83.33333333333334,11,36.666666666666664,11,36.666666666666664,3,10.0,0,0.0,0,0.0,5,16.666666666666664,2.6,1.7048949136725895,2.0,2.0,80.0,83.33333333333334,83.33333333333334,9,30.0,10,33.33333333333333,5,16.666666666666664,1,3.3333333333333335,0,0.0,5,16.666666666666664
472,True,2.2666666666666666,1.6110727964792761,2.0,1.75,80.0,86.66666666666667,90.0,13,43.333333333333336,9,30.0,2,6.666666666666667,2,6.666666666666667,1,3.3333333333333335,3,10.0,2.0,1.6532795690182993,1.0,1.0,83.33333333333334,86.66666666666667,90.0,19,63.33333333333333,4,13.333333333333334,2,6.666666666666667,1,3.3333333333333335,1,3.3333333333333335,3,10.0,2.1333333333333333,1.6679994670929073,1.0,1.75,80.0,86.66666666666667,90.0,17,56.666666666666664,5,16.666666666666664,2,6.666666666666667,2,6.666666666666667,1,3.3333333333333335,3,10.0,2.433333333333333,1.7451520150277897,2.0,2.0,76.66666666666667,80.0,90.0,14,46.666666666666664,5,16.666666666666664,4,13.333333333333334,1,3.3333333333333335,3,10.0,3,10.0
473,False,1.9333333333333333,1.2892719737209144,2.0,1.0,93.33333333333333,93.33333333333333,93.33333333333333,14,46.666666666666664,10,33.33333333333333,4,13.333333333333334,0,0.0,0,0.0,2,6.666666666666667,1.9666666666666666,1.682920741515245,1.0,1.0,80.0,86.66666666666667,90.0,20,66.66666666666666,4,13.333333333333334,0,0.0,2,6.666666666666667,1,3.3333333333333335,3,10.0,2.1666666666666665,1.790406533599438,1.0,1.0,83.33333333333334,83.33333333333334,83.33333333333334,16,53.333333333333336,8,26.666666666666668,1,3.3333333333333335,0,0.0,0,0.0,5,16.666666666666664,2.066666666666667,1.4590712418826193,1.0,1.75,80.0,90.0,96.66666666666667,16,53.333333333333336,6,20.0,2,6.666666666666667,3,10.0,2,6.666666666666667,1,3.3333333333333335
474,True,2.3333333333333335,1.4681810363696828,2.0,2.0,83.33333333333334,86.66666666666667,93.33333333333333,10,33.33333333333333,11,36.666666666666664,4,13.333333333333334,1,3.3333333333333335,2,6.666666666666667,2,6.666666666666667,1.9,1.374772708486752,1.0,1.0,90.0,93.33333333333333,93.33333333333333,17,56.666666666666664,6,20.0,4,13.333333333333334,1,3.3333333333333335,0,0.0,2,6.666666666666667,1.9666666666666666,1.3780017739062924,1.0,1.75,90.0,93.33333333333333,93.33333333333333,16,53.333333333333336,6,20.0,5,16.666666666666664,1,3.3333333333333335,0,0.0,2,6.666666666666667,1.8333333333333333,1.0354816378006044,1.5,1.0,93.33333333333333,96.66666666666667,100.0,15,50.0,8,26.666666666666668,5,16.666666666666664,1,3.3333333333333335,1,3.3333333333333335,0,0.0
475,False,2.433333333333333,1.7641491496532322,2.0,1.75,76.66666666666667,80.0,86.66666666666667,12,40.0,10,33.33333333333333,1,3.3333333333333335,1,3.3333333333333335,2,6.666666666666667,4,13.333333333333334,2.0,1.5491933384829668,1.0,1.0,83.33333333333334,86.66666666666667,93.33333333333333,17,56.666666666666664,7,23.333333333333332,1,3.3333333333333335,1,3.3333333333333335,2,6.666666666666667,2,6.666666666666667,2.1666666666666665,1.694763175851488,1.0,1.75,83.33333333333334,86.66666666666667,86.66666666666667,16,53.333333333333336,6,20.0,3,10.0,1,3.3333333333333335,0,0.0,4,13.333333333333334,2.2666666666666666,1.6316317667360556,2.0,1.75,83.33333333333334,83.33333333333334,90.0,13,43.333333333333336,9,30.0,3,10.0,0,0.0,2,6.666666666666667,3,10.0
476,False,2.2666666666666666,1.5040685563571303,2.0,1.75,83.33333333333334,90.0,90.0,11,36.666666666666664,11,36.666666666666664,3,10.0,2,6.666666666666667,0,0.0,3,10.0,1.9666666666666666,1.4715826703096075,1.0,1.0,86.66666666666667,90.0,93.33333333333333,17,56.666666666666664,6,20.0,3,10.0,1,3.3333333333333335,1,3.3333333333333335,2,6.666666666666667,2.1333333333333333,1.6069294390925266,1.5,1.0,83.33333333333334,86.66666666666667,90.0,15,50.0,8,26.666666666666668,2,6.666666666666667,1,3.3333333333333335,1,3.3333333333333335,3,10.0,2.2333333333333334,1.54236470683457,2.0,1.75,80.0,86.66666666666667,93.33333333333333,13,43.333333333333336,9,30.0,2,6.666666666666667,2,6.666666666666667,2,6.666666666666667,2,6.666666666666667
477,False,2.6333333333333333,1.6428295373802142,2.0,2.75,73.33333333333333,83.33333333333334,90.0,10,33.33333333333333,7,23.333333333333332,5,16.666666666666664,3,10.0,2,6.666666666666667,3,10.0,2.033333333333333,1.2242911781471304,2.0,1.75,86.66666666666667,96.66666666666667,96.66666666666667,13,43.333333333333336,9,30.0,4,13.333333333333334,3,10.0,0,0.0,1,3.3333333333333335,2.433333333333333,1.7641491496532322,2.0,2.0,80.0,83.33333333333334,83.33333333333334,12,40.0,9,30.0,3,10.0,1,3.3333333333333335,0,0.0,5,16.666666666666664,2.7333333333333334,1.7876116903722563,2.0,3.0,70.0,83.33333333333334,83.33333333333334,11,36.666666666666664,5,16.666666666666664,5,16.666666666666664,4,13.333333333333334,0,0.0,5,16.666666666666664
478,True,1.7333333333333334,1.2892719737209144,1.0,1.0,93.33333333333333,93.33333333333333,93.33333333333333,18,60.0,8,26.666666666666668,2,6.666666666666667,0,0.0,0,0.0,2,6.666666666666667,1.8333333333333333,1.6947631758514883,1.0,0.75,86.66666666666667,86.66666666666667,86.66666666666667,22,73.33333333333333,3,10.0,1,3.3333333333333335,0,0.0,0,0.0,4,13.333333333333334,2.0,1.6733200530681511,1.0,1.0,86.66666666666667,86.66666666666667,86.66666666666667,18,60.0,6,20.0,2,6.666666666666667,0,0.0,0,0.0,4,13.333333333333334,2.3666666666666667,1.8526257642120338,2.0,1.0,76.66666666666667,80.0,83.33333333333334,14,46.666666666666664,9,30.0,0,0.0,1,3.3333333333333335,1,3.3333333333333335,5,16.666666666666664
479,False,2.533333333333333,1.521694961401777,2.0,2.0,76.66666666666667,86.66666666666667,93.33333333333333,10,33.33333333333333,7,23.333333333333332,6,20.0,3,10.0,2,6.666666666666667,2,6.666666666666667,2.1333333333333333,1.8208667044996885,1.0,1.0,83.33333333333334,83.33333333333334,83.33333333333334,18,60.0,5,16.666666666666664,2,6.666666666666667,0,0.0,0,0.0,5,16.666666666666664,2.2333333333333334,1.6468825769380835,1.5,2.0,80.0,86.66666666666667,90.0,15,50.0,6,20.0,3,10.0,2,6.666666666666667,1,3.3333333333333335,3,10.0,2.6333333333333333,1.9058389811897074,2.0,2.0,76.66666666666667,76.66666666666667,80.0,12,40.0,7,23.333333333333332,4,13.333333333333334,0,0.0,1,3.3333333333333335,6,20.0
480,False,1.9333333333333333,1.3888444437333105,1.5,1.0,90.0,90.0,93.33333333333333,15,50.0,10,33.33333333333333,2,6.666666666666667,0,0.0,1,3.3333333333333335,2,6.666666666666667,1.8,1.5362291495737217,1.0,1.0,90.0,90.0,90.0,21,70.0,3,10.0,3,10.0,0,0.0,0,0.0,3,10.0,2.2,1.8867962264113207,1.0,1.75,76.66666666666667,83.33333333333334,83.33333333333334,19,63.33333333333333,3,10.0,1,3.3333333333333335,2,6.666666666666667,0,0.0,5,16.666666666666664,2.533333333333333,2.0933757957476775,1.0,3.5,73.33333333333333,73.33333333333333,76.66666666666667,17,56.666666666666664,3,10.0,2,6.666666666666667,0,0.0,1,3.3333333333333335,7,23.333333333333332
481,False,2.6333333333333333,1.9058389811897072,2.0,3.0,70.0,76.66666666666667,83.33333333333334,13,43.333333333333336,6,20.0,2,6.666666666666667,2,6.666666666666667,2,6.666666666666667,5,16.666666666666664,2.1666666666666665,1.827262676488766,1.0,1.75,76.66666666666667,83.33333333333334,86.66666666666667,19,63.33333333333333,3,10.0,1,3.3333333333333335,2,6.666666666666667,1,3.3333333333333335,4,13.333333333333334,2.2666666666666666,1.896195020443719,1.0,1.0,76.66666666666667,80.0,83.33333333333334,17,56.666666666666664,6,20.0,0,0.0,1,3.3333333333333335,1,3.3333333333333335,5,16.666666666666664,2.1666666666666665,1.5933891203622828,1.5,1.75,80.0,90.0,90.0,15,50.0,7,23.333333333333332,2,6.666666666666667,3,10.0,0,0.0,3,10.0
482,False,2.7,1.9,2.0,2.75,73.33333333333333,76.66666666666667,80.0,11,36.666666666666664,8,26.666666666666668,3,10.0,1,3.3333333333333335,1,3.3333333333333335,6,20.0,2.0,1.632993161855452,1.0,1.75,80.0,86.66666666666667,93.33333333333333,20,66.66666666666666,2,6.666666666666667,2,6.666666666666667,2,6.666666666666667,2,6.666666666666667,2,6.666666666666667,2.1666666666666665,1.7527755766846542,1.0,2.0,80.0,86.66666666666667,86.66666666666667,18,60.0,3,10.0,3,10.0,2,6.666666666666667,0,0.0,4,13.333333333333334,2.2333333333333334,1.6669999666733315,1.0,2.0,80.0,86.66666666666667,90.0,16,53.333333333333336,4,13.333333333333334,4,13.333333333333334,2,6.666666666666667,1,3.3333333333333335,3,10.0
483,False,2.8333333333333335,1.881193474602995,2.0,3.0,66.66666666666666,80.0,80.0,11,36.666666666666664,5,16.666666666666664,4,13.333333333333334,4,13.333333333333334,0,0.0,6,20.0,1.9,1.6603212540549697,1.0,1.0,83.33333333333334,86.66666666666667,90.0,21,70.0,3,10.0,1,3.3333333333333335,1,3.3333333333333335,1,3.3333333333333335,3,10.0,2.2333333333333334,1.8917951498216952,1.0,2.0,76.66666666666667,83.33333333333334,83.33333333333334,19,63.33333333333333,2,6.666666666666667,2,6.666666666666667,2,6.666666666666667,0,0.0,5,16.666666666666664,2.433333333333333,1.8562207723101136,2.0,2.0,76.66666666666667,80.0,83.33333333333334,14,46.666666666666664,7,23.333333333333332,2,6.666666666666667,1,3.3333333333333335,1,3.3333333333333335,5,16.666666666666664
484,False,2.3,1.6563010998406458,2.0,2.0,83.33333333333334,86.66666666666667,86.66666666666667,13,43.333333333333336,8,26.666666666666668,4,13.333333333333334,1,3.3333333333333335,0,0.0,4,13.333333333333334,1.9666666666666666,1.5595583420386112,1.0,1.0,86.66666666666667,90.0,90.0,18,60.0,5,16.666666666666664,3,10.0,1,3.3333333333333335,0,0.0,3,10.0,2.1333333333333333,1.6478942792411033,1.0,2.0,83.33333333333334,86.66666666666667,90.0,17,56.666666666666664,4,13.333333333333334,4,13.333333333333334,1,3.3333333333333335,1,3.3333333333333335,3,10.0,2.4,1.7243356208503413,2.0,2.75,73.33333333333333,83.33333333333334,90.0,14,46.666666666666664,6,20.0,2,6.666666666666667,3,10.0,2,6.666666666666667,3,10.0
485,True,2.3666666666666667,1.622412469818394,2.0,2.0,83.33333333333334,83.33333333333334,90.0,12,40.0,8,26.666666666666668,5,16.666666666666664,0,0.0,2,6.666666666666667,3,10.0,1.9666666666666666,1.5595583420386114,1.0,1.0,86.66666666666667,90.0,90.0,18,60.0,5,16.666666666666664,3,10.0,1,3.3333333333333335,0,0.0,3,10.0,2.1666666666666665,1.7336538165261124,1.0,1.0,83.33333333333334,83.33333333333334,86.66666666666667,16,53.333333333333336,7,23.333333333333332,2,6.666666666666667,0,0.0,1,3.3333333333333335,4,13.333333333333334,2.3,1.6155494421403511,2.0,2.0,80.0,86.66666666666667,90.0,13,43.333333333333336,8,26.666666666666668,3,10.0,2,6.666666666666667,1,3.3333333333333335,3,10.0
486,True,2.7333333333333334,1.730767331432956,2.0,3.0,70.0,80.0,86.66666666666667,9,30.0,9,30.0,3,10.0,3,10.0,2,6.666666666666667,4,13.333333333333334,2.1333333333333333,1.7838784213679537,1.0,1.0,80.0,83.33333333333334,86.66666666666667,18,60.0,5,16.666666666666664,1,3.3333333333333335,1,3.3333333333333335,1,3.3333333333333335,4,13.333333333333334,2.4,1.9252705437591537,1.5,1.75,76.66666666666667,80.0,80.0,15,50.0,7,23.333333333333332,1,3.3333333333333335,1,3.3333333333333335,0,0.0,6,20.0,2.3333333333333335,1.6193277068654823,2.0,2.75,73.33333333333333,86.66666666666667,93.33333333333333,14,46.666666666666664,6,20.0,2,6.666666666666667,4,13.333333333333334,2,6.666666666666667,2,6.666666666666667
487,False,2.2666666666666666,1.5477582354991863,2.0,2.0,83.33333333333334,90.0,90.0,13,43.333333333333336,7,23.333333333333332,5,16.666666666666664,2,6.666666666666667,0,0.0,3,10.0,1.9333333333333333,1.3888444437333105,1.0,1.0,86.66666666666667,93.33333333333333,93.33333333333333,16,53.333333333333336,8,26.666666666666668,2,6.666666666666667,2,6.666666666666667,0,0.0,2,6.666666666666667,2.3,1.8284784202536637,1.0,2.0,80.0,83.33333333333334,83.33333333333334,16,53.333333333333336,5,16.666666666666664,3,10.0,1,3.3333333333333335,0,0.0,5,16.666666666666664,3.0,2.0330600909302543,2.0,4.5,63.33333333333333,73.33333333333333,73.33333333333333,11,36.666666666666664,5,16.666666666666664,3,10.0,3,10.0,0,0.0,8,26.666666666666668
488,False,2.6,1.7625738755203049,2.0,2.0,76.66666666666667,83.33333333333334,83.33333333333334,11,36.666666666666664,7,23.333333333333332,5,16.666666666666664,2,6.666666666666667,0,0.0,5,16.666666666666664,2.1,1.7,1.0,1.0,83.33333333333334,86.66666666666667,86.66666666666667,17,56.666666666666664,6,20.0,2,6.666666666666667,1,3.3333333333333335,0,0.0,4,13.333333333333334,2.433333333333333,1.8562207723101138,2.0,2.0,76.66666666666667,80.0,83.33333333333334,14,46.666666666666664,7,23.333333333333332,2,6.666666666666667,1,3.3333333333333335,1,3.3333333333333335,5,16.666666666666664,2.6666666666666665,1.9206480387850577,2.0,3.0,70.0,80.0,80.0,13,43.333333333333336,5,16.666666666666664,3,10.0,3,10.0,0,0.0,6,20.0
489,False,1.7666666666666666,1.2565384549980512,1.0,1.0,93.33333333333333,93.33333333333333,93.33333333333333,16,53.333333333333336,11,36.666666666666664,1,3.3333333333333335,0,0.0,0,0.0,2,6.666666666666667,1.8,1.5362291495737217,1.0,1.0,86.66666666666667,90.0,90.0,20,66.66666666666666,6,20.0,0,0.0,1,3.3333333333333335,0,0.0,3,10.0,2.1666666666666665,1.9507833184532706,1.0,1.0,80.0,80.0,80.0,19,63.33333333333333,5,16.666666666666664,0,0.0,0,0.0,0,0.0,6,20.0,2.5,1.8027756377319946,2.0,2.75,73.33333333333333,80.0,86.66666666666667,13,43.333333333333336,7,23.333333333333332,2,6.666666666666667,2,6.666666666666667,2,6.666666666666667,4,13.333333333333334
490,False,2.1666666666666665,1.3186693629901656,2.0,2.0,90.0,93.33333333333333,93.33333333333333,11,36.666666666666664,10,33.33333333333333,6,20.0,1,3.3333333333333335,0,0.0,2,6.666666666666667,1.9333333333333333,1.6519348924485158,1.0,1.0,86.66666666666667,86.66666666666667,86.66666666666667,18,60.0,8,26.666666666666668,0,0.0,0,0.0,0,0.0,4,13.333333333333334,1.8666666666666667,1.4996295838935991,1.0,1.0,90.0,90.0,90.0,18,60.0,7,23.333333333333332,2,6.666666666666667,0,0.0,0,0.0,3,10.0,2.6333333333333333,1.682920741515245,2.0,2.0,76.66666666666667,83.33333333333334,86.66666666666667,10,33.33333333333333,7,23.333333333333332,6,20.0,2,6.666666666666667,1,3.3333333333333335,4,13.333333333333334
491,True,2.3666666666666667,1.7220788470785984,2.0,2.0,80.0,83.33333333333334,86.66666666666667,13,43.333333333333336,8,26.666666666666668,3,10.0,1,3.3333333333333335,1,3.3333333333333335,4,13.333333333333334,1.8666666666666667,1.521694961401777,1.0,1.0,83.33333333333334,90.0,93.33333333333333,20,66.66666666666666,4,13.333333333333334,1,3.3333333333333335,2,6.666666666666667,1,3.3333333333333335,2,6.666666666666667,2.2333333333333334,1.8562207723101138,1.0,2.0,80.0,83.33333333333334,83.33333333333334,18,60.0,3,10.0,3,10.0,1,3.3333333333333335,0,0.0,5,16.666666666666664,2.2,1.6,1.0,2.0,83.33333333333334,90.0,90.0,16,53.333333333333336,3,10.0,6,20.0,2,6.666666666666667,0,0.0,3,10.0
492,True,2.0,1.1254628677422756,2.0,1.0,90.0,96.66666666666667,96.66666666666667,11,36.666666666666664,13,43.333333333333336,3,10.0,2,6.666666666666667,0,0.0,1,3.3333333333333335,1.8333333333333333,1.2931443160847218,1.0,1.0,86.66666666666667,93.33333333333333,96.66666666666667,17,56.666666666666664,8,26.666666666666668,1,3.3333333333333335,2,6.666666666666667,1,3.3333333333333335,1,3.3333333333333335,1.9,1.3503086067019396,1.0,1.0,90.0,93.33333333333333,93.33333333333333,16,53.333333333333336,8,26.666666666666668,3,10.0,1,3.3333333333333335,0,0.0,2,6.666666666666667,2.2666666666666666,1.5477582354991863,2.0,2.0,80.0,86.66666666666667,93.33333333333333,13,43.333333333333336,8,26.666666666666668,3,10.0,2,6.666666666666667,2,6.666666666666667,2,6.666666666666667
493,True,2.2333333333333334,1.4761059883656353,2.0,2.0,83.33333333333334,86.66666666666667,96.66666666666667,14,46.666666666666664,5,16.666666666666664,6,20.0,1,3.3333333333333335,3,10.0,1,3.3333333333333335,1.8666666666666667,1.4313940369055924,1.0,1.0,86.66666666666667,93.33333333333333,93.33333333333333,19,63.33333333333333,4,13.333333333333334,3,10.0,2,6.666666666666667,0,0.0,2,6.666666666666667,2.4,1.9595917942265426,1.0,2.0,76.66666666666667,80.0,80.0,17,56.666666666666664,3,10.0,3,10.0,1,3.3333333333333335,0,0.0,6,20.0,2.433333333333333,1.6868774571839993,2.0,2.75,73.33333333333333,86.66666666666667,90.0,14,46.666666666666664,4,13.333333333333334,4,13.333333333333334,4,13.333333333333334,1,3.3333333333333335,3,10.0
494,False,2.1666666666666665,1.5293426329272617,2.0,1.0,86.66666666666667,86.66666666666667,90.0,12,40.0,12,40.0,2,6.666666666666667,0,0.0,1,3.3333333333333335,3,10.0,2.1,1.7387735140993301,1.0,1.0,83.33333333333334,83.33333333333334,86.66666666666667,17,56.666666666666664,7,23.333333333333332,1,3.3333333333333335,0,0.0,1,3.3333333333333335,4,13.333333333333334,2.066666666666667,1.6519348924485158,1.0,1.0,86.66666666666667,86.66666666666667,86.66666666666667,16,53.333333333333336,8,26.666666666666668,2,6.666666666666667,0,0.0,0,0.0,4,13.333333333333334,2.6,1.8366636418607882,2.0,2.0,80.0,80.0,80.0,11,36.666666666666664,8,26.666666666666668,5,16.666666666666664,0,0.0,0,0.0,6,20.0
495,False,2.2666666666666666,1.6519348924485153,2.0,1.75,83.33333333333334,86.66666666666667,86.66666666666667,13,43.333333333333336,9,30.0,3,10.0,1,3.3333333333333335,0,0.0,4,13.333333333333334,2.1,1.7387735140993301,1.0,1.0,83.33333333333334,83.33333333333334,86.66666666666667,17,56.666666666666664,7,23.333333333333332,1,3.3333333333333335,0,0.0,1,3.3333333333333335,4,13.333333333333334,2.3,1.9174636024359542,1.0,1.0,80.0,80.0,80.0,16,53.333333333333336,7,23.333333333333332,1,3.3333333333333335,0,0.0,0,0.0,6,20.0,2.433333333333333,1.8381754238616315,1.5,2.75,73.33333333333333,80.0,86.66666666666667,15,50.0,5,16.666666666666664,2,6.666666666666667,2,6.666666666666667,2,6.666666666666667,4,13.333333333333334
496,True,2.066666666666667,1.364632632697248,2.0,2.0,90.0,93.33333333333333,93.33333333333333,14,46.666666666666664,7,23.333333333333332,6,20.0,1,3.3333333333333335,0,0.0,2,6.666666666666667,1.8333333333333333,1.4161763857498668,1.0,1.0,86.66666666666667,93.33333333333333,93.33333333333333,19,63.33333333333333,5,16.666666666666664,2,6.666666666666667,2,6.666666666666667,0,0.0,2,6.666666666666667,2.1,1.6802777548171413,1.0,1.75,86.66666666666667,86.66666666666667,86.66666666666667,17,56.666666666666664,5,16.666666666666664,4,13.333333333333334,0,0.0,0,0.0,4,13.333333333333334,2.1333333333333333,1.5434449203720302,1.5,2.0,86.66666666666667,90.0,90.0,15,50.0,6,20.0,5,16.666666666666664,1,3.3333333333333335,0,0.0,3,10.0
497,False,3.066666666666667,1.7113996870657915,2.0,2.0,70.0,76.66666666666667,80.0,4,13.333333333333334,12,40.0,5,16.666666666666664,2,6.666666666666667,1,3.3333333333333335,6,20.0,2.5,1.91049731745428,2.0,2.75,73.33333333333333,76.66666666666667,83.33333333333334,14,46.666666666666664,7,23.333333333333332,1,3.3333333333333335,1,3.3333333333333335,2,6.666666666666667,5,16.666666666666664,2.6666666666666665,1.86785676348292,2.0,2.75,73.33333333333333,76.66666666666667,83.33333333333334,12,40.0,6,20.0,4,13.333333333333334,1,3.3333333333333335,2,6.666666666666667,5,16.666666666666664,2.8666666666666667,1.839081896551163,2.0,3.0,66.66666666666666,80.0,80.0,9,30.0,8,26.666666666666668,3,10.0,4,13.333333333333334,0,0.0,6,20.0
498,True,2.0,1.2909944487358056,2.0,1.0,90.0,93.33333333333333,93.33333333333333,12,40.0,13,43.333333333333336,2,6.666666666666667,1,3.3333333333333335,0,0.0,2,6.666666666666667,1.8333333333333333,1.416176385749867,1.0,1.0,90.0,90.0,93.33333333333333,18,60.0,7,23.333333333333332,2,6.666666666666667,0,0.0,1,3.3333333333333335,2,6.666666666666667,2.0,1.632993161855452,1.0,1.0,83.33333333333334,86.66666666666667,90.0,18,60.0,6,20.0,1,3.3333333333333335,1,3.3333333333333335,1,3.3333333333333335,3,10.0,2.3666666666666667,1.6428295373802142,2.0,2.0,80.0,83.33333333333334,90.0,12,40.0,9,30.0,3,10.0,1,3.3333333333333335,2,6.666666666666667,3,10.0
499,False,2.8,1.7009801096230766,2.0,2.5,73.33333333333333,83.33333333333334,83.33333333333334,8,26.666666666666668,8,26.666666666666668,6,20.0,3,10.0,0,0.0,5,16.666666666666664,2.2333333333333334,1.7451520150277902,1.5,1.0,80.0,83.33333333333334,86.66666666666667,15,50.0,8,26.666666666666668,1,3.3333333333333335,1,3.3333333333333335,1,3.3333333333333335,4,13.333333333333334,2.2666666666666666,1.6918103387266028,2.0,1.75,80.0,86.66666666666667,86.66666666666667,14,46.666666666666664,8,26.666666666666668,2,6.666666666666667,2,6.666666666666667,0,0.0,4,13.333333333333334,2.7,1.9000000000000001,2.0,3.0,70.0,76.66666666666667,83.33333333333334,13,43.333333333333336,4,13.333333333333334,4,13.333333333333334,2,6.666666666666667,2,6.666666666666667,5,16.666666666666664
500,True,2.466666666666667,1.4079141387961918,2.0,1.0,83.33333333333334,90.0,90.0,6,20.0,15,50.0,4,13.333333333333334,2,6.666666666666667,0,0.0,3,10.0,2.1333333333333333,1.8208667044996885,1.0,1.0,83.33333333333334,83.33333333333334,83.33333333333334,18,60.0,5,16.666666666666664,2,6.666666666666667,0,0.0,0,0.0,5,16.666666666666664,2.4,1.9252705437591537,1.0,2.0,80.0,80.0,80.0,16,53.333333333333336,4,13.333333333333334,4,13.333333333333334,0,0.0,0,0.0,6,20.0,2.3666666666666667,1.6428295373802142,2.0,2.0,83.33333333333334,86.66666666666667,86.66666666666667,12,40.0,8,26.666666666666668,5,16.666666666666664,1,3.3333333333333335,0,0.0,4,13.333333333333334
501,False,2.4,1.7435595774162693,2.0,2.0,83.33333333333334,83.33333333333334,83.33333333333334,12,40.0,9,30.0,4,13.333333333333334,0,0.0,0,0.0,5,16.666666666666664,1.8,1.4000000000000001,1.0,1.0,86.66666666666667,93.33333333333333,93.33333333333333,19,63.33333333333333,6,20.0,1,3.3333333333333335,2,6.666666666666667,0,0.0,2,6.666666666666667,2.2333333333333334,1.9439364415764444,1.0,1.0,80.0,80.0,80.0,18,60.0,5,16.666666666666664,1,3.3333333333333335,0,0.0,0,0.0,6,20.0,2.5,2.0124611797498106,1.5,2.0,76.66666666666667,76.66666666666667,76.66666666666667,15,50.0,6,20.0,2,6.666666666666667,0,0.0,0,0.0,7,23.333333333333332
502,False,2.3333333333333335,1.6996731711975948,2.0,2.0,83.33333333333334,83.33333333333334,86.66666666666667,13,43.333333333333336,8,26.666666666666668,4,13.333333333333334,0,0.0,1,3.3333333333333335,4,13.333333333333334,1.8333333333333333,1.5723301886761007,1.0,1.0,86.66666666666667,90.0,90.0,21,70.0,3,10.0,2,6.666666666666667,1,3.3333333333333335,0,0.0,3,10.0,1.9666666666666666,1.5807874268505833,1.0,1.0,83.33333333333334,90.0,90.0,18,60.0,6,20.0,1,3.3333333333333335,2,6.666666666666667,0,0.0,3,10.0,2.433333333333333,1.856220772310114,2.0,2.0,76.66666666666667,80.0,83.33333333333334,14,46.666666666666664,7,23.333333333333332,2,6.666666666666667,1,3.3333333333333335,1,3.3333333333333335,5,16.666666666666664
503,False,2.7666666666666666,1.8381754238616315,2.0,3.0,70.0,80.0,80.0,9,30.0,10,33.33333333333333,2,6.666666666666667,3,10.0,0,0.0,6,20.0,2.3,1.7916472867168916,2.0,1.0,80.0,83.33333333333334,83.33333333333334,14,46.666666666666664,9,30.0,1,3.3333333333333335,1,3.3333333333333335,0,0.0,5,16.666666666666664,2.533333333333333,1.6478942792411035,2.0,2.0,76.66666666666667,86.66666666666667,86.66666666666667,10,33.33333333333333,9,30.0,4,13.333333333333334,3,10.0,0,0.0,4,13.333333333333334,2.6666666666666665,1.776388345929897,2.0,3.0,70.0,80.0,86.66666666666667,11,36.666666666666664,7,23.333333333333332,3,10.0,3,10.0,2,6.666666666666667,4,13.333333333333334
504,True,2.2666666666666666,1.6519348924485155,2.0,1.75,83.33333333333334,86.66666666666667,86.66666666666667,13,43.333333333333336,9,30.0,3,10.0,1,3.3333333333333335,0,0.0,4,13.333333333333334,1.9666666666666666,1.53803626600791,1.0,1.0,86.66666666666667,90.0,90.0,17,56.666666666666664,7,23.333333333333332,2,6.666666666666667,1,3.3333333333333335,0,0.0,3,10.0,2.033333333333333,1.4940623220676648,1.5,1.0,90.0,90.0,90.0,15,50.0,8,26.666666666666668,4,13.333333333333334,0,0.0,0,0.0,3,10.0,2.5,1.8393839548428526,2.0,2.75,73.33333333333333,83.33333333333334,83.33333333333334,14,46.666666666666664,5,16.666666666666664,3,10.0,3,10.0,0,0.0,5,16.666666666666664
505,True,2.3,1.5088627063675035,2.0,2.0,86.66666666666667,90.0,90.0,12,40.0,7,23.333333333333332,7,23.333333333333332,1,3.3333333333333335,0,0.0,3,10.0,1.9666666666666666,1.5595583420386114,1.0,1.0,86.66666666666667,90.0,90.0,18,60.0,5,16.666666666666664,3,10.0,1,3.3333333333333335,0,0.0,3,10.0,2.2,1.7962924780409972,1.0,1.0,83.33333333333334,83.33333333333334,83.33333333333334,16,53.333333333333336,7,23.333333333333332,2,6.666666666666667,0,0.0,0,0.0,5,16.666666666666664,2.3,1.6155494421403511,2.0,2.0,80.0,86.66666666666667,90.0,13,43.333333333333336,8,26.666666666666668,3,10.0,2,6.666666666666667,1,3.3333333333333335,3,10.0
506,True,2.433333333333333,1.7829438827088442,2.0,2.0,80.0,83.33333333333334,83.33333333333334,13,43.333333333333336,7,23.333333333333332,4,13.333333333333334,1,3.3333333333333335,0,0.0,5,16.666666666666664,2.0,1.5491933384829668,1.0,1.0,86.66666666666667,90.0,90.0,17,56.666666666666664,6,20.0,3,10.0,1,3.3333333333333335,0,0.0,3,10.0,2.1,1.5989579940281942,1.0,1.75,86.66666666666667,86.66666666666667,90.0,16,53.333333333333336,6,20.0,4,13.333333333333334,0,0.0,1,3.3333333333333335,3,10.0,2.7,1.8101565309847283,2.0,3.0,70.0,76.66666666666667,86.66666666666667,11,36.666666666666664,7,23.333333333333332,3,10.0,2,6.666666666666667,3,10.0,4,13.333333333333334
507,False,2.7,1.7729448195962931,2.0,2.75,73.33333333333333,80.0,83.33333333333334,9,30.0,10,33.33333333333333,3,10.0,2,6.666666666666667,1,3.3333333333333335,5,16.666666666666664,2.0,1.5275252316519468,1.0,1.75,83.33333333333334,90.0,93.33333333333333,18,60.0,4,13.333333333333334,3,10.0,2,6.666666666666667,1,3.3333333333333335,2,6.666666666666667,2.2666666666666666,1.8061622912192088,1.0,2.0,76.66666666666667,83.33333333333334,86.66666666666667,17,56.666666666666664,4,13.333333333333334,2,6.666666666666667,2,6.666666666666667,1,3.3333333333333335,4,13.333333333333334,2.433333333333333,1.9439364415764444,1.0,2.0,76.66666666666667,80.0,80.0,16,53.333333333333336,4,13.333333333333334,3,10.0,1,3.3333333333333335,0,0.0,6,20.0
508,True,2.533333333333333,1.5434449203720302,2.0,2.0,80.0,86.66666666666667,90.0,9,30.0,9,30.0,6,20.0,2,6.666666666666667,1,3.3333333333333335,3,10.0,2.1,1.619670748434179,1.0,1.0,83.33333333333334,86.66666666666667,90.0,16,53.333333333333336,7,23.333333333333332,2,6.666666666666667,1,3.3333333333333335,1,3.3333333333333335,3,10.0,2.433333333333333,1.8562207723101138,2.0,2.0,76.66666666666667,80.0,83.33333333333334,14,46.666666666666664,7,23.333333333333332,2,6.666666666666667,1,3.3333333333333335,1,3.3333333333333335,5,16.666666666666664,2.6666666666666665,1.6397831834998458,2.0,2.0,76.66666666666667,80.0,90.0,9,30.0,8,26.666666666666668,6,20.0,1,3.3333333333333335,3,10.0,3,10.0
509,True,1.7666666666666666,1.174260996920569,1.0,1.0,93.33333333333333,96.66666666666667,96.66666666666667,18,60.0,5,16.666666666666664,5,16.666666666666664,1,3.3333333333333335,0,0.0,1,3.3333333333333335,1.7333333333333334,1.364632632697248,1.0,1.0,90.0,93.33333333333333,93.33333333333333,20,66.66666666666666,5,16.666666666666664,2,6.666666666666667,1,3.3333333333333335,0,0.0,2,6.666666666666667,1.9,1.6802777548171413,1.0,1.0,86.66666666666667,86.66666666666667,86.66666666666667,20,66.66666666666666,5,16.666666666666664,1,3.3333333333333335,0,0.0,0,0.0,4,13.333333333333334,2.433333333333333,1.977933826552906,1.0,2.75,73.33333333333333,80.0,80.0,17,56.666666666666664,3,10.0,2,6.666666666666667,2,6.666666666666667,0,0.0,6,20.0
510,False,2.3,1.676305461424021,2.0,2.0,80.0,83.33333333333334,90.0,14,46.666666666666664,7,23.333333333333332,3,10.0,1,3.3333333333333335,2,6.666666666666667,3,10.0,1.9666666666666666,1.642829537380214,1.0,1.0,83.33333333333334,86.66666666666667,90.0,19,63.33333333333333,5,16.666666666666664,1,3.3333333333333335,1,3.3333333333333335,1,3.3333333333333335,3,10.0,2.2,1.7587874611030558,1.0,1.0,80.0,83.33333333333334,86.66666666666667,16,53.333333333333336,7,23.333333333333332,1,3.3333333333333335,1,3.3333333333333335,1,3.3333333333333335,4,13.333333333333334,2.3,1.676305461424021,1.5,2.0,76.66666666666667,86.66666666666667,90.0,15,50.0,5,16.666666666666664,3,10.0,3,10.0,1,3.3333333333333335,3,10.0
511,True,2.9,1.374772708486752,3.0,2.0,70.0,86.66666666666667,93.33333333333333,4,13.333333333333334,10,33.33333333333333,7,23.333333333333332,5,16.666666666666664,2,6.666666666666667,2,6.666666666666667,2.3,1.7540429489230491,1.5,2.0,80.0,83.33333333333334,86.66666666666667,15,50.0,6,20.0,3,10.0,1,3.3333333333333335,1,3.3333333333333335,4,13.333333333333334,2.2666666666666666,1.5477582354991866,2.0,2.0,80.0,86.66666666666667,93.33333333333333,13,43.333333333333336,8,26.666666666666668,3,10.0,2,6.666666666666667,2,6.666666666666667,2,6.666666666666667,2.7,1.8823743871327334,2.0,2.75,73.33333333333333,80.0,80.0,12,40.0,5,16.666666666666664,5,16.666666666666664,2,6.666666666666667,0,0.0,6,20.0
512,False,3.033333333333333,1.9405039437103846,3.0,3.75,66.66666666666666,73.33333333333333,76.66666666666667,10,33.33333333333333,4,13.333333333333334,6,20.0,2,6.666666666666667,1,3.3333333333333335,7,23.333333333333332,2.433333333333333,1.977933826552906,1.0,3.75,70.0,73.33333333333333,86.66666666666667,18,60.0,2,6.666666666666667,1,3.3333333333333335,1,3.3333333333333335,4,13.333333333333334,4,13.333333333333334,2.533333333333333,2.0773915267843845,1.0,3.5,73.33333333333333,73.33333333333333,76.66666666666667,16,53.333333333333336,5,16.666666666666664,1,3.3333333333333335,0,0.0,1,3.3333333333333335,7,23.333333333333332,2.7333333333333334,2.0805982045769644,1.5,3.75,66.66666666666666,73.33333333333333,76.66666666666667,15,50.0,3,10.0,2,6.666666666666667,2,6.666666666666667,1,3.3333333333333335,7,23.333333333333332
513,False,2.6333333333333333,1.6017351702311948,2.0,1.0,80.0,83.33333333333334,86.66666666666667,7,23.333333333333332,12,40.0,5,16.666666666666664,1,3.3333333333333335,1,3.3333333333333335,4,13.333333333333334,2.2666666666666666,1.7876116903722563,1.0,1.75,76.66666666666667,83.33333333333334,86.66666666666667,16,53.333333333333336,6,20.0,1,3.3333333333333335,2,6.666666666666667,1,3.3333333333333335,4,13.333333333333334,2.6,1.8903262505010434,2.0,2.75,73.33333333333333,76.66666666666667,83.33333333333334,13,43.333333333333336,6,20.0,3,10.0,1,3.3333333333333335,2,6.666666666666667,5,16.666666666666664,2.933333333333333,1.8427033281447005,2.5,3.0,63.33333333333333,76.66666666666667,83.33333333333334,10,33.33333333333333,5,16.666666666666664,4,13.333333333333334,4,13.333333333333334,2,6.666666666666667,5,16.666666666666664
514,True,2.4,1.5620499351813306,2.0,2.0,83.33333333333334,86.66666666666667,90.0,11,36.666666666666664,8,26.666666666666668,6,20.0,1,3.3333333333333335,1,3.3333333333333335,3,10.0,1.8666666666666667,1.3349989596333856,1.0,1.0,93.33333333333333,93.33333333333333,93.33333333333333,17,56.666666666666664,6,20.0,5,16.666666666666664,0,0.0,0,0.0,2,6.666666666666667,2.066666666666667,1.4817407180595248,2.0,1.0,90.0,90.0,90.0,14,46.666666666666664,9,30.0,4,13.333333333333334,0,0.0,0,0.0,3,10.0,2.1666666666666665,1.5293426329272617,2.0,2.0,86.66666666666667,90.0,90.0,14,46.666666666666664,7,23.333333333333332,5,16.666666666666664,1,3.3333333333333335,0,0.0,3,10.0
515,True,2.033333333333333,1.6629959577688562,1.0,1.0,83.33333333333334,83.33333333333334,90.0,17,56.666666666666664,8,26.666666666666668,0,0.0,0,0.0,2,6.666666666666667,3,10.0,1.7666666666666666,1.498517786199268,1.0,1.0,90.0,90.0,90.0,20,66.66666666666666,6,20.0,1,3.3333333333333335,0,0.0,0,0.0,3,10.0,1.9,1.491084616423003,1.0,1.0,90.0,90.0,90.0,17,56.666666666666664,8,26.666666666666668,2,6.666666666666667,0,0.0,0,0.0,3,10.0,2.1,1.619670748434179,1.0,1.0,83.33333333333334,86.66666666666667,90.0,16,53.333333333333336,7,23.333333333333332,2,6.666666666666667,1,3.3333333333333335,1,3.3333333333333335,3,10.0
516,False,2.6666666666666665,1.679947089113887,2.0,1.75,80.0,83.33333333333334,83.33333333333334,8,26.666666666666668,10,33.33333333333333,6,20.0,1,3.3333333333333335,0,0.0,5,16.666666666666664,1.9666666666666666,1.4940623220676648,1.0,1.0,90.0,90.0,90.0,16,53.333333333333336,8,26.666666666666668,3,10.0,0,0.0,0,0.0,3,10.0,2.1333333333333333,1.564892612574067,1.5,1.75,83.33333333333334,90.0,90.0,15,50.0,7,23.333333333333332,3,10.0,2,6.666666666666667,0,0.0,3,10.0,2.7333333333333334,1.9136933459209766,2.0,2.75,73.33333333333333,76.66666666666667,80.0,12,40.0,5,16.666666666666664,5,16.666666666666664,1,3.3333333333333335,1,3.3333333333333335,6,20.0
517,True,2.4,1.7243356208503415,2.0,2.0,80.0,83.33333333333334,86.66666666666667,13,43.333333333333336,7,23.333333333333332,4,13.333333333333334,1,3.3333333333333335,1,3.3333333333333335,4,13.333333333333334,1.8666666666666667,1.7074997966487595,1.0,0.75,86.66666666666667,86.66666666666667,86.66666666666667,22,73.33333333333333,2,6.666666666666667,2,6.666666666666667,0,0.0,0,0.0,4,13.333333333333334,1.8666666666666667,1.6275407487644937,1.0,1.0,86.66666666666667,86.66666666666667,90.0,21,70.0,3,10.0,2,6.666666666666667,0,0.0,1,3.3333333333333335,3,10.0,1.8,1.32664991614216,1.0,1.0,93.33333333333333,93.33333333333333,93.33333333333333,18,60.0,6,20.0,4,13.333333333333334,0,0.0,0,0.0,2,6.666666666666667
518,True,1.9333333333333333,1.2892719737209144,2.0,1.0,93.33333333333333,93.33333333333333,93.33333333333333,14,46.666666666666664,10,33.33333333333333,4,13.333333333333334,0,0.0,0,0.0,2,6.666666666666667,1.9666666666666666,1.6829207415152452,1.0,1.0,83.33333333333334,83.33333333333334,90.0,19,63.33333333333333,6,20.0,0,0.0,0,0.0,2,6.666666666666667,3,10.0,2.0,1.5491933384829668,1.0,1.0,86.66666666666667,90.0,90.0,17,56.666666666666664,6,20.0,3,10.0,1,3.3333333333333335,0,0.0,3,10.0,2.533333333333333,1.9275776393067947,2.0,2.0,76.66666666666667,76.66666666666667,80.0,13,43.333333333333336,8,26.666666666666668,2,6.666666666666667,0,0.0,1,3.3333333333333335,6,20.0
519,False,2.566666666666667,1.6468825769380835,2.0,2.0,80.0,83.33333333333334,86.66666666666667,9,30.0,10,33.33333333333333,5,16.666666666666664,1,3.3333333333333335,1,3.3333333333333335,4,13.333333333333334,2.0,1.591644851508443,1.0,1.0,86.66666666666667,86.66666666666667,90.0,17,56.666666666666664,7,23.333333333333332,2,6.666666666666667,0,0.0,1,3.3333333333333335,3,10.0,2.066666666666667,1.569146972791976,1.5,1.0,86.66666666666667,86.66666666666667,90.0,15,50.0,9,30.0,2,6.666666666666667,0,0.0,1,3.3333333333333335,3,10.0,2.5,1.707825127659933,2.0,2.0,80.0,80.0,86.66666666666667,10,33.33333333333333,11,36.666666666666664,3,10.0,0,0.0,2,6.666666666666667,4,13.333333333333334
520,False,2.2666666666666666,1.6316317667360556,2.0,1.0,83.33333333333334,86.66666666666667,86.66666666666667,12,40.0,11,36.666666666666664,2,6.666666666666667,1,3.3333333333333335,0,0.0,4,13.333333333333334,1.9333333333333333,1.6316317667360554,1.0,1.0,83.33333333333334,86.66666666666667,90.0,19,63.33333333333333,6,20.0,0,0.0,1,3.3333333333333335,1,3.3333333333333335,3,10.0,2.2666666666666666,2.015495527710797,1.0,1.0,76.66666666666667,76.66666666666667,80.0,19,63.33333333333333,4,13.333333333333334,0,0.0,0,0.0,1,3.3333333333333335,6,20.0,2.533333333333333,1.8208667044996885,2.0,2.75,73.33333333333333,83.33333333333334,83.33333333333334,13,43.333333333333336,6,20.0,3,10.0,3,10.0,0,0.0,5,16.666666666666664
521,False,2.933333333333333,1.7499206331208919,3.0,3.0,66.66666666666666,76.66666666666667,86.66666666666667,9,30.0,5,16.666666666666664,6,20.0,3,10.0,3,10.0,4,13.333333333333334,2.2666666666666666,1.8245242911205346,1.0,1.75,80.0,83.33333333333334,83.33333333333334,16,53.333333333333336,6,20.0,2,6.666666666666667,1,3.3333333333333335,0,0.0,5,16.666666666666664,2.3333333333333335,1.8135294011647258,1.5,2.0,80.0,83.33333333333334,83.33333333333334,15,50.0,6,20.0,3,10.0,1,3.3333333333333335,0,0.0,5,16.666666666666664,2.7333333333333334,1.8061622912192088,2.0,3.0,66.66666666666666,83.33333333333334,83.33333333333334,11,36.666666666666664,6,20.0,3,10.0,5,16.666666666666664,0,0.0,5,16.666666666666664
522,True,2.0,1.3416407864998738,2.0,1.0,90.0,93.33333333333333,93.33333333333333,14,46.666666666666664,9,30.0,4,13.333333333333334,1,3.3333333333333335,0,0.0,2,6.666666666666667,2.066666666666667,1.7688665548562132,1.0,1.0,83.33333333333334,83.33333333333334,86.66666666666667,19,63.33333333333333,4,13.333333333333334,2,6.666666666666667,0,0.0,1,3.3333333333333335,4,13.333333333333334,2.1666666666666665,1.771690968789108,1.0,1.0,80.0,83.33333333333334,86.66666666666667,17,56.666666666666664,6,20.0,1,3.3333333333333335,1,3.3333333333333335,1,3.3333333333333335,4,13.333333333333334,2.533333333333333,1.8926759422104522,2.0,2.75,73.33333333333333,76.66666666666667,83.33333333333334,13,43.333333333333336,8,26.666666666666668,1,3.3333333333333335,1,3.3333333333333335,2,6.666666666666667,5,16.666666666666664
523,True,2.3666666666666667,1.7413277182145301,2.0,1.75,83.33333333333334,83.33333333333334,83.33333333333334,12,40.0,10,33.33333333333333,3,10.0,0,0.0,0,0.0,5,16.666666666666664,2.1666666666666665,1.7716909687891083,1.0,1.0,80.0,83.33333333333334,86.66666666666667,17,56.666666666666664,6,20.0,1,3.3333333333333335,1,3.3333333333333335,1,3.3333333333333335,4,13.333333333333334,2.466666666666667,1.9447936194419764,1.0,2.75,73.33333333333333,76.66666666666667,83.33333333333334,16,53.333333333333336,4,13.333333333333334,2,6.666666666666667,1,3.3333333333333335,2,6.666666666666667,5,16.666666666666664,2.5,1.746424919657298,2.0,2.0,80.0,80.0,86.66666666666667,12,40.0,7,23.333333333333332,5,16.666666666666664,0,0.0,2,6.666666666666667,4,13.333333333333334
524,True,2.033333333333333,1.4487542541400487,1.5,1.0,86.66666666666667,90.0,93.33333333333333,15,50.0,8,26.666666666666668,3,10.0,1,3.3333333333333335,1,3.3333333333333335,2,6.666666666666667,1.9333333333333333,1.6110727964792764,1.0,1.0,86.66666666666667,86.66666666666667,90.0,19,63.33333333333333,5,16.666666666666664,2,6.666666666666667,0,0.0,1,3.3333333333333335,3,10.0,2.066666666666667,1.671991493864594,1.0,1.0,86.66666666666667,86.66666666666667,86.66666666666667,17,56.666666666666664,6,20.0,3,10.0,0,0.0,0,0.0,4,13.333333333333334,2.566666666666667,2.027861489900684,1.5,2.75,73.33333333333333,76.66666666666667,76.66666666666667,15,50.0,5,16.666666666666664,2,6.666666666666667,1,3.3333333333333335,0,0.0,7,23.333333333333332
525,True,1.8666666666666667,1.024152766382481,2.0,1.0,93.33333333333333,96.66666666666667,100.0,14,46.666666666666664,9,30.0,5,16.666666666666664,1,3.3333333333333335,1,3.3333333333333335,0,0.0,1.9666666666666666,1.5595583420386114,1.0,1.0,86.66666666666667,90.0,90.0,18,60.0,5,16.666666666666664,3,10.0,1,3.3333333333333335,0,0.0,3,10.0,2.1333333333333333,1.687865186822955,1.0,1.0,83.33333333333334,86.66666666666667,86.66666666666667,16,53.333333333333336,7,23.333333333333332,2,6.666666666666667,1,3.3333333333333335,0,0.0,4,13.333333333333334,2.2,1.4236104336041748,2.0,2.0,83.33333333333334,93.33333333333333,93.33333333333333,13,43.333333333333336,7,23.333333333333332,5,16.666666666666664,3,10.0,0,0.0,2,6.666666666666667
526,False,2.2333333333333334,1.6669999666733315,2.0,1.75,83.33333333333334,86.66666666666667,86.66666666666667,14,46.666666666666664,8,26.666666666666668,3,10.0,1,3.3333333333333335,0,0.0,4,13.333333333333334,1.9333333333333333,1.5902480589168748,1.0,1.0,86.66666666666667,86.66666666666667,90.0,18,60.0,7,23.333333333333332,1,3.3333333333333335,0,0.0,1,3.3333333333333335,3,10.0,2.4,1.9425069712444623,1.0,2.0,76.66666666666667,80.0,80.0,16,53.333333333333336,5,16.666666666666664,2,6.666666666666667,1,3.3333333333333335,0,0.0,6,20.0,2.066666666666667,1.5477582354991868,1.5,1.0,83.33333333333334,90.0,90.0,15,50.0,9,30.0,1,3.3333333333333335,2,6.666666666666667,0,0.0,3,10.0
527,False,2.466666666666667,1.746106780494506,2.0,2.0,83.33333333333334,83.33333333333334,83.33333333333334,12,40.0,7,23.333333333333332,6,20.0,0,0.0,0,0.0,5,16.666666666666664,1.9,1.5132745950421556,1.0,1.0,90.0,90.0,90.0,18,60.0,6,20.0,3,10.0,0,0.0,0,0.0,3,10.0,2.2666666666666666,1.9136933459209768,1.0,1.75,76.66666666666667,80.0,83.33333333333334,18,60.0,4,13.333333333333334,1,3.3333333333333335,1,3.3333333333333335,1,3.3333333333333335,5,16.666666666666664,2.6666666666666665,2.102908039411667,1.5,4.25,73.33333333333333,73.33333333333333,73.33333333333333,15,50.0,4,13.333333333333334,3,10.0,0,0.0,0,0.0,8,26.666666666666668
528,True,2.033333333333333,1.1100550536897809,2.0,1.75,93.33333333333333,96.66666666666667,96.66666666666667,11,36.666666666666664,11,36.666666666666664,6,20.0,1,3.3333333333333335,0,0.0,1,3.3333333333333335,2.1333333333333333,1.892675942210452,1.0,1.0,80.0,80.0,83.33333333333334,19,63.33333333333333,5,16.666666666666664,0,0.0,0,0.0,1,3.3333333333333335,5,16.666666666666664,2.2666666666666666,1.6918103387266028,1.5,2.0,80.0,83.33333333333334,90.0,15,50.0,6,20.0,3,10.0,1,3.3333333333333335,2,6.666666666666667,3,10.0,2.466666666666667,1.8024674446127702,1.5,3.0,70.0,80.0,90.0,15,50.0,4,13.333333333333334,2,6.666666666666667,3,10.0,3,10.0,3,10.0
529,True,2.0,1.2649110640673518,2.0,1.0,86.66666666666667,93.33333333333333,96.66666666666667,13,43.333333333333336,11,36.666666666666664,2,6.666666666666667,2,6.666666666666667,1,3.3333333333333335,1,3.3333333333333335,1.8,1.536229149573722,1.0,1.0,86.66666666666667,90.0,90.0,20,66.66666666666666,6,20.0,0,0.0,1,3.3333333333333335,0,0.0,3,10.0,1.8666666666666667,1.54344492037203,1.0,1.0,86.66666666666667,90.0,90.0,19,63.33333333333333,6,20.0,1,3.3333333333333335,1,3.3333333333333335,0,0.0,3,10.0,2.2333333333333334,1.6868774571839995,1.5,2.0,83.33333333333334,86.66666666666667,86.66666666666667,15,50.0,6,20.0,4,13.333333333333334,1,3.3333333333333335,0,0.0,4,13.333333333333334
530,True,2.4,1.6653327995729061,2.0,2.75,73.33333333333333,86.66666666666667,90.0,13,43.333333333333336,7,23.333333333333332,2,6.666666666666667,4,13.333333333333334,1,3.3333333333333335,3,10.0,2.1333333333333333,1.6679994670929073,1.0,1.75,80.0,86.66666666666667,90.0,17,56.666666666666664,5,16.666666666666664,2,6.666666666666667,2,6.666666666666667,1,3.3333333333333335,3,10.0,2.3333333333333335,1.6397831834998458,2.0,1.75,80.0,83.33333333333334,90.0,12,40.0,10,33.33333333333333,2,6.666666666666667,1,3.3333333333333335,2,6.666666666666667,3,10.0,2.3333333333333335,1.6599866130651642,2.0,2.0,76.66666666666667,86.66666666666667,90.0,14,46.666666666666664,6,20.0,3,10.0,3,10.0,1,3.3333333333333335,3,10.0
531,False,2.1,1.4224392195567912,2.0,1.0,90.0,90.0,90.0,11,36.666666666666664,14,46.666666666666664,2,6.666666666666667,0,0.0,0,0.0,3,10.0,1.9333333333333333,1.590248058916875,1.0,1.0,86.66666666666667,86.66666666666667,90.0,18,60.0,7,23.333333333333332,1,3.3333333333333335,0,0.0,1,3.3333333333333335,3,10.0,2.3,1.8101565309847283,1.5,1.75,80.0,83.33333333333334,83.33333333333334,15,50.0,7,23.333333333333332,2,6.666666666666667,1,3.3333333333333335,0,0.0,5,16.666666666666664,2.3,1.7729448195962934,1.5,1.75,76.66666666666667,83.33333333333334,86.66666666666667,15,50.0,7,23.333333333333332,1,3.3333333333333335,2,6.666666666666667,1,3.3333333333333335,4,13.333333333333334
532,True,2.1666666666666665,1.6141733350404337,1.5,1.75,83.33333333333334,86.66666666666667,90.0,15,50.0,7,23.333333333333332,3,10.0,1,3.3333333333333335,1,3.3333333333333335,3,10.0,1.5333333333333334,1.1469767022723503,1.0,0.0,93.33333333333333,96.66666666666667,96.66666666666667,23,76.66666666666667,2,6.666666666666667,3,10.0,1,3.3333333333333335,0,0.0,1,3.3333333333333335,1.6333333333333333,1.3780017739062926,1.0,0.0,90.0,93.33333333333333,93.33333333333333,23,76.66666666666667,2,6.666666666666667,2,6.666666666666667,1,3.3333333333333335,0,0.0,2,6.666666666666667,2.2333333333333334,1.9439364415764444,1.0,2.0,76.66666666666667,80.0,83.33333333333334,20,66.66666666666666,1,3.3333333333333335,2,6.666666666666667,1,3.3333333333333335,1,3.3333333333333335,5,16.666666666666664
533,False,2.1,1.5351438586225938,1.5,1.75,86.66666666666667,90.0,90.0,15,50.0,7,23.333333333333332,4,13.333333333333334,1,3.3333333333333335,0,0.0,3,10.0,1.8,1.4696938456699071,1.0,1.0,83.33333333333334,93.33333333333333,93.33333333333333,21,70.0,3,10.0,1,3.3333333333333335,3,10.0,0,0.0,2,6.666666666666667,2.3666666666666667,2.105284356618417,1.0,2.75,73.33333333333333,76.66666666666667,76.66666666666667,20,66.66666666666666,1,3.3333333333333335,1,3.3333333333333335,1,3.3333333333333335,0,0.0,7,23.333333333333332,2.566666666666667,2.027861489900684,1.5,3.75,70.0,73.33333333333333,80.0,15,50.0,6,20.0,0,0.0,1,3.3333333333333335,2,6.666666666666667,6,20.0
534,True,2.2,1.3012814197295424,2.0,2.0,86.66666666666667,93.33333333333333,96.66666666666667,12,40.0,7,23.333333333333332,7,23.333333333333332,2,6.666666666666667,1,3.3333333333333335,1,3.3333333333333335,2.033333333333333,1.7220788470785986,1.0,1.0,83.33333333333334,86.66666666666667,86.66666666666667,19,63.33333333333333,4,13.333333333333334,2,6.666666666666667,1,3.3333333333333335,0,0.0,4,13.333333333333334,2.2,1.7397317800933185,1.0,1.75,83.33333333333334,83.33333333333334,86.66666666666667,16,53.333333333333336,6,20.0,3,10.0,0,0.0,1,3.3333333333333335,4,13.333333333333334,2.2333333333333334,1.6669999666733317,2.0,1.75,83.33333333333334,86.66666666666667,86.66666666666667,14,46.666666666666664,8,26.666666666666668,3,10.0,1,3.3333333333333335,0,0.0,4,13.333333333333334
535,False,2.066666666666667,1.52606975230128,1.5,1.0,83.33333333333334,86.66666666666667,93.33333333333333,15,50.0,9,30.0,1,3.3333333333333335,1,3.3333333333333335,2,6.666666666666667,2,6.666666666666667,1.7,1.345362404707371,1.0,1.0,90.0,93.33333333333333,93.33333333333333,20,66.66666666666666,6,20.0,1,3.3333333333333335,1,3.3333333333333335,0,0.0,2,6.666666666666667,1.9,1.445683229480096,1.0,1.0,86.66666666666667,90.0,93.33333333333333,17,56.666666666666664,8,26.666666666666668,1,3.3333333333333335,1,3.3333333333333335,1,3.3333333333333335,2,6.666666666666667,2.1666666666666665,1.6549588783075213,2.0,1.0,83.33333333333334,86.66666666666667,86.66666666666667,14,46.666666666666664,10,33.33333333333333,1,3.3333333333333335,1,3.3333333333333335,0,0.0,4,13.333333333333334
536,False,2.3666666666666667,1.5595583420386114,2.0,2.0,83.33333333333334,86.66666666666667,90.0,11,36.666666666666664,9,30.0,5,16.666666666666664,1,3.3333333333333335,1,3.3333333333333335,3,10.0,2.066666666666667,1.730767331432956,1.0,1.0,80.0,86.66666666666667,86.66666666666667,18,60.0,6,20.0,0,0.0,2,6.666666666666667,0,0.0,4,13.333333333333334,2.2333333333333334,1.8199511592958264,1.0,1.0,80.0,83.33333333333334,83.33333333333334,16,53.333333333333336,7,23.333333333333332,1,3.3333333333333335,1,3.3333333333333335,0,0.0,5,16.666666666666664,2.533333333333333,1.6478942792411033,2.0,2.0,76.66666666666667,83.33333333333334,90.0,11,36.666666666666664,7,23.333333333333332,5,16.666666666666664,2,6.666666666666667,2,6.666666666666667,3,10.0
537,True,2.3,1.2688577540449522,2.0,0.75,86.66666666666667,93.33333333333333,93.33333333333333,7,23.333333333333332,15,50.0,4,13.333333333333334,2,6.666666666666667,0,0.0,2,6.666666666666667,2.033333333333333,1.4715826703096078,1.5,1.0,83.33333333333334,90.0,93.33333333333333,15,50.0,9,30.0,1,3.3333333333333335,2,6.666666666666667,1,3.3333333333333335,2,6.666666666666667,2.2666666666666666,1.6316317667360556,2.0,2.0,86.66666666666667,86.66666666666667,86.66666666666667,13,43.333333333333336,8,26.666666666666668,5,16.666666666666664,0,0.0,0,0.0,4,13.333333333333334,2.533333333333333,1.9102065042525873,2.0,2.75,73.33333333333333,80.0,80.0,13,43.333333333333336,8,26.666666666666668,1,3.3333333333333335,2,6.666666666666667,0,0.0,6,20.0
538,True,2.0,1.2909944487358056,2.0,1.0,93.33333333333333,93.33333333333333,93.33333333333333,13,43.333333333333336,10,33.33333333333333,5,16.666666666666664,0,0.0,0,0.0,2,6.666666666666667,1.9,1.491084616423003,1.0,1.0,90.0,90.0,90.0,17,56.666666666666664,8,26.666666666666668,2,6.666666666666667,0,0.0,0,0.0,3,10.0,2.3,1.676305461424021,1.5,2.0,83.33333333333334,83.33333333333334,90.0,15,50.0,4,13.333333333333334,6,20.0,0,0.0,2,6.666666666666667,3,10.0,2.4,1.7435595774162693,2.0,2.0,80.0,83.33333333333334,86.66666666666667,14,46.666666666666664,5,16.666666666666664,5,16.666666666666664,1,3.3333333333333335,1,3.3333333333333335,4,13.333333333333334
539,True,2.8666666666666667,1.7838784213679537,3.0,2.0,76.66666666666667,80.0,80.0,9,30.0,5,16.666666666666664,9,30.0,1,3.3333333333333335,0,0.0,6,20.0,2.2666666666666666,1.7113996870657915,1.5,2.0,80.0,86.66666666666667,86.66666666666667,15,50.0,6,20.0,3,10.0,2,6.666666666666667,0,0.0,4,13.333333333333334,2.4,1.818424226264781,2.0,2.0,76.66666666666667,83.33333333333334,83.33333333333334,14,46.666666666666664,7,23.333333333333332,2,6.666666666666667,2,6.666666666666667,0,0.0,5,16.666666666666664,2.566666666666667,1.7451520150277902,2.0,2.0,80.0,83.33333333333334,83.33333333333334,11,36.666666666666664,7,23.333333333333332,6,20.0,1,3.3333333333333335,0,0.0,5,16.666666666666664
540,True,2.3666666666666667,1.5162087220725546,2.0,1.75,83.33333333333334,86.66666666666667,90.0,9,30.0,13,43.333333333333336,3,10.0,1,3.3333333333333335,1,3.3333333333333335,3,10.0,2.0,1.505545305418162,1.5,1.0,86.66666666666667,90.0,90.0,15,50.0,10,33.33333333333333,1,3.3333333333333335,1,3.3333333333333335,0,0.0,3,10.0,2.033333333333333,1.3535960336164634,2.0,1.0,86.66666666666667,93.33333333333333,93.33333333333333,13,43.333333333333336,11,36.666666666666664,2,6.666666666666667,2,6.666666666666667,0,0.0,2,6.666666666666667,2.2666666666666666,1.6316317667360556,2.0,1.0,83.33333333333334,86.66666666666667,86.66666666666667,12,40.0,11,36.666666666666664,2,6.666666666666667,1,3.3333333333333335,0,0.0,4,13.333333333333334
541,False,2.8333333333333335,1.790406533599438,2.0,3.0,66.66666666666666,80.0,83.33333333333334,9,30.0,8,26.666666666666668,3,10.0,4,13.333333333333334,1,3.3333333333333335,5,16.666666666666664,2.3666666666666667,1.834545054108935,1.0,2.0,76.66666666666667,80.0,86.66666666666667,16,53.333333333333336,4,13.333333333333334,3,10.0,1,3.3333333333333335,2,6.666666666666667,4,13.333333333333334,2.3666666666666667,1.7026123718829513,2.0,2.0,76.66666666666667,83.33333333333334,90.0,14,46.666666666666664,6,20.0,3,10.0,2,6.666666666666667,2,6.666666666666667,3,10.0,2.6,1.6653327995729061,2.0,2.75,73.33333333333333,83.33333333333334,90.0,11,36.666666666666664,6,20.0,5,16.666666666666664,3,10.0,2,6.666666666666667,3,10.0
542,True,2.8,1.7204650534085255,2.0,3.0,70.0,80.0,86.66666666666667,9,30.0,7,23.333333333333332,5,16.666666666666664,3,10.0,2,6.666666666666667,4,13.333333333333334,2.1,1.6401219466856725,1.0,2.0,83.33333333333334,83.33333333333334,93.33333333333333,18,60.0,3,10.0,4,13.333333333333334,0,0.0,3,10.0,2,6.666666666666667,2.466666666666667,2.0450482200237294,1.0,2.0,76.66666666666667,76.66666666666667,76.66666666666667,17,56.666666666666664,3,10.0,3,10.0,0,0.0,0,0.0,7,23.333333333333332,2.5,1.746424919657298,2.0,3.0,70.0,83.33333333333334,90.0,14,46.666666666666664,4,13.333333333333334,3,10.0,4,13.333333333333334,2,6.666666666666667,3,10.0
543,False,2.533333333333333,1.8926759422104522,2.0,2.0,76.66666666666667,80.0,80.0,13,43.333333333333336,7,23.333333333333332,3,10.0,1,3.3333333333333335,0,0.0,6,20.0,1.9,1.5989579940281942,1.0,1.0,83.33333333333334,90.0,90.0,20,66.66666666666666,4,13.333333333333334,1,3.3333333333333335,2,6.666666666666667,0,0.0,3,10.0,2.2333333333333334,1.856220772310114,1.0,2.0,80.0,83.33333333333334,83.33333333333334,18,60.0,3,10.0,3,10.0,1,3.3333333333333335,0,0.0,5,16.666666666666664,2.2333333333333334,1.725945795466616,1.0,2.0,80.0,86.66666666666667,86.66666666666667,16,53.333333333333336,5,16.666666666666664,3,10.0,2,6.666666666666667,0,0.0,4,13.333333333333334
544,False,2.7333333333333334,1.7113996870657915,2.0,1.75,73.33333333333333,80.0,83.33333333333334,6,20.0,15,50.0,1,3.3333333333333335,2,6.666666666666667,1,3.3333333333333335,5,16.666666666666664,2.433333333333333,1.7451520150277897,2.0,2.0,80.0,80.0,86.66666666666667,12,40.0,9,30.0,3,10.0,0,0.0,2,6.666666666666667,4,13.333333333333334,2.3333333333333335,1.6193277068654826,2.0,2.0,83.33333333333334,83.33333333333334,90.0,12,40.0,9,30.0,4,13.333333333333334,0,0.0,2,6.666666666666667,3,10.0,2.8333333333333335,1.8454147380888544,2.0,2.75,73.33333333333333,76.66666666666667,80.0,9,30.0,8,26.666666666666668,5,16.666666666666664,1,3.3333333333333335,1,3.3333333333333335,6,20.0
545,False,2.1,1.468559384794046,2.0,1.0,83.33333333333334,90.0,93.33333333333333,14,46.666666666666664,9,30.0,2,6.666666666666667,2,6.666666666666667,1,3.3333333333333335,2,6.666666666666667,1.8,1.32664991614216,1.0,1.0,90.0,93.33333333333333,93.33333333333333,17,56.666666666666664,9,30.0,1,3.3333333333333335,1,3.3333333333333335,0,0.0,2,6.666666666666667,1.9666666666666666,1.3034143197344767,2.0,1.0,93.33333333333333,93.33333333333333,93.33333333333333,14,46.666666666666664,9,30.0,5,16.666666666666664,0,0.0,0,0.0,2,6.666666666666667,2.7,2.0518284528683193,2.0,4.25,73.33333333333333,73.33333333333333,73.33333333333333,12,40.0,9,30.0,1,3.3333333333333335,0,0.0,0,0.0,8,26.666666666666668
546,True,2.3,1.6563010998406458,2.0,1.0,80.0,86.66666666666667,86.66666666666667,12,40.0,11,36.666666666666664,1,3.3333333333333335,2,6.666666666666667,0,0.0,4,13.333333333333334,1.8,1.5362291495737217,1.0,1.0,86.66666666666667,90.0,90.0,20,66.66666666666666,6,20.0,0,0.0,1,3.3333333333333335,0,0.0,3,10.0,2.1666666666666665,1.8089284734953512,1.0,1.0,76.66666666666667,83.33333333333334,86.66666666666667,18,60.0,5,16.666666666666664,0,0.0,2,6.666666666666667,1,3.3333333333333335,4,13.333333333333334,2.3,1.6155494421403511,2.0,1.0,76.66666666666667,86.66666666666667,90.0,12,40.0,11,36.666666666666664,0,0.0,3,10.0,1,3.3333333333333335,3,10.0
547,True,2.466666666666667,1.8749814813900312,2.0,1.75,76.66666666666667,76.66666666666667,83.33333333333334,13,43.333333333333336,9,30.0,1,3.3333333333333335,0,0.0,2,6.666666666666667,5,16.666666666666664,1.8,1.6206994374857624,1.0,0.75,86.66666666666667,86.66666666666667,90.0,22,73.33333333333333,3,10.0,1,3.3333333333333335,0,0.0,1,3.3333333333333335,3,10.0,2.1,1.8321208111548393,1.0,1.0,83.33333333333334,83.33333333333334,83.33333333333334,19,63.33333333333333,4,13.333333333333334,2,6.666666666666667,0,0.0,0,0.0,5,16.666666666666664,2.1333333333333333,1.6478942792411033,1.0,2.0,83.33333333333334,86.66666666666667,90.0,17,56.666666666666664,4,13.333333333333334,4,13.333333333333334,1,3.3333333333333335,1,3.3333333333333335,3,10.0
548,True,2.433333333333333,1.7451520150277902,2.0,2.0,80.0,83.33333333333334,86.66666666666667,14,46.666666666666664,4,13.333333333333334,6,20.0,1,3.3333333333333335,1,3.3333333333333335,4,13.333333333333334,1.9666666666666666,1.5807874268505835,1.0,1.75,86.66666666666667,90.0,90.0,19,63.33333333333333,3,10.0,4,13.333333333333334,1,3.3333333333333335,0,0.0,3,10.0,2.066666666666667,1.730767331432956,1.0,1.75,83.33333333333334,86.66666666666667,86.66666666666667,19,63.33333333333333,3,10.0,3,10.0,1,3.3333333333333335,0,0.0,4,13.333333333333334,2.3,1.69607389776114,1.5,2.0,83.33333333333334,86.66666666666667,86.66666666666667,15,50.0,4,13.333333333333334,6,20.0,1,3.3333333333333335,0,0.0,4,13.333333333333334
549,False,2.466666666666667,1.5434449203720302,2.0,1.75,86.66666666666667,86.66666666666667,86.66666666666667,8,26.666666666666668,12,40.0,6,20.0,0,0.0,0,0.0,4,13.333333333333334,2.1333333333333333,1.499629583893599,2.0,2.0,90.0,90.0,90.0,14,46.666666666666664,7,23.333333333333332,6,20.0,0,0.0,0,0.0,3,10.0,2.2333333333333334,1.6058919293927874,2.0,2.0,83.33333333333334,86.66666666666667,90.0,14,46.666666666666664,7,23.333333333333332,4,13.333333333333334,1,3.3333333333333335,1,3.3333333333333335,3,10.0,2.466666666666667,1.6679994670929073,2.0,2.0,83.33333333333334,83.33333333333334,86.66666666666667,11,36.666666666666664,8,26.666666666666668,6,20.0,0,0.0,1,3.3333333333333335,4,13.333333333333334
550,True,2.6333333333333333,1.5807874268505833,2.0,2.75,73.33333333333333,86.66666666666667,90.0,9,30.0,8,26.666666666666668,5,16.666666666666664,4,13.333333333333334,1,3.3333333333333335,3,10.0,2.1333333333333333,1.687865186822955,1.0,1.0,83.33333333333334,86.66666666666667,86.66666666666667,16,53.333333333333336,7,23.333333333333332,2,6.666666666666667,1,3.3333333333333335,0,0.0,4,13.333333333333334,2.1333333333333333,1.586050300449376,1.0,2.0,83.33333333333334,90.0,90.0,16,53.333333333333336,5,16.666666666666664,4,13.333333333333334,2,6.666666666666667,0,0.0,3,10.0,2.533333333333333,1.839081896551163,2.0,2.0,76.66666666666667,80.0,83.33333333333334,13,43.333333333333336,6,20.0,4,13.333333333333334,1,3.3333333333333335,1,3.3333333333333335,5,16.666666666666664
551,False,2.4,1.6451950239004085,2.0,2.0,80.0,86.66666666666667,86.66666666666667,11,36.666666666666664,10,33.33333333333333,3,10.0,2,6.666666666666667,0,0.0,4,13.333333333333334,2.0,1.6733200530681511,1.0,1.0,86.66666666666667,86.66666666666667,86.66666666666667,18,60.0,6,20.0,2,6.666666666666667,0,0.0,0,0.0,4,13.333333333333334,2.2666666666666666,1.9310331143946988,1.0,1.0,80.0,80.0,80.0,17,56.666666666666664,6,20.0,1,3.3333333333333335,0,0.0,0,0.0,6,20.0,2.3333333333333335,1.7191729277636836,2.0,2.0,83.33333333333334,83.33333333333334,86.66666666666667,14,46.666666666666664,6,20.0,5,16.666666666666664,0,0.0,1,3.3333333333333335,4,13.333333333333334
552,True,2.1333333333333333,1.4079141387961918,2.0,1.75,83.33333333333334,93.33333333333333,93.33333333333333,13,43.333333333333336,9,30.0,3,10.0,3,10.0,0,0.0,2,6.666666666666667,1.8666666666666667,1.4313940369055924,1.0,1.0,86.66666666666667,93.33333333333333,93.33333333333333,19,63.33333333333333,4,13.333333333333334,3,10.0,2,6.666666666666667,0,0.0,2,6.666666666666667,1.9333333333333333,1.569146972791976,1.0,1.0,86.66666666666667,90.0,90.0,19,63.33333333333333,4,13.333333333333334,3,10.0,1,3.3333333333333335,0,0.0,3,10.0,2.0,1.4605934866804429,1.0,1.75,83.33333333333334,93.33333333333333,93.33333333333333,17,56.666666666666664,5,16.666666666666664,3,10.0,3,10.0,0,0.0,2,6.666666666666667
553,True,2.433333333333333,1.5423647068345698,2.0,2.0,76.66666666666667,90.0,90.0,10,33.33333333333333,10,33.33333333333333,3,10.0,4,13.333333333333334,0,0.0,3,10.0,2.3666666666666667,1.9058389811897074,1.5,1.75,80.0,80.0,80.0,15,50.0,7,23.333333333333332,2,6.666666666666667,0,0.0,0,0.0,6,20.0,2.466666666666667,1.746106780494506,2.0,2.75,73.33333333333333,83.33333333333334,86.66666666666667,12,40.0,9,30.0,1,3.3333333333333335,3,10.0,1,3.3333333333333335,4,13.333333333333334,3.1,2.103172207246314,2.0,4.75,60.0,63.33333333333333,73.33333333333333,10,33.33333333333333,8,26.666666666666668,0,0.0,1,3.3333333333333335,3,10.0,8,26.666666666666668
554,True,2.6,1.7048949136725895,2.0,2.0,80.0,83.33333333333334,83.33333333333334,9,30.0,10,33.33333333333333,5,16.666666666666664,1,3.3333333333333335,0,0.0,5,16.666666666666664,2.1,1.535143858622594,1.5,1.75,86.66666666666667,90.0,90.0,15,50.0,7,23.333333333333332,4,13.333333333333334,1,3.3333333333333335,0,0.0,3,10.0,2.3,1.6155494421403513,2.0,2.0,86.66666666666667,86.66666666666667,86.66666666666667,12,40.0,9,30.0,5,16.666666666666664,0,0.0,0,0.0,4,13.333333333333334,2.566666666666667,1.6468825769380833,2.0,2.0,76.66666666666667,83.33333333333334,90.0,11,36.666666666666664,6,20.0,6,20.0,2,6.666666666666667,2,6.666666666666667,3,10.0
555,False,2.433333333333333,1.92671280221579,1.5,2.0,76.66666666666667,80.0,80.0,15,50.0,6,20.0,2,6.666666666666667,1,3.3333333333333335,0,0.0,6,20.0,2.0,1.591644851508443,1.0,1.0,86.66666666666667,86.66666666666667,90.0,17,56.666666666666664,7,23.333333333333332,2,6.666666666666667,0,0.0,1,3.3333333333333335,3,10.0,2.2333333333333334,1.6058919293927874,2.0,1.75,80.0,83.33333333333334,93.33333333333333,14,46.666666666666664,8,26.666666666666668,2,6.666666666666667,1,3.3333333333333335,3,10.0,2,6.666666666666667,2.4,1.854723699099141,1.5,2.0,80.0,80.0,83.33333333333334,15,50.0,5,16.666666666666664,4,13.333333333333334,0,0.0,1,3.3333333333333335,5,16.666666666666664
556,True,2.2666666666666666,1.5260697523012796,2.0,2.0,83.33333333333334,90.0,90.0,12,40.0,9,30.0,4,13.333333333333334,2,6.666666666666667,0,0.0,3,10.0,1.7333333333333334,0.9637888196533974,1.0,1.0,93.33333333333333,100.0,100.0,17,56.666666666666664,6,20.0,5,16.666666666666664,2,6.666666666666667,0,0.0,0,0.0,2.1666666666666665,1.5723301886761007,1.5,2.0,83.33333333333334,90.0,90.0,15,50.0,6,20.0,4,13.333333333333334,2,6.666666666666667,0,0.0,3,10.0,2.7,2.0024984394500787,2.0,3.0,70.0,76.66666666666667,76.66666666666667,13,43.333333333333336,6,20.0,2,6.666666666666667,2,6.666666666666667,0,0.0,7,23.333333333333332
557,False,2.7,1.715614564327703,2.0,3.0,70.0,83.33333333333334,86.66666666666667,10,33.33333333333333,7,23.333333333333332,4,13.333333333333334,4,13.333333333333334,1,3.3333333333333335,4,13.333333333333334,1.9333333333333333,1.5260697523012796,1.0,1.0,86.66666666666667,86.66666666666667,93.33333333333333,18,60.0,6,20.0,2,6.666666666666667,0,0.0,2,6.666666666666667,2,6.666666666666667,2.2,1.7776388834631176,1.0,1.75,80.0,83.33333333333334,86.66666666666667,17,56.666666666666664,5,16.666666666666664,2,6.666666666666667,1,3.3333333333333335,1,3.3333333333333335,4,13.333333333333334,2.466666666666667,1.892675942210452,1.0,2.75,73.33333333333333,76.66666666666667,86.66666666666667,16,53.333333333333336,3,10.0,3,10.0,1,3.3333333333333335,3,10.0,4,13.333333333333334
558,True,2.066666666666667,1.3148721948877347,2.0,2.0,93.33333333333333,93.33333333333333,93.33333333333333,13,43.333333333333336,8,26.666666666666668,7,23.333333333333332,0,0.0,0,0.0,2,6.666666666666667,2.033333333333333,1.760366123534786,1.0,1.0,83.33333333333334,83.33333333333334,86.66666666666667,19,63.33333333333333,5,16.666666666666664,1,3.3333333333333335,0,0.0,1,3.3333333333333335,4,13.333333333333334,1.9333333333333333,1.3888444437333105,1.0,2.0,90.0,90.0,96.66666666666667,18,60.0,3,10.0,6,20.0,0,0.0,2,6.666666666666667,1,3.3333333333333335,2.4,1.781385228784985,1.5,2.0,76.66666666666667,83.33333333333334,86.66666666666667,15,50.0,4,13.333333333333334,4,13.333333333333334,2,6.666666666666667,1,3.3333333333333335,4,13.333333333333334
559,False,2.2333333333333334,1.6265163865007803,2.0,1.75,86.66666666666667,86.66666666666667,86.66666666666667,13,43.333333333333336,9,30.0,4,13.333333333333334,0,0.0,0,0.0,4,13.333333333333334,1.9333333333333333,1.5477582354991866,1.0,1.0,86.66666666666667,90.0,90.0,18,60.0,6,20.0,2,6.666666666666667,1,3.3333333333333335,0,0.0,3,10.0,2.033333333333333,1.5380362660079103,1.0,1.0,86.66666666666667,90.0,90.0,16,53.333333333333336,7,23.333333333333332,3,10.0,1,3.3333333333333335,0,0.0,3,10.0,2.3333333333333335,1.5563490039905001,2.0,2.0,83.33333333333334,86.66666666666667,90.0,11,36.666666666666664,10,33.33333333333333,4,13.333333333333334,1,3.3333333333333335,1,3.3333333333333335,3,10.0
560,True,2.1666666666666665,1.5723301886761007,2.0,1.0,80.0,90.0,90.0,14,46.666666666666664,9,30.0,1,3.3333333333333335,3,10.0,0,0.0,3,10.0,1.8333333333333333,1.4624940645653537,1.0,1.0,86.66666666666667,90.0,93.33333333333333,19,63.33333333333333,6,20.0,1,3.3333333333333335,1,3.3333333333333335,1,3.3333333333333335,2,6.666666666666667,2.033333333333333,1.682920741515245,1.0,1.0,83.33333333333334,83.33333333333334,90.0,18,60.0,6,20.0,1,3.3333333333333335,0,0.0,2,6.666666666666667,3,10.0,2.2333333333333334,1.4761059883656353,2.0,2.0,76.66666666666667,90.0,96.66666666666667,14,46.666666666666664,6,20.0,3,10.0,4,13.333333333333334,2,6.666666666666667,1,3.3333333333333335
561,False,2.2666666666666666,1.590248058916875,2.0,1.0,80.0,86.66666666666667,90.0,12,40.0,11,36.666666666666664,1,3.3333333333333335,2,6.666666666666667,1,3.3333333333333335,3,10.0,1.8666666666666667,1.384035966135113,1.0,1.0,86.66666666666667,93.33333333333333,93.33333333333333,17,56.666666666666664,8,26.666666666666668,1,3.3333333333333335,2,6.666666666666667,0,0.0,2,6.666666666666667,2.1,1.7,1.0,1.0,83.33333333333334,86.66666666666667,86.66666666666667,17,56.666666666666664,6,20.0,2,6.666666666666667,1,3.3333333333333335,0,0.0,4,13.333333333333334,2.6666666666666665,2.00554786086551,2.0,3.0,70.0,76.66666666666667,76.66666666666667,13,43.333333333333336,7,23.333333333333332,1,3.3333333333333335,2,6.666666666666667,0,0.0,7,23.333333333333332
562,True,2.466666666666667,1.4313940369055924,2.0,1.0,83.33333333333334,90.0,90.0,7,23.333333333333332,13,43.333333333333336,5,16.666666666666664,2,6.666666666666667,0,0.0,3,10.0,2.1333333333333333,1.6478942792411033,1.5,1.0,86.66666666666667,86.66666666666667,86.66666666666667,15,50.0,8,26.666666666666668,3,10.0,0,0.0,0,0.0,4,13.333333333333334,2.1333333333333333,1.564892612574067,2.0,1.0,86.66666666666667,86.66666666666667,90.0,14,46.666666666666664,9,30.0,3,10.0,0,0.0,1,3.3333333333333335,3,10.0,2.7,1.917463602435954,2.0,3.5,73.33333333333333,73.33333333333333,80.0,10,33.33333333333333,11,36.666666666666664,1,3.3333333333333335,0,0.0,2,6.666666666666667,6,20.0
563,False,2.566666666666667,1.8562207723101138,2.0,2.0,80.0,80.0,80.0,12,40.0,7,23.333333333333332,5,16.666666666666664,0,0.0,0,0.0,6,20.0,2.066666666666667,1.8061622912192088,1.0,1.75,76.66666666666667,86.66666666666667,86.66666666666667,21,70.0,1,3.3333333333333335,1,3.3333333333333335,3,10.0,0,0.0,4,13.333333333333334,2.2333333333333334,1.8381754238616317,1.0,3.0,70.0,86.66666666666667,86.66666666666667,19,63.33333333333333,2,6.666666666666667,0,0.0,5,16.666666666666664,0,0.0,4,13.333333333333334,2.2333333333333334,1.7829438827088444,1.0,2.0,76.66666666666667,86.66666666666667,86.66666666666667,18,60.0,2,6.666666666666667,3,10.0,3,10.0,0,0.0,4,13.333333333333334
564,True,2.5,1.6683325008322931,2.0,2.0,80.0,83.33333333333334,86.66666666666667,10,33.33333333333333,10,33.33333333333333,4,13.333333333333334,1,3.3333333333333335,1,3.3333333333333335,4,13.333333333333334,2.2333333333333334,1.54236470683457,2.0,2.0,83.33333333333334,90.0,90.0,13,43.333333333333336,8,26.666666666666668,4,13.333333333333334,2,6.666666666666667,0,0.0,3,10.0,2.3,1.5524174696260022,2.0,2.0,80.0,90.0,90.0,12,40.0,9,30.0,3,10.0,3,10.0,0,0.0,3,10.0,2.433333333333333,1.3337499349161703,2.0,1.75,80.0,90.0,96.66666666666667,8,26.666666666666668,11,36.666666666666664,5,16.666666666666664,3,10.0,2,6.666666666666667,1,3.3333333333333335
565,False,2.466666666666667,1.6069294390925268,2.0,1.5,83.33333333333334,83.33333333333334,86.66666666666667,8,26.666666666666668,14,46.666666666666664,3,10.0,0,0.0,1,3.3333333333333335,4,13.333333333333334,2.033333333333333,1.4940623220676648,1.5,1.0,90.0,90.0,90.0,15,50.0,8,26.666666666666668,4,13.333333333333334,0,0.0,0,0.0,3,10.0,2.1666666666666665,1.5293426329272617,2.0,2.0,86.66666666666667,90.0,90.0,14,46.666666666666664,7,23.333333333333332,5,16.666666666666664,1,3.3333333333333335,0,0.0,3,10.0,3.066666666666667,2.048305532764962,2.0,4.75,66.66666666666666,66.66666666666666,73.33333333333333,10,33.33333333333333,6,20.0,4,13.333333333333334,0,0.0,2,6.666666666666667,8,26.666666666666668
566,True,2.3333333333333335,1.6193277068654823,2.0,2.0,83.33333333333334,86.66666666666667,90.0,14,46.666666666666664,4,13.333333333333334,7,23.333333333333332,1,3.3333333333333335,1,3.3333333333333335,3,10.0,2.2,1.7776388834631176,1.0,1.75,80.0,83.33333333333334,86.66666666666667,17,56.666666666666664,5,16.666666666666664,2,6.666666666666667,1,3.3333333333333335,1,3.3333333333333335,4,13.333333333333334,2.2666666666666666,1.6918103387266028,1.5,2.0,83.33333333333334,86.66666666666667,86.66666666666667,15,50.0,5,16.666666666666664,5,16.666666666666664,1,3.3333333333333335,0,0.0,4,13.333333333333334,2.2333333333333334,1.54236470683457,1.5,2.0,80.0,90.0,93.33333333333333,15,50.0,4,13.333333333333334,5,16.666666666666664,3,10.0,1,3.3333333333333335,2,6.666666666666667
567,False,2.966666666666667,1.834545054108935,2.0,3.5,63.33333333333333,73.33333333333333,83.33333333333334,8,26.666666666666668,9,30.0,2,6.666666666666667,3,10.0,3,10.0,5,16.666666666666664,2.033333333333333,1.760366123534786,1.0,1.0,83.33333333333334,83.33333333333334,86.66666666666667,19,63.33333333333333,5,16.666666666666664,1,3.3333333333333335,0,0.0,1,3.3333333333333335,4,13.333333333333334,2.3333333333333335,2.00554786086551,1.0,1.75,76.66666666666667,76.66666666666667,80.0,18,60.0,4,13.333333333333334,1,3.3333333333333335,0,0.0,1,3.3333333333333335,6,20.0,2.566666666666667,1.8015425489162213,2.0,2.75,73.33333333333333,80.0,86.66666666666667,13,43.333333333333336,5,16.666666666666664,4,13.333333333333334,2,6.666666666666667,2,6.666666666666667,4,13.333333333333334
568,True,2.533333333333333,1.6275407487644937,2.0,2.0,80.0,83.33333333333334,90.0,11,36.666666666666664,6,20.0,7,23.333333333333332,1,3.3333333333333335,2,6.666666666666667,3,10.0,2.2,1.8330302779823362,1.0,1.75,80.0,80.0,86.66666666666667,18,60.0,4,13.333333333333334,2,6.666666666666667,0,0.0,2,6.666666666666667,4,13.333333333333334,2.433333333333333,1.9439364415764442,1.0,2.0,76.66666666666667,80.0,80.0,16,53.333333333333336,4,13.333333333333334,3,10.0,1,3.3333333333333335,0,0.0,6,20.0,2.566666666666667,1.8381754238616317,2.0,2.0,76.66666666666667,80.0,83.33333333333334,13,43.333333333333336,5,16.666666666666664,5,16.666666666666664,1,3.3333333333333335,1,3.3333333333333335,5,16.666666666666664
569,False,3.1333333333333333,2.0121851030382096,2.0,4.75,60.0,70.0,73.33333333333333,9,30.0,7,23.333333333333332,2,6.666666666666667,3,10.0,1,3.3333333333333335,8,26.666666666666668,2.2333333333333334,1.8740923729160797,1.0,1.0,80.0,80.0,83.33333333333334,17,56.666666666666664,6,20.0,1,3.3333333333333335,0,0.0,1,3.3333333333333335,5,16.666666666666664,2.3333333333333335,1.8499249234015476,1.5,1.75,80.0,80.0,83.33333333333334,15,50.0,7,23.333333333333332,2,6.666666666666667,0,0.0,1,3.3333333333333335,5,16.666666666666664,2.966666666666667,2.0893911925619757,2.0,4.0,63.33333333333333,66.66666666666666,76.66666666666667,13,43.333333333333336,3,10.0,3,10.0,1,3.3333333333333335,3,10.0,7,23.333333333333332
570,True,1.8666666666666667,1.0873004286866725,2.0,1.0,93.33333333333333,96.66666666666667,96.66666666666667,13,43.333333333333336,12,40.0,3,10.0,1,3.3333333333333335,0,0.0,1,3.3333333333333335,1.9333333333333333,1.3888444437333105,1.0,1.0,86.66666666666667,93.33333333333333,93.33333333333333,16,53.333333333333336,8,26.666666666666668,2,6.666666666666667,2,6.666666666666667,0,0.0,2,6.666666666666667,2.1666666666666665,1.6947631758514883,1.0,1.75,83.33333333333334,86.66666666666667,86.66666666666667,16,53.333333333333336,6,20.0,3,10.0,1,3.3333333333333335,0,0.0,4,13.333333333333334,2.1,1.3253930234714029,2.0,1.75,90.0,93.33333333333333,93.33333333333333,12,40.0,10,33.33333333333333,5,16.666666666666664,1,3.3333333333333335,0,0.0,2,6.666666666666667
571,True,2.4,1.0519822558706333,2.0,1.0,80.0,100.0,100.0,7,23.333333333333332,10,33.33333333333333,7,23.333333333333332,6,20.0,0,0.0,0,0.0,2.2333333333333334,1.5638272140986536,2.0,2.0,83.33333333333334,90.0,90.0,14,46.666666666666664,6,20.0,5,16.666666666666664,2,6.666666666666667,0,0.0,3,10.0,2.3,1.5088627063675033,2.0,2.0,80.0,90.0,93.33333333333333,13,43.333333333333336,6,20.0,5,16.666666666666664,3,10.0,1,3.3333333333333335,2,6.666666666666667,2.9,1.7953644012660308,2.0,1.75,73.33333333333333,76.66666666666667,80.0,7,23.333333333333332,10,33.33333333333333,5,16.666666666666664,1,3.3333333333333335,1,3.3333333333333335,6,20.0
572,True,2.1333333333333333,1.3349989596333858,2.0,1.0,83.33333333333334,90.0,96.66666666666667,11,36.666666666666664,13,43.333333333333336,1,3.3333333333333335,2,6.666666666666667,2,6.666666666666667,1,3.3333333333333335,2.033333333333333,1.6224124698183944,1.0,1.0,83.33333333333334,86.66666666666667,90.0,17,56.666666666666664,7,23.333333333333332,1,3.3333333333333335,1,3.3333333333333335,1,3.3333333333333335,3,10.0,2.3,1.8645821694595994,1.0,1.75,80.0,80.0,83.33333333333334,16,53.333333333333336,6,20.0,2,6.666666666666667,0,0.0,1,3.3333333333333335,5,16.666666666666664,2.5,1.8211717839530315,2.0,2.75,73.33333333333333,83.33333333333334,83.33333333333334,13,43.333333333333336,7,23.333333333333332,2,6.666666666666667,3,10.0,0,0.0,5,16.666666666666664
573,False,2.7,1.7540429489230493,2.0,2.75,73.33333333333333,80.0,86.66666666666667,11,36.666666666666664,5,16.666666666666664,6,20.0,2,6.666666666666667,2,6.666666666666667,4,13.333333333333334,2.1,1.6802777548171413,1.0,1.75,80.0,86.66666666666667,90.0,18,60.0,4,13.333333333333334,2,6.666666666666667,2,6.666666666666667,1,3.3333333333333335,3,10.0,2.3333333333333335,1.7191729277636836,1.5,2.0,80.0,86.66666666666667,86.66666666666667,15,50.0,4,13.333333333333334,5,16.666666666666664,2,6.666666666666667,0,0.0,4,13.333333333333334,2.533333333333333,1.6478942792411035,2.0,2.75,73.33333333333333,86.66666666666667,90.0,12,40.0,5,16.666666666666664,5,16.666666666666664,4,13.333333333333334,1,3.3333333333333335,3,10.0
574,False,2.5,1.5438048235879214,2.0,2.0,80.0,86.66666666666667,90.0,9,30.0,10,33.33333333333333,5,16.666666666666664,2,6.666666666666667,1,3.3333333333333335,3,10.0,2.2333333333333334,1.6265163865007803,2.0,1.75,80.0,86.66666666666667,90.0,14,46.666666666666664,8,26.666666666666668,2,6.666666666666667,2,6.666666666666667,1,3.3333333333333335,3,10.0,2.5,1.7841898254763513,2.0,2.0,76.66666666666667,83.33333333333334,83.33333333333334,12,40.0,8,26.666666666666668,3,10.0,2,6.666666666666667,0,0.0,5,16.666666666666664,2.6333333333333333,1.74132771821453,2.0,3.0,70.0,83.33333333333334,86.66666666666667,11,36.666666666666664,7,23.333333333333332,3,10.0,4,13.333333333333334,1,3.3333333333333335,4,13.333333333333334
575,True,2.1666666666666665,1.1571036638473187,2.0,1.75,86.66666666666667,96.66666666666667,96.66666666666667,9,30.0,13,43.333333333333336,4,13.333333333333334,3,10.0,0,0.0,1,3.3333333333333335,2.033333333333333,1.5595583420386114,1.0,1.0,83.33333333333334,90.0,90.0,16,53.333333333333336,8,26.666666666666668,1,3.3333333333333335,2,6.666666666666667,0,0.0,3,10.0,2.2666666666666666,1.7499206331208919,1.5,1.75,80.0,83.33333333333334,86.66666666666667,15,50.0,7,23.333333333333332,2,6.666666666666667,1,3.3333333333333335,1,3.3333333333333335,4,13.333333333333334,2.6333333333333333,1.8705317128797598,2.0,2.75,73.33333333333333,76.66666666666667,83.33333333333334,12,40.0,7,23.333333333333332,3,10.0,1,3.3333333333333335,2,6.666666666666667,5,16.666666666666664
576,True,2.566666666666667,1.358512258154322,2.0,1.75,73.33333333333333,90.0,96.66666666666667,7,23.333333333333332,11,36.666666666666664,4,13.333333333333334,5,16.666666666666664,2,6.666666666666667,1,3.3333333333333335,2.2,1.8147543451754933,1.0,1.0,80.0,80.0,86.66666666666667,17,56.666666666666664,6,20.0,1,3.3333333333333335,0,0.0,2,6.666666666666667,4,13.333333333333334,2.5,1.91049731745428,2.0,2.5,73.33333333333333,80.0,80.0,13,43.333333333333336,9,30.0,0,0.0,2,6.666666666666667,0,0.0,6,20.0,2.566666666666667,1.6265163865007803,2.0,3.0,70.0,86.66666666666667,90.0,10,33.33333333333333,9,30.0,2,6.666666666666667,5,16.666666666666664,1,3.3333333333333335,3,10.0
577,True,2.5,1.5864005379054391,2.0,2.0,83.33333333333334,83.33333333333334,90.0,10,33.33333333333333,8,26.666666666666668,7,23.333333333333332,0,0.0,2,6.666666666666667,3,10.0,2.066666666666667,1.590248058916875,1.0,1.75,83.33333333333334,90.0,90.0,17,56.666666666666664,5,16.666666666666664,3,10.0,2,6.666666666666667,0,0.0,3,10.0,2.2333333333333334,1.7451520150277902,1.0,2.0,83.33333333333334,83.33333333333334,86.66666666666667,16,53.333333333333336,5,16.666666666666664,4,13.333333333333334,0,0.0,1,3.3333333333333335,4,13.333333333333334,2.1333333333333333,1.309792180292567,2.0,1.75,83.33333333333334,93.33333333333333,96.66666666666667,12,40.0,10,33.33333333333333,3,10.0,3,10.0,1,3.3333333333333335,1,3.3333333333333335
578,False,2.4,1.781385228784985,2.0,1.0,76.66666666666667,83.33333333333334,83.33333333333334,12,40.0,11,36.666666666666664,0,0.0,2,6.666666666666667,0,0.0,5,16.666666666666664,2.1333333333333333,1.839081896551163,1.0,1.0,80.0,83.33333333333334,83.33333333333334,18,60.0,6,20.0,0,0.0,1,3.3333333333333335,0,0.0,5,16.666666666666664,2.1,1.7953644012660308,1.0,1.0,83.33333333333334,83.33333333333334,83.33333333333334,17,56.666666666666664,8,26.666666666666668,0,0.0,0,0.0,0,0.0,5,16.666666666666664,2.466666666666667,1.8208667044996887,2.0,1.75,76.66666666666667,80.0,83.33333333333334,12,40.0,10,33.33333333333333,1,3.3333333333333335,1,3.3333333333333335,1,3.3333333333333335,5,16.666666666666664
579,True,2.5,1.52206000757745,2.0,1.0,83.33333333333334,83.33333333333334,90.0,7,23.333333333333332,14,46.666666666666664,4,13.333333333333334,0,0.0,2,6.666666666666667,3,10.0,2.1333333333333333,1.4313940369055924,2.0,2.0,83.33333333333334,93.33333333333333,93.33333333333333,14,46.666666666666664,7,23.333333333333332,4,13.333333333333334,3,10.0,0,0.0,2,6.666666666666667,2.2,1.3012814197295424,2.0,2.0,86.66666666666667,93.33333333333333,96.66666666666667,12,40.0,7,23.333333333333332,7,23.333333333333332,2,6.666666666666667,1,3.3333333333333335,1,3.3333333333333335,2.2666666666666666,1.2892719737209146,2.0,2.0,83.33333333333334,93.33333333333333,96.66666666666667,10,33.33333333333333,10,33.33333333333333,5,16.666666666666664,3,10.0,1,3.3333333333333335,1,3.3333333333333335
580,False,2.566666666666667,1.6868774571839995,2.0,2.0,76.66666666666667,83.33333333333334,86.66666666666667,10,33.33333333333333,9,30.0,4,13.333333333333334,2,6.666666666666667,1,3.3333333333333335,4,13.333333333333334,1.9666666666666666,1.5807874268505833,1.0,1.75,86.66666666666667,90.0,90.0,19,63.33333333333333,3,10.0,4,13.333333333333334,1,3.3333333333333335,0,0.0,3,10.0,2.2333333333333334,1.8381754238616317,1.0,2.0,76.66666666666667,83.33333333333334,86.66666666666667,19,63.33333333333333,1,3.3333333333333335,3,10.0,2,6.666666666666667,1,3.3333333333333335,4,13.333333333333334,2.6333333333333333,1.8705317128797596,2.0,3.0,70.0,80.0,83.33333333333334,13,43.333333333333336,5,16.666666666666664,3,10.0,3,10.0,1,3.3333333333333335,5,16.666666666666664
581,True,2.3666666666666667,1.87053171287976,1.0,2.0,76.66666666666667,83.33333333333334,83.33333333333334,17,56.666666666666664,2,6.666666666666667,4,13.333333333333334,2,6.666666666666667,0,0.0,5,16.666666666666664,2.1333333333333333,1.9275776393067945,1.0,1.75,80.0,80.0,83.33333333333334,21,70.0,1,3.3333333333333335,2,6.666666666666667,0,0.0,1,3.3333333333333335,5,16.666666666666664,2.3666666666666667,1.9576062480034697,1.0,2.0,76.66666666666667,80.0,80.0,17,56.666666666666664,4,13.333333333333334,2,6.666666666666667,1,3.3333333333333335,0,0.0,6,20.0,2.0,1.3662601021279464,1.0,2.0,93.33333333333333,93.33333333333333,93.33333333333333,16,53.333333333333336,4,13.333333333333334,8,26.666666666666668,0,0.0,0,0.0,2,6.666666666666667
582,True,1.7333333333333334,1.2631530214330944,1.0,1.0,86.66666666666667,96.66666666666667,96.66666666666667,20,66.66666666666666,4,13.333333333333334,2,6.666666666666667,3,10.0,0,0.0,1,3.3333333333333335,1.5666666666666667,1.3585122581543223,1.0,0.0,90.0,93.33333333333333,93.33333333333333,24,80.0,2,6.666666666666667,1,3.3333333333333335,1,3.3333333333333335,0,0.0,2,6.666666666666667,1.9666666666666666,1.7220788470785986,1.0,1.0,83.33333333333334,83.33333333333334,90.0,21,70.0,2,6.666666666666667,2,6.666666666666667,0,0.0,2,6.666666666666667,3,10.0,2.2,1.7204650534085253,1.0,2.0,76.66666666666667,86.66666666666667,90.0,18,60.0,2,6.666666666666667,3,10.0,3,10.0,1,3.3333333333333335,3,10.0
583,True,2.5,1.6881943016134133,2.0,2.0,76.66666666666667,83.33333333333334,86.66666666666667,10,33.33333333333333,11,36.666666666666664,2,6.666666666666667,2,6.666666666666667,1,3.3333333333333335,4,13.333333333333334,1.8333333333333333,1.5933891203622828,1.0,1.0,86.66666666666667,86.66666666666667,90.0,20,66.66666666666666,6,20.0,0,0.0,0,0.0,1,3.3333333333333335,3,10.0,2.1,1.7767010628315238,1.0,1.0,80.0,83.33333333333334,86.66666666666667,18,60.0,6,20.0,0,0.0,1,3.3333333333333335,1,3.3333333333333335,4,13.333333333333334,2.1666666666666665,1.4624940645653537,2.0,1.75,83.33333333333334,90.0,93.33333333333333,13,43.333333333333336,9,30.0,3,10.0,2,6.666666666666667,1,3.3333333333333335,2,6.666666666666667
584,True,1.8333333333333333,1.1279282877125754,1.5,1.0,93.33333333333333,96.66666666666667,96.66666666666667,15,50.0,9,30.0,4,13.333333333333334,1,3.3333333333333335,0,0.0,1,3.3333333333333335,1.9666666666666666,1.6224124698183942,1.0,1.0,86.66666666666667,86.66666666666667,90.0,19,63.33333333333333,4,13.333333333333334,3,10.0,0,0.0,1,3.3333333333333335,3,10.0,2.033333333333333,1.601735170231195,1.0,1.0,86.66666666666667,86.66666666666667,90.0,17,56.666666666666664,6,20.0,3,10.0,0,0.0,1,3.3333333333333335,3,10.0,2.566666666666667,1.8381754238616317,2.0,2.75,73.33333333333333,76.66666666666667,86.66666666666667,13,43.333333333333336,6,20.0,3,10.0,1,3.3333333333333335,3,10.0,4,13.333333333333334
585,False,2.6666666666666665,1.7575235101952091,2.0,2.0,76.66666666666667,76.66666666666667,86.66666666666667,10,33.33333333333333,8,26.666666666666668,5,16.666666666666664,0,0.0,3,10.0,4,13.333333333333334,2.066666666666667,1.4360439485692011,1.5,1.75,83.33333333333334,93.33333333333333,93.33333333333333,15,50.0,7,23.333333333333332,3,10.0,3,10.0,0,0.0,2,6.666666666666667,2.3,1.69607389776114,2.0,1.75,83.33333333333334,83.33333333333334,86.66666666666667,13,43.333333333333336,9,30.0,3,10.0,0,0.0,1,3.3333333333333335,4,13.333333333333334,2.433333333333333,1.6058919293927871,2.0,2.0,80.0,86.66666666666667,90.0,12,40.0,6,20.0,6,20.0,2,6.666666666666667,1,3.3333333333333335,3,10.0
586,True,2.2666666666666666,1.8427033281447005,1.0,1.0,76.66666666666667,83.33333333333334,83.33333333333334,16,53.333333333333336,7,23.333333333333332,0,0.0,2,6.666666666666667,0,0.0,5,16.666666666666664,1.8666666666666667,1.7838784213679535,1.0,0.0,83.33333333333334,83.33333333333334,86.66666666666667,23,76.66666666666667,2,6.666666666666667,0,0.0,0,0.0,1,3.3333333333333335,4,13.333333333333334,2.2666666666666666,2.015495527710797,1.0,2.5,73.33333333333333,80.0,80.0,20,66.66666666666666,2,6.666666666666667,0,0.0,2,6.666666666666667,0,0.0,6,20.0,2.466666666666667,1.9447936194419766,1.0,3.0,70.0,80.0,83.33333333333334,17,56.666666666666664,2,6.666666666666667,2,6.666666666666667,3,10.0,1,3.3333333333333335,5,16.666666666666664
587,True,2.6,1.7048949136725895,2.0,2.0,80.0,83.33333333333334,83.33333333333334,9,30.0,10,33.33333333333333,5,16.666666666666664,1,3.3333333333333335,0,0.0,5,16.666666666666664,2.066666666666667,1.5040685563571303,1.5,1.75,90.0,90.0,90.0,15,50.0,7,23.333333333333332,5,16.666666666666664,0,0.0,0,0.0,3,10.0,2.2333333333333334,1.6468825769380835,2.0,1.75,83.33333333333334,83.33333333333334,90.0,14,46.666666666666664,8,26.666666666666668,3,10.0,0,0.0,2,6.666666666666667,3,10.0,2.566666666666667,1.4761059883656353,2.0,1.75,76.66666666666667,86.66666666666667,93.33333333333333,8,26.666666666666668,10,33.33333333333333,5,16.666666666666664,3,10.0,2,6.666666666666667,2,6.666666666666667
588,True,2.033333333333333,1.3780017739062924,2.0,1.0,86.66666666666667,93.33333333333333,93.33333333333333,14,46.666666666666664,9,30.0,3,10.0,2,6.666666666666667,0,0.0,2,6.666666666666667,1.8666666666666667,1.4772346537440226,1.0,1.0,83.33333333333334,93.33333333333333,93.33333333333333,20,66.66666666666666,3,10.0,2,6.666666666666667,3,10.0,0,0.0,2,6.666666666666667,2.033333333333333,1.5595583420386114,1.0,1.75,86.66666666666667,90.0,90.0,17,56.666666666666664,5,16.666666666666664,4,13.333333333333334,1,3.3333333333333335,0,0.0,3,10.0,2.3666666666666667,1.6829207415152447,2.0,2.75,73.33333333333333,86.66666666666667,90.0,14,46.666666666666664,6,20.0,2,6.666666666666667,4,13.333333333333334,1,3.3333333333333335,3,10.0
589,False,2.2,1.4696938456699067,2.0,2.0,90.0,90.0,90.0,12,40.0,9,30.0,6,20.0,0,0.0,0,0.0,3,10.0,1.9333333333333333,1.5477582354991866,1.0,1.0,86.66666666666667,90.0,90.0,18,60.0,6,20.0,2,6.666666666666667,1,3.3333333333333335,0,0.0,3,10.0,2.2333333333333334,1.8381754238616317,1.0,1.75,80.0,83.33333333333334,83.33333333333334,17,56.666666666666664,5,16.666666666666664,2,6.666666666666667,1,3.3333333333333335,0,0.0,5,16.666666666666664,1.9666666666666666,1.4019827229875392,1.0,1.0,86.66666666666667,93.33333333333333,93.33333333333333,16,53.333333333333336,7,23.333333333333332,3,10.0,2,6.666666666666667,0,0.0,2,6.666666666666667
590,True,2.3333333333333335,1.4220486005134363,2.0,2.0,86.66666666666667,90.0,93.33333333333333,11,36.666666666666664,7,23.333333333333332,8,26.666666666666668,1,3.3333333333333335,1,3.3333333333333335,2,6.666666666666667,2.2666666666666666,1.671991493864594,1.5,2.0,86.66666666666667,86.66666666666667,86.66666666666667,15,50.0,4,13.333333333333334,7,23.333333333333332,0,0.0,0,0.0,4,13.333333333333334,2.533333333333333,1.7838784213679537,2.0,2.0,76.66666666666667,83.33333333333334,83.33333333333334,12,40.0,7,23.333333333333332,4,13.333333333333334,2,6.666666666666667,0,0.0,5,16.666666666666664,2.6,1.7048949136725897,2.0,2.0,76.66666666666667,83.33333333333334,86.66666666666667,11,36.666666666666664,6,20.0,6,20.0,2,6.666666666666667,1,3.3333333333333335,4,13.333333333333334
591,False,2.0,1.570562531918633,1.0,1.0,86.66666666666667,86.66666666666667,90.0,16,53.333333333333336,9,30.0,1,3.3333333333333335,0,0.0,1,3.3333333333333335,3,10.0,1.7666666666666666,1.3828312341794362,1.0,1.0,90.0,90.0,93.33333333333333,18,60.0,9,30.0,0,0.0,0,0.0,1,3.3333333333333335,2,6.666666666666667,2.2333333333333334,1.8015425489162213,1.0,1.75,83.33333333333334,83.33333333333334,83.33333333333334,16,53.333333333333336,6,20.0,3,10.0,0,0.0,0,0.0,5,16.666666666666664,2.066666666666667,1.590248058916875,1.0,1.0,83.33333333333334,83.33333333333334,93.33333333333333,16,53.333333333333336,8,26.666666666666668,1,3.3333333333333335,0,0.0,3,10.0,2,6.666666666666667
592,True,2.2333333333333334,1.5849991237291654,2.0,2.0,86.66666666666667,86.66666666666667,90.0,14,46.666666666666664,6,20.0,6,20.0,0,0.0,1,3.3333333333333335,3,10.0,1.9,1.468559384794046,1.0,1.0,86.66666666666667,90.0,93.33333333333333,18,60.0,6,20.0,2,6.666666666666667,1,3.3333333333333335,1,3.3333333333333335,2,6.666666666666667,2.033333333333333,1.6428295373802142,1.0,1.0,83.33333333333334,86.66666666666667,90.0,18,60.0,5,16.666666666666664,2,6.666666666666667,1,3.3333333333333335,1,3.3333333333333335,3,10.0,2.3333333333333335,1.699673171197595,2.0,2.0,80.0,86.66666666666667,86.66666666666667,14,46.666666666666664,6,20.0,4,13.333333333333334,2,6.666666666666667,0,0.0,4,13.333333333333334
593,True,2.1666666666666665,1.416176385749867,2.0,2.0,83.33333333333334,90.0,96.66666666666667,14,46.666666666666664,6,20.0,5,16.666666666666664,2,6.666666666666667,2,6.666666666666667,1,3.3333333333333335,1.7,1.3203534880225571,1.0,1.0,93.33333333333333,93.33333333333333,93.33333333333333,20,66.66666666666666,5,16.666666666666664,3,10.0,0,0.0,0,0.0,2,6.666666666666667,1.6,1.083205120618128,1.0,1.0,96.66666666666667,96.66666666666667,96.66666666666667,20,66.66666666666666,5,16.666666666666664,4,13.333333333333334,0,0.0,0,0.0,1,3.3333333333333335,2.5,1.7272328544042153,2.0,2.75,73.33333333333333,83.33333333333334,90.0,14,46.666666666666664,3,10.0,5,16.666666666666664,3,10.0,2,6.666666666666667,3,10.0
594,True,1.6333333333333333,0.9480975102218594,1.0,1.0,93.33333333333333,96.66666666666667,100.0,17,56.666666666666664,10,33.33333333333333,1,3.3333333333333335,1,3.3333333333333335,1,3.3333333333333335,0,0.0,1.8,1.536229149573722,1.0,1.0,86.66666666666667,90.0,90.0,20,66.66666666666666,6,20.0,0,0.0,1,3.3333333333333335,0,0.0,3,10.0,2.0,1.7126976771553504,1.0,1.0,83.33333333333334,86.66666666666667,86.66666666666667,19,63.33333333333333,5,16.666666666666664,1,3.3333333333333335,1,3.3333333333333335,0,0.0,4,13.333333333333334,2.066666666666667,1.3888444437333107,2.0,1.75,86.66666666666667,93.33333333333333,93.33333333333333,14,46.666666666666664,8,26.666666666666668,4,13.333333333333334,2,6.666666666666667,0,0.0,2,6.666666666666667
595,True,2.1666666666666665,1.2671051872498809,2.0,2.0,93.33333333333333,93.33333333333333,93.33333333333333,10,33.33333333333333,11,36.666666666666664,7,23.333333333333332,0,0.0,0,0.0,2,6.666666666666667,2.1333333333333333,1.687865186822955,1.0,1.0,83.33333333333334,86.66666666666667,86.66666666666667,16,53.333333333333336,7,23.333333333333332,2,6.666666666666667,1,3.3333333333333335,0,0.0,4,13.333333333333334,2.3333333333333335,1.7384539747207064,2.0,2.0,80.0,83.33333333333334,86.66666666666667,14,46.666666666666664,7,23.333333333333332,3,10.0,1,3.3333333333333335,1,3.3333333333333335,4,13.333333333333334,2.6666666666666665,1.7191729277636836,2.0,3.0,70.0,80.0,90.0,11,36.666666666666664,6,20.0,4,13.333333333333334,3,10.0,3,10.0,3,10.0
596,True,2.8,1.758787461103056,2.0,2.75,73.33333333333333,80.0,83.33333333333334,9,30.0,7,23.333333333333332,6,20.0,2,6.666666666666667,1,3.3333333333333335,5,16.666666666666664,2.2,1.6613247725836149,1.0,2.0,80.0,86.66666666666667,90.0,16,53.333333333333336,5,16.666666666666664,3,10.0,2,6.666666666666667,1,3.3333333333333335,3,10.0,2.3666666666666667,1.7792008193443358,1.5,2.0,76.66666666666667,83.33333333333334,86.66666666666667,15,50.0,5,16.666666666666664,3,10.0,2,6.666666666666667,1,3.3333333333333335,4,13.333333333333334,2.466666666666667,1.5434449203720302,2.0,2.0,80.0,90.0,90.0,11,36.666666666666664,6,20.0,7,23.333333333333332,3,10.0,0,0.0,3,10.0
597,True,2.033333333333333,1.4019827229875392,2.0,1.0,86.66666666666667,90.0,93.33333333333333,13,43.333333333333336,12,40.0,1,3.3333333333333335,1,3.3333333333333335,1,3.3333333333333335,2,6.666666666666667,1.6333333333333333,1.0482790129010924,1.0,1.0,90.0,96.66666666666667,100.0,19,63.33333333333333,7,23.333333333333332,1,3.3333333333333335,2,6.666666666666667,1,3.3333333333333335,0,0.0,2.066666666666667,1.6519348924485158,1.0,1.0,86.66666666666667,86.66666666666667,86.66666666666667,16,53.333333333333336,8,26.666666666666668,2,6.666666666666667,0,0.0,0,0.0,4,13.333333333333334,1.9,1.3988090172238192,1.0,1.0,90.0,90.0,93.33333333333333,16,53.333333333333336,9,30.0,2,6.666666666666667,0,0.0,1,3.3333333333333335,2,6.666666666666667
598,True,2.1333333333333333,1.3349989596333858,2.0,2.0,90.0,93.33333333333333,93.33333333333333,12,40.0,9,30.0,6,20.0,1,3.3333333333333335,0,0.0,2,6.666666666666667,2.0,1.6733200530681511,1.0,1.0,86.66666666666667,86.66666666666667,86.66666666666667,18,60.0,6,20.0,2,6.666666666666667,0,0.0,0,0.0,4,13.333333333333334,2.2333333333333334,1.9439364415764444,1.0,1.0,80.0,80.0,80.0,18,60.0,5,16.666666666666664,1,3.3333333333333335,0,0.0,0,0.0,6,20.0,2.6666666666666665,1.9206480387850577,2.0,2.75,73.33333333333333,76.66666666666667,80.0,12,40.0,7,23.333333333333332,3,10.0,1,3.3333333333333335,1,3.3333333333333335,6,20.0
599,False,2.7333333333333334,1.7688665548562132,2.0,2.75,73.33333333333333,80.0,83.33333333333334,9,30.0,9,30.0,4,13.333333333333334,2,6.666666666666667,1,3.3333333333333335,5,16.666666666666664,2.1,1.7578395831246945,1.0,1.75,80.0,86.66666666666667,86.66666666666667,19,63.33333333333333,3,10.0,2,6.666666666666667,2,6.666666666666667,0,0.0,4,13.333333333333334,2.2666666666666666,1.9310331143946988,1.0,1.0,80.0,80.0,80.0,17,56.666666666666664,6,20.0,1,3.3333333333333335,0,0.0,0,0.0,6,20.0,2.6333333333333333,1.7603661235347856,2.0,3.0,70.0,83.33333333333334,86.66666666666667,12,40.0,5,16.666666666666664,4,13.333333333333334,4,13.333333333333334,1,3.3333333333333335,4,13.333333333333334
600,True,2.6666666666666665,1.6996731711975948,2.0,2.0,80.0,83.33333333333334,83.33333333333334,9,30.0,8,26.666666666666668,7,23.333333333333332,1,3.3333333333333335,0,0.0,5,16.666666666666664,2.066666666666667,1.5040685563571303,1.5,1.75,90.0,90.0,90.0,15,50.0,7,23.333333333333332,5,16.666666666666664,0,0.0,0,0.0,3,10.0,2.066666666666667,1.5040685563571303,1.5,1.75,90.0,90.0,90.0,15,50.0,7,23.333333333333332,5,16.666666666666664,0,0.0,0,0.0,3,10.0,2.7333333333333334,1.671991493864594,2.0,1.75,80.0,83.33333333333334,83.33333333333334,8,26.666666666666668,8,26.666666666666668,8,26.666666666666668,1,3.3333333333333335,0,0.0,5,16.666666666666664
601,True,2.3333333333333335,1.7191729277636834,2.0,2.0,76.66666666666667,86.66666666666667,86.66666666666667,14,46.666666666666664,7,23.333333333333332,2,6.666666666666667,3,10.0,0,0.0,4,13.333333333333334,1.9333333333333333,1.6918103387266026,1.0,1.0,86.66666666666667,86.66666666666667,86.66666666666667,20,66.66666666666666,4,13.333333333333334,2,6.666666666666667,0,0.0,0,0.0,4,13.333333333333334,1.9,1.398809017223819,1.0,1.0,86.66666666666667,93.33333333333333,93.33333333333333,17,56.666666666666664,7,23.333333333333332,2,6.666666666666667,2,6.666666666666667,0,0.0,2,6.666666666666667,2.4,1.8366636418607882,1.5,2.75,73.33333333333333,80.0,86.66666666666667,15,50.0,6,20.0,1,3.3333333333333335,2,6.666666666666667,2,6.666666666666667,4,13.333333333333334
602,False,2.6,1.8726095873584188,2.0,3.5,73.33333333333333,73.33333333333333,86.66666666666667,13,43.333333333333336,6,20.0,3,10.0,0,0.0,4,13.333333333333334,4,13.333333333333334,2.033333333333333,1.7792008193443358,1.0,1.0,83.33333333333334,83.33333333333334,86.66666666666667,20,66.66666666666666,3,10.0,2,6.666666666666667,0,0.0,1,3.3333333333333335,4,13.333333333333334,2.0,1.6733200530681511,1.0,1.0,86.66666666666667,86.66666666666667,86.66666666666667,18,60.0,6,20.0,2,6.666666666666667,0,0.0,0,0.0,4,13.333333333333334,2.4,1.9252705437591533,1.5,1.75,76.66666666666667,80.0,80.0,15,50.0,7,23.333333333333332,1,3.3333333333333335,1,3.3333333333333335,0,0.0,6,20.0
603,False,2.7,1.6155494421403513,2.0,1.0,76.66666666666667,83.33333333333334,86.66666666666667,7,23.333333333333332,11,36.666666666666664,5,16.666666666666664,2,6.666666666666667,1,3.3333333333333335,4,13.333333333333334,2.2666666666666666,1.6519348924485155,2.0,1.75,76.66666666666667,86.66666666666667,90.0,14,46.666666666666664,8,26.666666666666668,1,3.3333333333333335,3,10.0,1,3.3333333333333335,3,10.0,2.566666666666667,1.7829438827088444,2.0,2.75,73.33333333333333,80.0,86.66666666666667,12,40.0,7,23.333333333333332,3,10.0,2,6.666666666666667,2,6.666666666666667,4,13.333333333333334,2.933333333333333,1.7499206331208916,2.0,2.0,70.0,76.66666666666667,83.33333333333334,7,23.333333333333332,9,30.0,5,16.666666666666664,2,6.666666666666667,2,6.666666666666667,5,16.666666666666664
604,True,2.066666666666667,1.2631530214330946,2.0,1.0,93.33333333333333,93.33333333333333,93.33333333333333,11,36.666666666666664,12,40.0,5,16.666666666666664,0,0.0,0,0.0,2,6.666666666666667,1.9333333333333333,1.4590712418826193,1.5,1.0,90.0,90.0,90.0,15,50.0,11,36.666666666666664,1,3.3333333333333335,0,0.0,0,0.0,3,10.0,2.3,1.7916472867168918,2.0,1.0,80.0,83.33333333333334,83.33333333333334,14,46.666666666666664,9,30.0,1,3.3333333333333335,1,3.3333333333333335,0,0.0,5,16.666666666666664,2.466666666666667,1.7269111795984824,2.0,2.0,76.66666666666667,83.33333333333334,86.66666666666667,12,40.0,8,26.666666666666668,3,10.0,2,6.666666666666667,1,3.3333333333333335,4,13.333333333333334
605,True,2.5,1.8929694486000912,2.0,2.0,76.66666666666667,76.66666666666667,83.33333333333334,14,46.666666666666664,6,20.0,3,10.0,0,0.0,2,6.666666666666667,5,16.666666666666664,2.2333333333333334,1.856220772310114,1.0,2.0,80.0,80.0,86.66666666666667,19,63.33333333333333,1,3.3333333333333335,4,13.333333333333334,0,0.0,2,6.666666666666667,4,13.333333333333334,2.2,1.7776388834631176,1.0,2.0,83.33333333333334,83.33333333333334,86.66666666666667,18,60.0,2,6.666666666666667,5,16.666666666666664,0,0.0,1,3.3333333333333335,4,13.333333333333334,2.2666666666666666,1.730767331432956,1.0,2.0,76.66666666666667,83.33333333333334,90.0,16,53.333333333333336,5,16.666666666666664,2,6.666666666666667,2,6.666666666666667,2,6.666666666666667,3,10.0
606,True,2.2333333333333334,1.382831234179436,2.0,1.75,80.0,90.0,96.66666666666667,11,36.666666666666664,11,36.666666666666664,2,6.666666666666667,3,10.0,2,6.666666666666667,1,3.3333333333333335,1.9333333333333333,1.4590712418826193,1.0,1.0,83.33333333333334,93.33333333333333,93.33333333333333,18,60.0,5,16.666666666666664,2,6.666666666666667,3,10.0,0,0.0,2,6.666666666666667,1.9333333333333333,1.4590712418826193,1.0,1.0,83.33333333333334,93.33333333333333,93.33333333333333,18,60.0,5,16.666666666666664,2,6.666666666666667,3,10.0,0,0.0,2,6.666666666666667,2.7,1.9347695814575268,2.0,3.0,70.0,76.66666666666667,80.0,12,40.0,7,23.333333333333332,2,6.666666666666667,2,6.666666666666667,1,3.3333333333333335,6,20.0
607,False,2.3,1.5524174696260022,2.0,1.75,83.33333333333334,86.66666666666667,90.0,11,36.666666666666664,11,36.666666666666664,3,10.0,1,3.3333333333333335,1,3.3333333333333335,3,10.0,1.8666666666666667,1.499629583893599,1.0,1.0,90.0,90.0,90.0,18,60.0,7,23.333333333333332,2,6.666666666666667,0,0.0,0,0.0,3,10.0,1.9666666666666666,1.4940623220676648,1.0,1.0,90.0,90.0,90.0,16,53.333333333333336,8,26.666666666666668,3,10.0,0,0.0,0,0.0,3,10.0,2.8,1.8147543451754935,2.0,3.0,70.0,76.66666666666667,83.33333333333334,9,30.0,9,30.0,3,10.0,2,6.666666666666667,2,6.666666666666667,5,16.666666666666664
608,True,2.1333333333333333,1.4079141387961918,2.0,2.0,90.0,90.0,93.33333333333333,13,43.333333333333336,8,26.666666666666668,6,20.0,0,0.0,1,3.3333333333333335,2,6.666666666666667,1.9333333333333333,1.6719914938645934,1.0,1.0,86.66666666666667,86.66666666666667,86.66666666666667,19,63.33333333333333,6,20.0,1,3.3333333333333335,0,0.0,0,0.0,4,13.333333333333334,1.9666666666666666,1.4255603186895396,1.0,1.75,86.66666666666667,93.33333333333333,93.33333333333333,17,56.666666666666664,5,16.666666666666664,4,13.333333333333334,2,6.666666666666667,0,0.0,2,6.666666666666667,2.1666666666666665,1.4851112939963642,2.0,1.0,86.66666666666667,90.0,90.0,12,40.0,11,36.666666666666664,3,10.0,1,3.3333333333333335,0,0.0,3,10.0
609,False,2.566666666666667,1.8199511592958266,2.0,2.0,76.66666666666667,80.0,83.33333333333334,12,40.0,7,23.333333333333332,4,13.333333333333334,1,3.3333333333333335,1,3.3333333333333335,5,16.666666666666664,1.9333333333333333,1.5902480589168748,1.0,1.0,83.33333333333334,90.0,90.0,19,63.33333333333333,5,16.666666666666664,1,3.3333333333333335,2,6.666666666666667,0,0.0,3,10.0,2.1666666666666665,1.7143187827498387,1.0,1.75,80.0,83.33333333333334,90.0,17,56.666666666666664,5,16.666666666666664,2,6.666666666666667,1,3.3333333333333335,2,6.666666666666667,3,10.0,2.1333333333333333,1.4079141387961915,1.5,2.0,80.0,93.33333333333333,96.66666666666667,15,50.0,5,16.666666666666664,4,13.333333333333334,4,13.333333333333334,1,3.3333333333333335,1,3.3333333333333335
610,False,2.7333333333333334,1.896195020443719,2.0,2.75,73.33333333333333,76.66666666666667,80.0,11,36.666666666666664,7,23.333333333333332,4,13.333333333333334,1,3.3333333333333335,1,3.3333333333333335,6,20.0,2.1,1.6401219466856725,1.0,1.75,83.33333333333334,86.66666666666667,90.0,17,56.666666666666664,5,16.666666666666664,3,10.0,1,3.3333333333333335,1,3.3333333333333335,3,10.0,2.2,1.7776388834631176,1.0,1.75,80.0,83.33333333333334,86.66666666666667,17,56.666666666666664,5,16.666666666666664,2,6.666666666666667,1,3.3333333333333335,1,3.3333333333333335,4,13.333333333333334,2.2666666666666666,1.4817407180595246,2.0,2.0,80.0,90.0,93.33333333333333,12,40.0,9,30.0,3,10.0,3,10.0,1,3.3333333333333335,2,6.666666666666667
611,True,1.9,1.106044001535804,2.0,1.75,96.66666666666667,96.66666666666667,96.66666666666667,14,46.666666666666664,8,26.666666666666668,7,23.333333333333332,0,0.0,0,0.0,1,3.3333333333333335,1.9,1.4224392195567912,1.0,1.0,90.0,90.0,93.33333333333333,17,56.666666666666664,7,23.333333333333332,3,10.0,0,0.0,1,3.3333333333333335,2,6.666666666666667,2.033333333333333,1.4715826703096078,1.0,1.75,86.66666666666667,90.0,93.33333333333333,16,53.333333333333336,6,20.0,4,13.333333333333334,1,3.3333333333333335,1,3.3333333333333335,2,6.666666666666667,2.3,1.636052158907737,2.0,2.0,83.33333333333334,83.33333333333334,90.0,13,43.333333333333336,8,26.666666666666668,4,13.333333333333334,0,0.0,2,6.666666666666667,3,10.0
612,True,2.533333333333333,1.8208667044996885,2.0,1.75,80.0,80.0,80.0,10,33.33333333333333,12,40.0,2,6.666666666666667,0,0.0,0,0.0,6,20.0,2.066666666666667,1.7499206331208919,1.0,1.0,83.33333333333334,83.33333333333334,86.66666666666667,18,60.0,6,20.0,1,3.3333333333333335,0,0.0,1,3.3333333333333335,4,13.333333333333334,2.0,1.390443574307614,2.0,1.0,90.0,90.0,93.33333333333333,14,46.666666666666664,10,33.33333333333333,3,10.0,0,0.0,1,3.3333333333333335,2,6.666666666666667,2.533333333333333,1.8208667044996885,2.0,2.75,73.33333333333333,76.66666666666667,86.66666666666667,12,40.0,9,30.0,1,3.3333333333333335,1,3.3333333333333335,3,10.0,4,13.333333333333334
613,True,2.466666666666667,1.4772346537440226,2.0,1.75,86.66666666666667,86.66666666666667,90.0,8,26.666666666666668,11,36.666666666666664,7,23.333333333333332,0,0.0,1,3.3333333333333335,3,10.0,2.033333333333333,1.601735170231195,1.0,1.0,83.33333333333334,86.66666666666667,90.0,16,53.333333333333336,9,30.0,0,0.0,1,3.3333333333333335,1,3.3333333333333335,3,10.0,1.9333333333333333,1.339983416149452,1.5,1.0,86.66666666666667,90.0,96.66666666666667,15,50.0,10,33.33333333333333,1,3.3333333333333335,1,3.3333333333333335,2,6.666666666666667,1,3.3333333333333335,2.533333333333333,1.6679994670929073,2.0,2.75,73.33333333333333,83.33333333333334,90.0,11,36.666666666666664,8,26.666666666666668,3,10.0,3,10.0,2,6.666666666666667,3,10.0
614,True,2.6333333333333333,1.7978382080215733,2.0,3.0,70.0,83.33333333333334,83.33333333333334,11,36.666666666666664,8,26.666666666666668,2,6.666666666666667,4,13.333333333333334,0,0.0,5,16.666666666666664,2.066666666666667,1.7113996870657915,1.0,1.0,80.0,83.33333333333334,90.0,18,60.0,6,20.0,0,0.0,1,3.3333333333333335,2,6.666666666666667,3,10.0,2.2666666666666666,1.6918103387266028,2.0,1.0,76.66666666666667,83.33333333333334,90.0,14,46.666666666666664,9,30.0,0,0.0,2,6.666666666666667,2,6.666666666666667,3,10.0,2.3666666666666667,1.7792008193443356,1.5,2.75,73.33333333333333,80.0,90.0,15,50.0,6,20.0,1,3.3333333333333335,2,6.666666666666667,3,10.0,3,10.0
615,False,2.6333333333333333,1.9232495649002208,2.0,1.75,76.66666666666667,76.66666666666667,76.66666666666667,10,33.33333333333333,12,40.0,1,3.3333333333333335,0,0.0,0,0.0,7,23.333333333333332,2.066666666666667,1.6110727964792764,1.0,1.0,83.33333333333334,86.66666666666667,90.0,16,53.333333333333336,8,26.666666666666668,1,3.3333333333333335,1,3.3333333333333335,1,3.3333333333333335,3,10.0,2.3666666666666667,1.7603661235347858,2.0,2.0,83.33333333333334,83.33333333333334,83.33333333333334,13,43.333333333333336,8,26.666666666666668,4,13.333333333333334,0,0.0,0,0.0,5,16.666666666666664,2.533333333333333,1.839081896551163,2.0,2.75,73.33333333333333,80.0,83.33333333333334,12,40.0,9,30.0,1,3.3333333333333335,2,6.666666666666667,1,3.3333333333333335,5,16.666666666666664
616,True,2.3666666666666667,1.9232495649002208,1.0,1.75,76.66666666666667,76.66666666666667,83.33333333333334,16,53.333333333333336,6,20.0,1,3.3333333333333335,0,0.0,2,6.666666666666667,5,16.666666666666664,1.8333333333333333,1.6549588783075213,1.0,0.75,83.33333333333334,86.66666666666667,90.0,22,73.33333333333333,3,10.0,0,0.0,1,3.3333333333333335,1,3.3333333333333335,3,10.0,1.9333333333333333,1.7113996870657915,1.0,1.0,83.33333333333334,83.33333333333334,90.0,21,70.0,3,10.0,1,3.3333333333333335,0,0.0,2,6.666666666666667,3,10.0,2.0,1.6733200530681511,1.0,1.0,80.0,83.33333333333334,93.33333333333333,20,66.66666666666666,3,10.0,1,3.3333333333333335,1,3.3333333333333335,3,10.0,2,6.666666666666667
617,True,2.533333333333333,1.6478942792411035,2.0,2.0,80.0,80.0,90.0,10,33.33333333333333,9,30.0,5,16.666666666666664,0,0.0,3,10.0,3,10.0,2.066666666666667,1.590248058916875,1.0,1.0,86.66666666666667,86.66666666666667,90.0,16,53.333333333333336,7,23.333333333333332,3,10.0,0,0.0,1,3.3333333333333335,3,10.0,2.1333333333333333,1.4996295838935991,2.0,1.0,86.66666666666667,90.0,90.0,13,43.333333333333336,10,33.33333333333333,3,10.0,1,3.3333333333333335,0,0.0,3,10.0,2.3333333333333335,1.6397831834998458,2.0,2.0,83.33333333333334,83.33333333333334,90.0,13,43.333333333333336,7,23.333333333333332,5,16.666666666666664,0,0.0,2,6.666666666666667,3,10.0
618,True,1.9,1.2206555615733705,1.0,1.75,90.0,96.66666666666667,96.66666666666667,16,53.333333333333336,6,20.0,5,16.666666666666664,2,6.666666666666667,0,0.0,1,3.3333333333333335,1.9,1.556705923844749,1.0,1.0,86.66666666666667,90.0,90.0,19,63.33333333333333,5,16.666666666666664,2,6.666666666666667,1,3.3333333333333335,0,0.0,3,10.0,1.9333333333333333,1.5040685563571303,1.0,1.0,90.0,90.0,90.0,17,56.666666666666664,7,23.333333333333332,3,10.0,0,0.0,0,0.0,3,10.0,2.433333333333333,1.9439364415764442,1.0,2.0,76.66666666666667,80.0,80.0,16,53.333333333333336,4,13.333333333333334,3,10.0,1,3.3333333333333335,0,0.0,6,20.0
619,True,1.5333333333333334,0.8055363982396383,1.0,1.0,96.66666666666667,100.0,100.0,19,63.33333333333333,7,23.333333333333332,3,10.0,1,3.3333333333333335,0,0.0,0,0.0,1.6,1.2806248474865696,1.0,1.0,93.33333333333333,93.33333333333333,93.33333333333333,21,70.0,6,20.0,1,3.3333333333333335,0,0.0,0,0.0,2,6.666666666666667,1.6333333333333333,1.303414319734477,1.0,1.0,93.33333333333333,93.33333333333333,93.33333333333333,21,70.0,5,16.666666666666664,2,6.666666666666667,0,0.0,0,0.0,2,6.666666666666667,1.6666666666666667,1.0434983894999017,1.0,1.0,96.66666666666667,96.66666666666667,96.66666666666667,17,56.666666666666664,9,30.0,3,10.0,0,0.0,0,0.0,1,3.3333333333333335
620,True,2.6666666666666665,1.6193277068654826,2.0,2.0,76.66666666666667,86.66666666666667,86.66666666666667,9,30.0,7,23.333333333333332,7,23.333333333333332,3,10.0,0,0.0,4,13.333333333333334,2.2666666666666666,1.7688665548562132,1.0,2.0,80.0,83.33333333333334,86.66666666666667,16,53.333333333333336,5,16.666666666666664,3,10.0,1,3.3333333333333335,1,3.3333333333333335,4,13.333333333333334,2.5,1.8393839548428526,2.0,2.75,73.33333333333333,83.33333333333334,83.33333333333334,14,46.666666666666664,5,16.666666666666664,3,10.0,3,10.0,0,0.0,5,16.666666666666664,2.8,1.8690461025168248,2.5,3.0,70.0,76.66666666666667,83.33333333333334,12,40.0,3,10.0,6,20.0,2,6.666666666666667,2,6.666666666666667,5,16.666666666666664
621,False,2.3666666666666667,1.6428295373802142,2.0,2.0,80.0,86.66666666666667,90.0,14,46.666666666666664,4,13.333333333333334,6,20.0,2,6.666666666666667,1,3.3333333333333335,3,10.0,1.9666666666666666,1.7413277182145301,1.0,1.0,83.33333333333334,86.66666666666667,86.66666666666667,21,70.0,2,6.666666666666667,2,6.666666666666667,1,3.3333333333333335,0,0.0,4,13.333333333333334,2.033333333333333,1.7220788470785986,1.0,1.0,83.33333333333334,86.66666666666667,86.66666666666667,19,63.33333333333333,4,13.333333333333334,2,6.666666666666667,1,3.3333333333333335,0,0.0,4,13.333333333333334,2.5,1.8393839548428526,1.5,2.75,73.33333333333333,80.0,86.66666666666667,15,50.0,3,10.0,4,13.333333333333334,2,6.666666666666667,2,6.666666666666667,4,13.333333333333334
622,True,2.6,1.7625738755203049,2.0,2.0,80.0,80.0,83.33333333333334,10,33.33333333333333,9,30.0,5,16.666666666666664,0,0.0,1,3.3333333333333335,5,16.666666666666664,2.033333333333333,1.5807874268505835,1.0,2.0,86.66666666666667,90.0,90.0,18,60.0,3,10.0,5,16.666666666666664,1,3.3333333333333335,0,0.0,3,10.0,2.3333333333333335,1.8856180831641267,1.0,2.0,80.0,80.0,83.33333333333334,17,56.666666666666664,3,10.0,4,13.333333333333334,0,0.0,1,3.3333333333333335,5,16.666666666666664,2.4827586206896552,1.793103448275862,2.0,2.0,82.75862068965517,82.75862068965517,82.75862068965517,13,44.827586206896555,4,13.793103448275861,7,24.137931034482758,0,0.0,0,0.0,5,17.24137931034483
623,True,2.8666666666666667,1.6478942792411033,2.5,2.75,66.66666666666666,80.0,90.0,8,26.666666666666668,7,23.333333333333332,5,16.666666666666664,4,13.333333333333334,3,10.0,3,10.0,2.3,1.636052158907737,2.0,2.0,83.33333333333334,83.33333333333334,90.0,13,43.333333333333336,8,26.666666666666668,4,13.333333333333334,0,0.0,2,6.666666666666667,3,10.0,2.5,1.8211717839530315,2.0,2.0,76.66666666666667,76.66666666666667,86.66666666666667,13,43.333333333333336,7,23.333333333333332,3,10.0,0,0.0,3,10.0,4,13.333333333333334,2.8,1.7204650534085253,2.0,2.5,73.33333333333333,76.66666666666667,86.66666666666667,8,26.666666666666668,9,30.0,5,16.666666666666664,1,3.3333333333333335,3,10.0,4,13.333333333333334
624,False,2.3666666666666667,1.7603661235347858,2.0,1.75,80.0,80.0,86.66666666666667,13,43.333333333333336,9,30.0,2,6.666666666666667,0,0.0,2,6.666666666666667,4,13.333333333333334,2.0,1.6733200530681511,1.0,1.0,80.0,86.66666666666667,90.0,19,63.33333333333333,5,16.666666666666664,0,0.0,2,6.666666666666667,1,3.3333333333333335,3,10.0,2.2,1.8690461025168248,1.0,1.75,76.66666666666667,80.0,86.66666666666667,19,63.33333333333333,3,10.0,1,3.3333333333333335,1,3.3333333333333335,2,6.666666666666667,4,13.333333333333334,2.5,1.8393839548428526,2.0,3.0,70.0,80.0,86.66666666666667,14,46.666666666666664,6,20.0,1,3.3333333333333335,3,10.0,2,6.666666666666667,4,13.333333333333334
625,False,2.7333333333333334,1.8245242911205346,2.0,2.75,73.33333333333333,76.66666666666667,83.33333333333334,10,33.33333333333333,8,26.666666666666668,4,13.333333333333334,1,3.3333333333333335,2,6.666666666666667,5,16.666666666666664,2.3666666666666667,1.9913702708325127,1.0,1.75,76.66666666666667,76.66666666666667,80.0,17,56.666666666666664,5,16.666666666666664,1,3.3333333333333335,0,0.0,1,3.3333333333333335,6,20.0,2.5,1.9621416870348585,1.5,2.0,76.66666666666667,76.66666666666667,80.0,15,50.0,5,16.666666666666664,3,10.0,0,0.0,1,3.3333333333333335,6,20.0,2.9,1.972308292331602,2.0,3.75,70.0,73.33333333333333,76.66666666666667,11,36.666666666666664,5,16.666666666666664,5,16.666666666666664,1,3.3333333333333335,1,3.3333333333333335,7,23.333333333333332
626,False,2.1,1.445683229480096,2.0,1.0,83.33333333333334,90.0,93.33333333333333,13,43.333333333333336,11,36.666666666666664,1,3.3333333333333335,2,6.666666666666667,1,3.3333333333333335,2,6.666666666666667,1.9333333333333333,1.5260697523012794,1.0,1.0,86.66666666666667,90.0,90.0,17,56.666666666666664,8,26.666666666666668,1,3.3333333333333335,1,3.3333333333333335,0,0.0,3,10.0,2.1333333333333333,1.687865186822955,1.0,1.0,83.33333333333334,86.66666666666667,86.66666666666667,16,53.333333333333336,7,23.333333333333332,2,6.666666666666667,1,3.3333333333333335,0,0.0,4,13.333333333333334,2.2666666666666666,1.7499206331208916,1.5,1.75,80.0,83.33333333333334,86.66666666666667,15,50.0,7,23.333333333333332,2,6.666666666666667,1,3.3333333333333335,1,3.3333333333333335,4,13.333333333333334
627,True,2.9,1.7387735140993301,2.5,3.0,63.33333333333333,80.0,86.66666666666667,9,30.0,6,20.0,4,13.333333333333334,5,16.666666666666664,2,6.666666666666667,4,13.333333333333334,2.2,1.7009801096230763,1.0,2.0,76.66666666666667,86.66666666666667,90.0,17,56.666666666666664,4,13.333333333333334,2,6.666666666666667,3,10.0,1,3.3333333333333335,3,10.0,2.7,2.0190756961210408,2.0,3.5,73.33333333333333,73.33333333333333,76.66666666666667,13,43.333333333333336,6,20.0,3,10.0,0,0.0,1,3.3333333333333335,7,23.333333333333332,2.4,1.4742229591663987,2.0,3.0,70.0,86.66666666666667,100.0,12,40.0,7,23.333333333333332,2,6.666666666666667,5,16.666666666666664,4,13.333333333333334,0,0.0
628,False,2.3,1.69607389776114,2.0,1.75,83.33333333333334,83.33333333333334,86.66666666666667,13,43.333333333333336,9,30.0,3,10.0,0,0.0,1,3.3333333333333335,4,13.333333333333334,1.7333333333333334,1.2364824660660938,1.0,1.0,93.33333333333333,93.33333333333333,96.66666666666667,19,63.33333333333333,5,16.666666666666664,4,13.333333333333334,0,0.0,1,3.3333333333333335,1,3.3333333333333335,2.066666666666667,1.6918103387266028,1.0,1.0,83.33333333333334,83.33333333333334,90.0,18,60.0,5,16.666666666666664,2,6.666666666666667,0,0.0,2,6.666666666666667,3,10.0,2.5,1.8929694486000912,2.0,2.0,80.0,80.0,80.0,14,46.666666666666664,5,16.666666666666664,5,16.666666666666664,0,0.0,0,0.0,6,20.0
629,True,2.466666666666667,1.6478942792411033,2.0,2.0,76.66666666666667,86.66666666666667,90.0,13,43.333333333333336,4,13.333333333333334,6,20.0,3,10.0,1,3.3333333333333335,3,10.0,1.9,1.619670748434179,1.0,1.0,83.33333333333334,90.0,90.0,21,70.0,2,6.666666666666667,2,6.666666666666667,2,6.666666666666667,0,0.0,3,10.0,2.066666666666667,1.730767331432956,1.0,1.75,83.33333333333334,86.66666666666667,86.66666666666667,19,63.33333333333333,3,10.0,3,10.0,1,3.3333333333333335,0,0.0,4,13.333333333333334,2.566666666666667,1.891795149821695,2.0,2.75,73.33333333333333,76.66666666666667,83.33333333333334,13,43.333333333333336,7,23.333333333333332,2,6.666666666666667,1,3.3333333333333335,2,6.666666666666667,5,16.666666666666664
630,True,2.2,1.6613247725836149,2.0,1.0,83.33333333333334,86.66666666666667,86.66666666666667,14,46.666666666666664,9,30.0,2,6.666666666666667,1,3.3333333333333335,0,0.0,4,13.333333333333334,2.0,1.6931233465600393,1.0,1.0,80.0,86.66666666666667,90.0,20,66.66666666666666,3,10.0,1,3.3333333333333335,2,6.666666666666667,1,3.3333333333333335,3,10.0,2.3,1.8466185312619388,1.0,2.0,76.66666666666667,80.0,86.66666666666667,17,56.666666666666664,4,13.333333333333334,2,6.666666666666667,1,3.3333333333333335,2,6.666666666666667,4,13.333333333333334,2.4,1.8903262505010432,1.0,2.0,76.66666666666667,80.0,83.33333333333334,16,53.333333333333336,4,13.333333333333334,3,10.0,1,3.3333333333333335,1,3.3333333333333335,5,16.666666666666664
631,True,2.1,1.3503086067019396,2.0,2.0,90.0,93.33333333333333,93.33333333333333,13,43.333333333333336,8,26.666666666666668,6,20.0,1,3.3333333333333335,0,0.0,2,6.666666666666667,1.9333333333333333,1.5040685563571303,1.0,1.0,90.0,90.0,90.0,17,56.666666666666664,7,23.333333333333332,3,10.0,0,0.0,0,0.0,3,10.0,2.1333333333333333,1.6478942792411035,1.5,1.0,86.66666666666667,86.66666666666667,86.66666666666667,15,50.0,8,26.666666666666668,3,10.0,0,0.0,0,0.0,4,13.333333333333334,2.4,1.7435595774162693,2.0,2.0,76.66666666666667,83.33333333333334,86.66666666666667,13,43.333333333333336,8,26.666666666666668,2,6.666666666666667,2,6.666666666666667,1,3.3333333333333335,4,13.333333333333334
632,False,2.6666666666666665,1.86785676348292,2.0,2.0,76.66666666666667,76.66666666666667,83.33333333333334,13,43.333333333333336,3,10.0,7,23.333333333333332,0,0.0,2,6.666666666666667,5,16.666666666666664,1.9666666666666666,1.7220788470785986,1.0,1.0,83.33333333333334,86.66666666666667,86.66666666666667,20,66.66666666666666,4,13.333333333333334,1,3.3333333333333335,1,3.3333333333333335,0,0.0,4,13.333333333333334,2.033333333333333,1.6224124698183944,1.0,1.0,80.0,90.0,90.0,18,60.0,5,16.666666666666664,1,3.3333333333333335,3,10.0,0,0.0,3,10.0,2.1666666666666665,1.5723301886761007,1.5,2.0,83.33333333333334,90.0,90.0,15,50.0,6,20.0,4,13.333333333333334,2,6.666666666666667,0,0.0,3,10.0
633,True,2.033333333333333,1.5595583420386114,1.5,1.0,86.66666666666667,86.66666666666667,90.0,15,50.0,10,33.33333333333333,1,3.3333333333333335,0,0.0,1,3.3333333333333335,3,10.0,2.033333333333333,1.682920741515245,1.0,1.0,86.66666666666667,86.66666666666667,86.66666666666667,18,60.0,5,16.666666666666664,3,10.0,0,0.0,0,0.0,4,13.333333333333334,2.066666666666667,1.6918103387266028,1.0,1.0,83.33333333333334,86.66666666666667,86.66666666666667,17,56.666666666666664,7,23.333333333333332,1,3.3333333333333335,1,3.3333333333333335,0,0.0,4,13.333333333333334,2.2,1.7962924780409975,1.0,1.0,83.33333333333334,83.33333333333334,83.33333333333334,16,53.333333333333336,7,23.333333333333332,2,6.666666666666667,0,0.0,0,0.0,5,16.666666666666664
634,False,2.3666666666666667,1.5162087220725546,2.0,2.0,83.33333333333334,90.0,90.0,11,36.666666666666664,8,26.666666666666668,6,20.0,2,6.666666666666667,0,0.0,3,10.0,2.1666666666666665,1.674979270186815,1.5,1.0,83.33333333333334,86.66666666666667,86.66666666666667,15,50.0,8,26.666666666666668,2,6.666666666666667,1,3.3333333333333335,0,0.0,4,13.333333333333334,2.2,1.5790292376436015,2.0,1.0,83.33333333333334,86.66666666666667,90.0,13,43.333333333333336,10,33.33333333333333,2,6.666666666666667,1,3.3333333333333335,1,3.3333333333333335,3,10.0,2.6333333333333333,1.8162843634433703,2.0,2.75,73.33333333333333,80.0,83.33333333333334,11,36.666666666666664,8,26.666666666666668,3,10.0,2,6.666666666666667,1,3.3333333333333335,5,16.666666666666664
635,True,2.1666666666666665,1.5073892072793351,2.0,1.75,80.0,90.0,93.33333333333333,14,46.666666666666664,8,26.666666666666668,2,6.666666666666667,3,10.0,1,3.3333333333333335,2,6.666666666666667,1.9,1.5132745950421556,1.0,1.0,83.33333333333334,90.0,93.33333333333333,19,63.33333333333333,5,16.666666666666664,1,3.3333333333333335,2,6.666666666666667,1,3.3333333333333335,2,6.666666666666667,2.0,1.5491933384829668,1.0,1.0,83.33333333333334,83.33333333333334,96.66666666666667,18,60.0,5,16.666666666666664,2,6.666666666666667,0,0.0,4,13.333333333333334,1,3.3333333333333335,2.1333333333333333,1.6275407487644937,1.0,1.75,83.33333333333334,86.66666666666667,90.0,16,53.333333333333336,6,20.0,3,10.0,1,3.3333333333333335,1,3.3333333333333335,3,10.0
636,False,2.566666666666667,1.7641491496532322,2.0,2.0,76.66666666666667,83.33333333333334,83.33333333333334,11,36.666666666666664,8,26.666666666666668,4,13.333333333333334,2,6.666666666666667,0,0.0,5,16.666666666666664,2.033333333333333,1.8526257642120338,1.0,1.0,83.33333333333334,83.33333333333334,83.33333333333334,21,70.0,2,6.666666666666667,2,6.666666666666667,0,0.0,0,0.0,5,16.666666666666664,2.3666666666666667,1.8882678717691395,1.0,2.75,73.33333333333333,83.33333333333334,83.33333333333334,17,56.666666666666664,3,10.0,2,6.666666666666667,3,10.0,0,0.0,5,16.666666666666664,2.8,1.9390719429665317,2.0,3.0,66.66666666666666,76.66666666666667,80.0,12,40.0,5,16.666666666666664,3,10.0,3,10.0,1,3.3333333333333335,6,20.0
637,True,2.2,1.6812693617224654,2.0,1.0,83.33333333333334,83.33333333333334,86.66666666666667,13,43.333333333333336,12,40.0,0,0.0,0,0.0,1,3.3333333333333335,4,13.333333333333334,2.066666666666667,1.806162291219209,1.0,1.0,83.33333333333334,83.33333333333334,83.33333333333334,18,60.0,7,23.333333333333332,0,0.0,0,0.0,0,0.0,5,16.666666666666664,2.1666666666666665,1.7716909687891083,1.5,1.0,83.33333333333334,83.33333333333334,83.33333333333334,15,50.0,10,33.33333333333333,0,0.0,0,0.0,0,0.0,5,16.666666666666664,2.1,1.5351438586225938,2.0,1.0,86.66666666666667,86.66666666666667,90.0,13,43.333333333333336,12,40.0,1,3.3333333333333335,0,0.0,1,3.3333333333333335,3,10.0
638,True,2.3,1.5524174696260022,2.0,1.75,83.33333333333334,86.66666666666667,90.0,11,36.666666666666664,11,36.666666666666664,3,10.0,1,3.3333333333333335,1,3.3333333333333335,3,10.0,1.8666666666666667,1.6478942792411033,1.0,1.0,83.33333333333334,86.66666666666667,90.0,21,70.0,4,13.333333333333334,0,0.0,1,3.3333333333333335,1,3.3333333333333335,3,10.0,2.1333333333333333,1.7838784213679537,1.0,1.0,80.0,83.33333333333334,86.66666666666667,18,60.0,5,16.666666666666664,1,3.3333333333333335,1,3.3333333333333335,1,3.3333333333333335,4,13.333333333333334,1.9333333333333333,1.569146972791976,1.0,1.0,86.66666666666667,86.66666666666667,90.0,17,56.666666666666664,9,30.0,0,0.0,0,0.0,1,3.3333333333333335,3,10.0
639,False,3.033333333333333,1.9058389811897076,3.0,4.0,70.0,70.0,80.0,10,33.33333333333333,3,10.0,8,26.666666666666668,0,0.0,3,10.0,6,20.0,2.3666666666666667,2.008039397577204,1.0,2.0,76.66666666666667,76.66666666666667,80.0,18,60.0,3,10.0,2,6.666666666666667,0,0.0,1,3.3333333333333335,6,20.0,2.5,2.0289570391377603,1.0,3.5,73.33333333333333,73.33333333333333,80.0,16,53.333333333333336,5,16.666666666666664,1,3.3333333333333335,0,0.0,2,6.666666666666667,6,20.0,2.7333333333333334,2.1437246921084707,1.5,4.75,70.0,70.0,73.33333333333333,15,50.0,4,13.333333333333334,2,6.666666666666667,0,0.0,1,3.3333333333333335,8,26.666666666666668
640,True,2.566666666666667,1.6669999666733317,2.0,2.0,80.0,83.33333333333334,86.66666666666667,10,33.33333333333333,8,26.666666666666668,6,20.0,1,3.3333333333333335,1,3.3333333333333335,4,13.333333333333334,2.0,1.6733200530681511,1.0,1.0,86.66666666666667,86.66666666666667,86.66666666666667,18,60.0,6,20.0,2,6.666666666666667,0,0.0,0,0.0,4,13.333333333333334,2.2666666666666666,1.8061622912192088,1.0,2.0,83.33333333333334,83.33333333333334,83.33333333333334,16,53.333333333333336,5,16.666666666666664,4,13.333333333333334,0,0.0,0,0.0,5,16.666666666666664,2.6333333333333333,1.9913702708325127,2.0,2.0,76.66666666666667,76.66666666666667,76.66666666666667,14,46.666666666666664,4,13.333333333333334,5,16.666666666666664,0,0.0,0,0.0,7,23.333333333333332
641,False,2.5,1.8027756377319946,2.0,2.0,80.0,80.0,83.33333333333334,12,40.0,8,26.666666666666668,4,13.333333333333334,0,0.0,1,3.3333333333333335,5,16.666666666666664,1.9333333333333333,1.6110727964792761,1.0,1.0,86.66666666666667,86.66666666666667,90.0,19,63.33333333333333,5,16.666666666666664,2,6.666666666666667,0,0.0,1,3.3333333333333335,3,10.0,2.2,1.7776388834631176,1.0,1.75,80.0,83.33333333333334,86.66666666666667,17,56.666666666666664,5,16.666666666666664,2,6.666666666666667,1,3.3333333333333335,1,3.3333333333333335,4,13.333333333333334,2.6,2.0099751242241783,2.0,2.75,73.33333333333333,76.66666666666667,76.66666666666667,14,46.666666666666664,6,20.0,2,6.666666666666667,1,3.3333333333333335,0,0.0,7,23.333333333333332
642,False,1.7333333333333334,1.1527744310527053,1.0,1.0,93.33333333333333,96.66666666666667,96.66666666666667,18,60.0,6,20.0,4,13.333333333333334,1,3.3333333333333335,0,0.0,1,3.3333333333333335,1.7,1.4410644214144859,1.0,0.75,90.0,90.0,93.33333333333333,22,73.33333333333333,3,10.0,2,6.666666666666667,0,0.0,1,3.3333333333333335,2,6.666666666666667,2.0,1.6931233465600393,1.0,1.0,86.66666666666667,86.66666666666667,86.66666666666667,19,63.33333333333333,4,13.333333333333334,3,10.0,0,0.0,0,0.0,4,13.333333333333334,2.3333333333333335,1.903213656482693,1.0,2.0,76.66666666666667,80.0,83.33333333333334,17,56.666666666666664,4,13.333333333333334,2,6.666666666666667,1,3.3333333333333335,1,3.3333333333333335,5,16.666666666666664
643,False,2.8333333333333335,1.8811934746029948,2.0,3.0,70.0,76.66666666666667,80.0,10,33.33333333333333,7,23.333333333333332,4,13.333333333333334,2,6.666666666666667,1,3.3333333333333335,6,20.0,2.2,1.6613247725836149,1.0,2.0,76.66666666666667,90.0,90.0,17,56.666666666666664,3,10.0,3,10.0,4,13.333333333333334,0,0.0,3,10.0,2.4,1.8726095873584188,1.0,2.75,73.33333333333333,83.33333333333334,83.33333333333334,16,53.333333333333336,4,13.333333333333334,2,6.666666666666667,3,10.0,0,0.0,5,16.666666666666664,2.7666666666666666,1.7641491496532322,2.0,3.0,70.0,83.33333333333334,83.33333333333334,10,33.33333333333333,6,20.0,5,16.666666666666664,4,13.333333333333334,0,0.0,5,16.666666666666664
644,True,2.6,1.7435595774162693,2.0,2.75,73.33333333333333,83.33333333333334,83.33333333333334,9,30.0,12,40.0,1,3.3333333333333335,3,10.0,0,0.0,5,16.666666666666664,2.066666666666667,1.5260697523012796,1.5,1.0,83.33333333333334,86.66666666666667,93.33333333333333,15,50.0,9,30.0,1,3.3333333333333335,1,3.3333333333333335,2,6.666666666666667,2,6.666666666666667,2.2,1.6,2.0,1.75,83.33333333333334,86.66666666666667,90.0,14,46.666666666666664,8,26.666666666666668,3,10.0,1,3.3333333333333335,1,3.3333333333333335,3,10.0,2.4,1.6852299546352716,2.0,2.0,80.0,86.66666666666667,86.66666666666667,13,43.333333333333336,6,20.0,5,16.666666666666664,2,6.666666666666667,0,0.0,4,13.333333333333334
645,True,2.566666666666667,1.6868774571839995,2.0,2.0,80.0,83.33333333333334,86.66666666666667,11,36.666666666666664,6,20.0,7,23.333333333333332,1,3.3333333333333335,1,3.3333333333333335,4,13.333333333333334,2.066666666666667,1.5477582354991866,1.0,1.75,86.66666666666667,90.0,90.0,16,53.333333333333336,6,20.0,4,13.333333333333334,1,3.3333333333333335,0,0.0,3,10.0,2.1666666666666665,1.654958878307521,1.5,1.75,86.66666666666667,86.66666666666667,86.66666666666667,15,50.0,7,23.333333333333332,4,13.333333333333334,0,0.0,0,0.0,4,13.333333333333334,2.3,1.6563010998406458,1.5,2.0,76.66666666666667,83.33333333333334,93.33333333333333,15,50.0,5,16.666666666666664,3,10.0,2,6.666666666666667,3,10.0,2,6.666666666666667
646,True,1.8333333333333333,1.3924399049470282,1.0,1.0,90.0,93.33333333333333,93.33333333333333,19,63.33333333333333,4,13.333333333333334,4,13.333333333333334,1,3.3333333333333335,0,0.0,2,6.666666666666667,1.5666666666666667,1.1455226851626388,1.0,1.0,90.0,96.66666666666667,96.66666666666667,21,70.0,6,20.0,0,0.0,2,6.666666666666667,0,0.0,1,3.3333333333333335,1.7,1.3203534880225571,1.0,1.0,93.33333333333333,93.33333333333333,93.33333333333333,20,66.66666666666666,5,16.666666666666664,3,10.0,0,0.0,0,0.0,2,6.666666666666667,2.2333333333333334,1.6868774571839995,1.5,2.0,83.33333333333334,86.66666666666667,86.66666666666667,15,50.0,6,20.0,4,13.333333333333334,1,3.3333333333333335,0,0.0,4,13.333333333333334
647,True,2.2666666666666666,1.4590712418826193,2.0,1.75,86.66666666666667,90.0,90.0,10,33.33333333333333,12,40.0,4,13.333333333333334,1,3.3333333333333335,0,0.0,3,10.0,2.033333333333333,1.6629959577688562,1.0,1.0,86.66666666666667,86.66666666666667,86.66666666666667,17,56.666666666666664,7,23.333333333333332,2,6.666666666666667,0,0.0,0,0.0,4,13.333333333333334,2.066666666666667,1.6519348924485158,1.0,1.0,86.66666666666667,86.66666666666667,86.66666666666667,16,53.333333333333336,8,26.666666666666668,2,6.666666666666667,0,0.0,0,0.0,4,13.333333333333334,2.466666666666667,1.8571184369578828,2.0,2.0,76.66666666666667,80.0,83.33333333333334,14,46.666666666666664,6,20.0,3,10.0,1,3.3333333333333335,1,3.3333333333333335,5,16.666666666666664
648,True,2.2666666666666666,1.5477582354991866,2.0,1.0,83.33333333333334,86.66666666666667,90.0,11,36.666666666666664,12,40.0,2,6.666666666666667,1,3.3333333333333335,1,3.3333333333333335,3,10.0,2.0,1.5275252316519468,1.0,1.0,86.66666666666667,86.66666666666667,93.33333333333333,17,56.666666666666664,6,20.0,3,10.0,0,0.0,2,6.666666666666667,2,6.666666666666667,1.9666666666666666,1.4255603186895396,1.0,1.0,90.0,90.0,93.33333333333333,16,53.333333333333336,7,23.333333333333332,4,13.333333333333334,0,0.0,1,3.3333333333333335,2,6.666666666666667,2.2666666666666666,1.5260697523012796,2.0,2.0,83.33333333333334,90.0,90.0,12,40.0,9,30.0,4,13.333333333333334,2,6.666666666666667,0,0.0,3,10.0
649,True,2.1666666666666665,1.0671873729054746,2.0,2.0,90.0,96.66666666666667,100.0,10,33.33333333333333,9,30.0,8,26.666666666666668,2,6.666666666666667,1,3.3333333333333335,0,0.0,2.1333333333333333,1.667999467092907,1.0,1.0,83.33333333333334,83.33333333333334,90.0,16,53.333333333333336,7,23.333333333333332,2,6.666666666666667,0,0.0,2,6.666666666666667,3,10.0,2.4,1.6451950239004087,2.0,2.0,80.0,83.33333333333334,90.0,12,40.0,8,26.666666666666668,4,13.333333333333334,1,3.3333333333333335,2,6.666666666666667,3,10.0,2.566666666666667,1.92671280221579,2.0,2.0,76.66666666666667,76.66666666666667,80.0,13,43.333333333333336,7,23.333333333333332,3,10.0,0,0.0,1,3.3333333333333335,6,20.0
650,False,2.466666666666667,1.6679994670929073,2.0,2.0,80.0,83.33333333333334,86.66666666666667,10,33.33333333333333,11,36.666666666666664,3,10.0,1,3.3333333333333335,1,3.3333333333333335,4,13.333333333333334,2.1666666666666665,1.654958878307521,1.5,1.0,83.33333333333334,83.33333333333334,90.0,15,50.0,8,26.666666666666668,2,6.666666666666667,0,0.0,2,6.666666666666667,3,10.0,2.433333333333333,1.9093337988826247,1.5,2.0,76.66666666666667,76.66666666666667,83.33333333333334,15,50.0,6,20.0,2,6.666666666666667,0,0.0,2,6.666666666666667,5,16.666666666666664,2.6333333333333333,1.81628436344337,2.0,2.75,73.33333333333333,80.0,83.33333333333334,11,36.666666666666664,8,26.666666666666668,3,10.0,2,6.666666666666667,1,3.3333333333333335,5,16.666666666666664
651,True,2.2333333333333334,1.4302291968616625,2.0,2.0,80.0,93.33333333333333,93.33333333333333,12,40.0,9,30.0,3,10.0,4,13.333333333333334,0,0.0,2,6.666666666666667,2.0,1.61245154965971,1.0,1.0,80.0,90.0,90.0,18,60.0,6,20.0,0,0.0,3,10.0,0,0.0,3,10.0,2.066666666666667,1.6316317667360556,1.0,1.0,76.66666666666667,86.66666666666667,93.33333333333333,18,60.0,5,16.666666666666664,0,0.0,3,10.0,2,6.666666666666667,2,6.666666666666667,2.466666666666667,1.6679994670929073,2.0,3.0,70.0,83.33333333333334,93.33333333333333,13,43.333333333333336,6,20.0,2,6.666666666666667,4,13.333333333333334,3,10.0,2,6.666666666666667
652,True,2.7,1.7729448195962931,2.0,2.75,73.33333333333333,80.0,83.33333333333334,9,30.0,10,33.33333333333333,3,10.0,2,6.666666666666667,1,3.3333333333333335,5,16.666666666666664,2.0,1.591644851508443,1.0,2.0,86.66666666666667,90.0,90.0,19,63.33333333333333,2,6.666666666666667,5,16.666666666666664,1,3.3333333333333335,0,0.0,3,10.0,2.0,1.591644851508443,1.0,2.0,86.66666666666667,90.0,90.0,19,63.33333333333333,2,6.666666666666667,5,16.666666666666664,1,3.3333333333333335,0,0.0,3,10.0,2.433333333333333,1.7065234314893605,2.0,2.0,76.66666666666667,83.33333333333334,90.0,14,46.666666666666664,4,13.333333333333334,5,16.666666666666664,2,6.666666666666667,2,6.666666666666667,3,10.0
653,True,2.2333333333333334,1.2297244497131143,2.0,1.75,93.33333333333333,93.33333333333333,93.33333333333333,8,26.666666666666668,13,43.333333333333336,7,23.333333333333332,0,0.0,0,0.0,2,6.666666666666667,2.0,1.4375905768565218,1.0,1.0,83.33333333333334,93.33333333333333,93.33333333333333,16,53.333333333333336,7,23.333333333333332,2,6.666666666666667,3,10.0,0,0.0,2,6.666666666666667,2.2,1.5790292376436015,2.0,1.0,83.33333333333334,86.66666666666667,90.0,13,43.333333333333336,10,33.33333333333333,2,6.666666666666667,1,3.3333333333333335,1,3.3333333333333335,3,10.0,2.566666666666667,1.6265163865007801,2.0,2.0,76.66666666666667,86.66666666666667,86.66666666666667,9,30.0,10,33.33333333333333,4,13.333333333333334,3,10.0,0,0.0,4,13.333333333333334
654,True,2.5,1.7272328544042153,2.0,2.0,76.66666666666667,80.0,90.0,13,43.333333333333336,5,16.666666666666664,5,16.666666666666664,1,3.3333333333333335,3,10.0,3,10.0,1.9333333333333333,1.6918103387266026,1.0,1.0,80.0,86.66666666666667,90.0,21,70.0,3,10.0,0,0.0,2,6.666666666666667,1,3.3333333333333335,3,10.0,2.0,1.7126976771553504,1.0,1.0,83.33333333333334,86.66666666666667,86.66666666666667,19,63.33333333333333,5,16.666666666666664,1,3.3333333333333335,1,3.3333333333333335,0,0.0,4,13.333333333333334,2.1666666666666665,1.7336538165261124,1.0,1.75,80.0,86.66666666666667,86.66666666666667,17,56.666666666666664,5,16.666666666666664,2,6.666666666666667,2,6.666666666666667,0,0.0,4,13.333333333333334
655,True,2.4,1.7625738755203046,2.0,1.75,80.0,83.33333333333334,83.33333333333334,12,40.0,10,33.33333333333333,2,6.666666666666667,1,3.3333333333333335,0,0.0,5,16.666666666666664,2.033333333333333,1.6629959577688562,1.0,1.0,86.66666666666667,86.66666666666667,86.66666666666667,17,56.666666666666664,7,23.333333333333332,2,6.666666666666667,0,0.0,0,0.0,4,13.333333333333334,2.2,1.7009801096230766,1.0,2.0,83.33333333333334,86.66666666666667,86.66666666666667,16,53.333333333333336,5,16.666666666666664,4,13.333333333333334,1,3.3333333333333335,0,0.0,4,13.333333333333334,2.466666666666667,1.839081896551163,2.0,2.0,80.0,80.0,83.33333333333334,14,46.666666666666664,5,16.666666666666664,5,16.666666666666664,0,0.0,1,3.3333333333333335,5,16.666666666666664
656,False,2.466666666666667,1.8571184369578826,2.0,2.75,73.33333333333333,76.66666666666667,86.66666666666667,14,46.666666666666664,7,23.333333333333332,1,3.3333333333333335,1,3.3333333333333335,3,10.0,4,13.333333333333334,1.9,1.7387735140993303,1.0,0.0,83.33333333333334,83.33333333333334,90.0,23,76.66666666666667,0,0.0,2,6.666666666666667,0,0.0,2,6.666666666666667,3,10.0,2.2333333333333334,1.8740923729160797,1.0,2.0,80.0,83.33333333333334,83.33333333333334,19,63.33333333333333,1,3.3333333333333335,4,13.333333333333334,1,3.3333333333333335,0,0.0,5,16.666666666666664,2.466666666666667,1.9618585292749546,1.0,2.75,73.33333333333333,76.66666666666667,83.33333333333334,17,56.666666666666664,2,6.666666666666667,3,10.0,1,3.3333333333333335,2,6.666666666666667,5,16.666666666666664
657,False,3.0,1.7320508075688772,2.0,1.75,73.33333333333333,76.66666666666667,80.0,5,16.666666666666664,11,36.666666666666664,6,20.0,1,3.3333333333333335,1,3.3333333333333335,6,20.0,2.2,1.7397317800933183,1.0,1.75,83.33333333333334,83.33333333333334,86.66666666666667,16,53.333333333333336,6,20.0,3,10.0,0,0.0,1,3.3333333333333335,4,13.333333333333334,2.1666666666666665,1.7336538165261124,1.0,1.0,83.33333333333334,83.33333333333334,86.66666666666667,16,53.333333333333336,7,23.333333333333332,2,6.666666666666667,0,0.0,1,3.3333333333333335,4,13.333333333333334,2.6666666666666665,1.7384539747207064,2.0,2.75,73.33333333333333,80.0,86.66666666666667,10,33.33333333333333,8,26.666666666666668,4,13.333333333333334,2,6.666666666666667,2,6.666666666666667,4,13.333333333333334
658,True,2.2333333333333334,1.6669999666733317,2.0,1.75,83.33333333333334,86.66666666666667,86.66666666666667,14,46.666666666666664,8,26.666666666666668,3,10.0,1,3.3333333333333335,0,0.0,4,13.333333333333334,1.8,1.3515423288475528,1.0,1.0,93.33333333333333,93.33333333333333,93.33333333333333,19,63.33333333333333,4,13.333333333333334,5,16.666666666666664,0,0.0,0,0.0,2,6.666666666666667,2.066666666666667,1.6719914938645934,1.0,1.0,86.66666666666667,86.66666666666667,86.66666666666667,17,56.666666666666664,6,20.0,3,10.0,0,0.0,0,0.0,4,13.333333333333334,2.1666666666666665,1.5509853498842452,1.5,2.0,86.66666666666667,90.0,90.0,15,50.0,5,16.666666666666664,6,20.0,1,3.3333333333333335,0,0.0,3,10.0
659,True,2.2,1.2489995996796797,2.0,2.0,86.66666666666667,93.33333333333333,96.66666666666667,10,33.33333333333333,11,36.666666666666664,5,16.666666666666664,2,6.666666666666667,1,3.3333333333333335,1,3.3333333333333335,1.9666666666666666,1.4715826703096075,1.0,1.0,86.66666666666667,90.0,93.33333333333333,17,56.666666666666664,6,20.0,3,10.0,1,3.3333333333333335,1,3.3333333333333335,2,6.666666666666667,2.2,1.6411378166788229,1.5,1.75,80.0,86.66666666666667,90.0,15,50.0,7,23.333333333333332,2,6.666666666666667,2,6.666666666666667,1,3.3333333333333335,3,10.0,2.8275862068965516,1.8395832645998813,2.0,3.0,72.41379310344827,79.3103448275862,79.3103448275862,9,31.03448275862069,7,24.137931034482758,5,17.24137931034483,2,6.896551724137931,0,0.0,6,20.689655172413794
660,False,2.433333333333333,2.044233080861595,1.0,3.0,70.0,76.66666666666667,80.0,18,60.0,3,10.0,0,0.0,2,6.666666666666667,1,3.3333333333333335,6,20.0,2.033333333333333,1.7220788470785986,1.0,1.75,83.33333333333334,83.33333333333334,90.0,20,66.66666666666666,2,6.666666666666667,3,10.0,0,0.0,2,6.666666666666667,3,10.0,2.3666666666666667,1.7978382080215733,1.5,2.0,80.0,80.0,86.66666666666667,15,50.0,5,16.666666666666664,4,13.333333333333334,0,0.0,2,6.666666666666667,4,13.333333333333334,2.4,1.781385228784985,1.5,2.0,76.66666666666667,83.33333333333334,86.66666666666667,15,50.0,4,13.333333333333334,4,13.333333333333334,2,6.666666666666667,1,3.3333333333333335,4,13.333333333333334
661,True,2.1666666666666665,1.3682917167849196,2.0,2.0,86.66666666666667,93.33333333333333,93.33333333333333,12,40.0,9,30.0,5,16.666666666666664,2,6.666666666666667,0,0.0,2,6.666666666666667,2.033333333333333,1.601735170231195,1.0,1.75,83.33333333333334,90.0,90.0,18,60.0,4,13.333333333333334,3,10.0,2,6.666666666666667,0,0.0,3,10.0,2.2,1.7204650534085253,1.0,1.75,80.0,86.66666666666667,86.66666666666667,16,53.333333333333336,6,20.0,2,6.666666666666667,2,6.666666666666667,0,0.0,4,13.333333333333334,2.2,1.1372481406154655,2.0,2.0,93.33333333333333,96.66666666666667,96.66666666666667,10,33.33333333333333,8,26.666666666666668,10,33.33333333333333,1,3.3333333333333335,0,0.0,1,3.3333333333333335
662,False,2.2333333333333334,1.520599297060939,2.0,1.75,83.33333333333334,90.0,90.0,12,40.0,10,33.33333333333333,3,10.0,2,6.666666666666667,0,0.0,3,10.0,2.033333333333333,1.7603661235347858,1.0,1.0,83.33333333333334,83.33333333333334,86.66666666666667,19,63.33333333333333,5,16.666666666666664,1,3.3333333333333335,0,0.0,1,3.3333333333333335,4,13.333333333333334,2.033333333333333,1.7603661235347858,1.0,1.0,83.33333333333334,83.33333333333334,86.66666666666667,19,63.33333333333333,5,16.666666666666664,1,3.3333333333333335,0,0.0,1,3.3333333333333335,4,13.333333333333334,2.466666666666667,1.746106780494506,2.0,2.0,76.66666666666667,83.33333333333334,86.66666666666667,13,43.333333333333336,6,20.0,4,13.333333333333334,2,6.666666666666667,1,3.3333333333333335,4,13.333333333333334
663,False,2.566666666666667,1.5849991237291654,2.0,2.0,80.0,83.33333333333334,90.0,9,30.0,9,30.0,6,20.0,1,3.3333333333333335,2,6.666666666666667,3,10.0,2.1666666666666665,1.5723301886761005,2.0,1.75,86.66666666666667,86.66666666666667,90.0,14,46.666666666666664,8,26.666666666666668,4,13.333333333333334,0,0.0,1,3.3333333333333335,3,10.0,2.5,1.8393839548428526,2.0,2.0,76.66666666666667,80.0,83.33333333333334,13,43.333333333333336,7,23.333333333333332,3,10.0,1,3.3333333333333335,1,3.3333333333333335,5,16.666666666666664,2.933333333333333,1.9821424996424675,2.0,4.0,70.0,70.0,76.66666666666667,10,33.33333333333333,7,23.333333333333332,4,13.333333333333334,0,0.0,2,6.666666666666667,7,23.333333333333332
664,True,2.2,1.5143755588800731,2.0,2.0,86.66666666666667,90.0,90.0,13,43.333333333333336,8,26.666666666666668,5,16.666666666666664,1,3.3333333333333335,0,0.0,3,10.0,1.8,1.32664991614216,1.0,1.0,93.33333333333333,93.33333333333333,93.33333333333333,18,60.0,6,20.0,4,13.333333333333334,0,0.0,0,0.0,2,6.666666666666667,2.033333333333333,1.4019827229875395,1.5,1.75,86.66666666666667,93.33333333333333,93.33333333333333,15,50.0,7,23.333333333333332,4,13.333333333333334,2,6.666666666666667,0,0.0,2,6.666666666666667,2.3666666666666667,1.7413277182145301,2.0,2.0,80.0,83.33333333333334,86.66666666666667,14,46.666666666666664,6,20.0,4,13.333333333333334,1,3.3333333333333335,1,3.3333333333333335,4,13.333333333333334
665,True,2.466666666666667,1.667999467092907,2.0,2.0,76.66666666666667,83.33333333333334,90.0,12,40.0,7,23.333333333333332,4,13.333333333333334,2,6.666666666666667,2,6.666666666666667,3,10.0,2.033333333333333,1.5807874268505835,1.0,1.0,83.33333333333334,90.0,90.0,17,56.666666666666664,6,20.0,2,6.666666666666667,2,6.666666666666667,0,0.0,3,10.0,2.033333333333333,1.5595583420386114,1.0,1.0,83.33333333333334,86.66666666666667,93.33333333333333,17,56.666666666666664,6,20.0,2,6.666666666666667,1,3.3333333333333335,2,6.666666666666667,2,6.666666666666667,2.7,1.8284784202536635,2.0,2.75,73.33333333333333,76.66666666666667,83.33333333333334,10,33.33333333333333,9,30.0,3,10.0,1,3.3333333333333335,2,6.666666666666667,5,16.666666666666664
666,True,1.8333333333333333,1.2405196043952265,2.0,1.0,93.33333333333333,93.33333333333333,93.33333333333333,14,46.666666666666664,13,43.333333333333336,1,3.3333333333333335,0,0.0,0,0.0,2,6.666666666666667,1.8,1.2754084313139327,1.0,1.0,93.33333333333333,93.33333333333333,93.33333333333333,16,53.333333333333336,10,33.33333333333333,2,6.666666666666667,0,0.0,0,0.0,2,6.666666666666667,2.1666666666666665,1.6947631758514883,2.0,1.0,83.33333333333334,83.33333333333334,86.66666666666667,14,46.666666666666664,11,36.666666666666664,0,0.0,0,0.0,1,3.3333333333333335,4,13.333333333333334,1.8,1.0456258094238748,2.0,1.0,93.33333333333333,96.66666666666667,96.66666666666667,13,43.333333333333336,14,46.666666666666664,1,3.3333333333333335,1,3.3333333333333335,0,0.0,1,3.3333333333333335
667,True,1.9,1.274100990241093,1.0,1.75,86.66666666666667,96.66666666666667,96.66666666666667,17,56.666666666666664,5,16.666666666666664,4,13.333333333333334,3,10.0,0,0.0,1,3.3333333333333335,1.6333333333333333,1.3535960336164634,1.0,0.0,93.33333333333333,93.33333333333333,93.33333333333333,23,76.66666666666667,1,3.3333333333333335,4,13.333333333333334,0,0.0,0,0.0,2,6.666666666666667,1.8666666666666667,1.5648926125740668,1.0,1.0,86.66666666666667,90.0,90.0,20,66.66666666666666,4,13.333333333333334,2,6.666666666666667,1,3.3333333333333335,0,0.0,3,10.0,2.1,1.619670748434179,1.0,2.0,86.66666666666667,86.66666666666667,90.0,17,56.666666666666664,4,13.333333333333334,5,16.666666666666664,0,0.0,1,3.3333333333333335,3,10.0
668,True,2.1,1.6401219466856725,1.5,1.0,86.66666666666667,86.66666666666667,86.66666666666667,15,50.0,9,30.0,2,6.666666666666667,0,0.0,0,0.0,4,13.333333333333334,1.7,1.5088627063675033,1.0,0.75,90.0,90.0,90.0,22,73.33333333333333,4,13.333333333333334,1,3.3333333333333335,0,0.0,0,0.0,3,10.0,1.9,1.5351438586225938,1.0,1.0,86.66666666666667,86.66666666666667,93.33333333333333,19,63.33333333333333,5,16.666666666666664,2,6.666666666666667,0,0.0,2,6.666666666666667,2,6.666666666666667,2.3666666666666667,1.7978382080215733,1.0,2.0,76.66666666666667,83.33333333333334,86.66666666666667,16,53.333333333333336,3,10.0,4,13.333333333333334,2,6.666666666666667,1,3.3333333333333335,4,13.333333333333334
669,True,2.3333333333333335,1.6193277068654823,2.0,2.0,86.66666666666667,86.66666666666667,86.66666666666667,12,40.0,8,26.666666666666668,6,20.0,0,0.0,0,0.0,4,13.333333333333334,1.9,1.274100990241093,1.0,1.0,90.0,93.33333333333333,96.66666666666667,16,53.333333333333336,7,23.333333333333332,4,13.333333333333334,1,3.3333333333333335,1,3.3333333333333335,1,3.3333333333333335,2.0,1.4142135623730951,1.5,1.0,90.0,90.0,93.33333333333333,15,50.0,8,26.666666666666668,4,13.333333333333334,0,0.0,1,3.3333333333333335,2,6.666666666666667,2.0,1.3662601021279464,1.5,1.0,86.66666666666667,90.0,96.66666666666667,15,50.0,8,26.666666666666668,3,10.0,1,3.3333333333333335,2,6.666666666666667,1,3.3333333333333335
670,True,2.3333333333333335,1.4452988925785866,2.0,0.75,83.33333333333334,90.0,90.0,8,26.666666666666668,15,50.0,2,6.666666666666667,2,6.666666666666667,0,0.0,3,10.0,2.1666666666666665,1.790406533599438,1.0,1.0,83.33333333333334,83.33333333333334,83.33333333333334,16,53.333333333333336,8,26.666666666666668,1,3.3333333333333335,0,0.0,0,0.0,5,16.666666666666664,2.1333333333333333,1.6069294390925266,1.5,1.0,83.33333333333334,86.66666666666667,90.0,15,50.0,8,26.666666666666668,2,6.666666666666667,1,3.3333333333333335,1,3.3333333333333335,3,10.0,2.2666666666666666,1.4817407180595246,2.0,1.0,83.33333333333334,90.0,90.0,10,33.33333333333333,13,43.333333333333336,2,6.666666666666667,2,6.666666666666667,0,0.0,3,10.0
671,True,2.3333333333333335,1.5347819244295118,2.0,2.0,86.66666666666667,86.66666666666667,90.0,11,36.666666666666664,9,30.0,6,20.0,0,0.0,1,3.3333333333333335,3,10.0,1.8666666666666667,1.4772346537440226,1.0,1.0,86.66666666666667,90.0,93.33333333333333,19,63.33333333333333,5,16.666666666666664,2,6.666666666666667,1,3.3333333333333335,1,3.3333333333333335,2,6.666666666666667,2.033333333333333,1.6428295373802142,1.0,1.0,83.33333333333334,86.66666666666667,90.0,18,60.0,5,16.666666666666664,2,6.666666666666667,1,3.3333333333333335,1,3.3333333333333335,3,10.0,2.3666666666666667,1.5380362660079103,2.0,2.0,80.0,86.66666666666667,93.33333333333333,12,40.0,7,23.333333333333332,5,16.666666666666664,2,6.666666666666667,2,6.666666666666667,2,6.666666666666667
672,False,2.1,1.445683229480096,2.0,1.75,86.66666666666667,90.0,93.33333333333333,14,46.666666666666664,8,26.666666666666668,4,13.333333333333334,1,3.3333333333333335,1,3.3333333333333335,2,6.666666666666667,1.9,1.491084616423003,1.0,1.75,83.33333333333334,93.33333333333333,93.33333333333333,20,66.66666666666666,2,6.666666666666667,3,10.0,3,10.0,0,0.0,2,6.666666666666667,2.1666666666666665,1.8633899812498247,1.0,1.75,80.0,83.33333333333334,83.33333333333334,19,63.33333333333333,3,10.0,2,6.666666666666667,1,3.3333333333333335,0,0.0,5,16.666666666666664,2.2333333333333334,1.6669999666733315,1.0,2.0,80.0,86.66666666666667,90.0,16,53.333333333333336,4,13.333333333333334,4,13.333333333333334,2,6.666666666666667,1,3.3333333333333335,3,10.0
673,True,2.3666666666666667,1.7026123718829513,2.0,1.75,80.0,83.33333333333334,86.66666666666667,12,40.0,10,33.33333333333333,2,6.666666666666667,1,3.3333333333333335,1,3.3333333333333335,4,13.333333333333334,1.7666666666666666,1.3585122581543223,1.0,1.0,90.0,93.33333333333333,93.33333333333333,19,63.33333333333333,6,20.0,2,6.666666666666667,1,3.3333333333333335,0,0.0,2,6.666666666666667,1.8666666666666667,1.54344492037203,1.0,1.0,86.66666666666667,90.0,90.0,19,63.33333333333333,6,20.0,1,3.3333333333333335,1,3.3333333333333335,0,0.0,3,10.0,2.1666666666666665,1.6141733350404335,1.5,1.75,83.33333333333334,86.66666666666667,90.0,15,50.0,7,23.333333333333332,3,10.0,1,3.3333333333333335,1,3.3333333333333335,3,10.0
674,False,2.2666666666666666,1.4817407180595246,2.0,2.0,80.0,90.0,93.33333333333333,12,40.0,9,30.0,3,10.0,3,10.0,1,3.3333333333333335,2,6.666666666666667,2.0,1.5491933384829668,1.0,1.0,83.33333333333334,86.66666666666667,93.33333333333333,17,56.666666666666664,7,23.333333333333332,1,3.3333333333333335,1,3.3333333333333335,2,6.666666666666667,2,6.666666666666667,2.2333333333333334,1.6868774571839995,1.5,1.75,80.0,83.33333333333334,90.0,15,50.0,7,23.333333333333332,2,6.666666666666667,1,3.3333333333333335,2,6.666666666666667,3,10.0,2.3,1.6155494421403513,2.0,2.0,80.0,86.66666666666667,90.0,13,43.333333333333336,8,26.666666666666668,3,10.0,2,6.666666666666667,1,3.3333333333333335,3,10.0
675,True,2.5,1.7841898254763513,2.0,2.0,76.66666666666667,83.33333333333334,83.33333333333334,12,40.0,8,26.666666666666668,3,10.0,2,6.666666666666667,0,0.0,5,16.666666666666664,2.1666666666666665,1.7716909687891083,1.0,1.0,80.0,83.33333333333334,86.66666666666667,17,56.666666666666664,6,20.0,1,3.3333333333333335,1,3.3333333333333335,1,3.3333333333333335,4,13.333333333333334,2.466666666666667,1.9955506062794355,1.0,2.75,73.33333333333333,76.66666666666667,80.0,16,53.333333333333336,5,16.666666666666664,1,3.3333333333333335,1,3.3333333333333335,1,3.3333333333333335,6,20.0,2.7666666666666666,2.0765890836230025,2.0,4.0,70.0,70.0,76.66666666666667,14,46.666666666666664,4,13.333333333333334,3,10.0,0,0.0,2,6.666666666666667,7,23.333333333333332
676,True,2.0,1.0954451150103321,2.0,2.0,90.0,96.66666666666667,100.0,13,43.333333333333336,8,26.666666666666668,6,20.0,2,6.666666666666667,1,3.3333333333333335,0,0.0,1.7666666666666666,1.085766498326822,1.0,1.0,90.0,96.66666666666667,100.0,17,56.666666666666664,7,23.333333333333332,3,10.0,2,6.666666666666667,1,3.3333333333333335,0,0.0,1.7666666666666666,1.085766498326822,1.0,1.0,90.0,96.66666666666667,100.0,17,56.666666666666664,7,23.333333333333332,3,10.0,2,6.666666666666667,1,3.3333333333333335,0,0.0,2.7666666666666666,1.9947152400502908,2.0,3.0,70.0,76.66666666666667,76.66666666666667,13,43.333333333333336,4,13.333333333333334,4,13.333333333333334,2,6.666666666666667,0,0.0,7,23.333333333333332
677,True,2.433333333333333,1.5423647068345696,2.0,2.0,80.0,86.66666666666667,90.0,9,30.0,12,40.0,3,10.0,2,6.666666666666667,1,3.3333333333333335,3,10.0,2.1,1.5567059238447492,1.0,1.0,80.0,83.33333333333334,96.66666666666667,16,53.333333333333336,7,23.333333333333332,1,3.3333333333333335,1,3.3333333333333335,4,13.333333333333334,1,3.3333333333333335,2.3,1.7729448195962931,1.0,2.0,80.0,83.33333333333334,86.66666666666667,16,53.333333333333336,4,13.333333333333334,4,13.333333333333334,1,3.3333333333333335,1,3.3333333333333335,4,13.333333333333334,2.533333333333333,1.6069294390925268,2.0,2.75,73.33333333333333,83.33333333333334,93.33333333333333,11,36.666666666666664,7,23.333333333333332,4,13.333333333333334,3,10.0,3,10.0,2,6.666666666666667
678,True,2.1,1.2206555615733703,2.0,1.75,90.0,93.33333333333333,96.66666666666667,11,36.666666666666664,11,36.666666666666664,5,16.666666666666664,1,3.3333333333333335,1,3.3333333333333335,1,3.3333333333333335,2.0,1.5491933384829668,1.0,1.0,86.66666666666667,90.0,90.0,17,56.666666666666664,6,20.0,3,10.0,1,3.3333333333333335,0,0.0,3,10.0,2.2666666666666666,1.8061622912192088,1.5,1.0,80.0,83.33333333333334,83.33333333333334,15,50.0,8,26.666666666666668,1,3.3333333333333335,1,3.3333333333333335,0,0.0,5,16.666666666666664,2.566666666666667,1.7829438827088444,2.0,2.75,73.33333333333333,80.0,86.66666666666667,12,40.0,7,23.333333333333332,3,10.0,2,6.666666666666667,2,6.666666666666667,4,13.333333333333334
679,False,2.6,1.6451950239004087,2.0,2.75,73.33333333333333,83.33333333333334,90.0,10,33.33333333333333,8,26.666666666666668,4,13.333333333333334,3,10.0,2,6.666666666666667,3,10.0,2.066666666666667,1.6918103387266028,1.0,1.75,80.0,86.66666666666667,90.0,19,63.33333333333333,3,10.0,2,6.666666666666667,2,6.666666666666667,1,3.3333333333333335,3,10.0,2.1666666666666665,1.8633899812498247,1.0,1.75,80.0,83.33333333333334,83.33333333333334,19,63.33333333333333,3,10.0,2,6.666666666666667,1,3.3333333333333335,0,0.0,5,16.666666666666664,2.6,1.9933221850301406,1.5,3.0,70.0,76.66666666666667,80.0,15,50.0,4,13.333333333333334,2,6.666666666666667,2,6.666666666666667,1,3.3333333333333335,6,20.0
680,True,2.4,1.665332799572906,2.0,2.0,83.33333333333334,86.66666666666667,86.66666666666667,13,43.333333333333336,5,16.666666666666664,7,23.333333333333332,1,3.3333333333333335,0,0.0,4,13.333333333333334,2.033333333333333,1.7026123718829513,1.0,1.0,83.33333333333334,83.33333333333334,90.0,19,63.33333333333333,4,13.333333333333334,2,6.666666666666667,0,0.0,2,6.666666666666667,3,10.0,2.3666666666666667,1.9576062480034697,1.0,2.0,76.66666666666667,80.0,80.0,17,56.666666666666664,4,13.333333333333334,2,6.666666666666667,1,3.3333333333333335,0,0.0,6,20.0,2.7333333333333334,1.9136933459209766,2.0,3.5,73.33333333333333,73.33333333333333,83.33333333333334,13,43.333333333333336,3,10.0,6,20.0,0,0.0,3,10.0,5,16.666666666666664
681,False,2.966666666666667,1.8882678717691395,2.0,2.75,70.0,73.33333333333333,76.66666666666667,7,23.333333333333332,11,36.666666666666664,3,10.0,1,3.3333333333333335,1,3.3333333333333335,7,23.333333333333332,2.2666666666666666,1.8607047649270485,1.0,1.0,80.0,80.0,83.33333333333334,16,53.333333333333336,7,23.333333333333332,1,3.3333333333333335,0,0.0,1,3.3333333333333335,5,16.666666666666664,2.3666666666666667,1.7978382080215733,2.0,2.0,80.0,83.33333333333334,83.33333333333334,14,46.666666666666664,7,23.333333333333332,3,10.0,1,3.3333333333333335,0,0.0,5,16.666666666666664,2.6,1.9078784028338913,2.0,3.0,70.0,80.0,80.0,12,40.0,9,30.0,0,0.0,3,10.0,0,0.0,6,20.0
682,False,2.466666666666667,1.7269111795984826,2.0,2.75,73.33333333333333,86.66666666666667,86.66666666666667,13,43.333333333333336,6,20.0,3,10.0,4,13.333333333333334,0,0.0,4,13.333333333333334,1.7666666666666666,1.4533486237727762,1.0,1.0,83.33333333333334,93.33333333333333,93.33333333333333,21,70.0,4,13.333333333333334,0,0.0,3,10.0,0,0.0,2,6.666666666666667,2.033333333333333,1.8162843634433703,1.0,1.0,83.33333333333334,83.33333333333334,83.33333333333334,19,63.33333333333333,6,20.0,0,0.0,0,0.0,0,0.0,5,16.666666666666664,2.3666666666666667,1.8882678717691395,1.0,2.75,73.33333333333333,83.33333333333334,83.33333333333334,17,56.666666666666664,3,10.0,2,6.666666666666667,3,10.0,0,0.0,5,16.666666666666664
683,True,2.6333333333333333,1.81628436344337,2.0,2.75,73.33333333333333,80.0,83.33333333333334,11,36.666666666666664,8,26.666666666666668,3,10.0,2,6.666666666666667,1,3.3333333333333335,5,16.666666666666664,2.0,1.4605934866804429,1.0,2.0,83.33333333333334,90.0,96.66666666666667,18,60.0,3,10.0,4,13.333333333333334,2,6.666666666666667,2,6.666666666666667,1,3.3333333333333335,2.1,1.6603212540549697,1.0,1.75,80.0,83.33333333333334,93.33333333333333,18,60.0,4,13.333333333333334,2,6.666666666666667,1,3.3333333333333335,3,10.0,2,6.666666666666667,2.2666666666666666,1.6316317667360556,1.5,2.0,80.0,83.33333333333334,93.33333333333333,15,50.0,5,16.666666666666664,4,13.333333333333334,1,3.3333333333333335,3,10.0,2,6.666666666666667
684,True,2.2333333333333334,1.382831234179436,2.0,2.0,83.33333333333334,93.33333333333333,93.33333333333333,11,36.666666666666664,10,33.33333333333333,4,13.333333333333334,3,10.0,0,0.0,2,6.666666666666667,2.0,1.505545305418162,1.0,1.0,83.33333333333334,90.0,93.33333333333333,17,56.666666666666664,6,20.0,2,6.666666666666667,2,6.666666666666667,1,3.3333333333333335,2,6.666666666666667,2.2666666666666666,1.6719914938645934,2.0,1.75,80.0,83.33333333333334,90.0,14,46.666666666666664,8,26.666666666666668,2,6.666666666666667,1,3.3333333333333335,2,6.666666666666667,3,10.0,2.2,1.4696938456699067,2.0,2.0,76.66666666666667,90.0,96.66666666666667,14,46.666666666666664,7,23.333333333333332,2,6.666666666666667,4,13.333333333333334,2,6.666666666666667,1,3.3333333333333335
685,True,2.2,1.4236104336041748,2.0,2.0,86.66666666666667,90.0,93.33333333333333,12,40.0,9,30.0,5,16.666666666666664,1,3.3333333333333335,1,3.3333333333333335,2,6.666666666666667,1.8333333333333333,1.3186693629901656,1.0,1.0,86.66666666666667,93.33333333333333,96.66666666666667,18,60.0,6,20.0,2,6.666666666666667,2,6.666666666666667,1,3.3333333333333335,1,3.3333333333333335,1.9666666666666666,1.5595583420386114,1.0,1.0,86.66666666666667,90.0,90.0,18,60.0,5,16.666666666666664,3,10.0,1,3.3333333333333335,0,0.0,3,10.0,2.1,1.4224392195567912,1.5,2.0,86.66666666666667,93.33333333333333,93.33333333333333,15,50.0,5,16.666666666666664,6,20.0,2,6.666666666666667,0,0.0,2,6.666666666666667
686,True,2.3333333333333335,1.5129074290546958,2.0,1.75,83.33333333333334,83.33333333333334,93.33333333333333,10,33.33333333333333,12,40.0,3,10.0,0,0.0,3,10.0,2,6.666666666666667,1.8666666666666667,1.359738536958076,1.0,1.0,90.0,93.33333333333333,93.33333333333333,17,56.666666666666664,7,23.333333333333332,3,10.0,1,3.3333333333333335,0,0.0,2,6.666666666666667,2.2333333333333334,1.7259457954666158,1.5,1.75,83.33333333333334,83.33333333333334,86.66666666666667,15,50.0,7,23.333333333333332,3,10.0,0,0.0,1,3.3333333333333335,4,13.333333333333334,2.3666666666666667,1.7026123718829511,2.0,2.0,80.0,86.66666666666667,86.66666666666667,14,46.666666666666664,5,16.666666666666664,5,16.666666666666664,2,6.666666666666667,0,0.0,4,13.333333333333334
687,True,2.1,1.468559384794046,2.0,1.0,86.66666666666667,86.66666666666667,93.33333333333333,13,43.333333333333336,11,36.666666666666664,2,6.666666666666667,0,0.0,2,6.666666666666667,2,6.666666666666667,2.0,1.7320508075688772,1.0,1.0,83.33333333333334,86.66666666666667,86.66666666666667,20,66.66666666666666,3,10.0,2,6.666666666666667,1,3.3333333333333335,0,0.0,4,13.333333333333334,2.3333333333333335,1.9720265943665387,1.0,2.0,76.66666666666667,80.0,80.0,18,60.0,3,10.0,2,6.666666666666667,1,3.3333333333333335,0,0.0,6,20.0,2.8666666666666667,2.1561282171728307,2.0,4.75,66.66666666666666,66.66666666666666,73.33333333333333,14,46.666666666666664,4,13.333333333333334,2,6.666666666666667,0,0.0,2,6.666666666666667,8,26.666666666666668
688,False,2.566666666666667,2.011356645539412,2.0,2.75,73.33333333333333,76.66666666666667,76.66666666666667,14,46.666666666666664,7,23.333333333333332,1,3.3333333333333335,1,3.3333333333333335,0,0.0,7,23.333333333333332,1.9666666666666666,1.7413277182145301,1.0,1.0,83.33333333333334,86.66666666666667,86.66666666666667,21,70.0,2,6.666666666666667,2,6.666666666666667,1,3.3333333333333335,0,0.0,4,13.333333333333334,1.9333333333333333,1.590248058916875,1.0,1.0,83.33333333333334,90.0,90.0,19,63.33333333333333,5,16.666666666666664,1,3.3333333333333335,2,6.666666666666667,0,0.0,3,10.0,2.2333333333333334,1.7065234314893605,1.0,2.0,76.66666666666667,86.66666666666667,90.0,17,56.666666666666664,3,10.0,3,10.0,3,10.0,1,3.3333333333333335,3,10.0
689,False,2.1666666666666665,1.6141733350404335,1.5,1.75,83.33333333333334,86.66666666666667,90.0,15,50.0,7,23.333333333333332,3,10.0,1,3.3333333333333335,1,3.3333333333333335,3,10.0,1.9666666666666666,1.7220788470785986,1.0,1.0,83.33333333333334,86.66666666666667,86.66666666666667,20,66.66666666666666,4,13.333333333333334,1,3.3333333333333335,1,3.3333333333333335,0,0.0,4,13.333333333333334,2.2666666666666666,1.9310331143946988,1.0,1.0,80.0,80.0,80.0,17,56.666666666666664,6,20.0,1,3.3333333333333335,0,0.0,0,0.0,6,20.0,2.466666666666667,1.9275776393067945,1.5,2.0,76.66666666666667,80.0,80.0,15,50.0,5,16.666666666666664,3,10.0,1,3.3333333333333335,0,0.0,6,20.0
690,False,2.466666666666667,1.627540748764494,2.0,2.0,83.33333333333334,86.66666666666667,86.66666666666667,11,36.666666666666664,7,23.333333333333332,7,23.333333333333332,1,3.3333333333333335,0,0.0,4,13.333333333333334,2.066666666666667,1.590248058916875,1.0,2.0,86.66666666666667,90.0,90.0,18,60.0,2,6.666666666666667,6,20.0,1,3.3333333333333335,0,0.0,3,10.0,2.3333333333333335,1.757523510195209,1.5,2.0,80.0,83.33333333333334,86.66666666666667,15,50.0,5,16.666666666666664,4,13.333333333333334,1,3.3333333333333335,1,3.3333333333333335,4,13.333333333333334,2.8,1.9899748742132402,2.0,3.0,70.0,76.66666666666667,76.66666666666667,13,43.333333333333336,3,10.0,5,16.666666666666664,2,6.666666666666667,0,0.0,7,23.333333333333332
691,True,1.7333333333333334,1.2892719737209144,1.0,1.0,86.66666666666667,93.33333333333333,96.66666666666667,19,63.33333333333333,7,23.333333333333332,0,0.0,2,6.666666666666667,1,3.3333333333333335,1,3.3333333333333335,1.6333333333333333,1.2242911781471306,1.0,1.0,90.0,93.33333333333333,96.66666666666667,20,66.66666666666666,7,23.333333333333332,0,0.0,1,3.3333333333333335,1,3.3333333333333335,1,3.3333333333333335,1.7,1.3203534880225571,1.0,1.0,90.0,93.33333333333333,93.33333333333333,19,63.33333333333333,8,26.666666666666668,0,0.0,1,3.3333333333333335,0,0.0,2,6.666666666666667,1.8,1.3012814197295424,1.0,1.0,90.0,90.0,96.66666666666667,17,56.666666666666664,9,30.0,1,3.3333333333333335,0,0.0,2,6.666666666666667,1,3.3333333333333335
692,False,2.066666666666667,1.671991493864594,1.0,1.0,86.66666666666667,86.66666666666667,86.66666666666667,17,56.666666666666664,6,20.0,3,10.0,0,0.0,0,0.0,4,13.333333333333334,1.8,1.5577761927397231,1.0,1.0,86.66666666666667,90.0,90.0,21,70.0,4,13.333333333333334,1,3.3333333333333335,1,3.3333333333333335,0,0.0,3,10.0,2.2666666666666666,2.015495527710797,1.0,1.0,76.66666666666667,76.66666666666667,80.0,19,63.33333333333333,4,13.333333333333334,0,0.0,0,0.0,1,3.3333333333333335,6,20.0,1.9666666666666666,1.4487542541400487,1.0,1.0,83.33333333333334,93.33333333333333,93.33333333333333,17,56.666666666666664,6,20.0,2,6.666666666666667,3,10.0,0,0.0,2,6.666666666666667
693,True,2.1666666666666665,1.2671051872498809,2.0,2.0,93.33333333333333,93.33333333333333,93.33333333333333,10,33.33333333333333,11,36.666666666666664,7,23.333333333333332,0,0.0,0,0.0,2,6.666666666666667,2.0,1.4605934866804429,1.0,1.0,86.66666666666667,90.0,93.33333333333333,16,53.333333333333336,7,23.333333333333332,3,10.0,1,3.3333333333333335,1,3.3333333333333335,2,6.666666666666667,2.2666666666666666,1.6519348924485158,2.0,2.0,86.66666666666667,86.66666666666667,86.66666666666667,14,46.666666666666664,6,20.0,6,20.0,0,0.0,0,0.0,4,13.333333333333334,2.1333333333333333,1.2578641509408803,2.0,1.75,93.33333333333333,93.33333333333333,93.33333333333333,10,33.33333333333333,12,40.0,6,20.0,0,0.0,0,0.0,2,6.666666666666667
694,False,2.3333333333333335,1.7384539747207062,2.0,2.0,80.0,83.33333333333334,86.66666666666667,14,46.666666666666664,7,23.333333333333332,3,10.0,1,3.3333333333333335,1,3.3333333333333335,4,13.333333333333334,1.9666666666666666,1.682920741515245,1.0,1.0,86.66666666666667,86.66666666666667,86.66666666666667,19,63.33333333333333,5,16.666666666666664,2,6.666666666666667,0,0.0,0,0.0,4,13.333333333333334,2.2666666666666666,1.8245242911205346,1.0,2.0,80.0,80.0,86.66666666666667,17,56.666666666666664,4,13.333333333333334,3,10.0,0,0.0,2,6.666666666666667,4,13.333333333333334,2.433333333333333,1.8199511592958264,2.0,2.0,76.66666666666667,83.33333333333334,83.33333333333334,14,46.666666666666664,6,20.0,3,10.0,2,6.666666666666667,0,0.0,5,16.666666666666664
695,True,2.4,1.3808210118138653,2.0,2.0,80.0,93.33333333333333,93.33333333333333,9,30.0,10,33.33333333333333,5,16.666666666666664,4,13.333333333333334,0,0.0,2,6.666666666666667,2.2333333333333334,1.6265163865007803,2.0,1.75,80.0,86.66666666666667,90.0,14,46.666666666666664,8,26.666666666666668,2,6.666666666666667,2,6.666666666666667,1,3.3333333333333335,3,10.0,2.466666666666667,1.9102065042525873,2.0,2.0,76.66666666666667,80.0,80.0,14,46.666666666666664,7,23.333333333333332,2,6.666666666666667,1,3.3333333333333335,0,0.0,6,20.0,2.533333333333333,1.910206504252587,2.0,2.75,73.33333333333333,80.0,80.0,13,43.333333333333336,8,26.666666666666668,1,3.3333333333333335,2,6.666666666666667,0,0.0,6,20.0
696,False,1.8333333333333333,1.3186693629901654,1.0,1.0,90.0,93.33333333333333,93.33333333333333,16,53.333333333333336,10,33.33333333333333,1,3.3333333333333335,1,3.3333333333333335,0,0.0,2,6.666666666666667,1.8666666666666667,1.4313940369055926,1.0,1.0,86.66666666666667,90.0,93.33333333333333,17,56.666666666666664,9,30.0,0,0.0,1,3.3333333333333335,1,3.3333333333333335,2,6.666666666666667,2.2666666666666666,1.7876116903722563,2.0,1.0,80.0,83.33333333333334,83.33333333333334,14,46.666666666666664,10,33.33333333333333,0,0.0,1,3.3333333333333335,0,0.0,5,16.666666666666664,1.9333333333333333,1.5040685563571299,1.0,1.0,86.66666666666667,90.0,90.0,16,53.333333333333336,10,33.33333333333333,0,0.0,1,3.3333333333333335,0,0.0,3,10.0
697,False,2.2333333333333334,1.4761059883656353,2.0,2.0,80.0,93.33333333333333,93.33333333333333,14,46.666666666666664,5,16.666666666666664,5,16.666666666666664,4,13.333333333333334,0,0.0,2,6.666666666666667,2.066666666666667,1.7499206331208919,1.0,1.0,80.0,86.66666666666667,86.66666666666667,19,63.33333333333333,4,13.333333333333334,1,3.3333333333333335,2,6.666666666666667,0,0.0,4,13.333333333333334,2.1333333333333333,1.687865186822955,1.0,2.0,80.0,86.66666666666667,90.0,18,60.0,3,10.0,3,10.0,2,6.666666666666667,1,3.3333333333333335,3,10.0,2.3333333333333335,1.6599866130651644,2.0,2.0,76.66666666666667,86.66666666666667,90.0,14,46.666666666666664,6,20.0,3,10.0,3,10.0,1,3.3333333333333335,3,10.0
698,False,2.966666666666667,1.9058389811897076,2.0,3.5,70.0,73.33333333333333,76.66666666666667,8,26.666666666666668,9,30.0,4,13.333333333333334,1,3.3333333333333335,1,3.3333333333333335,7,23.333333333333332,2.1,1.556705923844749,1.5,1.0,83.33333333333334,90.0,90.0,15,50.0,8,26.666666666666668,2,6.666666666666667,2,6.666666666666667,0,0.0,3,10.0,2.3333333333333335,1.903213656482693,1.5,1.0,80.0,80.0,80.0,15,50.0,8,26.666666666666668,1,3.3333333333333335,0,0.0,0,0.0,6,20.0,2.566666666666667,1.7259457954666158,2.0,2.75,73.33333333333333,83.33333333333334,86.66666666666667,11,36.666666666666664,8,26.666666666666668,3,10.0,3,10.0,1,3.3333333333333335,4,13.333333333333334
699,True,2.2333333333333334,1.498517786199268,2.0,2.0,86.66666666666667,90.0,90.0,12,40.0,9,30.0,5,16.666666666666664,1,3.3333333333333335,0,0.0,3,10.0,1.9666666666666666,1.4487542541400484,1.0,1.0,86.66666666666667,90.0,93.33333333333333,16,53.333333333333336,8,26.666666666666668,2,6.666666666666667,1,3.3333333333333335,1,3.3333333333333335,2,6.666666666666667,2.1333333333333333,1.54344492037203,2.0,1.0,83.33333333333334,90.0,90.0,14,46.666666666666664,9,30.0,2,6.666666666666667,2,6.666666666666667,0,0.0,3,10.0,2.433333333333333,1.9093337988826247,1.5,2.0,80.0,80.0,80.0,15,50.0,5,16.666666666666664,4,13.333333333333334,0,0.0,0,0.0,6,20.0
700,True,2.6333333333333333,1.8526257642120336,2.0,2.75,73.33333333333333,76.66666666666667,83.33333333333334,11,36.666666666666664,9,30.0,2,6.666666666666667,1,3.3333333333333335,2,6.666666666666667,5,16.666666666666664,2.0,1.632993161855452,1.0,1.0,83.33333333333334,86.66666666666667,90.0,18,60.0,6,20.0,1,3.3333333333333335,1,3.3333333333333335,1,3.3333333333333335,3,10.0,2.3,2.0024984394500787,1.0,1.0,76.66666666666667,76.66666666666667,80.0,18,60.0,5,16.666666666666664,0,0.0,0,0.0,1,3.3333333333333335,6,20.0,2.033333333333333,1.4940623220676645,1.0,1.0,83.33333333333334,90.0,93.33333333333333,16,53.333333333333336,7,23.333333333333332,2,6.666666666666667,2,6.666666666666667,1,3.3333333333333335,2,6.666666666666667
701,True,2.533333333333333,1.586050300449376,2.0,2.0,76.66666666666667,86.66666666666667,90.0,10,33.33333333333333,8,26.666666666666668,5,16.666666666666664,3,10.0,1,3.3333333333333335,3,10.0,2.2,1.8330302779823362,1.0,1.0,80.0,83.33333333333334,83.33333333333334,17,56.666666666666664,6,20.0,1,3.3333333333333335,1,3.3333333333333335,0,0.0,5,16.666666666666664,2.4,1.8366636418607882,1.5,2.0,76.66666666666667,83.33333333333334,83.33333333333334,15,50.0,5,16.666666666666664,3,10.0,2,6.666666666666667,0,0.0,5,16.666666666666664,2.3333333333333335,1.5776212754932308,2.0,2.0,80.0,90.0,90.0,13,43.333333333333336,6,20.0,5,16.666666666666664,3,10.0,0,0.0,3,10.0
702,True,1.9333333333333333,1.3148721948877347,2.0,1.0,90.0,93.33333333333333,93.33333333333333,14,46.666666666666664,11,36.666666666666664,2,6.666666666666667,1,3.3333333333333335,0,0.0,2,6.666666666666667,1.8,1.3759844960366863,1.0,1.0,86.66666666666667,93.33333333333333,93.33333333333333,18,60.0,8,26.666666666666668,0,0.0,2,6.666666666666667,0,0.0,2,6.666666666666667,1.7,1.268857754044952,1.0,1.0,93.33333333333333,93.33333333333333,93.33333333333333,18,60.0,9,30.0,1,3.3333333333333335,0,0.0,0,0.0,2,6.666666666666667,2.2666666666666666,1.8245242911205346,1.0,1.75,80.0,83.33333333333334,83.33333333333334,16,53.333333333333336,6,20.0,2,6.666666666666667,1,3.3333333333333335,0,0.0,5,16.666666666666664
703,True,2.3666666666666667,1.7026123718829511,2.0,2.0,83.33333333333334,83.33333333333334,86.66666666666667,13,43.333333333333336,7,23.333333333333332,5,16.666666666666664,0,0.0,1,3.3333333333333335,4,13.333333333333334,2.1333333333333333,1.7650936393164969,1.0,1.75,83.33333333333334,83.33333333333334,86.66666666666667,18,60.0,4,13.333333333333334,3,10.0,0,0.0,1,3.3333333333333335,4,13.333333333333334,1.9,1.2999999999999998,1.0,1.75,90.0,93.33333333333333,96.66666666666667,17,56.666666666666664,5,16.666666666666664,5,16.666666666666664,1,3.3333333333333335,1,3.3333333333333335,1,3.3333333333333335,2.1333333333333333,1.586050300449376,1.5,1.75,86.66666666666667,86.66666666666667,90.0,15,50.0,7,23.333333333333332,4,13.333333333333334,0,0.0,1,3.3333333333333335,3,10.0
704,True,2.2333333333333334,1.5849991237291654,2.0,1.75,83.33333333333334,86.66666666666667,90.0,13,43.333333333333336,9,30.0,3,10.0,1,3.3333333333333335,1,3.3333333333333335,3,10.0,1.8333333333333333,1.416176385749867,1.0,1.0,86.66666666666667,90.0,96.66666666666667,20,66.66666666666666,3,10.0,3,10.0,1,3.3333333333333335,2,6.666666666666667,1,3.3333333333333335,2.2,1.8690461025168248,1.0,2.0,80.0,83.33333333333334,83.33333333333334,19,63.33333333333333,2,6.666666666666667,3,10.0,1,3.3333333333333335,0,0.0,5,16.666666666666664,2.433333333333333,1.9093337988826247,1.0,2.75,73.33333333333333,76.66666666666667,86.66666666666667,17,56.666666666666664,2,6.666666666666667,3,10.0,1,3.3333333333333335,3,10.0,4,13.333333333333334
705,False,2.2333333333333334,1.358512258154322,2.0,1.75,83.33333333333334,93.33333333333333,93.33333333333333,10,33.33333333333333,12,40.0,3,10.0,3,10.0,0,0.0,2,6.666666666666667,1.9666666666666666,1.5162087220725546,1.0,1.0,90.0,90.0,90.0,17,56.666666666666664,6,20.0,4,13.333333333333334,0,0.0,0,0.0,3,10.0,2.066666666666667,1.569146972791976,1.0,1.0,83.33333333333334,90.0,90.0,16,53.333333333333336,7,23.333333333333332,2,6.666666666666667,2,6.666666666666667,0,0.0,3,10.0,2.8333333333333335,2.0507451220362696,2.0,4.5,70.0,73.33333333333333,73.33333333333333,12,40.0,6,20.0,3,10.0,1,3.3333333333333335,0,0.0,8,26.666666666666668
706,False,2.2666666666666666,1.6110727964792764,2.0,1.75,80.0,86.66666666666667,90.0,13,43.333333333333336,9,30.0,2,6.666666666666667,2,6.666666666666667,1,3.3333333333333335,3,10.0,2.1,1.6802777548171413,1.0,1.0,83.33333333333334,86.66666666666667,86.66666666666667,16,53.333333333333336,8,26.666666666666668,1,3.3333333333333335,1,3.3333333333333335,0,0.0,4,13.333333333333334,2.1666666666666665,1.654958878307521,2.0,1.0,83.33333333333334,86.66666666666667,86.66666666666667,14,46.666666666666664,10,33.33333333333333,1,3.3333333333333335,1,3.3333333333333335,0,0.0,4,13.333333333333334,2.7,1.9857828011475307,2.0,2.75,73.33333333333333,76.66666666666667,76.66666666666667,13,43.333333333333336,5,16.666666666666664,4,13.333333333333334,1,3.3333333333333335,0,0.0,7,23.333333333333332
707,False,2.3333333333333335,1.6599866130651644,2.0,2.0,76.66666666666667,86.66666666666667,90.0,14,46.666666666666664,6,20.0,3,10.0,3,10.0,1,3.3333333333333335,3,10.0,1.9333333333333333,1.5260697523012796,1.0,1.0,83.33333333333334,90.0,93.33333333333333,19,63.33333333333333,4,13.333333333333334,2,6.666666666666667,2,6.666666666666667,1,3.3333333333333335,2,6.666666666666667,2.3,1.8645821694595994,1.0,2.0,76.66666666666667,83.33333333333334,83.33333333333334,17,56.666666666666664,4,13.333333333333334,2,6.666666666666667,2,6.666666666666667,0,0.0,5,16.666666666666664,2.3666666666666667,1.834545054108935,1.0,2.0,76.66666666666667,80.0,86.66666666666667,16,53.333333333333336,4,13.333333333333334,3,10.0,1,3.3333333333333335,2,6.666666666666667,4,13.333333333333334
708,True,2.066666666666667,1.4817407180595248,2.0,1.0,90.0,90.0,90.0,14,46.666666666666664,9,30.0,4,13.333333333333334,0,0.0,0,0.0,3,10.0,1.6,0.9865765724632495,1.0,1.0,93.33333333333333,96.66666666666667,100.0,19,63.33333333333333,7,23.333333333333332,2,6.666666666666667,1,3.3333333333333335,1,3.3333333333333335,0,0.0,1.8666666666666667,1.4079141387961918,1.0,1.0,90.0,90.0,93.33333333333333,17,56.666666666666664,8,26.666666666666668,2,6.666666666666667,0,0.0,1,3.3333333333333335,2,6.666666666666667,2.1666666666666665,1.5933891203622828,1.0,2.0,80.0,86.66666666666667,93.33333333333333,16,53.333333333333336,5,16.666666666666664,3,10.0,2,6.666666666666667,2,6.666666666666667,2,6.666666666666667
709,True,2.433333333333333,1.6265163865007803,2.0,2.0,76.66666666666667,86.66666666666667,90.0,12,40.0,7,23.333333333333332,4,13.333333333333334,3,10.0,1,3.3333333333333335,3,10.0,2.1,1.6401219466856725,1.0,1.75,83.33333333333334,86.66666666666667,90.0,17,56.666666666666664,5,16.666666666666664,3,10.0,1,3.3333333333333335,1,3.3333333333333335,3,10.0,2.3333333333333335,1.699673171197595,2.0,2.0,80.0,86.66666666666667,86.66666666666667,14,46.666666666666664,6,20.0,4,13.333333333333334,2,6.666666666666667,0,0.0,4,13.333333333333334,2.3666666666666667,1.6017351702311948,2.0,2.0,76.66666666666667,90.0,90.0,13,43.333333333333336,6,20.0,4,13.333333333333334,4,13.333333333333334,0,0.0,3,10.0
710,True,2.0,1.3165611772087666,2.0,1.0,90.0,93.33333333333333,93.33333333333333,13,43.333333333333336,11,36.666666666666664,3,10.0,1,3.3333333333333335,0,0.0,2,6.666666666666667,1.9,1.398809017223819,1.0,1.0,86.66666666666667,93.33333333333333,93.33333333333333,17,56.666666666666664,7,23.333333333333332,2,6.666666666666667,2,6.666666666666667,0,0.0,2,6.666666666666667,1.9,1.398809017223819,1.0,1.0,86.66666666666667,93.33333333333333,93.33333333333333,17,56.666666666666664,7,23.333333333333332,2,6.666666666666667,2,6.666666666666667,0,0.0,2,6.666666666666667,2.2,1.6,2.0,1.75,83.33333333333334,86.66666666666667,90.0,14,46.666666666666664,8,26.666666666666668,3,10.0,1,3.3333333333333335,1,3.3333333333333335,3,10.0
711,False,3.1666666666666665,1.9163043135739746,2.0,3.0,60.0,70.0,76.66666666666667,7,23.333333333333332,9,30.0,2,6.666666666666667,3,10.0,2,6.666666666666667,7,23.333333333333332,2.3666666666666667,1.9913702708325127,1.0,2.75,73.33333333333333,80.0,80.0,18,60.0,3,10.0,1,3.3333333333333335,2,6.666666666666667,0,0.0,6,20.0,2.466666666666667,1.8571184369578826,1.5,2.75,73.33333333333333,83.33333333333334,83.33333333333334,15,50.0,4,13.333333333333334,3,10.0,3,10.0,0,0.0,5,16.666666666666664,3.0,1.983263304085802,2.5,3.75,56.666666666666664,73.33333333333333,80.0,12,40.0,3,10.0,2,6.666666666666667,5,16.666666666666664,2,6.666666666666667,6,20.0
712,False,2.6333333333333333,1.6017351702311953,2.0,2.0,80.0,86.66666666666667,86.66666666666667,9,30.0,7,23.333333333333332,8,26.666666666666668,2,6.666666666666667,0,0.0,4,13.333333333333334,2.3333333333333335,1.9379255804998177,1.0,1.75,76.66666666666667,76.66666666666667,83.33333333333334,17,56.666666666666664,5,16.666666666666664,1,3.3333333333333335,0,0.0,2,6.666666666666667,5,16.666666666666664,2.2333333333333334,1.5849991237291654,2.0,1.75,83.33333333333334,86.66666666666667,90.0,13,43.333333333333336,9,30.0,3,10.0,1,3.3333333333333335,1,3.3333333333333335,3,10.0,2.6,1.8000000000000003,2.0,2.75,73.33333333333333,76.66666666666667,86.66666666666667,11,36.666666666666664,9,30.0,2,6.666666666666667,1,3.3333333333333335,3,10.0,4,13.333333333333334
713,False,2.8666666666666667,1.927577639306795,2.0,3.75,66.66666666666666,73.33333333333333,80.0,10,33.33333333333333,8,26.666666666666668,2,6.666666666666667,2,6.666666666666667,2,6.666666666666667,6,20.0,2.033333333333333,1.682920741515245,1.0,1.0,80.0,86.66666666666667,90.0,19,63.33333333333333,4,13.333333333333334,1,3.3333333333333335,2,6.666666666666667,1,3.3333333333333335,3,10.0,2.3666666666666667,1.9232495649002208,1.0,2.75,73.33333333333333,80.0,83.33333333333334,17,56.666666666666664,4,13.333333333333334,1,3.3333333333333335,2,6.666666666666667,1,3.3333333333333335,5,16.666666666666664,2.7333333333333334,1.9310331143946988,2.0,3.0,63.33333333333333,76.66666666666667,83.33333333333334,13,43.333333333333336,5,16.666666666666664,1,3.3333333333333335,4,13.333333333333334,2,6.666666666666667,5,16.666666666666664
714,False,2.9,2.0387904911164036,2.0,4.5,66.66666666666666,73.33333333333333,73.33333333333333,11,36.666666666666664,7,23.333333333333332,2,6.666666666666667,2,6.666666666666667,0,0.0,8,26.666666666666668,2.1,1.7194960502038572,1.0,1.0,80.0,86.66666666666667,86.66666666666667,17,56.666666666666664,7,23.333333333333332,0,0.0,2,6.666666666666667,0,0.0,4,13.333333333333334,2.533333333333333,2.045048220023729,1.0,2.75,73.33333333333333,76.66666666666667,76.66666666666667,16,53.333333333333336,4,13.333333333333334,2,6.666666666666667,1,3.3333333333333335,0,0.0,7,23.333333333333332,2.6666666666666665,1.9888578520235065,2.0,3.0,66.66666666666666,76.66666666666667,80.0,14,46.666666666666664,5,16.666666666666664,1,3.3333333333333335,3,10.0,1,3.3333333333333335,6,20.0
715,True,2.2333333333333334,1.2297244497131146,2.0,0.0,90.0,93.33333333333333,93.33333333333333,7,23.333333333333332,16,53.333333333333336,4,13.333333333333334,1,3.3333333333333335,0,0.0,2,6.666666666666667,2.066666666666667,1.6110727964792761,1.0,1.0,83.33333333333334,86.66666666666667,90.0,16,53.333333333333336,8,26.666666666666668,1,3.3333333333333335,1,3.3333333333333335,1,3.3333333333333335,3,10.0,2.4,1.781385228784985,2.0,2.0,80.0,83.33333333333334,83.33333333333334,13,43.333333333333336,8,26.666666666666668,3,10.0,1,3.3333333333333335,0,0.0,5,16.666666666666664,2.566666666666667,1.6868774571839993,2.0,2.0,80.0,83.33333333333334,86.66666666666667,11,36.666666666666664,6,20.0,7,23.333333333333332,1,3.3333333333333335,1,3.3333333333333335,4,13.333333333333334
716,True,2.4,1.6041612554021283,2.0,2.0,83.33333333333334,83.33333333333334,90.0,11,36.666666666666664,9,30.0,5,16.666666666666664,0,0.0,2,6.666666666666667,3,10.0,1.8,1.4000000000000001,1.0,1.0,86.66666666666667,93.33333333333333,93.33333333333333,19,63.33333333333333,6,20.0,1,3.3333333333333335,2,6.666666666666667,0,0.0,2,6.666666666666667,1.8333333333333333,1.3186693629901658,1.0,1.0,86.66666666666667,93.33333333333333,96.66666666666667,18,60.0,6,20.0,2,6.666666666666667,2,6.666666666666667,1,3.3333333333333335,1,3.3333333333333335,2.1333333333333333,1.5434449203720302,1.0,2.0,80.0,90.0,93.33333333333333,16,53.333333333333336,5,16.666666666666664,3,10.0,3,10.0,1,3.3333333333333335,2,6.666666666666667
717,True,2.0,1.0645812948447542,2.0,1.75,96.66666666666667,96.66666666666667,96.66666666666667,11,36.666666666666664,11,36.666666666666664,7,23.333333333333332,0,0.0,0,0.0,1,3.3333333333333335,1.8666666666666667,1.284090685617215,1.0,1.0,90.0,93.33333333333333,96.66666666666667,17,56.666666666666664,6,20.0,4,13.333333333333334,1,3.3333333333333335,1,3.3333333333333335,1,3.3333333333333335,2.033333333333333,1.5162087220725546,1.0,1.0,80.0,90.0,93.33333333333333,16,53.333333333333336,8,26.666666666666668,0,0.0,3,10.0,1,3.3333333333333335,2,6.666666666666667,2.4,1.7048949136725895,2.0,2.0,76.66666666666667,86.66666666666667,86.66666666666667,13,43.333333333333336,7,23.333333333333332,3,10.0,3,10.0,0,0.0,4,13.333333333333334
718,False,2.3,1.7156145643277028,1.5,2.0,80.0,86.66666666666667,86.66666666666667,15,50.0,5,16.666666666666664,4,13.333333333333334,2,6.666666666666667,0,0.0,4,13.333333333333334,1.9666666666666666,1.682920741515245,1.0,1.0,86.66666666666667,86.66666666666667,86.66666666666667,19,63.33333333333333,5,16.666666666666664,2,6.666666666666667,0,0.0,0,0.0,4,13.333333333333334,2.2333333333333334,1.8917951498216952,1.0,1.75,80.0,80.0,83.33333333333334,18,60.0,4,13.333333333333334,2,6.666666666666667,0,0.0,1,3.3333333333333335,5,16.666666666666664,2.3666666666666667,1.7792008193443358,2.0,2.0,80.0,80.0,86.66666666666667,14,46.666666666666664,7,23.333333333333332,3,10.0,0,0.0,2,6.666666666666667,4,13.333333333333334
719,False,2.4,1.6653327995729061,2.0,2.0,83.33333333333334,86.66666666666667,86.66666666666667,13,43.333333333333336,5,16.666666666666664,7,23.333333333333332,1,3.3333333333333335,0,0.0,4,13.333333333333334,1.9666666666666666,1.5807874268505833,1.0,1.75,86.66666666666667,90.0,90.0,19,63.33333333333333,3,10.0,4,13.333333333333334,1,3.3333333333333335,0,0.0,3,10.0,2.2666666666666666,1.6918103387266028,1.5,2.0,83.33333333333334,86.66666666666667,86.66666666666667,15,50.0,5,16.666666666666664,5,16.666666666666664,1,3.3333333333333335,0,0.0,4,13.333333333333334,2.5,1.6278820596099706,2.0,2.0,76.66666666666667,83.33333333333334,93.33333333333333,13,43.333333333333336,3,10.0,7,23.333333333333332,2,6.666666666666667,3,10.0,2,6.666666666666667
720,True,2.6,1.8547236990991407,2.0,2.0,76.66666666666667,80.0,80.0,11,36.666666666666664,9,30.0,3,10.0,1,3.3333333333333335,0,0.0,6,20.0,2.2,1.833030277982336,1.0,1.0,80.0,83.33333333333334,83.33333333333334,17,56.666666666666664,6,20.0,1,3.3333333333333335,1,3.3333333333333335,0,0.0,5,16.666666666666664,2.1,1.6802777548171413,1.0,1.0,83.33333333333334,86.66666666666667,86.66666666666667,16,53.333333333333336,8,26.666666666666668,1,3.3333333333333335,1,3.3333333333333335,0,0.0,4,13.333333333333334,2.1333333333333333,1.4313940369055926,2.0,2.0,83.33333333333334,93.33333333333333,93.33333333333333,14,46.666666666666664,7,23.333333333333332,4,13.333333333333334,3,10.0,0,0.0,2,6.666666666666667
721,True,2.1333333333333333,1.5434449203720302,2.0,1.0,86.66666666666667,86.66666666666667,90.0,13,43.333333333333336,11,36.666666666666664,2,6.666666666666667,0,0.0,1,3.3333333333333335,3,10.0,2.033333333333333,1.5807874268505835,1.0,1.0,86.66666666666667,86.66666666666667,90.0,16,53.333333333333336,8,26.666666666666668,2,6.666666666666667,0,0.0,1,3.3333333333333335,3,10.0,2.1,1.468559384794046,2.0,1.0,90.0,90.0,90.0,13,43.333333333333336,10,33.33333333333333,4,13.333333333333334,0,0.0,0,0.0,3,10.0,2.3666666666666667,1.7978382080215733,2.0,1.0,76.66666666666667,83.33333333333334,83.33333333333334,13,43.333333333333336,10,33.33333333333333,0,0.0,2,6.666666666666667,0,0.0,5,16.666666666666664
722,True,2.9,1.8681541692269403,2.0,3.0,63.33333333333333,80.0,80.0,10,33.33333333333333,6,20.0,3,10.0,5,16.666666666666664,0,0.0,6,20.0,2.3333333333333335,1.8856180831641267,1.0,2.75,73.33333333333333,83.33333333333334,83.33333333333334,17,56.666666666666664,4,13.333333333333334,1,3.3333333333333335,3,10.0,0,0.0,5,16.666666666666664,2.6333333333333333,2.0245712852080286,1.5,3.75,70.0,73.33333333333333,80.0,15,50.0,4,13.333333333333334,2,6.666666666666667,1,3.3333333333333335,2,6.666666666666667,6,20.0,2.3666666666666667,1.702612371882951,2.0,2.0,76.66666666666667,83.33333333333334,90.0,14,46.666666666666664,6,20.0,3,10.0,2,6.666666666666667,2,6.666666666666667,3,10.0
723,True,2.7666666666666666,1.8381754238616315,2.0,2.75,73.33333333333333,76.66666666666667,83.33333333333334,11,36.666666666666664,5,16.666666666666664,6,20.0,1,3.3333333333333335,2,6.666666666666667,5,16.666666666666664,1.8333333333333333,1.5073892072793353,1.0,1.0,90.0,90.0,90.0,19,63.33333333333333,6,20.0,2,6.666666666666667,0,0.0,0,0.0,3,10.0,1.8,1.351542328847553,1.0,1.0,90.0,93.33333333333333,93.33333333333333,18,60.0,7,23.333333333333332,2,6.666666666666667,1,3.3333333333333335,0,0.0,2,6.666666666666667,2.1,1.374772708486752,1.5,2.0,76.66666666666667,96.66666666666667,96.66666666666667,15,50.0,6,20.0,2,6.666666666666667,6,20.0,0,0.0,1,3.3333333333333335
724,False,2.4,1.818424226264781,2.0,1.75,80.0,80.0,83.33333333333334,13,43.333333333333336,9,30.0,2,6.666666666666667,0,0.0,1,3.3333333333333335,5,16.666666666666664,1.9,1.619670748434179,1.0,1.0,86.66666666666667,86.66666666666667,90.0,20,66.66666666666666,4,13.333333333333334,2,6.666666666666667,0,0.0,1,3.3333333333333335,3,10.0,2.1333333333333333,1.8208667044996885,1.0,1.0,83.33333333333334,83.33333333333334,83.33333333333334,18,60.0,5,16.666666666666664,2,6.666666666666667,0,0.0,0,0.0,5,16.666666666666664,2.066666666666667,1.6918103387266028,1.0,1.75,86.66666666666667,86.66666666666667,86.66666666666667,18,60.0,4,13.333333333333334,4,13.333333333333334,0,0.0,0,0.0,4,13.333333333333334
725,True,2.1666666666666665,1.5073892072793351,2.0,1.75,86.66666666666667,90.0,90.0,13,43.333333333333336,9,30.0,4,13.333333333333334,1,3.3333333333333335,0,0.0,3,10.0,1.9,1.5132745950421556,1.0,1.0,90.0,90.0,90.0,18,60.0,6,20.0,3,10.0,0,0.0,0,0.0,3,10.0,2.1,1.7,1.0,1.0,83.33333333333334,86.66666666666667,86.66666666666667,17,56.666666666666664,6,20.0,2,6.666666666666667,1,3.3333333333333335,0,0.0,4,13.333333333333334,2.3,1.8284784202536635,1.0,2.0,80.0,83.33333333333334,83.33333333333334,16,53.333333333333336,5,16.666666666666664,3,10.0,1,3.3333333333333335,0,0.0,5,16.666666666666664
726,True,2.433333333333333,1.4761059883656353,2.0,2.75,73.33333333333333,93.33333333333333,93.33333333333333,11,36.666666666666664,7,23.333333333333332,4,13.333333333333334,6,20.0,0,0.0,2,6.666666666666667,2.1333333333333333,1.6478942792411033,1.0,2.0,83.33333333333334,86.66666666666667,90.0,17,56.666666666666664,4,13.333333333333334,4,13.333333333333334,1,3.3333333333333335,1,3.3333333333333335,3,10.0,2.3333333333333335,1.8856180831641267,1.0,1.75,76.66666666666667,80.0,83.33333333333334,16,53.333333333333336,6,20.0,1,3.3333333333333335,1,3.3333333333333335,1,3.3333333333333335,5,16.666666666666664,2.8,1.8690461025168248,2.0,3.0,63.33333333333333,80.0,83.33333333333334,12,40.0,4,13.333333333333334,3,10.0,5,16.666666666666664,1,3.3333333333333335,5,16.666666666666664
727,True,2.466666666666667,1.5860503004493758,2.0,2.0,76.66666666666667,86.66666666666667,90.0,10,33.33333333333333,10,33.33333333333333,3,10.0,3,10.0,1,3.3333333333333335,3,10.0,2.0,1.390443574307614,1.0,1.75,86.66666666666667,90.0,96.66666666666667,16,53.333333333333336,6,20.0,4,13.333333333333334,1,3.3333333333333335,2,6.666666666666667,1,3.3333333333333335,2.2666666666666666,1.8245242911205346,1.0,1.75,80.0,83.33333333333334,83.33333333333334,16,53.333333333333336,6,20.0,2,6.666666666666667,1,3.3333333333333335,0,0.0,5,16.666666666666664,2.7333333333333334,1.9482185594936612,2.0,4.0,70.0,70.0,83.33333333333334,12,40.0,7,23.333333333333332,2,6.666666666666667,0,0.0,4,13.333333333333334,5,16.666666666666664
728,False,2.433333333333333,1.7641491496532322,2.0,2.0,80.0,83.33333333333334,83.33333333333334,12,40.0,9,30.0,3,10.0,1,3.3333333333333335,0,0.0,5,16.666666666666664,2.0,1.5491933384829668,1.0,1.0,86.66666666666667,90.0,90.0,17,56.666666666666664,6,20.0,3,10.0,1,3.3333333333333335,0,0.0,3,10.0,2.3333333333333335,1.7950549357115013,1.0,2.0,76.66666666666667,83.33333333333334,86.66666666666667,16,53.333333333333336,4,13.333333333333334,3,10.0,2,6.666666666666667,1,3.3333333333333335,4,13.333333333333334,2.9,1.9891371663780926,2.0,3.75,66.66666666666666,73.33333333333333,76.66666666666667,11,36.666666666666664,6,20.0,3,10.0,2,6.666666666666667,1,3.3333333333333335,7,23.333333333333332
729,False,2.7333333333333334,1.948218559493661,2.0,3.75,70.0,73.33333333333333,80.0,11,36.666666666666664,9,30.0,1,3.3333333333333335,1,3.3333333333333335,2,6.666666666666667,6,20.0,2.066666666666667,1.730767331432956,1.0,1.0,83.33333333333334,83.33333333333334,86.66666666666667,17,56.666666666666664,8,26.666666666666668,0,0.0,0,0.0,1,3.3333333333333335,4,13.333333333333334,2.2,1.833030277982336,1.0,1.0,80.0,83.33333333333334,83.33333333333334,17,56.666666666666664,6,20.0,1,3.3333333333333335,1,3.3333333333333335,0,0.0,5,16.666666666666664,2.6666666666666665,1.903213656482693,2.0,2.75,73.33333333333333,76.66666666666667,80.0,11,36.666666666666664,9,30.0,2,6.666666666666667,1,3.3333333333333335,1,3.3333333333333335,6,20.0
730,False,2.533333333333333,1.910206504252587,2.0,1.75,76.66666666666667,76.66666666666667,80.0,12,40.0,10,33.33333333333333,1,3.3333333333333335,0,0.0,1,3.3333333333333335,6,20.0,2.066666666666667,1.7113996870657917,1.0,1.0,83.33333333333334,86.66666666666667,86.66666666666667,18,60.0,5,16.666666666666664,2,6.666666666666667,1,3.3333333333333335,0,0.0,4,13.333333333333334,2.1666666666666665,1.654958878307521,1.5,1.75,86.66666666666667,86.66666666666667,86.66666666666667,15,50.0,7,23.333333333333332,4,13.333333333333334,0,0.0,0,0.0,4,13.333333333333334,2.2,1.7397317800933185,1.0,1.75,83.33333333333334,83.33333333333334,86.66666666666667,16,53.333333333333336,6,20.0,3,10.0,0,0.0,1,3.3333333333333335,4,13.333333333333334
731,False,2.5,1.746424919657298,2.0,2.0,83.33333333333334,83.33333333333334,83.33333333333334,12,40.0,6,20.0,7,23.333333333333332,0,0.0,0,0.0,5,16.666666666666664,1.9666666666666666,1.601735170231195,1.0,1.0,83.33333333333334,90.0,90.0,19,63.33333333333333,4,13.333333333333334,2,6.666666666666667,2,6.666666666666667,0,0.0,3,10.0,2.3666666666666667,1.9745604292826517,1.0,2.0,76.66666666666667,80.0,80.0,18,60.0,2,6.666666666666667,3,10.0,1,3.3333333333333335,0,0.0,6,20.0,2.3666666666666667,1.8345450541089352,1.5,2.0,76.66666666666667,83.33333333333334,83.33333333333334,15,50.0,6,20.0,2,6.666666666666667,2,6.666666666666667,0,0.0,5,16.666666666666664
732,False,2.566666666666667,1.6058919293927874,2.0,2.0,76.66666666666667,83.33333333333334,90.0,9,30.0,10,33.33333333333333,4,13.333333333333334,2,6.666666666666667,2,6.666666666666667,3,10.0,2.1666666666666665,1.5293426329272617,2.0,1.75,83.33333333333334,86.66666666666667,93.33333333333333,14,46.666666666666664,8,26.666666666666668,3,10.0,1,3.3333333333333335,2,6.666666666666667,2,6.666666666666667,2.5,1.746424919657298,2.0,2.0,80.0,83.33333333333334,83.33333333333334,11,36.666666666666664,9,30.0,4,13.333333333333334,1,3.3333333333333335,0,0.0,5,16.666666666666664,2.433333333333333,1.6468825769380835,2.0,2.0,80.0,86.66666666666667,86.66666666666667,11,36.666666666666664,9,30.0,4,13.333333333333334,2,6.666666666666667,0,0.0,4,13.333333333333334
733,True,2.3,1.5737428845483834,2.0,2.0,83.33333333333334,86.66666666666667,90.0,12,40.0,9,30.0,4,13.333333333333334,1,3.3333333333333335,1,3.3333333333333335,3,10.0,1.8666666666666667,1.521694961401777,1.0,1.0,83.33333333333334,90.0,93.33333333333333,20,66.66666666666666,4,13.333333333333334,1,3.3333333333333335,2,6.666666666666667,1,3.3333333333333335,2,6.666666666666667,2.2,1.92180470738661,1.0,1.0,76.66666666666667,80.0,83.33333333333334,19,63.33333333333333,4,13.333333333333334,0,0.0,1,3.3333333333333335,1,3.3333333333333335,5,16.666666666666664,2.8666666666666667,2.0450482200237294,2.0,4.0,66.66666666666666,70.0,76.66666666666667,12,40.0,6,20.0,2,6.666666666666667,1,3.3333333333333335,2,6.666666666666667,7,23.333333333333332
734,False,2.7666666666666666,1.9093337988826249,2.0,2.75,73.33333333333333,76.66666666666667,76.66666666666667,9,30.0,11,36.666666666666664,2,6.666666666666667,1,3.3333333333333335,0,0.0,7,23.333333333333332,2.2666666666666666,1.7499206331208916,1.5,1.75,80.0,83.33333333333334,86.66666666666667,15,50.0,7,23.333333333333332,2,6.666666666666667,1,3.3333333333333335,1,3.3333333333333335,4,13.333333333333334,2.6,2.042873792805942,2.0,3.5,73.33333333333333,73.33333333333333,76.66666666666667,14,46.666666666666664,7,23.333333333333332,1,3.3333333333333335,0,0.0,1,3.3333333333333335,7,23.333333333333332,2.533333333333333,1.839081896551163,2.0,2.75,73.33333333333333,80.0,83.33333333333334,12,40.0,9,30.0,1,3.3333333333333335,2,6.666666666666667,1,3.3333333333333335,5,16.666666666666664
735,True,2.466666666666667,1.7461067804945063,2.0,2.0,80.0,83.33333333333334,83.33333333333334,11,36.666666666666664,10,33.33333333333333,3,10.0,1,3.3333333333333335,0,0.0,5,16.666666666666664,2.1,1.7387735140993301,1.0,1.0,80.0,86.66666666666667,86.66666666666667,18,60.0,5,16.666666666666664,1,3.3333333333333335,2,6.666666666666667,0,0.0,4,13.333333333333334,2.1333333333333333,1.7269111795984824,1.0,1.0,80.0,86.66666666666667,86.66666666666667,17,56.666666666666664,6,20.0,1,3.3333333333333335,2,6.666666666666667,0,0.0,4,13.333333333333334,2.6333333333333333,2.0245712852080286,2.0,3.0,70.0,76.66666666666667,76.66666666666667,14,46.666666666666664,6,20.0,1,3.3333333333333335,2,6.666666666666667,0,0.0,7,23.333333333333332
736,True,2.6333333333333333,1.5595583420386114,2.0,2.0,76.66666666666667,86.66666666666667,90.0,9,30.0,7,23.333333333333332,7,23.333333333333332,3,10.0,1,3.3333333333333335,3,10.0,2.2,1.6812693617224657,1.0,2.0,83.33333333333334,83.33333333333334,90.0,16,53.333333333333336,5,16.666666666666664,4,13.333333333333334,0,0.0,2,6.666666666666667,3,10.0,2.3333333333333335,1.699673171197595,2.0,2.0,80.0,86.66666666666667,86.66666666666667,14,46.666666666666664,6,20.0,4,13.333333333333334,2,6.666666666666667,0,0.0,4,13.333333333333334,2.7333333333333334,1.8427033281447005,2.0,2.75,73.33333333333333,76.66666666666667,83.33333333333334,11,36.666666666666664,6,20.0,5,16.666666666666664,1,3.3333333333333335,2,6.666666666666667,5,16.666666666666664
737,True,2.3666666666666667,1.3780017739062926,2.0,1.75,83.33333333333334,90.0,93.33333333333333,8,26.666666666666668,13,43.333333333333336,4,13.333333333333334,2,6.666666666666667,1,3.3333333333333335,2,6.666666666666667,2.0,1.5275252316519468,1.0,1.0,86.66666666666667,90.0,90.0,16,53.333333333333336,8,26.666666666666668,2,6.666666666666667,1,3.3333333333333335,0,0.0,3,10.0,2.0,1.2649110640673518,2.0,1.0,86.66666666666667,93.33333333333333,96.66666666666667,13,43.333333333333336,11,36.666666666666664,2,6.666666666666667,2,6.666666666666667,1,3.3333333333333335,1,3.3333333333333335,2.6,1.6451950239004087,2.0,2.75,73.33333333333333,80.0,93.33333333333333,11,36.666666666666664,6,20.0,5,16.666666666666664,2,6.666666666666667,4,13.333333333333334,2,6.666666666666667
738,True,2.1333333333333333,1.3349989596333858,2.0,1.75,86.66666666666667,90.0,96.66666666666667,12,40.0,10,33.33333333333333,4,13.333333333333334,1,3.3333333333333335,2,6.666666666666667,1,3.3333333333333335,2.033333333333333,1.7220788470785986,1.0,1.0,83.33333333333334,86.66666666666667,86.66666666666667,19,63.33333333333333,4,13.333333333333334,2,6.666666666666667,1,3.3333333333333335,0,0.0,4,13.333333333333334,2.2666666666666666,1.8245242911205346,1.0,1.75,80.0,83.33333333333334,83.33333333333334,16,53.333333333333336,6,20.0,2,6.666666666666667,1,3.3333333333333335,0,0.0,5,16.666666666666664,2.1333333333333333,1.4544949486180951,1.5,2.0,80.0,90.0,96.66666666666667,15,50.0,6,20.0,3,10.0,3,10.0,2,6.666666666666667,1,3.3333333333333335
739,False,2.3666666666666667,1.5162087220725546,2.0,2.0,83.33333333333334,90.0,90.0,11,36.666666666666664,8,26.666666666666668,6,20.0,2,6.666666666666667,0,0.0,3,10.0,1.9,1.4224392195567912,1.0,1.0,86.66666666666667,93.33333333333333,93.33333333333333,18,60.0,5,16.666666666666664,3,10.0,2,6.666666666666667,0,0.0,2,6.666666666666667,2.1,1.7,1.0,1.0,83.33333333333334,86.66666666666667,86.66666666666667,17,56.666666666666664,6,20.0,2,6.666666666666667,1,3.3333333333333335,0,0.0,4,13.333333333333334,2.5,1.857417562100671,2.0,3.0,70.0,83.33333333333334,83.33333333333334,14,46.666666666666664,6,20.0,1,3.3333333333333335,4,13.333333333333334,0,0.0,5,16.666666666666664
740,False,2.3333333333333335,1.4681810363696828,2.0,2.0,86.66666666666667,90.0,90.0,10,33.33333333333333,10,33.33333333333333,6,20.0,1,3.3333333333333335,0,0.0,3,10.0,2.0,1.505545305418162,1.0,1.0,90.0,90.0,90.0,16,53.333333333333336,7,23.333333333333332,4,13.333333333333334,0,0.0,0,0.0,3,10.0,2.3,1.69607389776114,2.0,2.0,80.0,86.66666666666667,86.66666666666667,14,46.666666666666664,7,23.333333333333332,3,10.0,2,6.666666666666667,0,0.0,4,13.333333333333334,2.5,1.91049731745428,2.0,2.0,76.66666666666667,80.0,80.0,14,46.666666666666664,6,20.0,3,10.0,1,3.3333333333333335,0,0.0,6,20.0
741,False,2.2333333333333334,1.6669999666733315,2.0,1.75,83.33333333333334,86.66666666666667,86.66666666666667,14,46.666666666666664,8,26.666666666666668,3,10.0,1,3.3333333333333335,0,0.0,4,13.333333333333334,1.9666666666666666,1.5595583420386114,1.0,1.0,86.66666666666667,90.0,90.0,18,60.0,5,16.666666666666664,3,10.0,1,3.3333333333333335,0,0.0,3,10.0,2.2333333333333334,1.8199511592958264,1.0,1.0,80.0,83.33333333333334,83.33333333333334,16,53.333333333333336,7,23.333333333333332,1,3.3333333333333335,1,3.3333333333333335,0,0.0,5,16.666666666666664,2.466666666666667,1.8749814813900314,2.0,2.0,80.0,80.0,80.0,13,43.333333333333336,8,26.666666666666668,3,10.0,0,0.0,0,0.0,6,20.0
742,True,2.8,1.8690461025168248,2.0,2.75,73.33333333333333,76.66666666666667,80.0,10,33.33333333333333,7,23.333333333333332,5,16.666666666666664,1,3.3333333333333335,1,3.3333333333333335,6,20.0,2.033333333333333,1.5807874268505833,1.0,1.0,83.33333333333334,90.0,90.0,17,56.666666666666664,6,20.0,2,6.666666666666667,2,6.666666666666667,0,0.0,3,10.0,2.0,1.4375905768565218,1.0,1.0,83.33333333333334,93.33333333333333,93.33333333333333,16,53.333333333333336,7,23.333333333333332,2,6.666666666666667,3,10.0,0,0.0,2,6.666666666666667,2.6333333333333333,1.834545054108935,2.0,3.0,70.0,80.0,83.33333333333334,11,36.666666666666664,9,30.0,1,3.3333333333333335,3,10.0,1,3.3333333333333335,5,16.666666666666664
743,False,2.466666666666667,1.7269111795984826,2.0,2.0,76.66666666666667,80.0,90.0,13,43.333333333333336,6,20.0,4,13.333333333333334,1,3.3333333333333335,3,10.0,3,10.0,1.9333333333333333,1.7113996870657915,1.0,1.0,83.33333333333334,86.66666666666667,86.66666666666667,20,66.66666666666666,5,16.666666666666664,0,0.0,1,3.3333333333333335,0,0.0,4,13.333333333333334,2.033333333333333,1.7978382080215733,1.0,1.0,80.0,83.33333333333334,86.66666666666667,20,66.66666666666666,4,13.333333333333334,0,0.0,1,3.3333333333333335,1,3.3333333333333335,4,13.333333333333334,2.1333333333333333,1.521694961401777,1.5,1.75,80.0,90.0,93.33333333333333,15,50.0,7,23.333333333333332,2,6.666666666666667,3,10.0,1,3.3333333333333335,2,6.666666666666667
744,True,1.8333333333333333,1.1571036638473189,2.0,1.0,93.33333333333333,93.33333333333333,96.66666666666667,14,46.666666666666664,12,40.0,2,6.666666666666667,0,0.0,1,3.3333333333333335,1,3.3333333333333335,1.8,1.4696938456699071,1.0,1.0,90.0,90.0,90.0,18,60.0,9,30.0,0,0.0,0,0.0,0,0.0,3,10.0,1.9,1.468559384794046,1.0,1.0,90.0,90.0,90.0,16,53.333333333333336,10,33.33333333333333,1,3.3333333333333335,0,0.0,0,0.0,3,10.0,1.9,1.1357816691600546,2.0,1.0,93.33333333333333,93.33333333333333,96.66666666666667,12,40.0,14,46.666666666666664,2,6.666666666666667,0,0.0,1,3.3333333333333335,1,3.3333333333333335
745,True,2.433333333333333,1.430229196861662,2.0,2.0,83.33333333333334,90.0,93.33333333333333,10,33.33333333333333,7,23.333333333333332,8,26.666666666666668,2,6.666666666666667,1,3.3333333333333335,2,6.666666666666667,2.0,1.4375905768565218,1.0,1.75,90.0,90.0,93.33333333333333,16,53.333333333333336,6,20.0,5,16.666666666666664,0,0.0,1,3.3333333333333335,2,6.666666666666667,2.3,1.676305461424021,2.0,2.0,83.33333333333334,86.66666666666667,86.66666666666667,14,46.666666666666664,6,20.0,5,16.666666666666664,1,3.3333333333333335,0,0.0,4,13.333333333333334,2.6333333333333333,1.7026123718829513,2.0,2.0,80.0,80.0,86.66666666666667,10,33.33333333333333,7,23.333333333333332,7,23.333333333333332,0,0.0,2,6.666666666666667,4,13.333333333333334
746,False,2.3666666666666667,1.6224124698183946,2.0,2.0,83.33333333333334,86.66666666666667,86.66666666666667,11,36.666666666666664,10,33.33333333333333,4,13.333333333333334,1,3.3333333333333335,0,0.0,4,13.333333333333334,2.2,1.9043809142780932,1.0,1.75,80.0,80.0,83.33333333333334,19,63.33333333333333,3,10.0,2,6.666666666666667,0,0.0,1,3.3333333333333335,5,16.666666666666664,2.2333333333333334,1.7829438827088444,1.0,2.0,80.0,83.33333333333334,86.66666666666667,17,56.666666666666664,4,13.333333333333334,3,10.0,1,3.3333333333333335,1,3.3333333333333335,4,13.333333333333334,2.5,1.8929694486000912,2.0,2.0,80.0,80.0,80.0,14,46.666666666666664,5,16.666666666666664,5,16.666666666666664,0,0.0,0,0.0,6,20.0
747,True,2.6333333333333333,1.7603661235347856,2.0,2.0,76.66666666666667,83.33333333333334,83.33333333333334,11,36.666666666666664,6,20.0,6,20.0,2,6.666666666666667,0,0.0,5,16.666666666666664,1.9666666666666666,1.5595583420386112,1.0,2.0,83.33333333333334,90.0,93.33333333333333,20,66.66666666666666,1,3.3333333333333335,4,13.333333333333334,2,6.666666666666667,1,3.3333333333333335,2,6.666666666666667,2.433333333333333,1.9439364415764442,1.0,3.0,70.0,80.0,83.33333333333334,17,56.666666666666664,3,10.0,1,3.3333333333333335,3,10.0,1,3.3333333333333335,5,16.666666666666664,2.6333333333333333,1.8705317128797596,2.0,3.0,70.0,76.66666666666667,86.66666666666667,14,46.666666666666664,3,10.0,4,13.333333333333334,2,6.666666666666667,3,10.0,4,13.333333333333334
748,False,3.033333333333333,1.9745604292826517,2.0,4.5,70.0,70.0,73.33333333333333,8,26.666666666666668,9,30.0,4,13.333333333333334,0,0.0,1,3.3333333333333335,8,26.666666666666668,2.2333333333333334,1.8381754238616317,1.0,1.75,80.0,83.33333333333334,83.33333333333334,17,56.666666666666664,5,16.666666666666664,2,6.666666666666667,1,3.3333333333333335,0,0.0,5,16.666666666666664,2.466666666666667,1.8926759422104522,2.0,2.0,80.0,80.0,80.0,14,46.666666666666664,6,20.0,4,13.333333333333334,0,0.0,0,0.0,6,20.0,2.566666666666667,1.9947152400502908,1.5,3.0,70.0,76.66666666666667,80.0,15,50.0,5,16.666666666666664,1,3.3333333333333335,2,6.666666666666667,1,3.3333333333333335,6,20.0
749,False,2.2,1.3515423288475528,2.0,1.75,90.0,90.0,93.33333333333333,10,33.33333333333333,12,40.0,5,16.666666666666664,0,0.0,1,3.3333333333333335,2,6.666666666666667,2.033333333333333,1.5380362660079103,1.0,1.0,83.33333333333334,86.66666666666667,93.33333333333333,16,53.333333333333336,8,26.666666666666668,1,3.3333333333333335,1,3.3333333333333335,2,6.666666666666667,2,6.666666666666667,2.066666666666667,1.4590712418826193,1.5,1.75,86.66666666666667,90.0,93.33333333333333,15,50.0,7,23.333333333333332,4,13.333333333333334,1,3.3333333333333335,1,3.3333333333333335,2,6.666666666666667,2.8,2.0066555924389884,2.0,3.75,66.66666666666666,73.33333333333333,76.66666666666667,11,36.666666666666664,9,30.0,0,0.0,2,6.666666666666667,1,3.3333333333333335,7,23.333333333333332
750,False,1.9,1.3,1.5,1.0,93.33333333333333,93.33333333333333,93.33333333333333,15,50.0,9,30.0,4,13.333333333333334,0,0.0,0,0.0,2,6.666666666666667,1.8,1.514375558880073,1.0,1.0,90.0,90.0,90.0,20,66.66666666666666,5,16.666666666666664,2,6.666666666666667,0,0.0,0,0.0,3,10.0,2.1,1.8138357147217052,1.0,1.0,83.33333333333334,83.33333333333334,83.33333333333334,18,60.0,6,20.0,1,3.3333333333333335,0,0.0,0,0.0,5,16.666666666666664,2.066666666666667,1.651934892448516,1.0,1.0,86.66666666666667,86.66666666666667,86.66666666666667,16,53.333333333333336,8,26.666666666666668,2,6.666666666666667,0,0.0,0,0.0,4,13.333333333333334
751,True,2.8666666666666667,1.892675942210452,2.0,3.0,66.66666666666666,76.66666666666667,80.0,10,33.33333333333333,7,23.333333333333332,3,10.0,3,10.0,1,3.3333333333333335,6,20.0,2.066666666666667,1.8061622912192088,1.0,1.0,80.0,83.33333333333334,86.66666666666667,20,66.66666666666666,3,10.0,1,3.3333333333333335,1,3.3333333333333335,1,3.3333333333333335,4,13.333333333333334,2.1333333333333333,1.6275407487644937,1.0,2.75,73.33333333333333,90.0,93.33333333333333,18,60.0,3,10.0,1,3.3333333333333335,5,16.666666666666664,1,3.3333333333333335,2,6.666666666666667,2.433333333333333,1.8381754238616317,1.0,3.0,70.0,83.33333333333334,86.66666666666667,16,53.333333333333336,3,10.0,2,6.666666666666667,4,13.333333333333334,1,3.3333333333333335,4,13.333333333333334
752,True,1.8,1.2754084313139327,1.0,1.0,93.33333333333333,93.33333333333333,93.33333333333333,16,53.333333333333336,10,33.33333333333333,2,6.666666666666667,0,0.0,0,0.0,2,6.666666666666667,1.7333333333333334,1.412641340027806,1.0,1.0,86.66666666666667,93.33333333333333,93.33333333333333,21,70.0,4,13.333333333333334,1,3.3333333333333335,2,6.666666666666667,0,0.0,2,6.666666666666667,1.9333333333333333,1.5260697523012796,1.0,1.0,86.66666666666667,90.0,90.0,17,56.666666666666664,8,26.666666666666668,1,3.3333333333333335,1,3.3333333333333335,0,0.0,3,10.0,2.066666666666667,1.4817407180595246,1.5,1.0,83.33333333333334,90.0,93.33333333333333,15,50.0,8,26.666666666666668,2,6.666666666666667,2,6.666666666666667,1,3.3333333333333335,2,6.666666666666667
753,True,2.1666666666666665,1.5509853498842459,1.5,2.0,83.33333333333334,86.66666666666667,93.33333333333333,15,50.0,6,20.0,4,13.333333333333334,1,3.3333333333333335,2,6.666666666666667,2,6.666666666666667,2.033333333333333,1.8882678717691397,1.0,0.75,80.0,83.33333333333334,83.33333333333334,22,73.33333333333333,1,3.3333333333333335,1,3.3333333333333335,1,3.3333333333333335,0,0.0,5,16.666666666666664,2.3666666666666667,2.0733762053445317,1.0,2.0,76.66666666666667,76.66666666666667,76.66666666666667,19,63.33333333333333,2,6.666666666666667,2,6.666666666666667,0,0.0,0,0.0,7,23.333333333333332,2.433333333333333,1.7641491496532322,2.0,2.75,73.33333333333333,80.0,90.0,14,46.666666666666664,6,20.0,2,6.666666666666667,2,6.666666666666667,3,10.0,3,10.0
754,False,2.466666666666667,1.746106780494506,2.0,2.75,73.33333333333333,83.33333333333334,86.66666666666667,12,40.0,9,30.0,1,3.3333333333333335,3,10.0,1,3.3333333333333335,4,13.333333333333334,1.7,1.3699148392023013,1.0,1.0,90.0,93.33333333333333,93.33333333333333,21,70.0,4,13.333333333333334,2,6.666666666666667,1,3.3333333333333335,0,0.0,2,6.666666666666667,1.8333333333333333,1.4161763857498668,1.0,1.0,86.66666666666667,93.33333333333333,93.33333333333333,19,63.33333333333333,5,16.666666666666664,2,6.666666666666667,2,6.666666666666667,0,0.0,2,6.666666666666667,2.433333333333333,1.9779338265529063,1.0,2.0,76.66666666666667,76.66666666666667,80.0,16,53.333333333333336,5,16.666666666666664,2,6.666666666666667,0,0.0,1,3.3333333333333335,6,20.0
755,True,2.1666666666666665,1.3924399049470282,2.0,2.0,83.33333333333334,90.0,96.66666666666667,13,43.333333333333336,8,26.666666666666668,4,13.333333333333334,2,6.666666666666667,2,6.666666666666667,1,3.3333333333333335,2.0,1.61245154965971,1.0,1.0,80.0,90.0,90.0,18,60.0,6,20.0,0,0.0,3,10.0,0,0.0,3,10.0,2.066666666666667,1.6918103387266028,1.0,1.0,83.33333333333334,86.66666666666667,86.66666666666667,17,56.666666666666664,7,23.333333333333332,1,3.3333333333333335,1,3.3333333333333335,0,0.0,4,13.333333333333334,2.7333333333333334,1.896195020443719,2.0,3.0,66.66666666666666,80.0,80.0,11,36.666666666666664,8,26.666666666666668,1,3.3333333333333335,4,13.333333333333334,0,0.0,6,20.0
756,True,2.8333333333333335,1.674979270186815,3.0,1.75,76.66666666666667,83.33333333333334,83.33333333333334,8,26.666666666666668,6,20.0,9,30.0,2,6.666666666666667,0,0.0,5,16.666666666666664,2.2333333333333334,1.891795149821695,1.0,1.75,80.0,80.0,83.33333333333334,18,60.0,4,13.333333333333334,2,6.666666666666667,0,0.0,1,3.3333333333333335,5,16.666666666666664,2.5,1.8211717839530315,2.0,2.75,73.33333333333333,80.0,86.66666666666667,14,46.666666666666664,5,16.666666666666664,3,10.0,2,6.666666666666667,2,6.666666666666667,4,13.333333333333334,2.310344827586207,1.8023633579823417,2.0,1.0,79.3103448275862,79.3103448275862,86.20689655172413,14,48.275862068965516,8,27.586206896551722,1,3.4482758620689653,0,0.0,2,6.896551724137931,4,13.793103448275861
757,False,2.7333333333333334,1.8607047649270483,2.0,3.75,70.0,73.33333333333333,86.66666666666667,12,40.0,5,16.666666666666664,4,13.333333333333334,1,3.3333333333333335,4,13.333333333333334,4,13.333333333333334,1.9333333333333333,1.7499206331208912,1.0,0.75,83.33333333333334,86.66666666666667,86.66666666666667,22,73.33333333333333,1,3.3333333333333335,2,6.666666666666667,1,3.3333333333333335,0,0.0,4,13.333333333333334,2.466666666666667,2.10923893594085,1.0,3.5,73.33333333333333,73.33333333333333,76.66666666666667,18,60.0,3,10.0,1,3.3333333333333335,0,0.0,1,3.3333333333333335,7,23.333333333333332,2.8,2.103964511741267,1.0,3.75,63.33333333333333,73.33333333333333,76.66666666666667,16,53.333333333333336,0,0.0,3,10.0,3,10.0,1,3.3333333333333335,7,23.333333333333332
758,True,2.1666666666666665,1.2931443160847216,2.0,2.0,90.0,90.0,96.66666666666667,11,36.666666666666664,10,33.33333333333333,6,20.0,0,0.0,2,6.666666666666667,1,3.3333333333333335,2.033333333333333,1.682920741515245,1.0,1.0,80.0,86.66666666666667,90.0,19,63.33333333333333,4,13.333333333333334,1,3.3333333333333335,2,6.666666666666667,1,3.3333333333333335,3,10.0,2.033333333333333,1.5380362660079103,1.0,1.0,80.0,90.0,93.33333333333333,17,56.666666666666664,6,20.0,1,3.3333333333333335,3,10.0,1,3.3333333333333335,2,6.666666666666667,2.3333333333333335,1.5776212754932306,2.0,2.0,83.33333333333334,86.66666666666667,90.0,12,40.0,8,26.666666666666668,5,16.666666666666664,1,3.3333333333333335,1,3.3333333333333335,3,10.0
759,True,2.7,1.7916472867168918,2.0,1.75,76.66666666666667,80.0,80.0,8,26.666666666666668,12,40.0,3,10.0,1,3.3333333333333335,0,0.0,6,20.0,1.8666666666666667,1.3349989596333858,1.0,1.0,90.0,93.33333333333333,93.33333333333333,16,53.333333333333336,9,30.0,2,6.666666666666667,1,3.3333333333333335,0,0.0,2,6.666666666666667,2.033333333333333,1.4940623220676648,1.0,1.0,83.33333333333334,90.0,93.33333333333333,16,53.333333333333336,7,23.333333333333332,2,6.666666666666667,2,6.666666666666667,1,3.3333333333333335,2,6.666666666666667,2.0,1.0327955589886444,2.0,1.75,86.66666666666667,100.0,100.0,12,40.0,10,33.33333333333333,4,13.333333333333334,4,13.333333333333334,0,0.0,0,0.0
760,False,2.9,1.9209372712298547,2.0,3.0,66.66666666666666,76.66666666666667,76.66666666666667,9,30.0,9,30.0,2,6.666666666666667,3,10.0,0,0.0,7,23.333333333333332,2.033333333333333,1.7026123718829511,1.0,1.0,83.33333333333334,86.66666666666667,86.66666666666667,18,60.0,6,20.0,1,3.3333333333333335,1,3.3333333333333335,0,0.0,4,13.333333333333334,2.2666666666666666,1.8245242911205346,1.0,1.75,80.0,83.33333333333334,83.33333333333334,16,53.333333333333336,6,20.0,2,6.666666666666667,1,3.3333333333333335,0,0.0,5,16.666666666666664,2.066666666666667,1.6316317667360558,1.0,1.0,83.33333333333334,86.66666666666667,90.0,17,56.666666666666664,6,20.0,2,6.666666666666667,1,3.3333333333333335,1,3.3333333333333335,3,10.0
761,False,2.533333333333333,1.8024674446127698,2.0,2.5,73.33333333333333,76.66666666666667,86.66666666666667,11,36.666666666666664,11,36.666666666666664,0,0.0,1,3.3333333333333335,3,10.0,4,13.333333333333334,1.9,1.5989579940281942,1.0,1.0,83.33333333333334,90.0,90.0,20,66.66666666666666,4,13.333333333333334,1,3.3333333333333335,2,6.666666666666667,0,0.0,3,10.0,1.9,1.468559384794046,1.0,1.0,86.66666666666667,90.0,93.33333333333333,18,60.0,6,20.0,2,6.666666666666667,1,3.3333333333333335,1,3.3333333333333335,2,6.666666666666667,2.4,1.8366636418607882,2.0,2.5,73.33333333333333,83.33333333333334,83.33333333333334,14,46.666666666666664,8,26.666666666666668,0,0.0,3,10.0,0,0.0,5,16.666666666666664
762,True,2.1333333333333333,1.586050300449376,1.5,1.0,80.0,90.0,90.0,15,50.0,8,26.666666666666668,1,3.3333333333333335,3,10.0,0,0.0,3,10.0,1.9,1.6802777548171413,1.0,0.75,83.33333333333334,86.66666666666667,90.0,22,73.33333333333333,1,3.3333333333333335,2,6.666666666666667,1,3.3333333333333335,1,3.3333333333333335,3,10.0,2.1333333333333333,1.9618585292749549,1.0,1.0,80.0,80.0,80.0,20,66.66666666666666,4,13.333333333333334,0,0.0,0,0.0,0,0.0,6,20.0,2.433333333333333,2.0442330808615954,1.0,2.0,76.66666666666667,76.66666666666667,76.66666666666667,17,56.666666666666664,4,13.333333333333334,2,6.666666666666667,0,0.0,0,0.0,7,23.333333333333332
763,True,2.3666666666666667,1.7413277182145301,2.0,1.75,76.66666666666667,83.33333333333334,86.66666666666667,13,43.333333333333336,9,30.0,1,3.3333333333333335,2,6.666666666666667,1,3.3333333333333335,4,13.333333333333334,2.066666666666667,1.7499206331208919,1.0,1.0,80.0,86.66666666666667,86.66666666666667,19,63.33333333333333,4,13.333333333333334,1,3.3333333333333335,2,6.666666666666667,0,0.0,4,13.333333333333334,2.3,1.8101565309847285,1.5,1.75,80.0,83.33333333333334,83.33333333333334,15,50.0,7,23.333333333333332,2,6.666666666666667,1,3.3333333333333335,0,0.0,5,16.666666666666664,2.2333333333333334,1.6468825769380833,1.5,2.0,80.0,86.66666666666667,90.0,15,50.0,6,20.0,3,10.0,2,6.666666666666667,1,3.3333333333333335,3,10.0
764,False,2.3666666666666667,1.7792008193443356,2.0,1.75,80.0,83.33333333333334,83.33333333333334,13,43.333333333333336,9,30.0,2,6.666666666666667,1,3.3333333333333335,0,0.0,5,16.666666666666664,2.1,1.8321208111548393,1.0,1.0,83.33333333333334,83.33333333333334,83.33333333333334,19,63.33333333333333,4,13.333333333333334,2,6.666666666666667,0,0.0,0,0.0,5,16.666666666666664,2.3333333333333335,1.86785676348292,1.0,2.0,76.66666666666667,83.33333333333334,83.33333333333334,17,56.666666666666664,3,10.0,3,10.0,2,6.666666666666667,0,0.0,5,16.666666666666664,2.933333333333333,2.2350739485653612,1.5,5.0,60.0,66.66666666666666,70.0,15,50.0,3,10.0,0,0.0,2,6.666666666666667,1,3.3333333333333335,9,30.0
765,False,3.033333333333333,1.8882678717691395,2.0,3.25,73.33333333333333,73.33333333333333,73.33333333333333,6,20.0,11,36.666666666666664,5,16.666666666666664,0,0.0,0,0.0,8,26.666666666666668,2.3666666666666667,1.702612371882951,2.0,2.0,76.66666666666667,86.66666666666667,86.66666666666667,13,43.333333333333336,8,26.666666666666668,2,6.666666666666667,3,10.0,0,0.0,4,13.333333333333334,2.7333333333333334,1.8607047649270485,2.0,3.0,70.0,76.66666666666667,83.33333333333334,11,36.666666666666664,7,23.333333333333332,3,10.0,2,6.666666666666667,2,6.666666666666667,5,16.666666666666664,2.6333333333333333,1.7220788470785984,2.0,3.0,66.66666666666666,86.66666666666667,86.66666666666667,11,36.666666666666664,7,23.333333333333332,2,6.666666666666667,6,20.0,0,0.0,4,13.333333333333334
766,True,2.466666666666667,1.6069294390925266,2.0,2.75,73.33333333333333,90.0,90.0,12,40.0,6,20.0,4,13.333333333333334,5,16.666666666666664,0,0.0,3,10.0,2.1333333333333333,1.765093639316497,1.0,2.0,80.0,86.66666666666667,86.66666666666667,19,63.33333333333333,2,6.666666666666667,3,10.0,2,6.666666666666667,0,0.0,4,13.333333333333334,2.1666666666666665,1.6749792701868151,1.0,2.0,86.66666666666667,86.66666666666667,86.66666666666667,16,53.333333333333336,5,16.666666666666664,5,16.666666666666664,0,0.0,0,0.0,4,13.333333333333334,2.3666666666666667,1.8162843634433703,1.5,2.0,76.66666666666667,80.0,86.66666666666667,15,50.0,6,20.0,2,6.666666666666667,1,3.3333333333333335,2,6.666666666666667,4,13.333333333333334
767,False,2.9,1.7000000000000002,2.0,1.0,76.66666666666667,76.66666666666667,83.33333333333334,6,20.0,10,33.33333333333333,7,23.333333333333332,0,0.0,2,6.666666666666667,5,16.666666666666664,2.3666666666666667,1.7413277182145301,2.0,1.75,76.66666666666667,83.33333333333334,86.66666666666667,13,43.333333333333336,9,30.0,1,3.3333333333333335,2,6.666666666666667,1,3.3333333333333335,4,13.333333333333334,2.3666666666666667,1.5380362660079103,2.0,2.0,76.66666666666667,86.66666666666667,93.33333333333333,11,36.666666666666664,10,33.33333333333333,2,6.666666666666667,3,10.0,2,6.666666666666667,2,6.666666666666667,2.8666666666666667,1.8749814813900312,2.0,3.0,70.0,76.66666666666667,80.0,10,33.33333333333333,6,20.0,5,16.666666666666664,2,6.666666666666667,1,3.3333333333333335,6,20.0
768,False,3.0,2.0816659994661326,2.0,5.0,66.66666666666666,70.0,70.0,10,33.33333333333333,8,26.666666666666668,2,6.666666666666667,1,3.3333333333333335,0,0.0,9,30.0,2.3,2.0024984394500787,1.0,1.0,76.66666666666667,76.66666666666667,80.0,18,60.0,5,16.666666666666664,0,0.0,0,0.0,1,3.3333333333333335,6,20.0,2.6,2.1228911104120876,1.0,4.0,70.0,70.0,76.66666666666667,16,53.333333333333336,5,16.666666666666664,0,0.0,0,0.0,2,6.666666666666667,7,23.333333333333332,2.6666666666666665,1.903213656482693,2.0,2.0,76.66666666666667,76.66666666666667,80.0,12,40.0,6,20.0,5,16.666666666666664,0,0.0,1,3.3333333333333335,6,20.0
769,False,2.533333333333333,1.6679994670929073,2.0,2.0,76.66666666666667,86.66666666666667,86.66666666666667,11,36.666666666666664,7,23.333333333333332,5,16.666666666666664,3,10.0,0,0.0,4,13.333333333333334,2.066666666666667,1.6316317667360556,1.0,1.0,83.33333333333334,86.66666666666667,90.0,17,56.666666666666664,6,20.0,2,6.666666666666667,1,3.3333333333333335,1,3.3333333333333335,3,10.0,2.3666666666666667,1.9405039437103846,1.0,2.0,80.0,80.0,80.0,17,56.666666666666664,3,10.0,4,13.333333333333334,0,0.0,0,0.0,6,20.0,2.6,1.8547236990991407,2.0,3.0,70.0,76.66666666666667,86.66666666666667,13,43.333333333333336,6,20.0,2,6.666666666666667,2,6.666666666666667,3,10.0,4,13.333333333333334
770,True,1.8666666666666667,1.3097921802925667,1.0,1.0,86.66666666666667,93.33333333333333,96.66666666666667,17,56.666666666666664,7,23.333333333333332,2,6.666666666666667,2,6.666666666666667,1,3.3333333333333335,1,3.3333333333333335,1.6666666666666667,1.5129074290546953,1.0,0.0,90.0,90.0,90.0,23,76.66666666666667,3,10.0,1,3.3333333333333335,0,0.0,0,0.0,3,10.0,1.9,1.6802777548171413,1.0,1.0,86.66666666666667,86.66666666666667,86.66666666666667,20,66.66666666666666,5,16.666666666666664,1,3.3333333333333335,0,0.0,0,0.0,4,13.333333333333334,2.3666666666666667,1.9405039437103846,1.0,2.0,76.66666666666667,76.66666666666667,83.33333333333334,17,56.666666666666664,4,13.333333333333334,2,6.666666666666667,0,0.0,2,6.666666666666667,5,16.666666666666664
771,True,2.6666666666666665,1.7950549357115013,2.0,2.0,76.66666666666667,80.0,83.33333333333334,11,36.666666666666664,6,20.0,6,20.0,1,3.3333333333333335,1,3.3333333333333335,5,16.666666666666664,1.9666666666666666,1.601735170231195,1.0,1.0,86.66666666666667,86.66666666666667,90.0,18,60.0,6,20.0,2,6.666666666666667,0,0.0,1,3.3333333333333335,3,10.0,2.3333333333333335,1.6996731711975948,2.0,2.0,76.66666666666667,83.33333333333334,90.0,14,46.666666666666664,7,23.333333333333332,2,6.666666666666667,2,6.666666666666667,2,6.666666666666667,3,10.0,2.6,1.818424226264781,2.0,3.0,70.0,80.0,86.66666666666667,13,43.333333333333336,5,16.666666666666664,3,10.0,3,10.0,2,6.666666666666667,4,13.333333333333334
772,False,2.6,1.9078784028338915,2.0,2.0,76.66666666666667,76.66666666666667,80.0,12,40.0,8,26.666666666666668,3,10.0,0,0.0,1,3.3333333333333335,6,20.0,1.9,1.4224392195567912,1.0,1.0,90.0,90.0,93.33333333333333,17,56.666666666666664,7,23.333333333333332,3,10.0,0,0.0,1,3.3333333333333335,2,6.666666666666667,2.066666666666667,1.5477582354991866,1.0,1.75,86.66666666666667,90.0,90.0,16,53.333333333333336,6,20.0,4,13.333333333333334,1,3.3333333333333335,0,0.0,3,10.0,2.5,1.857417562100671,2.0,2.75,73.33333333333333,76.66666666666667,86.66666666666667,14,46.666666666666664,6,20.0,2,6.666666666666667,1,3.3333333333333335,3,10.0,4,13.333333333333334
773,True,2.566666666666667,1.7451520150277902,2.0,2.75,73.33333333333333,83.33333333333334,86.66666666666667,12,40.0,6,20.0,4,13.333333333333334,3,10.0,1,3.3333333333333335,4,13.333333333333334,1.9666666666666666,1.6428295373802142,1.0,1.0,83.33333333333334,86.66666666666667,90.0,19,63.33333333333333,5,16.666666666666664,1,3.3333333333333335,1,3.3333333333333335,1,3.3333333333333335,3,10.0,2.066666666666667,1.5477582354991866,1.0,2.0,86.66666666666667,86.66666666666667,93.33333333333333,17,56.666666666666664,4,13.333333333333334,5,16.666666666666664,0,0.0,2,6.666666666666667,2,6.666666666666667,2.2333333333333334,1.3828312341794362,2.0,2.0,80.0,93.33333333333333,96.66666666666667,13,43.333333333333336,6,20.0,5,16.666666666666664,4,13.333333333333334,1,3.3333333333333335,1,3.3333333333333335
774,True,2.5,1.7272328544042153,2.0,2.0,80.0,83.33333333333334,86.66666666666667,13,43.333333333333336,4,13.333333333333334,7,23.333333333333332,1,3.3333333333333335,1,3.3333333333333335,4,13.333333333333334,1.9666666666666666,1.5807874268505835,1.0,1.75,86.66666666666667,90.0,90.0,19,63.33333333333333,3,10.0,4,13.333333333333334,1,3.3333333333333335,0,0.0,3,10.0,2.3,1.69607389776114,1.5,2.0,83.33333333333334,86.66666666666667,86.66666666666667,15,50.0,4,13.333333333333334,6,20.0,1,3.3333333333333335,0,0.0,4,13.333333333333334,2.7666666666666666,1.8740923729160794,2.0,3.0,70.0,76.66666666666667,83.33333333333334,12,40.0,4,13.333333333333334,5,16.666666666666664,2,6.666666666666667,2,6.666666666666667,5,16.666666666666664
775,True,2.1,1.5351438586225938,2.0,1.0,83.33333333333334,90.0,90.0,14,46.666666666666664,10,33.33333333333333,1,3.3333333333333335,2,6.666666666666667,0,0.0,3,10.0,1.9666666666666666,1.4715826703096075,1.5,1.0,90.0,90.0,90.0,15,50.0,10,33.33333333333333,2,6.666666666666667,0,0.0,0,0.0,3,10.0,1.8666666666666667,1.2578641509408803,2.0,1.0,93.33333333333333,93.33333333333333,93.33333333333333,14,46.666666666666664,12,40.0,2,6.666666666666667,0,0.0,0,0.0,2,6.666666666666667,2.3,1.4866068747318506,2.0,2.0,83.33333333333334,86.66666666666667,93.33333333333333,11,36.666666666666664,10,33.33333333333333,4,13.333333333333334,1,3.3333333333333335,2,6.666666666666667,2,6.666666666666667
776,False,2.533333333333333,1.4079141387961918,2.0,2.5,73.33333333333333,93.33333333333333,93.33333333333333,8,26.666666666666668,10,33.33333333333333,4,13.333333333333334,6,20.0,0,0.0,2,6.666666666666667,2.1666666666666665,1.6141733350404335,1.0,1.75,76.66666666666667,86.66666666666667,93.33333333333333,16,53.333333333333336,6,20.0,1,3.3333333333333335,3,10.0,2,6.666666666666667,2,6.666666666666667,2.4,1.7435595774162693,2.0,2.0,80.0,83.33333333333334,86.66666666666667,14,46.666666666666664,5,16.666666666666664,5,16.666666666666664,1,3.3333333333333335,1,3.3333333333333335,4,13.333333333333334,2.966666666666667,1.9058389811897076,2.0,3.0,66.66666666666666,76.66666666666667,76.66666666666667,9,30.0,7,23.333333333333332,4,13.333333333333334,3,10.0,0,0.0,7,23.333333333333332
777,False,2.1333333333333333,1.6679994670929073,1.0,1.75,86.66666666666667,86.66666666666667,86.66666666666667,16,53.333333333333336,6,20.0,4,13.333333333333334,0,0.0,0,0.0,4,13.333333333333334,1.9666666666666666,1.74132771821453,1.0,1.0,83.33333333333334,86.66666666666667,86.66666666666667,21,70.0,2,6.666666666666667,2,6.666666666666667,1,3.3333333333333335,0,0.0,4,13.333333333333334,2.1,1.885912687975418,1.0,1.75,80.0,83.33333333333334,83.33333333333334,21,70.0,1,3.3333333333333335,2,6.666666666666667,1,3.3333333333333335,0,0.0,5,16.666666666666664,2.533333333333333,1.7838784213679537,2.0,2.0,76.66666666666667,80.0,86.66666666666667,13,43.333333333333336,5,16.666666666666664,5,16.666666666666664,1,3.3333333333333335,2,6.666666666666667,4,13.333333333333334
778,True,2.066666666666667,1.2892719737209146,2.0,1.0,90.0,90.0,96.66666666666667,12,40.0,11,36.666666666666664,4,13.333333333333334,0,0.0,2,6.666666666666667,1,3.3333333333333335,1.9,1.5567059238447487,1.0,1.0,86.66666666666667,90.0,90.0,19,63.33333333333333,5,16.666666666666664,2,6.666666666666667,1,3.3333333333333335,0,0.0,3,10.0,2.3333333333333335,1.9888578520235063,1.0,2.5,73.33333333333333,80.0,80.0,18,60.0,4,13.333333333333334,0,0.0,2,6.666666666666667,0,0.0,6,20.0,2.1666666666666665,1.5723301886761007,2.0,1.0,83.33333333333334,86.66666666666667,90.0,13,43.333333333333336,11,36.666666666666664,1,3.3333333333333335,1,3.3333333333333335,1,3.3333333333333335,3,10.0
779,True,1.9333333333333333,1.0624918300339485,2.0,1.0,96.66666666666667,96.66666666666667,96.66666666666667,12,40.0,11,36.666666666666664,6,20.0,0,0.0,0,0.0,1,3.3333333333333335,1.8,1.5362291495737217,1.0,1.0,86.66666666666667,90.0,90.0,20,66.66666666666666,6,20.0,0,0.0,1,3.3333333333333335,0,0.0,3,10.0,1.9666666666666666,1.682920741515245,1.0,1.0,86.66666666666667,86.66666666666667,86.66666666666667,19,63.33333333333333,5,16.666666666666664,2,6.666666666666667,0,0.0,0,0.0,4,13.333333333333334,2.2,1.6206994374857624,1.5,2.0,83.33333333333334,86.66666666666667,90.0,15,50.0,6,20.0,4,13.333333333333334,1,3.3333333333333335,1,3.3333333333333335,3,10.0
780,False,2.433333333333333,1.7641491496532322,2.0,1.0,76.66666666666667,83.33333333333334,83.33333333333334,11,36.666666666666664,12,40.0,0,0.0,2,6.666666666666667,0,0.0,5,16.666666666666664,2.0,1.6532795690182993,1.0,1.0,83.33333333333334,86.66666666666667,90.0,19,63.33333333333333,4,13.333333333333334,2,6.666666666666667,1,3.3333333333333335,1,3.3333333333333335,3,10.0,2.2333333333333334,1.8199511592958264,1.0,1.0,80.0,83.33333333333334,83.33333333333334,16,53.333333333333336,7,23.333333333333332,1,3.3333333333333335,1,3.3333333333333335,0,0.0,5,16.666666666666664,2.8,2.072036035722674,2.0,4.5,70.0,73.33333333333333,73.33333333333333,13,43.333333333333336,5,16.666666666666664,3,10.0,1,3.3333333333333335,0,0.0,8,26.666666666666668
781,True,2.466666666666667,1.7650936393164969,2.0,2.0,76.66666666666667,80.0,86.66666666666667,12,40.0,9,30.0,2,6.666666666666667,1,3.3333333333333335,2,6.666666666666667,4,13.333333333333334,1.8666666666666667,1.4772346537440224,1.0,1.0,86.66666666666667,90.0,93.33333333333333,19,63.33333333333333,5,16.666666666666664,2,6.666666666666667,1,3.3333333333333335,1,3.3333333333333335,2,6.666666666666667,1.8,1.351542328847553,1.0,1.0,90.0,93.33333333333333,93.33333333333333,18,60.0,7,23.333333333333332,2,6.666666666666667,1,3.3333333333333335,0,0.0,2,6.666666666666667,2.2333333333333334,1.406729856400613,2.0,2.0,80.0,90.0,96.66666666666667,12,40.0,9,30.0,3,10.0,3,10.0,2,6.666666666666667,1,3.3333333333333335
782,False,2.4,1.7813852287849847,2.0,1.0,80.0,80.0,83.33333333333334,11,36.666666666666664,13,43.333333333333336,0,0.0,0,0.0,1,3.3333333333333335,5,16.666666666666664,2.1666666666666665,1.827262676488766,1.0,1.0,80.0,83.33333333333334,83.33333333333334,17,56.666666666666664,7,23.333333333333332,0,0.0,1,3.3333333333333335,0,0.0,5,16.666666666666664,2.2,1.833030277982336,1.0,1.0,80.0,83.33333333333334,83.33333333333334,17,56.666666666666664,6,20.0,1,3.3333333333333335,1,3.3333333333333335,0,0.0,5,16.666666666666664,2.5,1.6881943016134133,2.0,2.0,76.66666666666667,83.33333333333334,86.66666666666667,10,33.33333333333333,11,36.666666666666664,2,6.666666666666667,2,6.666666666666667,1,3.3333333333333335,4,13.333333333333334
783,False,2.566666666666667,1.9267128022157902,2.0,2.0,76.66666666666667,76.66666666666667,80.0,13,43.333333333333336,7,23.333333333333332,3,10.0,0,0.0,1,3.3333333333333335,6,20.0,1.9666666666666666,1.682920741515245,1.0,1.0,86.66666666666667,86.66666666666667,86.66666666666667,19,63.33333333333333,5,16.666666666666664,2,6.666666666666667,0,0.0,0,0.0,4,13.333333333333334,1.9333333333333333,1.5477582354991866,1.0,1.0,86.66666666666667,90.0,90.0,18,60.0,6,20.0,2,6.666666666666667,1,3.3333333333333335,0,0.0,3,10.0,2.7333333333333334,2.096558025802185,2.0,4.5,70.0,73.33333333333333,73.33333333333333,14,46.666666666666664,5,16.666666666666664,2,6.666666666666667,1,3.3333333333333335,0,0.0,8,26.666666666666668
784,False,1.9666666666666666,1.5380362660079103,1.0,1.0,86.66666666666667,90.0,90.0,17,56.666666666666664,7,23.333333333333332,2,6.666666666666667,1,3.3333333333333335,0,0.0,3,10.0,1.7666666666666666,1.5205992970609392,1.0,1.0,90.0,90.0,90.0,21,70.0,4,13.333333333333334,2,6.666666666666667,0,0.0,0,0.0,3,10.0,2.033333333333333,1.834545054108935,1.0,1.0,83.33333333333334,83.33333333333334,83.33333333333334,20,66.66666666666666,4,13.333333333333334,1,3.3333333333333335,0,0.0,0,0.0,5,16.666666666666664,2.466666666666667,1.9275776393067947,1.5,2.75,73.33333333333333,76.66666666666667,83.33333333333334,15,50.0,6,20.0,1,3.3333333333333335,1,3.3333333333333335,2,6.666666666666667,5,16.666666666666664
785,True,2.3,1.5524174696260022,2.0,2.0,80.0,86.66666666666667,93.33333333333333,13,43.333333333333336,7,23.333333333333332,4,13.333333333333334,2,6.666666666666667,2,6.666666666666667,2,6.666666666666667,1.9,1.57797338380595,1.0,1.0,83.33333333333334,86.66666666666667,93.33333333333333,20,66.66666666666666,4,13.333333333333334,1,3.3333333333333335,1,3.3333333333333335,2,6.666666666666667,2,6.666666666666667,2.066666666666667,1.671991493864594,1.0,1.0,80.0,86.66666666666667,90.0,18,60.0,5,16.666666666666664,1,3.3333333333333335,2,6.666666666666667,1,3.3333333333333335,3,10.0,2.4,1.836663641860788,1.0,3.0,70.0,83.33333333333334,86.66666666666667,16,53.333333333333336,4,13.333333333333334,1,3.3333333333333335,4,13.333333333333334,1,3.3333333333333335,4,13.333333333333334
786,True,1.8666666666666667,1.384035966135113,1.0,1.0,86.66666666666667,93.33333333333333,93.33333333333333,17,56.666666666666664,8,26.666666666666668,1,3.3333333333333335,2,6.666666666666667,0,0.0,2,6.666666666666667,1.7,1.345362404707371,1.0,1.0,90.0,93.33333333333333,93.33333333333333,20,66.66666666666666,6,20.0,1,3.3333333333333335,1,3.3333333333333335,0,0.0,2,6.666666666666667,2.2,1.8147543451754933,1.0,1.0,80.0,80.0,86.66666666666667,17,56.666666666666664,6,20.0,1,3.3333333333333335,0,0.0,2,6.666666666666667,4,13.333333333333334,2.533333333333333,1.8926759422104522,2.0,3.0,70.0,80.0,83.33333333333334,14,46.666666666666664,6,20.0,1,3.3333333333333335,3,10.0,1,3.3333333333333335,5,16.666666666666664
787,True,2.6333333333333333,1.8526257642120336,2.0,2.0,76.66666666666667,80.0,80.0,11,36.666666666666664,8,26.666666666666668,4,13.333333333333334,1,3.3333333333333335,0,0.0,6,20.0,1.9333333333333333,1.3888444437333105,1.0,1.0,86.66666666666667,90.0,96.66666666666667,17,56.666666666666664,6,20.0,3,10.0,1,3.3333333333333335,2,6.666666666666667,1,3.3333333333333335,2.1333333333333333,1.6069294390925266,1.0,2.0,86.66666666666667,86.66666666666667,90.0,16,53.333333333333336,5,16.666666666666664,5,16.666666666666664,0,0.0,1,3.3333333333333335,3,10.0,2.3333333333333335,1.6193277068654826,2.0,2.0,83.33333333333334,86.66666666666667,90.0,14,46.666666666666664,4,13.333333333333334,7,23.333333333333332,1,3.3333333333333335,1,3.3333333333333335,3,10.0
788,True,2.3,1.3699148392023013,2.0,2.0,83.33333333333334,93.33333333333333,93.33333333333333,10,33.33333333333333,10,33.33333333333333,5,16.666666666666664,3,10.0,0,0.0,2,6.666666666666667,2.066666666666667,1.5040685563571303,1.0,1.75,83.33333333333334,90.0,93.33333333333333,16,53.333333333333336,6,20.0,3,10.0,2,6.666666666666667,1,3.3333333333333335,2,6.666666666666667,2.3666666666666667,1.7792008193443358,2.0,1.75,80.0,83.33333333333334,83.33333333333334,13,43.333333333333336,9,30.0,2,6.666666666666667,1,3.3333333333333335,0,0.0,5,16.666666666666664,2.433333333333333,1.6058919293927871,2.0,2.0,80.0,86.66666666666667,90.0,12,40.0,6,20.0,6,20.0,2,6.666666666666667,1,3.3333333333333335,3,10.0
789,False,2.7,1.846618531261939,2.0,2.0,76.66666666666667,76.66666666666667,80.0,9,30.0,11,36.666666666666664,3,10.0,0,0.0,1,3.3333333333333335,6,20.0,2.066666666666667,1.7876116903722563,1.0,1.0,80.0,83.33333333333334,86.66666666666667,19,63.33333333333333,5,16.666666666666664,0,0.0,1,3.3333333333333335,1,3.3333333333333335,4,13.333333333333334,2.2666666666666666,1.896195020443719,1.0,1.0,76.66666666666667,80.0,83.33333333333334,17,56.666666666666664,6,20.0,0,0.0,1,3.3333333333333335,1,3.3333333333333335,5,16.666666666666664,2.466666666666667,1.8024674446127702,2.0,2.75,73.33333333333333,80.0,86.66666666666667,13,43.333333333333336,8,26.666666666666668,1,3.3333333333333335,2,6.666666666666667,2,6.666666666666667,4,13.333333333333334
790,True,2.1,1.598957994028194,1.5,1.0,83.33333333333334,86.66666666666667,90.0,15,50.0,9,30.0,1,3.3333333333333335,1,3.3333333333333335,1,3.3333333333333335,3,10.0,1.6,1.254325848148452,1.0,0.75,90.0,93.33333333333333,96.66666666666667,22,73.33333333333333,4,13.333333333333334,1,3.3333333333333335,1,3.3333333333333335,1,3.3333333333333335,1,3.3333333333333335,1.6,1.254325848148452,1.0,0.75,90.0,93.33333333333333,96.66666666666667,22,73.33333333333333,4,13.333333333333334,1,3.3333333333333335,1,3.3333333333333335,1,3.3333333333333335,1,3.3333333333333335,2.2333333333333334,1.6868774571839993,1.0,2.0,76.66666666666667,86.66666666666667,90.0,16,53.333333333333336,5,16.666666666666664,2,6.666666666666667,3,10.0,1,3.3333333333333335,3,10.0
791,True,2.1333333333333333,1.359738536958076,2.0,2.0,90.0,93.33333333333333,93.33333333333333,13,43.333333333333336,7,23.333333333333332,7,23.333333333333332,1,3.3333333333333335,0,0.0,2,6.666666666666667,2.0,1.5491933384829668,1.0,1.0,86.66666666666667,90.0,90.0,17,56.666666666666664,6,20.0,3,10.0,1,3.3333333333333335,0,0.0,3,10.0,2.2666666666666666,1.7876116903722563,1.0,1.75,76.66666666666667,83.33333333333334,86.66666666666667,16,53.333333333333336,6,20.0,1,3.3333333333333335,2,6.666666666666667,1,3.3333333333333335,4,13.333333333333334,2.3666666666666667,1.601735170231195,2.0,2.0,76.66666666666667,83.33333333333334,93.33333333333333,12,40.0,9,30.0,2,6.666666666666667,2,6.666666666666667,3,10.0,2,6.666666666666667
792,True,1.5333333333333334,1.0561986345169907,1.0,1.0,93.33333333333333,96.66666666666667,96.66666666666667,20,66.66666666666666,8,26.666666666666668,0,0.0,1,3.3333333333333335,0,0.0,1,3.3333333333333335,1.5,1.0567244989431572,1.0,1.0,93.33333333333333,96.66666666666667,96.66666666666667,21,70.0,7,23.333333333333332,0,0.0,1,3.3333333333333335,0,0.0,1,3.3333333333333335,1.5666666666666667,1.1160446028522137,1.0,1.0,93.33333333333333,96.66666666666667,96.66666666666667,21,70.0,5,16.666666666666664,2,6.666666666666667,1,3.3333333333333335,0,0.0,1,3.3333333333333335,2.3333333333333335,1.8135294011647258,1.5,1.75,76.66666666666667,80.0,86.66666666666667,15,50.0,7,23.333333333333332,1,3.3333333333333335,1,3.3333333333333335,2,6.666666666666667,4,13.333333333333334
793,False,2.7666666666666666,1.961008810677697,2.0,3.0,70.0,76.66666666666667,76.66666666666667,11,36.666666666666664,8,26.666666666666668,2,6.666666666666667,2,6.666666666666667,0,0.0,7,23.333333333333332,2.1666666666666665,1.6346933113652304,1.0,2.0,83.33333333333334,86.66666666666667,90.0,16,53.333333333333336,5,16.666666666666664,4,13.333333333333334,1,3.3333333333333335,1,3.3333333333333335,3,10.0,2.1666666666666665,1.6346933113652304,1.0,2.0,83.33333333333334,86.66666666666667,90.0,16,53.333333333333336,5,16.666666666666664,4,13.333333333333334,1,3.3333333333333335,1,3.3333333333333335,3,10.0,2.3333333333333335,1.7763883459298968,1.5,2.0,76.66666666666667,83.33333333333334,86.66666666666667,15,50.0,6,20.0,2,6.666666666666667,2,6.666666666666667,1,3.3333333333333335,4,13.333333333333334
794,True,2.6333333333333333,1.7413277182145301,2.0,2.0,76.66666666666667,80.0,86.66666666666667,11,36.666666666666664,6,20.0,6,20.0,1,3.3333333333333335,2,6.666666666666667,4,13.333333333333334,2.066666666666667,1.7113996870657917,1.0,2.0,80.0,86.66666666666667,90.0,20,66.66666666666666,1,3.3333333333333335,3,10.0,2,6.666666666666667,1,3.3333333333333335,3,10.0,2.3333333333333335,1.7191729277636836,1.0,2.0,83.33333333333334,86.66666666666667,86.66666666666667,16,53.333333333333336,1,3.3333333333333335,8,26.666666666666668,1,3.3333333333333335,0,0.0,4,13.333333333333334,2.7,1.9519221295943137,1.5,3.0,66.66666666666666,76.66666666666667,83.33333333333334,15,50.0,1,3.3333333333333335,4,13.333333333333334,3,10.0,2,6.666666666666667,5,16.666666666666664
795,False,2.3,1.5524174696260022,2.0,1.75,83.33333333333334,86.66666666666667,90.0,11,36.666666666666664,11,36.666666666666664,3,10.0,1,3.3333333333333335,1,3.3333333333333335,3,10.0,2.033333333333333,1.682920741515245,1.0,1.0,86.66666666666667,86.66666666666667,86.66666666666667,18,60.0,5,16.666666666666664,3,10.0,0,0.0,0,0.0,4,13.333333333333334,2.1333333333333333,1.6679994670929073,1.0,1.75,80.0,86.66666666666667,90.0,17,56.666666666666664,5,16.666666666666664,2,6.666666666666667,2,6.666666666666667,1,3.3333333333333335,3,10.0,2.8333333333333335,1.808928473495351,2.0,3.0,70.0,76.66666666666667,83.33333333333334,9,30.0,8,26.666666666666668,4,13.333333333333334,2,6.666666666666667,2,6.666666666666667,5,16.666666666666664
796,True,2.2666666666666666,1.4360439485692011,2.0,2.0,83.33333333333334,93.33333333333333,93.33333333333333,13,43.333333333333336,5,16.666666666666664,7,23.333333333333332,3,10.0,0,0.0,2,6.666666666666667,2.1666666666666665,1.7143187827498387,1.0,2.0,76.66666666666667,86.66666666666667,90.0,18,60.0,3,10.0,2,6.666666666666667,3,10.0,1,3.3333333333333335,3,10.0,2.3333333333333335,1.8318175552045448,1.0,2.0,80.0,83.33333333333334,83.33333333333334,16,53.333333333333336,4,13.333333333333334,4,13.333333333333334,1,3.3333333333333335,0,0.0,5,16.666666666666664,2.6666666666666665,1.6996731711975948,2.5,3.0,70.0,83.33333333333334,90.0,12,40.0,3,10.0,6,20.0,4,13.333333333333334,2,6.666666666666667,3,10.0
797,False,2.3666666666666667,1.5595583420386114,2.0,2.0,86.66666666666667,86.66666666666667,90.0,12,40.0,6,20.0,8,26.666666666666668,0,0.0,1,3.3333333333333335,3,10.0,2.0,1.6931233465600393,1.0,1.0,86.66666666666667,86.66666666666667,86.66666666666667,19,63.33333333333333,4,13.333333333333334,3,10.0,0,0.0,0,0.0,4,13.333333333333334,2.466666666666667,1.9955506062794357,1.0,2.75,73.33333333333333,76.66666666666667,80.0,16,53.333333333333336,5,16.666666666666664,1,3.3333333333333335,1,3.3333333333333335,1,3.3333333333333335,6,20.0,2.8333333333333335,2.1921577396609844,1.5,5.0,66.66666666666666,70.0,70.0,15,50.0,3,10.0,2,6.666666666666667,1,3.3333333333333335,0,0.0,9,30.0
798,False,2.6,1.8184242262647807,2.0,3.0,70.0,80.0,86.66666666666667,13,43.333333333333336,5,16.666666666666664,3,10.0,3,10.0,2,6.666666666666667,4,13.333333333333334,2.1,1.7953644012660306,1.0,1.0,80.0,83.33333333333334,86.66666666666667,19,63.33333333333333,4,13.333333333333334,1,3.3333333333333335,1,3.3333333333333335,1,3.3333333333333335,4,13.333333333333334,2.4,1.9765289440498124,1.0,1.75,76.66666666666667,76.66666666666667,80.0,16,53.333333333333336,6,20.0,1,3.3333333333333335,0,0.0,1,3.3333333333333335,6,20.0,2.3,1.69607389776114,2.0,2.0,80.0,86.66666666666667,86.66666666666667,14,46.666666666666664,7,23.333333333333332,3,10.0,2,6.666666666666667,0,0.0,4,13.333333333333334
799,True,1.9,1.2206555615733703,1.5,1.0,93.33333333333333,93.33333333333333,96.66666666666667,15,50.0,8,26.666666666666668,5,16.666666666666664,0,0.0,1,3.3333333333333335,1,3.3333333333333335,2.033333333333333,1.834545054108935,1.0,1.0,83.33333333333334,83.33333333333334,83.33333333333334,20,66.66666666666666,4,13.333333333333334,1,3.3333333333333335,0,0.0,0,0.0,5,16.666666666666664,2.066666666666667,1.730767331432956,1.0,1.75,83.33333333333334,86.66666666666667,86.66666666666667,19,63.33333333333333,3,10.0,3,10.0,1,3.3333333333333335,0,0.0,4,13.333333333333334,2.6666666666666665,2.00554786086551,2.0,3.0,70.0,76.66666666666667,76.66666666666667,13,43.333333333333336,7,23.333333333333332,1,3.3333333333333335,2,6.666666666666667,0,0.0,7,23.333333333333332
800,False,2.2,1.4468356276140468,2.0,1.0,86.66666666666667,86.66666666666667,93.33333333333333,11,36.666666666666664,12,40.0,3,10.0,0,0.0,2,6.666666666666667,2,6.666666666666667,2.033333333333333,1.6629959577688562,1.0,1.0,86.66666666666667,86.66666666666667,86.66666666666667,17,56.666666666666664,7,23.333333333333332,2,6.666666666666667,0,0.0,0,0.0,4,13.333333333333334,2.1333333333333333,1.6679994670929073,1.5,1.0,83.33333333333334,86.66666666666667,86.66666666666667,15,50.0,9,30.0,1,3.3333333333333335,1,3.3333333333333335,0,0.0,4,13.333333333333334,2.533333333333333,1.8208667044996885,2.0,2.0,76.66666666666667,80.0,83.33333333333334,12,40.0,8,26.666666666666668,3,10.0,1,3.3333333333333335,1,3.3333333333333335,5,16.666666666666664
801,True,2.533333333333333,1.8749814813900312,2.0,2.0,76.66666666666667,76.66666666666667,83.33333333333334,13,43.333333333333336,7,23.333333333333332,3,10.0,0,0.0,2,6.666666666666667,5,16.666666666666664,2.1,1.619670748434179,1.0,1.75,80.0,90.0,90.0,17,56.666666666666664,5,16.666666666666664,2,6.666666666666667,3,10.0,0,0.0,3,10.0,2.1333333333333333,1.6478942792411033,1.0,1.0,80.0,86.66666666666667,90.0,16,53.333333333333336,7,23.333333333333332,1,3.3333333333333335,2,6.666666666666667,1,3.3333333333333335,3,10.0,2.2666666666666666,1.7113996870657915,2.0,1.75,83.33333333333334,83.33333333333334,86.66666666666667,14,46.666666666666664,8,26.666666666666668,3,10.0,0,0.0,1,3.3333333333333335,4,13.333333333333334
802,True,2.7,1.6960738977611403,2.0,2.75,73.33333333333333,76.66666666666667,90.0,9,30.0,9,30.0,4,13.333333333333334,1,3.3333333333333335,4,13.333333333333334,3,10.0,2.2,1.8147543451754935,1.0,1.0,80.0,80.0,86.66666666666667,17,56.666666666666664,6,20.0,1,3.3333333333333335,0,0.0,2,6.666666666666667,4,13.333333333333334,2.433333333333333,1.8562207723101138,2.0,2.0,76.66666666666667,80.0,83.33333333333334,14,46.666666666666664,7,23.333333333333332,2,6.666666666666667,1,3.3333333333333335,1,3.3333333333333335,5,16.666666666666664,2.6,1.7435595774162693,2.0,2.0,76.66666666666667,80.0,86.66666666666667,11,36.666666666666664,7,23.333333333333332,5,16.666666666666664,1,3.3333333333333335,2,6.666666666666667,4,13.333333333333334
803,True,2.2333333333333334,1.430229196861662,2.0,1.75,83.33333333333334,90.0,93.33333333333333,11,36.666666666666664,11,36.666666666666664,3,10.0,2,6.666666666666667,1,3.3333333333333335,2,6.666666666666667,2.2,1.6411378166788229,2.0,1.0,83.33333333333334,86.66666666666667,86.66666666666667,13,43.333333333333336,11,36.666666666666664,1,3.3333333333333335,1,3.3333333333333335,0,0.0,4,13.333333333333334,2.3,1.676305461424021,2.0,1.75,80.0,86.66666666666667,86.66666666666667,13,43.333333333333336,9,30.0,2,6.666666666666667,2,6.666666666666667,0,0.0,4,13.333333333333334,2.7,1.8101565309847285,2.0,2.75,73.33333333333333,76.66666666666667,83.33333333333334,9,30.0,11,36.666666666666664,2,6.666666666666667,1,3.3333333333333335,2,6.666666666666667,5,16.666666666666664
804,True,2.466666666666667,1.3840359661351131,2.0,1.75,83.33333333333334,90.0,93.33333333333333,8,26.666666666666668,10,33.33333333333333,7,23.333333333333332,2,6.666666666666667,1,3.3333333333333335,2,6.666666666666667,2.2666666666666666,1.671991493864594,1.0,2.0,80.0,86.66666666666667,90.0,16,53.333333333333336,3,10.0,5,16.666666666666664,2,6.666666666666667,1,3.3333333333333335,3,10.0,2.2666666666666666,1.7113996870657915,1.5,2.0,80.0,86.66666666666667,86.66666666666667,15,50.0,6,20.0,3,10.0,2,6.666666666666667,0,0.0,4,13.333333333333334,2.3333333333333335,1.422048600513436,2.0,2.0,80.0,90.0,96.66666666666667,12,40.0,6,20.0,6,20.0,3,10.0,2,6.666666666666667,1,3.3333333333333335
805,True,2.4,1.5405626677721789,2.0,2.0,83.33333333333334,86.66666666666667,90.0,10,33.33333333333333,10,33.33333333333333,5,16.666666666666664,1,3.3333333333333335,1,3.3333333333333335,3,10.0,2.1,1.6603212540549694,1.0,1.0,83.33333333333334,83.33333333333334,90.0,16,53.333333333333336,8,26.666666666666668,1,3.3333333333333335,0,0.0,2,6.666666666666667,3,10.0,2.2333333333333334,1.6868774571839993,2.0,1.0,83.33333333333334,83.33333333333334,86.66666666666667,13,43.333333333333336,11,36.666666666666664,1,3.3333333333333335,0,0.0,1,3.3333333333333335,4,13.333333333333334,2.4,1.8547236990991407,2.0,1.75,76.66666666666667,80.0,83.33333333333334,14,46.666666666666664,8,26.666666666666668,1,3.3333333333333335,1,3.3333333333333335,1,3.3333333333333335,5,16.666666666666664
806,True,1.9,1.1930353445448851,2.0,1.0,93.33333333333333,93.33333333333333,96.66666666666667,14,46.666666666666664,10,33.33333333333333,4,13.333333333333334,0,0.0,1,3.3333333333333335,1,3.3333333333333335,1.8666666666666667,1.4313940369055924,1.0,1.0,90.0,90.0,93.33333333333333,18,60.0,6,20.0,3,10.0,0,0.0,1,3.3333333333333335,2,6.666666666666667,2.1666666666666665,1.6346933113652304,1.5,1.0,80.0,86.66666666666667,90.0,15,50.0,8,26.666666666666668,1,3.3333333333333335,2,6.666666666666667,1,3.3333333333333335,3,10.0,2.566666666666667,1.9267128022157902,2.0,2.0,76.66666666666667,76.66666666666667,80.0,13,43.333333333333336,7,23.333333333333332,3,10.0,0,0.0,1,3.3333333333333335,6,20.0
807,False,2.7,1.7349351572897473,2.0,2.0,76.66666666666667,83.33333333333334,83.33333333333334,10,33.33333333333333,6,20.0,7,23.333333333333332,2,6.666666666666667,0,0.0,5,16.666666666666664,2.2666666666666666,1.8427033281447005,1.0,2.0,80.0,83.33333333333334,83.33333333333334,17,56.666666666666664,4,13.333333333333334,3,10.0,1,3.3333333333333335,0,0.0,5,16.666666666666664,2.2333333333333334,1.7259457954666158,1.0,2.0,80.0,86.66666666666667,86.66666666666667,16,53.333333333333336,5,16.666666666666664,3,10.0,2,6.666666666666667,0,0.0,4,13.333333333333334,2.4,1.7625738755203049,2.0,2.0,76.66666666666667,83.33333333333334,86.66666666666667,14,46.666666666666664,6,20.0,3,10.0,2,6.666666666666667,1,3.3333333333333335,4,13.333333333333334
808,True,2.3666666666666667,1.7220788470785984,2.0,2.0,76.66666666666667,86.66666666666667,86.66666666666667,14,46.666666666666664,6,20.0,3,10.0,3,10.0,0,0.0,4,13.333333333333334,1.7333333333333334,1.3148721948877347,1.0,1.0,86.66666666666667,93.33333333333333,96.66666666666667,20,66.66666666666666,5,16.666666666666664,1,3.3333333333333335,2,6.666666666666667,1,3.3333333333333335,1,3.3333333333333335,1.9666666666666666,1.5807874268505833,1.0,1.0,83.33333333333334,90.0,90.0,18,60.0,6,20.0,1,3.3333333333333335,2,6.666666666666667,0,0.0,3,10.0,2.1333333333333333,1.499629583893599,1.0,2.0,80.0,93.33333333333333,93.33333333333333,16,53.333333333333336,4,13.333333333333334,4,13.333333333333334,4,13.333333333333334,0,0.0,2,6.666666666666667
809,False,2.533333333333333,1.586050300449376,2.0,1.75,80.0,86.66666666666667,86.66666666666667,8,26.666666666666668,12,40.0,4,13.333333333333334,2,6.666666666666667,0,0.0,4,13.333333333333334,2.2,1.833030277982336,1.0,1.0,80.0,83.33333333333334,83.33333333333334,17,56.666666666666664,6,20.0,1,3.3333333333333335,1,3.3333333333333335,0,0.0,5,16.666666666666664,2.2333333333333334,1.7641491496532322,2.0,1.0,83.33333333333334,83.33333333333334,83.33333333333334,14,46.666666666666664,10,33.33333333333333,1,3.3333333333333335,0,0.0,0,0.0,5,16.666666666666664,2.7241379310344827,1.8918436861165797,2.0,3.0,68.96551724137932,79.3103448275862,79.3103448275862,10,34.48275862068966,9,31.03448275862069,1,3.4482758620689653,3,10.344827586206897,0,0.0,6,20.689655172413794
810,True,2.1666666666666665,1.4851112939963644,2.0,1.0,83.33333333333334,86.66666666666667,93.33333333333333,12,40.0,12,40.0,1,3.3333333333333335,1,3.3333333333333335,2,6.666666666666667,2,6.666666666666667,1.9,1.57797338380595,1.0,1.0,83.33333333333334,86.66666666666667,93.33333333333333,20,66.66666666666666,4,13.333333333333334,1,3.3333333333333335,1,3.3333333333333335,2,6.666666666666667,2,6.666666666666667,2.033333333333333,1.7220788470785988,1.0,1.0,83.33333333333334,86.66666666666667,86.66666666666667,19,63.33333333333333,4,13.333333333333334,2,6.666666666666667,1,3.3333333333333335,0,0.0,4,13.333333333333334,2.3333333333333335,1.776388345929897,1.5,2.0,76.66666666666667,83.33333333333334,86.66666666666667,15,50.0,6,20.0,2,6.666666666666667,2,6.666666666666667,1,3.3333333333333335,4,13.333333333333334
811,False,2.466666666666667,1.687865186822955,2.0,2.0,80.0,83.33333333333334,86.66666666666667,11,36.666666666666664,9,30.0,4,13.333333333333334,1,3.3333333333333335,1,3.3333333333333335,4,13.333333333333334,1.8,1.4922019523732928,1.0,1.0,90.0,90.0,90.0,19,63.33333333333333,7,23.333333333333332,1,3.3333333333333335,0,0.0,0,0.0,3,10.0,2.1333333333333333,1.80246744461277,1.0,1.0,83.33333333333334,83.33333333333334,83.33333333333334,17,56.666666666666664,7,23.333333333333332,1,3.3333333333333335,0,0.0,0,0.0,5,16.666666666666664,2.466666666666667,1.9275776393067947,1.5,2.0,76.66666666666667,80.0,80.0,15,50.0,5,16.666666666666664,3,10.0,1,3.3333333333333335,0,0.0,6,20.0
812,True,1.8,1.2220201853215575,1.0,1.0,90.0,93.33333333333333,96.66666666666667,16,53.333333333333336,10,33.33333333333333,1,3.3333333333333335,1,3.3333333333333335,1,3.3333333333333335,1,3.3333333333333335,1.6666666666666667,1.3498971154211057,1.0,1.0,90.0,93.33333333333333,93.33333333333333,21,70.0,5,16.666666666666664,1,3.3333333333333335,1,3.3333333333333335,0,0.0,2,6.666666666666667,1.8333333333333333,1.6749792701868151,1.0,1.0,86.66666666666667,86.66666666666667,86.66666666666667,21,70.0,5,16.666666666666664,0,0.0,0,0.0,0,0.0,4,13.333333333333334,1.9333333333333333,1.3888444437333105,1.0,1.0,86.66666666666667,93.33333333333333,93.33333333333333,16,53.333333333333336,8,26.666666666666668,2,6.666666666666667,2,6.666666666666667,0,0.0,2,6.666666666666667
813,True,2.3,1.4410644214144859,2.0,2.0,83.33333333333334,90.0,93.33333333333333,11,36.666666666666664,9,30.0,5,16.666666666666664,2,6.666666666666667,1,3.3333333333333335,2,6.666666666666667,1.7666666666666666,1.2297244497131146,1.0,1.0,93.33333333333333,93.33333333333333,96.66666666666667,18,60.0,6,20.0,4,13.333333333333334,0,0.0,1,3.3333333333333335,1,3.3333333333333335,2.033333333333333,1.5807874268505835,1.0,1.0,83.33333333333334,90.0,90.0,17,56.666666666666664,6,20.0,2,6.666666666666667,2,6.666666666666667,0,0.0,3,10.0,2.6,1.6653327995729061,2.0,2.0,76.66666666666667,86.66666666666667,86.66666666666667,11,36.666666666666664,5,16.666666666666664,7,23.333333333333332,3,10.0,0,0.0,4,13.333333333333334
814,False,2.6,1.6451950239004087,2.0,2.0,83.33333333333334,83.33333333333334,86.66666666666667,10,33.33333333333333,6,20.0,9,30.0,0,0.0,1,3.3333333333333335,4,13.333333333333334,1.7666666666666666,1.4761059883656353,1.0,1.0,86.66666666666667,90.0,93.33333333333333,21,70.0,4,13.333333333333334,1,3.3333333333333335,1,3.3333333333333335,1,3.3333333333333335,2,6.666666666666667,1.9333333333333333,1.730767331432956,1.0,1.0,83.33333333333334,86.66666666666667,86.66666666666667,21,70.0,3,10.0,1,3.3333333333333335,1,3.3333333333333335,0,0.0,4,13.333333333333334,2.2666666666666666,1.6918103387266026,2.0,1.75,80.0,86.66666666666667,86.66666666666667,14,46.666666666666664,8,26.666666666666668,2,6.666666666666667,2,6.666666666666667,0,0.0,4,13.333333333333334
815,False,3.0,2.1447610589527217,2.0,5.0,63.33333333333333,66.66666666666666,70.0,11,36.666666666666664,8,26.666666666666668,0,0.0,1,3.3333333333333335,1,3.3333333333333335,9,30.0,2.2,1.9561867668161612,1.0,1.0,80.0,80.0,80.0,19,63.33333333333333,4,13.333333333333334,1,3.3333333333333335,0,0.0,0,0.0,6,20.0,2.2333333333333334,1.8199511592958264,1.0,2.0,83.33333333333334,83.33333333333334,83.33333333333334,17,56.666666666666664,4,13.333333333333334,4,13.333333333333334,0,0.0,0,0.0,5,16.666666666666664,2.2333333333333334,1.6468825769380835,2.0,1.0,83.33333333333334,86.66666666666667,86.66666666666667,13,43.333333333333336,10,33.33333333333333,2,6.666666666666667,1,3.3333333333333335,0,0.0,4,13.333333333333334
816,False,2.2,1.5362291495737217,2.0,2.0,86.66666666666667,90.0,90.0,14,46.666666666666664,6,20.0,6,20.0,1,3.3333333333333335,0,0.0,3,10.0,1.8333333333333333,1.5509853498842459,1.0,1.0,86.66666666666667,90.0,90.0,20,66.66666666666666,5,16.666666666666664,1,3.3333333333333335,1,3.3333333333333335,0,0.0,3,10.0,1.9333333333333333,1.590248058916875,1.0,1.0,83.33333333333334,90.0,90.0,19,63.33333333333333,5,16.666666666666664,1,3.3333333333333335,2,6.666666666666667,0,0.0,3,10.0,2.6666666666666665,2.00554786086551,1.5,3.0,66.66666666666666,76.66666666666667,80.0,15,50.0,3,10.0,2,6.666666666666667,3,10.0,1,3.3333333333333335,6,20.0
817,True,2.1,1.4910846164230027,1.5,1.75,83.33333333333334,90.0,93.33333333333333,15,50.0,7,23.333333333333332,3,10.0,2,6.666666666666667,1,3.3333333333333335,2,6.666666666666667,1.8666666666666667,1.521694961401777,1.0,1.0,86.66666666666667,86.66666666666667,93.33333333333333,19,63.33333333333333,6,20.0,1,3.3333333333333335,0,0.0,2,6.666666666666667,2,6.666666666666667,1.9666666666666666,1.682920741515245,1.0,1.0,86.66666666666667,86.66666666666667,86.66666666666667,19,63.33333333333333,5,16.666666666666664,2,6.666666666666667,0,0.0,0,0.0,4,13.333333333333334,2.1666666666666665,1.6749792701868151,1.0,2.0,80.0,86.66666666666667,90.0,17,56.666666666666664,4,13.333333333333334,3,10.0,2,6.666666666666667,1,3.3333333333333335,3,10.0
818,True,2.433333333333333,1.498517786199268,2.0,2.0,80.0,86.66666666666667,93.33333333333333,10,33.33333333333333,9,30.0,5,16.666666666666664,2,6.666666666666667,2,6.666666666666667,2,6.666666666666667,1.7666666666666666,1.4067298564006128,1.0,1.0,90.0,90.0,93.33333333333333,19,63.33333333333333,7,23.333333333333332,1,3.3333333333333335,0,0.0,1,3.3333333333333335,2,6.666666666666667,2.033333333333333,1.6428295373802142,1.0,1.75,80.0,90.0,90.0,19,63.33333333333333,3,10.0,2,6.666666666666667,3,10.0,0,0.0,3,10.0,2.2666666666666666,1.569146972791976,2.0,2.0,80.0,90.0,90.0,13,43.333333333333336,8,26.666666666666668,3,10.0,3,10.0,0,0.0,3,10.0
819,True,2.533333333333333,1.839081896551163,2.0,2.0,80.0,80.0,80.0,11,36.666666666666664,10,33.33333333333333,3,10.0,0,0.0,0,0.0,6,20.0,2.066666666666667,1.5477582354991866,1.0,1.75,86.66666666666667,90.0,90.0,16,53.333333333333336,6,20.0,4,13.333333333333334,1,3.3333333333333335,0,0.0,3,10.0,2.433333333333333,1.7259457954666158,2.0,2.0,80.0,83.33333333333334,86.66666666666667,13,43.333333333333336,6,20.0,5,16.666666666666664,1,3.3333333333333335,1,3.3333333333333335,4,13.333333333333334,2.533333333333333,1.687865186822955,2.0,2.0,80.0,83.33333333333334,86.66666666666667,11,36.666666666666664,7,23.333333333333332,6,20.0,1,3.3333333333333335,1,3.3333333333333335,4,13.333333333333334
820,True,2.1,1.3503086067019396,2.0,1.0,86.66666666666667,93.33333333333333,93.33333333333333,12,40.0,11,36.666666666666664,3,10.0,2,6.666666666666667,0,0.0,2,6.666666666666667,2.1666666666666665,1.8089284734953512,1.0,1.0,83.33333333333334,83.33333333333334,83.33333333333334,17,56.666666666666664,6,20.0,2,6.666666666666667,0,0.0,0,0.0,5,16.666666666666664,2.2,1.6613247725836149,2.0,1.0,83.33333333333334,86.66666666666667,86.66666666666667,14,46.666666666666664,9,30.0,2,6.666666666666667,1,3.3333333333333335,0,0.0,4,13.333333333333334,2.033333333333333,1.5162087220725544,1.5,1.0,86.66666666666667,90.0,90.0,15,50.0,9,30.0,2,6.666666666666667,1,3.3333333333333335,0,0.0,3,10.0
821,False,2.3666666666666667,1.6829207415152447,2.0,2.0,83.33333333333334,83.33333333333334,86.66666666666667,12,40.0,9,30.0,4,13.333333333333334,0,0.0,1,3.3333333333333335,4,13.333333333333334,1.9333333333333333,1.5040685563571303,1.0,1.0,90.0,90.0,90.0,17,56.666666666666664,7,23.333333333333332,3,10.0,0,0.0,0,0.0,3,10.0,2.2666666666666666,1.7688665548562132,1.0,2.0,80.0,83.33333333333334,86.66666666666667,16,53.333333333333336,5,16.666666666666664,3,10.0,1,3.3333333333333335,1,3.3333333333333335,4,13.333333333333334,2.1666666666666665,1.3924399049470282,2.0,2.0,86.66666666666667,93.33333333333333,93.33333333333333,13,43.333333333333336,7,23.333333333333332,6,20.0,2,6.666666666666667,0,0.0,2,6.666666666666667
822,True,2.433333333333333,1.8381754238616315,1.5,2.75,73.33333333333333,80.0,86.66666666666667,15,50.0,5,16.666666666666664,2,6.666666666666667,2,6.666666666666667,2,6.666666666666667,4,13.333333333333334,1.8666666666666667,1.6478942792411033,1.0,1.0,83.33333333333334,86.66666666666667,90.0,21,70.0,4,13.333333333333334,0,0.0,1,3.3333333333333335,1,3.3333333333333335,3,10.0,1.9666666666666666,1.7413277182145301,1.0,1.0,80.0,83.33333333333334,90.0,21,70.0,3,10.0,0,0.0,1,3.3333333333333335,2,6.666666666666667,3,10.0,2.1333333333333333,1.6679994670929073,1.0,1.0,76.66666666666667,83.33333333333334,93.33333333333333,17,56.666666666666664,6,20.0,0,0.0,2,6.666666666666667,3,10.0,2,6.666666666666667
823,False,2.3333333333333335,1.6193277068654826,2.0,2.0,83.33333333333334,83.33333333333334,90.0,12,40.0,9,30.0,4,13.333333333333334,0,0.0,2,6.666666666666667,3,10.0,1.8333333333333333,1.5509853498842459,1.0,1.0,86.66666666666667,90.0,90.0,20,66.66666666666666,5,16.666666666666664,1,3.3333333333333335,1,3.3333333333333335,0,0.0,3,10.0,2.1666666666666665,1.8089284734953515,1.0,1.0,83.33333333333334,83.33333333333334,83.33333333333334,17,56.666666666666664,6,20.0,2,6.666666666666667,0,0.0,0,0.0,5,16.666666666666664,2.2,1.777638883463118,1.5,1.0,83.33333333333334,83.33333333333334,83.33333333333334,15,50.0,9,30.0,1,3.3333333333333335,0,0.0,0,0.0,5,16.666666666666664
824,False,2.033333333333333,1.4715826703096075,1.0,2.0,90.0,90.0,93.33333333333333,17,56.666666666666664,3,10.0,7,23.333333333333332,0,0.0,1,3.3333333333333335,2,6.666666666666667,2.033333333333333,1.6224124698183942,1.0,1.75,86.66666666666667,86.66666666666667,90.0,18,60.0,4,13.333333333333334,4,13.333333333333334,0,0.0,1,3.3333333333333335,3,10.0,2.1,1.6401219466856725,1.0,1.75,83.33333333333334,86.66666666666667,90.0,17,56.666666666666664,5,16.666666666666664,3,10.0,1,3.3333333333333335,1,3.3333333333333335,3,10.0,2.433333333333333,1.9610088106776968,1.0,2.75,73.33333333333333,76.66666666666667,83.33333333333334,17,56.666666666666664,3,10.0,2,6.666666666666667,1,3.3333333333333335,2,6.666666666666667,5,16.666666666666664
825,True,2.3333333333333335,1.5986105077709063,2.0,1.0,83.33333333333334,86.66666666666667,86.66666666666667,10,33.33333333333333,13,43.333333333333336,2,6.666666666666667,1,3.3333333333333335,0,0.0,4,13.333333333333334,1.8333333333333333,1.2931443160847216,1.5,1.0,90.0,93.33333333333333,93.33333333333333,15,50.0,12,40.0,0,0.0,1,3.3333333333333335,0,0.0,2,6.666666666666667,2.1333333333333333,1.6275407487644937,1.5,1.0,80.0,86.66666666666667,90.0,15,50.0,9,30.0,0,0.0,2,6.666666666666667,1,3.3333333333333335,3,10.0,2.2,1.514375558880073,2.0,1.0,86.66666666666667,86.66666666666667,90.0,11,36.666666666666664,13,43.333333333333336,2,6.666666666666667,0,0.0,1,3.3333333333333335,3,10.0
826,False,3.066666666666667,1.9821424996424672,2.5,4.0,63.33333333333333,70.0,76.66666666666667,10,33.33333333333333,5,16.666666666666664,4,13.333333333333334,2,6.666666666666667,2,6.666666666666667,7,23.333333333333332,2.1666666666666665,1.7716909687891083,1.0,2.0,83.33333333333334,83.33333333333334,86.66666666666667,18,60.0,3,10.0,4,13.333333333333334,0,0.0,1,3.3333333333333335,4,13.333333333333334,2.7333333333333334,2.096558025802185,2.0,4.5,70.0,73.33333333333333,73.33333333333333,14,46.666666666666664,5,16.666666666666664,2,6.666666666666667,1,3.3333333333333335,0,0.0,8,26.666666666666668,2.586206896551724,1.8479670354447257,2.0,3.0,68.96551724137932,75.86206896551724,89.65517241379311,14,48.275862068965516,3,10.344827586206897,3,10.344827586206897,2,6.896551724137931,4,13.793103448275861,3,10.344827586206897
827,False,2.1666666666666665,1.6549588783075213,1.0,1.75,80.0,86.66666666666667,90.0,16,53.333333333333336,6,20.0,2,6.666666666666667,2,6.666666666666667,1,3.3333333333333335,3,10.0,1.8333333333333333,1.5509853498842454,1.0,1.0,86.66666666666667,90.0,90.0,20,66.66666666666666,5,16.666666666666664,1,3.3333333333333335,1,3.3333333333333335,0,0.0,3,10.0,2.0,1.591644851508443,1.0,1.0,83.33333333333334,90.0,90.0,18,60.0,5,16.666666666666664,2,6.666666666666667,2,6.666666666666667,0,0.0,3,10.0,2.533333333333333,1.9447936194419762,1.0,3.0,66.66666666666666,80.0,83.33333333333334,16,53.333333333333336,3,10.0,1,3.3333333333333335,4,13.333333333333334,1,3.3333333333333335,5,16.666666666666664
828,True,1.7666666666666666,1.1455226851626388,1.0,1.0,90.0,96.66666666666667,96.66666666666667,16,53.333333333333336,10,33.33333333333333,1,3.3333333333333335,2,6.666666666666667,0,0.0,1,3.3333333333333335,1.8333333333333333,1.5723301886761007,1.0,1.0,86.66666666666667,90.0,90.0,21,70.0,3,10.0,2,6.666666666666667,1,3.3333333333333335,0,0.0,3,10.0,2.033333333333333,1.7026123718829513,1.0,1.0,83.33333333333334,86.66666666666667,86.66666666666667,18,60.0,6,20.0,1,3.3333333333333335,1,3.3333333333333335,0,0.0,4,13.333333333333334,2.3666666666666667,1.834545054108935,2.0,1.75,80.0,80.0,83.33333333333334,14,46.666666666666664,8,26.666666666666668,2,6.666666666666667,0,0.0,1,3.3333333333333335,5,16.666666666666664
829,False,2.7,1.8284784202536637,2.0,3.0,70.0,76.66666666666667,83.33333333333334,9,30.0,12,40.0,0,0.0,2,6.666666666666667,2,6.666666666666667,5,16.666666666666664,2.466666666666667,1.9955506062794357,1.0,2.75,73.33333333333333,76.66666666666667,80.0,16,53.333333333333336,5,16.666666666666664,1,3.3333333333333335,1,3.3333333333333335,1,3.3333333333333335,6,20.0,2.3666666666666667,1.7413277182145301,2.0,2.75,73.33333333333333,86.66666666666667,86.66666666666667,14,46.666666666666664,7,23.333333333333332,1,3.3333333333333335,4,13.333333333333334,0,0.0,4,13.333333333333334,3.066666666666667,2.128118626601649,2.0,5.0,63.33333333333333,66.66666666666666,70.0,11,36.666666666666664,6,20.0,2,6.666666666666667,1,3.3333333333333335,1,3.3333333333333335,9,30.0
830,True,3.066666666666667,2.0483055327649624,2.0,4.75,63.33333333333333,66.66666666666666,73.33333333333333,9,30.0,9,30.0,1,3.3333333333333335,1,3.3333333333333335,2,6.666666666666667,8,26.666666666666668,2.3333333333333335,1.920648038785058,1.0,1.75,80.0,80.0,80.0,16,53.333333333333336,6,20.0,2,6.666666666666667,0,0.0,0,0.0,6,20.0,2.7666666666666666,2.0604745947367453,2.0,4.0,70.0,70.0,76.66666666666667,13,43.333333333333336,6,20.0,2,6.666666666666667,0,0.0,2,6.666666666666667,7,23.333333333333332,2.566666666666667,1.8015425489162211,2.0,3.0,70.0,80.0,86.66666666666667,12,40.0,8,26.666666666666668,1,3.3333333333333335,3,10.0,2,6.666666666666667,4,13.333333333333334
831,True,2.2333333333333334,1.7451520150277897,1.5,1.0,80.0,83.33333333333334,86.66666666666667,15,50.0,8,26.666666666666668,1,3.3333333333333335,1,3.3333333333333335,1,3.3333333333333335,4,13.333333333333334,1.7,1.3940349110884325,1.0,1.0,90.0,90.0,93.33333333333333,20,66.66666666666666,7,23.333333333333332,0,0.0,0,0.0,1,3.3333333333333335,2,6.666666666666667,1.7333333333333334,1.2092238098144703,1.0,1.0,86.66666666666667,93.33333333333333,100.0,19,63.33333333333333,6,20.0,1,3.3333333333333335,2,6.666666666666667,2,6.666666666666667,0,0.0,2.533333333333333,1.9955506062794355,1.5,3.0,70.0,76.66666666666667,80.0,15,50.0,6,20.0,0,0.0,2,6.666666666666667,1,3.3333333333333335,6,20.0
832,True,2.6333333333333333,1.5162087220725544,2.0,1.75,80.0,86.66666666666667,90.0,8,26.666666666666668,8,26.666666666666668,8,26.666666666666668,2,6.666666666666667,1,3.3333333333333335,3,10.0,2.066666666666667,1.7113996870657915,1.0,1.0,83.33333333333334,86.66666666666667,86.66666666666667,18,60.0,5,16.666666666666664,2,6.666666666666667,1,3.3333333333333335,0,0.0,4,13.333333333333334,2.433333333333333,1.8917951498216947,2.0,2.0,80.0,80.0,80.0,14,46.666666666666664,7,23.333333333333332,3,10.0,0,0.0,0,0.0,6,20.0,2.3666666666666667,1.74132771821453,2.0,2.0,80.0,83.33333333333334,86.66666666666667,14,46.666666666666664,6,20.0,4,13.333333333333334,1,3.3333333333333335,1,3.3333333333333335,4,13.333333333333334
833,False,2.8333333333333335,1.7143187827498387,2.0,1.75,73.33333333333333,80.0,83.33333333333334,7,23.333333333333332,10,33.33333333333333,5,16.666666666666664,2,6.666666666666667,1,3.3333333333333335,5,16.666666666666664,2.3,1.6155494421403511,2.0,2.0,83.33333333333334,86.66666666666667,90.0,14,46.666666666666664,5,16.666666666666664,6,20.0,1,3.3333333333333335,1,3.3333333333333335,3,10.0,2.5,1.6881943016134133,2.0,2.0,76.66666666666667,83.33333333333334,90.0,13,43.333333333333336,4,13.333333333333334,6,20.0,2,6.666666666666667,2,6.666666666666667,3,10.0,2.466666666666667,1.5216949614017772,2.0,2.0,86.66666666666667,86.66666666666667,90.0,10,33.33333333333333,7,23.333333333333332,9,30.0,0,0.0,1,3.3333333333333335,3,10.0
834,True,2.433333333333333,1.498517786199268,2.0,2.0,76.66666666666667,90.0,93.33333333333333,11,36.666666666666664,7,23.333333333333332,5,16.666666666666664,4,13.333333333333334,1,3.3333333333333335,2,6.666666666666667,2.1333333333333333,1.80246744461277,1.0,1.75,80.0,83.33333333333334,86.66666666666667,19,63.33333333333333,3,10.0,2,6.666666666666667,1,3.3333333333333335,1,3.3333333333333335,4,13.333333333333334,2.2666666666666666,1.7688665548562132,1.0,2.0,80.0,83.33333333333334,86.66666666666667,16,53.333333333333336,5,16.666666666666664,3,10.0,1,3.3333333333333335,1,3.3333333333333335,4,13.333333333333334,2.566666666666667,1.7451520150277897,2.0,2.75,73.33333333333333,83.33333333333334,86.66666666666667,12,40.0,6,20.0,4,13.333333333333334,3,10.0,1,3.3333333333333335,4,13.333333333333334
835,True,2.433333333333333,1.6868774571839995,2.0,2.0,80.0,83.33333333333334,86.66666666666667,11,36.666666666666664,10,33.33333333333333,3,10.0,1,3.3333333333333335,1,3.3333333333333335,4,13.333333333333334,1.8666666666666667,1.4544949486180951,1.0,1.0,90.0,90.0,93.33333333333333,19,63.33333333333333,4,13.333333333333334,4,13.333333333333334,0,0.0,1,3.3333333333333335,2,6.666666666666667,2.1666666666666665,1.7143187827498387,1.0,1.75,80.0,83.33333333333334,90.0,17,56.666666666666664,5,16.666666666666664,2,6.666666666666667,1,3.3333333333333335,2,6.666666666666667,3,10.0,1.9333333333333333,1.2892719737209144,1.0,1.0,86.66666666666667,90.0,100.0,16,53.333333333333336,7,23.333333333333332,3,10.0,1,3.3333333333333335,3,10.0,0,0.0
836,True,2.1,1.7,1.0,1.0,83.33333333333334,86.66666666666667,86.66666666666667,17,56.666666666666664,6,20.0,2,6.666666666666667,1,3.3333333333333335,0,0.0,4,13.333333333333334,1.5666666666666667,1.358512258154322,1.0,0.0,90.0,93.33333333333333,93.33333333333333,24,80.0,2,6.666666666666667,1,3.3333333333333335,1,3.3333333333333335,0,0.0,2,6.666666666666667,1.6333333333333333,1.32874209519965,1.0,1.0,90.0,93.33333333333333,93.33333333333333,21,70.0,6,20.0,0,0.0,1,3.3333333333333335,0,0.0,2,6.666666666666667,2.0,1.5491933384829668,1.0,1.0,86.66666666666667,90.0,90.0,17,56.666666666666664,6,20.0,3,10.0,1,3.3333333333333335,0,0.0,3,10.0
837,False,2.3333333333333335,1.6193277068654826,2.0,2.0,76.66666666666667,90.0,90.0,14,46.666666666666664,5,16.666666666666664,4,13.333333333333334,4,13.333333333333334,0,0.0,3,10.0,2.1666666666666665,1.6947631758514883,1.0,2.0,86.66666666666667,86.66666666666667,86.66666666666667,17,56.666666666666664,3,10.0,6,20.0,0,0.0,0,0.0,4,13.333333333333334,2.5,1.6683325008322931,2.0,2.75,73.33333333333333,83.33333333333334,90.0,11,36.666666666666664,9,30.0,2,6.666666666666667,3,10.0,2,6.666666666666667,3,10.0,2.6666666666666665,1.920648038785058,2.0,3.0,70.0,80.0,80.0,13,43.333333333333336,5,16.666666666666664,3,10.0,3,10.0,0,0.0,6,20.0
838,False,2.8,1.9561867668161614,2.0,3.0,70.0,76.66666666666667,76.66666666666667,11,36.666666666666664,7,23.333333333333332,3,10.0,2,6.666666666666667,0,0.0,7,23.333333333333332,2.1,1.7387735140993301,1.0,1.75,80.0,83.33333333333334,90.0,19,63.33333333333333,3,10.0,2,6.666666666666667,1,3.3333333333333335,2,6.666666666666667,3,10.0,2.3333333333333335,1.903213656482693,1.0,2.0,76.66666666666667,80.0,83.33333333333334,17,56.666666666666664,4,13.333333333333334,2,6.666666666666667,1,3.3333333333333335,1,3.3333333333333335,5,16.666666666666664,2.566666666666667,2.011356645539412,1.5,3.5,73.33333333333333,73.33333333333333,80.0,15,50.0,5,16.666666666666664,2,6.666666666666667,0,0.0,2,6.666666666666667,6,20.0
839,False,1.8333333333333333,1.4851112939963644,1.0,1.0,90.0,90.0,90.0,18,60.0,8,26.666666666666668,1,3.3333333333333335,0,0.0,0,0.0,3,10.0,1.5666666666666667,1.3337499349161706,1.0,0.0,90.0,93.33333333333333,93.33333333333333,23,76.66666666666667,4,13.333333333333334,0,0.0,1,3.3333333333333335,0,0.0,2,6.666666666666667,1.5666666666666667,1.2827920936595907,1.0,0.75,93.33333333333333,93.33333333333333,93.33333333333333,22,73.33333333333333,5,16.666666666666664,1,3.3333333333333335,0,0.0,0,0.0,2,6.666666666666667,2.1,1.6802777548171413,1.0,1.0,83.33333333333334,86.66666666666667,86.66666666666667,16,53.333333333333336,8,26.666666666666668,1,3.3333333333333335,1,3.3333333333333335,0,0.0,4,13.333333333333334
840,True,2.2666666666666666,1.5040685563571303,2.0,2.0,86.66666666666667,90.0,90.0,12,40.0,8,26.666666666666668,6,20.0,1,3.3333333333333335,0,0.0,3,10.0,1.9333333333333333,1.5040685563571303,1.0,1.75,86.66666666666667,90.0,93.33333333333333,19,63.33333333333333,3,10.0,4,13.333333333333334,1,3.3333333333333335,1,3.3333333333333335,2,6.666666666666667,2.3333333333333335,1.8856180831641267,1.0,2.75,73.33333333333333,83.33333333333334,83.33333333333334,17,56.666666666666664,4,13.333333333333334,1,3.3333333333333335,3,10.0,0,0.0,5,16.666666666666664,2.4,1.942506971244462,1.0,2.0,76.66666666666667,80.0,80.0,16,53.333333333333336,5,16.666666666666664,2,6.666666666666667,1,3.3333333333333335,0,0.0,6,20.0
841,True,2.4,1.4966629547095762,2.0,1.5,83.33333333333334,86.66666666666667,90.0,8,26.666666666666668,14,46.666666666666664,3,10.0,1,3.3333333333333335,1,3.3333333333333335,3,10.0,2.033333333333333,1.3535960336164634,2.0,1.0,86.66666666666667,93.33333333333333,93.33333333333333,13,43.333333333333336,11,36.666666666666664,2,6.666666666666667,2,6.666666666666667,0,0.0,2,6.666666666666667,2.433333333333333,1.5849991237291654,2.0,2.0,83.33333333333334,86.66666666666667,86.66666666666667,9,30.0,12,40.0,4,13.333333333333334,1,3.3333333333333335,0,0.0,4,13.333333333333334,2.566666666666667,1.5849991237291654,2.0,2.0,80.0,83.33333333333334,90.0,9,30.0,9,30.0,6,20.0,1,3.3333333333333335,2,6.666666666666667,3,10.0
842,True,2.1333333333333333,1.7269111795984824,1.0,1.0,80.0,86.66666666666667,86.66666666666667,17,56.666666666666664,6,20.0,1,3.3333333333333335,2,6.666666666666667,0,0.0,4,13.333333333333334,1.8,1.4696938456699071,1.0,1.0,83.33333333333334,93.33333333333333,93.33333333333333,21,70.0,3,10.0,1,3.3333333333333335,3,10.0,0,0.0,2,6.666666666666667,1.9333333333333333,1.5040685563571303,1.0,1.0,83.33333333333334,90.0,93.33333333333333,18,60.0,6,20.0,1,3.3333333333333335,2,6.666666666666667,1,3.3333333333333335,2,6.666666666666667,2.5,1.8393839548428526,1.5,3.0,70.0,76.66666666666667,90.0,15,50.0,4,13.333333333333334,2,6.666666666666667,2,6.666666666666667,4,13.333333333333334,3,10.0
843,False,3.3,1.8466185312619388,3.0,3.0,56.666666666666664,66.66666666666666,80.0,6,20.0,8,26.666666666666668,3,10.0,3,10.0,4,13.333333333333334,6,20.0,2.533333333333333,2.0933757957476775,1.0,3.5,73.33333333333333,73.33333333333333,76.66666666666667,17,56.666666666666664,3,10.0,2,6.666666666666667,0,0.0,1,3.3333333333333335,7,23.333333333333332,2.6,2.0912516188477497,1.0,4.0,70.0,70.0,80.0,17,56.666666666666664,2,6.666666666666667,2,6.666666666666667,0,0.0,3,10.0,6,20.0,3.2333333333333334,2.139833846093871,3.0,5.0,60.0,63.33333333333333,70.0,12,40.0,1,3.3333333333333335,5,16.666666666666664,1,3.3333333333333335,2,6.666666666666667,9,30.0
844,True,2.466666666666667,1.564892612574067,2.0,2.0,76.66666666666667,86.66666666666667,90.0,9,30.0,12,40.0,2,6.666666666666667,3,10.0,1,3.3333333333333335,3,10.0,2.066666666666667,1.6110727964792764,1.0,1.0,83.33333333333334,86.66666666666667,90.0,16,53.333333333333336,8,26.666666666666668,1,3.3333333333333335,1,3.3333333333333335,1,3.3333333333333335,3,10.0,2.566666666666667,1.9439364415764442,2.0,2.75,73.33333333333333,76.66666666666667,80.0,13,43.333333333333336,8,26.666666666666668,1,3.3333333333333335,1,3.3333333333333335,1,3.3333333333333335,6,20.0,2.066666666666667,1.4360439485692011,2.0,1.0,83.33333333333334,90.0,93.33333333333333,13,43.333333333333336,12,40.0,0,0.0,2,6.666666666666667,1,3.3333333333333335,2,6.666666666666667
845,False,2.433333333333333,1.6468825769380833,2.0,2.0,80.0,86.66666666666667,86.66666666666667,11,36.666666666666664,9,30.0,4,13.333333333333334,2,6.666666666666667,0,0.0,4,13.333333333333334,1.9666666666666666,1.4715826703096075,1.0,1.0,86.66666666666667,90.0,93.33333333333333,17,56.666666666666664,6,20.0,3,10.0,1,3.3333333333333335,1,3.3333333333333335,2,6.666666666666667,2.0,1.5491933384829668,1.0,1.0,86.66666666666667,90.0,90.0,17,56.666666666666664,6,20.0,3,10.0,1,3.3333333333333335,0,0.0,3,10.0,2.533333333333333,1.8749814813900312,2.0,2.0,76.66666666666667,76.66666666666667,83.33333333333334,13,43.333333333333336,7,23.333333333333332,3,10.0,0,0.0,2,6.666666666666667,5,16.666666666666664
846,True,2.033333333333333,1.4255603186895398,1.5,1.0,83.33333333333334,93.33333333333333,93.33333333333333,15,50.0,8,26.666666666666668,2,6.666666666666667,3,10.0,0,0.0,2,6.666666666666667,1.9,1.5351438586225938,1.0,1.0,86.66666666666667,90.0,90.0,18,60.0,7,23.333333333333332,1,3.3333333333333335,1,3.3333333333333335,0,0.0,3,10.0,2.1333333333333333,1.8208667044996885,1.0,1.0,83.33333333333334,83.33333333333334,83.33333333333334,18,60.0,5,16.666666666666664,2,6.666666666666667,0,0.0,0,0.0,5,16.666666666666664,2.1333333333333333,1.6275407487644937,1.5,1.0,80.0,86.66666666666667,90.0,15,50.0,9,30.0,0,0.0,2,6.666666666666667,1,3.3333333333333335,3,10.0
847,False,2.6,1.6653327995729061,2.0,2.75,73.33333333333333,86.66666666666667,86.66666666666667,10,33.33333333333333,8,26.666666666666668,4,13.333333333333334,4,13.333333333333334,0,0.0,4,13.333333333333334,2.2333333333333334,1.8740923729160797,1.0,1.75,76.66666666666667,83.33333333333334,83.33333333333334,18,60.0,4,13.333333333333334,1,3.3333333333333335,2,6.666666666666667,0,0.0,5,16.666666666666664,2.1666666666666665,1.7336538165261124,1.0,1.75,80.0,86.66666666666667,86.66666666666667,17,56.666666666666664,5,16.666666666666664,2,6.666666666666667,2,6.666666666666667,0,0.0,4,13.333333333333334,2.5,1.6683325008322931,2.0,2.75,73.33333333333333,83.33333333333334,90.0,11,36.666666666666664,9,30.0,2,6.666666666666667,3,10.0,2,6.666666666666667,3,10.0
848,False,2.466666666666667,1.4544949486180951,2.0,2.0,76.66666666666667,90.0,93.33333333333333,9,30.0,10,33.33333333333333,4,13.333333333333334,4,13.333333333333334,1,3.3333333333333335,2,6.666666666666667,2.3,1.8466185312619385,1.0,1.75,76.66666666666667,83.33333333333334,83.33333333333334,16,53.333333333333336,6,20.0,1,3.3333333333333335,2,6.666666666666667,0,0.0,5,16.666666666666664,2.533333333333333,1.8571184369578826,2.0,3.0,70.0,83.33333333333334,83.33333333333334,14,46.666666666666664,5,16.666666666666664,2,6.666666666666667,4,13.333333333333334,0,0.0,5,16.666666666666664,3.1666666666666665,1.93362066830309,3.0,4.0,63.33333333333333,70.0,76.66666666666667,9,30.0,4,13.333333333333334,6,20.0,2,6.666666666666667,2,6.666666666666667,7,23.333333333333332
849,True,2.6333333333333333,1.7978382080215731,2.0,2.0,76.66666666666667,80.0,83.33333333333334,11,36.666666666666664,7,23.333333333333332,5,16.666666666666664,1,3.3333333333333335,1,3.3333333333333335,5,16.666666666666664,2.1,1.7,1.0,1.75,83.33333333333334,83.33333333333334,90.0,18,60.0,4,13.333333333333334,3,10.0,0,0.0,2,6.666666666666667,3,10.0,2.2,1.7587874611030558,1.0,2.0,83.33333333333334,83.33333333333334,86.66666666666667,17,56.666666666666664,4,13.333333333333334,4,13.333333333333334,0,0.0,1,3.3333333333333335,4,13.333333333333334,2.6333333333333333,1.7413277182145301,2.0,3.0,70.0,83.33333333333334,86.66666666666667,11,36.666666666666664,7,23.333333333333332,3,10.0,4,13.333333333333334,1,3.3333333333333335,4,13.333333333333334
850,True,2.3333333333333335,1.7950549357115015,2.0,1.75,80.0,83.33333333333334,83.33333333333334,14,46.666666666666664,8,26.666666666666668,2,6.666666666666667,1,3.3333333333333335,0,0.0,5,16.666666666666664,1.7,1.2948616399703354,1.0,1.0,93.33333333333333,93.33333333333333,93.33333333333333,19,63.33333333333333,7,23.333333333333332,2,6.666666666666667,0,0.0,0,0.0,2,6.666666666666667,2.2333333333333334,1.8199511592958264,1.0,1.0,80.0,83.33333333333334,83.33333333333334,16,53.333333333333336,7,23.333333333333332,1,3.3333333333333335,1,3.3333333333333335,0,0.0,5,16.666666666666664,2.0,1.4375905768565218,1.5,1.0,86.66666666666667,90.0,93.33333333333333,15,50.0,9,30.0,2,6.666666666666667,1,3.3333333333333335,1,3.3333333333333335,2,6.666666666666667
851,False,2.433333333333333,1.7641491496532322,2.0,2.0,80.0,83.33333333333334,83.33333333333334,12,40.0,9,30.0,3,10.0,1,3.3333333333333335,0,0.0,5,16.666666666666664,1.9333333333333333,1.5260697523012796,1.0,1.0,86.66666666666667,90.0,90.0,17,56.666666666666664,8,26.666666666666668,1,3.3333333333333335,1,3.3333333333333335,0,0.0,3,10.0,2.1333333333333333,1.6275407487644937,1.5,1.0,80.0,86.66666666666667,90.0,15,50.0,9,30.0,0,0.0,2,6.666666666666667,1,3.3333333333333335,3,10.0,2.3666666666666667,1.7978382080215731,2.0,1.75,76.66666666666667,80.0,86.66666666666667,14,46.666666666666664,8,26.666666666666668,1,3.3333333333333335,1,3.3333333333333335,2,6.666666666666667,4,13.333333333333334
852,True,2.2666666666666666,1.4590712418826193,2.0,2.0,86.66666666666667,90.0,93.33333333333333,13,43.333333333333336,5,16.666666666666664,8,26.666666666666668,1,3.3333333333333335,1,3.3333333333333335,2,6.666666666666667,1.9,1.445683229480096,1.0,1.75,86.66666666666667,93.33333333333333,93.33333333333333,19,63.33333333333333,3,10.0,4,13.333333333333334,2,6.666666666666667,0,0.0,2,6.666666666666667,2.2333333333333334,1.7065234314893605,1.0,2.0,83.33333333333334,86.66666666666667,86.66666666666667,16,53.333333333333336,4,13.333333333333334,5,16.666666666666664,1,3.3333333333333335,0,0.0,4,13.333333333333334,2.533333333333333,1.7838784213679537,2.0,2.75,73.33333333333333,83.33333333333334,86.66666666666667,14,46.666666666666664,3,10.0,5,16.666666666666664,3,10.0,1,3.3333333333333335,4,13.333333333333334
853,False,2.6,1.6852299546352716,2.0,2.0,76.66666666666667,83.33333333333334,86.66666666666667,10,33.33333333333333,8,26.666666666666668,5,16.666666666666664,2,6.666666666666667,1,3.3333333333333335,4,13.333333333333334,2.1,1.7,1.0,1.0,83.33333333333334,86.66666666666667,86.66666666666667,17,56.666666666666664,6,20.0,2,6.666666666666667,1,3.3333333333333335,0,0.0,4,13.333333333333334,2.1666666666666665,1.6947631758514883,1.0,1.75,83.33333333333334,86.66666666666667,86.66666666666667,16,53.333333333333336,6,20.0,3,10.0,1,3.3333333333333335,0,0.0,4,13.333333333333334,2.533333333333333,1.839081896551163,2.0,3.0,70.0,80.0,86.66666666666667,14,46.666666666666664,5,16.666666666666664,2,6.666666666666667,3,10.0,2,6.666666666666667,4,13.333333333333334
854,True,2.1333333333333333,1.1175369742826806,2.0,1.75,90.0,96.66666666666667,96.66666666666667,9,30.0,13,43.333333333333336,5,16.666666666666664,2,6.666666666666667,0,0.0,1,3.3333333333333335,1.9,1.3503086067019394,1.0,1.0,90.0,93.33333333333333,93.33333333333333,16,53.333333333333336,8,26.666666666666668,3,10.0,1,3.3333333333333335,0,0.0,2,6.666666666666667,2.1333333333333333,1.54344492037203,1.5,2.0,86.66666666666667,90.0,90.0,15,50.0,6,20.0,5,16.666666666666664,1,3.3333333333333335,0,0.0,3,10.0,2.7666666666666666,1.9267128022157902,2.0,3.75,66.66666666666666,73.33333333333333,83.33333333333334,12,40.0,6,20.0,2,6.666666666666667,2,6.666666666666667,3,10.0,5,16.666666666666664
855,False,3.033333333333333,1.7978382080215733,2.0,2.75,70.0,73.33333333333333,80.0,6,20.0,10,33.33333333333333,5,16.666666666666664,1,3.3333333333333335,2,6.666666666666667,6,20.0,2.2,1.6812693617224654,1.0,2.0,83.33333333333334,83.33333333333334,90.0,16,53.333333333333336,5,16.666666666666664,4,13.333333333333334,0,0.0,2,6.666666666666667,3,10.0,2.466666666666667,1.8024674446127702,1.5,2.0,76.66666666666667,76.66666666666667,90.0,15,50.0,3,10.0,5,16.666666666666664,0,0.0,4,13.333333333333334,3,10.0,2.966666666666667,1.8526257642120338,2.5,4.0,70.0,70.0,83.33333333333334,9,30.0,6,20.0,6,20.0,0,0.0,4,13.333333333333334,5,16.666666666666664
856,True,2.3,1.6155494421403513,2.0,1.75,83.33333333333334,83.33333333333334,90.0,12,40.0,10,33.33333333333333,3,10.0,0,0.0,2,6.666666666666667,3,10.0,1.8333333333333333,1.5073892072793351,1.0,1.0,90.0,90.0,90.0,19,63.33333333333333,6,20.0,2,6.666666666666667,0,0.0,0,0.0,3,10.0,1.9666666666666666,1.5807874268505833,1.0,1.0,83.33333333333334,90.0,90.0,18,60.0,6,20.0,1,3.3333333333333335,2,6.666666666666667,0,0.0,3,10.0,2.6666666666666665,1.8856180831641267,2.0,3.0,70.0,76.66666666666667,83.33333333333334,12,40.0,7,23.333333333333332,2,6.666666666666667,2,6.666666666666667,2,6.666666666666667,5,16.666666666666664
857,False,2.1333333333333333,1.521694961401777,2.0,1.75,86.66666666666667,90.0,90.0,14,46.666666666666664,8,26.666666666666668,4,13.333333333333334,1,3.3333333333333335,0,0.0,3,10.0,1.9,1.556705923844749,1.0,1.0,86.66666666666667,90.0,90.0,19,63.33333333333333,5,16.666666666666664,2,6.666666666666667,1,3.3333333333333335,0,0.0,3,10.0,2.1333333333333333,1.7074997966487597,1.0,1.75,76.66666666666667,86.66666666666667,90.0,18,60.0,4,13.333333333333334,1,3.3333333333333335,3,10.0,1,3.3333333333333335,3,10.0,2.1666666666666665,1.7336538165261124,1.0,1.75,80.0,86.66666666666667,86.66666666666667,17,56.666666666666664,5,16.666666666666664,2,6.666666666666667,2,6.666666666666667,0,0.0,4,13.333333333333334
858,True,2.033333333333333,1.3287420951996498,1.5,2.0,86.66666666666667,93.33333333333333,96.66666666666667,15,50.0,6,20.0,5,16.666666666666664,2,6.666666666666667,1,3.3333333333333335,1,3.3333333333333335,1.9,1.556705923844749,1.0,1.0,86.66666666666667,90.0,90.0,19,63.33333333333333,5,16.666666666666664,2,6.666666666666667,1,3.3333333333333335,0,0.0,3,10.0,1.8,1.351542328847553,1.0,1.0,90.0,93.33333333333333,93.33333333333333,18,60.0,7,23.333333333333332,2,6.666666666666667,1,3.3333333333333335,0,0.0,2,6.666666666666667,2.1333333333333333,1.6275407487644937,1.0,1.75,83.33333333333334,86.66666666666667,90.0,16,53.333333333333336,6,20.0,3,10.0,1,3.3333333333333335,1,3.3333333333333335,3,10.0
859,False,2.3666666666666667,1.642829537380214,2.0,2.0,83.33333333333334,86.66666666666667,86.66666666666667,12,40.0,8,26.666666666666668,5,16.666666666666664,1,3.3333333333333335,0,0.0,4,13.333333333333334,2.0,1.4832396974191326,1.5,1.0,90.0,90.0,90.0,15,50.0,9,30.0,3,10.0,0,0.0,0,0.0,3,10.0,2.433333333333333,1.8917951498216947,2.0,1.0,76.66666666666667,80.0,80.0,13,43.333333333333336,10,33.33333333333333,0,0.0,1,3.3333333333333335,0,0.0,6,20.0,2.6666666666666665,1.9888578520235065,2.0,2.75,73.33333333333333,76.66666666666667,76.66666666666667,13,43.333333333333336,6,20.0,3,10.0,1,3.3333333333333335,0,0.0,7,23.333333333333332
860,True,2.533333333333333,1.4772346537440226,2.0,1.0,83.33333333333334,86.66666666666667,90.0,7,23.333333333333332,12,40.0,6,20.0,1,3.3333333333333335,1,3.3333333333333335,3,10.0,2.2333333333333334,1.6669999666733317,1.5,1.75,76.66666666666667,86.66666666666667,90.0,15,50.0,7,23.333333333333332,1,3.3333333333333335,3,10.0,1,3.3333333333333335,3,10.0,2.2666666666666666,1.5477582354991866,2.0,2.0,83.33333333333334,90.0,90.0,13,43.333333333333336,7,23.333333333333332,5,16.666666666666664,2,6.666666666666667,0,0.0,3,10.0,2.8666666666666667,1.7838784213679537,2.0,3.0,63.33333333333333,76.66666666666667,86.66666666666667,9,30.0,8,26.666666666666668,2,6.666666666666667,4,13.333333333333334,3,10.0,4,13.333333333333334
861,True,2.3333333333333335,1.577621275493231,2.0,2.0,83.33333333333334,86.66666666666667,90.0,12,40.0,8,26.666666666666668,5,16.666666666666664,1,3.3333333333333335,1,3.3333333333333335,3,10.0,2.066666666666667,1.7113996870657915,1.0,1.0,83.33333333333334,86.66666666666667,86.66666666666667,18,60.0,5,16.666666666666664,2,6.666666666666667,1,3.3333333333333335,0,0.0,4,13.333333333333334,2.3,1.7540429489230491,1.5,2.0,80.0,83.33333333333334,86.66666666666667,15,50.0,6,20.0,3,10.0,1,3.3333333333333335,1,3.3333333333333335,4,13.333333333333334,2.6,1.8366636418607882,2.0,2.0,76.66666666666667,80.0,83.33333333333334,13,43.333333333333336,4,13.333333333333334,6,20.0,1,3.3333333333333335,1,3.3333333333333335,5,16.666666666666664
862,True,2.1666666666666665,1.5073892072793353,2.0,1.75,86.66666666666667,90.0,90.0,13,43.333333333333336,9,30.0,4,13.333333333333334,1,3.3333333333333335,0,0.0,3,10.0,1.7666666666666666,1.54236470683457,1.0,1.0,86.66666666666667,90.0,90.0,21,70.0,5,16.666666666666664,0,0.0,1,3.3333333333333335,0,0.0,3,10.0,2.0,1.6532795690182993,1.0,1.0,83.33333333333334,86.66666666666667,90.0,19,63.33333333333333,4,13.333333333333334,2,6.666666666666667,1,3.3333333333333335,1,3.3333333333333335,3,10.0,3.1666666666666665,2.1147629234082532,2.5,4.75,53.333333333333336,66.66666666666666,73.33333333333333,12,40.0,3,10.0,1,3.3333333333333335,4,13.333333333333334,2,6.666666666666667,8,26.666666666666668
863,False,2.3666666666666667,1.7026123718829513,2.0,2.0,83.33333333333334,83.33333333333334,86.66666666666667,13,43.333333333333336,7,23.333333333333332,5,16.666666666666664,0,0.0,1,3.3333333333333335,4,13.333333333333334,1.9333333333333333,1.4360439485692011,1.0,1.0,90.0,90.0,93.33333333333333,17,56.666666666666664,6,20.0,4,13.333333333333334,0,0.0,1,3.3333333333333335,2,6.666666666666667,2.033333333333333,1.5380362660079103,1.0,1.0,86.66666666666667,90.0,90.0,16,53.333333333333336,7,23.333333333333332,3,10.0,1,3.3333333333333335,0,0.0,3,10.0,2.9,2.005824851110718,2.0,4.25,73.33333333333333,73.33333333333333,73.33333333333333,11,36.666666666666664,5,16.666666666666664,6,20.0,0,0.0,0,0.0,8,26.666666666666668
864,True,2.3666666666666667,1.642829537380214,2.0,2.0,83.33333333333334,86.66666666666667,86.66666666666667,12,40.0,8,26.666666666666668,5,16.666666666666664,1,3.3333333333333335,0,0.0,4,13.333333333333334,2.0,1.3662601021279464,1.5,1.75,90.0,93.33333333333333,93.33333333333333,15,50.0,7,23.333333333333332,5,16.666666666666664,1,3.3333333333333335,0,0.0,2,6.666666666666667,2.066666666666667,1.364632632697248,2.0,2.0,90.0,93.33333333333333,93.33333333333333,14,46.666666666666664,7,23.333333333333332,6,20.0,1,3.3333333333333335,0,0.0,2,6.666666666666667,2.533333333333333,1.746106780494506,2.0,2.0,80.0,83.33333333333334,83.33333333333334,11,36.666666666666664,8,26.666666666666668,5,16.666666666666664,1,3.3333333333333335,0,0.0,5,16.666666666666664
865,True,2.2333333333333334,1.5849991237291652,2.0,1.75,83.33333333333334,86.66666666666667,90.0,13,43.333333333333336,9,30.0,3,10.0,1,3.3333333333333335,1,3.3333333333333335,3,10.0,1.9333333333333333,1.5691469727919758,1.0,1.0,83.33333333333334,90.0,90.0,18,60.0,7,23.333333333333332,0,0.0,2,6.666666666666667,0,0.0,3,10.0,2.1,1.6802777548171413,1.0,1.0,83.33333333333334,83.33333333333334,90.0,17,56.666666666666664,6,20.0,2,6.666666666666667,0,0.0,2,6.666666666666667,3,10.0,3.0,1.9321835661585918,2.0,4.0,63.33333333333333,70.0,80.0,9,30.0,8,26.666666666666668,2,6.666666666666667,2,6.666666666666667,3,10.0,6,20.0
866,True,2.033333333333333,1.3034143197344767,2.0,1.75,86.66666666666667,93.33333333333333,96.66666666666667,14,46.666666666666664,8,26.666666666666668,4,13.333333333333334,2,6.666666666666667,1,3.3333333333333335,1,3.3333333333333335,1.9333333333333333,1.4817407180595246,1.0,1.0,86.66666666666667,90.0,93.33333333333333,18,60.0,5,16.666666666666664,3,10.0,1,3.3333333333333335,1,3.3333333333333335,2,6.666666666666667,2.0,1.390443574307614,1.5,1.0,86.66666666666667,93.33333333333333,93.33333333333333,15,50.0,8,26.666666666666668,3,10.0,2,6.666666666666667,0,0.0,2,6.666666666666667,2.1666666666666665,1.6141733350404335,1.5,1.75,83.33333333333334,86.66666666666667,90.0,15,50.0,7,23.333333333333332,3,10.0,1,3.3333333333333335,1,3.3333333333333335,3,10.0
867,False,2.7,1.7916472867168918,2.0,2.0,76.66666666666667,76.66666666666667,83.33333333333334,9,30.0,10,33.33333333333333,4,13.333333333333334,0,0.0,2,6.666666666666667,5,16.666666666666664,1.9666666666666666,1.7603661235347856,1.0,1.0,80.0,86.66666666666667,86.66666666666667,21,70.0,3,10.0,0,0.0,2,6.666666666666667,0,0.0,4,13.333333333333334,2.0,1.570562531918633,1.0,1.0,83.33333333333334,90.0,90.0,17,56.666666666666664,7,23.333333333333332,1,3.3333333333333335,2,6.666666666666667,0,0.0,3,10.0,2.3666666666666667,1.682920741515245,1.5,2.0,76.66666666666667,86.66666666666667,90.0,15,50.0,3,10.0,5,16.666666666666664,3,10.0,1,3.3333333333333335,3,10.0
868,True,2.4,1.624807680927192,2.0,2.75,73.33333333333333,90.0,90.0,13,43.333333333333336,6,20.0,3,10.0,5,16.666666666666664,0,0.0,3,10.0,1.8666666666666667,1.3349989596333858,1.0,1.0,86.66666666666667,93.33333333333333,96.66666666666667,18,60.0,5,16.666666666666664,3,10.0,2,6.666666666666667,1,3.3333333333333335,1,3.3333333333333335,2.2,1.7204650534085253,1.0,2.0,80.0,83.33333333333334,90.0,17,56.666666666666664,4,13.333333333333334,3,10.0,1,3.3333333333333335,2,6.666666666666667,3,10.0,2.3333333333333335,1.7191729277636836,1.5,2.0,80.0,86.66666666666667,86.66666666666667,15,50.0,4,13.333333333333334,5,16.666666666666664,2,6.666666666666667,0,0.0,4,13.333333333333334
869,True,2.7333333333333334,1.8245242911205344,2.5,3.0,66.66666666666666,80.0,86.66666666666667,13,43.333333333333336,2,6.666666666666667,5,16.666666666666664,4,13.333333333333334,2,6.666666666666667,4,13.333333333333334,2.1333333333333333,1.746106780494506,1.0,2.0,83.33333333333334,86.66666666666667,86.66666666666667,19,63.33333333333333,1,3.3333333333333335,5,16.666666666666664,1,3.3333333333333335,0,0.0,4,13.333333333333334,2.3333333333333335,1.7384539747207064,1.0,2.0,80.0,86.66666666666667,86.66666666666667,16,53.333333333333336,2,6.666666666666667,6,20.0,2,6.666666666666667,0,0.0,4,13.333333333333334,2.7333333333333334,1.9310331143946988,2.0,2.75,73.33333333333333,76.66666666666667,80.0,13,43.333333333333336,3,10.0,6,20.0,1,3.3333333333333335,1,3.3333333333333335,6,20.0
870,False,2.1666666666666665,1.5723301886761007,2.0,1.0,80.0,90.0,90.0,14,46.666666666666664,9,30.0,1,3.3333333333333335,3,10.0,0,0.0,3,10.0,1.8333333333333333,1.4851112939963644,1.0,1.0,90.0,90.0,90.0,18,60.0,8,26.666666666666668,1,3.3333333333333335,0,0.0,0,0.0,3,10.0,2.2333333333333334,1.8381754238616317,1.0,1.75,80.0,83.33333333333334,83.33333333333334,17,56.666666666666664,5,16.666666666666664,2,6.666666666666667,1,3.3333333333333335,0,0.0,5,16.666666666666664,2.1,1.7194960502038574,1.0,1.0,83.33333333333334,83.33333333333334,86.66666666666667,16,53.333333333333336,9,30.0,0,0.0,0,0.0,1,3.3333333333333335,4,13.333333333333334
871,False,2.533333333333333,1.586050300449376,2.5,2.0,76.66666666666667,90.0,90.0,12,40.0,3,10.0,8,26.666666666666668,4,13.333333333333334,0,0.0,3,10.0,2.1333333333333333,1.7269111795984824,1.0,2.0,83.33333333333334,86.66666666666667,86.66666666666667,18,60.0,3,10.0,4,13.333333333333334,1,3.3333333333333335,0,0.0,4,13.333333333333334,2.3,1.7729448195962934,1.0,2.0,80.0,83.33333333333334,86.66666666666667,16,53.333333333333336,4,13.333333333333334,4,13.333333333333334,1,3.3333333333333335,1,3.3333333333333335,4,13.333333333333334,2.566666666666667,1.6265163865007803,2.0,2.0,80.0,86.66666666666667,86.66666666666667,10,33.33333333333333,7,23.333333333333332,7,23.333333333333332,2,6.666666666666667,0,0.0,4,13.333333333333334
872,False,2.7333333333333334,1.8961950204437188,2.0,3.0,66.66666666666666,80.0,80.0,11,36.666666666666664,8,26.666666666666668,1,3.3333333333333335,4,13.333333333333334,0,0.0,6,20.0,2.1666666666666665,1.790406533599438,1.0,1.75,80.0,83.33333333333334,86.66666666666667,18,60.0,4,13.333333333333334,2,6.666666666666667,1,3.3333333333333335,1,3.3333333333333335,4,13.333333333333334,2.5,2.0453198608856593,1.0,2.75,73.33333333333333,76.66666666666667,76.66666666666667,16,53.333333333333336,5,16.666666666666664,1,3.3333333333333335,1,3.3333333333333335,0,0.0,7,23.333333333333332,2.7333333333333334,1.896195020443719,2.0,3.0,66.66666666666666,76.66666666666667,83.33333333333334,12,40.0,6,20.0,2,6.666666666666667,3,10.0,2,6.666666666666667,5,16.666666666666664
873,True,2.6333333333333333,1.601735170231195,2.0,2.0,80.0,86.66666666666667,86.66666666666667,9,30.0,7,23.333333333333332,8,26.666666666666668,2,6.666666666666667,0,0.0,4,13.333333333333334,2.1333333333333333,1.5860503004493758,1.0,2.0,83.33333333333334,90.0,90.0,16,53.333333333333336,5,16.666666666666664,4,13.333333333333334,2,6.666666666666667,0,0.0,3,10.0,2.3666666666666667,1.7603661235347858,1.5,2.0,80.0,83.33333333333334,86.66666666666667,15,50.0,4,13.333333333333334,5,16.666666666666664,1,3.3333333333333335,1,3.3333333333333335,4,13.333333333333334,2.533333333333333,1.7650936393164969,2.0,2.75,73.33333333333333,83.33333333333334,86.66666666666667,13,43.333333333333336,5,16.666666666666664,4,13.333333333333334,3,10.0,1,3.3333333333333335,4,13.333333333333334
874,True,1.8333333333333333,1.2405196043952265,1.0,1.0,90.0,93.33333333333333,96.66666666666667,16,53.333333333333336,9,30.0,2,6.666666666666667,1,3.3333333333333335,1,3.3333333333333335,1,3.3333333333333335,1.7333333333333334,1.5477582354991866,1.0,0.75,86.66666666666667,90.0,90.0,22,73.33333333333333,4,13.333333333333334,0,0.0,1,3.3333333333333335,0,0.0,3,10.0,2.033333333333333,1.682920741515245,1.0,1.0,80.0,86.66666666666667,90.0,19,63.33333333333333,4,13.333333333333334,1,3.3333333333333335,2,6.666666666666667,1,3.3333333333333335,3,10.0,2.3,1.8284784202536635,1.0,2.0,80.0,83.33333333333334,83.33333333333334,16,53.333333333333336,5,16.666666666666664,3,10.0,1,3.3333333333333335,0,0.0,5,16.666666666666664
875,True,1.8333333333333333,1.2671051872498809,1.5,1.0,93.33333333333333,93.33333333333333,93.33333333333333,15,50.0,11,36.666666666666664,2,6.666666666666667,0,0.0,0,0.0,2,6.666666666666667,1.8666666666666667,1.6069294390925264,1.0,1.0,86.66666666666667,86.66666666666667,90.0,20,66.66666666666666,5,16.666666666666664,1,3.3333333333333335,0,0.0,1,3.3333333333333335,3,10.0,1.9,1.598957994028194,1.0,1.0,86.66666666666667,86.66666666666667,90.0,19,63.33333333333333,6,20.0,1,3.3333333333333335,0,0.0,1,3.3333333333333335,3,10.0,2.1666666666666665,1.771690968789108,1.0,1.0,80.0,83.33333333333334,86.66666666666667,17,56.666666666666664,6,20.0,1,3.3333333333333335,1,3.3333333333333335,1,3.3333333333333335,4,13.333333333333334
876,True,2.7333333333333334,1.948218559493661,2.0,3.75,66.66666666666666,73.33333333333333,83.33333333333334,13,43.333333333333336,5,16.666666666666664,2,6.666666666666667,2,6.666666666666667,3,10.0,5,16.666666666666664,2.1,1.6603212540549697,1.0,1.75,80.0,83.33333333333334,93.33333333333333,18,60.0,4,13.333333333333334,2,6.666666666666667,1,3.3333333333333335,3,10.0,2,6.666666666666667,2.2333333333333334,1.7259457954666155,1.0,2.0,80.0,83.33333333333334,90.0,17,56.666666666666664,3,10.0,4,13.333333333333334,1,3.3333333333333335,2,6.666666666666667,3,10.0,2.3666666666666667,1.5162087220725546,2.0,2.0,76.66666666666667,86.66666666666667,96.66666666666667,13,43.333333333333336,5,16.666666666666664,5,16.666666666666664,3,10.0,3,10.0,1,3.3333333333333335
877,False,2.7333333333333334,1.8245242911205344,2.0,3.0,63.33333333333333,80.0,86.66666666666667,12,40.0,5,16.666666666666664,2,6.666666666666667,5,16.666666666666664,2,6.666666666666667,4,13.333333333333334,2.066666666666667,1.730767331432956,1.0,1.75,83.33333333333334,86.66666666666667,86.66666666666667,19,63.33333333333333,3,10.0,3,10.0,1,3.3333333333333335,0,0.0,4,13.333333333333334,2.3,1.9,1.0,2.75,73.33333333333333,83.33333333333334,83.33333333333334,18,60.0,3,10.0,1,3.3333333333333335,3,10.0,0,0.0,5,16.666666666666664,2.466666666666667,1.8749814813900312,1.0,2.75,73.33333333333333,83.33333333333334,83.33333333333334,16,53.333333333333336,2,6.666666666666667,4,13.333333333333334,3,10.0,0,0.0,5,16.666666666666664
878,True,2.1666666666666665,1.654958878307521,1.0,1.75,80.0,86.66666666666667,90.0,16,53.333333333333336,6,20.0,2,6.666666666666667,2,6.666666666666667,1,3.3333333333333335,3,10.0,1.9333333333333333,1.6110727964792761,1.0,1.0,83.33333333333334,90.0,90.0,20,66.66666666666666,3,10.0,2,6.666666666666667,2,6.666666666666667,0,0.0,3,10.0,2.066666666666667,1.671991493864594,1.0,1.0,80.0,86.66666666666667,90.0,18,60.0,5,16.666666666666664,1,3.3333333333333335,2,6.666666666666667,1,3.3333333333333335,3,10.0,2.433333333333333,1.856220772310114,1.0,2.75,73.33333333333333,80.0,86.66666666666667,16,53.333333333333336,3,10.0,3,10.0,2,6.666666666666667,2,6.666666666666667,4,13.333333333333334
879,False,1.8333333333333333,1.1279282877125754,1.5,1.0,93.33333333333333,96.66666666666667,96.66666666666667,15,50.0,9,30.0,4,13.333333333333334,1,3.3333333333333335,0,0.0,1,3.3333333333333335,1.8666666666666667,1.499629583893599,1.0,1.0,90.0,90.0,90.0,18,60.0,7,23.333333333333332,2,6.666666666666667,0,0.0,0,0.0,3,10.0,2.0,1.6532795690182993,1.0,1.0,86.66666666666667,86.66666666666667,86.66666666666667,17,56.666666666666664,8,26.666666666666668,1,3.3333333333333335,0,0.0,0,0.0,4,13.333333333333334,2.1333333333333333,1.6069294390925266,1.5,1.0,83.33333333333334,86.66666666666667,90.0,15,50.0,8,26.666666666666668,2,6.666666666666667,1,3.3333333333333335,1,3.3333333333333335,3,10.0
880,False,2.7333333333333334,1.7499206331208916,2.0,2.5,73.33333333333333,80.0,83.33333333333334,8,26.666666666666668,11,36.666666666666664,3,10.0,2,6.666666666666667,1,3.3333333333333335,5,16.666666666666664,1.9333333333333333,1.6110727964792764,1.0,1.0,83.33333333333334,90.0,90.0,20,66.66666666666666,3,10.0,2,6.666666666666667,2,6.666666666666667,0,0.0,3,10.0,2.3666666666666667,1.8882678717691397,1.0,2.0,76.66666666666667,80.0,83.33333333333334,16,53.333333333333336,5,16.666666666666664,2,6.666666666666667,1,3.3333333333333335,1,3.3333333333333335,5,16.666666666666664,2.8,2.0558858593479035,2.0,3.75,66.66666666666666,73.33333333333333,76.66666666666667,14,46.666666666666664,3,10.0,3,10.0,2,6.666666666666667,1,3.3333333333333335,7,23.333333333333332
881,False,2.566666666666667,1.6265163865007803,2.0,2.0,80.0,83.33333333333334,90.0,11,36.666666666666664,5,16.666666666666664,8,26.666666666666668,1,3.3333333333333335,2,6.666666666666667,3,10.0,2.033333333333333,1.5162087220725546,1.0,1.75,90.0,90.0,90.0,16,53.333333333333336,6,20.0,5,16.666666666666664,0,0.0,0,0.0,3,10.0,2.3,1.676305461424021,2.0,2.0,83.33333333333334,86.66666666666667,86.66666666666667,14,46.666666666666664,6,20.0,5,16.666666666666664,1,3.3333333333333335,0,0.0,4,13.333333333333334,2.7,1.7916472867168918,2.0,2.0,76.66666666666667,76.66666666666667,83.33333333333334,9,30.0,10,33.33333333333333,4,13.333333333333334,0,0.0,2,6.666666666666667,5,16.666666666666664
882,True,1.7666666666666666,1.1742609969205693,1.0,1.0,93.33333333333333,96.66666666666667,96.66666666666667,18,60.0,5,16.666666666666664,5,16.666666666666664,1,3.3333333333333335,0,0.0,1,3.3333333333333335,1.6666666666666667,1.3743685418725533,1.0,0.75,90.0,93.33333333333333,93.33333333333333,22,73.33333333333333,3,10.0,2,6.666666666666667,1,3.3333333333333335,0,0.0,2,6.666666666666667,2.033333333333333,1.682920741515245,1.0,1.0,86.66666666666667,86.66666666666667,86.66666666666667,18,60.0,5,16.666666666666664,3,10.0,0,0.0,0,0.0,4,13.333333333333334,1.9666666666666666,1.5595583420386112,1.0,1.0,86.66666666666667,90.0,90.0,18,60.0,5,16.666666666666664,3,10.0,1,3.3333333333333335,0,0.0,3,10.0
883,True,1.9333333333333333,1.364632632697248,2.0,1.0,90.0,90.0,93.33333333333333,14,46.666666666666664,12,40.0,1,3.3333333333333335,0,0.0,1,3.3333333333333335,2,6.666666666666667,1.9333333333333333,1.5477582354991863,1.0,1.0,83.33333333333334,86.66666666666667,93.33333333333333,18,60.0,7,23.333333333333332,0,0.0,1,3.3333333333333335,2,6.666666666666667,2,6.666666666666667,2.2666666666666666,1.8427033281447005,1.0,1.75,76.66666666666667,80.0,86.66666666666667,17,56.666666666666664,5,16.666666666666664,1,3.3333333333333335,1,3.3333333333333335,2,6.666666666666667,4,13.333333333333334,2.1666666666666665,1.5933891203622828,2.0,1.0,83.33333333333334,86.66666666666667,90.0,14,46.666666666666664,9,30.0,2,6.666666666666667,1,3.3333333333333335,1,3.3333333333333335,3,10.0
884,True,2.2333333333333334,1.7641491496532322,1.0,1.75,80.0,83.33333333333334,86.66666666666667,16,53.333333333333336,6,20.0,2,6.666666666666667,1,3.3333333333333335,1,3.3333333333333335,4,13.333333333333334,1.9,1.556705923844749,1.0,1.0,86.66666666666667,90.0,90.0,19,63.33333333333333,5,16.666666666666664,2,6.666666666666667,1,3.3333333333333335,0,0.0,3,10.0,2.2,1.6206994374857624,2.0,1.0,86.66666666666667,86.66666666666667,86.66666666666667,13,43.333333333333336,10,33.33333333333333,3,10.0,0,0.0,0,0.0,4,13.333333333333334,1.8666666666666667,1.2310790208412923,1.0,1.75,90.0,96.66666666666667,96.66666666666667,17,56.666666666666664,5,16.666666666666664,5,16.666666666666664,2,6.666666666666667,0,0.0,1,3.3333333333333335
885,True,2.033333333333333,1.1967548714010827,2.0,2.0,90.0,93.33333333333333,100.0,14,46.666666666666664,6,20.0,7,23.333333333333332,1,3.3333333333333335,2,6.666666666666667,0,0.0,1.9333333333333333,1.569146972791976,1.0,1.0,86.66666666666667,90.0,90.0,19,63.33333333333333,4,13.333333333333334,3,10.0,1,3.3333333333333335,0,0.0,3,10.0,2.0,1.5491933384829668,1.0,1.0,86.66666666666667,90.0,90.0,17,56.666666666666664,6,20.0,3,10.0,1,3.3333333333333335,0,0.0,3,10.0,2.3666666666666667,1.5162087220725546,2.0,2.0,83.33333333333334,86.66666666666667,93.33333333333333,12,40.0,6,20.0,7,23.333333333333332,1,3.3333333333333335,2,6.666666666666667,2,6.666666666666667
886,True,2.1666666666666665,1.2671051872498809,2.0,1.0,90.0,93.33333333333333,93.33333333333333,9,30.0,14,46.666666666666664,4,13.333333333333334,1,3.3333333333333335,0,0.0,2,6.666666666666667,2.2666666666666666,1.8785337071473829,1.0,1.75,80.0,80.0,83.33333333333334,17,56.666666666666664,5,16.666666666666664,2,6.666666666666667,0,0.0,1,3.3333333333333335,5,16.666666666666664,2.3,1.7916472867168918,1.0,2.0,76.66666666666667,83.33333333333334,86.66666666666667,16,53.333333333333336,5,16.666666666666664,2,6.666666666666667,2,6.666666666666667,1,3.3333333333333335,4,13.333333333333334,2.7333333333333334,1.9482185594936612,2.0,3.75,70.0,73.33333333333333,80.0,11,36.666666666666664,9,30.0,1,3.3333333333333335,1,3.3333333333333335,2,6.666666666666667,6,20.0
887,True,2.466666666666667,1.4544949486180954,2.0,2.0,80.0,90.0,93.33333333333333,10,33.33333333333333,7,23.333333333333332,7,23.333333333333332,3,10.0,1,3.3333333333333335,2,6.666666666666667,2.2,1.758787461103056,1.0,2.0,83.33333333333334,83.33333333333334,86.66666666666667,17,56.666666666666664,4,13.333333333333334,4,13.333333333333334,0,0.0,1,3.3333333333333335,4,13.333333333333334,2.566666666666667,1.891795149821695,2.0,2.0,76.66666666666667,76.66666666666667,83.33333333333334,14,46.666666666666664,4,13.333333333333334,5,16.666666666666664,0,0.0,2,6.666666666666667,5,16.666666666666664,2.6666666666666665,1.8318175552045448,2.0,2.75,73.33333333333333,80.0,83.33333333333334,12,40.0,5,16.666666666666664,5,16.666666666666664,2,6.666666666666667,1,3.3333333333333335,5,16.666666666666664
888,False,2.5,1.7841898254763513,2.0,2.0,80.0,80.0,83.33333333333334,11,36.666666666666664,10,33.33333333333333,3,10.0,0,0.0,1,3.3333333333333335,5,16.666666666666664,1.8333333333333333,1.3682917167849196,1.0,1.0,90.0,93.33333333333333,93.33333333333333,18,60.0,6,20.0,3,10.0,1,3.3333333333333335,0,0.0,2,6.666666666666667,2.3,1.8284784202536635,1.0,2.0,80.0,83.33333333333334,83.33333333333334,16,53.333333333333336,5,16.666666666666664,3,10.0,1,3.3333333333333335,0,0.0,5,16.666666666666664,2.2666666666666666,1.730767331432956,1.0,2.0,76.66666666666667,83.33333333333334,90.0,16,53.333333333333336,5,16.666666666666664,2,6.666666666666667,2,6.666666666666667,2,6.666666666666667,3,10.0
889,True,2.066666666666667,1.364632632697248,2.0,1.0,86.66666666666667,93.33333333333333,93.33333333333333,13,43.333333333333336,10,33.33333333333333,3,10.0,2,6.666666666666667,0,0.0,2,6.666666666666667,2.0,1.5491933384829668,1.0,1.0,86.66666666666667,90.0,90.0,17,56.666666666666664,6,20.0,3,10.0,1,3.3333333333333335,0,0.0,3,10.0,2.2333333333333334,1.7829438827088444,1.0,2.0,80.0,83.33333333333334,86.66666666666667,17,56.666666666666664,4,13.333333333333334,3,10.0,1,3.3333333333333335,1,3.3333333333333335,4,13.333333333333334,2.466666666666667,1.746106780494506,2.0,2.0,76.66666666666667,83.33333333333334,86.66666666666667,13,43.333333333333336,6,20.0,4,13.333333333333334,2,6.666666666666667,1,3.3333333333333335,4,13.333333333333334
890,True,2.4,1.724335620850342,2.0,2.0,80.0,83.33333333333334,86.66666666666667,13,43.333333333333336,7,23.333333333333332,4,13.333333333333334,1,3.3333333333333335,1,3.3333333333333335,4,13.333333333333334,2.033333333333333,1.7220788470785986,1.0,1.0,83.33333333333334,86.66666666666667,86.66666666666667,19,63.33333333333333,4,13.333333333333334,2,6.666666666666667,1,3.3333333333333335,0,0.0,4,13.333333333333334,2.0,1.4605934866804429,1.0,1.75,83.33333333333334,93.33333333333333,93.33333333333333,17,56.666666666666664,5,16.666666666666664,3,10.0,3,10.0,0,0.0,2,6.666666666666667,2.1666666666666665,1.593389120362283,1.5,1.75,80.0,90.0,90.0,15,50.0,7,23.333333333333332,2,6.666666666666667,3,10.0,0,0.0,3,10.0
891,False,2.533333333333333,1.8024674446127702,2.0,2.75,73.33333333333333,80.0,86.66666666666667,13,43.333333333333336,6,20.0,3,10.0,2,6.666666666666667,2,6.666666666666667,4,13.333333333333334,2.2333333333333334,1.8199511592958266,1.0,2.0,83.33333333333334,83.33333333333334,83.33333333333334,17,56.666666666666664,4,13.333333333333334,4,13.333333333333334,0,0.0,0,0.0,5,16.666666666666664,2.433333333333333,1.8381754238616315,2.0,2.0,80.0,80.0,83.33333333333334,14,46.666666666666664,6,20.0,4,13.333333333333334,0,0.0,1,3.3333333333333335,5,16.666666666666664,2.8333333333333335,1.984663419547226,2.0,4.0,70.0,70.0,80.0,12,40.0,5,16.666666666666664,4,13.333333333333334,0,0.0,3,10.0,6,20.0
892,True,1.8333333333333333,1.343709624716425,1.0,1.0,90.0,90.0,96.66666666666667,18,60.0,6,20.0,3,10.0,0,0.0,2,6.666666666666667,1,3.3333333333333335,1.8333333333333333,1.6141733350404335,1.0,1.0,86.66666666666667,86.66666666666667,90.0,21,70.0,4,13.333333333333334,1,3.3333333333333335,0,0.0,1,3.3333333333333335,3,10.0,2.066666666666667,1.8245242911205346,1.0,1.0,83.33333333333334,83.33333333333334,83.33333333333334,19,63.33333333333333,5,16.666666666666664,1,3.3333333333333335,0,0.0,0,0.0,5,16.666666666666664,2.4,1.8,1.5,3.0,70.0,80.0,90.0,15,50.0,6,20.0,0,0.0,3,10.0,3,10.0,3,10.0
893,False,2.8333333333333335,1.8272626764887658,2.0,2.5,73.33333333333333,76.66666666666667,80.0,8,26.666666666666668,10,33.33333333333333,4,13.333333333333334,1,3.3333333333333335,1,3.3333333333333335,6,20.0,2.1666666666666665,1.7336538165261124,1.0,1.0,83.33333333333334,83.33333333333334,86.66666666666667,16,53.333333333333336,7,23.333333333333332,2,6.666666666666667,0,0.0,1,3.3333333333333335,4,13.333333333333334,2.2666666666666666,1.6316317667360556,2.0,2.0,86.66666666666667,86.66666666666667,86.66666666666667,13,43.333333333333336,8,26.666666666666668,5,16.666666666666664,0,0.0,0,0.0,4,13.333333333333334,2.566666666666667,1.8381754238616317,2.0,3.0,70.0,83.33333333333334,83.33333333333334,13,43.333333333333336,6,20.0,2,6.666666666666667,4,13.333333333333334,0,0.0,5,16.666666666666664
894,False,2.4,1.624807680927192,2.0,2.0,83.33333333333334,86.66666666666667,86.66666666666667,11,36.666666666666664,9,30.0,5,16.666666666666664,1,3.3333333333333335,0,0.0,4,13.333333333333334,2.2666666666666666,1.6519348924485158,2.0,1.75,83.33333333333334,86.66666666666667,86.66666666666667,13,43.333333333333336,9,30.0,3,10.0,1,3.3333333333333335,0,0.0,4,13.333333333333334,2.3,1.5947831618540917,2.0,1.75,80.0,86.66666666666667,90.0,12,40.0,10,33.33333333333333,2,6.666666666666667,2,6.666666666666667,1,3.3333333333333335,3,10.0,2.533333333333333,1.7074997966487597,2.0,2.0,80.0,83.33333333333334,86.66666666666667,12,40.0,5,16.666666666666664,7,23.333333333333332,1,3.3333333333333335,1,3.3333333333333335,4,13.333333333333334
895,True,2.2333333333333334,1.5638272140986536,2.0,2.0,86.66666666666667,86.66666666666667,90.0,13,43.333333333333336,8,26.666666666666668,5,16.666666666666664,0,0.0,1,3.3333333333333335,3,10.0,1.9666666666666666,1.7026123718829511,1.0,1.0,86.66666666666667,86.66666666666667,86.66666666666667,20,66.66666666666666,3,10.0,3,10.0,0,0.0,0,0.0,4,13.333333333333334,2.1666666666666665,1.8089284734953512,1.0,1.0,83.33333333333334,83.33333333333334,83.33333333333334,17,56.666666666666664,6,20.0,2,6.666666666666667,0,0.0,0,0.0,5,16.666666666666664,2.3666666666666667,1.7413277182145301,2.0,2.0,80.0,83.33333333333334,86.66666666666667,14,46.666666666666664,6,20.0,4,13.333333333333334,1,3.3333333333333335,1,3.3333333333333335,4,13.333333333333334
896,True,2.1333333333333333,1.4772346537440226,2.0,1.0,86.66666666666667,90.0,90.0,12,40.0,12,40.0,2,6.666666666666667,1,3.3333333333333335,0,0.0,3,10.0,1.9666666666666666,1.601735170231195,1.0,1.0,83.33333333333334,90.0,90.0,19,63.33333333333333,4,13.333333333333334,2,6.666666666666667,2,6.666666666666667,0,0.0,3,10.0,1.8,1.351542328847553,1.0,1.0,90.0,93.33333333333333,93.33333333333333,18,60.0,7,23.333333333333332,2,6.666666666666667,1,3.3333333333333335,0,0.0,2,6.666666666666667,2.066666666666667,1.5477582354991866,1.5,1.0,83.33333333333334,90.0,90.0,15,50.0,9,30.0,1,3.3333333333333335,2,6.666666666666667,0,0.0,3,10.0
897,True,2.1666666666666665,1.5293426329272615,2.0,1.0,83.33333333333334,90.0,90.0,13,43.333333333333336,10,33.33333333333333,2,6.666666666666667,2,6.666666666666667,0,0.0,3,10.0,1.8333333333333333,1.4395215254459457,1.0,1.0,90.0,90.0,93.33333333333333,19,63.33333333333333,5,16.666666666666664,3,10.0,0,0.0,1,3.3333333333333335,2,6.666666666666667,2.0,1.61245154965971,1.0,1.0,83.33333333333334,86.66666666666667,90.0,17,56.666666666666664,8,26.666666666666668,0,0.0,1,3.3333333333333335,1,3.3333333333333335,3,10.0,2.1333333333333333,1.4772346537440226,2.0,1.75,90.0,90.0,90.0,13,43.333333333333336,9,30.0,5,16.666666666666664,0,0.0,0,0.0,3,10.0
898,True,2.3666666666666667,1.7603661235347856,2.0,2.0,76.66666666666667,83.33333333333334,86.66666666666667,14,46.666666666666664,7,23.333333333333332,2,6.666666666666667,2,6.666666666666667,1,3.3333333333333335,4,13.333333333333334,1.8333333333333333,1.343709624716425,1.0,1.0,90.0,93.33333333333333,93.33333333333333,17,56.666666666666664,8,26.666666666666668,2,6.666666666666667,1,3.3333333333333335,0,0.0,2,6.666666666666667,2.2,1.8147543451754933,1.0,1.0,80.0,83.33333333333334,83.33333333333334,16,53.333333333333336,8,26.666666666666668,0,0.0,1,3.3333333333333335,0,0.0,5,16.666666666666664,2.4,1.8726095873584183,1.5,2.0,76.66666666666667,80.0,83.33333333333334,15,50.0,6,20.0,2,6.666666666666667,1,3.3333333333333335,1,3.3333333333333335,5,16.666666666666664
899,True,2.7666666666666666,1.7259457954666155,2.0,1.75,76.66666666666667,80.0,83.33333333333334,8,26.666666666666668,9,30.0,6,20.0,1,3.3333333333333335,1,3.3333333333333335,5,16.666666666666664,2.3333333333333335,1.9206480387850577,1.0,2.75,73.33333333333333,76.66666666666667,86.66666666666667,18,60.0,3,10.0,1,3.3333333333333335,1,3.3333333333333335,3,10.0,4,13.333333333333334,2.4,1.8,1.5,2.75,73.33333333333333,83.33333333333334,86.66666666666667,15,50.0,5,16.666666666666664,2,6.666666666666667,3,10.0,1,3.3333333333333335,4,13.333333333333334,2.8666666666666667,1.9618585292749549,2.5,3.0,63.33333333333333,76.66666666666667,80.0,13,43.333333333333336,2,6.666666666666667,4,13.333333333333334,4,13.333333333333334,1,3.3333333333333335,6,20.0
900,True,1.8666666666666667,1.521694961401777,1.0,1.0,86.66666666666667,90.0,90.0,18,60.0,8,26.666666666666668,0,0.0,1,3.3333333333333335,0,0.0,3,10.0,1.6666666666666667,1.4907119849998596,1.0,0.75,90.0,90.0,90.0,22,73.33333333333333,5,16.666666666666664,0,0.0,0,0.0,0,0.0,3,10.0,1.6666666666666667,1.349897115421106,1.0,1.0,90.0,93.33333333333333,93.33333333333333,21,70.0,5,16.666666666666664,1,3.3333333333333335,1,3.3333333333333335,0,0.0,2,6.666666666666667,2.033333333333333,1.7026123718829513,1.0,1.0,83.33333333333334,86.66666666666667,86.66666666666667,18,60.0,6,20.0,1,3.3333333333333335,1,3.3333333333333335,0,0.0,4,13.333333333333334
901,False,2.1666666666666665,1.4395215254459457,2.0,2.0,86.66666666666667,90.0,93.33333333333333,13,43.333333333333336,8,26.666666666666668,5,16.666666666666664,1,3.3333333333333335,1,3.3333333333333335,2,6.666666666666667,2.066666666666667,1.8245242911205346,1.0,1.0,83.33333333333334,83.33333333333334,83.33333333333334,19,63.33333333333333,5,16.666666666666664,1,3.3333333333333335,0,0.0,0,0.0,5,16.666666666666664,2.2333333333333334,1.8381754238616317,1.0,1.75,80.0,83.33333333333334,83.33333333333334,17,56.666666666666664,5,16.666666666666664,2,6.666666666666667,1,3.3333333333333335,0,0.0,5,16.666666666666664,2.4,1.818424226264781,1.5,2.0,76.66666666666667,80.0,86.66666666666667,15,50.0,5,16.666666666666664,3,10.0,1,3.3333333333333335,2,6.666666666666667,4,13.333333333333334
902,True,2.6,1.854723699099141,2.0,2.0,80.0,80.0,80.0,12,40.0,6,20.0,6,20.0,0,0.0,0,0.0,6,20.0,2.1333333333333333,1.8208667044996885,1.0,2.0,80.0,83.33333333333334,86.66666666666667,20,66.66666666666666,1,3.3333333333333335,3,10.0,1,3.3333333333333335,1,3.3333333333333335,4,13.333333333333334,2.3666666666666667,1.9576062480034697,1.0,2.0,76.66666666666667,80.0,80.0,17,56.666666666666664,4,13.333333333333334,2,6.666666666666667,1,3.3333333333333335,0,0.0,6,20.0,2.7666666666666666,1.9947152400502908,2.0,3.0,70.0,76.66666666666667,76.66666666666667,13,43.333333333333336,4,13.333333333333334,4,13.333333333333334,2,6.666666666666667,0,0.0,7,23.333333333333332
903,True,2.066666666666667,1.5040685563571305,2.0,1.0,86.66666666666667,90.0,90.0,14,46.666666666666664,10,33.33333333333333,2,6.666666666666667,1,3.3333333333333335,0,0.0,3,10.0,1.8333333333333333,1.4851112939963642,1.0,1.0,90.0,90.0,90.0,18,60.0,8,26.666666666666668,1,3.3333333333333335,0,0.0,0,0.0,3,10.0,2.2,1.7204650534085253,1.0,1.75,80.0,86.66666666666667,86.66666666666667,16,53.333333333333336,6,20.0,2,6.666666666666667,2,6.666666666666667,0,0.0,4,13.333333333333334,2.433333333333333,1.8199511592958264,2.0,2.75,73.33333333333333,80.0,86.66666666666667,14,46.666666666666664,7,23.333333333333332,1,3.3333333333333335,2,6.666666666666667,2,6.666666666666667,4,13.333333333333334
904,False,2.3666666666666667,1.7978382080215731,1.0,2.0,76.66666666666667,83.33333333333334,86.66666666666667,16,53.333333333333336,3,10.0,4,13.333333333333334,2,6.666666666666667,1,3.3333333333333335,4,13.333333333333334,1.7,1.4410644214144859,1.0,0.75,90.0,90.0,93.33333333333333,22,73.33333333333333,3,10.0,2,6.666666666666667,0,0.0,1,3.3333333333333335,2,6.666666666666667,1.9,1.556705923844749,1.0,1.0,86.66666666666667,90.0,90.0,19,63.33333333333333,5,16.666666666666664,2,6.666666666666667,1,3.3333333333333335,0,0.0,3,10.0,2.7333333333333334,2.174600857373345,1.0,4.75,66.66666666666666,70.0,73.33333333333333,16,53.333333333333336,3,10.0,1,3.3333333333333335,1,3.3333333333333335,1,3.3333333333333335,8,26.666666666666668
905,True,2.3333333333333335,1.2736648783028535,2.0,1.75,86.66666666666667,90.0,96.66666666666667,8,26.666666666666668,12,40.0,6,20.0,1,3.3333333333333335,2,6.666666666666667,1,3.3333333333333335,2.1333333333333333,1.6069294390925266,1.5,1.0,83.33333333333334,86.66666666666667,90.0,15,50.0,8,26.666666666666668,2,6.666666666666667,1,3.3333333333333335,1,3.3333333333333335,3,10.0,2.2,1.5362291495737217,2.0,1.0,83.33333333333334,86.66666666666667,90.0,11,36.666666666666664,14,46.666666666666664,0,0.0,1,3.3333333333333335,1,3.3333333333333335,3,10.0,2.533333333333333,1.627540748764494,2.0,2.0,76.66666666666667,83.33333333333334,90.0,10,33.33333333333333,9,30.0,4,13.333333333333334,2,6.666666666666667,2,6.666666666666667,3,10.0
906,False,2.066666666666667,1.4817407180595248,2.0,1.0,90.0,90.0,90.0,14,46.666666666666664,9,30.0,4,13.333333333333334,0,0.0,0,0.0,3,10.0,2.1,1.7194960502038572,1.0,1.75,76.66666666666667,86.66666666666667,90.0,19,63.33333333333333,3,10.0,1,3.3333333333333335,3,10.0,1,3.3333333333333335,3,10.0,2.1333333333333333,1.6069294390925266,1.0,2.0,83.33333333333334,90.0,90.0,17,56.666666666666664,3,10.0,5,16.666666666666664,2,6.666666666666667,0,0.0,3,10.0,2.6,1.9765289440498126,1.5,3.0,66.66666666666666,80.0,80.0,15,50.0,4,13.333333333333334,1,3.3333333333333335,4,13.333333333333334,0,0.0,6,20.0
907,True,2.4,1.4742229591663987,2.0,2.0,80.0,86.66666666666667,93.33333333333333,9,30.0,12,40.0,3,10.0,2,6.666666666666667,2,6.666666666666667,2,6.666666666666667,2.1333333333333333,1.5434449203720302,1.5,2.0,86.66666666666667,90.0,90.0,15,50.0,6,20.0,5,16.666666666666664,1,3.3333333333333335,0,0.0,3,10.0,2.3666666666666667,1.5595583420386114,2.0,2.0,80.0,86.66666666666667,93.33333333333333,13,43.333333333333336,5,16.666666666666664,6,20.0,2,6.666666666666667,2,6.666666666666667,2,6.666666666666667,2.566666666666667,1.8199511592958266,2.0,2.0,80.0,80.0,83.33333333333334,13,43.333333333333336,4,13.333333333333334,7,23.333333333333332,0,0.0,1,3.3333333333333335,5,16.666666666666664
908,True,2.033333333333333,1.1396880664852505,2.0,1.0,93.33333333333333,93.33333333333333,96.66666666666667,10,33.33333333333333,14,46.666666666666664,4,13.333333333333334,0,0.0,1,3.3333333333333335,1,3.3333333333333335,2.0,1.591644851508443,1.0,1.0,86.66666666666667,86.66666666666667,90.0,17,56.666666666666664,7,23.333333333333332,2,6.666666666666667,0,0.0,1,3.3333333333333335,3,10.0,2.2333333333333334,1.8015425489162213,1.0,1.75,83.33333333333334,83.33333333333334,83.33333333333334,16,53.333333333333336,6,20.0,3,10.0,0,0.0,0,0.0,5,16.666666666666664,2.7,1.7729448195962934,2.0,1.75,80.0,80.0,80.0,8,26.666666666666668,11,36.666666666666664,5,16.666666666666664,0,0.0,0,0.0,6,20.0
909,True,1.9,1.2206555615733705,2.0,1.0,90.0,93.33333333333333,96.66666666666667,14,46.666666666666664,11,36.666666666666664,2,6.666666666666667,1,3.3333333333333335,1,3.3333333333333335,1,3.3333333333333335,1.9333333333333333,1.5040685563571303,1.0,1.0,83.33333333333334,90.0,93.33333333333333,18,60.0,6,20.0,1,3.3333333333333335,2,6.666666666666667,1,3.3333333333333335,2,6.666666666666667,2.1333333333333333,1.6478942792411033,1.0,2.0,83.33333333333334,86.66666666666667,90.0,17,56.666666666666664,4,13.333333333333334,4,13.333333333333334,1,3.3333333333333335,1,3.3333333333333335,3,10.0,2.466666666666667,1.687865186822955,2.0,2.0,80.0,83.33333333333334,86.66666666666667,11,36.666666666666664,9,30.0,4,13.333333333333334,1,3.3333333333333335,1,3.3333333333333335,4,13.333333333333334
910,False,2.5,1.6072751268321592,2.0,2.0,83.33333333333334,86.66666666666667,86.66666666666667,10,33.33333333333333,8,26.666666666666668,7,23.333333333333332,1,3.3333333333333335,0,0.0,4,13.333333333333334,2.1,1.57797338380595,1.0,1.75,83.33333333333334,90.0,90.0,16,53.333333333333336,6,20.0,3,10.0,2,6.666666666666667,0,0.0,3,10.0,2.066666666666667,1.2631530214330944,2.0,1.75,83.33333333333334,96.66666666666667,96.66666666666667,13,43.333333333333336,9,30.0,3,10.0,4,13.333333333333334,0,0.0,1,3.3333333333333335,2.3,1.4866068747318506,2.0,2.0,76.66666666666667,93.33333333333333,93.33333333333333,13,43.333333333333336,6,20.0,4,13.333333333333334,5,16.666666666666664,0,0.0,2,6.666666666666667
911,False,3.0,1.9321835661585918,2.5,3.0,63.33333333333333,76.66666666666667,76.66666666666667,10,33.33333333333333,5,16.666666666666664,4,13.333333333333334,4,13.333333333333334,0,0.0,7,23.333333333333332,2.2,1.8511257835886428,1.0,1.75,80.0,83.33333333333334,83.33333333333334,18,60.0,4,13.333333333333334,2,6.666666666666667,1,3.3333333333333335,0,0.0,5,16.666666666666664,2.3666666666666667,1.8526257642120338,1.0,2.0,76.66666666666667,83.33333333333334,83.33333333333334,16,53.333333333333336,4,13.333333333333334,3,10.0,2,6.666666666666667,0,0.0,5,16.666666666666664,2.566666666666667,1.7451520150277897,2.0,3.0,66.66666666666666,86.66666666666667,86.66666666666667,12,40.0,7,23.333333333333332,1,3.3333333333333335,6,20.0,0,0.0,4,13.333333333333334
912,True,2.066666666666667,1.4817407180595248,1.0,2.0,86.66666666666667,90.0,93.33333333333333,16,53.333333333333336,5,16.666666666666664,5,16.666666666666664,1,3.3333333333333335,1,3.3333333333333335,2,6.666666666666667,2.1,1.6802777548171413,1.0,1.75,86.66666666666667,86.66666666666667,86.66666666666667,17,56.666666666666664,5,16.666666666666664,4,13.333333333333334,0,0.0,0,0.0,4,13.333333333333334,2.1333333333333333,1.6679994670929073,1.0,1.75,86.66666666666667,86.66666666666667,86.66666666666667,16,53.333333333333336,6,20.0,4,13.333333333333334,0,0.0,0,0.0,4,13.333333333333334,2.3666666666666667,1.7792008193443358,2.0,2.0,80.0,80.0,86.66666666666667,14,46.666666666666664,7,23.333333333333332,3,10.0,0,0.0,2,6.666666666666667,4,13.333333333333334
913,True,2.1,1.374772708486752,2.0,1.0,83.33333333333334,93.33333333333333,93.33333333333333,12,40.0,12,40.0,1,3.3333333333333335,3,10.0,0,0.0,2,6.666666666666667,1.9,1.5132745950421556,1.0,1.0,83.33333333333334,90.0,93.33333333333333,19,63.33333333333333,5,16.666666666666664,1,3.3333333333333335,2,6.666666666666667,1,3.3333333333333335,2,6.666666666666667,2.0,1.4142135623730951,1.0,1.75,86.66666666666667,93.33333333333333,93.33333333333333,16,53.333333333333336,6,20.0,4,13.333333333333334,2,6.666666666666667,0,0.0,2,6.666666666666667,2.6333333333333333,1.9913702708325127,1.5,3.0,70.0,76.66666666666667,80.0,15,50.0,3,10.0,3,10.0,2,6.666666666666667,1,3.3333333333333335,6,20.0
914,True,2.5,1.7272328544042153,2.0,2.0,80.0,83.33333333333334,83.33333333333334,10,33.33333333333333,11,36.666666666666664,3,10.0,1,3.3333333333333335,0,0.0,5,16.666666666666664,1.9333333333333333,1.5260697523012796,1.0,1.0,86.66666666666667,86.66666666666667,93.33333333333333,18,60.0,6,20.0,2,6.666666666666667,0,0.0,2,6.666666666666667,2,6.666666666666667,2.033333333333333,1.4940623220676648,1.5,1.0,86.66666666666667,86.66666666666667,93.33333333333333,15,50.0,9,30.0,2,6.666666666666667,0,0.0,2,6.666666666666667,2,6.666666666666667,2.7,1.9000000000000001,2.0,3.5,73.33333333333333,73.33333333333333,83.33333333333334,12,40.0,6,20.0,4,13.333333333333334,0,0.0,3,10.0,5,16.666666666666664
915,True,2.1666666666666665,1.3924399049470282,2.0,1.0,86.66666666666667,90.0,93.33333333333333,11,36.666666666666664,12,40.0,3,10.0,1,3.3333333333333335,1,3.3333333333333335,2,6.666666666666667,2.066666666666667,1.6719914938645934,1.0,1.0,83.33333333333334,83.33333333333334,90.0,17,56.666666666666664,7,23.333333333333332,1,3.3333333333333335,0,0.0,2,6.666666666666667,3,10.0,2.2333333333333334,1.7259457954666158,1.5,1.0,80.0,80.0,90.0,15,50.0,8,26.666666666666668,1,3.3333333333333335,0,0.0,3,10.0,3,10.0,2.2,1.4922019523732928,2.0,1.0,83.33333333333334,86.66666666666667,93.33333333333333,12,40.0,11,36.666666666666664,2,6.666666666666667,1,3.3333333333333335,2,6.666666666666667,2,6.666666666666667
916,True,2.2,1.4468356276140468,2.0,1.0,86.66666666666667,90.0,90.0,10,33.33333333333333,14,46.666666666666664,2,6.666666666666667,1,3.3333333333333335,0,0.0,3,10.0,2.0,1.570562531918633,1.0,1.0,83.33333333333334,90.0,90.0,17,56.666666666666664,7,23.333333333333332,1,3.3333333333333335,2,6.666666666666667,0,0.0,3,10.0,2.2333333333333334,1.7641491496532322,1.0,1.75,80.0,83.33333333333334,86.66666666666667,16,53.333333333333336,6,20.0,2,6.666666666666667,1,3.3333333333333335,1,3.3333333333333335,4,13.333333333333334,2.4,1.7048949136725893,2.0,1.75,76.66666666666667,80.0,90.0,12,40.0,10,33.33333333333333,1,3.3333333333333335,1,3.3333333333333335,3,10.0,3,10.0
917,True,2.2666666666666666,1.6519348924485153,2.0,1.0,80.0,83.33333333333334,90.0,13,43.333333333333336,10,33.33333333333333,1,3.3333333333333335,1,3.3333333333333335,2,6.666666666666667,3,10.0,2.1,1.8138357147217052,1.0,1.75,80.0,83.33333333333334,86.66666666666667,20,66.66666666666666,2,6.666666666666667,2,6.666666666666667,1,3.3333333333333335,1,3.3333333333333335,4,13.333333333333334,2.2333333333333334,1.7451520150277902,1.0,2.0,76.66666666666667,83.33333333333334,90.0,17,56.666666666666664,4,13.333333333333334,2,6.666666666666667,2,6.666666666666667,2,6.666666666666667,3,10.0,2.533333333333333,1.746106780494506,2.0,3.0,66.66666666666666,83.33333333333334,90.0,13,43.333333333333336,6,20.0,1,3.3333333333333335,5,16.666666666666664,2,6.666666666666667,3,10.0
918,False,2.2,1.6411378166788229,2.0,1.75,86.66666666666667,86.66666666666667,86.66666666666667,14,46.666666666666664,8,26.666666666666668,4,13.333333333333334,0,0.0,0,0.0,4,13.333333333333334,2.066666666666667,1.7113996870657915,1.0,1.0,83.33333333333334,86.66666666666667,86.66666666666667,18,60.0,5,16.666666666666664,2,6.666666666666667,1,3.3333333333333335,0,0.0,4,13.333333333333334,2.3666666666666667,1.7220788470785986,2.0,2.0,76.66666666666667,86.66666666666667,86.66666666666667,14,46.666666666666664,6,20.0,3,10.0,3,10.0,0,0.0,4,13.333333333333334,2.533333333333333,2.0773915267843845,1.0,3.5,73.33333333333333,73.33333333333333,76.66666666666667,16,53.333333333333336,5,16.666666666666664,1,3.3333333333333335,0,0.0,1,3.3333333333333335,7,23.333333333333332
919,True,2.8,1.8147543451754935,2.5,3.0,70.0,80.0,83.33333333333334,11,36.666666666666664,4,13.333333333333334,6,20.0,3,10.0,1,3.3333333333333335,5,16.666666666666664,1.8666666666666667,1.4079141387961915,1.0,1.0,86.66666666666667,93.33333333333333,93.33333333333333,18,60.0,6,20.0,2,6.666666666666667,2,6.666666666666667,0,0.0,2,6.666666666666667,2.033333333333333,1.5807874268505835,1.0,1.0,83.33333333333334,90.0,90.0,17,56.666666666666664,6,20.0,2,6.666666666666667,2,6.666666666666667,0,0.0,3,10.0,2.2,1.4696938456699067,2.0,2.0,80.0,93.33333333333333,93.33333333333333,14,46.666666666666664,6,20.0,4,13.333333333333334,4,13.333333333333334,0,0.0,2,6.666666666666667
920,False,2.5,1.6683325008322931,2.0,3.0,70.0,86.66666666666667,90.0,12,40.0,7,23.333333333333332,2,6.666666666666667,5,16.666666666666664,1,3.3333333333333335,3,10.0,2.1666666666666665,1.8988300491501484,1.0,1.0,80.0,80.0,83.33333333333334,19,63.33333333333333,4,13.333333333333334,1,3.3333333333333335,0,0.0,1,3.3333333333333335,5,16.666666666666664,2.1333333333333333,1.746106780494506,1.0,1.0,83.33333333333334,83.33333333333334,86.66666666666667,17,56.666666666666664,6,20.0,2,6.666666666666667,0,0.0,1,3.3333333333333335,4,13.333333333333334,2.7,1.9347695814575268,2.0,3.5,73.33333333333333,73.33333333333333,80.0,11,36.666666666666664,9,30.0,2,6.666666666666667,0,0.0,2,6.666666666666667,6,20.0
921,False,2.7333333333333334,1.7113996870657915,2.0,2.5,73.33333333333333,83.33333333333334,83.33333333333334,8,26.666666666666668,10,33.33333333333333,4,13.333333333333334,3,10.0,0,0.0,5,16.666666666666664,2.1666666666666665,1.8454147380888546,1.0,1.0,80.0,83.33333333333334,83.33333333333334,18,60.0,5,16.666666666666664,1,3.3333333333333335,1,3.3333333333333335,0,0.0,5,16.666666666666664,2.2,1.7009801096230766,1.5,1.0,80.0,86.66666666666667,86.66666666666667,15,50.0,8,26.666666666666668,1,3.3333333333333335,2,6.666666666666667,0,0.0,4,13.333333333333334,2.8,1.8690461025168248,2.0,3.0,63.33333333333333,80.0,83.33333333333334,12,40.0,4,13.333333333333334,3,10.0,5,16.666666666666664,1,3.3333333333333335,5,16.666666666666664
922,True,1.9,1.491084616423003,1.0,1.0,90.0,90.0,90.0,17,56.666666666666664,8,26.666666666666668,2,6.666666666666667,0,0.0,0,0.0,3,10.0,1.6666666666666667,1.2995725793078619,1.0,1.0,93.33333333333333,93.33333333333333,93.33333333333333,20,66.66666666666666,6,20.0,2,6.666666666666667,0,0.0,0,0.0,2,6.666666666666667,1.8333333333333333,1.5509853498842459,1.0,1.0,86.66666666666667,90.0,90.0,20,66.66666666666666,5,16.666666666666664,1,3.3333333333333335,1,3.3333333333333335,0,0.0,3,10.0,2.5,1.7654083569153813,2.0,2.0,76.66666666666667,80.0,86.66666666666667,12,40.0,8,26.666666666666668,3,10.0,1,3.3333333333333335,2,6.666666666666667,4,13.333333333333334
923,True,2.566666666666667,1.782943882708844,2.0,2.0,76.66666666666667,83.33333333333334,83.33333333333334,12,40.0,6,20.0,5,16.666666666666664,2,6.666666666666667,0,0.0,5,16.666666666666664,2.066666666666667,1.6918103387266026,1.0,1.75,86.66666666666667,86.66666666666667,86.66666666666667,18,60.0,4,13.333333333333334,4,13.333333333333334,0,0.0,0,0.0,4,13.333333333333334,2.2,1.7962924780409972,1.0,2.0,80.0,83.33333333333334,86.66666666666667,18,60.0,3,10.0,3,10.0,1,3.3333333333333335,1,3.3333333333333335,4,13.333333333333334,2.2,1.6206994374857624,1.0,2.0,76.66666666666667,86.66666666666667,93.33333333333333,16,53.333333333333336,5,16.666666666666664,2,6.666666666666667,3,10.0,2,6.666666666666667,2,6.666666666666667
924,False,2.7666666666666666,1.8740923729160794,2.0,3.5,73.33333333333333,73.33333333333333,83.33333333333334,11,36.666666666666664,6,20.0,5,16.666666666666664,0,0.0,3,10.0,5,16.666666666666664,2.1,1.6603212540549697,1.0,1.0,80.0,86.66666666666667,90.0,17,56.666666666666664,6,20.0,1,3.3333333333333335,2,6.666666666666667,1,3.3333333333333335,3,10.0,2.433333333333333,1.7259457954666158,2.0,3.0,70.0,83.33333333333334,90.0,13,43.333333333333336,8,26.666666666666668,0,0.0,4,13.333333333333334,2,6.666666666666667,3,10.0,2.4,1.7048949136725895,2.0,3.0,70.0,86.66666666666667,90.0,14,46.666666666666664,6,20.0,1,3.3333333333333335,5,16.666666666666664,1,3.3333333333333335,3,10.0
925,True,1.9666666666666666,1.4019827229875392,1.0,1.0,86.66666666666667,93.33333333333333,93.33333333333333,16,53.333333333333336,7,23.333333333333332,3,10.0,2,6.666666666666667,0,0.0,2,6.666666666666667,1.9,1.6802777548171413,1.0,1.0,86.66666666666667,86.66666666666667,86.66666666666667,20,66.66666666666666,5,16.666666666666664,1,3.3333333333333335,0,0.0,0,0.0,4,13.333333333333334,1.8,1.5143755588800731,1.0,1.0,90.0,90.0,90.0,20,66.66666666666666,5,16.666666666666664,2,6.666666666666667,0,0.0,0,0.0,3,10.0,2.3666666666666667,1.5807874268505835,2.0,2.0,80.0,90.0,90.0,13,43.333333333333336,5,16.666666666666664,6,20.0,3,10.0,0,0.0,3,10.0
926,True,2.4,1.5620499351813306,2.0,2.0,86.66666666666667,86.66666666666667,86.66666666666667,9,30.0,12,40.0,5,16.666666666666664,0,0.0,0,0.0,4,13.333333333333334,2.0,1.4375905768565218,1.5,1.0,86.66666666666667,90.0,93.33333333333333,15,50.0,9,30.0,2,6.666666666666667,1,3.3333333333333335,1,3.3333333333333335,2,6.666666666666667,2.1666666666666665,1.6141733350404335,2.0,1.0,86.66666666666667,86.66666666666667,86.66666666666667,13,43.333333333333336,11,36.666666666666664,2,6.666666666666667,0,0.0,0,0.0,4,13.333333333333334,2.4,1.518771433319269,2.0,2.0,80.0,86.66666666666667,93.33333333333333,11,36.666666666666664,8,26.666666666666668,5,16.666666666666664,2,6.666666666666667,2,6.666666666666667,2,6.666666666666667
927,False,2.3,1.7916472867168916,2.0,1.0,80.0,83.33333333333334,83.33333333333334,14,46.666666666666664,9,30.0,1,3.3333333333333335,1,3.3333333333333335,0,0.0,5,16.666666666666664,2.1333333333333333,1.8208667044996885,1.0,1.0,76.66666666666667,83.33333333333334,86.66666666666667,19,63.33333333333333,4,13.333333333333334,0,0.0,2,6.666666666666667,1,3.3333333333333335,4,13.333333333333334,2.3666666666666667,1.991370270832513,1.0,1.75,76.66666666666667,76.66666666666667,80.0,17,56.666666666666664,5,16.666666666666664,1,3.3333333333333335,0,0.0,1,3.3333333333333335,6,20.0,2.7,2.0024984394500787,2.0,3.0,70.0,76.66666666666667,76.66666666666667,13,43.333333333333336,6,20.0,2,6.666666666666667,2,6.666666666666667,0,0.0,7,23.333333333333332
928,True,2.1,1.5132745950421556,2.0,1.0,86.66666666666667,90.0,90.0,14,46.666666666666664,9,30.0,3,10.0,1,3.3333333333333335,0,0.0,3,10.0,1.8,1.4,1.0,1.0,86.66666666666667,93.33333333333333,93.33333333333333,19,63.33333333333333,6,20.0,1,3.3333333333333335,2,6.666666666666667,0,0.0,2,6.666666666666667,2.0,1.591644851508443,1.0,1.0,83.33333333333334,90.0,90.0,18,60.0,5,16.666666666666664,2,6.666666666666667,2,6.666666666666667,0,0.0,3,10.0,2.033333333333333,1.471582670309608,1.0,1.0,80.0,93.33333333333333,93.33333333333333,16,53.333333333333336,7,23.333333333333332,1,3.3333333333333335,4,13.333333333333334,0,0.0,2,6.666666666666667
929,True,2.3,1.6155494421403511,1.5,2.0,76.66666666666667,86.66666666666667,93.33333333333333,15,50.0,4,13.333333333333334,4,13.333333333333334,3,10.0,2,6.666666666666667,2,6.666666666666667,1.9333333333333333,1.7113996870657915,1.0,1.0,83.33333333333334,83.33333333333334,90.0,21,70.0,3,10.0,1,3.3333333333333335,0,0.0,2,6.666666666666667,3,10.0,2.066666666666667,1.6316317667360556,1.0,1.0,83.33333333333334,86.66666666666667,90.0,17,56.666666666666664,6,20.0,2,6.666666666666667,1,3.3333333333333335,1,3.3333333333333335,3,10.0,2.7666666666666666,2.201262264146541,1.0,4.75,66.66666666666666,66.66666666666666,73.33333333333333,16,53.333333333333336,3,10.0,1,3.3333333333333335,0,0.0,2,6.666666666666667,8,26.666666666666668
930,True,2.466666666666667,1.746106780494506,2.0,2.75,73.33333333333333,83.33333333333334,86.66666666666667,12,40.0,9,30.0,1,3.3333333333333335,3,10.0,1,3.3333333333333335,4,13.333333333333334,1.8666666666666667,1.4544949486180951,1.0,1.0,90.0,90.0,93.33333333333333,19,63.33333333333333,4,13.333333333333334,4,13.333333333333334,0,0.0,1,3.3333333333333335,2,6.666666666666667,2.3,1.9689252567496476,1.0,1.75,76.66666666666667,80.0,80.0,18,60.0,4,13.333333333333334,1,3.3333333333333335,1,3.3333333333333335,0,0.0,6,20.0,2.3,1.6563010998406458,2.0,2.0,83.33333333333334,86.66666666666667,86.66666666666667,13,43.333333333333336,8,26.666666666666668,4,13.333333333333334,1,3.3333333333333335,0,0.0,4,13.333333333333334
931,True,2.1333333333333333,1.3097921802925665,2.0,1.75,83.33333333333334,93.33333333333333,96.66666666666667,12,40.0,10,33.33333333333333,3,10.0,3,10.0,1,3.3333333333333335,1,3.3333333333333335,2.0,1.6931233465600393,1.0,1.0,86.66666666666667,86.66666666666667,86.66666666666667,19,63.33333333333333,4,13.333333333333334,3,10.0,0,0.0,0,0.0,4,13.333333333333334,1.9333333333333333,1.3888444437333105,1.0,2.0,93.33333333333333,93.33333333333333,93.33333333333333,18,60.0,2,6.666666666666667,8,26.666666666666668,0,0.0,0,0.0,2,6.666666666666667,2.6333333333333333,2.008039397577204,2.0,2.75,73.33333333333333,76.66666666666667,76.66666666666667,14,46.666666666666664,5,16.666666666666664,3,10.0,1,3.3333333333333335,0,0.0,7,23.333333333333332
932,True,2.2333333333333334,1.358512258154322,2.0,2.0,86.66666666666667,93.33333333333333,93.33333333333333,11,36.666666666666664,9,30.0,6,20.0,2,6.666666666666667,0,0.0,2,6.666666666666667,2.033333333333333,1.6428295373802142,1.0,1.75,80.0,90.0,90.0,19,63.33333333333333,3,10.0,2,6.666666666666667,3,10.0,0,0.0,3,10.0,2.1,1.57797338380595,1.0,2.0,86.66666666666667,90.0,90.0,17,56.666666666666664,3,10.0,6,20.0,1,3.3333333333333335,0,0.0,3,10.0,2.6666666666666665,1.903213656482693,2.0,2.75,73.33333333333333,80.0,80.0,13,43.333333333333336,4,13.333333333333334,5,16.666666666666664,2,6.666666666666667,0,0.0,6,20.0
933,True,2.7666666666666666,1.8015425489162211,2.0,3.0,70.0,80.0,83.33333333333334,10,33.33333333333333,7,23.333333333333332,4,13.333333333333334,3,10.0,1,3.3333333333333335,5,16.666666666666664,2.0,1.570562531918633,1.0,1.75,86.66666666666667,90.0,90.0,18,60.0,4,13.333333333333334,4,13.333333333333334,1,3.3333333333333335,0,0.0,3,10.0,2.466666666666667,1.8926759422104522,2.0,2.0,80.0,80.0,80.0,14,46.666666666666664,6,20.0,4,13.333333333333334,0,0.0,0,0.0,6,20.0,2.2666666666666666,1.730767331432956,1.5,2.0,83.33333333333334,83.33333333333334,86.66666666666667,15,50.0,6,20.0,4,13.333333333333334,0,0.0,1,3.3333333333333335,4,13.333333333333334
934,True,1.5666666666666667,1.0225241100118647,1.0,1.0,96.66666666666667,96.66666666666667,96.66666666666667,19,63.33333333333333,8,26.666666666666668,2,6.666666666666667,0,0.0,0,0.0,1,3.3333333333333335,1.4666666666666666,0.8844332774281065,1.0,1.0,96.66666666666667,96.66666666666667,100.0,21,70.0,6,20.0,2,6.666666666666667,0,0.0,1,3.3333333333333335,0,0.0,1.8,1.5362291495737217,1.0,1.0,86.66666666666667,90.0,90.0,20,66.66666666666666,6,20.0,0,0.0,1,3.3333333333333335,0,0.0,3,10.0,2.2,1.8867962264113207,1.0,1.0,80.0,80.0,83.33333333333334,18,60.0,5,16.666666666666664,1,3.3333333333333335,0,0.0,1,3.3333333333333335,5,16.666666666666664
935,True,2.6333333333333333,1.7220788470785986,2.0,1.75,76.66666666666667,76.66666666666667,86.66666666666667,8,26.666666666666668,13,43.333333333333336,2,6.666666666666667,0,0.0,3,10.0,4,13.333333333333334,2.1666666666666665,1.827262676488766,1.0,1.0,80.0,80.0,86.66666666666667,18,60.0,5,16.666666666666664,1,3.3333333333333335,0,0.0,2,6.666666666666667,4,13.333333333333334,2.3333333333333335,1.8318175552045448,1.5,1.75,76.66666666666667,83.33333333333334,83.33333333333334,15,50.0,7,23.333333333333332,1,3.3333333333333335,2,6.666666666666667,0,0.0,5,16.666666666666664,2.6333333333333333,1.7978382080215733,2.0,2.0,76.66666666666667,80.0,83.33333333333334,11,36.666666666666664,7,23.333333333333332,5,16.666666666666664,1,3.3333333333333335,1,3.3333333333333335,5,16.666666666666664
936,False,2.4,1.6653327995729061,2.0,2.0,83.33333333333334,83.33333333333334,86.66666666666667,11,36.666666666666664,10,33.33333333333333,4,13.333333333333334,0,0.0,1,3.3333333333333335,4,13.333333333333334,1.9333333333333333,1.5260697523012796,1.0,1.0,86.66666666666667,86.66666666666667,93.33333333333333,18,60.0,6,20.0,2,6.666666666666667,0,0.0,2,6.666666666666667,2,6.666666666666667,2.2333333333333334,1.8917951498216952,1.0,1.75,80.0,80.0,83.33333333333334,18,60.0,4,13.333333333333334,2,6.666666666666667,0,0.0,1,3.3333333333333335,5,16.666666666666664,2.0,1.3416407864998738,1.0,2.0,86.66666666666667,93.33333333333333,96.66666666666667,16,53.333333333333336,5,16.666666666666664,5,16.666666666666664,2,6.666666666666667,1,3.3333333333333335,1,3.3333333333333335
937,True,2.1666666666666665,1.4395215254459455,2.0,2.0,83.33333333333334,93.33333333333333,93.33333333333333,14,46.666666666666664,6,20.0,5,16.666666666666664,3,10.0,0,0.0,2,6.666666666666667,1.8333333333333333,1.3682917167849196,1.0,1.0,90.0,93.33333333333333,93.33333333333333,18,60.0,6,20.0,3,10.0,1,3.3333333333333335,0,0.0,2,6.666666666666667,1.9,1.4224392195567912,1.0,1.0,86.66666666666667,93.33333333333333,93.33333333333333,18,60.0,5,16.666666666666664,3,10.0,2,6.666666666666667,0,0.0,2,6.666666666666667,2.5,1.8027756377319946,2.0,2.0,76.66666666666667,83.33333333333334,83.33333333333334,13,43.333333333333336,6,20.0,4,13.333333333333334,2,6.666666666666667,0,0.0,5,16.666666666666664
938,True,1.9333333333333333,1.4590712418826193,1.0,1.0,86.66666666666667,90.0,93.33333333333333,17,56.666666666666664,7,23.333333333333332,2,6.666666666666667,1,3.3333333333333335,1,3.3333333333333335,2,6.666666666666667,1.9,1.535143858622594,1.0,1.0,86.66666666666667,86.66666666666667,93.33333333333333,19,63.33333333333333,5,16.666666666666664,2,6.666666666666667,0,0.0,2,6.666666666666667,2,6.666666666666667,2.2,1.7397317800933185,1.0,1.75,83.33333333333334,83.33333333333334,86.66666666666667,16,53.333333333333336,6,20.0,3,10.0,0,0.0,1,3.3333333333333335,4,13.333333333333334,2.033333333333333,1.4940623220676648,1.0,1.75,83.33333333333334,86.66666666666667,96.66666666666667,17,56.666666666666664,5,16.666666666666664,3,10.0,1,3.3333333333333335,3,10.0,1,3.3333333333333335
939,False,2.3,1.6360521589077368,2.0,1.75,83.33333333333334,86.66666666666667,86.66666666666667,12,40.0,10,33.33333333333333,3,10.0,1,3.3333333333333335,0,0.0,4,13.333333333333334,2.033333333333333,1.7220788470785986,1.0,1.0,83.33333333333334,86.66666666666667,86.66666666666667,19,63.33333333333333,4,13.333333333333334,2,6.666666666666667,1,3.3333333333333335,0,0.0,4,13.333333333333334,2.3333333333333335,1.9379255804998177,1.0,2.0,80.0,80.0,80.0,17,56.666666666666664,4,13.333333333333334,3,10.0,0,0.0,0,0.0,6,20.0,2.6,1.7813852287849852,2.0,2.0,76.66666666666667,80.0,86.66666666666667,13,43.333333333333336,3,10.0,7,23.333333333333332,1,3.3333333333333335,2,6.666666666666667,4,13.333333333333334
940,False,2.2666666666666666,1.412641340027806,2.0,2.0,83.33333333333334,93.33333333333333,93.33333333333333,12,40.0,7,23.333333333333332,6,20.0,3,10.0,0,0.0,2,6.666666666666667,2.2,1.7009801096230763,1.5,1.0,80.0,86.66666666666667,86.66666666666667,15,50.0,8,26.666666666666668,1,3.3333333333333335,2,6.666666666666667,0,0.0,4,13.333333333333334,2.2666666666666666,1.6110727964792764,2.0,1.75,80.0,86.66666666666667,90.0,13,43.333333333333336,9,30.0,2,6.666666666666667,2,6.666666666666667,1,3.3333333333333335,3,10.0,2.6,1.5832456116050557,2.0,2.0,80.0,83.33333333333334,90.0,9,30.0,8,26.666666666666668,7,23.333333333333332,1,3.3333333333333335,2,6.666666666666667,3,10.0
941,False,2.433333333333333,1.6265163865007801,2.0,2.0,80.0,83.33333333333334,90.0,11,36.666666666666664,9,30.0,4,13.333333333333334,1,3.3333333333333335,2,6.666666666666667,3,10.0,2.1,1.7,1.0,1.0,83.33333333333334,86.66666666666667,86.66666666666667,17,56.666666666666664,6,20.0,2,6.666666666666667,1,3.3333333333333335,0,0.0,4,13.333333333333334,2.1,1.5132745950421556,2.0,1.0,86.66666666666667,90.0,90.0,14,46.666666666666664,9,30.0,3,10.0,1,3.3333333333333335,0,0.0,3,10.0,2.7,1.9689252567496478,2.0,3.0,66.66666666666666,76.66666666666667,80.0,13,43.333333333333336,6,20.0,1,3.3333333333333335,3,10.0,1,3.3333333333333335,6,20.0
942,True,2.7666666666666666,1.7259457954666155,2.0,3.0,70.0,80.0,86.66666666666667,9,30.0,8,26.666666666666668,4,13.333333333333334,3,10.0,2,6.666666666666667,4,13.333333333333334,2.1666666666666665,1.7527755766846542,1.0,1.75,76.66666666666667,83.33333333333334,90.0,18,60.0,4,13.333333333333334,1,3.3333333333333335,2,6.666666666666667,2,6.666666666666667,3,10.0,2.2,1.6411378166788229,1.5,1.75,80.0,86.66666666666667,90.0,15,50.0,7,23.333333333333332,2,6.666666666666667,2,6.666666666666667,1,3.3333333333333335,3,10.0,2.533333333333333,1.521694961401777,2.0,3.0,70.0,90.0,93.33333333333333,10,33.33333333333333,8,26.666666666666668,3,10.0,6,20.0,1,3.3333333333333335,2,6.666666666666667
943,False,2.6,1.7048949136725895,2.0,2.75,73.33333333333333,83.33333333333334,86.66666666666667,10,33.33333333333333,9,30.0,3,10.0,3,10.0,1,3.3333333333333335,4,13.333333333333334,1.9333333333333333,1.412641340027806,1.0,1.0,86.66666666666667,93.33333333333333,93.33333333333333,17,56.666666666666664,6,20.0,3,10.0,2,6.666666666666667,0,0.0,2,6.666666666666667,2.1,1.57797338380595,1.0,1.75,83.33333333333334,90.0,90.0,16,53.333333333333336,6,20.0,3,10.0,2,6.666666666666667,0,0.0,3,10.0,2.7333333333333334,1.8427033281447005,2.0,2.75,73.33333333333333,76.66666666666667,83.33333333333334,11,36.666666666666664,6,20.0,5,16.666666666666664,1,3.3333333333333335,2,6.666666666666667,5,16.666666666666664
944,True,2.3333333333333335,1.6599866130651644,2.0,2.0,76.66666666666667,86.66666666666667,90.0,14,46.666666666666664,6,20.0,3,10.0,3,10.0,1,3.3333333333333335,3,10.0,1.9333333333333333,1.6110727964792761,1.0,1.0,83.33333333333334,90.0,90.0,20,66.66666666666666,3,10.0,2,6.666666666666667,2,6.666666666666667,0,0.0,3,10.0,2.2666666666666666,1.9821424996424675,1.0,1.75,76.66666666666667,80.0,80.0,19,63.33333333333333,3,10.0,1,3.3333333333333335,1,3.3333333333333335,0,0.0,6,20.0,2.6,2.0591260281974,1.0,3.0,70.0,76.66666666666667,76.66666666666667,16,53.333333333333336,3,10.0,2,6.666666666666667,2,6.666666666666667,0,0.0,7,23.333333333333332
945,True,2.7666666666666666,1.7259457954666158,2.0,3.0,70.0,80.0,86.66666666666667,9,30.0,8,26.666666666666668,4,13.333333333333334,3,10.0,2,6.666666666666667,4,13.333333333333334,2.3,1.8466185312619388,1.0,2.0,76.66666666666667,80.0,86.66666666666667,17,56.666666666666664,4,13.333333333333334,2,6.666666666666667,1,3.3333333333333335,2,6.666666666666667,4,13.333333333333334,2.6,1.8366636418607882,2.0,2.75,73.33333333333333,80.0,83.33333333333334,12,40.0,7,23.333333333333332,3,10.0,2,6.666666666666667,1,3.3333333333333335,5,16.666666666666664,2.433333333333333,1.7451520150277897,2.0,2.0,76.66666666666667,83.33333333333334,86.66666666666667,13,43.333333333333336,7,23.333333333333332,3,10.0,2,6.666666666666667,1,3.3333333333333335,4,13.333333333333334
946,True,2.3666666666666667,1.53803626600791,2.0,2.0,80.0,86.66666666666667,93.33333333333333,12,40.0,7,23.333333333333332,5,16.666666666666664,2,6.666666666666667,2,6.666666666666667,2,6.666666666666667,1.9333333333333333,1.4360439485692011,1.0,1.0,90.0,90.0,93.33333333333333,17,56.666666666666664,6,20.0,4,13.333333333333334,0,0.0,1,3.3333333333333335,2,6.666666666666667,2.2333333333333334,1.6669999666733317,1.5,2.0,86.66666666666667,86.66666666666667,86.66666666666667,15,50.0,5,16.666666666666664,6,20.0,0,0.0,0,0.0,4,13.333333333333334,2.4,1.6653327995729061,2.0,2.0,80.0,83.33333333333334,90.0,13,43.333333333333336,6,20.0,5,16.666666666666664,1,3.3333333333333335,2,6.666666666666667,3,10.0
947,False,2.7,1.7156145643277025,2.0,2.0,76.66666666666667,80.0,86.66666666666667,10,33.33333333333333,6,20.0,7,23.333333333333332,1,3.3333333333333335,2,6.666666666666667,4,13.333333333333334,2.033333333333333,1.4255603186895398,1.0,2.0,86.66666666666667,93.33333333333333,93.33333333333333,16,53.333333333333336,5,16.666666666666664,5,16.666666666666664,2,6.666666666666667,0,0.0,2,6.666666666666667,2.3333333333333335,1.757523510195209,1.5,2.0,80.0,83.33333333333334,86.66666666666667,15,50.0,5,16.666666666666664,4,13.333333333333334,1,3.3333333333333335,1,3.3333333333333335,4,13.333333333333334,2.466666666666667,1.687865186822955,2.0,2.0,80.0,83.33333333333334,86.66666666666667,11,36.666666666666664,9,30.0,4,13.333333333333334,1,3.3333333333333335,1,3.3333333333333335,4,13.333333333333334
948,False,1.9,1.2206555615733705,1.0,1.75,90.0,96.66666666666667,96.66666666666667,16,53.333333333333336,6,20.0,5,16.666666666666664,2,6.666666666666667,0,0.0,1,3.3333333333333335,1.7666666666666666,1.4302291968616623,1.0,1.0,86.66666666666667,93.33333333333333,93.33333333333333,21,70.0,3,10.0,2,6.666666666666667,2,6.666666666666667,0,0.0,2,6.666666666666667,2.1,1.8681541692269403,1.0,1.0,80.0,83.33333333333334,83.33333333333334,20,66.66666666666666,3,10.0,1,3.3333333333333335,1,3.3333333333333335,0,0.0,5,16.666666666666664,2.1333333333333333,1.3349989596333856,2.0,2.0,80.0,96.66666666666667,96.66666666666667,14,46.666666666666664,6,20.0,4,13.333333333333334,5,16.666666666666664,0,0.0,1,3.3333333333333335
949,False,2.3333333333333335,1.6397831834998458,2.0,2.0,83.33333333333334,86.66666666666667,86.66666666666667,12,40.0,9,30.0,4,13.333333333333334,1,3.3333333333333335,0,0.0,4,13.333333333333334,2.033333333333333,1.5595583420386114,1.0,1.75,86.66666666666667,90.0,90.0,17,56.666666666666664,5,16.666666666666664,4,13.333333333333334,1,3.3333333333333335,0,0.0,3,10.0,2.1666666666666665,1.694763175851488,1.0,1.75,83.33333333333334,86.66666666666667,86.66666666666667,16,53.333333333333336,6,20.0,3,10.0,1,3.3333333333333335,0,0.0,4,13.333333333333334,2.3,1.4866068747318506,2.0,2.0,76.66666666666667,93.33333333333333,93.33333333333333,13,43.333333333333336,6,20.0,4,13.333333333333334,5,16.666666666666664,0,0.0,2,6.666666666666667
950,True,2.7,1.4177446878757827,2.5,1.75,73.33333333333333,90.0,93.33333333333333,7,23.333333333333332,8,26.666666666666668,7,23.333333333333332,5,16.666666666666664,1,3.3333333333333335,2,6.666666666666667,2.0,1.3662601021279464,1.5,1.75,90.0,93.33333333333333,93.33333333333333,15,50.0,7,23.333333333333332,5,16.666666666666664,1,3.3333333333333335,0,0.0,2,6.666666666666667,2.066666666666667,1.3399834161494522,2.0,1.75,83.33333333333334,93.33333333333333,96.66666666666667,14,46.666666666666664,8,26.666666666666668,3,10.0,3,10.0,1,3.3333333333333335,1,3.3333333333333335,2.533333333333333,1.687865186822955,2.0,2.0,76.66666666666667,80.0,90.0,11,36.666666666666664,8,26.666666666666668,4,13.333333333333334,1,3.3333333333333335,3,10.0,3,10.0
951,True,2.6666666666666665,1.6599866130651644,2.0,2.0,76.66666666666667,83.33333333333334,86.66666666666667,9,30.0,8,26.666666666666668,6,20.0,2,6.666666666666667,1,3.3333333333333335,4,13.333333333333334,2.1666666666666665,1.674979270186815,1.0,2.0,86.66666666666667,86.66666666666667,86.66666666666667,16,53.333333333333336,5,16.666666666666664,5,16.666666666666664,0,0.0,0,0.0,4,13.333333333333334,2.3666666666666667,1.8526257642120338,1.5,2.0,80.0,80.0,83.33333333333334,15,50.0,6,20.0,3,10.0,0,0.0,1,3.3333333333333335,5,16.666666666666664,2.3666666666666667,1.7220788470785984,2.0,2.0,80.0,80.0,90.0,14,46.666666666666664,6,20.0,4,13.333333333333334,0,0.0,3,10.0,3,10.0
952,True,2.6666666666666665,1.8499249234015476,2.0,2.75,73.33333333333333,80.0,80.0,10,33.33333333333333,10,33.33333333333333,2,6.666666666666667,2,6.666666666666667,0,0.0,6,20.0,1.9,1.57797338380595,1.0,1.0,86.66666666666667,90.0,90.0,20,66.66666666666666,3,10.0,3,10.0,1,3.3333333333333335,0,0.0,3,10.0,2.4,2.042873792805942,1.0,1.75,76.66666666666667,76.66666666666667,76.66666666666667,17,56.666666666666664,5,16.666666666666664,1,3.3333333333333335,0,0.0,0,0.0,7,23.333333333333332,2.4,1.7435595774162693,2.0,2.0,83.33333333333334,83.33333333333334,83.33333333333334,12,40.0,9,30.0,4,13.333333333333334,0,0.0,0,0.0,5,16.666666666666664
953,False,2.433333333333333,1.8199511592958264,2.0,2.0,80.0,80.0,83.33333333333334,13,43.333333333333336,8,26.666666666666668,3,10.0,0,0.0,1,3.3333333333333335,5,16.666666666666664,2.0,1.7888543819998317,1.0,1.0,83.33333333333334,83.33333333333334,86.66666666666667,21,70.0,2,6.666666666666667,2,6.666666666666667,0,0.0,1,3.3333333333333335,4,13.333333333333334,2.4,2.0912516188477497,1.0,2.75,73.33333333333333,76.66666666666667,76.66666666666667,19,63.33333333333333,2,6.666666666666667,1,3.3333333333333335,1,3.3333333333333335,0,0.0,7,23.333333333333332,2.466666666666667,1.9955506062794357,1.0,2.75,73.33333333333333,76.66666666666667,80.0,16,53.333333333333336,5,16.666666666666664,1,3.3333333333333335,1,3.3333333333333335,1,3.3333333333333335,6,20.0
954,True,2.3,1.6155494421403513,2.0,1.0,83.33333333333334,86.66666666666667,86.66666666666667,11,36.666666666666664,12,40.0,2,6.666666666666667,1,3.3333333333333335,0,0.0,4,13.333333333333334,1.8,1.32664991614216,1.0,1.0,90.0,93.33333333333333,93.33333333333333,17,56.666666666666664,9,30.0,1,3.3333333333333335,1,3.3333333333333335,0,0.0,2,6.666666666666667,1.9666666666666666,1.4255603186895396,1.5,1.0,86.66666666666667,90.0,93.33333333333333,15,50.0,10,33.33333333333333,1,3.3333333333333335,1,3.3333333333333335,1,3.3333333333333335,2,6.666666666666667,2.066666666666667,1.412641340027806,2.0,1.0,83.33333333333334,93.33333333333333,93.33333333333333,14,46.666666666666664,9,30.0,2,6.666666666666667,3,10.0,0,0.0,2,6.666666666666667
955,True,2.1666666666666665,1.4851112939963644,2.0,1.0,86.66666666666667,90.0,90.0,12,40.0,11,36.666666666666664,3,10.0,1,3.3333333333333335,0,0.0,3,10.0,1.9666666666666666,1.4487542541400484,1.0,1.0,83.33333333333334,93.33333333333333,93.33333333333333,17,56.666666666666664,6,20.0,2,6.666666666666667,3,10.0,0,0.0,2,6.666666666666667,2.1,1.491084616423003,1.5,1.75,83.33333333333334,90.0,93.33333333333333,15,50.0,7,23.333333333333332,3,10.0,2,6.666666666666667,1,3.3333333333333335,2,6.666666666666667,2.433333333333333,1.7451520150277897,2.0,2.0,76.66666666666667,83.33333333333334,86.66666666666667,13,43.333333333333336,7,23.333333333333332,3,10.0,2,6.666666666666667,1,3.3333333333333335,4,13.333333333333334
956,True,2.6333333333333333,1.6428295373802142,2.0,2.0,80.0,83.33333333333334,86.66666666666667,9,30.0,8,26.666666666666668,7,23.333333333333332,1,3.3333333333333335,1,3.3333333333333335,4,13.333333333333334,2.1,1.535143858622594,1.5,1.75,86.66666666666667,90.0,90.0,15,50.0,7,23.333333333333332,4,13.333333333333334,1,3.3333333333333335,0,0.0,3,10.0,2.6,1.9933221850301406,2.0,3.5,73.33333333333333,73.33333333333333,80.0,14,46.666666666666664,6,20.0,2,6.666666666666667,0,0.0,2,6.666666666666667,6,20.0,2.3,1.5307950004273378,2.0,2.0,83.33333333333334,90.0,90.0,12,40.0,8,26.666666666666668,5,16.666666666666664,2,6.666666666666667,0,0.0,3,10.0
957,False,2.3,1.345362404707371,2.0,2.0,76.66666666666667,96.66666666666667,96.66666666666667,12,40.0,6,20.0,5,16.666666666666664,6,20.0,0,0.0,1,3.3333333333333335,2.1333333333333333,1.7650936393164969,1.0,1.0,80.0,80.0,90.0,18,60.0,5,16.666666666666664,1,3.3333333333333335,0,0.0,3,10.0,3,10.0,2.533333333333333,2.012185103038209,1.0,3.0,70.0,76.66666666666667,80.0,16,53.333333333333336,4,13.333333333333334,1,3.3333333333333335,2,6.666666666666667,1,3.3333333333333335,6,20.0,2.7666666666666666,1.8199511592958264,2.0,3.0,63.33333333333333,83.33333333333334,83.33333333333334,11,36.666666666666664,6,20.0,2,6.666666666666667,6,20.0,0,0.0,5,16.666666666666664
958,False,2.466666666666667,1.9275776393067947,1.5,2.0,76.66666666666667,80.0,80.0,15,50.0,5,16.666666666666664,3,10.0,1,3.3333333333333335,0,0.0,6,20.0,1.8333333333333333,1.5723301886761007,1.0,1.0,86.66666666666667,90.0,90.0,21,70.0,3,10.0,2,6.666666666666667,1,3.3333333333333335,0,0.0,3,10.0,2.3666666666666667,2.008039397577204,1.0,2.0,76.66666666666667,76.66666666666667,80.0,18,60.0,3,10.0,2,6.666666666666667,0,0.0,1,3.3333333333333335,6,20.0,2.3666666666666667,1.8882678717691395,1.0,2.0,76.66666666666667,80.0,83.33333333333334,16,53.333333333333336,5,16.666666666666664,2,6.666666666666667,1,3.3333333333333335,1,3.3333333333333335,5,16.666666666666664
959,False,2.8666666666666667,1.8926759422104522,2.0,3.5,73.33333333333333,73.33333333333333,80.0,10,33.33333333333333,6,20.0,6,20.0,0,0.0,2,6.666666666666667,6,20.0,2.1666666666666665,1.790406533599438,1.0,1.75,80.0,83.33333333333334,86.66666666666667,18,60.0,4,13.333333333333334,2,6.666666666666667,1,3.3333333333333335,1,3.3333333333333335,4,13.333333333333334,2.533333333333333,2.012185103038209,1.0,3.0,70.0,76.66666666666667,80.0,16,53.333333333333336,4,13.333333333333334,1,3.3333333333333335,2,6.666666666666667,1,3.3333333333333335,6,20.0,2.5,1.8393839548428526,2.0,3.0,70.0,80.0,86.66666666666667,14,46.666666666666664,6,20.0,1,3.3333333333333335,3,10.0,2,6.666666666666667,4,13.333333333333334
960,True,2.433333333333333,1.498517786199268,2.0,1.75,83.33333333333334,86.66666666666667,90.0,8,26.666666666666668,13,43.333333333333336,4,13.333333333333334,1,3.3333333333333335,1,3.3333333333333335,3,10.0,1.9,1.5351438586225938,1.0,1.0,90.0,90.0,90.0,19,63.33333333333333,4,13.333333333333334,4,13.333333333333334,0,0.0,0,0.0,3,10.0,1.8666666666666667,1.3349989596333858,1.0,1.0,93.33333333333333,93.33333333333333,93.33333333333333,17,56.666666666666664,6,20.0,5,16.666666666666664,0,0.0,0,0.0,2,6.666666666666667,2.566666666666667,1.7259457954666158,2.0,2.0,76.66666666666667,83.33333333333334,86.66666666666667,12,40.0,5,16.666666666666664,6,20.0,2,6.666666666666667,1,3.3333333333333335,4,13.333333333333334
961,True,2.3666666666666667,1.6224124698183944,2.0,2.0,83.33333333333334,86.66666666666667,86.66666666666667,11,36.666666666666664,10,33.33333333333333,4,13.333333333333334,1,3.3333333333333335,0,0.0,4,13.333333333333334,2.1333333333333333,1.7074997966487597,1.0,1.75,83.33333333333334,86.66666666666667,86.66666666666667,17,56.666666666666664,5,16.666666666666664,3,10.0,1,3.3333333333333335,0,0.0,4,13.333333333333334,2.2666666666666666,1.7499206331208919,1.5,1.75,80.0,83.33333333333334,86.66666666666667,15,50.0,7,23.333333333333332,2,6.666666666666667,1,3.3333333333333335,1,3.3333333333333335,4,13.333333333333334,2.3333333333333335,1.8135294011647258,1.0,2.75,73.33333333333333,83.33333333333334,86.66666666666667,16,53.333333333333336,5,16.666666666666664,1,3.3333333333333335,3,10.0,1,3.3333333333333335,4,13.333333333333334
962,True,2.3,1.7156145643277028,2.0,1.75,80.0,80.0,90.0,14,46.666666666666664,8,26.666666666666668,2,6.666666666666667,0,0.0,3,10.0,3,10.0,1.8333333333333333,1.6141733350404335,1.0,1.0,86.66666666666667,86.66666666666667,90.0,21,70.0,4,13.333333333333334,1,3.3333333333333335,0,0.0,1,3.3333333333333335,3,10.0,1.8666666666666667,1.499629583893599,1.0,1.0,90.0,90.0,90.0,18,60.0,7,23.333333333333332,2,6.666666666666667,0,0.0,0,0.0,3,10.0,1.9666666666666666,1.3287420951996498,1.0,1.75,86.66666666666667,93.33333333333333,96.66666666666667,16,53.333333333333336,6,20.0,4,13.333333333333334,2,6.666666666666667,1,3.3333333333333335,1,3.3333333333333335
963,True,2.3,1.2948616399703354,2.0,2.0,86.66666666666667,90.0,96.66666666666667,9,30.0,11,36.666666666666664,6,20.0,1,3.3333333333333335,2,6.666666666666667,1,3.3333333333333335,2.2,1.8147543451754933,1.0,1.75,83.33333333333334,83.33333333333334,83.33333333333334,17,56.666666666666664,5,16.666666666666664,3,10.0,0,0.0,0,0.0,5,16.666666666666664,2.1333333333333333,1.586050300449376,1.5,1.75,86.66666666666667,86.66666666666667,90.0,15,50.0,7,23.333333333333332,4,13.333333333333334,0,0.0,1,3.3333333333333335,3,10.0,2.6333333333333333,1.9576062480034697,2.0,2.0,76.66666666666667,76.66666666666667,76.66666666666667,12,40.0,8,26.666666666666668,3,10.0,0,0.0,0,0.0,7,23.333333333333332
964,True,2.2,1.6,2.0,1.75,83.33333333333334,86.66666666666667,90.0,14,46.666666666666664,8,26.666666666666668,3,10.0,1,3.3333333333333335,1,3.3333333333333335,3,10.0,1.9666666666666666,1.601735170231195,1.0,1.0,83.33333333333334,83.33333333333334,93.33333333333333,18,60.0,7,23.333333333333332,0,0.0,0,0.0,3,10.0,2,6.666666666666667,2.3333333333333335,1.8135294011647258,1.0,2.75,73.33333333333333,83.33333333333334,86.66666666666667,16,53.333333333333336,5,16.666666666666664,1,3.3333333333333335,3,10.0,1,3.3333333333333335,4,13.333333333333334,2.3333333333333335,1.8135294011647258,1.0,2.75,73.33333333333333,83.33333333333334,86.66666666666667,16,53.333333333333336,5,16.666666666666664,1,3.3333333333333335,3,10.0,1,3.3333333333333335,4,13.333333333333334
965,True,2.3333333333333335,1.757523510195209,1.0,3.0,70.0,80.0,93.33333333333333,16,53.333333333333336,5,16.666666666666664,0,0.0,3,10.0,4,13.333333333333334,2,6.666666666666667,1.9,1.57797338380595,1.0,1.0,83.33333333333334,86.66666666666667,93.33333333333333,20,66.66666666666666,4,13.333333333333334,1,3.3333333333333335,1,3.3333333333333335,2,6.666666666666667,2,6.666666666666667,2.2,1.7962924780409972,1.0,2.0,80.0,83.33333333333334,86.66666666666667,18,60.0,3,10.0,3,10.0,1,3.3333333333333335,1,3.3333333333333335,4,13.333333333333334,1.9666666666666666,1.53803626600791,1.0,1.75,83.33333333333334,90.0,93.33333333333333,19,63.33333333333333,3,10.0,3,10.0,2,6.666666666666667,1,3.3333333333333335,2,6.666666666666667
966,True,2.033333333333333,1.0482790129010924,2.0,1.75,96.66666666666667,96.66666666666667,96.66666666666667,10,33.33333333333333,12,40.0,7,23.333333333333332,0,0.0,0,0.0,1,3.3333333333333335,2.066666666666667,1.5477582354991866,1.0,1.75,86.66666666666667,90.0,90.0,16,53.333333333333336,6,20.0,4,13.333333333333334,1,3.3333333333333335,0,0.0,3,10.0,2.1,1.445683229480096,2.0,1.75,86.66666666666667,90.0,93.33333333333333,14,46.666666666666664,8,26.666666666666668,4,13.333333333333334,1,3.3333333333333335,1,3.3333333333333335,2,6.666666666666667,2.8,1.9561867668161614,2.0,3.0,70.0,76.66666666666667,76.66666666666667,11,36.666666666666664,7,23.333333333333332,3,10.0,2,6.666666666666667,0,0.0,7,23.333333333333332
967,True,2.466666666666667,1.7650936393164973,2.0,1.75,76.66666666666667,83.33333333333334,83.33333333333334,11,36.666666666666664,11,36.666666666666664,1,3.3333333333333335,2,6.666666666666667,0,0.0,5,16.666666666666664,2.0,1.6532795690182993,1.0,1.0,83.33333333333334,86.66666666666667,90.0,19,63.33333333333333,4,13.333333333333334,2,6.666666666666667,1,3.3333333333333335,1,3.3333333333333335,3,10.0,2.1333333333333333,1.7074997966487597,1.0,1.75,83.33333333333334,86.66666666666667,86.66666666666667,17,56.666666666666664,5,16.666666666666664,3,10.0,1,3.3333333333333335,0,0.0,4,13.333333333333334,2.1333333333333333,1.4996295838935991,1.5,1.75,76.66666666666667,93.33333333333333,93.33333333333333,15,50.0,7,23.333333333333332,1,3.3333333333333335,5,16.666666666666664,0,0.0,2,6.666666666666667
968,True,2.2666666666666666,1.5260697523012796,2.0,2.0,83.33333333333334,90.0,90.0,12,40.0,9,30.0,4,13.333333333333334,2,6.666666666666667,0,0.0,3,10.0,2.033333333333333,1.4487542541400487,1.0,1.75,83.33333333333334,93.33333333333333,93.33333333333333,16,53.333333333333336,6,20.0,3,10.0,3,10.0,0,0.0,2,6.666666666666667,2.433333333333333,1.8381754238616315,2.0,1.75,76.66666666666667,80.0,83.33333333333334,13,43.333333333333336,9,30.0,1,3.3333333333333335,1,3.3333333333333335,1,3.3333333333333335,5,16.666666666666664,2.566666666666667,1.8562207723101138,2.0,2.75,73.33333333333333,80.0,83.33333333333334,13,43.333333333333336,6,20.0,3,10.0,2,6.666666666666667,1,3.3333333333333335,5,16.666666666666664
969,True,2.533333333333333,1.7269111795984824,2.0,2.0,80.0,83.33333333333334,83.33333333333334,10,33.33333333333333,10,33.33333333333333,4,13.333333333333334,1,3.3333333333333335,0,0.0,5,16.666666666666664,1.8333333333333333,1.3682917167849196,1.0,1.0,90.0,93.33333333333333,93.33333333333333,18,60.0,6,20.0,3,10.0,1,3.3333333333333335,0,0.0,2,6.666666666666667,1.8333333333333333,1.3186693629901658,1.0,1.0,93.33333333333333,93.33333333333333,93.33333333333333,17,56.666666666666664,7,23.333333333333332,4,13.333333333333334,0,0.0,0,0.0,2,6.666666666666667,2.4,1.6852299546352716,2.0,2.0,80.0,86.66666666666667,86.66666666666667,13,43.333333333333336,6,20.0,5,16.666666666666664,2,6.666666666666667,0,0.0,4,13.333333333333334
970,False,2.6333333333333333,1.8162843634433703,2.0,2.0,80.0,80.0,80.0,10,33.33333333333333,9,30.0,5,16.666666666666664,0,0.0,0,0.0,6,20.0,1.9666666666666666,1.6224124698183944,1.0,1.75,83.33333333333334,90.0,90.0,20,66.66666666666666,2,6.666666666666667,3,10.0,2,6.666666666666667,0,0.0,3,10.0,2.1,1.7578395831246947,1.0,1.75,80.0,86.66666666666667,86.66666666666667,19,63.33333333333333,3,10.0,2,6.666666666666667,2,6.666666666666667,0,0.0,4,13.333333333333334,2.6333333333333333,1.9576062480034697,2.0,3.0,66.66666666666666,80.0,80.0,14,46.666666666666664,5,16.666666666666664,1,3.3333333333333335,4,13.333333333333334,0,0.0,6,20.0
971,False,2.8666666666666667,1.978776277287444,2.0,3.0,66.66666666666666,76.66666666666667,76.66666666666667,12,40.0,4,13.333333333333334,4,13.333333333333334,3,10.0,0,0.0,7,23.333333333333332,2.033333333333333,1.6224124698183942,1.0,1.0,83.33333333333334,86.66666666666667,90.0,17,56.666666666666664,7,23.333333333333332,1,3.3333333333333335,1,3.3333333333333335,1,3.3333333333333335,3,10.0,2.433333333333333,1.9439364415764442,1.0,2.0,76.66666666666667,80.0,80.0,16,53.333333333333336,4,13.333333333333334,3,10.0,1,3.3333333333333335,0,0.0,6,20.0,2.433333333333333,1.8199511592958264,2.0,2.75,73.33333333333333,80.0,86.66666666666667,14,46.666666666666664,7,23.333333333333332,1,3.3333333333333335,2,6.666666666666667,2,6.666666666666667,4,13.333333333333334
972,False,2.5,1.52206000757745,2.0,2.0,76.66666666666667,90.0,90.0,9,30.0,10,33.33333333333333,4,13.333333333333334,4,13.333333333333334,0,0.0,3,10.0,2.1,1.6603212540549697,1.0,2.0,83.33333333333334,86.66666666666667,90.0,18,60.0,3,10.0,4,13.333333333333334,1,3.3333333333333335,1,3.3333333333333335,3,10.0,2.2666666666666666,1.730767331432956,1.0,2.0,80.0,86.66666666666667,86.66666666666667,16,53.333333333333336,4,13.333333333333334,4,13.333333333333334,2,6.666666666666667,0,0.0,4,13.333333333333334,2.6666666666666665,1.9720265943665387,2.0,2.75,73.33333333333333,76.66666666666667,76.66666666666667,12,40.0,8,26.666666666666668,2,6.666666666666667,1,3.3333333333333335,0,0.0,7,23.333333333333332
973,True,2.533333333333333,1.8749814813900312,2.0,2.0,76.66666666666667,80.0,80.0,12,40.0,9,30.0,2,6.666666666666667,1,3.3333333333333335,0,0.0,6,20.0,2.1,1.7194960502038574,1.0,1.75,83.33333333333334,86.66666666666667,86.66666666666667,18,60.0,4,13.333333333333334,3,10.0,1,3.3333333333333335,0,0.0,4,13.333333333333334,2.2,1.7587874611030558,1.0,2.0,83.33333333333334,83.33333333333334,86.66666666666667,17,56.666666666666664,4,13.333333333333334,4,13.333333333333334,0,0.0,1,3.3333333333333335,4,13.333333333333334,2.6666666666666665,1.776388345929897,2.0,3.0,66.66666666666666,83.33333333333334,86.66666666666667,12,40.0,5,16.666666666666664,3,10.0,5,16.666666666666664,1,3.3333333333333335,4,13.333333333333334
974,True,2.6333333333333333,1.6224124698183942,2.0,2.0,76.66666666666667,86.66666666666667,86.66666666666667,9,30.0,8,26.666666666666668,6,20.0,3,10.0,0,0.0,4,13.333333333333334,2.466666666666667,2.0773915267843845,1.0,2.75,73.33333333333333,76.66666666666667,76.66666666666667,18,60.0,2,6.666666666666667,2,6.666666666666667,1,3.3333333333333335,0,0.0,7,23.333333333333332,2.3666666666666667,1.8526257642120338,1.5,2.0,80.0,80.0,83.33333333333334,15,50.0,6,20.0,3,10.0,0,0.0,1,3.3333333333333335,5,16.666666666666664,2.7666666666666666,1.8199511592958264,2.5,3.0,66.66666666666666,83.33333333333334,83.33333333333334,12,40.0,3,10.0,5,16.666666666666664,5,16.666666666666664,0,0.0,5,16.666666666666664
975,True,2.6666666666666665,1.7191729277636836,2.0,2.0,76.66666666666667,83.33333333333334,83.33333333333334,9,30.0,9,30.0,5,16.666666666666664,2,6.666666666666667,0,0.0,5,16.666666666666664,2.1,1.556705923844749,1.0,1.75,83.33333333333334,86.66666666666667,93.33333333333333,16,53.333333333333336,6,20.0,3,10.0,1,3.3333333333333335,2,6.666666666666667,2,6.666666666666667,2.2666666666666666,1.6110727964792764,2.0,2.0,83.33333333333334,86.66666666666667,90.0,14,46.666666666666664,6,20.0,5,16.666666666666664,1,3.3333333333333335,1,3.3333333333333335,3,10.0,2.3,1.5947831618540915,2.0,2.0,83.33333333333334,86.66666666666667,90.0,13,43.333333333333336,7,23.333333333333332,5,16.666666666666664,1,3.3333333333333335,1,3.3333333333333335,3,10.0
976,False,2.533333333333333,1.7269111795984826,2.0,2.0,76.66666666666667,83.33333333333334,86.66666666666667,12,40.0,6,20.0,5,16.666666666666664,2,6.666666666666667,1,3.3333333333333335,4,13.333333333333334,2.066666666666667,1.6110727964792764,1.0,2.0,83.33333333333334,90.0,90.0,18,60.0,3,10.0,4,13.333333333333334,2,6.666666666666667,0,0.0,3,10.0,2.1333333333333333,1.7074997966487597,1.0,2.0,86.66666666666667,86.66666666666667,86.66666666666667,18,60.0,2,6.666666666666667,6,20.0,0,0.0,0,0.0,4,13.333333333333334,2.533333333333333,1.9275776393067947,1.5,2.0,76.66666666666667,80.0,80.0,15,50.0,3,10.0,5,16.666666666666664,1,3.3333333333333335,0,0.0,6,20.0
977,True,3.0,1.632993161855452,2.0,2.0,70.0,80.0,83.33333333333334,4,13.333333333333334,12,40.0,5,16.666666666666664,3,10.0,1,3.3333333333333335,5,16.666666666666664,2.3666666666666667,1.7792008193443358,1.0,2.75,73.33333333333333,86.66666666666667,86.66666666666667,16,53.333333333333336,3,10.0,3,10.0,4,13.333333333333334,0,0.0,4,13.333333333333334,2.4,1.6653327995729064,2.0,2.0,80.0,83.33333333333334,90.0,13,43.333333333333336,6,20.0,5,16.666666666666664,1,3.3333333333333335,2,6.666666666666667,3,10.0,2.6,1.6852299546352718,2.0,2.0,76.66666666666667,83.33333333333334,86.66666666666667,10,33.33333333333333,8,26.666666666666668,5,16.666666666666664,2,6.666666666666667,1,3.3333333333333335,4,13.333333333333334
978,False,2.433333333333333,1.498517786199268,2.0,2.0,80.0,90.0,90.0,9,30.0,11,36.666666666666664,4,13.333333333333334,3,10.0,0,0.0,3,10.0,2.3,1.8645821694595994,1.0,1.75,80.0,80.0,83.33333333333334,16,53.333333333333336,6,20.0,2,6.666666666666667,0,0.0,1,3.3333333333333335,5,16.666666666666664,2.3333333333333335,1.7950549357115013,2.0,1.75,80.0,83.33333333333334,83.33333333333334,14,46.666666666666664,8,26.666666666666668,2,6.666666666666667,1,3.3333333333333335,0,0.0,5,16.666666666666664,2.7,1.8823743871327334,2.0,2.75,73.33333333333333,76.66666666666667,80.0,10,33.33333333333333,10,33.33333333333333,2,6.666666666666667,1,3.3333333333333335,1,3.3333333333333335,6,20.0
979,False,2.433333333333333,1.6468825769380833,2.0,2.0,83.33333333333334,83.33333333333334,86.66666666666667,10,33.33333333333333,11,36.666666666666664,4,13.333333333333334,0,0.0,1,3.3333333333333335,4,13.333333333333334,2.033333333333333,1.6224124698183944,1.0,1.0,83.33333333333334,86.66666666666667,90.0,17,56.666666666666664,7,23.333333333333332,1,3.3333333333333335,1,3.3333333333333335,1,3.3333333333333335,3,10.0,2.2333333333333334,1.7451520150277897,1.5,1.0,80.0,83.33333333333334,86.66666666666667,15,50.0,8,26.666666666666668,1,3.3333333333333335,1,3.3333333333333335,1,3.3333333333333335,4,13.333333333333334,2.6,1.9252705437591537,2.0,2.75,73.33333333333333,76.66666666666667,80.0,12,40.0,9,30.0,1,3.3333333333333335,1,3.3333333333333335,1,3.3333333333333335,6,20.0
980,True,2.6333333333333333,1.8705317128797598,2.0,2.0,76.66666666666667,76.66666666666667,80.0,10,33.33333333333333,11,36.666666666666664,2,6.666666666666667,0,0.0,1,3.3333333333333335,6,20.0,2.1333333333333333,1.521694961401777,2.0,1.0,83.33333333333334,86.66666666666667,93.33333333333333,14,46.666666666666664,9,30.0,2,6.666666666666667,1,3.3333333333333335,2,6.666666666666667,2,6.666666666666667,2.1,1.3988090172238192,2.0,1.0,86.66666666666667,90.0,93.33333333333333,12,40.0,12,40.0,2,6.666666666666667,1,3.3333333333333335,1,3.3333333333333335,2,6.666666666666667,2.1333333333333333,1.521694961401777,2.0,1.0,83.33333333333334,86.66666666666667,93.33333333333333,14,46.666666666666664,9,30.0,2,6.666666666666667,1,3.3333333333333335,2,6.666666666666667,2,6.666666666666667
981,True,2.433333333333333,1.5205992970609392,2.0,2.0,83.33333333333334,83.33333333333334,93.33333333333333,10,33.33333333333333,9,30.0,6,20.0,0,0.0,3,10.0,2,6.666666666666667,1.9666666666666666,1.4715826703096075,1.0,1.0,86.66666666666667,90.0,93.33333333333333,17,56.666666666666664,6,20.0,3,10.0,1,3.3333333333333335,1,3.3333333333333335,2,6.666666666666667,2.2333333333333334,1.7259457954666158,1.5,1.75,83.33333333333334,83.33333333333334,86.66666666666667,15,50.0,7,23.333333333333332,3,10.0,0,0.0,1,3.3333333333333335,4,13.333333333333334,2.3666666666666667,1.5807874268505833,2.0,2.0,76.66666666666667,86.66666666666667,93.33333333333333,13,43.333333333333336,6,20.0,4,13.333333333333334,3,10.0,2,6.666666666666667,2,6.666666666666667
982,False,2.4,1.6852299546352716,2.0,1.75,80.0,83.33333333333334,86.66666666666667,11,36.666666666666664,11,36.666666666666664,2,6.666666666666667,1,3.3333333333333335,1,3.3333333333333335,4,13.333333333333334,1.9333333333333333,1.5040685563571303,1.0,1.0,83.33333333333334,90.0,93.33333333333333,18,60.0,6,20.0,1,3.3333333333333335,2,6.666666666666667,1,3.3333333333333335,2,6.666666666666667,2.3,1.9689252567496476,1.0,1.75,76.66666666666667,80.0,80.0,18,60.0,4,13.333333333333334,1,3.3333333333333335,1,3.3333333333333335,0,0.0,6,20.0,2.3333333333333335,1.639783183499846,2.0,2.0,76.66666666666667,86.66666666666667,90.0,13,43.333333333333336,8,26.666666666666668,2,6.666666666666667,3,10.0,1,3.3333333333333335,3,10.0
983,True,2.566666666666667,1.7451520150277897,2.0,2.0,76.66666666666667,83.33333333333334,83.33333333333334,10,33.33333333333333,10,33.33333333333333,3,10.0,2,6.666666666666667,0,0.0,5,16.666666666666664,1.8666666666666667,1.499629583893599,1.0,1.0,90.0,90.0,90.0,18,60.0,7,23.333333333333332,2,6.666666666666667,0,0.0,0,0.0,3,10.0,2.1,1.57797338380595,1.5,1.0,86.66666666666667,86.66666666666667,90.0,15,50.0,8,26.666666666666668,3,10.0,0,0.0,1,3.3333333333333335,3,10.0,2.466666666666667,1.8024674446127702,2.0,2.0,80.0,83.33333333333334,83.33333333333334,14,46.666666666666664,4,13.333333333333334,6,20.0,1,3.3333333333333335,0,0.0,5,16.666666666666664
984,False,2.2666666666666666,1.671991493864594,2.0,1.0,80.0,86.66666666666667,86.66666666666667,13,43.333333333333336,10,33.33333333333333,1,3.3333333333333335,2,6.666666666666667,0,0.0,4,13.333333333333334,1.9,1.57797338380595,1.0,1.0,86.66666666666667,86.66666666666667,90.0,18,60.0,8,26.666666666666668,0,0.0,0,0.0,1,3.3333333333333335,3,10.0,2.1,1.8138357147217052,1.0,1.0,83.33333333333334,83.33333333333334,83.33333333333334,18,60.0,6,20.0,1,3.3333333333333335,0,0.0,0,0.0,5,16.666666666666664,2.1,1.5779733838059502,2.0,1.0,83.33333333333334,86.66666666666667,90.0,14,46.666666666666664,11,36.666666666666664,0,0.0,1,3.3333333333333335,1,3.3333333333333335,3,10.0
985,True,2.2,1.4,2.0,2.0,86.66666666666667,86.66666666666667,96.66666666666667,12,40.0,9,30.0,5,16.666666666666664,0,0.0,3,10.0,1,3.3333333333333335,1.9666666666666666,1.601735170231195,1.0,1.0,86.66666666666667,86.66666666666667,90.0,18,60.0,6,20.0,2,6.666666666666667,0,0.0,1,3.3333333333333335,3,10.0,2.3,1.8466185312619385,1.0,1.75,76.66666666666667,83.33333333333334,83.33333333333334,16,53.333333333333336,6,20.0,1,3.3333333333333335,2,6.666666666666667,0,0.0,5,16.666666666666664,2.8666666666666667,1.9618585292749549,2.0,4.0,63.33333333333333,70.0,83.33333333333334,12,40.0,5,16.666666666666664,2,6.666666666666667,2,6.666666666666667,4,13.333333333333334,5,16.666666666666664
986,True,1.9666666666666666,1.251221625274897,2.0,1.0,93.33333333333333,93.33333333333333,93.33333333333333,12,40.0,13,43.333333333333336,3,10.0,0,0.0,0,0.0,2,6.666666666666667,2.0,1.7126976771553504,1.0,1.0,83.33333333333334,86.66666666666667,86.66666666666667,19,63.33333333333333,5,16.666666666666664,1,3.3333333333333335,1,3.3333333333333335,0,0.0,4,13.333333333333334,1.9,1.445683229480096,1.0,1.0,83.33333333333334,93.33333333333333,93.33333333333333,18,60.0,6,20.0,1,3.3333333333333335,3,10.0,0,0.0,2,6.666666666666667,2.7,1.9347695814575268,2.0,3.0,70.0,76.66666666666667,80.0,12,40.0,7,23.333333333333332,2,6.666666666666667,2,6.666666666666667,1,3.3333333333333335,6,20.0
987,False,2.4,1.8726095873584183,1.0,2.75,73.33333333333333,80.0,86.66666666666667,17,56.666666666666664,2,6.666666666666667,3,10.0,2,6.666666666666667,2,6.666666666666667,4,13.333333333333334,2.1333333333333333,1.839081896551163,1.0,1.75,76.66666666666667,83.33333333333334,86.66666666666667,20,66.66666666666666,2,6.666666666666667,1,3.3333333333333335,2,6.666666666666667,1,3.3333333333333335,4,13.333333333333334,2.3,1.9519221295943134,1.0,2.75,73.33333333333333,80.0,83.33333333333334,19,63.33333333333333,2,6.666666666666667,1,3.3333333333333335,2,6.666666666666667,1,3.3333333333333335,5,16.666666666666664,2.5,1.91049731745428,1.0,3.0,70.0,76.66666666666667,86.66666666666667,16,53.333333333333336,3,10.0,2,6.666666666666667,2,6.666666666666667,3,10.0,4,13.333333333333334
988,True,2.1666666666666665,1.6749792701868154,1.5,1.0,83.33333333333334,86.66666666666667,86.66666666666667,15,50.0,8,26.666666666666668,2,6.666666666666667,1,3.3333333333333335,0,0.0,4,13.333333333333334,1.7333333333333334,1.3399834161494522,1.0,1.0,93.33333333333333,93.33333333333333,93.33333333333333,20,66.66666666666666,4,13.333333333333334,4,13.333333333333334,0,0.0,0,0.0,2,6.666666666666667,1.7333333333333334,1.3148721948877347,1.0,1.0,93.33333333333333,93.33333333333333,93.33333333333333,19,63.33333333333333,6,20.0,3,10.0,0,0.0,0,0.0,2,6.666666666666667,2.3,1.530795000427338,2.0,2.0,83.33333333333334,90.0,90.0,12,40.0,8,26.666666666666668,5,16.666666666666664,2,6.666666666666667,0,0.0,3,10.0
989,True,2.033333333333333,1.4019827229875395,1.5,1.75,86.66666666666667,93.33333333333333,93.33333333333333,15,50.0,7,23.333333333333332,4,13.333333333333334,2,6.666666666666667,0,0.0,2,6.666666666666667,1.8333333333333333,1.5723301886761005,1.0,1.0,86.66666666666667,90.0,90.0,21,70.0,3,10.0,2,6.666666666666667,1,3.3333333333333335,0,0.0,3,10.0,2.2,1.8330302779823362,1.0,1.0,80.0,83.33333333333334,83.33333333333334,17,56.666666666666664,6,20.0,1,3.3333333333333335,1,3.3333333333333335,0,0.0,5,16.666666666666664,2.2333333333333334,1.8381754238616317,1.0,2.0,80.0,80.0,86.66666666666667,18,60.0,3,10.0,3,10.0,0,0.0,2,6.666666666666667,4,13.333333333333334
990,False,2.6666666666666665,1.7384539747207064,2.0,1.75,76.66666666666667,80.0,83.33333333333334,8,26.666666666666668,12,40.0,3,10.0,1,3.3333333333333335,1,3.3333333333333335,5,16.666666666666664,2.2666666666666666,1.8607047649270485,1.0,1.0,80.0,80.0,83.33333333333334,16,53.333333333333336,7,23.333333333333332,1,3.3333333333333335,0,0.0,1,3.3333333333333335,5,16.666666666666664,2.566666666666667,2.0765890836230025,1.0,3.5,73.33333333333333,73.33333333333333,76.66666666666667,16,53.333333333333336,4,13.333333333333334,2,6.666666666666667,0,0.0,1,3.3333333333333335,7,23.333333333333332,2.7333333333333334,1.9821424996424677,2.0,2.75,73.33333333333333,76.66666666666667,76.66666666666667,13,43.333333333333336,4,13.333333333333334,5,16.666666666666664,1,3.3333333333333335,0,0.0,7,23.333333333333332
991,True,2.1,1.106044001535804,2.0,2.0,93.33333333333333,96.66666666666667,96.66666666666667,10,33.33333333333333,11,36.666666666666664,7,23.333333333333332,1,3.3333333333333335,0,0.0,1,3.3333333333333335,2.0,1.505545305418162,1.0,1.0,83.33333333333334,90.0,93.33333333333333,17,56.666666666666664,6,20.0,2,6.666666666666667,2,6.666666666666667,1,3.3333333333333335,2,6.666666666666667,2.433333333333333,1.8740923729160797,1.5,2.0,76.66666666666667,80.0,83.33333333333334,15,50.0,5,16.666666666666664,3,10.0,1,3.3333333333333335,1,3.3333333333333335,5,16.666666666666664,2.433333333333333,1.7451520150277902,2.0,2.0,76.66666666666667,83.33333333333334,86.66666666666667,13,43.333333333333336,7,23.333333333333332,3,10.0,2,6.666666666666667,1,3.3333333333333335,4,13.333333333333334
992,True,2.533333333333333,1.627540748764494,2.0,2.0,80.0,86.66666666666667,86.66666666666667,10,33.33333333333333,8,26.666666666666668,6,20.0,2,6.666666666666667,0,0.0,4,13.333333333333334,1.9,1.556705923844749,1.0,1.0,86.66666666666667,90.0,90.0,19,63.33333333333333,5,16.666666666666664,2,6.666666666666667,1,3.3333333333333335,0,0.0,3,10.0,2.1666666666666665,1.8089284734953512,1.0,1.0,76.66666666666667,83.33333333333334,86.66666666666667,18,60.0,5,16.666666666666664,0,0.0,2,6.666666666666667,1,3.3333333333333335,4,13.333333333333334,2.4,1.685229954635272,2.0,2.0,76.66666666666667,80.0,93.33333333333333,14,46.666666666666664,5,16.666666666666664,4,13.333333333333334,1,3.3333333333333335,4,13.333333333333334,2,6.666666666666667
993,True,2.1,1.3253930234714029,2.0,1.0,86.66666666666667,90.0,96.66666666666667,12,40.0,11,36.666666666666664,3,10.0,1,3.3333333333333335,2,6.666666666666667,1,3.3333333333333335,2.033333333333333,1.5807874268505835,1.0,1.0,86.66666666666667,86.66666666666667,90.0,16,53.333333333333336,8,26.666666666666668,2,6.666666666666667,0,0.0,1,3.3333333333333335,3,10.0,2.6,1.9765289440498126,2.0,3.5,73.33333333333333,73.33333333333333,80.0,13,43.333333333333336,8,26.666666666666668,1,3.3333333333333335,0,0.0,2,6.666666666666667,6,20.0,2.6,1.9078784028338915,2.0,2.0,76.66666666666667,76.66666666666667,80.0,12,40.0,8,26.666666666666668,3,10.0,0,0.0,1,3.3333333333333335,6,20.0
994,True,2.466666666666667,1.586050300449376,2.0,2.0,80.0,86.66666666666667,90.0,11,36.666666666666664,7,23.333333333333332,6,20.0,2,6.666666666666667,1,3.3333333333333335,3,10.0,1.9666666666666666,1.682920741515245,1.0,1.0,86.66666666666667,86.66666666666667,86.66666666666667,19,63.33333333333333,5,16.666666666666664,2,6.666666666666667,0,0.0,0,0.0,4,13.333333333333334,2.033333333333333,1.6629959577688562,1.0,1.0,86.66666666666667,86.66666666666667,86.66666666666667,17,56.666666666666664,7,23.333333333333332,2,6.666666666666667,0,0.0,0,0.0,4,13.333333333333334,2.533333333333333,1.7838784213679537,2.0,2.0,76.66666666666667,80.0,86.66666666666667,13,43.333333333333336,5,16.666666666666664,5,16.666666666666664,1,3.3333333333333335,2,6.666666666666667,4,13.333333333333334
995,True,2.1,1.2476644848141936,2.0,2.0,90.0,93.33333333333333,96.66666666666667,12,40.0,9,30.0,6,20.0,1,3.3333333333333335,1,3.3333333333333335,1,3.3333333333333335,2.0,1.7126976771553504,1.0,1.0,83.33333333333334,83.33333333333334,90.0,20,66.66666666666666,3,10.0,2,6.666666666666667,0,0.0,2,6.666666666666667,3,10.0,2.2333333333333334,1.8015425489162213,1.0,1.75,76.66666666666667,83.33333333333334,86.66666666666667,17,56.666666666666664,5,16.666666666666664,1,3.3333333333333335,2,6.666666666666667,1,3.3333333333333335,4,13.333333333333334,2.3333333333333335,1.5776212754932308,2.0,2.0,76.66666666666667,86.66666666666667,93.33333333333333,13,43.333333333333336,7,23.333333333333332,3,10.0,3,10.0,2,6.666666666666667,2,6.666666666666667
996,True,2.2333333333333334,1.5638272140986533,2.0,1.75,80.0,90.0,90.0,13,43.333333333333336,9,30.0,2,6.666666666666667,3,10.0,0,0.0,3,10.0,2.033333333333333,1.7413277182145301,1.0,1.0,80.0,83.33333333333334,90.0,20,66.66666666666666,3,10.0,1,3.3333333333333335,1,3.3333333333333335,2,6.666666666666667,3,10.0,2.1,1.535143858622594,1.0,1.75,80.0,90.0,93.33333333333333,16,53.333333333333336,6,20.0,2,6.666666666666667,3,10.0,1,3.3333333333333335,2,6.666666666666667,2.1666666666666665,1.7904065335994381,1.0,1.75,80.0,83.33333333333334,86.66666666666667,18,60.0,4,13.333333333333334,2,6.666666666666667,1,3.3333333333333335,1,3.3333333333333335,4,13.333333333333334
997,False,2.6,1.8547236990991407,2.0,3.0,70.0,80.0,83.33333333333334,12,40.0,8,26.666666666666668,1,3.3333333333333335,3,10.0,1,3.3333333333333335,5,16.666666666666664,2.0,1.7511900715418263,1.0,1.0,80.0,86.66666666666667,86.66666666666667,20,66.66666666666666,4,13.333333333333334,0,0.0,2,6.666666666666667,0,0.0,4,13.333333333333334,2.5,2.140872096444188,1.0,4.0,73.33333333333333,73.33333333333333,73.33333333333333,17,56.666666666666664,5,16.666666666666664,0,0.0,0,0.0,0,0.0,8,26.666666666666668,2.2333333333333334,1.7065234314893605,1.5,1.75,80.0,86.66666666666667,86.66666666666667,15,50.0,7,23.333333333333332,2,6.666666666666667,2,6.666666666666667,0,0.0,4,13.333333333333334
998,False,3.1,1.7578395831246945,3.0,2.0,66.66666666666666,76.66666666666667,80.0,6,20.0,8,26.666666666666668,6,20.0,3,10.0,1,3.3333333333333335,6,20.0,2.3666666666666667,1.7792008193443356,1.5,2.0,76.66666666666667,83.33333333333334,86.66666666666667,15,50.0,5,16.666666666666664,3,10.0,2,6.666666666666667,1,3.3333333333333335,4,13.333333333333334,2.466666666666667,1.9275776393067947,1.5,2.0,76.66666666666667,80.0,80.0,15,50.0,5,16.666666666666664,3,10.0,1,3.3333333333333335,0,0.0,6,20.0,2.8333333333333335,1.790406533599438,2.5,3.0,70.0,80.0,83.33333333333334,10,33.33333333333333,5,16.666666666666664,6,20.0,3,10.0,1,3.3333333333333335,5,16.666666666666664
999,True,2.2,1.6812693617224657,1.0,2.0,86.66666666666667,86.66666666666667,86.66666666666667,16,53.333333333333336,4,13.333333333333334,6,20.0,0,0.0,0,0.0,4,13.333333333333334,1.9,1.556705923844749,1.0,1.75,90.0,90.0,90.0,20,66.66666666666666,2,6.666666666666667,5,16.666666666666664,0,0.0,0,0.0,3,10.0,2.066666666666667,1.569146972791976,1.0,1.0,83.33333333333334,90.0,90.0,16,53.333333333333336,7,23.333333333333332,2,6.666666666666667,2,6.666666666666667,0,0.0,3,10.0,2.433333333333333,1.8015425489162211,1.5,2.75,73.33333333333333,83.33333333333334,86.66666666666667,15,50.0,4,13.333333333333334,3,10.0,3,10.0,1,3.3333333333333335,4,13.333333333333334
1000,True,2.7333333333333334,1.9136933459209766,2.0,2.0,76.66666666666667,76.66666666666667,76.66666666666667,10,33.33333333333333,9,30.0,4,13.333333333333334,0,0.0,0,0.0,7,23.333333333333332,2.3,1.8284784202536635,1.0,2.0,80.0,83.33333333333334,83.33333333333334,16,53.333333333333336,5,16.666666666666664,3,10.0,1,3.3333333333333335,0,0.0,5,16.666666666666664,2.466666666666667,1.8749814813900312,1.0,2.75,73.33333333333333,83.33333333333334,83.33333333333334,16,53.333333333333336,2,6.666666666666667,4,13.333333333333334,3,10.0,0,0.0,5,16.666666666666664,2.3,1.6360521589077368,1.5,2.0,83.33333333333334,86.66666666666667,90.0,15,50.0,3,10.0,7,23.333333333333332,1,3.3333333333333335,1,3.3333333333333335,3,10.0
