trial,structurally_viable,fill_first_avg_student_ranking,fill_first_std_student_ranking,fill_first_median_student_ranking,fill_first_iqr_student_ranking,fill_first_student_satisfaction_percent,fill_first_student_satisfaction_top4_percent,fill_first_student_satisfaction_top5_percent,fill_first_students_got_choice_1_count,fill_first_students_got_choice_1_percent,fill_first_students_got_choice_2_count,fill_first_students_got_choice_2_percent,fill_first_students_got_choice_3_count,fill_first_students_got_choice_3_percent,fill_first_students_got_choice_4_count,fill_first_students_got_choice_4_percent,fill_first_students_got_choice_5_count,fill_first_students_got_choice_5_percent,fill_first_students_got_choice_6_count,fill_first_students_got_choice_6_percent,rank_first_avg_student_ranking,rank_first_std_student_ranking,rank_first_median_student_ranking,rank_first_iqr_student_ranking,rank_first_student_satisfaction_percent,rank_first_student_satisfaction_top4_percent,rank_first_student_satisfaction_top5_percent,rank_first_students_got_choice_1_count,rank_first_students_got_choice_1_percent,rank_first_students_got_choice_2_count,rank_first_students_got_choice_2_percent,rank_first_students_got_choice_3_count,rank_first_students_got_choice_3_percent,rank_first_students_got_choice_4_count,rank_first_students_got_choice_4_percent,rank_first_students_got_choice_5_count,rank_first_students_got_choice_5_percent,rank_first_students_got_choice_6_count,rank_first_students_got_choice_6_percent,best_first_avg_student_ranking,best_first_std_student_ranking,best_first_median_student_ranking,best_first_iqr_student_ranking,best_first_student_satisfaction_percent,best_first_student_satisfaction_top4_percent,best_first_student_satisfaction_top5_percent,best_first_students_got_choice_1_count,best_first_students_got_choice_1_percent,best_first_students_got_choice_2_count,best_first_students_got_choice_2_percent,best_first_students_got_choice_3_count,best_first_students_got_choice_3_percent,best_first_students_got_choice_4_count,best_first_students_got_choice_4_percent,best_first_students_got_choice_5_count,best_first_students_got_choice_5_percent,best_first_students_got_choice_6_count,best_first_students_got_choice_6_percent,fragility_mirror_avg_student_ranking,fragility_mirror_std_student_ranking,fragility_mirror_median_student_ranking,fragility_mirror_iqr_student_ranking,fragility_mirror_student_satisfaction_percent,fragility_mirror_student_satisfaction_top4_percent,fragility_mirror_student_satisfaction_top5_percent,fragility_mirror_students_got_choice_1_count,fragility_mirror_students_got_choice_1_percent,fragility_mirror_students_got_choice_2_count,fragility_mirror_students_got_choice_2_percent,fragility_mirror_students_got_choice_3_count,fragility_mirror_students_got_choice_3_percent,fragility_mirror_students_got_choice_4_count,fragility_mirror_students_got_choice_4_percent,fragility_mirror_students_got_choice_5_count,fragility_mirror_students_got_choice_5_percent,fragility_mirror_students_got_choice_6_count,fragility_mirror_students_got_choice_6_percent
1,True,2.2,1.6411378166788229,1.5,1.75,80.0,86.66666666666667,90.0,15,50.0,7,23.333333333333332,2,6.666666666666667,2,6.666666666666667,1,3.3333333333333335,3,10.0,1.6666666666666667,1.164283279771532,1.0,1.0,90.0,96.66666666666667,96.66666666666667,19,63.33333333333333,7,23.333333333333332,1,3.3333333333333335,2,6.666666666666667,0,0.0,1,3.3333333333333335,1.7333333333333334,1.2892719737209146,1.0,1.0,93.33333333333333,93.33333333333333,93.33333333333333,18,60.0,8,26.666666666666668,2,6.666666666666667,0,0.0,0,0.0,2,6.666666666666667,2.433333333333333,1.9093337988826247,1.5,2.0,80.0,80.0,80.0,15,50.0,5,16.666666666666664,4,13.333333333333334,0,0.0,0,0.0,6,20.0
2,True,2.4,1.7435595774162693,2.0,2.0,83.33333333333334,83.33333333333334,83.33333333333334,12,40.0,9,30.0,4,13.333333333333334,0,0.0,0,0.0,5,16.666666666666664,1.9333333333333333,1.569146972791976,1.0,1.0,86.66666666666667,90.0,90.0,19,63.33333333333333,4,13.333333333333334,3,10.0,1,3.3333333333333335,0,0.0,3,10.0,1.9333333333333333,1.364632632697248,1.0,1.75,90.0,90.0,96.66666666666667,17,56.666666666666664,5,16.666666666666664,5,16.666666666666664,0,0.0,2,6.666666666666667,1,3.3333333333333335,2.566666666666667,1.7641491496532322,2.0,2.75,73.33333333333333,80.0,86.66666666666667,11,36.666666666666664,9,30.0,2,6.666666666666667,2,6.666666666666667,2,6.666666666666667,4,13.333333333333334
3,True,2.1,1.374772708486752,2.0,1.75,86.66666666666667,93.33333333333333,93.33333333333333,13,43.333333333333336,9,30.0,4,13.333333333333334,2,6.666666666666667,0,0.0,2,6.666666666666667,2.033333333333333,1.7220788470785986,1.0,1.0,83.33333333333334,86.66666666666667,86.66666666666667,19,63.33333333333333,4,13.333333333333334,2,6.666666666666667,1,3.3333333333333335,0,0.0,4,13.333333333333334,1.9333333333333333,1.2892719737209144,1.0,1.75,90.0,93.33333333333333,96.66666666666667,16,53.333333333333336,6,20.0,5,16.666666666666664,1,3.3333333333333335,1,3.3333333333333335,1,3.3333333333333335,2.7,1.8101565309847287,2.0,3.0,66.66666666666666,80.0,86.66666666666667,12,40.0,5,16.666666666666664,3,10.0,4,13.333333333333334,2,6.666666666666667,4,13.333333333333334
4,False,2.466666666666667,1.7838784213679537,2.0,2.0,76.66666666666667,83.33333333333334,83.33333333333334,12,40.0,9,30.0,2,6.666666666666667,2,6.666666666666667,0,0.0,5,16.666666666666664,1.9333333333333333,1.5477582354991866,1.0,1.0,86.66666666666667,90.0,90.0,18,60.0,6,20.0,2,6.666666666666667,1,3.3333333333333335,0,0.0,3,10.0,2.033333333333333,1.4019827229875392,1.5,1.75,86.66666666666667,93.33333333333333,93.33333333333333,15,50.0,7,23.333333333333332,4,13.333333333333334,2,6.666666666666667,0,0.0,2,6.666666666666667,2.8666666666666667,2.0286832072937253,2.0,4.0,66.66666666666666,70.0,76.66666666666667,11,36.666666666666664,8,26.666666666666668,1,3.3333333333333335,1,3.3333333333333335,2,6.666666666666667,7,23.333333333333332
5,True,2.3,1.5947831618540915,2.0,2.0,83.33333333333334,86.66666666666667,90.0,13,43.333333333333336,7,23.333333333333332,5,16.666666666666664,1,3.3333333333333335,1,3.3333333333333335,3,10.0,2.2333333333333334,1.8381754238616315,1.0,2.0,80.0,80.0,86.66666666666667,18,60.0,3,10.0,3,10.0,0,0.0,2,6.666666666666667,4,13.333333333333334,2.1,1.6401219466856725,1.0,1.75,83.33333333333334,86.66666666666667,90.0,17,56.666666666666664,5,16.666666666666664,3,10.0,1,3.3333333333333335,1,3.3333333333333335,3,10.0,2.6,1.8547236990991407,2.0,2.75,73.33333333333333,80.0,83.33333333333334,13,43.333333333333336,5,16.666666666666664,4,13.333333333333334,2,6.666666666666667,1,3.3333333333333335,5,16.666666666666664
6,False,2.933333333333333,1.8961950204437188,2.0,3.25,73.33333333333333,73.33333333333333,76.66666666666667,8,26.666666666666668,9,30.0,5,16.666666666666664,0,0.0,1,3.3333333333333335,7,23.333333333333332,2.2333333333333334,1.8740923729160797,1.0,1.75,76.66666666666667,83.33333333333334,83.33333333333334,18,60.0,4,13.333333333333334,1,3.3333333333333335,2,6.666666666666667,0,0.0,5,16.666666666666664,2.3333333333333335,1.86785676348292,1.0,2.0,76.66666666666667,83.33333333333334,83.33333333333334,17,56.666666666666664,3,10.0,3,10.0,2,6.666666666666667,0,0.0,5,16.666666666666664,3.0,2.1291625896895083,2.0,5.0,63.33333333333333,70.0,70.0,12,40.0,5,16.666666666666664,2,6.666666666666667,2,6.666666666666667,0,0.0,9,30.0
7,True,2.533333333333333,1.6069294390925266,2.0,2.0,80.0,83.33333333333334,90.0,10,33.33333333333333,8,26.666666666666668,6,20.0,1,3.3333333333333335,2,6.666666666666667,3,10.0,1.9666666666666666,1.4255603186895396,1.0,1.75,86.66666666666667,93.33333333333333,93.33333333333333,17,56.666666666666664,5,16.666666666666664,4,13.333333333333334,2,6.666666666666667,0,0.0,2,6.666666666666667,2.2666666666666666,1.6719914938645934,2.0,1.75,80.0,83.33333333333334,90.0,14,46.666666666666664,8,26.666666666666668,2,6.666666666666667,1,3.3333333333333335,2,6.666666666666667,3,10.0,2.466666666666667,1.6478942792411035,2.0,2.0,83.33333333333334,86.66666666666667,86.66666666666667,12,40.0,5,16.666666666666664,8,26.666666666666668,1,3.3333333333333335,0,0.0,4,13.333333333333334
8,True,2.7333333333333334,1.8607047649270485,2.0,3.0,70.0,76.66666666666667,83.33333333333334,11,36.666666666666664,7,23.333333333333332,3,10.0,2,6.666666666666667,2,6.666666666666667,5,16.666666666666664,2.2333333333333334,1.8381754238616317,1.0,1.75,80.0,83.33333333333334,83.33333333333334,17,56.666666666666664,5,16.666666666666664,2,6.666666666666667,1,3.3333333333333335,0,0.0,5,16.666666666666664,2.1,1.491084616423003,2.0,1.0,86.66666666666667,90.0,90.0,13,43.333333333333336,11,36.666666666666664,2,6.666666666666667,1,3.3333333333333335,0,0.0,3,10.0,2.6666666666666665,2.022100118413747,2.0,3.0,70.0,76.66666666666667,76.66666666666667,14,46.666666666666664,5,16.666666666666664,2,6.666666666666667,2,6.666666666666667,0,0.0,7,23.333333333333332
9,True,2.7333333333333334,1.730767331432956,2.0,2.5,73.33333333333333,76.66666666666667,86.66666666666667,8,26.666666666666668,11,36.666666666666664,3,10.0,1,3.3333333333333335,3,10.0,4,13.333333333333334,2.2333333333333334,1.8381754238616317,1.0,1.75,80.0,83.33333333333334,83.33333333333334,17,56.666666666666664,5,16.666666666666664,2,6.666666666666667,1,3.3333333333333335,0,0.0,5,16.666666666666664,2.466666666666667,1.9275776393067947,1.5,2.0,76.66666666666667,80.0,80.0,15,50.0,5,16.666666666666664,3,10.0,1,3.3333333333333335,0,0.0,6,20.0,2.566666666666667,1.54236470683457,2.0,2.0,80.0,86.66666666666667,90.0,9,30.0,8,26.666666666666668,7,23.333333333333332,2,6.666666666666667,1,3.3333333333333335,3,10.0
10,False,2.2333333333333334,1.6868774571839993,1.5,1.75,80.0,83.33333333333334,90.0,15,50.0,7,23.333333333333332,2,6.666666666666667,1,3.3333333333333335,2,6.666666666666667,3,10.0,1.9666666666666666,1.7413277182145301,1.0,1.0,83.33333333333334,86.66666666666667,86.66666666666667,21,70.0,2,6.666666666666667,2,6.666666666666667,1,3.3333333333333335,0,0.0,4,13.333333333333334,2.1666666666666665,1.7904065335994381,1.0,1.75,80.0,83.33333333333334,86.66666666666667,18,60.0,4,13.333333333333334,2,6.666666666666667,1,3.3333333333333335,1,3.3333333333333335,4,13.333333333333334,2.6666666666666665,1.9379255804998177,2.0,3.75,70.0,73.33333333333333,83.33333333333334,13,43.333333333333336,6,20.0,2,6.666666666666667,1,3.3333333333333335,3,10.0,5,16.666666666666664
11,False,2.4,1.7625738755203046,2.0,2.0,83.33333333333334,83.33333333333334,83.33333333333334,13,43.333333333333336,7,23.333333333333332,5,16.666666666666664,0,0.0,0,0.0,5,16.666666666666664,2.0,1.6733200530681511,1.0,1.0,86.66666666666667,86.66666666666667,86.66666666666667,18,60.0,6,20.0,2,6.666666666666667,0,0.0,0,0.0,4,13.333333333333334,2.066666666666667,1.671991493864594,1.0,1.0,86.66666666666667,86.66666666666667,86.66666666666667,17,56.666666666666664,6,20.0,3,10.0,0,0.0,0,0.0,4,13.333333333333334,2.466666666666667,1.7269111795984824,2.0,2.75,73.33333333333333,80.0,90.0,12,40.0,9,30.0,1,3.3333333333333335,2,6.666666666666667,3,10.0,3,10.0
12,False,2.6333333333333333,1.8526257642120336,2.0,2.75,73.33333333333333,76.66666666666667,83.33333333333334,11,36.666666666666664,9,30.0,2,6.666666666666667,1,3.3333333333333335,2,6.666666666666667,5,16.666666666666664,1.9666666666666666,1.601735170231195,1.0,1.0,83.33333333333334,90.0,90.0,19,63.33333333333333,4,13.333333333333334,2,6.666666666666667,2,6.666666666666667,0,0.0,3,10.0,2.3,1.7729448195962934,1.5,1.75,76.66666666666667,83.33333333333334,86.66666666666667,15,50.0,7,23.333333333333332,1,3.3333333333333335,2,6.666666666666667,1,3.3333333333333335,4,13.333333333333334,2.7333333333333334,1.9988885800753269,2.0,3.0,70.0,76.66666666666667,76.66666666666667,13,43.333333333333336,5,16.666666666666664,3,10.0,2,6.666666666666667,0,0.0,7,23.333333333333332
13,False,2.066666666666667,1.5477582354991866,1.5,1.0,83.33333333333334,90.0,90.0,15,50.0,9,30.0,1,3.3333333333333335,2,6.666666666666667,0,0.0,3,10.0,1.7,1.4866068747318506,1.0,1.0,90.0,90.0,90.0,21,70.0,6,20.0,0,0.0,0,0.0,0,0.0,3,10.0,2.2,1.9390719429665315,1.0,1.0,80.0,80.0,80.0,18,60.0,6,20.0,0,0.0,0,0.0,0,0.0,6,20.0,3.2,2.1969676071045443,2.0,5.0,53.333333333333336,66.66666666666666,66.66666666666666,12,40.0,4,13.333333333333334,0,0.0,4,13.333333333333334,0,0.0,10,33.33333333333333
14,False,2.3,1.6360521589077368,2.0,1.75,83.33333333333334,86.66666666666667,86.66666666666667,12,40.0,10,33.33333333333333,3,10.0,1,3.3333333333333335,0,0.0,4,13.333333333333334,2.033333333333333,1.6224124698183944,1.0,1.0,83.33333333333334,86.66666666666667,90.0,17,56.666666666666664,7,23.333333333333332,1,3.3333333333333335,1,3.3333333333333335,1,3.3333333333333335,3,10.0,2.2,1.6411378166788229,2.0,1.75,86.66666666666667,86.66666666666667,86.66666666666667,14,46.666666666666664,8,26.666666666666668,4,13.333333333333334,0,0.0,0,0.0,4,13.333333333333334,2.533333333333333,1.7074997966487597,2.0,2.0,76.66666666666667,83.33333333333334,86.66666666666667,11,36.666666666666664,8,26.666666666666668,4,13.333333333333334,2,6.666666666666667,1,3.3333333333333335,4,13.333333333333334
15,True,2.2333333333333334,1.7259457954666158,1.0,1.75,76.66666666666667,83.33333333333334,90.0,16,53.333333333333336,6,20.0,1,3.3333333333333335,2,6.666666666666667,2,6.666666666666667,3,10.0,2.033333333333333,1.8162843634433703,1.0,1.0,80.0,83.33333333333334,86.66666666666667,21,70.0,2,6.666666666666667,1,3.3333333333333335,1,3.3333333333333335,1,3.3333333333333335,4,13.333333333333334,2.066666666666667,1.7113996870657915,1.0,1.0,83.33333333333334,86.66666666666667,86.66666666666667,18,60.0,5,16.666666666666664,2,6.666666666666667,1,3.3333333333333335,0,0.0,4,13.333333333333334,2.3333333333333335,1.6193277068654823,2.0,2.0,80.0,86.66666666666667,90.0,13,43.333333333333336,7,23.333333333333332,4,13.333333333333334,2,6.666666666666667,1,3.3333333333333335,3,10.0
16,True,2.6,1.4966629547095767,2.0,1.0,80.0,86.66666666666667,90.0,7,23.333333333333332,11,36.666666666666664,6,20.0,2,6.666666666666667,1,3.3333333333333335,3,10.0,2.3333333333333335,1.7950549357115013,1.5,2.5,73.33333333333333,83.33333333333334,86.66666666666667,15,50.0,7,23.333333333333332,0,0.0,3,10.0,1,3.3333333333333335,4,13.333333333333334,2.566666666666667,1.9093337988826247,2.0,2.75,73.33333333333333,80.0,80.0,13,43.333333333333336,7,23.333333333333332,2,6.666666666666667,2,6.666666666666667,0,0.0,6,20.0,2.8666666666666667,1.7838784213679537,2.0,3.0,63.33333333333333,76.66666666666667,86.66666666666667,9,30.0,8,26.666666666666668,2,6.666666666666667,4,13.333333333333334,3,10.0,4,13.333333333333334
17,False,1.8333333333333333,1.1571036638473187,1.5,1.0,90.0,96.66666666666667,96.66666666666667,15,50.0,10,33.33333333333333,2,6.666666666666667,2,6.666666666666667,0,0.0,1,3.3333333333333335,1.9333333333333333,1.6719914938645934,1.0,1.0,86.66666666666667,86.66666666666667,86.66666666666667,19,63.33333333333333,6,20.0,1,3.3333333333333335,0,0.0,0,0.0,4,13.333333333333334,2.1,1.556705923844749,1.5,1.0,83.33333333333334,90.0,90.0,15,50.0,8,26.666666666666668,2,6.666666666666667,2,6.666666666666667,0,0.0,3,10.0,2.433333333333333,1.7451520150277897,2.0,2.0,76.66666666666667,83.33333333333334,86.66666666666667,13,43.333333333333336,7,23.333333333333332,3,10.0,2,6.666666666666667,1,3.3333333333333335,4,13.333333333333334
18,False,2.4,1.8184242262647807,1.5,2.0,80.0,83.33333333333334,83.33333333333334,15,50.0,4,13.333333333333334,5,16.666666666666664,1,3.3333333333333335,0,0.0,5,16.666666666666664,1.9666666666666666,1.7026123718829513,1.0,1.0,86.66666666666667,86.66666666666667,86.66666666666667,20,66.66666666666666,3,10.0,3,10.0,0,0.0,0,0.0,4,13.333333333333334,2.533333333333333,2.0612833111653743,1.0,2.75,73.33333333333333,76.66666666666667,76.66666666666667,17,56.666666666666664,2,6.666666666666667,3,10.0,1,3.3333333333333335,0,0.0,7,23.333333333333332,2.533333333333333,1.80246744461277,1.5,2.75,73.33333333333333,83.33333333333334,86.66666666666667,15,50.0,1,3.3333333333333335,6,20.0,3,10.0,1,3.3333333333333335,4,13.333333333333334
19,True,2.1333333333333333,1.687865186822955,1.0,1.0,83.33333333333334,86.66666666666667,86.66666666666667,16,53.333333333333336,7,23.333333333333332,2,6.666666666666667,1,3.3333333333333335,0,0.0,4,13.333333333333334,1.8,1.5362291495737217,1.0,0.75,83.33333333333334,90.0,93.33333333333333,22,73.33333333333333,2,6.666666666666667,1,3.3333333333333335,2,6.666666666666667,1,3.3333333333333335,2,6.666666666666667,1.9333333333333333,1.6918103387266026,1.0,1.0,86.66666666666667,86.66666666666667,86.66666666666667,20,66.66666666666666,4,13.333333333333334,2,6.666666666666667,0,0.0,0,0.0,4,13.333333333333334,2.6666666666666665,2.0548046676563256,1.5,4.0,70.0,70.0,80.0,15,50.0,4,13.333333333333334,2,6.666666666666667,0,0.0,3,10.0,6,20.0
20,True,2.466666666666667,1.6069294390925268,2.0,2.0,83.33333333333334,86.66666666666667,86.66666666666667,10,33.33333333333333,9,30.0,6,20.0,1,3.3333333333333335,0,0.0,4,13.333333333333334,2.0,1.4142135623730951,1.0,1.75,86.66666666666667,93.33333333333333,93.33333333333333,16,53.333333333333336,6,20.0,4,13.333333333333334,2,6.666666666666667,0,0.0,2,6.666666666666667,2.2333333333333334,1.6468825769380835,1.5,2.0,80.0,86.66666666666667,90.0,15,50.0,6,20.0,3,10.0,2,6.666666666666667,1,3.3333333333333335,3,10.0,2.3666666666666667,1.6224124698183942,2.0,2.0,76.66666666666667,90.0,90.0,14,46.666666666666664,4,13.333333333333334,5,16.666666666666664,4,13.333333333333334,0,0.0,3,10.0
21,False,2.1,1.57797338380595,2.0,1.0,83.33333333333334,86.66666666666667,90.0,14,46.666666666666664,11,36.666666666666664,0,0.0,1,3.3333333333333335,1,3.3333333333333335,3,10.0,1.9333333333333333,1.569146972791976,1.0,1.0,86.66666666666667,86.66666666666667,90.0,17,56.666666666666664,9,30.0,0,0.0,0,0.0,1,3.3333333333333335,3,10.0,2.2333333333333334,1.8199511592958264,1.0,1.0,80.0,83.33333333333334,83.33333333333334,16,53.333333333333336,7,23.333333333333332,1,3.3333333333333335,1,3.3333333333333335,0,0.0,5,16.666666666666664,2.433333333333333,1.7451520150277902,2.0,1.75,80.0,83.33333333333334,83.33333333333334,11,36.666666666666664,11,36.666666666666664,2,6.666666666666667,1,3.3333333333333335,0,0.0,5,16.666666666666664
22,True,2.066666666666667,1.364632632697248,2.0,1.0,90.0,90.0,93.33333333333333,12,40.0,12,40.0,3,10.0,0,0.0,1,3.3333333333333335,2,6.666666666666667,2.066666666666667,1.7113996870657915,1.0,1.0,80.0,83.33333333333334,90.0,18,60.0,6,20.0,0,0.0,1,3.3333333333333335,2,6.666666666666667,3,10.0,2.2,1.7962924780409975,1.0,1.0,83.33333333333334,83.33333333333334,83.33333333333334,16,53.333333333333336,7,23.333333333333332,2,6.666666666666667,0,0.0,0,0.0,5,16.666666666666664,2.3,1.7729448195962934,1.5,1.75,76.66666666666667,83.33333333333334,86.66666666666667,15,50.0,7,23.333333333333332,1,3.3333333333333335,2,6.666666666666667,1,3.3333333333333335,4,13.333333333333334
23,True,2.2,1.4922019523732928,2.0,1.75,86.66666666666667,90.0,90.0,12,40.0,10,33.33333333333333,4,13.333333333333334,1,3.3333333333333335,0,0.0,3,10.0,1.9333333333333333,1.4360439485692011,1.0,1.75,86.66666666666667,93.33333333333333,93.33333333333333,18,60.0,4,13.333333333333334,4,13.333333333333334,2,6.666666666666667,0,0.0,2,6.666666666666667,2.1,1.619670748434179,1.0,1.75,80.0,90.0,90.0,17,56.666666666666664,5,16.666666666666664,2,6.666666666666667,3,10.0,0,0.0,3,10.0,2.3,1.6155494421403513,2.0,2.0,76.66666666666667,90.0,90.0,14,46.666666666666664,6,20.0,3,10.0,4,13.333333333333334,0,0.0,3,10.0
24,True,2.533333333333333,1.6069294390925266,2.0,1.75,83.33333333333334,83.33333333333334,86.66666666666667,8,26.666666666666668,12,40.0,5,16.666666666666664,0,0.0,1,3.3333333333333335,4,13.333333333333334,2.1,1.6196707484341788,1.0,1.0,83.33333333333334,86.66666666666667,90.0,16,53.333333333333336,7,23.333333333333332,2,6.666666666666667,1,3.3333333333333335,1,3.3333333333333335,3,10.0,2.1333333333333333,1.4079141387961918,2.0,1.0,86.66666666666667,90.0,93.33333333333333,12,40.0,11,36.666666666666664,3,10.0,1,3.3333333333333335,1,3.3333333333333335,2,6.666666666666667,2.6,1.6852299546352718,2.0,2.0,83.33333333333334,83.33333333333334,83.33333333333334,9,30.0,9,30.0,7,23.333333333333332,0,0.0,0,0.0,5,16.666666666666664
25,False,1.8666666666666667,1.203698005684519,1.5,1.0,93.33333333333333,93.33333333333333,96.66666666666667,15,50.0,9,30.0,4,13.333333333333334,0,0.0,1,3.3333333333333335,1,3.3333333333333335,1.8666666666666667,1.521694961401777,1.0,1.0,83.33333333333334,90.0,93.33333333333333,20,66.66666666666666,4,13.333333333333334,1,3.3333333333333335,2,6.666666666666667,1,3.3333333333333335,2,6.666666666666667,2.033333333333333,1.834545054108935,1.0,1.0,83.33333333333334,83.33333333333334,83.33333333333334,20,66.66666666666666,4,13.333333333333334,1,3.3333333333333335,0,0.0,0,0.0,5,16.666666666666664,2.5,1.8393839548428526,2.0,3.0,70.0,83.33333333333334,83.33333333333334,13,43.333333333333336,8,26.666666666666668,0,0.0,4,13.333333333333334,0,0.0,5,16.666666666666664
26,True,2.1,1.2476644848141933,2.0,1.75,83.33333333333334,96.66666666666667,96.66666666666667,12,40.0,10,33.33333333333333,3,10.0,4,13.333333333333334,0,0.0,1,3.3333333333333335,1.9,1.57797338380595,1.0,1.0,86.66666666666667,90.0,90.0,20,66.66666666666666,3,10.0,3,10.0,1,3.3333333333333335,0,0.0,3,10.0,1.8333333333333333,1.3924399049470282,1.0,1.0,86.66666666666667,93.33333333333333,93.33333333333333,18,60.0,7,23.333333333333332,1,3.3333333333333335,2,6.666666666666667,0,0.0,2,6.666666666666667,2.2,1.5362291495737217,2.0,2.0,86.66666666666667,90.0,90.0,14,46.666666666666664,6,20.0,6,20.0,1,3.3333333333333335,0,0.0,3,10.0
27,True,2.466666666666667,1.6478942792411033,2.0,2.0,76.66666666666667,83.33333333333334,90.0,11,36.666666666666664,9,30.0,3,10.0,2,6.666666666666667,2,6.666666666666667,3,10.0,2.1333333333333333,1.892675942210452,1.0,1.0,80.0,80.0,83.33333333333334,19,63.33333333333333,5,16.666666666666664,0,0.0,0,0.0,1,3.3333333333333335,5,16.666666666666664,2.2333333333333334,1.6265163865007803,2.0,1.75,86.66666666666667,86.66666666666667,86.66666666666667,13,43.333333333333336,9,30.0,4,13.333333333333334,0,0.0,0,0.0,4,13.333333333333334,2.466666666666667,1.7838784213679537,2.0,2.0,76.66666666666667,80.0,86.66666666666667,13,43.333333333333336,7,23.333333333333332,3,10.0,1,3.3333333333333335,2,6.666666666666667,4,13.333333333333334
28,False,2.7666666666666666,1.9947152400502906,2.0,3.75,70.0,73.33333333333333,76.66666666666667,11,36.666666666666664,9,30.0,1,3.3333333333333335,1,3.3333333333333335,1,3.3333333333333335,7,23.333333333333332,1.9333333333333333,1.412641340027806,1.0,1.0,83.33333333333334,93.33333333333333,93.33333333333333,16,53.333333333333336,9,30.0,0,0.0,3,10.0,0,0.0,2,6.666666666666667,2.2,1.7009801096230763,1.5,1.0,80.0,86.66666666666667,86.66666666666667,15,50.0,8,26.666666666666668,1,3.3333333333333335,2,6.666666666666667,0,0.0,4,13.333333333333334,2.7,1.9000000000000001,2.0,3.0,66.66666666666666,76.66666666666667,83.33333333333334,12,40.0,7,23.333333333333332,1,3.3333333333333335,3,10.0,2,6.666666666666667,5,16.666666666666664
29,True,1.9,1.374772708486752,1.0,1.0,90.0,93.33333333333333,93.33333333333333,17,56.666666666666664,6,20.0,4,13.333333333333334,1,3.3333333333333335,0,0.0,2,6.666666666666667,1.8,1.5790292376436015,1.0,0.75,86.66666666666667,90.0,90.0,22,73.33333333333333,2,6.666666666666667,2,6.666666666666667,1,3.3333333333333335,0,0.0,3,10.0,2.2333333333333334,1.961008810677697,1.0,1.75,80.0,80.0,80.0,19,63.33333333333333,3,10.0,2,6.666666666666667,0,0.0,0,0.0,6,20.0,2.533333333333333,1.9447936194419764,2.0,2.0,76.66666666666667,76.66666666666667,80.0,14,46.666666666666664,6,20.0,3,10.0,0,0.0,1,3.3333333333333335,6,20.0
30,False,2.4,1.781385228784985,2.0,1.75,76.66666666666667,80.0,86.66666666666667,13,43.333333333333336,9,30.0,1,3.3333333333333335,1,3.3333333333333335,2,6.666666666666667,4,13.333333333333334,2.0,1.632993161855452,1.0,1.0,83.33333333333334,86.66666666666667,90.0,18,60.0,6,20.0,1,3.3333333333333335,1,3.3333333333333335,1,3.3333333333333335,3,10.0,2.2333333333333334,1.8740923729160797,1.0,1.0,80.0,80.0,83.33333333333334,17,56.666666666666664,6,20.0,1,3.3333333333333335,0,0.0,1,3.3333333333333335,5,16.666666666666664,2.2333333333333334,1.8015425489162216,1.0,1.75,83.33333333333334,83.33333333333334,83.33333333333334,16,53.333333333333336,6,20.0,3,10.0,0,0.0,0,0.0,5,16.666666666666664
31,True,2.533333333333333,1.8024674446127698,2.0,2.75,73.33333333333333,83.33333333333334,83.33333333333334,12,40.0,8,26.666666666666668,2,6.666666666666667,3,10.0,0,0.0,5,16.666666666666664,1.8333333333333333,1.4851112939963644,1.0,1.0,86.66666666666667,90.0,93.33333333333333,20,66.66666666666666,4,13.333333333333334,2,6.666666666666667,1,3.3333333333333335,1,3.3333333333333335,2,6.666666666666667,1.9,1.274100990241093,1.0,1.0,90.0,93.33333333333333,96.66666666666667,16,53.333333333333336,7,23.333333333333332,4,13.333333333333334,1,3.3333333333333335,1,3.3333333333333335,1,3.3333333333333335,2.033333333333333,1.601735170231195,1.0,1.0,86.66666666666667,86.66666666666667,90.0,17,56.666666666666664,6,20.0,3,10.0,0,0.0,1,3.3333333333333335,3,10.0
32,True,2.1666666666666665,1.5509853498842456,2.0,1.75,83.33333333333334,90.0,90.0,14,46.666666666666664,8,26.666666666666668,3,10.0,2,6.666666666666667,0,0.0,3,10.0,1.9,1.5351438586225938,1.0,1.0,86.66666666666667,90.0,90.0,18,60.0,7,23.333333333333332,1,3.3333333333333335,1,3.3333333333333335,0,0.0,3,10.0,2.1333333333333333,1.7269111795984826,1.0,1.0,83.33333333333334,83.33333333333334,86.66666666666667,16,53.333333333333336,8,26.666666666666668,1,3.3333333333333335,0,0.0,1,3.3333333333333335,4,13.333333333333334,2.466666666666667,1.746106780494506,2.0,2.0,83.33333333333334,83.33333333333334,83.33333333333334,12,40.0,7,23.333333333333332,6,20.0,0,0.0,0,0.0,5,16.666666666666664
33,False,2.0,1.5491933384829668,1.0,1.0,83.33333333333334,90.0,90.0,16,53.333333333333336,9,30.0,0,0.0,2,6.666666666666667,0,0.0,3,10.0,2.0,1.8618986725025255,1.0,0.75,80.0,80.0,86.66666666666667,22,73.33333333333333,2,6.666666666666667,0,0.0,0,0.0,2,6.666666666666667,4,13.333333333333334,2.066666666666667,1.7499206331208919,1.0,1.0,80.0,86.66666666666667,86.66666666666667,19,63.33333333333333,4,13.333333333333334,1,3.3333333333333335,2,6.666666666666667,0,0.0,4,13.333333333333334,2.4,1.9425069712444623,1.0,2.0,76.66666666666667,80.0,80.0,16,53.333333333333336,5,16.666666666666664,2,6.666666666666667,1,3.3333333333333335,0,0.0,6,20.0
34,True,2.2333333333333334,1.6265163865007801,2.0,1.75,86.66666666666667,86.66666666666667,86.66666666666667,13,43.333333333333336,9,30.0,4,13.333333333333334,0,0.0,0,0.0,4,13.333333333333334,1.7,1.2151817422372124,1.0,1.0,93.33333333333333,93.33333333333333,96.66666666666667,19,63.33333333333333,6,20.0,3,10.0,0,0.0,1,3.3333333333333335,1,3.3333333333333335,2.3666666666666667,1.9058389811897076,1.0,2.0,76.66666666666667,80.0,83.33333333333334,17,56.666666666666664,3,10.0,3,10.0,1,3.3333333333333335,1,3.3333333333333335,5,16.666666666666664,2.6666666666666665,2.00554786086551,1.5,4.0,70.0,70.0,83.33333333333334,15,50.0,3,10.0,3,10.0,0,0.0,4,13.333333333333334,5,16.666666666666664
35,False,2.1666666666666665,1.507389207279335,1.5,2.0,83.33333333333334,90.0,93.33333333333333,15,50.0,5,16.666666666666664,5,16.666666666666664,2,6.666666666666667,1,3.3333333333333335,2,6.666666666666667,2.0,1.5491933384829668,1.0,1.0,86.66666666666667,90.0,90.0,17,56.666666666666664,6,20.0,3,10.0,1,3.3333333333333335,0,0.0,3,10.0,2.1333333333333333,1.687865186822955,1.0,1.0,83.33333333333334,86.66666666666667,86.66666666666667,16,53.333333333333336,7,23.333333333333332,2,6.666666666666667,1,3.3333333333333335,0,0.0,4,13.333333333333334,2.6,1.9933221850301406,2.0,2.0,76.66666666666667,76.66666666666667,76.66666666666667,14,46.666666666666664,5,16.666666666666664,4,13.333333333333334,0,0.0,0,0.0,7,23.333333333333332
36,True,1.8,1.351542328847553,1.0,1.0,90.0,90.0,96.66666666666667,19,63.33333333333333,5,16.666666666666664,3,10.0,0,0.0,2,6.666666666666667,1,3.3333333333333335,1.7666666666666666,1.5205992970609392,1.0,1.0,90.0,90.0,90.0,21,70.0,4,13.333333333333334,2,6.666666666666667,0,0.0,0,0.0,3,10.0,2.033333333333333,1.5595583420386114,1.0,1.75,80.0,90.0,93.33333333333333,18,60.0,4,13.333333333333334,2,6.666666666666667,3,10.0,1,3.3333333333333335,2,6.666666666666667,2.3333333333333335,1.7950549357115013,2.0,1.75,80.0,83.33333333333334,83.33333333333334,14,46.666666666666664,8,26.666666666666668,2,6.666666666666667,1,3.3333333333333335,0,0.0,5,16.666666666666664
37,True,2.466666666666667,1.765093639316497,2.0,2.0,80.0,83.33333333333334,83.33333333333334,12,40.0,8,26.666666666666668,4,13.333333333333334,1,3.3333333333333335,0,0.0,5,16.666666666666664,1.9666666666666666,1.6629959577688562,1.0,1.0,86.66666666666667,86.66666666666667,86.66666666666667,18,60.0,7,23.333333333333332,1,3.3333333333333335,0,0.0,0,0.0,4,13.333333333333334,2.1333333333333333,1.746106780494506,1.0,1.75,80.0,86.66666666666667,86.66666666666667,18,60.0,4,13.333333333333334,2,6.666666666666667,2,6.666666666666667,0,0.0,4,13.333333333333334,1.9,1.274100990241093,1.0,1.0,90.0,93.33333333333333,96.66666666666667,16,53.333333333333336,7,23.333333333333332,4,13.333333333333334,1,3.3333333333333335,1,3.3333333333333335,1,3.3333333333333335
38,True,2.533333333333333,1.687865186822955,2.0,1.5,80.0,83.33333333333334,83.33333333333334,8,26.666666666666668,14,46.666666666666664,2,6.666666666666667,1,3.3333333333333335,0,0.0,5,16.666666666666664,1.9,1.445683229480096,1.0,1.0,90.0,90.0,93.33333333333333,18,60.0,5,16.666666666666664,4,13.333333333333334,0,0.0,1,3.3333333333333335,2,6.666666666666667,2.066666666666667,1.5477582354991866,1.0,1.75,86.66666666666667,90.0,90.0,16,53.333333333333336,6,20.0,4,13.333333333333334,1,3.3333333333333335,0,0.0,3,10.0,2.2666666666666666,1.4817407180595248,2.0,2.0,83.33333333333334,90.0,93.33333333333333,13,43.333333333333336,6,20.0,6,20.0,2,6.666666666666667,1,3.3333333333333335,2,6.666666666666667
39,True,2.033333333333333,1.5162087220725544,1.5,1.0,86.66666666666667,90.0,90.0,15,50.0,9,30.0,2,6.666666666666667,1,3.3333333333333335,0,0.0,3,10.0,1.6666666666666667,1.3743685418725535,1.0,0.75,90.0,93.33333333333333,93.33333333333333,22,73.33333333333333,3,10.0,2,6.666666666666667,1,3.3333333333333335,0,0.0,2,6.666666666666667,1.8333333333333333,1.5723301886761005,1.0,1.0,86.66666666666667,90.0,90.0,21,70.0,3,10.0,2,6.666666666666667,1,3.3333333333333335,0,0.0,3,10.0,2.1333333333333333,1.687865186822955,1.0,1.0,83.33333333333334,86.66666666666667,86.66666666666667,16,53.333333333333336,7,23.333333333333332,2,6.666666666666667,1,3.3333333333333335,0,0.0,4,13.333333333333334
40,False,2.8333333333333335,2.017974782355375,2.0,3.75,66.66666666666666,73.33333333333333,76.66666666666667,12,40.0,6,20.0,2,6.666666666666667,2,6.666666666666667,1,3.3333333333333335,7,23.333333333333332,2.0,1.632993161855452,1.0,1.0,83.33333333333334,86.66666666666667,90.0,18,60.0,6,20.0,1,3.3333333333333335,1,3.3333333333333335,1,3.3333333333333335,3,10.0,2.5,1.9790570145063195,1.0,3.0,70.0,80.0,80.0,16,53.333333333333336,4,13.333333333333334,1,3.3333333333333335,3,10.0,0,0.0,6,20.0,3.2666666666666666,2.1898756940875788,2.0,5.0,53.333333333333336,63.33333333333333,66.66666666666666,11,36.666666666666664,5,16.666666666666664,0,0.0,3,10.0,1,3.3333333333333335,10,33.33333333333333
41,False,2.7333333333333334,1.8607047649270483,2.0,2.75,73.33333333333333,80.0,80.0,11,36.666666666666664,6,20.0,5,16.666666666666664,2,6.666666666666667,0,0.0,6,20.0,1.8666666666666667,1.4544949486180951,1.0,1.0,86.66666666666667,90.0,93.33333333333333,18,60.0,7,23.333333333333332,1,3.3333333333333335,1,3.3333333333333335,1,3.3333333333333335,2,6.666666666666667,2.033333333333333,1.6829207415152452,1.0,1.0,83.33333333333334,86.66666666666667,86.66666666666667,17,56.666666666666664,8,26.666666666666668,0,0.0,1,3.3333333333333335,0,0.0,4,13.333333333333334,2.7666666666666666,1.8381754238616315,2.0,3.0,66.66666666666666,80.0,83.33333333333334,11,36.666666666666664,6,20.0,3,10.0,4,13.333333333333334,1,3.3333333333333335,5,16.666666666666664
42,False,2.433333333333333,1.5423647068345696,2.0,2.0,80.0,86.66666666666667,90.0,9,30.0,12,40.0,3,10.0,2,6.666666666666667,1,3.3333333333333335,3,10.0,2.1666666666666665,1.7904065335994381,1.0,1.75,80.0,83.33333333333334,86.66666666666667,18,60.0,4,13.333333333333334,2,6.666666666666667,1,3.3333333333333335,1,3.3333333333333335,4,13.333333333333334,2.533333333333333,2.0612833111653743,1.0,3.75,70.0,73.33333333333333,80.0,17,56.666666666666664,3,10.0,1,3.3333333333333335,1,3.3333333333333335,2,6.666666666666667,6,20.0,2.966666666666667,2.0572365498945966,2.0,4.5,63.33333333333333,73.33333333333333,73.33333333333333,12,40.0,4,13.333333333333334,3,10.0,3,10.0,0,0.0,8,26.666666666666668
43,True,1.7,1.268857754044952,1.0,1.0,93.33333333333333,93.33333333333333,93.33333333333333,18,60.0,9,30.0,1,3.3333333333333335,0,0.0,0,0.0,2,6.666666666666667,1.4,0.7571877794400363,1.0,0.75,96.66666666666667,100.0,100.0,22,73.33333333333333,5,16.666666666666664,2,6.666666666666667,1,3.3333333333333335,0,0.0,0,0.0,1.8,1.6206994374857624,1.0,0.75,86.66666666666667,86.66666666666667,90.0,22,73.33333333333333,3,10.0,1,3.3333333333333335,0,0.0,1,3.3333333333333335,3,10.0,1.9666666666666666,1.4487542541400487,1.0,1.75,90.0,90.0,93.33333333333333,17,56.666666666666664,5,16.666666666666664,5,16.666666666666664,0,0.0,1,3.3333333333333335,2,6.666666666666667
44,True,1.5333333333333334,1.0241527663824812,1.0,1.0,96.66666666666667,96.66666666666667,96.66666666666667,20,66.66666666666666,7,23.333333333333332,2,6.666666666666667,0,0.0,0,0.0,1,3.3333333333333335,1.5333333333333334,1.2578641509408806,1.0,0.75,93.33333333333333,93.33333333333333,93.33333333333333,22,73.33333333333333,6,20.0,0,0.0,0,0.0,0,0.0,2,6.666666666666667,1.7333333333333334,1.4817407180595248,1.0,1.0,90.0,90.0,90.0,20,66.66666666666666,7,23.333333333333332,0,0.0,0,0.0,0,0.0,3,10.0,1.8,1.2220201853215573,1.0,1.0,93.33333333333333,93.33333333333333,96.66666666666667,17,56.666666666666664,7,23.333333333333332,4,13.333333333333334,0,0.0,1,3.3333333333333335,1,3.3333333333333335
45,True,2.3333333333333335,1.7950549357115013,2.0,1.75,80.0,83.33333333333334,83.33333333333334,14,46.666666666666664,8,26.666666666666668,2,6.666666666666667,1,3.3333333333333335,0,0.0,5,16.666666666666664,1.9666666666666666,1.5162087220725546,1.0,1.0,83.33333333333334,90.0,93.33333333333333,18,60.0,5,16.666666666666664,2,6.666666666666667,2,6.666666666666667,1,3.3333333333333335,2,6.666666666666667,2.066666666666667,1.6316317667360556,1.0,1.0,83.33333333333334,86.66666666666667,90.0,17,56.666666666666664,6,20.0,2,6.666666666666667,1,3.3333333333333335,1,3.3333333333333335,3,10.0,2.9,2.055075018906447,2.0,4.0,66.66666666666666,66.66666666666666,76.66666666666667,11,36.666666666666664,8,26.666666666666668,1,3.3333333333333335,0,0.0,3,10.0,7,23.333333333333332
46,True,2.4,1.3316656236958786,2.0,1.75,83.33333333333334,93.33333333333333,93.33333333333333,8,26.666666666666668,11,36.666666666666664,6,20.0,3,10.0,0,0.0,2,6.666666666666667,2.066666666666667,1.4590712418826193,1.5,1.75,86.66666666666667,90.0,93.33333333333333,15,50.0,7,23.333333333333332,4,13.333333333333334,1,3.3333333333333335,1,3.3333333333333335,2,6.666666666666667,2.033333333333333,1.3535960336164634,2.0,1.0,86.66666666666667,93.33333333333333,93.33333333333333,13,43.333333333333336,11,36.666666666666664,2,6.666666666666667,2,6.666666666666667,0,0.0,2,6.666666666666667,2.8666666666666667,1.80246744461277,2.5,3.0,66.66666666666666,80.0,83.33333333333334,10,33.33333333333333,5,16.666666666666664,5,16.666666666666664,4,13.333333333333334,1,3.3333333333333335,5,16.666666666666664
47,True,2.566666666666667,1.6265163865007801,2.0,3.0,70.0,86.66666666666667,90.0,10,33.33333333333333,9,30.0,2,6.666666666666667,5,16.666666666666664,1,3.3333333333333335,3,10.0,1.9333333333333333,1.3888444437333105,1.0,1.0,86.66666666666667,93.33333333333333,93.33333333333333,16,53.333333333333336,8,26.666666666666668,2,6.666666666666667,2,6.666666666666667,0,0.0,2,6.666666666666667,2.3333333333333335,1.8499249234015476,1.0,2.0,76.66666666666667,83.33333333333334,83.33333333333334,16,53.333333333333336,5,16.666666666666664,2,6.666666666666667,2,6.666666666666667,0,0.0,5,16.666666666666664,2.566666666666667,1.6868774571839995,2.0,2.0,76.66666666666667,83.33333333333334,86.66666666666667,10,33.33333333333333,9,30.0,4,13.333333333333334,2,6.666666666666667,1,3.3333333333333335,4,13.333333333333334
48,False,2.6,1.518771433319269,2.0,1.0,80.0,83.33333333333334,90.0,6,20.0,14,46.666666666666664,4,13.333333333333334,1,3.3333333333333335,2,6.666666666666667,3,10.0,2.2666666666666666,1.7113996870657915,1.5,1.75,76.66666666666667,83.33333333333334,90.0,15,50.0,7,23.333333333333332,1,3.3333333333333335,2,6.666666666666667,2,6.666666666666667,3,10.0,2.5,1.8027756377319946,2.0,2.0,80.0,80.0,83.33333333333334,12,40.0,8,26.666666666666668,4,13.333333333333334,0,0.0,1,3.3333333333333335,5,16.666666666666664,2.566666666666667,1.4067298564006128,2.0,1.0,76.66666666666667,90.0,93.33333333333333,7,23.333333333333332,11,36.666666666666664,5,16.666666666666664,4,13.333333333333334,1,3.3333333333333335,2,6.666666666666667
49,True,1.9666666666666666,1.4715826703096078,1.0,2.0,90.0,90.0,93.33333333333333,18,60.0,3,10.0,6,20.0,0,0.0,1,3.3333333333333335,2,6.666666666666667,1.8,1.5362291495737217,1.0,1.0,90.0,90.0,90.0,21,70.0,3,10.0,3,10.0,0,0.0,0,0.0,3,10.0,1.9333333333333333,1.6918103387266026,1.0,1.0,86.66666666666667,86.66666666666667,86.66666666666667,20,66.66666666666666,4,13.333333333333334,2,6.666666666666667,0,0.0,0,0.0,4,13.333333333333334,2.2333333333333334,1.6868774571839993,1.5,2.0,83.33333333333334,86.66666666666667,86.66666666666667,15,50.0,6,20.0,4,13.333333333333334,1,3.3333333333333335,0,0.0,4,13.333333333333334
50,True,1.9666666666666666,1.4019827229875392,1.5,1.0,90.0,90.0,93.33333333333333,15,50.0,9,30.0,3,10.0,0,0.0,1,3.3333333333333335,2,6.666666666666667,1.7333333333333334,1.339983416149452,1.0,1.0,90.0,93.33333333333333,93.33333333333333,19,63.33333333333333,7,23.333333333333332,1,3.3333333333333335,1,3.3333333333333335,0,0.0,2,6.666666666666667,1.7,1.1,1.0,1.0,93.33333333333333,96.66666666666667,96.66666666666667,17,56.666666666666664,9,30.0,2,6.666666666666667,1,3.3333333333333335,0,0.0,1,3.3333333333333335,2.6666666666666665,1.9206480387850577,2.0,2.75,73.33333333333333,76.66666666666667,80.0,12,40.0,7,23.333333333333332,3,10.0,1,3.3333333333333335,1,3.3333333333333335,6,20.0
51,True,2.033333333333333,1.0482790129010926,2.0,1.75,90.0,96.66666666666667,100.0,11,36.666666666666664,11,36.666666666666664,5,16.666666666666664,2,6.666666666666667,1,3.3333333333333335,0,0.0,2.2666666666666666,1.8245242911205346,1.0,1.75,80.0,83.33333333333334,83.33333333333334,16,53.333333333333336,6,20.0,2,6.666666666666667,1,3.3333333333333335,0,0.0,5,16.666666666666664,2.3333333333333335,1.679947089113887,2.0,2.0,83.33333333333334,86.66666666666667,86.66666666666667,14,46.666666666666664,5,16.666666666666664,6,20.0,1,3.3333333333333335,0,0.0,4,13.333333333333334,2.5,1.8211717839530315,2.0,2.75,73.33333333333333,83.33333333333334,83.33333333333334,13,43.333333333333336,7,23.333333333333332,2,6.666666666666667,3,10.0,0,0.0,5,16.666666666666664
52,False,2.066666666666667,1.3888444437333107,2.0,1.75,86.66666666666667,93.33333333333333,93.33333333333333,14,46.666666666666664,8,26.666666666666668,4,13.333333333333334,2,6.666666666666667,0,0.0,2,6.666666666666667,1.9333333333333333,1.6719914938645934,1.0,1.0,83.33333333333334,86.66666666666667,90.0,21,70.0,2,6.666666666666667,2,6.666666666666667,1,3.3333333333333335,1,3.3333333333333335,3,10.0,2.1666666666666665,1.8633899812498247,1.0,1.75,80.0,83.33333333333334,83.33333333333334,19,63.33333333333333,3,10.0,2,6.666666666666667,1,3.3333333333333335,0,0.0,5,16.666666666666664,2.3333333333333335,1.7763883459298968,1.0,2.0,80.0,83.33333333333334,86.66666666666667,16,53.333333333333336,3,10.0,5,16.666666666666664,1,3.3333333333333335,1,3.3333333333333335,4,13.333333333333334
53,False,2.4,1.7625738755203046,2.0,2.0,83.33333333333334,83.33333333333334,83.33333333333334,13,43.333333333333336,7,23.333333333333332,5,16.666666666666664,0,0.0,0,0.0,5,16.666666666666664,1.9666666666666666,1.53803626600791,1.0,1.0,86.66666666666667,86.66666666666667,93.33333333333333,18,60.0,5,16.666666666666664,3,10.0,0,0.0,2,6.666666666666667,2,6.666666666666667,2.2,1.7009801096230763,1.5,1.0,80.0,86.66666666666667,86.66666666666667,15,50.0,8,26.666666666666668,1,3.3333333333333335,2,6.666666666666667,0,0.0,4,13.333333333333334,2.5,1.8393839548428526,2.0,2.0,76.66666666666667,80.0,83.33333333333334,13,43.333333333333336,7,23.333333333333332,3,10.0,1,3.3333333333333335,1,3.3333333333333335,5,16.666666666666664
54,True,2.4,1.5405626677721789,2.0,1.75,80.0,86.66666666666667,90.0,9,30.0,13,43.333333333333336,2,6.666666666666667,2,6.666666666666667,1,3.3333333333333335,3,10.0,1.8666666666666667,1.4313940369055924,1.0,1.0,86.66666666666667,93.33333333333333,93.33333333333333,19,63.33333333333333,4,13.333333333333334,3,10.0,2,6.666666666666667,0,0.0,2,6.666666666666667,2.1,1.6802777548171413,1.0,1.0,83.33333333333334,83.33333333333334,90.0,17,56.666666666666664,6,20.0,2,6.666666666666667,0,0.0,2,6.666666666666667,3,10.0,2.033333333333333,1.27758452644912,1.5,2.0,86.66666666666667,96.66666666666667,96.66666666666667,15,50.0,5,16.666666666666664,6,20.0,3,10.0,0,0.0,1,3.3333333333333335
55,True,2.2333333333333334,1.7065234314893605,1.5,1.75,80.0,86.66666666666667,86.66666666666667,15,50.0,7,23.333333333333332,2,6.666666666666667,2,6.666666666666667,0,0.0,4,13.333333333333334,1.9666666666666666,1.7413277182145301,1.0,1.0,83.33333333333334,86.66666666666667,86.66666666666667,21,70.0,2,6.666666666666667,2,6.666666666666667,1,3.3333333333333335,0,0.0,4,13.333333333333334,2.1666666666666665,1.8089284734953515,1.0,2.0,80.0,83.33333333333334,86.66666666666667,19,63.33333333333333,2,6.666666666666667,3,10.0,1,3.3333333333333335,1,3.3333333333333335,4,13.333333333333334,2.6666666666666665,1.9720265943665385,2.0,3.5,73.33333333333333,73.33333333333333,80.0,13,43.333333333333336,6,20.0,3,10.0,0,0.0,2,6.666666666666667,6,20.0
56,False,2.466666666666667,1.8571184369578826,2.0,2.0,76.66666666666667,80.0,83.33333333333334,14,46.666666666666664,6,20.0,3,10.0,1,3.3333333333333335,1,3.3333333333333335,5,16.666666666666664,2.066666666666667,1.730767331432956,1.0,1.75,83.33333333333334,86.66666666666667,86.66666666666667,19,63.33333333333333,3,10.0,3,10.0,1,3.3333333333333335,0,0.0,4,13.333333333333334,2.2333333333333334,1.7641491496532322,1.0,2.0,76.66666666666667,86.66666666666667,86.66666666666667,17,56.666666666666664,4,13.333333333333334,2,6.666666666666667,3,10.0,0,0.0,4,13.333333333333334,2.466666666666667,1.8571184369578826,1.5,3.0,70.0,80.0,86.66666666666667,15,50.0,5,16.666666666666664,1,3.3333333333333335,3,10.0,2,6.666666666666667,4,13.333333333333334
57,True,2.3333333333333335,1.6996731711975948,2.0,1.75,76.66666666666667,86.66666666666667,86.66666666666667,13,43.333333333333336,9,30.0,1,3.3333333333333335,3,10.0,0,0.0,4,13.333333333333334,1.8,1.32664991614216,1.0,1.0,86.66666666666667,93.33333333333333,96.66666666666667,19,63.33333333333333,5,16.666666666666664,2,6.666666666666667,2,6.666666666666667,1,3.3333333333333335,1,3.3333333333333335,1.9333333333333333,1.4590712418826193,1.0,1.0,83.33333333333334,93.33333333333333,93.33333333333333,18,60.0,5,16.666666666666664,2,6.666666666666667,3,10.0,0,0.0,2,6.666666666666667,2.2333333333333334,1.6468825769380833,1.0,2.0,83.33333333333334,86.66666666666667,90.0,16,53.333333333333336,3,10.0,6,20.0,1,3.3333333333333335,1,3.3333333333333335,3,10.0
58,True,2.033333333333333,1.3034143197344767,2.0,1.0,90.0,93.33333333333333,93.33333333333333,12,40.0,12,40.0,3,10.0,1,3.3333333333333335,0,0.0,2,6.666666666666667,1.9,1.468559384794046,1.0,1.0,90.0,90.0,90.0,16,53.333333333333336,10,33.33333333333333,1,3.3333333333333335,0,0.0,0,0.0,3,10.0,1.8666666666666667,1.2578641509408803,2.0,1.0,93.33333333333333,93.33333333333333,93.33333333333333,14,46.666666666666664,12,40.0,2,6.666666666666667,0,0.0,0,0.0,2,6.666666666666667,2.5,1.746424919657298,2.0,2.0,80.0,83.33333333333334,83.33333333333334,11,36.666666666666664,9,30.0,4,13.333333333333334,1,3.3333333333333335,0,0.0,5,16.666666666666664
59,True,2.3666666666666667,1.5807874268505835,2.0,2.0,80.0,86.66666666666667,90.0,11,36.666666666666664,10,33.33333333333333,3,10.0,2,6.666666666666667,1,3.3333333333333335,3,10.0,2.1333333333333333,1.8208667044996885,1.0,1.0,83.33333333333334,83.33333333333334,83.33333333333334,18,60.0,5,16.666666666666664,2,6.666666666666667,0,0.0,0,0.0,5,16.666666666666664,2.1333333333333333,1.687865186822955,1.0,1.0,83.33333333333334,86.66666666666667,86.66666666666667,16,53.333333333333336,7,23.333333333333332,2,6.666666666666667,1,3.3333333333333335,0,0.0,4,13.333333333333334,2.6333333333333333,1.682920741515245,2.0,3.0,66.66666666666666,86.66666666666667,90.0,12,40.0,4,13.333333333333334,4,13.333333333333334,6,20.0,1,3.3333333333333335,3,10.0
60,True,2.066666666666667,1.590248058916875,1.5,1.0,83.33333333333334,86.66666666666667,90.0,15,50.0,10,33.33333333333333,0,0.0,1,3.3333333333333335,1,3.3333333333333335,3,10.0,1.9,1.6401219466856725,1.0,1.0,83.33333333333334,86.66666666666667,90.0,20,66.66666666666666,5,16.666666666666664,0,0.0,1,3.3333333333333335,1,3.3333333333333335,3,10.0,2.2,1.8511257835886428,1.0,1.75,80.0,83.33333333333334,83.33333333333334,18,60.0,4,13.333333333333334,2,6.666666666666667,1,3.3333333333333335,0,0.0,5,16.666666666666664,2.6333333333333333,2.0245712852080286,1.5,4.0,66.66666666666666,70.0,83.33333333333334,15,50.0,5,16.666666666666664,0,0.0,1,3.3333333333333335,4,13.333333333333334,5,16.666666666666664
61,False,2.6666666666666665,1.776388345929897,2.0,0.75,76.66666666666667,80.0,80.0,7,23.333333333333332,15,50.0,1,3.3333333333333335,1,3.3333333333333335,0,0.0,6,20.0,2.1,1.7194960502038574,1.0,1.0,80.0,86.66666666666667,86.66666666666667,17,56.666666666666664,7,23.333333333333332,0,0.0,2,6.666666666666667,0,0.0,4,13.333333333333334,2.6666666666666665,2.0709632756012093,1.5,3.75,70.0,73.33333333333333,76.66666666666667,15,50.0,4,13.333333333333334,2,6.666666666666667,1,3.3333333333333335,1,3.3333333333333335,7,23.333333333333332,2.8,1.98997487421324,2.0,3.0,66.66666666666666,76.66666666666667,76.66666666666667,12,40.0,6,20.0,2,6.666666666666667,3,10.0,0,0.0,7,23.333333333333332
62,True,2.433333333333333,1.5849991237291654,2.0,2.0,83.33333333333334,86.66666666666667,86.66666666666667,9,30.0,12,40.0,4,13.333333333333334,1,3.3333333333333335,0,0.0,4,13.333333333333334,1.8333333333333333,1.4161763857498668,1.0,1.0,90.0,90.0,93.33333333333333,18,60.0,7,23.333333333333332,2,6.666666666666667,0,0.0,1,3.3333333333333335,2,6.666666666666667,1.9333333333333333,1.4817407180595248,1.0,1.0,90.0,90.0,90.0,16,53.333333333333336,9,30.0,2,6.666666666666667,0,0.0,0,0.0,3,10.0,2.3,1.6563010998406458,2.0,1.75,80.0,83.33333333333334,90.0,13,43.333333333333336,9,30.0,2,6.666666666666667,1,3.3333333333333335,2,6.666666666666667,3,10.0
63,True,2.5,1.7841898254763513,2.0,2.0,76.66666666666667,83.33333333333334,83.33333333333334,12,40.0,8,26.666666666666668,3,10.0,2,6.666666666666667,0,0.0,5,16.666666666666664,1.9333333333333333,1.4817407180595246,1.0,1.0,86.66666666666667,90.0,93.33333333333333,18,60.0,5,16.666666666666664,3,10.0,1,3.3333333333333335,1,3.3333333333333335,2,6.666666666666667,2.1666666666666665,1.694763175851488,1.0,1.75,83.33333333333334,86.66666666666667,86.66666666666667,16,53.333333333333336,6,20.0,3,10.0,1,3.3333333333333335,0,0.0,4,13.333333333333334,2.0,1.4375905768565218,1.5,1.0,86.66666666666667,90.0,93.33333333333333,15,50.0,9,30.0,2,6.666666666666667,1,3.3333333333333335,1,3.3333333333333335,2,6.666666666666667
64,True,2.2333333333333334,1.4533486237727762,2.0,1.0,86.66666666666667,90.0,90.0,10,33.33333333333333,13,43.333333333333336,3,10.0,1,3.3333333333333335,0,0.0,3,10.0,1.9666666666666666,1.4487542541400487,1.0,1.0,86.66666666666667,90.0,93.33333333333333,16,53.333333333333336,8,26.666666666666668,2,6.666666666666667,1,3.3333333333333335,1,3.3333333333333335,2,6.666666666666667,2.2,1.7587874611030558,1.0,1.0,80.0,83.33333333333334,86.66666666666667,16,53.333333333333336,7,23.333333333333332,1,3.3333333333333335,1,3.3333333333333335,1,3.3333333333333335,4,13.333333333333334,2.1666666666666665,1.4851112939963642,2.0,1.0,86.66666666666667,90.0,90.0,12,40.0,11,36.666666666666664,3,10.0,1,3.3333333333333335,0,0.0,3,10.0
65,False,2.7,1.8284784202536635,2.0,2.75,73.33333333333333,80.0,80.0,9,30.0,11,36.666666666666664,2,6.666666666666667,2,6.666666666666667,0,0.0,6,20.0,2.066666666666667,1.6316317667360556,1.0,1.0,83.33333333333334,86.66666666666667,90.0,17,56.666666666666664,6,20.0,2,6.666666666666667,1,3.3333333333333335,1,3.3333333333333335,3,10.0,2.5,1.91049731745428,2.0,2.75,73.33333333333333,76.66666666666667,83.33333333333334,14,46.666666666666664,7,23.333333333333332,1,3.3333333333333335,1,3.3333333333333335,2,6.666666666666667,5,16.666666666666664,3.2666666666666666,1.9821424996424675,3.0,4.5,60.0,66.66666666666666,73.33333333333333,8,26.666666666666668,6,20.0,4,13.333333333333334,2,6.666666666666667,2,6.666666666666667,8,26.666666666666668
66,False,2.933333333333333,1.9136933459209766,2.0,3.0,66.66666666666666,76.66666666666667,76.66666666666667,9,30.0,8,26.666666666666668,3,10.0,3,10.0,0,0.0,7,23.333333333333332,2.1,1.619670748434179,1.0,1.75,80.0,90.0,90.0,17,56.666666666666664,5,16.666666666666664,2,6.666666666666667,3,10.0,0,0.0,3,10.0,2.533333333333333,1.9618585292749546,1.5,3.0,70.0,80.0,80.0,15,50.0,5,16.666666666666664,1,3.3333333333333335,3,10.0,0,0.0,6,20.0,3.2,2.1354156504062622,2.0,5.0,60.0,66.66666666666666,66.66666666666666,10,33.33333333333333,6,20.0,2,6.666666666666667,2,6.666666666666667,0,0.0,10,33.33333333333333
67,False,2.2666666666666666,1.787611690372256,1.0,2.0,80.0,83.33333333333334,86.66666666666667,17,56.666666666666664,3,10.0,4,13.333333333333334,1,3.3333333333333335,1,3.3333333333333335,4,13.333333333333334,1.8666666666666667,1.5648926125740668,1.0,1.0,86.66666666666667,90.0,90.0,20,66.66666666666666,4,13.333333333333334,2,6.666666666666667,1,3.3333333333333335,0,0.0,3,10.0,2.1,1.7,1.0,1.0,83.33333333333334,86.66666666666667,86.66666666666667,17,56.666666666666664,6,20.0,2,6.666666666666667,1,3.3333333333333335,0,0.0,4,13.333333333333334,2.6,1.854723699099141,2.0,2.75,73.33333333333333,76.66666666666667,86.66666666666667,14,46.666666666666664,3,10.0,5,16.666666666666664,1,3.3333333333333335,3,10.0,4,13.333333333333334
68,False,2.4,1.7048949136725893,2.0,2.0,80.0,83.33333333333334,86.66666666666667,12,40.0,9,30.0,3,10.0,1,3.3333333333333335,1,3.3333333333333335,4,13.333333333333334,2.033333333333333,1.53803626600791,1.0,1.0,86.66666666666667,90.0,90.0,16,53.333333333333336,7,23.333333333333332,3,10.0,1,3.3333333333333335,0,0.0,3,10.0,2.7333333333333334,2.0805982045769644,2.0,4.5,70.0,73.33333333333333,73.33333333333333,13,43.333333333333336,7,23.333333333333332,1,3.3333333333333335,1,3.3333333333333335,0,0.0,8,26.666666666666668,2.7333333333333334,1.9310331143946988,2.0,2.0,76.66666666666667,76.66666666666667,76.66666666666667,11,36.666666666666664,7,23.333333333333332,5,16.666666666666664,0,0.0,0,0.0,7,23.333333333333332
69,False,2.3666666666666667,1.6629959577688562,2.0,2.0,83.33333333333334,86.66666666666667,86.66666666666667,13,43.333333333333336,6,20.0,6,20.0,1,3.3333333333333335,0,0.0,4,13.333333333333334,2.033333333333333,1.6629959577688562,1.0,1.0,86.66666666666667,86.66666666666667,86.66666666666667,17,56.666666666666664,7,23.333333333333332,2,6.666666666666667,0,0.0,0,0.0,4,13.333333333333334,2.2,1.6411378166788229,2.0,1.0,83.33333333333334,86.66666666666667,86.66666666666667,13,43.333333333333336,11,36.666666666666664,1,3.3333333333333335,1,3.3333333333333335,0,0.0,4,13.333333333333334,2.7666666666666666,1.961008810677697,2.0,3.0,70.0,76.66666666666667,76.66666666666667,11,36.666666666666664,8,26.666666666666668,2,6.666666666666667,2,6.666666666666667,0,0.0,7,23.333333333333332
70,True,2.533333333333333,1.8208667044996882,2.0,3.0,70.0,80.0,86.66666666666667,13,43.333333333333336,7,23.333333333333332,1,3.3333333333333335,3,10.0,2,6.666666666666667,4,13.333333333333334,1.9666666666666666,1.7792008193443356,1.0,1.0,83.33333333333334,83.33333333333334,86.66666666666667,21,70.0,3,10.0,1,3.3333333333333335,0,0.0,1,3.3333333333333335,4,13.333333333333334,1.9333333333333333,1.569146972791976,1.0,1.0,83.33333333333334,86.66666666666667,93.33333333333333,19,63.33333333333333,5,16.666666666666664,1,3.3333333333333335,1,3.3333333333333335,2,6.666666666666667,2,6.666666666666667,2.2333333333333334,1.7451520150277897,1.0,2.0,76.66666666666667,83.33333333333334,90.0,17,56.666666666666664,4,13.333333333333334,2,6.666666666666667,2,6.666666666666667,2,6.666666666666667,3,10.0
71,True,2.466666666666667,1.8024674446127702,2.0,2.0,76.66666666666667,83.33333333333334,83.33333333333334,13,43.333333333333336,7,23.333333333333332,3,10.0,2,6.666666666666667,0,0.0,5,16.666666666666664,2.066666666666667,1.8245242911205346,1.0,1.0,83.33333333333334,83.33333333333334,83.33333333333334,19,63.33333333333333,5,16.666666666666664,1,3.3333333333333335,0,0.0,0,0.0,5,16.666666666666664,2.1666666666666665,1.674979270186815,1.0,2.0,86.66666666666667,86.66666666666667,86.66666666666667,16,53.333333333333336,5,16.666666666666664,5,16.666666666666664,0,0.0,0,0.0,4,13.333333333333334,2.0,1.5275252316519468,1.0,1.75,90.0,90.0,90.0,17,56.666666666666664,5,16.666666666666664,5,16.666666666666664,0,0.0,0,0.0,3,10.0
72,False,2.3,1.7729448195962931,2.0,1.75,83.33333333333334,83.33333333333334,83.33333333333334,14,46.666666666666664,8,26.666666666666668,3,10.0,0,0.0,0,0.0,5,16.666666666666664,2.0,1.7888543819998317,1.0,1.0,83.33333333333334,83.33333333333334,86.66666666666667,21,70.0,2,6.666666666666667,2,6.666666666666667,0,0.0,1,3.3333333333333335,4,13.333333333333334,2.3666666666666667,1.9913702708325127,1.0,1.75,76.66666666666667,76.66666666666667,80.0,17,56.666666666666664,5,16.666666666666664,1,3.3333333333333335,0,0.0,1,3.3333333333333335,6,20.0,2.433333333333333,1.9439364415764442,1.0,2.0,76.66666666666667,80.0,80.0,16,53.333333333333336,4,13.333333333333334,3,10.0,1,3.3333333333333335,0,0.0,6,20.0
73,True,1.9333333333333333,1.4817407180595246,1.0,1.0,90.0,90.0,90.0,16,53.333333333333336,9,30.0,2,6.666666666666667,0,0.0,0,0.0,3,10.0,1.9333333333333333,1.8427033281447003,1.0,0.75,83.33333333333334,83.33333333333334,83.33333333333334,22,73.33333333333333,3,10.0,0,0.0,0,0.0,0,0.0,5,16.666666666666664,2.033333333333333,1.7413277182145301,1.0,1.0,80.0,86.66666666666667,86.66666666666667,19,63.33333333333333,5,16.666666666666664,0,0.0,2,6.666666666666667,0,0.0,4,13.333333333333334,2.466666666666667,2.0121851030382096,1.0,2.75,73.33333333333333,76.66666666666667,80.0,17,56.666666666666664,3,10.0,2,6.666666666666667,1,3.3333333333333335,1,3.3333333333333335,6,20.0
74,False,2.0,1.2649110640673518,2.0,1.0,93.33333333333333,93.33333333333333,93.33333333333333,12,40.0,12,40.0,4,13.333333333333334,0,0.0,0,0.0,2,6.666666666666667,2.0,1.6532795690182993,1.0,1.0,83.33333333333334,86.66666666666667,90.0,19,63.33333333333333,4,13.333333333333334,2,6.666666666666667,1,3.3333333333333335,1,3.3333333333333335,3,10.0,2.066666666666667,1.6110727964792764,1.0,1.75,86.66666666666667,86.66666666666667,90.0,17,56.666666666666664,5,16.666666666666664,4,13.333333333333334,0,0.0,1,3.3333333333333335,3,10.0,3.066666666666667,2.1437246921084703,2.0,5.0,63.33333333333333,66.66666666666666,70.0,12,40.0,4,13.333333333333334,3,10.0,1,3.3333333333333335,1,3.3333333333333335,9,30.0
75,True,2.1666666666666665,1.4161763857498668,2.0,1.75,86.66666666666667,90.0,93.33333333333333,12,40.0,10,33.33333333333333,4,13.333333333333334,1,3.3333333333333335,1,3.3333333333333335,2,6.666666666666667,1.8,1.5577761927397231,1.0,1.0,86.66666666666667,90.0,90.0,21,70.0,4,13.333333333333334,1,3.3333333333333335,1,3.3333333333333335,0,0.0,3,10.0,1.8666666666666667,1.4772346537440224,1.0,1.0,86.66666666666667,90.0,93.33333333333333,19,63.33333333333333,5,16.666666666666664,2,6.666666666666667,1,3.3333333333333335,1,3.3333333333333335,2,6.666666666666667,2.066666666666667,1.6110727964792764,2.0,1.0,86.66666666666667,86.66666666666667,86.66666666666667,14,46.666666666666664,12,40.0,0,0.0,0,0.0,0,0.0,4,13.333333333333334
76,True,2.3,1.7540429489230491,1.0,2.0,76.66666666666667,86.66666666666667,86.66666666666667,16,53.333333333333336,4,13.333333333333334,3,10.0,3,10.0,0,0.0,4,13.333333333333334,1.8333333333333333,1.4395215254459457,1.0,1.0,86.66666666666667,93.33333333333333,93.33333333333333,20,66.66666666666666,3,10.0,3,10.0,2,6.666666666666667,0,0.0,2,6.666666666666667,2.466666666666667,1.9275776393067947,1.5,2.0,76.66666666666667,80.0,80.0,15,50.0,5,16.666666666666664,3,10.0,1,3.3333333333333335,0,0.0,6,20.0,2.566666666666667,1.8917951498216947,2.0,2.0,76.66666666666667,80.0,80.0,13,43.333333333333336,6,20.0,4,13.333333333333334,1,3.3333333333333335,0,0.0,6,20.0
77,True,2.3333333333333335,1.7763883459298968,2.0,1.0,80.0,83.33333333333334,83.33333333333334,13,43.333333333333336,10,33.33333333333333,1,3.3333333333333335,1,3.3333333333333335,0,0.0,5,16.666666666666664,1.8666666666666667,1.6679994670929073,1.0,1.0,86.66666666666667,86.66666666666667,86.66666666666667,20,66.66666666666666,6,20.0,0,0.0,0,0.0,0,0.0,4,13.333333333333334,1.8666666666666667,1.54344492037203,1.0,1.0,86.66666666666667,90.0,90.0,19,63.33333333333333,6,20.0,1,3.3333333333333335,1,3.3333333333333335,0,0.0,3,10.0,1.8666666666666667,1.14697670227235,1.5,1.0,93.33333333333333,96.66666666666667,96.66666666666667,15,50.0,8,26.666666666666668,5,16.666666666666664,1,3.3333333333333335,0,0.0,1,3.3333333333333335
78,False,2.3333333333333335,1.4907119849998598,2.0,2.0,86.66666666666667,90.0,90.0,11,36.666666666666664,8,26.666666666666668,7,23.333333333333332,1,3.3333333333333335,0,0.0,3,10.0,2.0,1.505545305418162,1.0,1.0,90.0,90.0,90.0,16,53.333333333333336,7,23.333333333333332,4,13.333333333333334,0,0.0,0,0.0,3,10.0,2.2,1.6206994374857624,1.5,2.0,83.33333333333334,86.66666666666667,90.0,15,50.0,6,20.0,4,13.333333333333334,1,3.3333333333333335,1,3.3333333333333335,3,10.0,2.7,1.8101565309847285,2.0,2.75,73.33333333333333,80.0,83.33333333333334,11,36.666666666666664,6,20.0,5,16.666666666666664,2,6.666666666666667,1,3.3333333333333335,5,16.666666666666664
79,True,2.433333333333333,1.6058919293927874,2.0,1.75,80.0,86.66666666666667,86.66666666666667,9,30.0,13,43.333333333333336,2,6.666666666666667,2,6.666666666666667,0,0.0,4,13.333333333333334,2.1,1.57797338380595,1.0,1.75,83.33333333333334,90.0,90.0,16,53.333333333333336,6,20.0,3,10.0,2,6.666666666666667,0,0.0,3,10.0,2.3666666666666667,1.6428295373802142,2.0,1.75,80.0,86.66666666666667,86.66666666666667,11,36.666666666666664,11,36.666666666666664,2,6.666666666666667,2,6.666666666666667,0,0.0,4,13.333333333333334,2.466666666666667,1.5216949614017772,2.0,2.0,76.66666666666667,86.66666666666667,93.33333333333333,10,33.33333333333333,9,30.0,4,13.333333333333334,3,10.0,2,6.666666666666667,2,6.666666666666667
80,True,2.1,1.491084616423003,2.0,1.75,90.0,90.0,90.0,14,46.666666666666664,8,26.666666666666668,5,16.666666666666664,0,0.0,0,0.0,3,10.0,1.8,1.5143755588800731,1.0,1.0,90.0,90.0,90.0,20,66.66666666666666,5,16.666666666666664,2,6.666666666666667,0,0.0,0,0.0,3,10.0,2.033333333333333,1.601735170231195,1.0,1.0,86.66666666666667,86.66666666666667,90.0,17,56.666666666666664,6,20.0,3,10.0,0,0.0,1,3.3333333333333335,3,10.0,2.6,1.7243356208503418,2.0,2.0,80.0,83.33333333333334,83.33333333333334,10,33.33333333333333,8,26.666666666666668,6,20.0,1,3.3333333333333335,0,0.0,5,16.666666666666664
81,False,2.2666666666666666,1.6316317667360556,2.0,2.0,86.66666666666667,86.66666666666667,86.66666666666667,13,43.333333333333336,8,26.666666666666668,5,16.666666666666664,0,0.0,0,0.0,4,13.333333333333334,2.1666666666666665,1.827262676488766,1.0,1.75,83.33333333333334,83.33333333333334,83.33333333333334,18,60.0,4,13.333333333333334,3,10.0,0,0.0,0,0.0,5,16.666666666666664,2.3,1.7540429489230491,1.5,2.0,80.0,83.33333333333334,86.66666666666667,15,50.0,6,20.0,3,10.0,1,3.3333333333333335,1,3.3333333333333335,4,13.333333333333334,2.9,2.1656407827707715,2.0,5.0,66.66666666666666,70.0,70.0,14,46.666666666666664,3,10.0,3,10.0,1,3.3333333333333335,0,0.0,9,30.0
82,True,2.1333333333333333,1.5434449203720302,1.0,2.0,80.0,90.0,93.33333333333333,16,53.333333333333336,5,16.666666666666664,3,10.0,3,10.0,1,3.3333333333333335,2,6.666666666666667,1.9666666666666666,1.6428295373802142,1.0,1.0,80.0,90.0,90.0,20,66.66666666666666,3,10.0,1,3.3333333333333335,3,10.0,0,0.0,3,10.0,2.033333333333333,1.6224124698183944,1.0,2.0,83.33333333333334,90.0,90.0,19,63.33333333333333,2,6.666666666666667,4,13.333333333333334,2,6.666666666666667,0,0.0,3,10.0,1.9666666666666666,1.53803626600791,1.0,1.75,83.33333333333334,90.0,93.33333333333333,19,63.33333333333333,3,10.0,3,10.0,2,6.666666666666667,1,3.3333333333333335,2,6.666666666666667
83,True,1.9333333333333333,1.6110727964792764,1.0,1.0,83.33333333333334,90.0,90.0,20,66.66666666666666,3,10.0,2,6.666666666666667,2,6.666666666666667,0,0.0,3,10.0,1.8,1.7009801096230766,1.0,0.0,86.66666666666667,86.66666666666667,86.66666666666667,23,76.66666666666667,2,6.666666666666667,1,3.3333333333333335,0,0.0,0,0.0,4,13.333333333333334,1.7666666666666666,1.5638272140986538,1.0,0.75,86.66666666666667,90.0,90.0,22,73.33333333333333,3,10.0,1,3.3333333333333335,1,3.3333333333333335,0,0.0,3,10.0,2.1666666666666665,1.7336538165261124,1.0,1.0,83.33333333333334,83.33333333333334,86.66666666666667,16,53.333333333333336,7,23.333333333333332,2,6.666666666666667,0,0.0,1,3.3333333333333335,4,13.333333333333334
84,True,2.1333333333333333,1.746106780494506,1.0,1.0,83.33333333333334,83.33333333333334,86.66666666666667,17,56.666666666666664,6,20.0,2,6.666666666666667,0,0.0,1,3.3333333333333335,4,13.333333333333334,2.033333333333333,1.7413277182145301,1.0,1.75,83.33333333333334,86.66666666666667,86.66666666666667,20,66.66666666666666,2,6.666666666666667,3,10.0,1,3.3333333333333335,0,0.0,4,13.333333333333334,2.3,1.8284784202536637,1.0,2.0,80.0,83.33333333333334,83.33333333333334,16,53.333333333333336,5,16.666666666666664,3,10.0,1,3.3333333333333335,0,0.0,5,16.666666666666664,2.2333333333333334,1.6265163865007801,1.0,2.0,80.0,90.0,90.0,16,53.333333333333336,3,10.0,5,16.666666666666664,3,10.0,0,0.0,3,10.0
85,True,2.1333333333333333,1.4079141387961918,2.0,1.0,86.66666666666667,90.0,93.33333333333333,12,40.0,11,36.666666666666664,3,10.0,1,3.3333333333333335,1,3.3333333333333335,2,6.666666666666667,1.7666666666666666,1.4761059883656353,1.0,1.0,90.0,90.0,90.0,19,63.33333333333333,8,26.666666666666668,0,0.0,0,0.0,0,0.0,3,10.0,1.9666666666666666,1.601735170231195,1.0,1.0,86.66666666666667,86.66666666666667,90.0,18,60.0,6,20.0,2,6.666666666666667,0,0.0,1,3.3333333333333335,3,10.0,2.433333333333333,1.7829438827088442,2.0,2.0,80.0,83.33333333333334,83.33333333333334,13,43.333333333333336,7,23.333333333333332,4,13.333333333333334,1,3.3333333333333335,0,0.0,5,16.666666666666664
86,True,2.1333333333333333,1.499629583893599,2.0,1.75,86.66666666666667,86.66666666666667,93.33333333333333,14,46.666666666666664,8,26.666666666666668,4,13.333333333333334,0,0.0,2,6.666666666666667,2,6.666666666666667,1.9,1.445683229480096,1.0,1.0,90.0,90.0,93.33333333333333,18,60.0,5,16.666666666666664,4,13.333333333333334,0,0.0,1,3.3333333333333335,2,6.666666666666667,2.0,1.4375905768565218,1.0,1.75,90.0,90.0,93.33333333333333,16,53.333333333333336,6,20.0,5,16.666666666666664,0,0.0,1,3.3333333333333335,2,6.666666666666667,2.6666666666666665,1.9550504398153574,2.0,2.0,76.66666666666667,76.66666666666667,76.66666666666667,12,40.0,7,23.333333333333332,4,13.333333333333334,0,0.0,0,0.0,7,23.333333333333332
87,True,1.8666666666666667,1.2310790208412925,1.0,1.0,93.33333333333333,93.33333333333333,96.66666666666667,16,53.333333333333336,7,23.333333333333332,5,16.666666666666664,0,0.0,1,3.3333333333333335,1,3.3333333333333335,1.9333333333333333,1.7113996870657915,1.0,1.0,86.66666666666667,86.66666666666667,86.66666666666667,21,70.0,2,6.666666666666667,3,10.0,0,0.0,0,0.0,4,13.333333333333334,1.8666666666666667,1.499629583893599,1.0,1.0,86.66666666666667,90.0,93.33333333333333,20,66.66666666666666,3,10.0,3,10.0,1,3.3333333333333335,1,3.3333333333333335,2,6.666666666666667,2.2333333333333334,1.6058919293927874,2.0,2.0,83.33333333333334,86.66666666666667,90.0,14,46.666666666666664,7,23.333333333333332,4,13.333333333333334,1,3.3333333333333335,1,3.3333333333333335,3,10.0
88,True,2.066666666666667,1.5477582354991866,1.0,1.0,83.33333333333334,86.66666666666667,93.33333333333333,16,53.333333333333336,7,23.333333333333332,2,6.666666666666667,1,3.3333333333333335,2,6.666666666666667,2,6.666666666666667,1.9666666666666666,1.5807874268505835,1.0,1.0,83.33333333333334,86.66666666666667,93.33333333333333,19,63.33333333333333,4,13.333333333333334,2,6.666666666666667,1,3.3333333333333335,2,6.666666666666667,2,6.666666666666667,2.0,1.5491933384829668,1.0,1.75,86.66666666666667,86.66666666666667,93.33333333333333,18,60.0,4,13.333333333333334,4,13.333333333333334,0,0.0,2,6.666666666666667,2,6.666666666666667,2.3333333333333335,1.86785676348292,1.0,1.75,76.66666666666667,76.66666666666667,86.66666666666667,16,53.333333333333336,6,20.0,1,3.3333333333333335,0,0.0,3,10.0,4,13.333333333333334
89,False,2.1333333333333333,1.4996295838935991,2.0,2.0,90.0,90.0,90.0,14,46.666666666666664,7,23.333333333333332,6,20.0,0,0.0,0,0.0,3,10.0,1.7333333333333334,1.364632632697248,1.0,1.0,90.0,93.33333333333333,93.33333333333333,20,66.66666666666666,5,16.666666666666664,2,6.666666666666667,1,3.3333333333333335,0,0.0,2,6.666666666666667,1.9333333333333333,1.569146972791976,1.0,1.0,86.66666666666667,90.0,90.0,19,63.33333333333333,4,13.333333333333334,3,10.0,1,3.3333333333333335,0,0.0,3,10.0,2.533333333333333,1.746106780494506,2.0,2.75,73.33333333333333,83.33333333333334,86.66666666666667,12,40.0,7,23.333333333333332,3,10.0,3,10.0,1,3.3333333333333335,4,13.333333333333334
90,False,2.6333333333333333,1.8526257642120336,2.0,2.0,76.66666666666667,80.0,80.0,11,36.666666666666664,8,26.666666666666668,4,13.333333333333334,1,3.3333333333333335,0,0.0,6,20.0,2.066666666666667,1.5477582354991866,1.0,1.75,80.0,90.0,93.33333333333333,17,56.666666666666664,5,16.666666666666664,2,6.666666666666667,3,10.0,1,3.3333333333333335,2,6.666666666666667,2.1666666666666665,1.6549588783075213,1.0,2.0,76.66666666666667,90.0,90.0,17,56.666666666666664,4,13.333333333333334,2,6.666666666666667,4,13.333333333333334,0,0.0,3,10.0,2.2,1.4,2.0,2.0,86.66666666666667,93.33333333333333,93.33333333333333,13,43.333333333333336,6,20.0,7,23.333333333333332,2,6.666666666666667,0,0.0,2,6.666666666666667
91,True,2.2333333333333334,1.4985177861992682,2.0,2.0,86.66666666666667,90.0,90.0,12,40.0,9,30.0,5,16.666666666666664,1,3.3333333333333335,0,0.0,3,10.0,1.9,1.619670748434179,1.0,1.0,83.33333333333334,90.0,90.0,21,70.0,2,6.666666666666667,2,6.666666666666667,2,6.666666666666667,0,0.0,3,10.0,1.8333333333333333,1.4161763857498668,1.0,1.0,86.66666666666667,93.33333333333333,93.33333333333333,19,63.33333333333333,5,16.666666666666664,2,6.666666666666667,2,6.666666666666667,0,0.0,2,6.666666666666667,2.7333333333333334,1.8785337071473829,2.0,3.0,70.0,76.66666666666667,83.33333333333334,12,40.0,5,16.666666666666664,4,13.333333333333334,2,6.666666666666667,2,6.666666666666667,5,16.666666666666664
92,False,2.2,1.3515423288475528,2.0,1.75,83.33333333333334,90.0,96.66666666666667,11,36.666666666666664,11,36.666666666666664,3,10.0,2,6.666666666666667,2,6.666666666666667,1,3.3333333333333335,2.1333333333333333,1.6679994670929073,1.0,1.0,83.33333333333334,83.33333333333334,90.0,16,53.333333333333336,7,23.333333333333332,2,6.666666666666667,0,0.0,2,6.666666666666667,3,10.0,2.1333333333333333,1.6069294390925266,1.5,1.0,83.33333333333334,86.66666666666667,90.0,15,50.0,8,26.666666666666668,2,6.666666666666667,1,3.3333333333333335,1,3.3333333333333335,3,10.0,2.1333333333333333,1.2840906856172147,2.0,1.0,83.33333333333334,93.33333333333333,96.66666666666667,11,36.666666666666664,12,40.0,2,6.666666666666667,3,10.0,1,3.3333333333333335,1,3.3333333333333335
93,True,2.8333333333333335,2.0013884069704098,2.0,3.75,70.0,73.33333333333333,76.66666666666667,12,40.0,5,16.666666666666664,4,13.333333333333334,1,3.3333333333333335,1,3.3333333333333335,7,23.333333333333332,2.2,1.7009801096230763,1.0,2.0,83.33333333333334,86.66666666666667,86.66666666666667,16,53.333333333333336,5,16.666666666666664,4,13.333333333333334,1,3.3333333333333335,0,0.0,4,13.333333333333334,2.3333333333333335,1.6996731711975948,2.0,2.0,80.0,86.66666666666667,86.66666666666667,14,46.666666666666664,6,20.0,4,13.333333333333334,2,6.666666666666667,0,0.0,4,13.333333333333334,1.9,1.1357816691600546,1.5,1.0,86.66666666666667,96.66666666666667,100.0,15,50.0,8,26.666666666666668,3,10.0,3,10.0,1,3.3333333333333335,0,0.0
94,False,2.933333333333333,1.9482185594936612,2.5,4.0,70.0,70.0,80.0,11,36.666666666666664,4,13.333333333333334,6,20.0,0,0.0,3,10.0,6,20.0,2.3,1.9689252567496476,1.0,2.0,80.0,80.0,80.0,19,63.33333333333333,1,3.3333333333333335,4,13.333333333333334,0,0.0,0,0.0,6,20.0,2.3333333333333335,1.8318175552045448,1.0,2.0,80.0,83.33333333333334,83.33333333333334,16,53.333333333333336,4,13.333333333333334,4,13.333333333333334,1,3.3333333333333335,0,0.0,5,16.666666666666664,2.7,2.06801031589948,1.5,3.75,70.0,73.33333333333333,76.66666666666667,15,50.0,3,10.0,3,10.0,1,3.3333333333333335,1,3.3333333333333335,7,23.333333333333332
95,True,2.2333333333333334,1.498517786199268,2.0,1.0,83.33333333333334,90.0,90.0,11,36.666666666666664,12,40.0,2,6.666666666666667,2,6.666666666666667,0,0.0,3,10.0,1.8666666666666667,1.4772346537440222,1.0,1.0,90.0,90.0,90.0,17,56.666666666666664,9,30.0,1,3.3333333333333335,0,0.0,0,0.0,3,10.0,2.1333333333333333,1.6275407487644937,1.0,1.75,83.33333333333334,86.66666666666667,90.0,16,53.333333333333336,6,20.0,3,10.0,1,3.3333333333333335,1,3.3333333333333335,3,10.0,2.5,1.52206000757745,2.0,2.0,76.66666666666667,90.0,90.0,9,30.0,10,33.33333333333333,4,13.333333333333334,4,13.333333333333334,0,0.0,3,10.0
96,True,2.033333333333333,1.4255603186895396,1.0,2.0,86.66666666666667,93.33333333333333,93.33333333333333,16,53.333333333333336,5,16.666666666666664,5,16.666666666666664,2,6.666666666666667,0,0.0,2,6.666666666666667,1.9,1.57797338380595,1.0,1.0,86.66666666666667,90.0,90.0,20,66.66666666666666,3,10.0,3,10.0,1,3.3333333333333335,0,0.0,3,10.0,2.066666666666667,1.6110727964792764,1.0,2.0,83.33333333333334,90.0,90.0,18,60.0,3,10.0,4,13.333333333333334,2,6.666666666666667,0,0.0,3,10.0,2.566666666666667,2.0442330808615954,1.0,2.75,73.33333333333333,76.66666666666667,76.66666666666667,16,53.333333333333336,3,10.0,3,10.0,1,3.3333333333333335,0,0.0,7,23.333333333333332
97,True,2.3333333333333335,1.4681810363696826,2.0,2.0,86.66666666666667,90.0,90.0,10,33.33333333333333,10,33.33333333333333,6,20.0,1,3.3333333333333335,0,0.0,3,10.0,2.033333333333333,1.601735170231195,1.0,1.75,83.33333333333334,90.0,90.0,18,60.0,4,13.333333333333334,3,10.0,2,6.666666666666667,0,0.0,3,10.0,2.3,1.8101565309847283,1.5,1.75,80.0,83.33333333333334,83.33333333333334,15,50.0,7,23.333333333333332,2,6.666666666666667,1,3.3333333333333335,0,0.0,5,16.666666666666664,2.933333333333333,1.948218559493661,2.0,3.75,66.66666666666666,73.33333333333333,76.66666666666667,9,30.0,9,30.0,2,6.666666666666667,2,6.666666666666667,1,3.3333333333333335,7,23.333333333333332
98,False,2.2666666666666666,1.590248058916875,2.0,2.0,83.33333333333334,86.66666666666667,90.0,13,43.333333333333336,8,26.666666666666668,4,13.333333333333334,1,3.3333333333333335,1,3.3333333333333335,3,10.0,1.9666666666666666,1.682920741515245,1.0,1.0,86.66666666666667,86.66666666666667,86.66666666666667,19,63.33333333333333,5,16.666666666666664,2,6.666666666666667,0,0.0,0,0.0,4,13.333333333333334,2.1,1.57797338380595,1.0,1.75,83.33333333333334,90.0,90.0,16,53.333333333333336,6,20.0,3,10.0,2,6.666666666666667,0,0.0,3,10.0,2.3,1.69607389776114,1.5,2.0,83.33333333333334,86.66666666666667,86.66666666666667,15,50.0,4,13.333333333333334,6,20.0,1,3.3333333333333335,0,0.0,4,13.333333333333334
99,False,2.466666666666667,1.8208667044996885,2.0,2.0,80.0,80.0,83.33333333333334,13,43.333333333333336,7,23.333333333333332,4,13.333333333333334,0,0.0,1,3.3333333333333335,5,16.666666666666664,1.9666666666666666,1.7220788470785986,1.0,1.0,83.33333333333334,86.66666666666667,86.66666666666667,20,66.66666666666666,4,13.333333333333334,1,3.3333333333333335,1,3.3333333333333335,0,0.0,4,13.333333333333334,2.3,1.9519221295943134,1.0,2.75,73.33333333333333,80.0,83.33333333333334,19,63.33333333333333,2,6.666666666666667,1,3.3333333333333335,2,6.666666666666667,1,3.3333333333333335,5,16.666666666666664,2.6666666666666665,1.903213656482693,2.0,2.0,76.66666666666667,76.66666666666667,80.0,12,40.0,6,20.0,5,16.666666666666664,0,0.0,1,3.3333333333333335,6,20.0
100,False,2.5,1.7841898254763513,2.0,2.0,80.0,80.0,83.33333333333334,11,36.666666666666664,10,33.33333333333333,3,10.0,0,0.0,1,3.3333333333333335,5,16.666666666666664,1.9,1.445683229480096,1.0,1.0,83.33333333333334,93.33333333333333,93.33333333333333,18,60.0,6,20.0,1,3.3333333333333335,3,10.0,0,0.0,2,6.666666666666667,2.2333333333333334,1.6265163865007801,2.0,1.75,80.0,86.66666666666667,90.0,14,46.666666666666664,8,26.666666666666668,2,6.666666666666667,2,6.666666666666667,1,3.3333333333333335,3,10.0,2.3666666666666667,1.6428295373802142,2.0,2.0,76.66666666666667,86.66666666666667,90.0,13,43.333333333333336,7,23.333333333333332,3,10.0,3,10.0,1,3.3333333333333335,3,10.0
101,True,1.8,1.1661903789690602,1.0,1.0,93.33333333333333,96.66666666666667,96.66666666666667,17,56.666666666666664,6,20.0,5,16.666666666666664,1,3.3333333333333335,0,0.0,1,3.3333333333333335,1.9,1.6603212540549697,1.0,1.0,83.33333333333334,86.66666666666667,90.0,21,70.0,3,10.0,1,3.3333333333333335,1,3.3333333333333335,1,3.3333333333333335,3,10.0,2.1,1.8502252115170554,1.0,1.75,83.33333333333334,83.33333333333334,83.33333333333334,20,66.66666666666666,2,6.666666666666667,3,10.0,0,0.0,0,0.0,5,16.666666666666664,2.6,1.9765289440498126,1.5,2.75,73.33333333333333,76.66666666666667,80.0,15,50.0,3,10.0,4,13.333333333333334,1,3.3333333333333335,1,3.3333333333333335,6,20.0
102,True,2.3666666666666667,1.4019827229875395,2.0,2.0,80.0,93.33333333333333,93.33333333333333,10,33.33333333333333,9,30.0,5,16.666666666666664,4,13.333333333333334,0,0.0,2,6.666666666666667,1.9666666666666666,1.6224124698183942,1.0,1.0,86.66666666666667,86.66666666666667,90.0,19,63.33333333333333,4,13.333333333333334,3,10.0,0,0.0,1,3.3333333333333335,3,10.0,2.033333333333333,1.4019827229875395,1.0,2.0,90.0,93.33333333333333,93.33333333333333,16,53.333333333333336,4,13.333333333333334,7,23.333333333333332,1,3.3333333333333335,0,0.0,2,6.666666666666667,2.7666666666666666,1.891795149821695,2.0,3.0,70.0,80.0,80.0,12,40.0,4,13.333333333333334,5,16.666666666666664,3,10.0,0,0.0,6,20.0
103,True,1.9333333333333333,1.2092238098144705,1.5,1.75,90.0,96.66666666666667,96.66666666666667,15,50.0,7,23.333333333333332,5,16.666666666666664,2,6.666666666666667,0,0.0,1,3.3333333333333335,1.6333333333333333,1.4255603186895403,1.0,0.0,90.0,90.0,93.33333333333333,23,76.66666666666667,3,10.0,1,3.3333333333333335,0,0.0,1,3.3333333333333335,2,6.666666666666667,2.033333333333333,1.7413277182145301,1.0,1.0,80.0,86.66666666666667,86.66666666666667,19,63.33333333333333,5,16.666666666666664,0,0.0,2,6.666666666666667,0,0.0,4,13.333333333333334,2.566666666666667,1.891795149821695,1.5,2.75,73.33333333333333,80.0,83.33333333333334,15,50.0,2,6.666666666666667,5,16.666666666666664,2,6.666666666666667,1,3.3333333333333335,5,16.666666666666664
104,True,2.0,1.3416407864998738,2.0,1.0,90.0,93.33333333333333,93.33333333333333,14,46.666666666666664,9,30.0,4,13.333333333333334,1,3.3333333333333335,0,0.0,2,6.666666666666667,1.9,1.6802777548171413,1.0,1.0,86.66666666666667,86.66666666666667,86.66666666666667,20,66.66666666666666,5,16.666666666666664,1,3.3333333333333335,0,0.0,0,0.0,4,13.333333333333334,2.066666666666667,1.671991493864594,1.0,1.0,86.66666666666667,86.66666666666667,86.66666666666667,17,56.666666666666664,6,20.0,3,10.0,0,0.0,0,0.0,4,13.333333333333334,2.6333333333333333,1.9745604292826515,2.0,2.0,76.66666666666667,76.66666666666667,76.66666666666667,13,43.333333333333336,6,20.0,4,13.333333333333334,0,0.0,0,0.0,7,23.333333333333332
105,True,1.8666666666666667,1.5216949614017767,1.0,1.0,90.0,90.0,90.0,19,63.33333333333333,5,16.666666666666664,3,10.0,0,0.0,0,0.0,3,10.0,1.5,1.1761519176251567,1.0,0.0,93.33333333333333,93.33333333333333,96.66666666666667,23,76.66666666666667,4,13.333333333333334,1,3.3333333333333335,0,0.0,1,3.3333333333333335,1,3.3333333333333335,2.1333333333333333,1.8749814813900312,1.0,1.75,80.0,83.33333333333334,83.33333333333334,20,66.66666666666666,2,6.666666666666667,2,6.666666666666667,1,3.3333333333333335,0,0.0,5,16.666666666666664,2.433333333333333,1.9439364415764442,1.0,2.0,76.66666666666667,80.0,80.0,16,53.333333333333336,4,13.333333333333334,3,10.0,1,3.3333333333333335,0,0.0,6,20.0
106,True,2.3666666666666667,1.5380362660079103,2.0,2.0,80.0,90.0,90.0,11,36.666666666666664,9,30.0,4,13.333333333333334,3,10.0,0,0.0,3,10.0,1.8,1.4000000000000001,1.0,1.0,86.66666666666667,93.33333333333333,93.33333333333333,19,63.33333333333333,6,20.0,1,3.3333333333333335,2,6.666666666666667,0,0.0,2,6.666666666666667,2.066666666666667,1.671991493864594,1.0,1.0,80.0,86.66666666666667,90.0,18,60.0,5,16.666666666666664,1,3.3333333333333335,2,6.666666666666667,1,3.3333333333333335,3,10.0,2.3,1.8101565309847287,1.5,1.75,80.0,83.33333333333334,83.33333333333334,15,50.0,7,23.333333333333332,2,6.666666666666667,1,3.3333333333333335,0,0.0,5,16.666666666666664
107,True,2.066666666666667,1.590248058916875,1.0,1.0,86.66666666666667,86.66666666666667,90.0,16,53.333333333333336,7,23.333333333333332,3,10.0,0,0.0,1,3.3333333333333335,3,10.0,1.8666666666666667,1.521694961401777,1.0,1.0,90.0,90.0,90.0,19,63.33333333333333,5,16.666666666666664,3,10.0,0,0.0,0,0.0,3,10.0,2.2333333333333334,1.8015425489162213,1.0,1.75,83.33333333333334,83.33333333333334,83.33333333333334,16,53.333333333333336,6,20.0,3,10.0,0,0.0,0,0.0,5,16.666666666666664,2.433333333333333,1.961008810677697,1.5,1.75,76.66666666666667,76.66666666666667,80.0,15,50.0,7,23.333333333333332,1,3.3333333333333335,0,0.0,1,3.3333333333333335,6,20.0
108,True,2.1333333333333333,1.3097921802925665,2.0,2.0,93.33333333333333,93.33333333333333,93.33333333333333,12,40.0,8,26.666666666666668,8,26.666666666666668,0,0.0,0,0.0,2,6.666666666666667,2.0,1.505545305418162,1.0,1.0,83.33333333333334,90.0,93.33333333333333,17,56.666666666666664,6,20.0,2,6.666666666666667,2,6.666666666666667,1,3.3333333333333335,2,6.666666666666667,2.1333333333333333,1.521694961401777,2.0,1.0,83.33333333333334,90.0,90.0,13,43.333333333333336,11,36.666666666666664,1,3.3333333333333335,2,6.666666666666667,0,0.0,3,10.0,3.1,1.972308292331602,2.0,4.0,60.0,70.0,76.66666666666667,9,30.0,7,23.333333333333332,2,6.666666666666667,3,10.0,2,6.666666666666667,7,23.333333333333332
109,True,1.9333333333333333,0.8919392106839769,2.0,2.0,96.66666666666667,100.0,100.0,12,40.0,9,30.0,8,26.666666666666668,1,3.3333333333333335,0,0.0,0,0.0,2.0,1.6931233465600393,1.0,1.0,83.33333333333334,83.33333333333334,90.0,19,63.33333333333333,5,16.666666666666664,1,3.3333333333333335,0,0.0,2,6.666666666666667,3,10.0,2.2333333333333334,1.8381754238616317,1.0,1.75,80.0,83.33333333333334,83.33333333333334,17,56.666666666666664,5,16.666666666666664,2,6.666666666666667,1,3.3333333333333335,0,0.0,5,16.666666666666664,2.8333333333333335,1.7336538165261124,3.0,3.0,70.0,80.0,86.66666666666667,10,33.33333333333333,4,13.333333333333334,7,23.333333333333332,3,10.0,2,6.666666666666667,4,13.333333333333334
110,False,2.2,1.6411378166788229,2.0,1.0,83.33333333333334,86.66666666666667,86.66666666666667,13,43.333333333333336,11,36.666666666666664,1,3.3333333333333335,1,3.3333333333333335,0,0.0,4,13.333333333333334,1.9666666666666666,1.6428295373802142,1.0,1.0,80.0,90.0,90.0,20,66.66666666666666,3,10.0,1,3.3333333333333335,3,10.0,0,0.0,3,10.0,2.3,1.8101565309847283,1.0,2.0,76.66666666666667,83.33333333333334,86.66666666666667,17,56.666666666666664,3,10.0,3,10.0,2,6.666666666666667,1,3.3333333333333335,4,13.333333333333334,2.433333333333333,1.7829438827088442,2.0,2.0,80.0,83.33333333333334,83.33333333333334,13,43.333333333333336,7,23.333333333333332,4,13.333333333333334,1,3.3333333333333335,0,0.0,5,16.666666666666664
111,True,2.2666666666666666,1.4360439485692011,2.0,2.0,80.0,93.33333333333333,93.33333333333333,12,40.0,8,26.666666666666668,4,13.333333333333334,4,13.333333333333334,0,0.0,2,6.666666666666667,1.8666666666666667,1.5860503004493758,1.0,1.0,83.33333333333334,90.0,90.0,20,66.66666666666666,5,16.666666666666664,0,0.0,2,6.666666666666667,0,0.0,3,10.0,2.033333333333333,1.6629959577688562,1.0,1.0,83.33333333333334,83.33333333333334,90.0,17,56.666666666666664,8,26.666666666666668,0,0.0,0,0.0,2,6.666666666666667,3,10.0,2.1666666666666665,1.7336538165261124,1.0,1.75,80.0,86.66666666666667,86.66666666666667,17,56.666666666666664,5,16.666666666666664,2,6.666666666666667,2,6.666666666666667,0,0.0,4,13.333333333333334
112,False,2.3,1.5307950004273378,2.0,2.0,83.33333333333334,90.0,90.0,12,40.0,8,26.666666666666668,5,16.666666666666664,2,6.666666666666667,0,0.0,3,10.0,2.0,1.7126976771553504,1.0,1.0,83.33333333333334,86.66666666666667,86.66666666666667,19,63.33333333333333,5,16.666666666666664,1,3.3333333333333335,1,3.3333333333333335,0,0.0,4,13.333333333333334,2.2333333333333334,1.6265163865007803,1.5,2.0,76.66666666666667,90.0,90.0,15,50.0,6,20.0,2,6.666666666666667,4,13.333333333333334,0,0.0,3,10.0,3.033333333333333,1.87053171287976,2.5,3.0,60.0,76.66666666666667,80.0,9,30.0,6,20.0,3,10.0,5,16.666666666666664,1,3.3333333333333335,6,20.0
113,True,2.2666666666666666,1.5040685563571303,2.0,1.0,86.66666666666667,86.66666666666667,90.0,10,33.33333333333333,13,43.333333333333336,3,10.0,0,0.0,1,3.3333333333333335,3,10.0,1.6666666666666667,1.2736648783028532,1.0,1.0,93.33333333333333,93.33333333333333,93.33333333333333,19,63.33333333333333,8,26.666666666666668,1,3.3333333333333335,0,0.0,0,0.0,2,6.666666666666667,1.8,1.3012814197295424,1.0,1.0,90.0,90.0,96.66666666666667,17,56.666666666666664,9,30.0,1,3.3333333333333335,0,0.0,2,6.666666666666667,1,3.3333333333333335,2.9,2.0223748416156684,2.0,4.0,60.0,70.0,80.0,12,40.0,6,20.0,0,0.0,3,10.0,3,10.0,6,20.0
114,True,2.1,1.491084616423003,1.5,1.75,83.33333333333334,90.0,93.33333333333333,15,50.0,7,23.333333333333332,3,10.0,2,6.666666666666667,1,3.3333333333333335,2,6.666666666666667,1.8666666666666667,1.6275407487644937,1.0,0.75,83.33333333333334,90.0,90.0,22,73.33333333333333,1,3.3333333333333335,2,6.666666666666667,2,6.666666666666667,0,0.0,3,10.0,2.1666666666666665,1.827262676488766,1.0,1.0,80.0,80.0,86.66666666666667,18,60.0,5,16.666666666666664,1,3.3333333333333335,0,0.0,2,6.666666666666667,4,13.333333333333334,2.5,1.857417562100671,2.0,2.0,76.66666666666667,80.0,83.33333333333334,14,46.666666666666664,5,16.666666666666664,4,13.333333333333334,1,3.3333333333333335,1,3.3333333333333335,5,16.666666666666664
115,False,2.1333333333333333,1.839081896551163,1.0,1.0,80.0,83.33333333333334,83.33333333333334,18,60.0,6,20.0,0,0.0,1,3.3333333333333335,0,0.0,5,16.666666666666664,2.0,1.879716290649558,1.0,0.75,80.0,83.33333333333334,83.33333333333334,22,73.33333333333333,2,6.666666666666667,0,0.0,1,3.3333333333333335,0,0.0,5,16.666666666666664,1.9333333333333333,1.569146972791976,1.0,1.0,86.66666666666667,90.0,90.0,19,63.33333333333333,4,13.333333333333334,3,10.0,1,3.3333333333333335,0,0.0,3,10.0,2.2666666666666666,1.8607047649270485,1.0,1.75,76.66666666666667,83.33333333333334,83.33333333333334,17,56.666666666666664,5,16.666666666666664,1,3.3333333333333335,2,6.666666666666667,0,0.0,5,16.666666666666664
116,False,2.6333333333333333,1.9058389811897074,2.0,2.75,73.33333333333333,80.0,80.0,13,43.333333333333336,5,16.666666666666664,4,13.333333333333334,2,6.666666666666667,0,0.0,6,20.0,2.1666666666666665,1.8089284734953515,1.0,1.75,76.66666666666667,80.0,90.0,19,63.33333333333333,3,10.0,1,3.3333333333333335,1,3.3333333333333335,3,10.0,3,10.0,2.3,1.7916472867168918,1.0,2.0,76.66666666666667,83.33333333333334,86.66666666666667,16,53.333333333333336,5,16.666666666666664,2,6.666666666666667,2,6.666666666666667,1,3.3333333333333335,4,13.333333333333334,2.1666666666666665,1.4395215254459457,1.5,2.0,83.33333333333334,90.0,96.66666666666667,15,50.0,4,13.333333333333334,6,20.0,2,6.666666666666667,2,6.666666666666667,1,3.3333333333333335
117,True,1.9666666666666666,1.5380362660079103,1.0,1.0,86.66666666666667,90.0,90.0,17,56.666666666666664,7,23.333333333333332,2,6.666666666666667,1,3.3333333333333335,0,0.0,3,10.0,1.6666666666666667,1.3498971154211057,1.0,0.75,93.33333333333333,93.33333333333333,93.33333333333333,22,73.33333333333333,2,6.666666666666667,4,13.333333333333334,0,0.0,0,0.0,2,6.666666666666667,1.7,1.345362404707371,1.0,1.0,93.33333333333333,93.33333333333333,93.33333333333333,21,70.0,3,10.0,4,13.333333333333334,0,0.0,0,0.0,2,6.666666666666667,2.033333333333333,1.5595583420386114,1.0,1.75,80.0,90.0,93.33333333333333,18,60.0,4,13.333333333333334,2,6.666666666666667,3,10.0,1,3.3333333333333335,2,6.666666666666667
118,False,2.433333333333333,1.92671280221579,1.5,2.0,76.66666666666667,80.0,80.0,15,50.0,6,20.0,2,6.666666666666667,1,3.3333333333333335,0,0.0,6,20.0,1.8666666666666667,1.7074997966487597,1.0,0.75,83.33333333333334,83.33333333333334,90.0,22,73.33333333333333,3,10.0,0,0.0,0,0.0,2,6.666666666666667,3,10.0,2.1,1.7194960502038574,1.0,1.0,80.0,83.33333333333334,90.0,18,60.0,5,16.666666666666664,1,3.3333333333333335,1,3.3333333333333335,2,6.666666666666667,3,10.0,2.566666666666667,1.856220772310114,2.0,3.0,70.0,76.66666666666667,86.66666666666667,13,43.333333333333336,7,23.333333333333332,1,3.3333333333333335,2,6.666666666666667,3,10.0,4,13.333333333333334
119,False,2.533333333333333,1.8749814813900312,2.0,2.0,80.0,80.0,80.0,13,43.333333333333336,6,20.0,5,16.666666666666664,0,0.0,0,0.0,6,20.0,2.033333333333333,1.7413277182145301,1.0,1.75,83.33333333333334,86.66666666666667,86.66666666666667,20,66.66666666666666,2,6.666666666666667,3,10.0,1,3.3333333333333335,0,0.0,4,13.333333333333334,2.1666666666666665,1.8454147380888546,1.0,1.0,80.0,83.33333333333334,83.33333333333334,18,60.0,5,16.666666666666664,1,3.3333333333333335,1,3.3333333333333335,0,0.0,5,16.666666666666664,2.7333333333333334,1.8245242911205344,2.0,2.75,73.33333333333333,76.66666666666667,83.33333333333334,10,33.33333333333333,8,26.666666666666668,4,13.333333333333334,1,3.3333333333333335,2,6.666666666666667,5,16.666666666666664
120,True,2.0,1.3662601021279464,2.0,1.0,90.0,90.0,93.33333333333333,13,43.333333333333336,12,40.0,2,6.666666666666667,0,0.0,1,3.3333333333333335,2,6.666666666666667,1.6666666666666667,1.2995725793078619,1.0,1.0,93.33333333333333,93.33333333333333,93.33333333333333,20,66.66666666666666,6,20.0,2,6.666666666666667,0,0.0,0,0.0,2,6.666666666666667,1.8,1.4000000000000001,1.0,1.0,90.0,90.0,93.33333333333333,18,60.0,8,26.666666666666668,1,3.3333333333333335,0,0.0,1,3.3333333333333335,2,6.666666666666667,2.3333333333333335,1.776388345929897,1.5,2.0,76.66666666666667,83.33333333333334,86.66666666666667,15,50.0,6,20.0,2,6.666666666666667,2,6.666666666666667,1,3.3333333333333335,4,13.333333333333334
121,False,2.1333333333333333,1.687865186822955,1.0,1.0,83.33333333333334,86.66666666666667,86.66666666666667,16,53.333333333333336,7,23.333333333333332,2,6.666666666666667,1,3.3333333333333335,0,0.0,4,13.333333333333334,1.8333333333333333,1.5723301886761007,1.0,1.0,86.66666666666667,90.0,90.0,21,70.0,3,10.0,2,6.666666666666667,1,3.3333333333333335,0,0.0,3,10.0,1.8666666666666667,1.5860503004493758,1.0,1.0,86.66666666666667,90.0,90.0,21,70.0,2,6.666666666666667,3,10.0,1,3.3333333333333335,0,0.0,3,10.0,2.466666666666667,1.7650936393164969,1.5,3.0,70.0,83.33333333333334,90.0,15,50.0,3,10.0,3,10.0,4,13.333333333333334,2,6.666666666666667,3,10.0
122,False,2.466666666666667,2.0286832072937253,1.0,3.25,73.33333333333333,73.33333333333333,80.0,16,53.333333333333336,6,20.0,0,0.0,0,0.0,2,6.666666666666667,6,20.0,1.9666666666666666,1.834545054108935,1.0,1.0,83.33333333333334,83.33333333333334,83.33333333333334,21,70.0,4,13.333333333333334,0,0.0,0,0.0,0,0.0,5,16.666666666666664,2.2,1.9561867668161614,1.0,1.0,80.0,80.0,80.0,19,63.33333333333333,4,13.333333333333334,1,3.3333333333333335,0,0.0,0,0.0,6,20.0,2.433333333333333,1.9947152400502908,1.0,2.5,73.33333333333333,76.66666666666667,80.0,16,53.333333333333336,6,20.0,0,0.0,1,3.3333333333333335,1,3.3333333333333335,6,20.0
123,False,2.7333333333333334,1.9988885800753269,2.0,3.5,73.33333333333333,73.33333333333333,76.66666666666667,12,40.0,7,23.333333333333332,3,10.0,0,0.0,1,3.3333333333333335,7,23.333333333333332,1.9666666666666666,1.6629959577688562,1.0,1.0,83.33333333333334,86.66666666666667,90.0,20,66.66666666666666,3,10.0,2,6.666666666666667,1,3.3333333333333335,1,3.3333333333333335,3,10.0,2.5,2.0124611797498106,1.0,2.75,73.33333333333333,76.66666666666667,80.0,17,56.666666666666664,2,6.666666666666667,3,10.0,1,3.3333333333333335,1,3.3333333333333335,6,20.0,2.2,1.4696938456699067,2.0,2.0,86.66666666666667,90.0,93.33333333333333,14,46.666666666666664,5,16.666666666666664,7,23.333333333333332,1,3.3333333333333335,1,3.3333333333333335,2,6.666666666666667
124,True,2.533333333333333,1.6679994670929073,2.0,2.0,76.66666666666667,83.33333333333334,86.66666666666667,9,30.0,12,40.0,2,6.666666666666667,2,6.666666666666667,1,3.3333333333333335,4,13.333333333333334,2.3,1.8466185312619388,1.0,1.75,76.66666666666667,83.33333333333334,83.33333333333334,16,53.333333333333336,6,20.0,1,3.3333333333333335,2,6.666666666666667,0,0.0,5,16.666666666666664,2.6666666666666665,1.9720265943665387,2.0,3.5,73.33333333333333,73.33333333333333,80.0,13,43.333333333333336,6,20.0,3,10.0,0,0.0,2,6.666666666666667,6,20.0,2.2,1.375984496036686,2.0,2.0,83.33333333333334,90.0,96.66666666666667,12,40.0,9,30.0,4,13.333333333333334,2,6.666666666666667,2,6.666666666666667,1,3.3333333333333335
125,True,2.7666666666666666,1.8381754238616315,2.5,3.0,70.0,80.0,83.33333333333334,12,40.0,3,10.0,6,20.0,3,10.0,1,3.3333333333333335,5,16.666666666666664,2.1666666666666665,1.6749792701868151,1.0,2.0,80.0,86.66666666666667,90.0,17,56.666666666666664,4,13.333333333333334,3,10.0,2,6.666666666666667,1,3.3333333333333335,3,10.0,2.3666666666666667,1.7792008193443356,1.5,2.0,76.66666666666667,83.33333333333334,86.66666666666667,15,50.0,5,16.666666666666664,3,10.0,2,6.666666666666667,1,3.3333333333333335,4,13.333333333333334,2.2,1.5362291495737217,1.0,2.0,80.0,86.66666666666667,96.66666666666667,16,53.333333333333336,3,10.0,5,16.666666666666664,2,6.666666666666667,3,10.0,1,3.3333333333333335
126,True,2.1333333333333333,1.564892612574067,1.5,1.75,83.33333333333334,90.0,90.0,15,50.0,7,23.333333333333332,3,10.0,2,6.666666666666667,0,0.0,3,10.0,1.6666666666666667,1.2736648783028532,1.0,1.0,90.0,93.33333333333333,96.66666666666667,21,70.0,4,13.333333333333334,2,6.666666666666667,1,3.3333333333333335,1,3.3333333333333335,1,3.3333333333333335,2.0,1.5491933384829668,1.0,1.0,86.66666666666667,90.0,90.0,17,56.666666666666664,6,20.0,3,10.0,1,3.3333333333333335,0,0.0,3,10.0,2.1666666666666665,1.507389207279335,2.0,2.0,86.66666666666667,86.66666666666667,93.33333333333333,14,46.666666666666664,7,23.333333333333332,5,16.666666666666664,0,0.0,2,6.666666666666667,2,6.666666666666667
127,True,2.6333333333333333,1.7603661235347856,2.0,3.0,66.66666666666666,83.33333333333334,86.66666666666667,11,36.666666666666664,8,26.666666666666668,1,3.3333333333333335,5,16.666666666666664,1,3.3333333333333335,4,13.333333333333334,2.2,1.814754345175493,1.0,1.75,76.66666666666667,83.33333333333334,86.66666666666667,18,60.0,4,13.333333333333334,1,3.3333333333333335,2,6.666666666666667,1,3.3333333333333335,4,13.333333333333334,2.5,1.8393839548428526,2.0,2.0,76.66666666666667,80.0,83.33333333333334,13,43.333333333333336,7,23.333333333333332,3,10.0,1,3.3333333333333335,1,3.3333333333333335,5,16.666666666666664,2.466666666666667,1.7074997966487597,2.0,2.75,73.33333333333333,86.66666666666667,86.66666666666667,12,40.0,8,26.666666666666668,2,6.666666666666667,4,13.333333333333334,0,0.0,4,13.333333333333334
128,True,1.9666666666666666,1.3287420951996498,2.0,1.0,90.0,93.33333333333333,93.33333333333333,14,46.666666666666664,10,33.33333333333333,3,10.0,1,3.3333333333333335,0,0.0,2,6.666666666666667,2.066666666666667,1.806162291219209,1.0,1.0,83.33333333333334,83.33333333333334,83.33333333333334,18,60.0,7,23.333333333333332,0,0.0,0,0.0,0,0.0,5,16.666666666666664,2.0,1.5275252316519468,1.0,1.0,86.66666666666667,90.0,90.0,16,53.333333333333336,8,26.666666666666668,2,6.666666666666667,1,3.3333333333333335,0,0.0,3,10.0,3.2666666666666666,2.3228335186912457,2.0,5.0,56.666666666666664,60.0,60.0,13,43.333333333333336,3,10.0,1,3.3333333333333335,1,3.3333333333333335,0,0.0,12,40.0
129,True,2.066666666666667,1.2892719737209146,2.0,1.0,90.0,93.33333333333333,93.33333333333333,11,36.666666666666664,13,43.333333333333336,3,10.0,1,3.3333333333333335,0,0.0,2,6.666666666666667,2.033333333333333,1.6428295373802142,1.0,1.0,86.66666666666667,86.66666666666667,86.66666666666667,16,53.333333333333336,9,30.0,1,3.3333333333333335,0,0.0,0,0.0,4,13.333333333333334,2.1666666666666665,1.6549588783075213,2.0,1.0,83.33333333333334,86.66666666666667,86.66666666666667,14,46.666666666666664,10,33.33333333333333,1,3.3333333333333335,1,3.3333333333333335,0,0.0,4,13.333333333333334,2.1,1.445683229480096,2.0,1.0,83.33333333333334,90.0,93.33333333333333,13,43.333333333333336,11,36.666666666666664,1,3.3333333333333335,2,6.666666666666667,1,3.3333333333333335,2,6.666666666666667
130,True,2.066666666666667,1.5040685563571303,1.0,1.75,83.33333333333334,90.0,93.33333333333333,16,53.333333333333336,6,20.0,3,10.0,2,6.666666666666667,1,3.3333333333333335,2,6.666666666666667,1.8333333333333333,1.5723301886761007,1.0,1.0,86.66666666666667,90.0,90.0,21,70.0,3,10.0,2,6.666666666666667,1,3.3333333333333335,0,0.0,3,10.0,1.8666666666666667,1.499629583893599,1.0,1.0,83.33333333333334,90.0,93.33333333333333,19,63.33333333333333,6,20.0,0,0.0,2,6.666666666666667,1,3.3333333333333335,2,6.666666666666667,2.6333333333333333,1.9745604292826515,2.0,3.0,70.0,76.66666666666667,80.0,14,46.666666666666664,5,16.666666666666664,2,6.666666666666667,2,6.666666666666667,1,3.3333333333333335,6,20.0
131,True,2.1666666666666665,1.507389207279335,2.0,1.0,83.33333333333334,90.0,90.0,12,40.0,12,40.0,1,3.3333333333333335,2,6.666666666666667,0,0.0,3,10.0,2.1,1.7953644012660308,1.0,1.0,83.33333333333334,83.33333333333334,83.33333333333334,17,56.666666666666664,8,26.666666666666668,0,0.0,0,0.0,0,0.0,5,16.666666666666664,2.433333333333333,1.9267128022157902,1.5,2.0,76.66666666666667,80.0,80.0,15,50.0,6,20.0,2,6.666666666666667,1,3.3333333333333335,0,0.0,6,20.0,2.6666666666666665,1.903213656482693,2.0,3.0,70.0,76.66666666666667,83.33333333333334,13,43.333333333333336,5,16.666666666666664,3,10.0,2,6.666666666666667,2,6.666666666666667,5,16.666666666666664
132,True,2.066666666666667,1.5040685563571303,2.0,1.0,86.66666666666667,90.0,90.0,14,46.666666666666664,10,33.33333333333333,2,6.666666666666667,1,3.3333333333333335,0,0.0,3,10.0,1.8333333333333333,1.439521525445946,1.0,1.0,90.0,90.0,93.33333333333333,19,63.33333333333333,5,16.666666666666664,3,10.0,0,0.0,1,3.3333333333333335,2,6.666666666666667,2.066666666666667,1.730767331432956,1.0,1.0,80.0,83.33333333333334,90.0,19,63.33333333333333,4,13.333333333333334,1,3.3333333333333335,1,3.3333333333333335,2,6.666666666666667,3,10.0,2.4,1.9078784028338915,2.0,1.0,76.66666666666667,80.0,80.0,14,46.666666666666664,9,30.0,0,0.0,1,3.3333333333333335,0,0.0,6,20.0
133,True,2.5,1.7272328544042153,2.0,2.0,80.0,83.33333333333334,86.66666666666667,13,43.333333333333336,4,13.333333333333334,7,23.333333333333332,1,3.3333333333333335,1,3.3333333333333335,4,13.333333333333334,1.8333333333333333,1.4851112939963644,1.0,1.0,83.33333333333334,93.33333333333333,93.33333333333333,21,70.0,2,6.666666666666667,2,6.666666666666667,3,10.0,0,0.0,2,6.666666666666667,2.2333333333333334,1.7259457954666158,1.0,2.0,80.0,83.33333333333334,90.0,17,56.666666666666664,3,10.0,4,13.333333333333334,1,3.3333333333333335,2,6.666666666666667,3,10.0,2.2,1.6206994374857624,1.0,2.0,80.0,86.66666666666667,93.33333333333333,17,56.666666666666664,2,6.666666666666667,5,16.666666666666664,2,6.666666666666667,2,6.666666666666667,2,6.666666666666667
134,True,2.2666666666666666,1.7499206331208916,1.5,1.75,80.0,83.33333333333334,86.66666666666667,15,50.0,7,23.333333333333332,2,6.666666666666667,1,3.3333333333333335,1,3.3333333333333335,4,13.333333333333334,1.7333333333333334,1.2631530214330944,1.0,1.0,90.0,93.33333333333333,96.66666666666667,19,63.33333333333333,6,20.0,2,6.666666666666667,1,3.3333333333333335,1,3.3333333333333335,1,3.3333333333333335,2.0,1.5491933384829668,1.0,1.0,86.66666666666667,90.0,90.0,17,56.666666666666664,6,20.0,3,10.0,1,3.3333333333333335,0,0.0,3,10.0,2.533333333333333,1.8208667044996885,2.0,2.0,80.0,80.0,83.33333333333334,13,43.333333333333336,5,16.666666666666664,6,20.0,0,0.0,1,3.3333333333333335,5,16.666666666666664
135,True,2.033333333333333,1.2512216252748973,2.0,1.75,90.0,93.33333333333333,96.66666666666667,13,43.333333333333336,9,30.0,5,16.666666666666664,1,3.3333333333333335,1,3.3333333333333335,1,3.3333333333333335,2.1333333333333333,1.7838784213679537,1.0,2.0,83.33333333333334,83.33333333333334,86.66666666666667,19,63.33333333333333,2,6.666666666666667,4,13.333333333333334,0,0.0,1,3.3333333333333335,4,13.333333333333334,2.3333333333333335,1.7575235101952091,1.5,2.0,80.0,83.33333333333334,86.66666666666667,15,50.0,5,16.666666666666664,4,13.333333333333334,1,3.3333333333333335,1,3.3333333333333335,4,13.333333333333334,2.433333333333333,1.7259457954666158,2.0,2.75,73.33333333333333,83.33333333333334,90.0,14,46.666666666666664,5,16.666666666666664,3,10.0,3,10.0,2,6.666666666666667,3,10.0
136,True,1.8,1.32664991614216,1.0,1.0,90.0,93.33333333333333,93.33333333333333,17,56.666666666666664,9,30.0,1,3.3333333333333335,1,3.3333333333333335,0,0.0,2,6.666666666666667,1.7333333333333334,1.364632632697248,1.0,1.0,90.0,93.33333333333333,93.33333333333333,20,66.66666666666666,5,16.666666666666664,2,6.666666666666667,1,3.3333333333333335,0,0.0,2,6.666666666666667,2.1,1.8321208111548393,1.0,1.0,83.33333333333334,83.33333333333334,83.33333333333334,19,63.33333333333333,4,13.333333333333334,2,6.666666666666667,0,0.0,0,0.0,5,16.666666666666664,1.8666666666666667,1.175679472569893,1.0,1.75,93.33333333333333,96.66666666666667,96.66666666666667,16,53.333333333333336,6,20.0,6,20.0,1,3.3333333333333335,0,0.0,1,3.3333333333333335
137,False,2.3,1.6563010998406458,2.0,2.0,83.33333333333334,86.66666666666667,86.66666666666667,13,43.333333333333336,8,26.666666666666668,4,13.333333333333334,1,3.3333333333333335,0,0.0,4,13.333333333333334,2.033333333333333,1.5807874268505833,1.0,1.0,83.33333333333334,90.0,90.0,17,56.666666666666664,6,20.0,2,6.666666666666667,2,6.666666666666667,0,0.0,3,10.0,2.2,1.7204650534085253,1.0,1.75,80.0,86.66666666666667,86.66666666666667,16,53.333333333333336,6,20.0,2,6.666666666666667,2,6.666666666666667,0,0.0,4,13.333333333333334,2.966666666666667,2.0080393975772046,2.0,4.75,70.0,70.0,73.33333333333333,9,30.0,9,30.0,3,10.0,0,0.0,1,3.3333333333333335,8,26.666666666666668
138,True,2.966666666666667,1.9913702708325127,2.0,4.0,66.66666666666666,70.0,76.66666666666667,10,33.33333333333333,7,23.333333333333332,3,10.0,1,3.3333333333333335,2,6.666666666666667,7,23.333333333333332,2.0,1.591644851508443,1.0,1.75,83.33333333333334,86.66666666666667,93.33333333333333,19,63.33333333333333,3,10.0,3,10.0,1,3.3333333333333335,2,6.666666666666667,2,6.666666666666667,2.3333333333333335,1.7950549357115013,1.0,2.0,76.66666666666667,83.33333333333334,86.66666666666667,16,53.333333333333336,4,13.333333333333334,3,10.0,2,6.666666666666667,1,3.3333333333333335,4,13.333333333333334,2.433333333333333,1.7259457954666158,2.0,2.0,80.0,83.33333333333334,86.66666666666667,13,43.333333333333336,6,20.0,5,16.666666666666664,1,3.3333333333333335,1,3.3333333333333335,4,13.333333333333334
139,True,2.033333333333333,1.1967548714010827,2.0,2.0,90.0,96.66666666666667,96.66666666666667,13,43.333333333333336,8,26.666666666666668,6,20.0,2,6.666666666666667,0,0.0,1,3.3333333333333335,1.7333333333333334,1.2364824660660938,1.0,1.0,93.33333333333333,93.33333333333333,96.66666666666667,19,63.33333333333333,5,16.666666666666664,4,13.333333333333334,0,0.0,1,3.3333333333333335,1,3.3333333333333335,2.1666666666666665,1.7336538165261124,1.0,1.0,83.33333333333334,83.33333333333334,86.66666666666667,16,53.333333333333336,7,23.333333333333332,2,6.666666666666667,0,0.0,1,3.3333333333333335,4,13.333333333333334,2.533333333333333,1.839081896551163,2.0,2.0,76.66666666666667,80.0,83.33333333333334,13,43.333333333333336,6,20.0,4,13.333333333333334,1,3.3333333333333335,1,3.3333333333333335,5,16.666666666666664
140,True,2.2666666666666666,1.4817407180595248,2.0,2.0,80.0,90.0,93.33333333333333,12,40.0,9,30.0,3,10.0,3,10.0,1,3.3333333333333335,2,6.666666666666667,2.066666666666667,1.671991493864594,1.0,1.0,83.33333333333334,86.66666666666667,86.66666666666667,16,53.333333333333336,9,30.0,0,0.0,1,3.3333333333333335,0,0.0,4,13.333333333333334,2.1333333333333333,1.6679994670929073,1.5,1.0,83.33333333333334,86.66666666666667,86.66666666666667,15,50.0,9,30.0,1,3.3333333333333335,1,3.3333333333333335,0,0.0,4,13.333333333333334,2.6666666666666665,1.8499249234015478,2.0,3.0,70.0,76.66666666666667,83.33333333333334,10,33.33333333333333,11,36.666666666666664,0,0.0,2,6.666666666666667,2,6.666666666666667,5,16.666666666666664
141,False,2.8,1.8867962264113207,2.0,3.75,70.0,73.33333333333333,83.33333333333334,11,36.666666666666664,6,20.0,4,13.333333333333334,1,3.3333333333333335,3,10.0,5,16.666666666666664,2.066666666666667,1.806162291219209,1.0,1.0,80.0,83.33333333333334,86.66666666666667,20,66.66666666666666,3,10.0,1,3.3333333333333335,1,3.3333333333333335,1,3.3333333333333335,4,13.333333333333334,2.6,2.259793500890439,1.0,5.0,70.0,70.0,70.0,19,63.33333333333333,1,3.3333333333333335,1,3.3333333333333335,0,0.0,0,0.0,9,30.0,2.2333333333333334,1.5849991237291652,1.5,2.75,73.33333333333333,90.0,93.33333333333333,15,50.0,6,20.0,1,3.3333333333333335,5,16.666666666666664,1,3.3333333333333335,2,6.666666666666667
142,False,2.2666666666666666,1.6918103387266026,2.0,1.75,80.0,86.66666666666667,86.66666666666667,14,46.666666666666664,8,26.666666666666668,2,6.666666666666667,2,6.666666666666667,0,0.0,4,13.333333333333334,1.9333333333333333,1.5477582354991866,1.0,1.0,86.66666666666667,90.0,90.0,18,60.0,6,20.0,2,6.666666666666667,1,3.3333333333333335,0,0.0,3,10.0,2.3333333333333335,1.8318175552045448,1.0,2.0,80.0,83.33333333333334,83.33333333333334,16,53.333333333333336,4,13.333333333333334,4,13.333333333333334,1,3.3333333333333335,0,0.0,5,16.666666666666664,2.3,1.676305461424021,2.0,2.0,80.0,83.33333333333334,90.0,14,46.666666666666664,7,23.333333333333332,3,10.0,1,3.3333333333333335,2,6.666666666666667,3,10.0
143,True,2.066666666666667,1.3888444437333105,2.0,1.0,83.33333333333334,90.0,96.66666666666667,14,46.666666666666664,9,30.0,2,6.666666666666667,2,6.666666666666667,2,6.666666666666667,1,3.3333333333333335,1.9,1.57797338380595,1.0,1.0,83.33333333333334,86.66666666666667,93.33333333333333,20,66.66666666666666,4,13.333333333333334,1,3.3333333333333335,1,3.3333333333333335,2,6.666666666666667,2,6.666666666666667,1.9666666666666666,1.6017351702311948,1.0,1.0,86.66666666666667,86.66666666666667,90.0,18,60.0,6,20.0,2,6.666666666666667,0,0.0,1,3.3333333333333335,3,10.0,2.2666666666666666,1.5040685563571303,2.0,2.0,80.0,90.0,93.33333333333333,13,43.333333333333336,7,23.333333333333332,4,13.333333333333334,3,10.0,1,3.3333333333333335,2,6.666666666666667
144,True,2.1,1.491084616423003,2.0,1.75,90.0,90.0,90.0,14,46.666666666666664,8,26.666666666666668,5,16.666666666666664,0,0.0,0,0.0,3,10.0,1.7333333333333334,1.18133634311129,1.0,1.0,90.0,93.33333333333333,100.0,19,63.33333333333333,5,16.666666666666664,3,10.0,1,3.3333333333333335,2,6.666666666666667,0,0.0,2.1,1.7194960502038572,1.0,1.75,83.33333333333334,86.66666666666667,86.66666666666667,18,60.0,4,13.333333333333334,3,10.0,1,3.3333333333333335,0,0.0,4,13.333333333333334,2.7,2.035517952102937,2.0,3.5,73.33333333333333,73.33333333333333,76.66666666666667,14,46.666666666666664,4,13.333333333333334,4,13.333333333333334,0,0.0,1,3.3333333333333335,7,23.333333333333332
145,True,1.9333333333333333,1.5260697523012796,1.0,1.0,86.66666666666667,90.0,90.0,17,56.666666666666664,8,26.666666666666668,1,3.3333333333333335,1,3.3333333333333335,0,0.0,3,10.0,1.6666666666666667,1.2736648783028532,1.0,1.0,90.0,93.33333333333333,96.66666666666667,21,70.0,4,13.333333333333334,2,6.666666666666667,1,3.3333333333333335,1,3.3333333333333335,1,3.3333333333333335,1.8,1.5143755588800731,1.0,1.0,90.0,90.0,90.0,20,66.66666666666666,5,16.666666666666664,2,6.666666666666667,0,0.0,0,0.0,3,10.0,2.3,1.69607389776114,1.5,2.0,80.0,83.33333333333334,90.0,15,50.0,5,16.666666666666664,4,13.333333333333334,1,3.3333333333333335,2,6.666666666666667,3,10.0
146,True,2.533333333333333,1.7650936393164969,2.0,2.0,80.0,80.0,83.33333333333334,10,33.33333333333333,11,36.666666666666664,3,10.0,0,0.0,1,3.3333333333333335,5,16.666666666666664,2.033333333333333,1.6428295373802142,1.0,1.0,86.66666666666667,86.66666666666667,86.66666666666667,16,53.333333333333336,9,30.0,1,3.3333333333333335,0,0.0,0,0.0,4,13.333333333333334,2.4,1.8903262505010434,2.0,1.0,76.66666666666667,76.66666666666667,83.33333333333334,14,46.666666666666664,9,30.0,0,0.0,0,0.0,2,6.666666666666667,5,16.666666666666664,2.533333333333333,1.8571184369578826,2.0,2.0,76.66666666666667,76.66666666666667,83.33333333333334,12,40.0,9,30.0,2,6.666666666666667,0,0.0,2,6.666666666666667,5,16.666666666666664
147,True,2.1666666666666665,1.2671051872498809,2.0,1.0,83.33333333333334,93.33333333333333,96.66666666666667,10,33.33333333333333,13,43.333333333333336,2,6.666666666666667,3,10.0,1,3.3333333333333335,1,3.3333333333333335,1.9333333333333333,1.4590712418826193,1.0,1.0,86.66666666666667,90.0,93.33333333333333,17,56.666666666666664,7,23.333333333333332,2,6.666666666666667,1,3.3333333333333335,1,3.3333333333333335,2,6.666666666666667,2.3,1.8284784202536637,1.0,2.0,80.0,83.33333333333334,83.33333333333334,16,53.333333333333336,5,16.666666666666664,3,10.0,1,3.3333333333333335,0,0.0,5,16.666666666666664,2.8,1.92180470738661,2.0,4.0,66.66666666666666,70.0,83.33333333333334,10,33.33333333333333,10,33.33333333333333,0,0.0,1,3.3333333333333335,4,13.333333333333334,5,16.666666666666664
148,True,2.3666666666666667,1.5162087220725546,2.0,2.0,86.66666666666667,86.66666666666667,90.0,10,33.33333333333333,10,33.33333333333333,6,20.0,0,0.0,1,3.3333333333333335,3,10.0,2.066666666666667,1.4360439485692011,1.5,1.75,83.33333333333334,93.33333333333333,93.33333333333333,15,50.0,7,23.333333333333332,3,10.0,3,10.0,0,0.0,2,6.666666666666667,2.3333333333333335,1.6599866130651644,2.0,2.0,80.0,83.33333333333334,90.0,13,43.333333333333336,8,26.666666666666668,3,10.0,1,3.3333333333333335,2,6.666666666666667,3,10.0,2.7666666666666666,1.7829438827088442,2.0,1.75,76.66666666666667,80.0,80.0,8,26.666666666666668,10,33.33333333333333,5,16.666666666666664,1,3.3333333333333335,0,0.0,6,20.0
149,True,2.6,1.8,2.0,3.0,70.0,80.0,86.66666666666667,12,40.0,7,23.333333333333332,2,6.666666666666667,3,10.0,2,6.666666666666667,4,13.333333333333334,1.9,1.556705923844749,1.0,1.0,86.66666666666667,90.0,90.0,19,63.33333333333333,5,16.666666666666664,2,6.666666666666667,1,3.3333333333333335,0,0.0,3,10.0,2.2,1.7962924780409972,1.0,1.0,76.66666666666667,83.33333333333334,86.66666666666667,17,56.666666666666664,6,20.0,0,0.0,2,6.666666666666667,1,3.3333333333333335,4,13.333333333333334,2.3333333333333335,1.776388345929897,1.5,2.0,76.66666666666667,83.33333333333334,86.66666666666667,15,50.0,6,20.0,2,6.666666666666667,2,6.666666666666667,1,3.3333333333333335,4,13.333333333333334
150,True,2.0,1.4605934866804429,1.0,1.0,86.66666666666667,90.0,93.33333333333333,16,53.333333333333336,7,23.333333333333332,3,10.0,1,3.3333333333333335,1,3.3333333333333335,2,6.666666666666667,1.5666666666666667,1.1455226851626388,1.0,0.75,93.33333333333333,96.66666666666667,96.66666666666667,22,73.33333333333333,3,10.0,3,10.0,1,3.3333333333333335,0,0.0,1,3.3333333333333335,2.0,1.7888543819998317,1.0,1.0,83.33333333333334,83.33333333333334,86.66666666666667,21,70.0,2,6.666666666666667,2,6.666666666666667,0,0.0,1,3.3333333333333335,4,13.333333333333334,2.1333333333333333,1.521694961401777,1.5,1.75,80.0,90.0,93.33333333333333,15,50.0,7,23.333333333333332,2,6.666666666666667,3,10.0,1,3.3333333333333335,2,6.666666666666667
151,True,1.6333333333333333,1.1100550536897809,1.0,1.0,93.33333333333333,96.66666666666667,96.66666666666667,19,63.33333333333333,7,23.333333333333332,2,6.666666666666667,1,3.3333333333333335,0,0.0,1,3.3333333333333335,1.7,1.4410644214144859,1.0,0.75,90.0,90.0,93.33333333333333,22,73.33333333333333,3,10.0,2,6.666666666666667,0,0.0,1,3.3333333333333335,2,6.666666666666667,1.7333333333333334,1.339983416149452,1.0,1.0,93.33333333333333,93.33333333333333,93.33333333333333,20,66.66666666666666,4,13.333333333333334,4,13.333333333333334,0,0.0,0,0.0,2,6.666666666666667,2.2666666666666666,1.6316317667360556,1.5,2.0,83.33333333333334,86.66666666666667,90.0,15,50.0,4,13.333333333333334,6,20.0,1,3.3333333333333335,1,3.3333333333333335,3,10.0
152,False,2.1,1.5351438586225938,2.0,1.0,86.66666666666667,86.66666666666667,90.0,13,43.333333333333336,12,40.0,1,3.3333333333333335,0,0.0,1,3.3333333333333335,3,10.0,1.9666666666666666,1.601735170231195,1.0,1.0,86.66666666666667,86.66666666666667,90.0,18,60.0,6,20.0,2,6.666666666666667,0,0.0,1,3.3333333333333335,3,10.0,1.9333333333333333,1.5260697523012796,1.0,1.0,90.0,90.0,90.0,18,60.0,5,16.666666666666664,4,13.333333333333334,0,0.0,0,0.0,3,10.0,2.1333333333333333,1.4313940369055924,2.0,1.75,86.66666666666667,90.0,93.33333333333333,13,43.333333333333336,9,30.0,4,13.333333333333334,1,3.3333333333333335,1,3.3333333333333335,2,6.666666666666667
153,False,2.566666666666667,1.961008810677697,2.0,1.75,76.66666666666667,76.66666666666667,76.66666666666667,12,40.0,10,33.33333333333333,1,3.3333333333333335,0,0.0,0,0.0,7,23.333333333333332,2.033333333333333,1.6829207415152452,1.0,1.0,83.33333333333334,83.33333333333334,90.0,18,60.0,6,20.0,1,3.3333333333333335,0,0.0,2,6.666666666666667,3,10.0,2.1,1.7578395831246947,1.0,1.0,83.33333333333334,83.33333333333334,86.66666666666667,18,60.0,5,16.666666666666664,2,6.666666666666667,0,0.0,1,3.3333333333333335,4,13.333333333333334,2.566666666666667,1.8917951498216947,2.0,3.0,70.0,80.0,83.33333333333334,14,46.666666666666664,5,16.666666666666664,2,6.666666666666667,3,10.0,1,3.3333333333333335,5,16.666666666666664
154,False,2.9,1.8859126879754182,2.0,2.75,73.33333333333333,76.66666666666667,76.66666666666667,9,30.0,7,23.333333333333332,6,20.0,1,3.3333333333333335,0,0.0,7,23.333333333333332,2.3,1.917463602435954,1.0,2.0,76.66666666666667,80.0,83.33333333333334,18,60.0,3,10.0,2,6.666666666666667,1,3.3333333333333335,1,3.3333333333333335,5,16.666666666666664,2.2666666666666666,1.8061622912192088,1.0,2.0,83.33333333333334,83.33333333333334,83.33333333333334,16,53.333333333333336,5,16.666666666666664,4,13.333333333333334,0,0.0,0,0.0,5,16.666666666666664,2.7,1.345362404707371,3.0,1.75,73.33333333333333,90.0,96.66666666666667,7,23.333333333333332,7,23.333333333333332,8,26.666666666666668,5,16.666666666666664,2,6.666666666666667,1,3.3333333333333335
155,True,2.8666666666666667,1.746106780494506,2.0,2.75,66.66666666666666,76.66666666666667,86.66666666666667,8,26.666666666666668,9,30.0,3,10.0,3,10.0,3,10.0,4,13.333333333333334,2.1333333333333333,1.4544949486180951,1.5,2.0,80.0,90.0,96.66666666666667,15,50.0,6,20.0,3,10.0,3,10.0,2,6.666666666666667,1,3.3333333333333335,2.4,1.624807680927192,2.0,2.75,73.33333333333333,86.66666666666667,93.33333333333333,14,46.666666666666664,4,13.333333333333334,4,13.333333333333334,4,13.333333333333334,2,6.666666666666667,2,6.666666666666667,2.7333333333333334,1.7688665548562132,2.0,3.0,66.66666666666666,80.0,86.66666666666667,10,33.33333333333333,8,26.666666666666668,2,6.666666666666667,4,13.333333333333334,2,6.666666666666667,4,13.333333333333334
156,True,2.6,1.5832456116050557,2.0,2.0,80.0,83.33333333333334,90.0,9,30.0,8,26.666666666666668,7,23.333333333333332,1,3.3333333333333335,2,6.666666666666667,3,10.0,2.1333333333333333,1.8571184369578824,1.0,2.0,83.33333333333334,83.33333333333334,83.33333333333334,20,66.66666666666666,1,3.3333333333333335,4,13.333333333333334,0,0.0,0,0.0,5,16.666666666666664,2.2333333333333334,1.7065234314893605,1.0,1.75,76.66666666666667,80.0,93.33333333333333,16,53.333333333333336,6,20.0,1,3.3333333333333335,1,3.3333333333333335,4,13.333333333333334,2,6.666666666666667,2.433333333333333,1.7259457954666158,1.5,3.0,70.0,86.66666666666667,90.0,15,50.0,3,10.0,3,10.0,5,16.666666666666664,1,3.3333333333333335,3,10.0
157,True,1.9,1.5132745950421556,1.0,1.0,83.33333333333334,90.0,93.33333333333333,19,63.33333333333333,5,16.666666666666664,1,3.3333333333333335,2,6.666666666666667,1,3.3333333333333335,2,6.666666666666667,1.6,1.3564659966250536,1.0,0.0,90.0,93.33333333333333,93.33333333333333,23,76.66666666666667,3,10.0,1,3.3333333333333335,1,3.3333333333333335,0,0.0,2,6.666666666666667,1.6,1.3564659966250536,1.0,0.0,90.0,93.33333333333333,93.33333333333333,23,76.66666666666667,3,10.0,1,3.3333333333333335,1,3.3333333333333335,0,0.0,2,6.666666666666667,2.466666666666667,1.8749814813900312,1.5,2.0,76.66666666666667,80.0,83.33333333333334,15,50.0,4,13.333333333333334,4,13.333333333333334,1,3.3333333333333335,1,3.3333333333333335,5,16.666666666666664
158,True,2.533333333333333,1.687865186822955,2.0,2.0,76.66666666666667,86.66666666666667,86.66666666666667,12,40.0,5,16.666666666666664,6,20.0,3,10.0,0,0.0,4,13.333333333333334,1.8666666666666667,1.5860503004493758,1.0,1.0,86.66666666666667,90.0,90.0,21,70.0,2,6.666666666666667,3,10.0,1,3.3333333333333335,0,0.0,3,10.0,2.033333333333333,1.7026123718829513,1.0,1.75,86.66666666666667,86.66666666666667,86.66666666666667,19,63.33333333333333,3,10.0,4,13.333333333333334,0,0.0,0,0.0,4,13.333333333333334,2.8666666666666667,2.0121851030382096,2.0,4.0,66.66666666666666,70.0,80.0,13,43.333333333333336,3,10.0,4,13.333333333333334,1,3.3333333333333335,3,10.0,6,20.0
159,True,1.8666666666666667,1.3097921802925665,1.0,1.0,93.33333333333333,93.33333333333333,93.33333333333333,16,53.333333333333336,8,26.666666666666668,4,13.333333333333334,0,0.0,0,0.0,2,6.666666666666667,1.8,1.5577761927397233,1.0,1.0,86.66666666666667,90.0,90.0,21,70.0,4,13.333333333333334,1,3.3333333333333335,1,3.3333333333333335,0,0.0,3,10.0,2.1666666666666665,1.694763175851488,1.0,1.75,76.66666666666667,86.66666666666667,90.0,17,56.666666666666664,5,16.666666666666664,1,3.3333333333333335,3,10.0,1,3.3333333333333335,3,10.0,2.533333333333333,1.8571184369578826,2.0,2.0,76.66666666666667,80.0,83.33333333333334,14,46.666666666666664,4,13.333333333333334,5,16.666666666666664,1,3.3333333333333335,1,3.3333333333333335,5,16.666666666666664
160,True,3.033333333333333,1.7978382080215733,2.5,2.0,66.66666666666666,76.66666666666667,80.0,7,23.333333333333332,8,26.666666666666668,5,16.666666666666664,3,10.0,1,3.3333333333333335,6,20.0,2.2666666666666666,1.7688665548562132,1.0,2.0,76.66666666666667,86.66666666666667,86.66666666666667,17,56.666666666666664,3,10.0,3,10.0,3,10.0,0,0.0,4,13.333333333333334,2.1,1.5132745950421556,1.0,2.0,83.33333333333334,90.0,93.33333333333333,16,53.333333333333336,5,16.666666666666664,4,13.333333333333334,2,6.666666666666667,1,3.3333333333333335,2,6.666666666666667,2.6333333333333333,1.9405039437103846,1.5,3.0,70.0,76.66666666666667,83.33333333333334,15,50.0,2,6.666666666666667,4,13.333333333333334,2,6.666666666666667,2,6.666666666666667,5,16.666666666666664
161,False,2.1,1.556705923844749,1.5,1.0,83.33333333333334,90.0,90.0,15,50.0,8,26.666666666666668,2,6.666666666666667,2,6.666666666666667,0,0.0,3,10.0,1.8666666666666667,1.5434449203720302,1.0,1.0,86.66666666666667,90.0,90.0,19,63.33333333333333,6,20.0,1,3.3333333333333335,1,3.3333333333333335,0,0.0,3,10.0,2.066666666666667,1.6316317667360556,1.0,1.0,83.33333333333334,86.66666666666667,90.0,17,56.666666666666664,6,20.0,2,6.666666666666667,1,3.3333333333333335,1,3.3333333333333335,3,10.0,2.2333333333333334,1.6868774571839995,2.0,1.0,80.0,86.66666666666667,86.66666666666667,14,46.666666666666664,9,30.0,1,3.3333333333333335,2,6.666666666666667,0,0.0,4,13.333333333333334
162,True,2.466666666666667,1.7074997966487597,2.0,2.0,83.33333333333334,83.33333333333334,83.33333333333334,10,33.33333333333333,11,36.666666666666664,4,13.333333333333334,0,0.0,0,0.0,5,16.666666666666664,2.0,1.7701224063135672,1.0,1.0,83.33333333333334,83.33333333333334,86.66666666666667,20,66.66666666666666,4,13.333333333333334,1,3.3333333333333335,0,0.0,1,3.3333333333333335,4,13.333333333333334,2.3,2.0024984394500787,1.0,1.0,76.66666666666667,76.66666666666667,80.0,18,60.0,5,16.666666666666664,0,0.0,0,0.0,1,3.3333333333333335,6,20.0,2.8,2.072036035722674,2.0,4.0,70.0,70.0,76.66666666666667,14,46.666666666666664,3,10.0,4,13.333333333333334,0,0.0,2,6.666666666666667,7,23.333333333333332
163,False,2.466666666666667,1.6478942792411035,2.0,2.0,80.0,86.66666666666667,86.66666666666667,11,36.666666666666664,8,26.666666666666668,5,16.666666666666664,2,6.666666666666667,0,0.0,4,13.333333333333334,2.1,1.6802777548171413,1.0,1.0,83.33333333333334,86.66666666666667,86.66666666666667,16,53.333333333333336,8,26.666666666666668,1,3.3333333333333335,1,3.3333333333333335,0,0.0,4,13.333333333333334,2.3666666666666667,1.8526257642120336,1.5,1.75,76.66666666666667,76.66666666666667,86.66666666666667,15,50.0,7,23.333333333333332,1,3.3333333333333335,0,0.0,3,10.0,4,13.333333333333334,2.6666666666666665,1.9720265943665387,2.0,3.5,73.33333333333333,73.33333333333333,80.0,13,43.333333333333336,6,20.0,3,10.0,0,0.0,2,6.666666666666667,6,20.0
164,False,1.9,1.598957994028194,1.0,1.0,86.66666666666667,86.66666666666667,90.0,19,63.33333333333333,6,20.0,1,3.3333333333333335,0,0.0,1,3.3333333333333335,3,10.0,1.6333333333333333,1.4019827229875395,1.0,0.75,90.0,90.0,93.33333333333333,22,73.33333333333333,5,16.666666666666664,0,0.0,0,0.0,1,3.3333333333333335,2,6.666666666666667,1.9,1.7767010628315238,1.0,0.75,83.33333333333334,83.33333333333334,86.66666666666667,22,73.33333333333333,3,10.0,0,0.0,0,0.0,1,3.3333333333333335,4,13.333333333333334,2.6333333333333333,2.057236549894596,2.0,3.75,70.0,73.33333333333333,76.66666666666667,14,46.666666666666664,7,23.333333333333332,0,0.0,1,3.3333333333333335,1,3.3333333333333335,7,23.333333333333332
165,False,2.433333333333333,1.7065234314893605,2.0,3.0,70.0,86.66666666666667,90.0,14,46.666666666666664,5,16.666666666666664,2,6.666666666666667,5,16.666666666666664,1,3.3333333333333335,3,10.0,2.066666666666667,1.730767331432956,1.0,1.0,80.0,83.33333333333334,90.0,19,63.33333333333333,4,13.333333333333334,1,3.3333333333333335,1,3.3333333333333335,2,6.666666666666667,3,10.0,2.2666666666666666,1.8061622912192088,1.0,2.0,76.66666666666667,83.33333333333334,86.66666666666667,17,56.666666666666664,4,13.333333333333334,2,6.666666666666667,2,6.666666666666667,1,3.3333333333333335,4,13.333333333333334,2.066666666666667,1.4817407180595248,1.0,2.0,83.33333333333334,93.33333333333333,93.33333333333333,17,56.666666666666664,3,10.0,5,16.666666666666664,3,10.0,0,0.0,2,6.666666666666667
166,False,2.066666666666667,1.3888444437333105,1.5,2.0,90.0,93.33333333333333,93.33333333333333,15,50.0,5,16.666666666666664,7,23.333333333333332,1,3.3333333333333335,0,0.0,2,6.666666666666667,1.7,1.3699148392023013,1.0,1.0,90.0,93.33333333333333,93.33333333333333,21,70.0,4,13.333333333333334,2,6.666666666666667,1,3.3333333333333335,0,0.0,2,6.666666666666667,2.2333333333333334,1.8199511592958266,1.0,2.0,83.33333333333334,83.33333333333334,83.33333333333334,17,56.666666666666664,4,13.333333333333334,4,13.333333333333334,0,0.0,0,0.0,5,16.666666666666664,2.3666666666666667,1.662995957768856,2.0,2.0,83.33333333333334,86.66666666666667,86.66666666666667,13,43.333333333333336,6,20.0,6,20.0,1,3.3333333333333335,0,0.0,4,13.333333333333334
167,True,1.9666666666666666,1.3535960336164634,2.0,1.0,90.0,90.0,93.33333333333333,13,43.333333333333336,13,43.333333333333336,1,3.3333333333333335,0,0.0,1,3.3333333333333335,2,6.666666666666667,1.7,1.1298967504452198,1.0,1.0,93.33333333333333,96.66666666666667,96.66666666666667,18,60.0,7,23.333333333333332,3,10.0,1,3.3333333333333335,0,0.0,1,3.3333333333333335,2.033333333333333,1.4019827229875392,1.5,1.75,86.66666666666667,93.33333333333333,93.33333333333333,15,50.0,7,23.333333333333332,4,13.333333333333334,2,6.666666666666667,0,0.0,2,6.666666666666667,2.3666666666666667,1.7978382080215731,2.0,2.0,80.0,83.33333333333334,83.33333333333334,14,46.666666666666664,7,23.333333333333332,3,10.0,1,3.3333333333333335,0,0.0,5,16.666666666666664
168,True,2.566666666666667,1.7259457954666158,2.0,2.0,76.66666666666667,83.33333333333334,83.33333333333334,9,30.0,12,40.0,2,6.666666666666667,2,6.666666666666667,0,0.0,5,16.666666666666664,2.1333333333333333,1.80246744461277,1.0,1.0,83.33333333333334,83.33333333333334,83.33333333333334,17,56.666666666666664,7,23.333333333333332,1,3.3333333333333335,0,0.0,0,0.0,5,16.666666666666664,2.1666666666666665,1.6749792701868151,1.5,1.0,83.33333333333334,86.66666666666667,86.66666666666667,15,50.0,8,26.666666666666668,2,6.666666666666667,1,3.3333333333333335,0,0.0,4,13.333333333333334,2.533333333333333,1.746106780494506,2.0,2.75,73.33333333333333,83.33333333333334,86.66666666666667,12,40.0,7,23.333333333333332,3,10.0,3,10.0,1,3.3333333333333335,4,13.333333333333334
169,False,2.8,1.9561867668161614,2.0,3.5,73.33333333333333,73.33333333333333,76.66666666666667,10,33.33333333333333,9,30.0,3,10.0,0,0.0,1,3.3333333333333335,7,23.333333333333332,1.9666666666666666,1.7026123718829511,1.0,1.0,86.66666666666667,86.66666666666667,86.66666666666667,20,66.66666666666666,3,10.0,3,10.0,0,0.0,0,0.0,4,13.333333333333334,2.2666666666666666,1.9482185594936612,1.0,1.75,80.0,80.0,80.0,18,60.0,4,13.333333333333334,2,6.666666666666667,0,0.0,0,0.0,6,20.0,2.5,1.9450792614526877,2.0,2.0,76.66666666666667,76.66666666666667,80.0,14,46.666666666666664,7,23.333333333333332,2,6.666666666666667,0,0.0,1,3.3333333333333335,6,20.0
170,True,2.066666666666667,1.671991493864594,1.0,1.0,83.33333333333334,83.33333333333334,90.0,17,56.666666666666664,7,23.333333333333332,1,3.3333333333333335,0,0.0,2,6.666666666666667,3,10.0,1.8666666666666667,1.6275407487644937,1.0,1.0,86.66666666666667,86.66666666666667,90.0,21,70.0,3,10.0,2,6.666666666666667,0,0.0,1,3.3333333333333335,3,10.0,2.1333333333333333,1.8208667044996885,1.0,1.0,83.33333333333334,83.33333333333334,83.33333333333334,18,60.0,5,16.666666666666664,2,6.666666666666667,0,0.0,0,0.0,5,16.666666666666664,2.433333333333333,1.8562207723101138,1.5,2.75,73.33333333333333,83.33333333333334,83.33333333333334,15,50.0,5,16.666666666666664,2,6.666666666666667,3,10.0,0,0.0,5,16.666666666666664
171,False,2.3,1.7540429489230491,2.0,1.0,83.33333333333334,83.33333333333334,83.33333333333334,13,43.333333333333336,10,33.33333333333333,2,6.666666666666667,0,0.0,0,0.0,5,16.666666666666664,2.0,1.6931233465600393,1.0,1.0,83.33333333333334,86.66666666666667,86.66666666666667,18,60.0,7,23.333333333333332,0,0.0,1,3.3333333333333335,0,0.0,4,13.333333333333334,2.3333333333333335,1.9720265943665387,1.0,2.0,76.66666666666667,80.0,80.0,18,60.0,3,10.0,2,6.666666666666667,1,3.3333333333333335,0,0.0,6,20.0,2.933333333333333,2.0154955277107964,2.0,4.0,63.33333333333333,66.66666666666666,80.0,11,36.666666666666664,7,23.333333333333332,1,3.3333333333333335,1,3.3333333333333335,4,13.333333333333334,6,20.0
172,True,2.8666666666666667,1.8571184369578826,2.0,3.0,70.0,76.66666666666667,80.0,9,30.0,8,26.666666666666668,4,13.333333333333334,2,6.666666666666667,1,3.3333333333333335,6,20.0,2.066666666666667,1.6316317667360556,1.0,1.0,76.66666666666667,86.66666666666667,93.33333333333333,18,60.0,5,16.666666666666664,0,0.0,3,10.0,2,6.666666666666667,2,6.666666666666667,2.3,1.7729448195962931,1.0,2.75,73.33333333333333,86.66666666666667,86.66666666666667,16,53.333333333333336,5,16.666666666666664,1,3.3333333333333335,4,13.333333333333334,0,0.0,4,13.333333333333334,2.2333333333333334,1.3585122581543223,2.0,2.0,80.0,93.33333333333333,96.66666666666667,12,40.0,8,26.666666666666668,4,13.333333333333334,4,13.333333333333334,1,3.3333333333333335,1,3.3333333333333335
173,True,2.2333333333333334,1.6868774571839993,2.0,1.0,83.33333333333334,83.33333333333334,86.66666666666667,13,43.333333333333336,11,36.666666666666664,1,3.3333333333333335,0,0.0,1,3.3333333333333335,4,13.333333333333334,2.1,1.7767010628315238,1.0,1.0,80.0,83.33333333333334,86.66666666666667,18,60.0,6,20.0,0,0.0,1,3.3333333333333335,1,3.3333333333333335,4,13.333333333333334,2.533333333333333,1.9787762772874442,1.5,2.75,73.33333333333333,76.66666666666667,80.0,15,50.0,5,16.666666666666664,2,6.666666666666667,1,3.3333333333333335,1,3.3333333333333335,6,20.0,2.7666666666666666,1.9439364415764444,2.0,3.75,70.0,73.33333333333333,80.0,11,36.666666666666664,8,26.666666666666668,2,6.666666666666667,1,3.3333333333333335,2,6.666666666666667,6,20.0
174,False,2.7,1.8284784202536637,2.0,2.0,76.66666666666667,80.0,80.0,10,33.33333333333333,8,26.666666666666668,5,16.666666666666664,1,3.3333333333333335,0,0.0,6,20.0,2.066666666666667,1.671991493864594,1.0,2.0,83.33333333333334,86.66666666666667,90.0,19,63.33333333333333,2,6.666666666666667,4,13.333333333333334,1,3.3333333333333335,1,3.3333333333333335,3,10.0,2.3666666666666667,2.008039397577204,1.0,2.0,76.66666666666667,76.66666666666667,80.0,18,60.0,3,10.0,2,6.666666666666667,0,0.0,1,3.3333333333333335,6,20.0,2.8,1.8147543451754933,2.0,3.0,70.0,76.66666666666667,83.33333333333334,9,30.0,9,30.0,3,10.0,2,6.666666666666667,2,6.666666666666667,5,16.666666666666664
175,True,2.1666666666666665,1.3682917167849196,2.0,2.0,86.66666666666667,93.33333333333333,93.33333333333333,12,40.0,9,30.0,5,16.666666666666664,2,6.666666666666667,0,0.0,2,6.666666666666667,1.9666666666666666,1.6629959577688562,1.0,1.0,83.33333333333334,86.66666666666667,90.0,20,66.66666666666666,3,10.0,2,6.666666666666667,1,3.3333333333333335,1,3.3333333333333335,3,10.0,2.1,1.7,1.0,1.0,83.33333333333334,86.66666666666667,86.66666666666667,17,56.666666666666664,6,20.0,2,6.666666666666667,1,3.3333333333333335,0,0.0,4,13.333333333333334,2.3333333333333335,1.6193277068654826,2.0,2.0,80.0,83.33333333333334,93.33333333333333,14,46.666666666666664,5,16.666666666666664,5,16.666666666666664,1,3.3333333333333335,3,10.0,2,6.666666666666667
176,True,2.466666666666667,1.5434449203720302,2.0,2.0,76.66666666666667,83.33333333333334,93.33333333333333,9,30.0,12,40.0,2,6.666666666666667,2,6.666666666666667,3,10.0,2,6.666666666666667,2.2333333333333334,1.7829438827088442,1.5,1.0,83.33333333333334,83.33333333333334,83.33333333333334,15,50.0,8,26.666666666666668,2,6.666666666666667,0,0.0,0,0.0,5,16.666666666666664,2.4,1.6852299546352716,2.0,1.75,80.0,83.33333333333334,86.66666666666667,11,36.666666666666664,11,36.666666666666664,2,6.666666666666667,1,3.3333333333333335,1,3.3333333333333335,4,13.333333333333334,2.6333333333333333,1.8882678717691395,2.0,2.0,76.66666666666667,76.66666666666667,80.0,11,36.666666666666664,9,30.0,3,10.0,0,0.0,1,3.3333333333333335,6,20.0
177,True,2.3666666666666667,1.4255603186895398,2.0,2.0,83.33333333333334,90.0,93.33333333333333,10,33.33333333333333,9,30.0,6,20.0,2,6.666666666666667,1,3.3333333333333335,2,6.666666666666667,2.033333333333333,1.6629959577688562,1.0,1.75,83.33333333333334,86.66666666666667,90.0,19,63.33333333333333,3,10.0,3,10.0,1,3.3333333333333335,1,3.3333333333333335,3,10.0,2.2,1.7962924780409972,1.0,2.0,80.0,83.33333333333334,86.66666666666667,18,60.0,3,10.0,3,10.0,1,3.3333333333333335,1,3.3333333333333335,4,13.333333333333334,2.5,1.875277757204694,1.5,2.0,76.66666666666667,80.0,83.33333333333334,15,50.0,3,10.0,5,16.666666666666664,1,3.3333333333333335,1,3.3333333333333335,5,16.666666666666664
178,False,1.8666666666666667,1.203698005684519,2.0,1.0,90.0,93.33333333333333,96.66666666666667,14,46.666666666666664,12,40.0,1,3.3333333333333335,1,3.3333333333333335,1,3.3333333333333335,1,3.3333333333333335,1.7666666666666666,1.5423647068345698,1.0,1.0,86.66666666666667,90.0,90.0,21,70.0,5,16.666666666666664,0,0.0,1,3.3333333333333335,0,0.0,3,10.0,1.9,1.6603212540549697,1.0,1.0,86.66666666666667,86.66666666666667,86.66666666666667,19,63.33333333333333,7,23.333333333333332,0,0.0,0,0.0,0,0.0,4,13.333333333333334,2.7,1.8645821694595996,2.0,3.0,70.0,76.66666666666667,83.33333333333334,11,36.666666666666664,8,26.666666666666668,2,6.666666666666667,2,6.666666666666667,2,6.666666666666667,5,16.666666666666664
179,True,2.4,1.6451950239004085,2.0,2.0,80.0,86.66666666666667,86.66666666666667,11,36.666666666666664,10,33.33333333333333,3,10.0,2,6.666666666666667,0,0.0,4,13.333333333333334,1.9333333333333333,1.4360439485692011,1.0,1.0,86.66666666666667,90.0,93.33333333333333,16,53.333333333333336,9,30.0,1,3.3333333333333335,1,3.3333333333333335,1,3.3333333333333335,2,6.666666666666667,2.4,1.8726095873584185,1.5,2.0,76.66666666666667,80.0,83.33333333333334,15,50.0,6,20.0,2,6.666666666666667,1,3.3333333333333335,1,3.3333333333333335,5,16.666666666666664,2.533333333333333,1.8208667044996885,2.0,3.0,70.0,80.0,86.66666666666667,13,43.333333333333336,7,23.333333333333332,1,3.3333333333333335,3,10.0,2,6.666666666666667,4,13.333333333333334
180,True,2.2666666666666666,1.5260697523012796,2.0,2.0,83.33333333333334,90.0,90.0,12,40.0,9,30.0,4,13.333333333333334,2,6.666666666666667,0,0.0,3,10.0,2.033333333333333,1.7413277182145301,1.0,1.0,80.0,86.66666666666667,86.66666666666667,19,63.33333333333333,5,16.666666666666664,0,0.0,2,6.666666666666667,0,0.0,4,13.333333333333334,2.3333333333333335,1.7950549357115013,1.5,2.0,80.0,80.0,86.66666666666667,15,50.0,6,20.0,3,10.0,0,0.0,2,6.666666666666667,4,13.333333333333334,2.5,1.9450792614526877,2.0,2.0,76.66666666666667,76.66666666666667,80.0,14,46.666666666666664,7,23.333333333333332,2,6.666666666666667,0,0.0,1,3.3333333333333335,6,20.0
181,False,2.533333333333333,1.839081896551163,2.0,2.75,73.33333333333333,83.33333333333334,83.33333333333334,14,46.666666666666664,4,13.333333333333334,4,13.333333333333334,3,10.0,0,0.0,5,16.666666666666664,2.1666666666666665,1.654958878307521,1.0,2.0,76.66666666666667,90.0,90.0,17,56.666666666666664,4,13.333333333333334,2,6.666666666666667,4,13.333333333333334,0,0.0,3,10.0,2.4,1.854723699099141,1.5,2.75,73.33333333333333,83.33333333333334,83.33333333333334,15,50.0,6,20.0,1,3.3333333333333335,3,10.0,0,0.0,5,16.666666666666664,2.433333333333333,1.8015425489162211,2.0,2.0,76.66666666666667,83.33333333333334,83.33333333333334,13,43.333333333333336,8,26.666666666666668,2,6.666666666666667,2,6.666666666666667,0,0.0,5,16.666666666666664
182,False,2.3333333333333335,1.6996731711975948,2.0,2.0,80.0,86.66666666666667,86.66666666666667,14,46.666666666666664,6,20.0,4,13.333333333333334,2,6.666666666666667,0,0.0,4,13.333333333333334,1.9666666666666666,1.5595583420386112,1.0,1.0,86.66666666666667,90.0,90.0,18,60.0,5,16.666666666666664,3,10.0,1,3.3333333333333335,0,0.0,3,10.0,2.1333333333333333,1.687865186822955,1.0,1.0,83.33333333333334,86.66666666666667,86.66666666666667,16,53.333333333333336,7,23.333333333333332,2,6.666666666666667,1,3.3333333333333335,0,0.0,4,13.333333333333334,2.2333333333333334,1.7259457954666158,1.0,2.0,80.0,86.66666666666667,86.66666666666667,16,53.333333333333336,5,16.666666666666664,3,10.0,2,6.666666666666667,0,0.0,4,13.333333333333334
183,True,2.433333333333333,1.7065234314893605,2.0,2.0,80.0,83.33333333333334,86.66666666666667,12,40.0,8,26.666666666666668,4,13.333333333333334,1,3.3333333333333335,1,3.3333333333333335,4,13.333333333333334,1.9333333333333333,1.6918103387266026,1.0,1.0,86.66666666666667,86.66666666666667,86.66666666666667,20,66.66666666666666,4,13.333333333333334,2,6.666666666666667,0,0.0,0,0.0,4,13.333333333333334,1.9666666666666666,1.53803626600791,1.0,1.0,86.66666666666667,90.0,90.0,17,56.666666666666664,7,23.333333333333332,2,6.666666666666667,1,3.3333333333333335,0,0.0,3,10.0,2.3666666666666667,1.6629959577688562,2.0,2.0,83.33333333333334,86.66666666666667,86.66666666666667,13,43.333333333333336,6,20.0,6,20.0,1,3.3333333333333335,0,0.0,4,13.333333333333334
184,True,1.8666666666666667,1.3349989596333856,1.0,1.0,90.0,93.33333333333333,93.33333333333333,16,53.333333333333336,9,30.0,2,6.666666666666667,1,3.3333333333333335,0,0.0,2,6.666666666666667,1.9,1.6802777548171413,1.0,1.0,86.66666666666667,86.66666666666667,86.66666666666667,20,66.66666666666666,5,16.666666666666664,1,3.3333333333333335,0,0.0,0,0.0,4,13.333333333333334,2.2,1.7397317800933185,1.0,1.75,83.33333333333334,83.33333333333334,86.66666666666667,16,53.333333333333336,6,20.0,3,10.0,0,0.0,1,3.3333333333333335,4,13.333333333333334,2.1,1.4224392195567912,2.0,1.75,83.33333333333334,93.33333333333333,93.33333333333333,14,46.666666666666664,8,26.666666666666668,3,10.0,3,10.0,0,0.0,2,6.666666666666667
185,False,2.1,1.6603212540549694,1.0,1.0,86.66666666666667,86.66666666666667,86.66666666666667,16,53.333333333333336,7,23.333333333333332,3,10.0,0,0.0,0,0.0,4,13.333333333333334,2.033333333333333,1.6829207415152452,1.0,1.0,83.33333333333334,83.33333333333334,90.0,18,60.0,6,20.0,1,3.3333333333333335,0,0.0,2,6.666666666666667,3,10.0,2.466666666666667,1.8926759422104522,2.0,2.0,76.66666666666667,76.66666666666667,83.33333333333334,14,46.666666666666664,7,23.333333333333332,2,6.666666666666667,0,0.0,2,6.666666666666667,5,16.666666666666664,2.3,1.8645821694595996,1.0,2.5,73.33333333333333,80.0,86.66666666666667,17,56.666666666666664,5,16.666666666666664,0,0.0,2,6.666666666666667,2,6.666666666666667,4,13.333333333333334
186,True,2.1333333333333333,1.6478942792411035,1.5,1.0,86.66666666666667,86.66666666666667,86.66666666666667,15,50.0,8,26.666666666666668,3,10.0,0,0.0,0,0.0,4,13.333333333333334,1.7333333333333334,1.2892719737209144,1.0,1.0,93.33333333333333,93.33333333333333,93.33333333333333,18,60.0,8,26.666666666666668,2,6.666666666666667,0,0.0,0,0.0,2,6.666666666666667,1.7,1.0692676621563626,1.0,1.0,96.66666666666667,96.66666666666667,96.66666666666667,17,56.666666666666664,8,26.666666666666668,4,13.333333333333334,0,0.0,0,0.0,1,3.3333333333333335,2.5,1.9790570145063195,1.5,2.75,73.33333333333333,76.66666666666667,80.0,15,50.0,6,20.0,1,3.3333333333333335,1,3.3333333333333335,1,3.3333333333333335,6,20.0
187,False,2.466666666666667,1.7838784213679537,2.0,1.75,80.0,80.0,83.33333333333334,11,36.666666666666664,11,36.666666666666664,2,6.666666666666667,0,0.0,1,3.3333333333333335,5,16.666666666666664,1.7333333333333334,1.18133634311129,1.0,1.0,90.0,96.66666666666667,96.66666666666667,18,60.0,7,23.333333333333332,2,6.666666666666667,2,6.666666666666667,0,0.0,1,3.3333333333333335,2.3333333333333335,1.757523510195209,2.0,1.75,83.33333333333334,83.33333333333334,83.33333333333334,13,43.333333333333336,9,30.0,3,10.0,0,0.0,0,0.0,5,16.666666666666664,2.433333333333333,1.7641491496532322,2.0,2.0,80.0,83.33333333333334,83.33333333333334,12,40.0,9,30.0,3,10.0,1,3.3333333333333335,0,0.0,5,16.666666666666664
188,False,2.3666666666666667,1.7978382080215731,2.0,2.0,80.0,83.33333333333334,83.33333333333334,14,46.666666666666664,7,23.333333333333332,3,10.0,1,3.3333333333333335,0,0.0,5,16.666666666666664,1.9333333333333333,1.590248058916875,1.0,1.0,83.33333333333334,90.0,90.0,19,63.33333333333333,5,16.666666666666664,1,3.3333333333333335,2,6.666666666666667,0,0.0,3,10.0,2.2,1.7009801096230763,1.0,2.0,76.66666666666667,86.66666666666667,90.0,17,56.666666666666664,4,13.333333333333334,2,6.666666666666667,3,10.0,1,3.3333333333333335,3,10.0,2.533333333333333,1.8749814813900312,2.0,2.0,76.66666666666667,76.66666666666667,83.33333333333334,13,43.333333333333336,7,23.333333333333332,3,10.0,0,0.0,2,6.666666666666667,5,16.666666666666664
189,True,2.2666666666666666,1.6719914938645934,2.0,2.0,83.33333333333334,86.66666666666667,86.66666666666667,14,46.666666666666664,7,23.333333333333332,4,13.333333333333334,1,3.3333333333333335,0,0.0,4,13.333333333333334,2.0,1.591644851508443,1.0,1.0,83.33333333333334,90.0,90.0,18,60.0,5,16.666666666666664,2,6.666666666666667,2,6.666666666666667,0,0.0,3,10.0,2.033333333333333,1.5162087220725544,1.0,2.0,80.0,93.33333333333333,93.33333333333333,18,60.0,3,10.0,3,10.0,4,13.333333333333334,0,0.0,2,6.666666666666667,2.4,1.6248076809271923,2.0,2.0,80.0,86.66666666666667,90.0,13,43.333333333333336,5,16.666666666666664,6,20.0,2,6.666666666666667,1,3.3333333333333335,3,10.0
190,False,2.466666666666667,1.746106780494506,2.0,1.0,76.66666666666667,83.33333333333334,83.33333333333334,10,33.33333333333333,13,43.333333333333336,0,0.0,2,6.666666666666667,0,0.0,5,16.666666666666664,1.8,1.32664991614216,1.0,1.0,93.33333333333333,93.33333333333333,93.33333333333333,18,60.0,6,20.0,4,13.333333333333334,0,0.0,0,0.0,2,6.666666666666667,2.5,1.9958289839896939,2.0,1.75,76.66666666666667,76.66666666666667,76.66666666666667,14,46.666666666666664,8,26.666666666666668,1,3.3333333333333335,0,0.0,0,0.0,7,23.333333333333332,2.3666666666666667,1.6829207415152447,2.0,2.0,83.33333333333334,83.33333333333334,86.66666666666667,12,40.0,9,30.0,4,13.333333333333334,0,0.0,1,3.3333333333333335,4,13.333333333333334
191,True,1.7333333333333334,1.1527744310527053,1.0,1.0,93.33333333333333,96.66666666666667,96.66666666666667,18,60.0,6,20.0,4,13.333333333333334,1,3.3333333333333335,0,0.0,1,3.3333333333333335,1.7,1.3203534880225574,1.0,1.0,93.33333333333333,93.33333333333333,93.33333333333333,20,66.66666666666666,5,16.666666666666664,3,10.0,0,0.0,0,0.0,2,6.666666666666667,2.033333333333333,1.6629959577688562,1.0,1.75,83.33333333333334,86.66666666666667,90.0,19,63.33333333333333,3,10.0,3,10.0,1,3.3333333333333335,1,3.3333333333333335,3,10.0,2.8333333333333335,2.0179747823553744,2.0,3.75,66.66666666666666,73.33333333333333,76.66666666666667,12,40.0,6,20.0,2,6.666666666666667,2,6.666666666666667,1,3.3333333333333335,7,23.333333333333332
192,False,2.433333333333333,1.7259457954666158,2.0,1.75,80.0,80.0,86.66666666666667,11,36.666666666666664,11,36.666666666666664,2,6.666666666666667,0,0.0,2,6.666666666666667,4,13.333333333333334,1.9333333333333333,1.590248058916875,1.0,1.0,86.66666666666667,86.66666666666667,90.0,18,60.0,7,23.333333333333332,1,3.3333333333333335,0,0.0,1,3.3333333333333335,3,10.0,2.2666666666666666,1.8785337071473829,1.0,1.75,80.0,80.0,83.33333333333334,17,56.666666666666664,5,16.666666666666664,2,6.666666666666667,0,0.0,1,3.3333333333333335,5,16.666666666666664,2.8,2.181742422927143,1.0,4.75,63.33333333333333,70.0,73.33333333333333,16,53.333333333333336,2,6.666666666666667,1,3.3333333333333335,2,6.666666666666667,1,3.3333333333333335,8,26.666666666666668
193,False,2.5,1.91049731745428,2.0,2.0,76.66666666666667,80.0,80.0,14,46.666666666666664,6,20.0,3,10.0,1,3.3333333333333335,0,0.0,6,20.0,1.9666666666666666,1.7026123718829513,1.0,1.0,86.66666666666667,86.66666666666667,86.66666666666667,20,66.66666666666666,3,10.0,3,10.0,0,0.0,0,0.0,4,13.333333333333334,2.2,1.9043809142780932,1.0,1.75,80.0,80.0,83.33333333333334,19,63.33333333333333,3,10.0,2,6.666666666666667,0,0.0,1,3.3333333333333335,5,16.666666666666664,2.6,1.9933221850301406,2.0,2.0,76.66666666666667,76.66666666666667,76.66666666666667,14,46.666666666666664,5,16.666666666666664,4,13.333333333333334,0,0.0,0,0.0,7,23.333333333333332
194,True,2.4,1.7243356208503413,2.0,2.0,80.0,83.33333333333334,86.66666666666667,13,43.333333333333336,7,23.333333333333332,4,13.333333333333334,1,3.3333333333333335,1,3.3333333333333335,4,13.333333333333334,1.9333333333333333,1.6110727964792761,1.0,1.0,86.66666666666667,86.66666666666667,90.0,19,63.33333333333333,5,16.666666666666664,2,6.666666666666667,0,0.0,1,3.3333333333333335,3,10.0,2.1333333333333333,1.7650936393164969,1.0,1.75,83.33333333333334,83.33333333333334,86.66666666666667,18,60.0,4,13.333333333333334,3,10.0,0,0.0,1,3.3333333333333335,4,13.333333333333334,2.3,1.676305461424021,2.0,2.0,80.0,83.33333333333334,90.0,14,46.666666666666664,7,23.333333333333332,3,10.0,1,3.3333333333333335,2,6.666666666666667,3,10.0
195,True,1.7666666666666666,1.0857664983268223,1.5,1.0,93.33333333333333,96.66666666666667,96.66666666666667,15,50.0,11,36.666666666666664,2,6.666666666666667,1,3.3333333333333335,0,0.0,1,3.3333333333333335,1.8,1.3759844960366863,1.0,1.0,90.0,90.0,93.33333333333333,17,56.666666666666664,10,33.33333333333333,0,0.0,0,0.0,1,3.3333333333333335,2,6.666666666666667,2.066666666666667,1.6316317667360556,1.5,1.0,86.66666666666667,86.66666666666667,86.66666666666667,15,50.0,10,33.33333333333333,1,3.3333333333333335,0,0.0,0,0.0,4,13.333333333333334,2.033333333333333,1.4255603186895396,1.5,1.0,86.66666666666667,86.66666666666667,96.66666666666667,15,50.0,8,26.666666666666668,3,10.0,0,0.0,3,10.0,1,3.3333333333333335
196,True,2.1666666666666665,1.4624940645653537,2.0,1.0,86.66666666666667,90.0,90.0,11,36.666666666666664,13,43.333333333333336,2,6.666666666666667,1,3.3333333333333335,0,0.0,3,10.0,2.033333333333333,1.53803626600791,1.0,1.0,86.66666666666667,90.0,90.0,16,53.333333333333336,7,23.333333333333332,3,10.0,1,3.3333333333333335,0,0.0,3,10.0,1.9666666666666666,1.4019827229875392,1.5,1.0,90.0,90.0,93.33333333333333,15,50.0,9,30.0,3,10.0,0,0.0,1,3.3333333333333335,2,6.666666666666667,2.8333333333333335,2.0179747823553744,2.0,4.0,70.0,70.0,76.66666666666667,11,36.666666666666664,8,26.666666666666668,2,6.666666666666667,0,0.0,2,6.666666666666667,7,23.333333333333332
197,True,2.2333333333333334,1.7065234314893605,1.5,1.75,80.0,86.66666666666667,86.66666666666667,15,50.0,7,23.333333333333332,2,6.666666666666667,2,6.666666666666667,0,0.0,4,13.333333333333334,1.9666666666666666,1.8526257642120336,1.0,0.75,83.33333333333334,83.33333333333334,83.33333333333334,22,73.33333333333333,2,6.666666666666667,1,3.3333333333333335,0,0.0,0,0.0,5,16.666666666666664,2.2333333333333334,1.856220772310114,1.0,1.75,76.66666666666667,80.0,86.66666666666667,18,60.0,4,13.333333333333334,1,3.3333333333333335,1,3.3333333333333335,2,6.666666666666667,4,13.333333333333334,2.7333333333333334,1.9821424996424675,2.0,3.0,70.0,76.66666666666667,76.66666666666667,12,40.0,7,23.333333333333332,2,6.666666666666667,2,6.666666666666667,0,0.0,7,23.333333333333332
198,True,1.9,1.374772708486752,1.0,1.0,90.0,93.33333333333333,93.33333333333333,17,56.666666666666664,6,20.0,4,13.333333333333334,1,3.3333333333333335,0,0.0,2,6.666666666666667,1.4333333333333333,0.8439325934114775,1.0,0.0,96.66666666666667,100.0,100.0,23,76.66666666666667,2,6.666666666666667,4,13.333333333333334,1,3.3333333333333335,0,0.0,0,0.0,1.6,1.1430952132988166,1.0,1.0,93.33333333333333,96.66666666666667,96.66666666666667,21,70.0,4,13.333333333333334,3,10.0,1,3.3333333333333335,0,0.0,1,3.3333333333333335,1.9666666666666666,1.4940623220676645,1.0,2.0,83.33333333333334,93.33333333333333,93.33333333333333,19,63.33333333333333,2,6.666666666666667,4,13.333333333333334,3,10.0,0,0.0,2,6.666666666666667
199,True,2.2333333333333334,1.7065234314893605,2.0,1.0,83.33333333333334,83.33333333333334,86.66666666666667,14,46.666666666666664,9,30.0,2,6.666666666666667,0,0.0,1,3.3333333333333335,4,13.333333333333334,1.9333333333333333,1.6519348924485155,1.0,1.0,83.33333333333334,86.66666666666667,90.0,20,66.66666666666666,4,13.333333333333334,1,3.3333333333333335,1,3.3333333333333335,1,3.3333333333333335,3,10.0,1.8,1.4696938456699071,1.0,1.0,86.66666666666667,90.0,93.33333333333333,20,66.66666666666666,5,16.666666666666664,1,3.3333333333333335,1,3.3333333333333335,1,3.3333333333333335,2,6.666666666666667,2.4,1.942506971244462,1.0,3.0,70.0,80.0,83.33333333333334,17,56.666666666666664,4,13.333333333333334,0,0.0,3,10.0,1,3.3333333333333335,5,16.666666666666664
200,True,2.2,1.4922019523732928,2.0,1.75,86.66666666666667,90.0,90.0,12,40.0,10,33.33333333333333,4,13.333333333333334,1,3.3333333333333335,0,0.0,3,10.0,1.8,1.4236104336041748,1.0,1.0,86.66666666666667,93.33333333333333,93.33333333333333,20,66.66666666666666,4,13.333333333333334,2,6.666666666666667,2,6.666666666666667,0,0.0,2,6.666666666666667,2.033333333333333,1.5595583420386114,1.0,1.75,86.66666666666667,90.0,90.0,17,56.666666666666664,5,16.666666666666664,4,13.333333333333334,1,3.3333333333333335,0,0.0,3,10.0,2.033333333333333,1.3287420951996498,1.5,2.0,86.66666666666667,93.33333333333333,96.66666666666667,15,50.0,6,20.0,5,16.666666666666664,2,6.666666666666667,1,3.3333333333333335,1,3.3333333333333335
201,True,1.8333333333333333,1.3186693629901656,1.0,1.0,86.66666666666667,93.33333333333333,96.66666666666667,18,60.0,6,20.0,2,6.666666666666667,2,6.666666666666667,1,3.3333333333333335,1,3.3333333333333335,1.6,1.3063945294843617,1.0,0.75,93.33333333333333,93.33333333333333,93.33333333333333,22,73.33333333333333,4,13.333333333333334,2,6.666666666666667,0,0.0,0,0.0,2,6.666666666666667,1.6666666666666667,1.3498971154211057,1.0,1.0,90.0,93.33333333333333,93.33333333333333,21,70.0,5,16.666666666666664,1,3.3333333333333335,1,3.3333333333333335,0,0.0,2,6.666666666666667,2.1333333333333333,1.6679994670929073,1.0,1.0,83.33333333333334,83.33333333333334,90.0,16,53.333333333333336,7,23.333333333333332,2,6.666666666666667,0,0.0,2,6.666666666666667,3,10.0
202,False,2.466666666666667,1.687865186822955,2.0,2.0,76.66666666666667,80.0,90.0,11,36.666666666666664,10,33.33333333333333,2,6.666666666666667,1,3.3333333333333335,3,10.0,3,10.0,2.066666666666667,1.6918103387266028,1.0,1.0,83.33333333333334,83.33333333333334,90.0,18,60.0,5,16.666666666666664,2,6.666666666666667,0,0.0,2,6.666666666666667,3,10.0,2.2666666666666666,1.730767331432956,2.0,1.0,80.0,83.33333333333334,86.66666666666667,14,46.666666666666664,9,30.0,1,3.3333333333333335,1,3.3333333333333335,1,3.3333333333333335,4,13.333333333333334,3.2,2.0558858593479035,3.0,4.75,60.0,66.66666666666666,73.33333333333333,11,36.666666666666664,2,6.666666666666667,5,16.666666666666664,2,6.666666666666667,2,6.666666666666667,8,26.666666666666668
203,True,2.2333333333333334,1.7829438827088444,1.0,2.0,80.0,83.33333333333334,86.66666666666667,17,56.666666666666664,4,13.333333333333334,3,10.0,1,3.3333333333333335,1,3.3333333333333335,4,13.333333333333334,1.9,1.8502252115170559,1.0,0.0,83.33333333333334,83.33333333333334,83.33333333333334,23,76.66666666666667,2,6.666666666666667,0,0.0,0,0.0,0,0.0,5,16.666666666666664,2.2,1.8511257835886428,1.0,1.75,80.0,83.33333333333334,83.33333333333334,18,60.0,4,13.333333333333334,2,6.666666666666667,1,3.3333333333333335,0,0.0,5,16.666666666666664,2.433333333333333,2.0604745947367453,1.0,2.0,76.66666666666667,76.66666666666667,76.66666666666667,18,60.0,2,6.666666666666667,3,10.0,0,0.0,0,0.0,7,23.333333333333332
204,True,2.6666666666666665,1.9379255804998177,2.0,3.75,70.0,73.33333333333333,83.33333333333334,13,43.333333333333336,6,20.0,2,6.666666666666667,1,3.3333333333333335,3,10.0,5,16.666666666666664,1.9666666666666666,1.7026123718829513,1.0,1.0,83.33333333333334,86.66666666666667,86.66666666666667,19,63.33333333333333,6,20.0,0,0.0,1,3.3333333333333335,0,0.0,4,13.333333333333334,2.1666666666666665,1.9507833184532708,1.0,1.0,80.0,80.0,80.0,19,63.33333333333333,5,16.666666666666664,0,0.0,0,0.0,0,0.0,6,20.0,2.3666666666666667,1.7603661235347856,2.0,2.0,76.66666666666667,83.33333333333334,86.66666666666667,14,46.666666666666664,7,23.333333333333332,2,6.666666666666667,2,6.666666666666667,1,3.3333333333333335,4,13.333333333333334
205,False,2.433333333333333,1.7259457954666155,2.0,2.0,76.66666666666667,83.33333333333334,86.66666666666667,12,40.0,9,30.0,2,6.666666666666667,2,6.666666666666667,1,3.3333333333333335,4,13.333333333333334,1.8333333333333333,1.5293426329272615,1.0,1.0,86.66666666666667,90.0,90.0,19,63.33333333333333,7,23.333333333333332,0,0.0,1,3.3333333333333335,0,0.0,3,10.0,2.066666666666667,1.7499206331208919,1.0,1.0,83.33333333333334,83.33333333333334,86.66666666666667,18,60.0,6,20.0,1,3.3333333333333335,0,0.0,1,3.3333333333333335,4,13.333333333333334,2.3333333333333335,1.6193277068654823,2.0,2.75,73.33333333333333,90.0,90.0,13,43.333333333333336,8,26.666666666666668,1,3.3333333333333335,5,16.666666666666664,0,0.0,3,10.0
206,True,1.9666666666666666,1.53803626600791,1.0,1.0,86.66666666666667,90.0,90.0,17,56.666666666666664,7,23.333333333333332,2,6.666666666666667,1,3.3333333333333335,0,0.0,3,10.0,1.8,1.7009801096230766,1.0,0.0,86.66666666666667,86.66666666666667,86.66666666666667,23,76.66666666666667,2,6.666666666666667,1,3.3333333333333335,0,0.0,0,0.0,4,13.333333333333334,1.8333333333333333,1.5723301886761007,1.0,1.0,86.66666666666667,90.0,90.0,21,70.0,3,10.0,2,6.666666666666667,1,3.3333333333333335,0,0.0,3,10.0,2.3333333333333335,1.86785676348292,1.0,2.5,73.33333333333333,83.33333333333334,83.33333333333334,16,53.333333333333336,6,20.0,0,0.0,3,10.0,0,0.0,5,16.666666666666664
207,False,2.1666666666666665,1.694763175851488,1.0,1.75,83.33333333333334,86.66666666666667,86.66666666666667,16,53.333333333333336,6,20.0,3,10.0,1,3.3333333333333335,0,0.0,4,13.333333333333334,1.8,1.4236104336041748,1.0,1.0,86.66666666666667,93.33333333333333,93.33333333333333,20,66.66666666666666,4,13.333333333333334,2,6.666666666666667,2,6.666666666666667,0,0.0,2,6.666666666666667,2.1666666666666665,1.7527755766846542,1.0,2.0,80.0,86.66666666666667,86.66666666666667,18,60.0,3,10.0,3,10.0,2,6.666666666666667,0,0.0,4,13.333333333333334,2.533333333333333,1.9955506062794355,2.0,2.0,76.66666666666667,76.66666666666667,76.66666666666667,14,46.666666666666664,7,23.333333333333332,2,6.666666666666667,0,0.0,0,0.0,7,23.333333333333332
208,True,1.8,1.2489995996796797,1.0,1.0,90.0,93.33333333333333,96.66666666666667,17,56.666666666666664,8,26.666666666666668,2,6.666666666666667,1,3.3333333333333335,1,3.3333333333333335,1,3.3333333333333335,1.6666666666666667,1.2736648783028532,1.0,1.0,90.0,93.33333333333333,96.66666666666667,21,70.0,4,13.333333333333334,2,6.666666666666667,1,3.3333333333333335,1,3.3333333333333335,1,3.3333333333333335,1.7,1.2948616399703357,1.0,1.0,86.66666666666667,93.33333333333333,96.66666666666667,20,66.66666666666666,6,20.0,0,0.0,2,6.666666666666667,1,3.3333333333333335,1,3.3333333333333335,2.6666666666666665,1.86785676348292,2.0,2.75,73.33333333333333,80.0,80.0,11,36.666666666666664,8,26.666666666666668,3,10.0,2,6.666666666666667,0,0.0,6,20.0
209,True,2.2,1.5143755588800731,2.0,1.0,86.66666666666667,86.66666666666667,90.0,11,36.666666666666664,13,43.333333333333336,2,6.666666666666667,0,0.0,1,3.3333333333333335,3,10.0,1.9666666666666666,1.4487542541400487,1.0,1.0,86.66666666666667,90.0,93.33333333333333,16,53.333333333333336,8,26.666666666666668,2,6.666666666666667,1,3.3333333333333335,1,3.3333333333333335,2,6.666666666666667,2.1333333333333333,1.6275407487644937,2.0,1.0,86.66666666666667,86.66666666666667,86.66666666666667,14,46.666666666666664,10,33.33333333333333,2,6.666666666666667,0,0.0,0,0.0,4,13.333333333333334,2.4,1.7435595774162693,2.0,2.0,76.66666666666667,83.33333333333334,86.66666666666667,13,43.333333333333336,8,26.666666666666668,2,6.666666666666667,2,6.666666666666667,1,3.3333333333333335,4,13.333333333333334
210,False,2.2666666666666666,1.6110727964792764,2.0,1.75,80.0,86.66666666666667,90.0,13,43.333333333333336,9,30.0,2,6.666666666666667,2,6.666666666666667,1,3.3333333333333335,3,10.0,1.8333333333333333,1.4624940645653537,1.0,1.0,83.33333333333334,90.0,96.66666666666667,21,70.0,2,6.666666666666667,2,6.666666666666667,2,6.666666666666667,2,6.666666666666667,1,3.3333333333333335,1.9666666666666666,1.4715826703096075,1.0,1.0,86.66666666666667,90.0,93.33333333333333,17,56.666666666666664,6,20.0,3,10.0,1,3.3333333333333335,1,3.3333333333333335,2,6.666666666666667,2.7,1.8645821694595996,2.0,3.0,66.66666666666666,76.66666666666667,86.66666666666667,13,43.333333333333336,4,13.333333333333334,3,10.0,3,10.0,3,10.0,4,13.333333333333334
211,True,1.9333333333333333,1.4360439485692011,1.0,1.0,86.66666666666667,90.0,93.33333333333333,16,53.333333333333336,9,30.0,1,3.3333333333333335,1,3.3333333333333335,1,3.3333333333333335,2,6.666666666666667,1.8,1.5143755588800731,1.0,1.0,90.0,90.0,90.0,20,66.66666666666666,5,16.666666666666664,2,6.666666666666667,0,0.0,0,0.0,3,10.0,1.9666666666666666,1.6629959577688562,1.0,1.0,86.66666666666667,86.66666666666667,86.66666666666667,18,60.0,7,23.333333333333332,1,3.3333333333333335,0,0.0,0,0.0,4,13.333333333333334,2.0,1.570562531918633,1.0,1.0,83.33333333333334,90.0,90.0,17,56.666666666666664,7,23.333333333333332,1,3.3333333333333335,2,6.666666666666667,0,0.0,3,10.0
212,True,2.466666666666667,1.5648926125740672,2.0,2.0,83.33333333333334,83.33333333333334,90.0,9,30.0,11,36.666666666666664,5,16.666666666666664,0,0.0,2,6.666666666666667,3,10.0,2.033333333333333,1.5807874268505835,1.0,1.75,83.33333333333334,86.66666666666667,93.33333333333333,18,60.0,4,13.333333333333334,3,10.0,1,3.3333333333333335,2,6.666666666666667,2,6.666666666666667,2.3666666666666667,1.87053171287976,1.5,1.75,76.66666666666667,80.0,83.33333333333334,15,50.0,7,23.333333333333332,1,3.3333333333333335,1,3.3333333333333335,1,3.3333333333333335,5,16.666666666666664,2.533333333333333,1.80246744461277,2.0,3.0,70.0,76.66666666666667,90.0,13,43.333333333333336,7,23.333333333333332,1,3.3333333333333335,2,6.666666666666667,4,13.333333333333334,3,10.0
213,False,2.3666666666666667,1.5162087220725546,2.0,2.0,86.66666666666667,86.66666666666667,90.0,10,33.33333333333333,10,33.33333333333333,6,20.0,0,0.0,1,3.3333333333333335,3,10.0,2.1,1.535143858622594,1.5,1.75,86.66666666666667,90.0,90.0,15,50.0,7,23.333333333333332,4,13.333333333333334,1,3.3333333333333335,0,0.0,3,10.0,2.3666666666666667,1.682920741515245,2.0,2.0,80.0,86.66666666666667,86.66666666666667,13,43.333333333333336,7,23.333333333333332,4,13.333333333333334,2,6.666666666666667,0,0.0,4,13.333333333333334,2.7666666666666666,1.7451520150277897,2.5,2.75,73.33333333333333,83.33333333333334,83.33333333333334,10,33.33333333333333,5,16.666666666666664,7,23.333333333333332,3,10.0,0,0.0,5,16.666666666666664
214,False,2.5,1.6683325008322931,2.0,2.0,76.66666666666667,86.66666666666667,86.66666666666667,11,36.666666666666664,8,26.666666666666668,4,13.333333333333334,3,10.0,0,0.0,4,13.333333333333334,2.066666666666667,1.7113996870657915,1.0,1.0,83.33333333333334,86.66666666666667,86.66666666666667,18,60.0,5,16.666666666666664,2,6.666666666666667,1,3.3333333333333335,0,0.0,4,13.333333333333334,2.3333333333333335,1.7950549357115013,2.0,1.75,80.0,83.33333333333334,83.33333333333334,14,46.666666666666664,8,26.666666666666668,2,6.666666666666667,1,3.3333333333333335,0,0.0,5,16.666666666666664,2.7333333333333334,1.9310331143946984,2.0,3.75,70.0,73.33333333333333,83.33333333333334,13,43.333333333333336,4,13.333333333333334,4,13.333333333333334,1,3.3333333333333335,3,10.0,5,16.666666666666664
215,True,2.033333333333333,1.7026123718829511,1.0,1.0,83.33333333333334,86.66666666666667,86.66666666666667,18,60.0,6,20.0,1,3.3333333333333335,1,3.3333333333333335,0,0.0,4,13.333333333333334,1.5666666666666667,1.3337499349161706,1.0,0.0,90.0,93.33333333333333,93.33333333333333,23,76.66666666666667,4,13.333333333333334,0,0.0,1,3.3333333333333335,0,0.0,2,6.666666666666667,1.9,1.7194960502038574,1.0,1.0,83.33333333333334,86.66666666666667,86.66666666666667,21,70.0,4,13.333333333333334,0,0.0,1,3.3333333333333335,0,0.0,4,13.333333333333334,2.0,1.6931233465600393,1.0,1.0,83.33333333333334,86.66666666666667,86.66666666666667,18,60.0,7,23.333333333333332,0,0.0,1,3.3333333333333335,0,0.0,4,13.333333333333334
216,True,2.2666666666666666,1.8245242911205344,1.0,1.75,80.0,83.33333333333334,83.33333333333334,16,53.333333333333336,6,20.0,2,6.666666666666667,1,3.3333333333333335,0,0.0,5,16.666666666666664,1.7666666666666666,1.256538454998051,1.0,1.0,86.66666666666667,96.66666666666667,96.66666666666667,19,63.33333333333333,5,16.666666666666664,2,6.666666666666667,3,10.0,0,0.0,1,3.3333333333333335,2.033333333333333,1.601735170231195,1.0,1.75,83.33333333333334,90.0,90.0,18,60.0,4,13.333333333333334,3,10.0,2,6.666666666666667,0,0.0,3,10.0,1.8666666666666667,1.4772346537440224,1.0,1.0,86.66666666666667,90.0,93.33333333333333,19,63.33333333333333,5,16.666666666666664,2,6.666666666666667,1,3.3333333333333335,1,3.3333333333333335,2,6.666666666666667
217,False,2.8333333333333335,1.8454147380888544,2.5,3.0,70.0,76.66666666666667,83.33333333333334,11,36.666666666666664,4,13.333333333333334,6,20.0,2,6.666666666666667,2,6.666666666666667,5,16.666666666666664,2.1666666666666665,1.8988300491501486,1.0,1.75,76.66666666666667,83.33333333333334,83.33333333333334,20,66.66666666666666,2,6.666666666666667,1,3.3333333333333335,2,6.666666666666667,0,0.0,5,16.666666666666664,2.2333333333333334,1.7451520150277902,1.0,1.75,76.66666666666667,86.66666666666667,86.66666666666667,16,53.333333333333336,6,20.0,1,3.3333333333333335,3,10.0,0,0.0,4,13.333333333333334,2.9,1.903505538035898,2.5,3.0,66.66666666666666,76.66666666666667,80.0,11,36.666666666666664,4,13.333333333333334,5,16.666666666666664,3,10.0,1,3.3333333333333335,6,20.0
218,True,2.0,1.4605934866804429,1.0,1.0,86.66666666666667,90.0,93.33333333333333,16,53.333333333333336,7,23.333333333333332,3,10.0,1,3.3333333333333335,1,3.3333333333333335,2,6.666666666666667,2.066666666666667,1.9136933459209766,1.0,0.75,76.66666666666667,83.33333333333334,83.33333333333334,22,73.33333333333333,1,3.3333333333333335,0,0.0,2,6.666666666666667,0,0.0,5,16.666666666666664,2.2666666666666666,1.8245242911205346,1.0,2.0,80.0,80.0,86.66666666666667,17,56.666666666666664,4,13.333333333333334,3,10.0,0,0.0,2,6.666666666666667,4,13.333333333333334,2.1666666666666665,1.5509853498842456,1.0,2.0,80.0,90.0,93.33333333333333,16,53.333333333333336,4,13.333333333333334,4,13.333333333333334,3,10.0,1,3.3333333333333335,2,6.666666666666667
219,False,2.4,1.8726095873584185,2.0,1.0,80.0,80.0,80.0,13,43.333333333333336,10,33.33333333333333,1,3.3333333333333335,0,0.0,0,0.0,6,20.0,1.9333333333333333,1.6316317667360554,1.0,1.0,86.66666666666667,86.66666666666667,90.0,20,66.66666666666666,3,10.0,3,10.0,0,0.0,1,3.3333333333333335,3,10.0,2.433333333333333,1.9267128022157902,1.5,2.0,76.66666666666667,80.0,80.0,15,50.0,6,20.0,2,6.666666666666667,1,3.3333333333333335,0,0.0,6,20.0,2.433333333333333,1.7451520150277897,2.0,2.0,80.0,83.33333333333334,86.66666666666667,14,46.666666666666664,4,13.333333333333334,6,20.0,1,3.3333333333333335,1,3.3333333333333335,4,13.333333333333334
220,True,1.7333333333333334,1.412641340027806,1.0,1.0,90.0,90.0,93.33333333333333,20,66.66666666666666,6,20.0,1,3.3333333333333335,0,0.0,1,3.3333333333333335,2,6.666666666666667,1.8333333333333333,1.694763175851488,1.0,0.75,86.66666666666667,86.66666666666667,86.66666666666667,22,73.33333333333333,3,10.0,1,3.3333333333333335,0,0.0,0,0.0,4,13.333333333333334,2.1,1.7953644012660308,1.0,1.0,80.0,83.33333333333334,86.66666666666667,19,63.33333333333333,4,13.333333333333334,1,3.3333333333333335,1,3.3333333333333335,1,3.3333333333333335,4,13.333333333333334,2.3666666666666667,1.7792008193443356,1.5,2.0,76.66666666666667,83.33333333333334,86.66666666666667,15,50.0,5,16.666666666666664,3,10.0,2,6.666666666666667,1,3.3333333333333335,4,13.333333333333334
221,False,2.3666666666666667,1.5807874268505835,2.0,2.0,86.66666666666667,86.66666666666667,86.66666666666667,10,33.33333333333333,11,36.666666666666664,5,16.666666666666664,0,0.0,0,0.0,4,13.333333333333334,1.8333333333333333,1.3186693629901656,1.0,1.0,93.33333333333333,93.33333333333333,93.33333333333333,17,56.666666666666664,7,23.333333333333332,4,13.333333333333334,0,0.0,0,0.0,2,6.666666666666667,2.2,1.6613247725836149,1.5,2.0,86.66666666666667,86.66666666666667,86.66666666666667,15,50.0,6,20.0,5,16.666666666666664,0,0.0,0,0.0,4,13.333333333333334,2.4,1.5620499351813306,2.0,2.0,83.33333333333334,86.66666666666667,90.0,11,36.666666666666664,8,26.666666666666668,6,20.0,1,3.3333333333333335,1,3.3333333333333335,3,10.0
222,False,2.533333333333333,1.7074997966487597,2.0,2.0,76.66666666666667,83.33333333333334,86.66666666666667,11,36.666666666666664,8,26.666666666666668,4,13.333333333333334,2,6.666666666666667,1,3.3333333333333335,4,13.333333333333334,2.2,1.7204650534085253,1.0,1.75,80.0,86.66666666666667,86.66666666666667,16,53.333333333333336,6,20.0,2,6.666666666666667,2,6.666666666666667,0,0.0,4,13.333333333333334,2.5,1.8211717839530315,2.0,2.75,73.33333333333333,83.33333333333334,83.33333333333334,13,43.333333333333336,7,23.333333333333332,2,6.666666666666667,3,10.0,0,0.0,5,16.666666666666664,2.7333333333333334,1.9136933459209768,2.0,3.0,70.0,76.66666666666667,80.0,11,36.666666666666664,8,26.666666666666668,2,6.666666666666667,2,6.666666666666667,1,3.3333333333333335,6,20.0
223,True,2.3333333333333335,1.8499249234015476,1.5,1.75,80.0,80.0,83.33333333333334,15,50.0,7,23.333333333333332,2,6.666666666666667,0,0.0,1,3.3333333333333335,5,16.666666666666664,2.033333333333333,1.8162843634433703,1.0,1.0,80.0,83.33333333333334,86.66666666666667,21,70.0,2,6.666666666666667,1,3.3333333333333335,1,3.3333333333333335,1,3.3333333333333335,4,13.333333333333334,1.9333333333333333,1.5477582354991866,1.0,1.0,86.66666666666667,90.0,90.0,18,60.0,6,20.0,2,6.666666666666667,1,3.3333333333333335,0,0.0,3,10.0,2.466666666666667,1.7838784213679537,2.0,2.75,73.33333333333333,83.33333333333334,86.66666666666667,14,46.666666666666664,5,16.666666666666664,3,10.0,3,10.0,1,3.3333333333333335,4,13.333333333333334
224,True,2.5,1.5438048235879214,2.0,2.0,80.0,86.66666666666667,90.0,9,30.0,10,33.33333333333333,5,16.666666666666664,2,6.666666666666667,1,3.3333333333333335,3,10.0,2.2666666666666666,1.7499206331208916,1.5,1.75,80.0,83.33333333333334,86.66666666666667,15,50.0,7,23.333333333333332,2,6.666666666666667,1,3.3333333333333335,1,3.3333333333333335,4,13.333333333333334,2.1333333333333333,1.4313940369055924,2.0,1.75,86.66666666666667,90.0,93.33333333333333,13,43.333333333333336,9,30.0,4,13.333333333333334,1,3.3333333333333335,1,3.3333333333333335,2,6.666666666666667,3.4,1.8366636418607885,3.5,3.0,50.0,66.66666666666666,80.0,6,20.0,7,23.333333333333332,2,6.666666666666667,5,16.666666666666664,4,13.333333333333334,6,20.0
225,True,2.3333333333333335,1.6599866130651642,2.0,2.0,83.33333333333334,86.66666666666667,86.66666666666667,13,43.333333333333336,7,23.333333333333332,5,16.666666666666664,1,3.3333333333333335,0,0.0,4,13.333333333333334,1.9,1.4224392195567912,1.0,1.0,86.66666666666667,93.33333333333333,93.33333333333333,18,60.0,5,16.666666666666664,3,10.0,2,6.666666666666667,0,0.0,2,6.666666666666667,2.2333333333333334,1.7641491496532324,1.0,2.0,76.66666666666667,86.66666666666667,86.66666666666667,17,56.666666666666664,4,13.333333333333334,2,6.666666666666667,3,10.0,0,0.0,4,13.333333333333334,2.1666666666666665,1.4851112939963642,1.5,2.0,86.66666666666667,90.0,93.33333333333333,15,50.0,4,13.333333333333334,7,23.333333333333332,1,3.3333333333333335,1,3.3333333333333335,2,6.666666666666667
226,True,2.033333333333333,1.7026123718829513,1.0,1.0,83.33333333333334,86.66666666666667,86.66666666666667,18,60.0,6,20.0,1,3.3333333333333335,1,3.3333333333333335,0,0.0,4,13.333333333333334,1.6333333333333333,1.32874209519965,1.0,1.0,90.0,93.33333333333333,93.33333333333333,21,70.0,6,20.0,0,0.0,1,3.3333333333333335,0,0.0,2,6.666666666666667,1.9,1.6401219466856725,1.0,1.0,83.33333333333334,86.66666666666667,90.0,20,66.66666666666666,5,16.666666666666664,0,0.0,1,3.3333333333333335,1,3.3333333333333335,3,10.0,2.1333333333333333,1.667999467092907,1.0,1.75,80.0,86.66666666666667,90.0,17,56.666666666666664,5,16.666666666666664,2,6.666666666666667,2,6.666666666666667,1,3.3333333333333335,3,10.0
227,True,2.6,1.9078784028338913,1.5,3.0,70.0,80.0,83.33333333333334,15,50.0,2,6.666666666666667,4,13.333333333333334,3,10.0,1,3.3333333333333335,5,16.666666666666664,2.0,1.6733200530681511,1.0,1.0,80.0,86.66666666666667,90.0,19,63.33333333333333,5,16.666666666666664,0,0.0,2,6.666666666666667,1,3.3333333333333335,3,10.0,2.1666666666666665,1.6346933113652304,1.0,2.0,83.33333333333334,86.66666666666667,90.0,16,53.333333333333336,5,16.666666666666664,4,13.333333333333334,1,3.3333333333333335,1,3.3333333333333335,3,10.0,2.033333333333333,1.5380362660079103,1.0,2.0,83.33333333333334,90.0,93.33333333333333,18,60.0,3,10.0,4,13.333333333333334,2,6.666666666666667,1,3.3333333333333335,2,6.666666666666667
228,False,2.533333333333333,1.910206504252587,2.0,2.0,76.66666666666667,80.0,80.0,14,46.666666666666664,5,16.666666666666664,4,13.333333333333334,1,3.3333333333333335,0,0.0,6,20.0,1.8666666666666667,1.4996295838935991,1.0,1.0,86.66666666666667,90.0,93.33333333333333,20,66.66666666666666,3,10.0,3,10.0,1,3.3333333333333335,1,3.3333333333333335,2,6.666666666666667,2.7333333333333334,2.1746008573733455,1.0,4.75,66.66666666666666,70.0,73.33333333333333,16,53.333333333333336,3,10.0,1,3.3333333333333335,1,3.3333333333333335,1,3.3333333333333335,8,26.666666666666668,2.4,1.6852299546352718,2.0,2.0,80.0,83.33333333333334,90.0,14,46.666666666666664,4,13.333333333333334,6,20.0,1,3.3333333333333335,2,6.666666666666667,3,10.0
229,False,2.1666666666666665,1.8089284734953515,1.0,1.0,83.33333333333334,83.33333333333334,83.33333333333334,17,56.666666666666664,6,20.0,2,6.666666666666667,0,0.0,0,0.0,5,16.666666666666664,1.6666666666666667,1.5347819244295116,1.0,0.0,90.0,90.0,90.0,24,80.0,1,3.3333333333333335,2,6.666666666666667,0,0.0,0,0.0,3,10.0,1.9666666666666666,1.7413277182145301,1.0,1.0,83.33333333333334,86.66666666666667,86.66666666666667,21,70.0,2,6.666666666666667,2,6.666666666666667,1,3.3333333333333335,0,0.0,4,13.333333333333334,2.6,2.138535324312725,1.0,4.0,70.0,70.0,76.66666666666667,17,56.666666666666664,3,10.0,1,3.3333333333333335,0,0.0,2,6.666666666666667,7,23.333333333333332
230,False,2.3666666666666667,1.81628436344337,1.5,2.0,80.0,83.33333333333334,83.33333333333334,15,50.0,5,16.666666666666664,4,13.333333333333334,1,3.3333333333333335,0,0.0,5,16.666666666666664,1.9,1.7,1.0,1.0,86.66666666666667,86.66666666666667,86.66666666666667,21,70.0,3,10.0,2,6.666666666666667,0,0.0,0,0.0,4,13.333333333333334,2.1666666666666665,1.8454147380888544,1.0,1.0,80.0,83.33333333333334,83.33333333333334,18,60.0,5,16.666666666666664,1,3.3333333333333335,1,3.3333333333333335,0,0.0,5,16.666666666666664,2.2,1.7009801096230763,1.0,2.0,76.66666666666667,86.66666666666667,90.0,17,56.666666666666664,4,13.333333333333334,2,6.666666666666667,3,10.0,1,3.3333333333333335,3,10.0
231,False,2.4,1.6852299546352716,2.0,2.0,80.0,86.66666666666667,86.66666666666667,13,43.333333333333336,6,20.0,5,16.666666666666664,2,6.666666666666667,0,0.0,4,13.333333333333334,2.1,1.7387735140993301,1.0,1.75,80.0,83.33333333333334,90.0,19,63.33333333333333,3,10.0,2,6.666666666666667,1,3.3333333333333335,2,6.666666666666667,3,10.0,2.2666666666666666,1.730767331432956,2.0,1.0,80.0,83.33333333333334,86.66666666666667,14,46.666666666666664,9,30.0,1,3.3333333333333335,1,3.3333333333333335,1,3.3333333333333335,4,13.333333333333334,2.7,1.7349351572897471,2.0,2.0,76.66666666666667,83.33333333333334,83.33333333333334,10,33.33333333333333,6,20.0,7,23.333333333333332,2,6.666666666666667,0,0.0,5,16.666666666666664
232,False,2.9,2.118962010041709,2.0,5.0,66.66666666666666,70.0,70.0,11,36.666666666666664,9,30.0,0,0.0,1,3.3333333333333335,0,0.0,9,30.0,2.1666666666666665,1.827262676488766,1.0,1.75,83.33333333333334,83.33333333333334,83.33333333333334,18,60.0,4,13.333333333333334,3,10.0,0,0.0,0,0.0,5,16.666666666666664,2.4,1.8903262505010432,1.0,2.0,76.66666666666667,80.0,83.33333333333334,16,53.333333333333336,4,13.333333333333334,3,10.0,1,3.3333333333333335,1,3.3333333333333335,5,16.666666666666664,2.8666666666666667,1.9955506062794355,2.0,3.75,66.66666666666666,73.33333333333333,76.66666666666667,11,36.666666666666664,7,23.333333333333332,2,6.666666666666667,2,6.666666666666667,1,3.3333333333333335,7,23.333333333333332
233,False,2.5,1.6683325008322931,2.0,2.0,76.66666666666667,86.66666666666667,86.66666666666667,11,36.666666666666664,8,26.666666666666668,4,13.333333333333334,3,10.0,0,0.0,4,13.333333333333334,2.1,1.8321208111548393,1.0,1.0,83.33333333333334,83.33333333333334,83.33333333333334,19,63.33333333333333,4,13.333333333333334,2,6.666666666666667,0,0.0,0,0.0,5,16.666666666666664,2.1333333333333333,1.687865186822955,1.0,2.0,86.66666666666667,86.66666666666667,86.66666666666667,17,56.666666666666664,4,13.333333333333334,5,16.666666666666664,0,0.0,0,0.0,4,13.333333333333334,2.033333333333333,1.4255603186895398,1.5,1.75,90.0,90.0,93.33333333333333,15,50.0,7,23.333333333333332,5,16.666666666666664,0,0.0,1,3.3333333333333335,2,6.666666666666667
234,True,2.933333333333333,1.9482185594936612,2.5,4.0,63.33333333333333,70.0,83.33333333333334,12,40.0,3,10.0,4,13.333333333333334,2,6.666666666666667,4,13.333333333333334,5,16.666666666666664,2.033333333333333,1.5807874268505833,1.0,2.0,80.0,90.0,93.33333333333333,19,63.33333333333333,2,6.666666666666667,3,10.0,3,10.0,1,3.3333333333333335,2,6.666666666666667,2.2,1.5362291495737217,2.0,2.0,86.66666666666667,90.0,90.0,14,46.666666666666664,6,20.0,6,20.0,1,3.3333333333333335,0,0.0,3,10.0,2.9,2.0872629605937694,2.0,4.0,63.33333333333333,70.0,76.66666666666667,14,46.666666666666664,2,6.666666666666667,3,10.0,2,6.666666666666667,2,6.666666666666667,7,23.333333333333332
235,False,2.9,1.8138357147217055,2.0,3.5,70.0,73.33333333333333,83.33333333333334,8,26.666666666666668,9,30.0,4,13.333333333333334,1,3.3333333333333335,3,10.0,5,16.666666666666664,2.1666666666666665,1.6346933113652304,1.5,1.0,80.0,86.66666666666667,90.0,15,50.0,8,26.666666666666668,1,3.3333333333333335,2,6.666666666666667,1,3.3333333333333335,3,10.0,2.3333333333333335,1.7575235101952091,2.0,1.75,83.33333333333334,83.33333333333334,83.33333333333334,13,43.333333333333336,9,30.0,3,10.0,0,0.0,0,0.0,5,16.666666666666664,2.933333333333333,1.9136933459209768,2.0,4.0,70.0,70.0,80.0,9,30.0,8,26.666666666666668,4,13.333333333333334,0,0.0,3,10.0,6,20.0
236,True,2.2333333333333334,1.8740923729160797,1.0,1.0,80.0,80.0,83.33333333333334,17,56.666666666666664,6,20.0,1,3.3333333333333335,0,0.0,1,3.3333333333333335,5,16.666666666666664,1.6,1.3564659966250538,1.0,0.0,90.0,93.33333333333333,93.33333333333333,23,76.66666666666667,3,10.0,1,3.3333333333333335,1,3.3333333333333335,0,0.0,2,6.666666666666667,1.7666666666666666,1.6868774571839995,1.0,0.0,86.66666666666667,86.66666666666667,86.66666666666667,23,76.66666666666667,3,10.0,0,0.0,0,0.0,0,0.0,4,13.333333333333334,2.566666666666667,2.011356645539412,1.0,3.0,70.0,76.66666666666667,80.0,16,53.333333333333336,3,10.0,2,6.666666666666667,2,6.666666666666667,1,3.3333333333333335,6,20.0
237,True,2.566666666666667,1.8199511592958264,2.0,3.0,70.0,83.33333333333334,83.33333333333334,12,40.0,8,26.666666666666668,1,3.3333333333333335,4,13.333333333333334,0,0.0,5,16.666666666666664,1.9666666666666666,1.4715826703096075,1.0,1.0,86.66666666666667,90.0,93.33333333333333,17,56.666666666666664,6,20.0,3,10.0,1,3.3333333333333335,1,3.3333333333333335,2,6.666666666666667,2.033333333333333,1.53803626600791,1.0,1.0,86.66666666666667,90.0,90.0,16,53.333333333333336,7,23.333333333333332,3,10.0,1,3.3333333333333335,0,0.0,3,10.0,2.566666666666667,1.7259457954666158,2.0,3.0,70.0,80.0,90.0,11,36.666666666666664,9,30.0,1,3.3333333333333335,3,10.0,3,10.0,3,10.0
238,True,2.6,1.8,2.0,2.0,76.66666666666667,83.33333333333334,83.33333333333334,13,43.333333333333336,3,10.0,7,23.333333333333332,2,6.666666666666667,0,0.0,5,16.666666666666664,2.033333333333333,1.6428295373802142,1.0,2.0,86.66666666666667,86.66666666666667,90.0,19,63.33333333333333,2,6.666666666666667,5,16.666666666666664,0,0.0,1,3.3333333333333335,3,10.0,2.1666666666666665,1.674979270186815,1.0,2.0,80.0,86.66666666666667,90.0,17,56.666666666666664,4,13.333333333333334,3,10.0,2,6.666666666666667,1,3.3333333333333335,3,10.0,2.2333333333333334,1.6468825769380833,1.0,2.0,76.66666666666667,86.66666666666667,93.33333333333333,17,56.666666666666664,2,6.666666666666667,4,13.333333333333334,3,10.0,2,6.666666666666667,2,6.666666666666667
239,True,2.3,1.6563010998406458,2.0,1.75,80.0,83.33333333333334,90.0,13,43.333333333333336,9,30.0,2,6.666666666666667,1,3.3333333333333335,2,6.666666666666667,3,10.0,1.9666666666666666,1.682920741515245,1.0,1.0,86.66666666666667,86.66666666666667,86.66666666666667,19,63.33333333333333,5,16.666666666666664,2,6.666666666666667,0,0.0,0,0.0,4,13.333333333333334,2.033333333333333,1.5380362660079103,1.0,1.0,86.66666666666667,90.0,90.0,16,53.333333333333336,7,23.333333333333332,3,10.0,1,3.3333333333333335,0,0.0,3,10.0,2.433333333333333,1.8740923729160797,1.5,2.0,76.66666666666667,80.0,83.33333333333334,15,50.0,5,16.666666666666664,3,10.0,1,3.3333333333333335,1,3.3333333333333335,5,16.666666666666664
240,True,2.533333333333333,1.9275776393067947,2.0,2.0,76.66666666666667,76.66666666666667,80.0,13,43.333333333333336,8,26.666666666666668,2,6.666666666666667,0,0.0,1,3.3333333333333335,6,20.0,1.9,1.556705923844749,1.0,1.0,86.66666666666667,86.66666666666667,93.33333333333333,20,66.66666666666666,3,10.0,3,10.0,0,0.0,2,6.666666666666667,2,6.666666666666667,2.066666666666667,1.5260697523012796,1.5,1.0,86.66666666666667,90.0,90.0,15,50.0,8,26.666666666666668,3,10.0,1,3.3333333333333335,0,0.0,3,10.0,2.2333333333333334,1.5638272140986536,2.0,2.0,80.0,86.66666666666667,93.33333333333333,14,46.666666666666664,7,23.333333333333332,3,10.0,2,6.666666666666667,2,6.666666666666667,2,6.666666666666667
241,True,2.2666666666666666,1.569146972791976,2.0,2.0,80.0,90.0,90.0,13,43.333333333333336,8,26.666666666666668,3,10.0,3,10.0,0,0.0,3,10.0,1.7666666666666666,1.3337499349161706,1.0,1.0,86.66666666666667,93.33333333333333,96.66666666666667,20,66.66666666666666,4,13.333333333333334,2,6.666666666666667,2,6.666666666666667,1,3.3333333333333335,1,3.3333333333333335,1.9,1.3988090172238192,1.0,1.0,86.66666666666667,93.33333333333333,93.33333333333333,17,56.666666666666664,7,23.333333333333332,2,6.666666666666667,2,6.666666666666667,0,0.0,2,6.666666666666667,2.3666666666666667,1.8882678717691395,1.0,2.0,76.66666666666667,80.0,83.33333333333334,16,53.333333333333336,5,16.666666666666664,2,6.666666666666667,1,3.3333333333333335,1,3.3333333333333335,5,16.666666666666664
242,True,2.4,1.9078784028338915,2.0,1.0,76.66666666666667,80.0,80.0,14,46.666666666666664,9,30.0,0,0.0,1,3.3333333333333335,0,0.0,6,20.0,1.8333333333333333,1.6141733350404335,1.0,0.75,83.33333333333334,90.0,90.0,22,73.33333333333333,2,6.666666666666667,1,3.3333333333333335,2,6.666666666666667,0,0.0,3,10.0,2.2,1.8147543451754933,1.0,1.75,83.33333333333334,83.33333333333334,83.33333333333334,17,56.666666666666664,5,16.666666666666664,3,10.0,0,0.0,0,0.0,5,16.666666666666664,2.0,1.3165611772087666,1.0,2.0,83.33333333333334,96.66666666666667,96.66666666666667,16,53.333333333333336,5,16.666666666666664,4,13.333333333333334,4,13.333333333333334,0,0.0,1,3.3333333333333335
243,True,2.066666666666667,1.4817407180595248,2.0,1.0,90.0,90.0,90.0,14,46.666666666666664,9,30.0,4,13.333333333333334,0,0.0,0,0.0,3,10.0,1.8333333333333333,1.5293426329272617,1.0,1.0,86.66666666666667,86.66666666666667,93.33333333333333,20,66.66666666666666,5,16.666666666666664,1,3.3333333333333335,0,0.0,2,6.666666666666667,2,6.666666666666667,1.8666666666666667,1.4772346537440224,1.0,1.0,86.66666666666667,90.0,93.33333333333333,19,63.33333333333333,5,16.666666666666664,2,6.666666666666667,1,3.3333333333333335,1,3.3333333333333335,2,6.666666666666667,2.2333333333333334,1.6265163865007803,2.0,1.75,80.0,86.66666666666667,90.0,14,46.666666666666664,8,26.666666666666668,2,6.666666666666667,2,6.666666666666667,1,3.3333333333333335,3,10.0
244,False,2.533333333333333,1.6679994670929073,2.0,2.0,76.66666666666667,86.66666666666667,86.66666666666667,11,36.666666666666664,7,23.333333333333332,5,16.666666666666664,3,10.0,0,0.0,4,13.333333333333334,1.9333333333333333,1.569146972791976,1.0,1.0,86.66666666666667,90.0,90.0,19,63.33333333333333,4,13.333333333333334,3,10.0,1,3.3333333333333335,0,0.0,3,10.0,1.9333333333333333,1.5477582354991866,1.0,1.0,86.66666666666667,90.0,90.0,18,60.0,6,20.0,2,6.666666666666667,1,3.3333333333333335,0,0.0,3,10.0,2.5,1.8027756377319946,2.0,2.75,73.33333333333333,76.66666666666667,90.0,14,46.666666666666664,5,16.666666666666664,3,10.0,1,3.3333333333333335,4,13.333333333333334,3,10.0
245,True,2.2333333333333334,1.5423647068345698,2.0,1.0,83.33333333333334,83.33333333333334,93.33333333333333,12,40.0,11,36.666666666666664,2,6.666666666666667,0,0.0,3,10.0,2,6.666666666666667,2.0,1.570562531918633,1.0,1.0,83.33333333333334,86.66666666666667,93.33333333333333,18,60.0,5,16.666666666666664,2,6.666666666666667,1,3.3333333333333335,2,6.666666666666667,2,6.666666666666667,2.3333333333333335,1.903213656482693,1.0,2.0,76.66666666666667,80.0,83.33333333333334,17,56.666666666666664,4,13.333333333333334,2,6.666666666666667,1,3.3333333333333335,1,3.3333333333333335,5,16.666666666666664,2.7333333333333334,1.7113996870657915,2.0,3.0,70.0,83.33333333333334,86.66666666666667,10,33.33333333333333,6,20.0,5,16.666666666666664,4,13.333333333333334,1,3.3333333333333335,4,13.333333333333334
246,False,2.3333333333333335,1.903213656482693,1.5,1.0,80.0,80.0,80.0,15,50.0,8,26.666666666666668,1,3.3333333333333335,0,0.0,0,0.0,6,20.0,1.9666666666666666,1.6629959577688562,1.0,1.0,86.66666666666667,86.66666666666667,86.66666666666667,18,60.0,7,23.333333333333332,1,3.3333333333333335,0,0.0,0,0.0,4,13.333333333333334,2.033333333333333,1.6629959577688562,1.0,1.0,86.66666666666667,86.66666666666667,86.66666666666667,17,56.666666666666664,7,23.333333333333332,2,6.666666666666667,0,0.0,0,0.0,4,13.333333333333334,2.6666666666666665,1.9720265943665387,2.0,3.5,73.33333333333333,73.33333333333333,80.0,13,43.333333333333336,6,20.0,3,10.0,0,0.0,2,6.666666666666667,6,20.0
247,True,2.3666666666666667,1.5162087220725546,2.0,1.75,83.33333333333334,86.66666666666667,90.0,9,30.0,13,43.333333333333336,3,10.0,1,3.3333333333333335,1,3.3333333333333335,3,10.0,1.9333333333333333,1.2631530214330944,2.0,1.0,93.33333333333333,93.33333333333333,93.33333333333333,13,43.333333333333336,12,40.0,3,10.0,0,0.0,0,0.0,2,6.666666666666667,2.2,1.6,2.0,1.0,86.66666666666667,86.66666666666667,86.66666666666667,12,40.0,12,40.0,2,6.666666666666667,0,0.0,0,0.0,4,13.333333333333334,2.466666666666667,1.7074997966487597,2.0,2.0,76.66666666666667,83.33333333333334,86.66666666666667,11,36.666666666666664,10,33.33333333333333,2,6.666666666666667,2,6.666666666666667,1,3.3333333333333335,4,13.333333333333334
248,True,2.5,1.648231375343482,2.0,2.75,73.33333333333333,86.66666666666667,90.0,12,40.0,6,20.0,4,13.333333333333334,4,13.333333333333334,1,3.3333333333333335,3,10.0,2.066666666666667,1.6918103387266026,1.0,1.75,80.0,86.66666666666667,90.0,19,63.33333333333333,3,10.0,2,6.666666666666667,2,6.666666666666667,1,3.3333333333333335,3,10.0,2.3333333333333335,1.8499249234015476,1.0,2.0,76.66666666666667,80.0,86.66666666666667,17,56.666666666666664,3,10.0,3,10.0,1,3.3333333333333335,2,6.666666666666667,4,13.333333333333334,2.466666666666667,1.746106780494506,1.5,3.0,70.0,80.0,93.33333333333333,15,50.0,3,10.0,3,10.0,3,10.0,4,13.333333333333334,2,6.666666666666667
249,True,2.3333333333333335,1.7191729277636836,1.5,2.0,80.0,86.66666666666667,86.66666666666667,15,50.0,4,13.333333333333334,5,16.666666666666664,2,6.666666666666667,0,0.0,4,13.333333333333334,1.9666666666666666,1.7026123718829513,1.0,1.0,86.66666666666667,86.66666666666667,86.66666666666667,20,66.66666666666666,3,10.0,3,10.0,0,0.0,0,0.0,4,13.333333333333334,2.1666666666666665,1.7527755766846542,1.0,1.0,80.0,80.0,90.0,17,56.666666666666664,6,20.0,1,3.3333333333333335,0,0.0,3,10.0,3,10.0,2.4,1.8547236990991407,1.0,2.75,73.33333333333333,80.0,86.66666666666667,16,53.333333333333336,4,13.333333333333334,2,6.666666666666667,2,6.666666666666667,2,6.666666666666667,4,13.333333333333334
250,False,2.033333333333333,1.5595583420386114,1.5,1.0,86.66666666666667,86.66666666666667,90.0,15,50.0,10,33.33333333333333,1,3.3333333333333335,0,0.0,1,3.3333333333333335,3,10.0,1.6333333333333333,1.32874209519965,1.0,1.0,90.0,93.33333333333333,93.33333333333333,21,70.0,6,20.0,0,0.0,1,3.3333333333333335,0,0.0,2,6.666666666666667,1.7,1.4866068747318506,1.0,1.0,90.0,90.0,90.0,21,70.0,6,20.0,0,0.0,0,0.0,0,0.0,3,10.0,2.2666666666666666,1.7876116903722563,1.0,1.75,76.66666666666667,83.33333333333334,86.66666666666667,16,53.333333333333336,6,20.0,1,3.3333333333333335,2,6.666666666666667,1,3.3333333333333335,4,13.333333333333334
251,True,2.466666666666667,1.6478942792411035,2.0,2.0,80.0,86.66666666666667,86.66666666666667,11,36.666666666666664,8,26.666666666666668,5,16.666666666666664,2,6.666666666666667,0,0.0,4,13.333333333333334,2.033333333333333,1.5380362660079103,1.0,1.0,86.66666666666667,90.0,90.0,16,53.333333333333336,7,23.333333333333332,3,10.0,1,3.3333333333333335,0,0.0,3,10.0,2.2666666666666666,1.7876116903722563,1.5,1.75,83.33333333333334,83.33333333333334,83.33333333333334,15,50.0,7,23.333333333333332,3,10.0,0,0.0,0,0.0,5,16.666666666666664,2.1666666666666665,1.3682917167849196,2.0,2.0,86.66666666666667,93.33333333333333,93.33333333333333,12,40.0,9,30.0,5,16.666666666666664,2,6.666666666666667,0,0.0,2,6.666666666666667
252,True,2.033333333333333,1.3780017739062924,2.0,1.0,90.0,90.0,93.33333333333333,13,43.333333333333336,11,36.666666666666664,3,10.0,0,0.0,1,3.3333333333333335,2,6.666666666666667,1.8333333333333333,1.5509853498842456,1.0,1.0,86.66666666666667,90.0,90.0,20,66.66666666666666,5,16.666666666666664,1,3.3333333333333335,1,3.3333333333333335,0,0.0,3,10.0,2.1333333333333333,1.7074997966487597,1.0,1.0,80.0,83.33333333333334,90.0,17,56.666666666666664,6,20.0,1,3.3333333333333335,1,3.3333333333333335,2,6.666666666666667,3,10.0,2.6,1.8726095873584188,2.0,2.75,73.33333333333333,76.66666666666667,83.33333333333334,12,40.0,8,26.666666666666668,2,6.666666666666667,1,3.3333333333333335,2,6.666666666666667,5,16.666666666666664
253,True,2.3333333333333335,1.7384539747207064,2.0,1.0,80.0,80.0,86.66666666666667,12,40.0,12,40.0,0,0.0,0,0.0,2,6.666666666666667,4,13.333333333333334,1.8666666666666667,1.6069294390925264,1.0,1.0,83.33333333333334,90.0,90.0,21,70.0,3,10.0,1,3.3333333333333335,2,6.666666666666667,0,0.0,3,10.0,2.033333333333333,1.622412469818394,1.0,1.0,80.0,90.0,90.0,18,60.0,5,16.666666666666664,1,3.3333333333333335,3,10.0,0,0.0,3,10.0,2.6,1.8726095873584188,2.0,2.0,76.66666666666667,80.0,80.0,12,40.0,7,23.333333333333332,4,13.333333333333334,1,3.3333333333333335,0,0.0,6,20.0
254,False,2.4,1.6451950239004087,2.0,2.0,80.0,86.66666666666667,86.66666666666667,11,36.666666666666664,10,33.33333333333333,3,10.0,2,6.666666666666667,0,0.0,4,13.333333333333334,2.066666666666667,1.691810338726603,1.0,1.0,83.33333333333334,86.66666666666667,86.66666666666667,17,56.666666666666664,7,23.333333333333332,1,3.3333333333333335,1,3.3333333333333335,0,0.0,4,13.333333333333334,2.3,1.676305461424021,2.0,2.0,83.33333333333334,86.66666666666667,86.66666666666667,14,46.666666666666664,6,20.0,5,16.666666666666664,1,3.3333333333333335,0,0.0,4,13.333333333333334,2.7,1.7540429489230491,2.0,2.75,73.33333333333333,83.33333333333334,83.33333333333334,10,33.33333333333333,7,23.333333333333332,5,16.666666666666664,3,10.0,0,0.0,5,16.666666666666664
255,True,2.1,1.7,1.0,2.0,86.66666666666667,86.66666666666667,86.66666666666667,18,60.0,3,10.0,5,16.666666666666664,0,0.0,0,0.0,4,13.333333333333334,1.8666666666666667,1.5434449203720302,1.0,1.0,90.0,90.0,90.0,20,66.66666666666666,3,10.0,4,13.333333333333334,0,0.0,0,0.0,3,10.0,2.0,1.6931233465600393,1.0,1.0,86.66666666666667,86.66666666666667,86.66666666666667,19,63.33333333333333,4,13.333333333333334,3,10.0,0,0.0,0,0.0,4,13.333333333333334,2.033333333333333,1.6224124698183944,1.0,1.75,86.66666666666667,86.66666666666667,90.0,18,60.0,4,13.333333333333334,4,13.333333333333334,0,0.0,1,3.3333333333333335,3,10.0
256,True,2.466666666666667,1.8208667044996885,2.0,2.75,73.33333333333333,83.33333333333334,83.33333333333334,13,43.333333333333336,8,26.666666666666668,1,3.3333333333333335,3,10.0,0,0.0,5,16.666666666666664,1.8666666666666667,1.5434449203720297,1.0,1.0,86.66666666666667,90.0,90.0,19,63.33333333333333,6,20.0,1,3.3333333333333335,1,3.3333333333333335,0,0.0,3,10.0,2.1666666666666665,1.8089284734953512,1.0,1.0,83.33333333333334,83.33333333333334,83.33333333333334,17,56.666666666666664,6,20.0,2,6.666666666666667,0,0.0,0,0.0,5,16.666666666666664,2.3333333333333335,1.699673171197595,2.0,2.0,76.66666666666667,83.33333333333334,90.0,14,46.666666666666664,7,23.333333333333332,2,6.666666666666667,2,6.666666666666667,2,6.666666666666667,3,10.0
257,True,1.8333333333333333,0.968962790249909,2.0,1.0,93.33333333333333,96.66666666666667,100.0,13,43.333333333333336,12,40.0,3,10.0,1,3.3333333333333335,1,3.3333333333333335,0,0.0,2.0,1.6733200530681511,1.0,1.0,86.66666666666667,86.66666666666667,86.66666666666667,18,60.0,6,20.0,2,6.666666666666667,0,0.0,0,0.0,4,13.333333333333334,2.066666666666667,1.7499206331208919,1.0,1.0,83.33333333333334,83.33333333333334,86.66666666666667,18,60.0,6,20.0,1,3.3333333333333335,0,0.0,1,3.3333333333333335,4,13.333333333333334,2.7333333333333334,1.9136933459209768,2.0,3.0,66.66666666666666,80.0,80.0,12,40.0,6,20.0,2,6.666666666666667,4,13.333333333333334,0,0.0,6,20.0
258,False,2.466666666666667,1.7074997966487597,2.0,2.0,76.66666666666667,83.33333333333334,86.66666666666667,11,36.666666666666664,10,33.33333333333333,2,6.666666666666667,2,6.666666666666667,1,3.3333333333333335,4,13.333333333333334,2.1,1.7194960502038572,1.0,1.75,83.33333333333334,86.66666666666667,86.66666666666667,18,60.0,4,13.333333333333334,3,10.0,1,3.3333333333333335,0,0.0,4,13.333333333333334,1.9333333333333333,1.5040685563571303,1.0,1.0,90.0,90.0,90.0,17,56.666666666666664,7,23.333333333333332,3,10.0,0,0.0,0,0.0,3,10.0,2.6666666666666665,2.022100118413747,2.0,3.5,73.33333333333333,73.33333333333333,76.66666666666667,13,43.333333333333336,7,23.333333333333332,2,6.666666666666667,0,0.0,1,3.3333333333333335,7,23.333333333333332
259,False,2.566666666666667,1.8015425489162216,2.0,2.0,80.0,80.0,83.33333333333334,12,40.0,6,20.0,6,20.0,0,0.0,1,3.3333333333333335,5,16.666666666666664,1.9666666666666666,1.7978382080215731,1.0,0.75,83.33333333333334,83.33333333333334,86.66666666666667,22,73.33333333333333,1,3.3333333333333335,2,6.666666666666667,0,0.0,1,3.3333333333333335,4,13.333333333333334,2.066666666666667,1.671991493864594,1.0,2.0,83.33333333333334,86.66666666666667,90.0,19,63.33333333333333,2,6.666666666666667,4,13.333333333333334,1,3.3333333333333335,1,3.3333333333333335,3,10.0,2.9,2.0387904911164036,2.0,3.75,63.33333333333333,73.33333333333333,76.66666666666667,13,43.333333333333336,3,10.0,3,10.0,3,10.0,1,3.3333333333333335,7,23.333333333333332
260,True,2.2333333333333334,1.4302291968616623,2.0,2.0,86.66666666666667,90.0,93.33333333333333,12,40.0,8,26.666666666666668,6,20.0,1,3.3333333333333335,1,3.3333333333333335,2,6.666666666666667,2.066666666666667,1.6918103387266028,1.0,1.0,83.33333333333334,83.33333333333334,90.0,18,60.0,5,16.666666666666664,2,6.666666666666667,0,0.0,2,6.666666666666667,3,10.0,2.6,1.9933221850301406,1.5,3.0,70.0,76.66666666666667,80.0,15,50.0,4,13.333333333333334,2,6.666666666666667,2,6.666666666666667,1,3.3333333333333335,6,20.0,2.6666666666666665,1.920648038785058,2.0,3.0,70.0,76.66666666666667,83.33333333333334,14,46.666666666666664,3,10.0,4,13.333333333333334,2,6.666666666666667,2,6.666666666666667,5,16.666666666666664
261,False,2.5,1.6072751268321592,2.0,2.0,83.33333333333334,86.66666666666667,86.66666666666667,10,33.33333333333333,8,26.666666666666668,7,23.333333333333332,1,3.3333333333333335,0,0.0,4,13.333333333333334,2.1666666666666665,1.771690968789108,1.0,1.0,80.0,83.33333333333334,86.66666666666667,17,56.666666666666664,6,20.0,1,3.3333333333333335,1,3.3333333333333335,1,3.3333333333333335,4,13.333333333333334,2.2333333333333334,1.7829438827088444,1.5,1.0,83.33333333333334,83.33333333333334,83.33333333333334,15,50.0,8,26.666666666666668,2,6.666666666666667,0,0.0,0,0.0,5,16.666666666666664,2.8333333333333335,2.0669354663903325,2.0,4.0,66.66666666666666,70.0,76.66666666666667,13,43.333333333333336,5,16.666666666666664,2,6.666666666666667,1,3.3333333333333335,2,6.666666666666667,7,23.333333333333332
262,True,1.9666666666666666,1.27758452644912,1.5,1.75,90.0,93.33333333333333,96.66666666666667,15,50.0,7,23.333333333333332,5,16.666666666666664,1,3.3333333333333335,1,3.3333333333333335,1,3.3333333333333335,1.8,1.446835627614047,1.0,1.0,86.66666666666667,93.33333333333333,93.33333333333333,21,70.0,2,6.666666666666667,3,10.0,2,6.666666666666667,0,0.0,2,6.666666666666667,2.0,1.5275252316519468,1.0,1.75,83.33333333333334,90.0,93.33333333333333,18,60.0,4,13.333333333333334,3,10.0,2,6.666666666666667,1,3.3333333333333335,2,6.666666666666667,2.533333333333333,1.9275776393067947,2.0,2.75,73.33333333333333,80.0,80.0,14,46.666666666666664,6,20.0,2,6.666666666666667,2,6.666666666666667,0,0.0,6,20.0
263,True,2.3,1.656301099840646,2.0,2.0,76.66666666666667,86.66666666666667,90.0,14,46.666666666666664,7,23.333333333333332,2,6.666666666666667,3,10.0,1,3.3333333333333335,3,10.0,2.0,1.8257418583505538,1.0,1.0,83.33333333333334,83.33333333333334,83.33333333333334,20,66.66666666666666,5,16.666666666666664,0,0.0,0,0.0,0,0.0,5,16.666666666666664,2.2333333333333334,1.891795149821695,1.0,1.75,80.0,80.0,83.33333333333334,18,60.0,4,13.333333333333334,2,6.666666666666667,0,0.0,1,3.3333333333333335,5,16.666666666666664,2.066666666666667,1.4360439485692011,1.0,2.0,83.33333333333334,90.0,96.66666666666667,16,53.333333333333336,5,16.666666666666664,4,13.333333333333334,2,6.666666666666667,2,6.666666666666667,1,3.3333333333333335
264,False,2.8,1.8511257835886428,2.0,2.75,73.33333333333333,76.66666666666667,80.0,9,30.0,9,30.0,4,13.333333333333334,1,3.3333333333333335,1,3.3333333333333335,6,20.0,2.066666666666667,1.6918103387266028,1.0,1.75,86.66666666666667,86.66666666666667,86.66666666666667,18,60.0,4,13.333333333333334,4,13.333333333333334,0,0.0,0,0.0,4,13.333333333333334,2.4,1.8726095873584188,1.5,2.0,76.66666666666667,80.0,83.33333333333334,15,50.0,6,20.0,2,6.666666666666667,1,3.3333333333333335,1,3.3333333333333335,5,16.666666666666664,2.466666666666667,1.9102065042525873,1.0,2.75,73.33333333333333,80.0,83.33333333333334,16,53.333333333333336,3,10.0,3,10.0,2,6.666666666666667,1,3.3333333333333335,5,16.666666666666664
265,True,2.2333333333333334,1.6058919293927874,2.0,1.75,80.0,83.33333333333334,93.33333333333333,14,46.666666666666664,8,26.666666666666668,2,6.666666666666667,1,3.3333333333333335,3,10.0,2,6.666666666666667,1.8666666666666667,1.6878651868229548,1.0,1.0,86.66666666666667,86.66666666666667,86.66666666666667,21,70.0,4,13.333333333333334,1,3.3333333333333335,0,0.0,0,0.0,4,13.333333333333334,2.1666666666666665,1.881193474602995,1.0,2.0,80.0,83.33333333333334,83.33333333333334,20,66.66666666666666,1,3.3333333333333335,3,10.0,1,3.3333333333333335,0,0.0,5,16.666666666666664,1.9666666666666666,1.5162087220725544,1.0,1.0,90.0,90.0,90.0,17,56.666666666666664,6,20.0,4,13.333333333333334,0,0.0,0,0.0,3,10.0
266,False,2.3,1.5737428845483836,2.0,2.0,76.66666666666667,86.66666666666667,93.33333333333333,13,43.333333333333336,8,26.666666666666668,2,6.666666666666667,3,10.0,2,6.666666666666667,2,6.666666666666667,1.9666666666666666,1.5595583420386112,1.0,1.0,80.0,90.0,93.33333333333333,19,63.33333333333333,4,13.333333333333334,1,3.3333333333333335,3,10.0,1,3.3333333333333335,2,6.666666666666667,2.0,1.5491933384829668,1.0,1.75,86.66666666666667,86.66666666666667,93.33333333333333,18,60.0,4,13.333333333333334,4,13.333333333333334,0,0.0,2,6.666666666666667,2,6.666666666666667,2.2333333333333334,1.856220772310114,1.0,1.75,76.66666666666667,80.0,86.66666666666667,18,60.0,4,13.333333333333334,1,3.3333333333333335,1,3.3333333333333335,2,6.666666666666667,4,13.333333333333334
267,True,2.1666666666666665,1.6947631758514883,1.0,2.0,86.66666666666667,86.66666666666667,86.66666666666667,17,56.666666666666664,3,10.0,6,20.0,0,0.0,0,0.0,4,13.333333333333334,1.7,1.4177446878757824,1.0,1.0,90.0,90.0,93.33333333333333,21,70.0,5,16.666666666666664,1,3.3333333333333335,0,0.0,1,3.3333333333333335,2,6.666666666666667,1.7666666666666666,1.4761059883656353,1.0,1.0,86.66666666666667,90.0,93.33333333333333,21,70.0,4,13.333333333333334,1,3.3333333333333335,1,3.3333333333333335,1,3.3333333333333335,2,6.666666666666667,2.6,1.8184242262647807,2.0,2.75,73.33333333333333,76.66666666666667,86.66666666666667,12,40.0,7,23.333333333333332,3,10.0,1,3.3333333333333335,3,10.0,4,13.333333333333334
268,False,2.566666666666667,1.9947152400502908,2.0,2.0,76.66666666666667,76.66666666666667,76.66666666666667,14,46.666666666666664,6,20.0,3,10.0,0,0.0,0,0.0,7,23.333333333333332,2.0,1.632993161855452,1.0,1.75,86.66666666666667,86.66666666666667,90.0,19,63.33333333333333,3,10.0,4,13.333333333333334,0,0.0,1,3.3333333333333335,3,10.0,2.1333333333333333,1.7269111795984824,1.0,2.0,83.33333333333334,86.66666666666667,86.66666666666667,18,60.0,3,10.0,4,13.333333333333334,1,3.3333333333333335,0,0.0,4,13.333333333333334,2.1,1.556705923844749,1.0,1.75,83.33333333333334,86.66666666666667,93.33333333333333,16,53.333333333333336,6,20.0,3,10.0,1,3.3333333333333335,2,6.666666666666667,2,6.666666666666667
269,True,2.6,1.7999999999999998,2.0,2.75,73.33333333333333,83.33333333333334,83.33333333333334,12,40.0,6,20.0,4,13.333333333333334,3,10.0,0,0.0,5,16.666666666666664,1.9333333333333333,1.6519348924485155,1.0,1.0,83.33333333333334,86.66666666666667,90.0,20,66.66666666666666,4,13.333333333333334,1,3.3333333333333335,1,3.3333333333333335,1,3.3333333333333335,3,10.0,2.1,1.8681541692269403,1.0,1.0,80.0,83.33333333333334,83.33333333333334,20,66.66666666666666,3,10.0,1,3.3333333333333335,1,3.3333333333333335,0,0.0,5,16.666666666666664,2.2666666666666666,1.7688665548562135,1.0,2.0,80.0,83.33333333333334,86.66666666666667,16,53.333333333333336,5,16.666666666666664,3,10.0,1,3.3333333333333335,1,3.3333333333333335,4,13.333333333333334
270,False,1.9666666666666666,1.4255603186895396,1.0,1.75,86.66666666666667,93.33333333333333,93.33333333333333,17,56.666666666666664,5,16.666666666666664,4,13.333333333333334,2,6.666666666666667,0,0.0,2,6.666666666666667,1.7666666666666666,1.382831234179436,1.0,1.0,90.0,93.33333333333333,93.33333333333333,20,66.66666666666666,4,13.333333333333334,3,10.0,1,3.3333333333333335,0,0.0,2,6.666666666666667,1.9666666666666666,1.5807874268505835,1.0,1.0,83.33333333333334,90.0,90.0,18,60.0,6,20.0,1,3.3333333333333335,2,6.666666666666667,0,0.0,3,10.0,2.1666666666666665,1.7143187827498387,1.0,2.0,83.33333333333334,86.66666666666667,86.66666666666667,17,56.666666666666664,4,13.333333333333334,4,13.333333333333334,1,3.3333333333333335,0,0.0,4,13.333333333333334
271,False,2.7,1.69607389776114,2.0,2.0,76.66666666666667,80.0,86.66666666666667,9,30.0,8,26.666666666666668,6,20.0,1,3.3333333333333335,2,6.666666666666667,4,13.333333333333334,2.033333333333333,1.6224124698183944,1.0,1.0,83.33333333333334,86.66666666666667,90.0,17,56.666666666666664,7,23.333333333333332,1,3.3333333333333335,1,3.3333333333333335,1,3.3333333333333335,3,10.0,2.2333333333333334,1.8015425489162213,1.0,1.75,83.33333333333334,83.33333333333334,83.33333333333334,16,53.333333333333336,6,20.0,3,10.0,0,0.0,0,0.0,5,16.666666666666664,3.2,1.9899748742132402,3.0,4.75,60.0,70.0,73.33333333333333,9,30.0,5,16.666666666666664,4,13.333333333333334,3,10.0,1,3.3333333333333335,8,26.666666666666668
272,True,2.2666666666666666,1.4817407180595248,2.0,2.0,86.66666666666667,90.0,90.0,11,36.666666666666664,10,33.33333333333333,5,16.666666666666664,1,3.3333333333333335,0,0.0,3,10.0,2.0,1.4605934866804429,1.0,1.0,86.66666666666667,90.0,93.33333333333333,16,53.333333333333336,7,23.333333333333332,3,10.0,1,3.3333333333333335,1,3.3333333333333335,2,6.666666666666667,2.1333333333333333,1.4772346537440226,2.0,1.75,83.33333333333334,90.0,93.33333333333333,14,46.666666666666664,8,26.666666666666668,3,10.0,2,6.666666666666667,1,3.3333333333333335,2,6.666666666666667,2.4,1.6653327995729064,2.0,2.75,73.33333333333333,86.66666666666667,90.0,13,43.333333333333336,7,23.333333333333332,2,6.666666666666667,4,13.333333333333334,1,3.3333333333333335,3,10.0
273,True,2.1666666666666665,1.507389207279335,2.0,1.75,86.66666666666667,90.0,90.0,13,43.333333333333336,9,30.0,4,13.333333333333334,1,3.3333333333333335,0,0.0,3,10.0,1.8666666666666667,1.4079141387961918,1.0,1.0,86.66666666666667,90.0,96.66666666666667,19,63.33333333333333,4,13.333333333333334,3,10.0,1,3.3333333333333335,2,6.666666666666667,1,3.3333333333333335,2.066666666666667,1.6519348924485158,1.0,1.75,83.33333333333334,86.66666666666667,90.0,18,60.0,4,13.333333333333334,3,10.0,1,3.3333333333333335,1,3.3333333333333335,3,10.0,2.3666666666666667,1.6829207415152447,2.0,2.0,83.33333333333334,86.66666666666667,86.66666666666667,14,46.666666666666664,4,13.333333333333334,7,23.333333333333332,1,3.3333333333333335,0,0.0,4,13.333333333333334
274,True,2.6333333333333333,1.7603661235347856,2.0,2.75,73.33333333333333,83.33333333333334,83.33333333333334,10,33.33333333333333,9,30.0,3,10.0,3,10.0,0,0.0,5,16.666666666666664,2.0,1.61245154965971,1.0,1.0,86.66666666666667,86.66666666666667,90.0,18,60.0,5,16.666666666666664,3,10.0,0,0.0,1,3.3333333333333335,3,10.0,2.466666666666667,1.927577639306795,1.5,2.0,76.66666666666667,80.0,80.0,15,50.0,5,16.666666666666664,3,10.0,1,3.3333333333333335,0,0.0,6,20.0,2.6666666666666665,1.7575235101952091,2.5,2.0,76.66666666666667,80.0,86.66666666666667,12,40.0,3,10.0,8,26.666666666666668,1,3.3333333333333335,2,6.666666666666667,4,13.333333333333334
275,True,2.8,1.661324772583615,2.0,1.0,76.66666666666667,83.33333333333334,83.33333333333334,7,23.333333333333332,9,30.0,7,23.333333333333332,2,6.666666666666667,0,0.0,5,16.666666666666664,2.1666666666666665,1.6141733350404335,1.0,2.0,80.0,90.0,90.0,16,53.333333333333336,5,16.666666666666664,3,10.0,3,10.0,0,0.0,3,10.0,2.1666666666666665,1.2671051872498809,2.0,2.0,83.33333333333334,96.66666666666667,96.66666666666667,12,40.0,8,26.666666666666668,5,16.666666666666664,4,13.333333333333334,0,0.0,1,3.3333333333333335,2.6,1.6653327995729064,2.0,2.75,73.33333333333333,86.66666666666667,86.66666666666667,10,33.33333333333333,8,26.666666666666668,4,13.333333333333334,4,13.333333333333334,0,0.0,4,13.333333333333334
276,True,2.0,1.505545305418162,1.5,1.0,86.66666666666667,90.0,90.0,15,50.0,10,33.33333333333333,1,3.3333333333333335,1,3.3333333333333335,0,0.0,3,10.0,1.6333333333333333,1.2512216252748976,1.0,1.0,90.0,93.33333333333333,96.66666666666667,21,70.0,5,16.666666666666664,1,3.3333333333333335,1,3.3333333333333335,1,3.3333333333333335,1,3.3333333333333335,1.9,1.6401219466856725,1.0,1.0,83.33333333333334,86.66666666666667,90.0,20,66.66666666666666,5,16.666666666666664,0,0.0,1,3.3333333333333335,1,3.3333333333333335,3,10.0,2.2,1.7009801096230768,2.0,1.0,83.33333333333334,83.33333333333334,86.66666666666667,14,46.666666666666664,10,33.33333333333333,1,3.3333333333333335,0,0.0,1,3.3333333333333335,4,13.333333333333334
277,True,2.1,1.5567059238447492,1.0,2.0,80.0,90.0,93.33333333333333,17,56.666666666666664,4,13.333333333333334,3,10.0,3,10.0,1,3.3333333333333335,2,6.666666666666667,1.8666666666666667,1.746106780494506,1.0,0.0,83.33333333333334,86.66666666666667,86.66666666666667,23,76.66666666666667,1,3.3333333333333335,1,3.3333333333333335,1,3.3333333333333335,0,0.0,4,13.333333333333334,1.8333333333333333,1.5723301886761007,1.0,1.0,86.66666666666667,90.0,90.0,21,70.0,3,10.0,2,6.666666666666667,1,3.3333333333333335,0,0.0,3,10.0,2.566666666666667,1.961008810677697,1.5,3.5,73.33333333333333,73.33333333333333,83.33333333333334,15,50.0,4,13.333333333333334,3,10.0,0,0.0,3,10.0,5,16.666666666666664
278,True,2.3,1.5088627063675035,2.0,1.0,80.0,90.0,90.0,10,33.33333333333333,13,43.333333333333336,1,3.3333333333333335,3,10.0,0,0.0,3,10.0,2.066666666666667,1.6316317667360556,1.0,1.75,80.0,90.0,90.0,18,60.0,4,13.333333333333334,2,6.666666666666667,3,10.0,0,0.0,3,10.0,2.2666666666666666,1.730767331432956,1.5,1.75,76.66666666666667,86.66666666666667,86.66666666666667,15,50.0,7,23.333333333333332,1,3.3333333333333335,3,10.0,0,0.0,4,13.333333333333334,2.7666666666666666,2.0604745947367453,2.0,4.5,70.0,73.33333333333333,73.33333333333333,12,40.0,8,26.666666666666668,1,3.3333333333333335,1,3.3333333333333335,0,0.0,8,26.666666666666668
279,False,2.566666666666667,1.977933826552906,1.5,2.75,73.33333333333333,76.66666666666667,80.0,15,50.0,4,13.333333333333334,3,10.0,1,3.3333333333333335,1,3.3333333333333335,6,20.0,1.8333333333333333,1.462494064565354,1.0,1.0,86.66666666666667,90.0,93.33333333333333,19,63.33333333333333,6,20.0,1,3.3333333333333335,1,3.3333333333333335,1,3.3333333333333335,2,6.666666666666667,2.1,1.619670748434179,1.0,1.0,83.33333333333334,86.66666666666667,90.0,16,53.333333333333336,7,23.333333333333332,2,6.666666666666667,1,3.3333333333333335,1,3.3333333333333335,3,10.0,2.1666666666666665,1.8454147380888546,1.0,1.0,80.0,83.33333333333334,83.33333333333334,18,60.0,5,16.666666666666664,1,3.3333333333333335,1,3.3333333333333335,0,0.0,5,16.666666666666664
280,False,2.7333333333333334,1.7688665548562132,2.0,3.0,70.0,83.33333333333334,83.33333333333334,10,33.33333333333333,7,23.333333333333332,4,13.333333333333334,4,13.333333333333334,0,0.0,5,16.666666666666664,2.0,1.6931233465600393,1.0,1.0,86.66666666666667,86.66666666666667,86.66666666666667,19,63.33333333333333,4,13.333333333333334,3,10.0,0,0.0,0,0.0,4,13.333333333333334,2.2666666666666666,1.8061622912192088,1.0,2.0,83.33333333333334,83.33333333333334,83.33333333333334,16,53.333333333333336,5,16.666666666666664,4,13.333333333333334,0,0.0,0,0.0,5,16.666666666666664,2.933333333333333,1.9310331143946988,3.0,3.0,63.33333333333333,76.66666666666667,80.0,12,40.0,2,6.666666666666667,5,16.666666666666664,4,13.333333333333334,1,3.3333333333333335,6,20.0
281,False,2.1666666666666665,1.6947631758514883,1.0,1.75,83.33333333333334,86.66666666666667,86.66666666666667,16,53.333333333333336,6,20.0,3,10.0,1,3.3333333333333335,0,0.0,4,13.333333333333334,1.9333333333333333,1.6918103387266026,1.0,1.0,86.66666666666667,86.66666666666667,86.66666666666667,20,66.66666666666666,4,13.333333333333334,2,6.666666666666667,0,0.0,0,0.0,4,13.333333333333334,2.1,1.7194960502038574,1.0,1.75,83.33333333333334,86.66666666666667,86.66666666666667,18,60.0,4,13.333333333333334,3,10.0,1,3.3333333333333335,0,0.0,4,13.333333333333334,2.433333333333333,1.9439364415764442,1.0,2.75,73.33333333333333,76.66666666666667,83.33333333333334,16,53.333333333333336,5,16.666666666666664,1,3.3333333333333335,1,3.3333333333333335,2,6.666666666666667,5,16.666666666666664
282,True,2.1,1.445683229480096,1.5,2.0,83.33333333333334,93.33333333333333,93.33333333333333,15,50.0,6,20.0,4,13.333333333333334,3,10.0,0,0.0,2,6.666666666666667,1.8333333333333333,1.416176385749867,1.0,1.0,86.66666666666667,93.33333333333333,93.33333333333333,19,63.33333333333333,5,16.666666666666664,2,6.666666666666667,2,6.666666666666667,0,0.0,2,6.666666666666667,2.1666666666666665,1.790406533599438,1.0,1.75,80.0,83.33333333333334,86.66666666666667,18,60.0,4,13.333333333333334,2,6.666666666666667,1,3.3333333333333335,1,3.3333333333333335,4,13.333333333333334,2.2,1.6206994374857624,1.5,1.75,80.0,83.33333333333334,93.33333333333333,15,50.0,7,23.333333333333332,2,6.666666666666667,1,3.3333333333333335,3,10.0,2,6.666666666666667
283,False,2.1666666666666665,1.7143187827498387,1.0,1.0,80.0,86.66666666666667,86.66666666666667,16,53.333333333333336,7,23.333333333333332,1,3.3333333333333335,2,6.666666666666667,0,0.0,4,13.333333333333334,1.7333333333333334,1.5040685563571303,1.0,1.0,90.0,90.0,90.0,21,70.0,5,16.666666666666664,1,3.3333333333333335,0,0.0,0,0.0,3,10.0,2.066666666666667,1.6519348924485158,1.0,1.0,80.0,83.33333333333334,93.33333333333333,18,60.0,5,16.666666666666664,1,3.3333333333333335,1,3.3333333333333335,3,10.0,2,6.666666666666667,2.3333333333333335,1.8135294011647258,1.5,2.0,80.0,83.33333333333334,83.33333333333334,15,50.0,6,20.0,3,10.0,1,3.3333333333333335,0,0.0,5,16.666666666666664
284,True,1.6,1.083205120618128,1.0,1.0,93.33333333333333,96.66666666666667,96.66666666666667,19,63.33333333333333,8,26.666666666666668,1,3.3333333333333335,1,3.3333333333333335,0,0.0,1,3.3333333333333335,1.7333333333333334,1.4817407180595246,1.0,0.75,86.66666666666667,90.0,93.33333333333333,22,73.33333333333333,3,10.0,1,3.3333333333333335,1,3.3333333333333335,1,3.3333333333333335,2,6.666666666666667,1.8333333333333333,1.5293426329272617,1.0,1.0,86.66666666666667,90.0,90.0,19,63.33333333333333,7,23.333333333333332,0,0.0,1,3.3333333333333335,0,0.0,3,10.0,2.3,1.8466185312619388,1.0,1.75,76.66666666666667,83.33333333333334,83.33333333333334,16,53.333333333333336,6,20.0,1,3.3333333333333335,2,6.666666666666667,0,0.0,5,16.666666666666664
285,True,2.2333333333333334,1.5638272140986536,2.0,1.75,80.0,90.0,90.0,13,43.333333333333336,9,30.0,2,6.666666666666667,3,10.0,0,0.0,3,10.0,1.9,1.468559384794046,1.0,1.0,86.66666666666667,90.0,93.33333333333333,18,60.0,6,20.0,2,6.666666666666667,1,3.3333333333333335,1,3.3333333333333335,2,6.666666666666667,2.1333333333333333,1.8024674446127702,1.0,1.0,83.33333333333334,83.33333333333334,83.33333333333334,17,56.666666666666664,7,23.333333333333332,1,3.3333333333333335,0,0.0,0,0.0,5,16.666666666666664,2.5,1.707825127659933,2.0,2.0,80.0,83.33333333333334,86.66666666666667,12,40.0,6,20.0,6,20.0,1,3.3333333333333335,1,3.3333333333333335,4,13.333333333333334
286,True,2.2,1.5577761927397231,2.0,1.75,86.66666666666667,86.66666666666667,90.0,13,43.333333333333336,9,30.0,4,13.333333333333334,0,0.0,1,3.3333333333333335,3,10.0,1.9,1.5567059238447492,1.0,1.0,86.66666666666667,90.0,90.0,19,63.33333333333333,5,16.666666666666664,2,6.666666666666667,1,3.3333333333333335,0,0.0,3,10.0,2.2333333333333334,1.5849991237291654,2.0,2.0,80.0,90.0,90.0,14,46.666666666666664,7,23.333333333333332,3,10.0,3,10.0,0,0.0,3,10.0,2.8333333333333335,1.7143187827498387,2.0,2.5,73.33333333333333,76.66666666666667,86.66666666666667,8,26.666666666666668,8,26.666666666666668,6,20.0,1,3.3333333333333335,3,10.0,4,13.333333333333334
287,True,1.9,1.3253930234714029,1.0,1.0,93.33333333333333,93.33333333333333,93.33333333333333,16,53.333333333333336,7,23.333333333333332,5,16.666666666666664,0,0.0,0,0.0,2,6.666666666666667,1.6333333333333333,1.2242911781471306,1.0,0.75,90.0,96.66666666666667,96.66666666666667,22,73.33333333333333,2,6.666666666666667,3,10.0,2,6.666666666666667,0,0.0,1,3.3333333333333335,2.0,1.6733200530681511,1.0,1.0,86.66666666666667,86.66666666666667,86.66666666666667,18,60.0,6,20.0,2,6.666666666666667,0,0.0,0,0.0,4,13.333333333333334,2.466666666666667,1.8571184369578826,1.0,2.75,73.33333333333333,80.0,86.66666666666667,16,53.333333333333336,2,6.666666666666667,4,13.333333333333334,2,6.666666666666667,2,6.666666666666667,4,13.333333333333334
288,False,2.066666666666667,1.4360439485692011,2.0,1.0,86.66666666666667,90.0,93.33333333333333,14,46.666666666666664,9,30.0,3,10.0,1,3.3333333333333335,1,3.3333333333333335,2,6.666666666666667,1.7666666666666666,1.3828312341794362,1.0,1.0,90.0,93.33333333333333,93.33333333333333,20,66.66666666666666,4,13.333333333333334,3,10.0,1,3.3333333333333335,0,0.0,2,6.666666666666667,2.0,1.591644851508443,1.0,1.0,83.33333333333334,90.0,90.0,18,60.0,5,16.666666666666664,2,6.666666666666667,2,6.666666666666667,0,0.0,3,10.0,2.966666666666667,2.0733762053445317,2.0,4.75,66.66666666666666,70.0,73.33333333333333,12,40.0,4,13.333333333333334,4,13.333333333333334,1,3.3333333333333335,1,3.3333333333333335,8,26.666666666666668
289,True,2.0,1.3416407864998738,2.0,1.0,90.0,93.33333333333333,93.33333333333333,14,46.666666666666664,9,30.0,4,13.333333333333334,1,3.3333333333333335,0,0.0,2,6.666666666666667,1.7666666666666666,1.5205992970609392,1.0,1.0,90.0,90.0,90.0,21,70.0,4,13.333333333333334,2,6.666666666666667,0,0.0,0,0.0,3,10.0,2.0,1.6931233465600393,1.0,1.0,86.66666666666667,86.66666666666667,86.66666666666667,19,63.33333333333333,4,13.333333333333334,3,10.0,0,0.0,0,0.0,4,13.333333333333334,2.4,1.8903262505010434,2.0,1.75,80.0,80.0,80.0,14,46.666666666666664,8,26.666666666666668,2,6.666666666666667,0,0.0,0,0.0,6,20.0
290,True,1.7666666666666666,1.2827920936595905,1.0,1.0,93.33333333333333,93.33333333333333,93.33333333333333,17,56.666666666666664,9,30.0,2,6.666666666666667,0,0.0,0,0.0,2,6.666666666666667,1.8333333333333333,1.6749792701868151,1.0,1.0,86.66666666666667,86.66666666666667,86.66666666666667,21,70.0,5,16.666666666666664,0,0.0,0,0.0,0,0.0,4,13.333333333333334,1.9666666666666666,1.6629959577688562,1.0,1.0,86.66666666666667,86.66666666666667,86.66666666666667,18,60.0,7,23.333333333333332,1,3.3333333333333335,0,0.0,0,0.0,4,13.333333333333334,2.566666666666667,1.7451520150277902,2.0,2.75,73.33333333333333,83.33333333333334,86.66666666666667,12,40.0,6,20.0,4,13.333333333333334,3,10.0,1,3.3333333333333335,4,13.333333333333334
291,True,2.3666666666666667,1.5162087220725546,2.0,2.0,80.0,86.66666666666667,93.33333333333333,11,36.666666666666664,9,30.0,4,13.333333333333334,2,6.666666666666667,2,6.666666666666667,2,6.666666666666667,2.1666666666666665,1.752775576684654,1.0,1.75,76.66666666666667,83.33333333333334,90.0,18,60.0,4,13.333333333333334,1,3.3333333333333335,2,6.666666666666667,2,6.666666666666667,3,10.0,2.3666666666666667,1.74132771821453,1.0,2.0,76.66666666666667,83.33333333333334,90.0,16,53.333333333333336,2,6.666666666666667,5,16.666666666666664,2,6.666666666666667,2,6.666666666666667,3,10.0,2.3666666666666667,1.662995957768856,2.0,2.75,73.33333333333333,83.33333333333334,93.33333333333333,14,46.666666666666664,6,20.0,2,6.666666666666667,3,10.0,3,10.0,2,6.666666666666667
292,True,2.6,1.8184242262647807,2.0,2.0,80.0,80.0,80.0,10,33.33333333333333,10,33.33333333333333,4,13.333333333333334,0,0.0,0,0.0,6,20.0,1.8,1.3266499161421599,1.0,1.0,93.33333333333333,93.33333333333333,93.33333333333333,18,60.0,6,20.0,4,13.333333333333334,0,0.0,0,0.0,2,6.666666666666667,2.466666666666667,1.8926759422104522,2.0,2.0,80.0,80.0,80.0,14,46.666666666666664,6,20.0,4,13.333333333333334,0,0.0,0,0.0,6,20.0,2.966666666666667,2.0080393975772046,2.5,3.75,63.33333333333333,73.33333333333333,76.66666666666667,12,40.0,3,10.0,4,13.333333333333334,3,10.0,1,3.3333333333333335,7,23.333333333333332
293,True,2.3333333333333335,1.738453974720706,2.0,1.0,76.66666666666667,83.33333333333334,86.66666666666667,13,43.333333333333336,10,33.33333333333333,0,0.0,2,6.666666666666667,1,3.3333333333333335,4,13.333333333333334,1.8666666666666667,1.4544949486180951,1.0,1.0,86.66666666666667,90.0,93.33333333333333,18,60.0,7,23.333333333333332,1,3.3333333333333335,1,3.3333333333333335,1,3.3333333333333335,2,6.666666666666667,1.9333333333333333,1.5040685563571303,1.0,1.0,83.33333333333334,90.0,93.33333333333333,18,60.0,6,20.0,1,3.3333333333333335,2,6.666666666666667,1,3.3333333333333335,2,6.666666666666667,2.2333333333333334,1.7065234314893605,2.0,1.0,83.33333333333334,83.33333333333334,86.66666666666667,14,46.666666666666664,9,30.0,2,6.666666666666667,0,0.0,1,3.3333333333333335,4,13.333333333333334
294,True,2.066666666666667,1.590248058916875,1.0,2.0,86.66666666666667,90.0,90.0,18,60.0,2,6.666666666666667,6,20.0,1,3.3333333333333335,0,0.0,3,10.0,1.6,1.3316656236958786,1.0,0.0,93.33333333333333,93.33333333333333,93.33333333333333,23,76.66666666666667,2,6.666666666666667,3,10.0,0,0.0,0,0.0,2,6.666666666666667,1.9666666666666666,1.87053171287976,1.0,0.0,83.33333333333334,83.33333333333334,83.33333333333334,23,76.66666666666667,0,0.0,2,6.666666666666667,0,0.0,0,0.0,5,16.666666666666664,2.1666666666666665,1.8089284734953512,1.0,2.0,80.0,83.33333333333334,86.66666666666667,19,63.33333333333333,2,6.666666666666667,3,10.0,1,3.3333333333333335,1,3.3333333333333335,4,13.333333333333334
295,True,2.1666666666666665,1.5509853498842456,1.0,2.0,80.0,90.0,93.33333333333333,16,53.333333333333336,4,13.333333333333334,4,13.333333333333334,3,10.0,1,3.3333333333333335,2,6.666666666666667,1.7666666666666666,1.3828312341794362,1.0,1.0,90.0,93.33333333333333,93.33333333333333,20,66.66666666666666,4,13.333333333333334,3,10.0,1,3.3333333333333335,0,0.0,2,6.666666666666667,2.0,1.61245154965971,1.0,1.75,83.33333333333334,90.0,90.0,19,63.33333333333333,3,10.0,3,10.0,2,6.666666666666667,0,0.0,3,10.0,2.466666666666667,1.8208667044996882,1.5,2.0,76.66666666666667,80.0,86.66666666666667,15,50.0,3,10.0,5,16.666666666666664,1,3.3333333333333335,2,6.666666666666667,4,13.333333333333334
296,True,1.9333333333333333,1.5691469727919758,1.0,2.0,90.0,90.0,90.0,20,66.66666666666666,1,3.3333333333333335,6,20.0,0,0.0,0,0.0,3,10.0,1.5,1.0878112581387147,1.0,0.0,96.66666666666667,96.66666666666667,96.66666666666667,23,76.66666666666667,2,6.666666666666667,4,13.333333333333334,0,0.0,0,0.0,1,3.3333333333333335,1.6666666666666667,1.3498971154211057,1.0,0.75,93.33333333333333,93.33333333333333,93.33333333333333,22,73.33333333333333,2,6.666666666666667,4,13.333333333333334,0,0.0,0,0.0,2,6.666666666666667,2.2,1.6411378166788229,1.0,2.0,80.0,90.0,90.0,17,56.666666666666664,2,6.666666666666667,5,16.666666666666664,3,10.0,0,0.0,3,10.0
297,True,2.3,1.6563010998406458,2.0,2.0,83.33333333333334,86.66666666666667,86.66666666666667,13,43.333333333333336,8,26.666666666666668,4,13.333333333333334,1,3.3333333333333335,0,0.0,4,13.333333333333334,1.7666666666666666,1.1742609969205693,1.0,1.0,90.0,96.66666666666667,96.66666666666667,17,56.666666666666664,8,26.666666666666668,2,6.666666666666667,2,6.666666666666667,0,0.0,1,3.3333333333333335,1.8333333333333333,1.1855612829185826,1.0,1.0,90.0,96.66666666666667,96.66666666666667,16,53.333333333333336,8,26.666666666666668,3,10.0,2,6.666666666666667,0,0.0,1,3.3333333333333335,2.1333333333333333,1.4772346537440226,2.0,1.0,80.0,90.0,93.33333333333333,13,43.333333333333336,11,36.666666666666664,0,0.0,3,10.0,1,3.3333333333333335,2,6.666666666666667
298,False,2.533333333333333,1.8024674446127702,2.0,2.75,73.33333333333333,83.33333333333334,83.33333333333334,12,40.0,8,26.666666666666668,2,6.666666666666667,3,10.0,0,0.0,5,16.666666666666664,2.066666666666667,1.7113996870657915,1.0,1.0,80.0,83.33333333333334,90.0,18,60.0,6,20.0,0,0.0,1,3.3333333333333335,2,6.666666666666667,3,10.0,2.066666666666667,1.6519348924485158,1.0,1.0,83.33333333333334,83.33333333333334,90.0,16,53.333333333333336,9,30.0,0,0.0,0,0.0,2,6.666666666666667,3,10.0,2.5,1.927865832122834,1.5,2.75,73.33333333333333,76.66666666666667,83.33333333333334,15,50.0,5,16.666666666666664,2,6.666666666666667,1,3.3333333333333335,2,6.666666666666667,5,16.666666666666664
299,True,2.533333333333333,1.8208667044996885,2.0,2.0,76.66666666666667,80.0,83.33333333333334,12,40.0,8,26.666666666666668,3,10.0,1,3.3333333333333335,1,3.3333333333333335,5,16.666666666666664,2.0,1.7320508075688772,1.0,1.0,83.33333333333334,86.66666666666667,86.66666666666667,20,66.66666666666666,3,10.0,2,6.666666666666667,1,3.3333333333333335,0,0.0,4,13.333333333333334,2.2333333333333334,1.856220772310114,1.0,2.0,80.0,83.33333333333334,83.33333333333334,18,60.0,3,10.0,3,10.0,1,3.3333333333333335,0,0.0,5,16.666666666666664,2.8666666666666667,2.0121851030382096,2.0,3.0,63.33333333333333,76.66666666666667,76.66666666666667,13,43.333333333333336,3,10.0,3,10.0,4,13.333333333333334,0,0.0,7,23.333333333333332
300,True,2.3,1.7349351572897471,2.0,1.75,80.0,83.33333333333334,86.66666666666667,14,46.666666666666664,8,26.666666666666668,2,6.666666666666667,1,3.3333333333333335,1,3.3333333333333335,4,13.333333333333334,1.7666666666666666,1.2827920936595905,1.0,1.0,90.0,93.33333333333333,96.66666666666667,19,63.33333333333333,5,16.666666666666664,3,10.0,1,3.3333333333333335,1,3.3333333333333335,1,3.3333333333333335,1.9666666666666666,1.4255603186895396,1.0,2.0,90.0,93.33333333333333,93.33333333333333,18,60.0,2,6.666666666666667,7,23.333333333333332,1,3.3333333333333335,0,0.0,2,6.666666666666667,2.3666666666666667,1.7603661235347856,2.0,2.0,76.66666666666667,83.33333333333334,86.66666666666667,14,46.666666666666664,7,23.333333333333332,2,6.666666666666667,2,6.666666666666667,1,3.3333333333333335,4,13.333333333333334
301,True,2.3,1.7349351572897471,1.0,2.0,76.66666666666667,83.33333333333334,90.0,16,53.333333333333336,4,13.333333333333334,3,10.0,2,6.666666666666667,2,6.666666666666667,3,10.0,2.1,1.6802777548171413,1.0,1.0,83.33333333333334,83.33333333333334,90.0,17,56.666666666666664,6,20.0,2,6.666666666666667,0,0.0,2,6.666666666666667,3,10.0,2.2333333333333334,1.6868774571839993,1.5,2.0,83.33333333333334,86.66666666666667,86.66666666666667,15,50.0,6,20.0,4,13.333333333333334,1,3.3333333333333335,0,0.0,4,13.333333333333334,2.466666666666667,1.7074997966487597,2.0,2.0,80.0,83.33333333333334,86.66666666666667,12,40.0,7,23.333333333333332,5,16.666666666666664,1,3.3333333333333335,1,3.3333333333333335,4,13.333333333333334
302,True,2.7666666666666666,1.9093337988826249,2.0,3.75,66.66666666666666,73.33333333333333,83.33333333333334,11,36.666666666666664,8,26.666666666666668,1,3.3333333333333335,2,6.666666666666667,3,10.0,5,16.666666666666664,2.066666666666667,1.6316317667360556,1.0,1.0,83.33333333333334,86.66666666666667,90.0,17,56.666666666666664,6,20.0,2,6.666666666666667,1,3.3333333333333335,1,3.3333333333333335,3,10.0,2.3,1.7916472867168918,1.5,2.0,83.33333333333334,83.33333333333334,83.33333333333334,15,50.0,6,20.0,4,13.333333333333334,0,0.0,0,0.0,5,16.666666666666664,2.1666666666666665,1.416176385749867,2.0,2.0,83.33333333333334,93.33333333333333,93.33333333333333,13,43.333333333333336,8,26.666666666666668,4,13.333333333333334,3,10.0,0,0.0,2,6.666666666666667
303,False,2.466666666666667,1.8571184369578826,2.0,1.75,80.0,80.0,80.0,12,40.0,10,33.33333333333333,2,6.666666666666667,0,0.0,0,0.0,6,20.0,2.066666666666667,1.8245242911205346,1.0,1.0,83.33333333333334,83.33333333333334,83.33333333333334,19,63.33333333333333,5,16.666666666666664,1,3.3333333333333335,0,0.0,0,0.0,5,16.666666666666664,2.3666666666666667,2.008039397577204,1.0,2.0,76.66666666666667,76.66666666666667,80.0,18,60.0,3,10.0,2,6.666666666666667,0,0.0,1,3.3333333333333335,6,20.0,2.4,1.7243356208503415,2.0,1.0,80.0,80.0,86.66666666666667,11,36.666666666666664,12,40.0,1,3.3333333333333335,0,0.0,2,6.666666666666667,4,13.333333333333334
304,True,2.466666666666667,1.910206504252587,1.0,2.75,73.33333333333333,80.0,83.33333333333334,16,53.333333333333336,3,10.0,3,10.0,2,6.666666666666667,1,3.3333333333333335,5,16.666666666666664,1.8333333333333333,1.5723301886761007,1.0,0.75,80.0,90.0,93.33333333333333,22,73.33333333333333,2,6.666666666666667,0,0.0,3,10.0,1,3.3333333333333335,2,6.666666666666667,2.2,1.7009801096230763,1.0,2.75,73.33333333333333,90.0,90.0,18,60.0,2,6.666666666666667,2,6.666666666666667,5,16.666666666666664,0,0.0,3,10.0,2.433333333333333,1.8740923729160797,1.0,3.0,70.0,80.0,86.66666666666667,16,53.333333333333336,4,13.333333333333334,1,3.3333333333333335,3,10.0,2,6.666666666666667,4,13.333333333333334
305,True,2.1,1.5132745950421556,2.0,1.0,86.66666666666667,90.0,90.0,14,46.666666666666664,9,30.0,3,10.0,1,3.3333333333333335,0,0.0,3,10.0,1.9666666666666666,1.4487542541400484,1.0,1.0,86.66666666666667,90.0,93.33333333333333,16,53.333333333333336,8,26.666666666666668,2,6.666666666666667,1,3.3333333333333335,1,3.3333333333333335,2,6.666666666666667,2.566666666666667,1.9610088106776968,2.0,1.75,76.66666666666667,76.66666666666667,76.66666666666667,12,40.0,10,33.33333333333333,1,3.3333333333333335,0,0.0,0,0.0,7,23.333333333333332,2.533333333333333,1.6679994670929073,2.0,2.75,73.33333333333333,83.33333333333334,90.0,11,36.666666666666664,8,26.666666666666668,3,10.0,3,10.0,2,6.666666666666667,3,10.0
306,False,2.7,1.7540429489230491,2.0,2.75,73.33333333333333,80.0,86.66666666666667,11,36.666666666666664,5,16.666666666666664,6,20.0,2,6.666666666666667,2,6.666666666666667,4,13.333333333333334,2.0,1.4832396974191326,1.0,1.75,86.66666666666667,90.0,93.33333333333333,17,56.666666666666664,5,16.666666666666664,4,13.333333333333334,1,3.3333333333333335,1,3.3333333333333335,2,6.666666666666667,2.1333333333333333,1.54344492037203,2.0,1.0,83.33333333333334,90.0,90.0,14,46.666666666666664,9,30.0,2,6.666666666666667,2,6.666666666666667,0,0.0,3,10.0,2.6333333333333333,1.9405039437103846,2.0,2.75,73.33333333333333,76.66666666666667,80.0,13,43.333333333333336,6,20.0,3,10.0,1,3.3333333333333335,1,3.3333333333333335,6,20.0
307,False,2.6,1.8547236990991407,2.0,2.0,76.66666666666667,80.0,80.0,11,36.666666666666664,9,30.0,3,10.0,1,3.3333333333333335,0,0.0,6,20.0,1.9666666666666666,1.6428295373802142,1.0,1.0,83.33333333333334,86.66666666666667,90.0,19,63.33333333333333,5,16.666666666666664,1,3.3333333333333335,1,3.3333333333333335,1,3.3333333333333335,3,10.0,2.3333333333333335,1.920648038785058,1.0,1.75,80.0,80.0,80.0,16,53.333333333333336,6,20.0,2,6.666666666666667,0,0.0,0,0.0,6,20.0,2.966666666666667,2.0245712852080286,2.0,4.0,63.33333333333333,70.0,76.66666666666667,11,36.666666666666664,6,20.0,2,6.666666666666667,2,6.666666666666667,2,6.666666666666667,7,23.333333333333332
308,True,2.1333333333333333,1.4079141387961918,2.0,1.75,83.33333333333334,93.33333333333333,93.33333333333333,13,43.333333333333336,9,30.0,3,10.0,3,10.0,0,0.0,2,6.666666666666667,1.9,1.3503086067019396,1.0,1.0,90.0,93.33333333333333,93.33333333333333,16,53.333333333333336,8,26.666666666666668,3,10.0,1,3.3333333333333335,0,0.0,2,6.666666666666667,2.4,1.7813852287849852,2.0,2.0,80.0,83.33333333333334,83.33333333333334,13,43.333333333333336,8,26.666666666666668,3,10.0,1,3.3333333333333335,0,0.0,5,16.666666666666664,2.3666666666666667,1.5162087220725546,2.0,2.0,83.33333333333334,86.66666666666667,93.33333333333333,12,40.0,6,20.0,7,23.333333333333332,1,3.3333333333333335,2,6.666666666666667,2,6.666666666666667
309,True,2.566666666666667,1.7829438827088442,2.0,3.0,70.0,80.0,86.66666666666667,11,36.666666666666664,10,33.33333333333333,0,0.0,3,10.0,2,6.666666666666667,4,13.333333333333334,2.1333333333333333,1.746106780494506,1.0,1.0,76.66666666666667,83.33333333333334,90.0,18,60.0,5,16.666666666666664,0,0.0,2,6.666666666666667,2,6.666666666666667,3,10.0,2.2666666666666666,1.7876116903722563,1.0,1.75,76.66666666666667,83.33333333333334,86.66666666666667,16,53.333333333333336,6,20.0,1,3.3333333333333335,2,6.666666666666667,1,3.3333333333333335,4,13.333333333333334,2.2666666666666666,1.7876116903722563,1.0,1.75,76.66666666666667,83.33333333333334,86.66666666666667,16,53.333333333333336,6,20.0,1,3.3333333333333335,2,6.666666666666667,1,3.3333333333333335,4,13.333333333333334
310,True,2.1,1.5132745950421556,2.0,1.0,83.33333333333334,90.0,90.0,13,43.333333333333336,12,40.0,0,0.0,2,6.666666666666667,0,0.0,3,10.0,1.7,1.242309676905615,1.0,1.0,86.66666666666667,96.66666666666667,96.66666666666667,20,66.66666666666666,5,16.666666666666664,1,3.3333333333333335,3,10.0,0,0.0,1,3.3333333333333335,1.9,1.556705923844749,1.0,1.0,86.66666666666667,90.0,90.0,19,63.33333333333333,5,16.666666666666664,2,6.666666666666667,1,3.3333333333333335,0,0.0,3,10.0,2.5,1.875277757204694,2.0,2.75,73.33333333333333,80.0,83.33333333333334,14,46.666666666666664,6,20.0,2,6.666666666666667,2,6.666666666666667,1,3.3333333333333335,5,16.666666666666664
311,True,2.3,1.6360521589077368,2.0,2.0,86.66666666666667,86.66666666666667,86.66666666666667,13,43.333333333333336,7,23.333333333333332,6,20.0,0,0.0,0,0.0,4,13.333333333333334,1.8666666666666667,1.5648926125740672,1.0,1.0,86.66666666666667,90.0,90.0,20,66.66666666666666,4,13.333333333333334,2,6.666666666666667,1,3.3333333333333335,0,0.0,3,10.0,2.2333333333333334,1.7451520150277897,1.0,2.0,80.0,86.66666666666667,86.66666666666667,17,56.666666666666664,3,10.0,4,13.333333333333334,2,6.666666666666667,0,0.0,4,13.333333333333334,2.7666666666666666,2.011356645539412,2.0,3.0,70.0,76.66666666666667,76.66666666666667,14,46.666666666666664,2,6.666666666666667,5,16.666666666666664,2,6.666666666666667,0,0.0,7,23.333333333333332
312,False,2.566666666666667,1.7065234314893605,2.0,2.0,83.33333333333334,83.33333333333334,83.33333333333334,10,33.33333333333333,8,26.666666666666668,7,23.333333333333332,0,0.0,0,0.0,5,16.666666666666664,2.066666666666667,1.7499206331208919,1.0,1.75,80.0,83.33333333333334,90.0,20,66.66666666666666,2,6.666666666666667,2,6.666666666666667,1,3.3333333333333335,2,6.666666666666667,3,10.0,2.3333333333333335,1.8135294011647258,1.0,2.0,76.66666666666667,83.33333333333334,86.66666666666667,17,56.666666666666664,2,6.666666666666667,4,13.333333333333334,2,6.666666666666667,1,3.3333333333333335,4,13.333333333333334,3.2,2.039607805437114,3.0,4.75,60.0,66.66666666666666,73.33333333333333,10,33.33333333333333,4,13.333333333333334,4,13.333333333333334,2,6.666666666666667,2,6.666666666666667,8,26.666666666666668
313,True,2.2666666666666666,1.5477582354991866,2.0,2.0,83.33333333333334,90.0,90.0,13,43.333333333333336,7,23.333333333333332,5,16.666666666666664,2,6.666666666666667,0,0.0,3,10.0,2.1666666666666665,1.771690968789108,1.0,2.0,83.33333333333334,83.33333333333334,86.66666666666667,18,60.0,3,10.0,4,13.333333333333334,0,0.0,1,3.3333333333333335,4,13.333333333333334,2.2333333333333334,1.8015425489162213,1.0,1.75,83.33333333333334,83.33333333333334,83.33333333333334,16,53.333333333333336,6,20.0,3,10.0,0,0.0,0,0.0,5,16.666666666666664,2.933333333333333,2.015495527710797,2.0,4.5,70.0,73.33333333333333,73.33333333333333,11,36.666666666666664,5,16.666666666666664,5,16.666666666666664,1,3.3333333333333335,0,0.0,8,26.666666666666668
314,True,2.0,1.2110601416389966,2.0,1.0,86.66666666666667,96.66666666666667,96.66666666666667,13,43.333333333333336,10,33.33333333333333,3,10.0,3,10.0,0,0.0,1,3.3333333333333335,1.8333333333333333,1.507389207279335,1.0,1.0,90.0,90.0,90.0,19,63.33333333333333,6,20.0,2,6.666666666666667,0,0.0,0,0.0,3,10.0,1.7333333333333334,1.1234866364235145,1.0,1.0,96.66666666666667,96.66666666666667,96.66666666666667,18,60.0,5,16.666666666666664,6,20.0,0,0.0,0,0.0,1,3.3333333333333335,2.533333333333333,1.746106780494506,2.0,2.0,80.0,83.33333333333334,83.33333333333334,11,36.666666666666664,8,26.666666666666668,5,16.666666666666664,1,3.3333333333333335,0,0.0,5,16.666666666666664
315,False,2.2333333333333334,1.6669999666733315,2.0,1.0,80.0,86.66666666666667,86.66666666666667,13,43.333333333333336,11,36.666666666666664,0,0.0,2,6.666666666666667,0,0.0,4,13.333333333333334,1.9666666666666666,1.4487542541400484,1.0,1.0,86.66666666666667,90.0,93.33333333333333,16,53.333333333333336,8,26.666666666666668,2,6.666666666666667,1,3.3333333333333335,1,3.3333333333333335,2,6.666666666666667,2.1666666666666665,1.3924399049470282,2.0,2.0,86.66666666666667,93.33333333333333,93.33333333333333,13,43.333333333333336,7,23.333333333333332,6,20.0,2,6.666666666666667,0,0.0,2,6.666666666666667,2.3666666666666667,1.7220788470785986,2.0,2.0,80.0,83.33333333333334,86.66666666666667,13,43.333333333333336,8,26.666666666666668,3,10.0,1,3.3333333333333335,1,3.3333333333333335,4,13.333333333333334
316,False,1.9666666666666666,1.5162087220725542,1.0,1.0,86.66666666666667,90.0,90.0,16,53.333333333333336,9,30.0,1,3.3333333333333335,1,3.3333333333333335,0,0.0,3,10.0,1.7666666666666666,1.6868774571839995,1.0,0.0,86.66666666666667,86.66666666666667,86.66666666666667,23,76.66666666666667,3,10.0,0,0.0,0,0.0,0,0.0,4,13.333333333333334,1.7333333333333334,1.4590712418826193,1.0,0.75,90.0,90.0,93.33333333333333,22,73.33333333333333,2,6.666666666666667,3,10.0,0,0.0,1,3.3333333333333335,2,6.666666666666667,2.4,1.781385228784985,1.5,2.75,73.33333333333333,80.0,90.0,15,50.0,5,16.666666666666664,2,6.666666666666667,2,6.666666666666667,3,10.0,3,10.0
317,True,2.4,1.665332799572906,2.0,2.0,83.33333333333334,83.33333333333334,86.66666666666667,11,36.666666666666664,10,33.33333333333333,4,13.333333333333334,0,0.0,1,3.3333333333333335,4,13.333333333333334,1.9,1.5567059238447487,1.0,1.0,86.66666666666667,90.0,90.0,19,63.33333333333333,5,16.666666666666664,2,6.666666666666667,1,3.3333333333333335,0,0.0,3,10.0,2.1333333333333333,1.6478942792411033,1.5,1.0,86.66666666666667,86.66666666666667,86.66666666666667,15,50.0,8,26.666666666666668,3,10.0,0,0.0,0,0.0,4,13.333333333333334,2.8333333333333335,2.1147629234082532,2.0,4.5,63.33333333333333,73.33333333333333,73.33333333333333,14,46.666666666666664,4,13.333333333333334,1,3.3333333333333335,3,10.0,0,0.0,8,26.666666666666668
318,True,2.1666666666666665,1.5293426329272617,2.0,1.75,83.33333333333334,86.66666666666667,93.33333333333333,14,46.666666666666664,8,26.666666666666668,3,10.0,1,3.3333333333333335,2,6.666666666666667,2,6.666666666666667,1.8666666666666667,1.5648926125740668,1.0,1.0,86.66666666666667,90.0,90.0,20,66.66666666666666,4,13.333333333333334,2,6.666666666666667,1,3.3333333333333335,0,0.0,3,10.0,2.1666666666666665,1.790406533599438,1.0,1.75,80.0,83.33333333333334,86.66666666666667,18,60.0,4,13.333333333333334,2,6.666666666666667,1,3.3333333333333335,1,3.3333333333333335,4,13.333333333333334,2.966666666666667,2.0572365498945966,2.0,4.0,66.66666666666666,66.66666666666666,76.66666666666667,12,40.0,4,13.333333333333334,4,13.333333333333334,0,0.0,3,10.0,7,23.333333333333332
319,True,3.0,1.591644851508443,3.0,1.0,76.66666666666667,80.0,83.33333333333334,4,13.333333333333334,10,33.33333333333333,9,30.0,1,3.3333333333333335,1,3.3333333333333335,5,16.666666666666664,2.2,1.4696938456699071,2.0,2.0,83.33333333333334,90.0,93.33333333333333,13,43.333333333333336,8,26.666666666666668,4,13.333333333333334,2,6.666666666666667,1,3.3333333333333335,2,6.666666666666667,2.7666666666666666,1.8740923729160797,2.0,2.75,73.33333333333333,76.66666666666667,80.0,10,33.33333333333333,8,26.666666666666668,4,13.333333333333334,1,3.3333333333333335,1,3.3333333333333335,6,20.0,2.533333333333333,1.3840359661351131,2.0,2.0,76.66666666666667,90.0,96.66666666666667,9,30.0,7,23.333333333333332,7,23.333333333333332,4,13.333333333333334,2,6.666666666666667,1,3.3333333333333335
320,True,2.033333333333333,1.27758452644912,2.0,1.0,93.33333333333333,93.33333333333333,93.33333333333333,12,40.0,11,36.666666666666664,5,16.666666666666664,0,0.0,0,0.0,2,6.666666666666667,2.1,1.7,1.0,1.0,76.66666666666667,86.66666666666667,90.0,18,60.0,5,16.666666666666664,0,0.0,3,10.0,1,3.3333333333333335,3,10.0,2.1333333333333333,1.5860503004493758,1.0,2.0,83.33333333333334,90.0,90.0,16,53.333333333333336,5,16.666666666666664,4,13.333333333333334,2,6.666666666666667,0,0.0,3,10.0,2.6333333333333333,1.8526257642120336,2.0,3.0,66.66666666666666,83.33333333333334,83.33333333333334,13,43.333333333333336,5,16.666666666666664,2,6.666666666666667,5,16.666666666666664,0,0.0,5,16.666666666666664
321,True,2.2333333333333334,1.498517786199268,2.0,2.0,80.0,90.0,93.33333333333333,13,43.333333333333336,8,26.666666666666668,3,10.0,3,10.0,1,3.3333333333333335,2,6.666666666666667,1.9,1.7,1.0,1.0,86.66666666666667,86.66666666666667,86.66666666666667,21,70.0,3,10.0,2,6.666666666666667,0,0.0,0,0.0,4,13.333333333333334,2.033333333333333,1.682920741515245,1.0,1.0,86.66666666666667,86.66666666666667,86.66666666666667,18,60.0,5,16.666666666666664,3,10.0,0,0.0,0,0.0,4,13.333333333333334,2.1666666666666665,1.4624940645653535,2.0,2.0,86.66666666666667,90.0,93.33333333333333,14,46.666666666666664,6,20.0,6,20.0,1,3.3333333333333335,1,3.3333333333333335,2,6.666666666666667
322,True,2.2333333333333334,1.5423647068345698,2.0,2.0,83.33333333333334,90.0,90.0,13,43.333333333333336,8,26.666666666666668,4,13.333333333333334,2,6.666666666666667,0,0.0,3,10.0,2.1,1.7387735140993301,1.0,1.0,80.0,86.66666666666667,86.66666666666667,18,60.0,5,16.666666666666664,1,3.3333333333333335,2,6.666666666666667,0,0.0,4,13.333333333333334,2.0,1.2909944487358056,2.0,1.0,86.66666666666667,93.33333333333333,96.66666666666667,14,46.666666666666664,9,30.0,3,10.0,2,6.666666666666667,1,3.3333333333333335,1,3.3333333333333335,2.933333333333333,1.9652537297311568,2.5,3.75,63.33333333333333,73.33333333333333,80.0,12,40.0,3,10.0,4,13.333333333333334,3,10.0,2,6.666666666666667,6,20.0
323,True,2.4,1.836663641860788,2.0,1.0,76.66666666666667,80.0,83.33333333333334,13,43.333333333333336,10,33.33333333333333,0,0.0,1,3.3333333333333335,1,3.3333333333333335,5,16.666666666666664,1.8333333333333333,1.4624940645653537,1.0,1.0,86.66666666666667,90.0,93.33333333333333,19,63.33333333333333,6,20.0,1,3.3333333333333335,1,3.3333333333333335,1,3.3333333333333335,2,6.666666666666667,2.1333333333333333,1.80246744461277,1.0,1.0,83.33333333333334,83.33333333333334,83.33333333333334,17,56.666666666666664,7,23.333333333333332,1,3.3333333333333335,0,0.0,0,0.0,5,16.666666666666664,2.2,1.777638883463118,1.5,1.0,83.33333333333334,83.33333333333334,83.33333333333334,15,50.0,9,30.0,1,3.3333333333333335,0,0.0,0,0.0,5,16.666666666666664
324,True,2.2666666666666666,1.6519348924485158,1.5,2.0,80.0,86.66666666666667,90.0,15,50.0,5,16.666666666666664,4,13.333333333333334,2,6.666666666666667,1,3.3333333333333335,3,10.0,1.7,1.3940349110884322,1.0,0.75,90.0,93.33333333333333,93.33333333333333,22,73.33333333333333,2,6.666666666666667,3,10.0,1,3.3333333333333335,0,0.0,2,6.666666666666667,1.7666666666666666,1.3585122581543223,1.0,1.0,93.33333333333333,93.33333333333333,93.33333333333333,20,66.66666666666666,3,10.0,5,16.666666666666664,0,0.0,0,0.0,2,6.666666666666667,2.1,1.6401219466856725,1.0,2.0,86.66666666666667,86.66666666666667,90.0,18,60.0,2,6.666666666666667,6,20.0,0,0.0,1,3.3333333333333335,3,10.0
325,False,2.466666666666667,1.7838784213679537,2.0,2.0,76.66666666666667,83.33333333333334,83.33333333333334,12,40.0,9,30.0,2,6.666666666666667,2,6.666666666666667,0,0.0,5,16.666666666666664,1.9333333333333333,1.6519348924485155,1.0,1.0,86.66666666666667,86.66666666666667,86.66666666666667,18,60.0,8,26.666666666666668,0,0.0,0,0.0,0,0.0,4,13.333333333333334,1.9,1.535143858622594,1.0,1.0,86.66666666666667,90.0,90.0,18,60.0,7,23.333333333333332,1,3.3333333333333335,1,3.3333333333333335,0,0.0,3,10.0,2.566666666666667,1.9779338265529063,2.0,3.0,70.0,76.66666666666667,80.0,14,46.666666666666664,7,23.333333333333332,0,0.0,2,6.666666666666667,1,3.3333333333333335,6,20.0
326,True,2.1666666666666665,1.4161763857498668,2.0,1.75,86.66666666666667,90.0,93.33333333333333,12,40.0,10,33.33333333333333,4,13.333333333333334,1,3.3333333333333335,1,3.3333333333333335,2,6.666666666666667,1.8333333333333333,1.3924399049470282,1.0,1.0,86.66666666666667,93.33333333333333,93.33333333333333,18,60.0,7,23.333333333333332,1,3.3333333333333335,2,6.666666666666667,0,0.0,2,6.666666666666667,2.1,1.7194960502038572,1.0,1.0,80.0,86.66666666666667,86.66666666666667,17,56.666666666666664,7,23.333333333333332,0,0.0,2,6.666666666666667,0,0.0,4,13.333333333333334,2.3,1.636052158907737,2.0,1.75,76.66666666666667,86.66666666666667,90.0,13,43.333333333333336,9,30.0,1,3.3333333333333335,3,10.0,1,3.3333333333333335,3,10.0
327,False,2.3666666666666667,1.6224124698183942,2.0,2.0,76.66666666666667,86.66666666666667,90.0,12,40.0,9,30.0,2,6.666666666666667,3,10.0,1,3.3333333333333335,3,10.0,2.033333333333333,1.5595583420386112,1.5,1.0,86.66666666666667,86.66666666666667,90.0,15,50.0,10,33.33333333333333,1,3.3333333333333335,0,0.0,1,3.3333333333333335,3,10.0,2.1666666666666665,1.6141733350404335,2.0,1.0,86.66666666666667,86.66666666666667,86.66666666666667,13,43.333333333333336,11,36.666666666666664,2,6.666666666666667,0,0.0,0,0.0,4,13.333333333333334,2.4,1.8,2.0,2.0,76.66666666666667,80.0,86.66666666666667,14,46.666666666666664,7,23.333333333333332,2,6.666666666666667,1,3.3333333333333335,2,6.666666666666667,4,13.333333333333334
328,False,2.2,1.8330302779823362,1.0,1.0,80.0,83.33333333333334,83.33333333333334,17,56.666666666666664,6,20.0,1,3.3333333333333335,1,3.3333333333333335,0,0.0,5,16.666666666666664,1.9,1.6603212540549697,1.0,1.0,83.33333333333334,86.66666666666667,90.0,21,70.0,3,10.0,1,3.3333333333333335,1,3.3333333333333335,1,3.3333333333333335,3,10.0,2.3666666666666667,2.0245712852080286,1.0,2.5,73.33333333333333,76.66666666666667,80.0,18,60.0,4,13.333333333333334,0,0.0,1,3.3333333333333335,1,3.3333333333333335,6,20.0,1.8333333333333333,1.4624940645653537,1.0,1.0,83.33333333333334,93.33333333333333,93.33333333333333,20,66.66666666666666,4,13.333333333333334,1,3.3333333333333335,3,10.0,0,0.0,2,6.666666666666667
329,True,2.533333333333333,1.4996295838935993,2.0,1.75,80.0,83.33333333333334,93.33333333333333,8,26.666666666666668,11,36.666666666666664,5,16.666666666666664,1,3.3333333333333335,3,10.0,2,6.666666666666667,2.2666666666666666,1.7688665548562132,1.0,2.0,80.0,83.33333333333334,86.66666666666667,16,53.333333333333336,5,16.666666666666664,3,10.0,1,3.3333333333333335,1,3.3333333333333335,4,13.333333333333334,2.4,1.8000000000000003,2.0,2.0,80.0,83.33333333333334,83.33333333333334,14,46.666666666666664,6,20.0,4,13.333333333333334,1,3.3333333333333335,0,0.0,5,16.666666666666664,2.7666666666666666,1.8015425489162211,2.0,3.0,66.66666666666666,83.33333333333334,83.33333333333334,11,36.666666666666664,5,16.666666666666664,4,13.333333333333334,5,16.666666666666664,0,0.0,5,16.666666666666664
330,True,2.2,1.5577761927397231,2.0,2.0,83.33333333333334,90.0,90.0,14,46.666666666666664,7,23.333333333333332,4,13.333333333333334,2,6.666666666666667,0,0.0,3,10.0,1.6333333333333333,1.3535960336164639,1.0,0.75,90.0,93.33333333333333,93.33333333333333,22,73.33333333333333,4,13.333333333333334,1,3.3333333333333335,1,3.3333333333333335,0,0.0,2,6.666666666666667,1.6666666666666667,1.3498971154211057,1.0,1.0,90.0,93.33333333333333,93.33333333333333,21,70.0,5,16.666666666666664,1,3.3333333333333335,1,3.3333333333333335,0,0.0,2,6.666666666666667,2.033333333333333,1.5380362660079103,1.0,1.0,86.66666666666667,90.0,90.0,16,53.333333333333336,7,23.333333333333332,3,10.0,1,3.3333333333333335,0,0.0,3,10.0
331,True,2.466666666666667,1.8749814813900312,2.0,2.0,80.0,80.0,80.0,13,43.333333333333336,8,26.666666666666668,3,10.0,0,0.0,0,0.0,6,20.0,1.9666666666666666,1.4940623220676645,1.0,1.0,83.33333333333334,90.0,93.33333333333333,17,56.666666666666664,7,23.333333333333332,1,3.3333333333333335,2,6.666666666666667,1,3.3333333333333335,2,6.666666666666667,2.2333333333333334,1.7065234314893605,2.0,1.0,83.33333333333334,83.33333333333334,86.66666666666667,14,46.666666666666664,9,30.0,2,6.666666666666667,0,0.0,1,3.3333333333333335,4,13.333333333333334,2.1666666666666665,1.3682917167849196,2.0,2.0,86.66666666666667,93.33333333333333,93.33333333333333,12,40.0,9,30.0,5,16.666666666666664,2,6.666666666666667,0,0.0,2,6.666666666666667
332,False,2.466666666666667,1.586050300449376,2.0,2.0,76.66666666666667,86.66666666666667,90.0,10,33.33333333333333,10,33.33333333333333,3,10.0,3,10.0,1,3.3333333333333335,3,10.0,2.2333333333333334,1.8015425489162211,1.5,1.0,80.0,83.33333333333334,83.33333333333334,15,50.0,9,30.0,0,0.0,1,3.3333333333333335,0,0.0,5,16.666666666666664,2.566666666666667,1.7451520150277902,2.0,2.0,80.0,83.33333333333334,83.33333333333334,11,36.666666666666664,7,23.333333333333332,6,20.0,1,3.3333333333333335,0,0.0,5,16.666666666666664,2.7666666666666666,1.961008810677697,2.0,3.0,70.0,76.66666666666667,76.66666666666667,11,36.666666666666664,8,26.666666666666668,2,6.666666666666667,2,6.666666666666667,0,0.0,7,23.333333333333332
333,True,2.533333333333333,1.746106780494506,2.0,2.75,73.33333333333333,80.0,90.0,13,43.333333333333336,5,16.666666666666664,4,13.333333333333334,2,6.666666666666667,3,10.0,3,10.0,2.1666666666666665,1.6549588783075213,1.0,1.75,80.0,86.66666666666667,90.0,16,53.333333333333336,6,20.0,2,6.666666666666667,2,6.666666666666667,1,3.3333333333333335,3,10.0,2.3666666666666667,1.7220788470785986,2.0,2.0,76.66666666666667,86.66666666666667,86.66666666666667,14,46.666666666666664,6,20.0,3,10.0,3,10.0,0,0.0,4,13.333333333333334,2.6666666666666665,1.86785676348292,2.0,3.0,66.66666666666666,80.0,83.33333333333334,12,40.0,7,23.333333333333332,1,3.3333333333333335,4,13.333333333333334,1,3.3333333333333335,5,16.666666666666664
334,False,2.466666666666667,1.8208667044996885,2.0,2.0,80.0,80.0,83.33333333333334,13,43.333333333333336,7,23.333333333333332,4,13.333333333333334,0,0.0,1,3.3333333333333335,5,16.666666666666664,1.9333333333333333,1.6719914938645934,1.0,1.0,83.33333333333334,86.66666666666667,90.0,21,70.0,2,6.666666666666667,2,6.666666666666667,1,3.3333333333333335,1,3.3333333333333335,3,10.0,2.1333333333333333,1.6069294390925264,1.0,2.0,80.0,86.66666666666667,93.33333333333333,17,56.666666666666664,4,13.333333333333334,3,10.0,2,6.666666666666667,2,6.666666666666667,2,6.666666666666667,2.6666666666666665,1.9206480387850577,2.0,3.0,70.0,80.0,80.0,13,43.333333333333336,5,16.666666666666664,3,10.0,3,10.0,0,0.0,6,20.0
335,False,2.466666666666667,1.8208667044996885,2.0,2.0,76.66666666666667,83.33333333333334,83.33333333333334,14,46.666666666666664,5,16.666666666666664,4,13.333333333333334,2,6.666666666666667,0,0.0,5,16.666666666666664,1.8666666666666667,1.521694961401777,1.0,1.0,90.0,90.0,90.0,19,63.33333333333333,5,16.666666666666664,3,10.0,0,0.0,0,0.0,3,10.0,2.3666666666666667,1.9232495649002208,1.0,1.75,76.66666666666667,76.66666666666667,83.33333333333334,16,53.333333333333336,6,20.0,1,3.3333333333333335,0,0.0,2,6.666666666666667,5,16.666666666666664,2.3,1.69607389776114,1.5,2.0,80.0,83.33333333333334,90.0,15,50.0,5,16.666666666666664,4,13.333333333333334,1,3.3333333333333335,2,6.666666666666667,3,10.0
336,True,2.4,1.4966629547095764,2.0,2.0,83.33333333333334,90.0,90.0,10,33.33333333333333,9,30.0,6,20.0,2,6.666666666666667,0,0.0,3,10.0,2.0,1.61245154965971,1.0,1.0,86.66666666666667,86.66666666666667,90.0,18,60.0,5,16.666666666666664,3,10.0,0,0.0,1,3.3333333333333335,3,10.0,2.1666666666666665,1.7143187827498387,1.0,1.0,80.0,86.66666666666667,86.66666666666667,16,53.333333333333336,7,23.333333333333332,1,3.3333333333333335,2,6.666666666666667,0,0.0,4,13.333333333333334,2.6666666666666665,1.903213656482693,2.0,2.0,76.66666666666667,76.66666666666667,80.0,12,40.0,6,20.0,5,16.666666666666664,0,0.0,1,3.3333333333333335,6,20.0
337,False,2.3,1.5307950004273378,2.0,2.0,86.66666666666667,86.66666666666667,90.0,11,36.666666666666664,10,33.33333333333333,5,16.666666666666664,0,0.0,1,3.3333333333333335,3,10.0,1.8,1.32664991614216,1.0,1.0,90.0,93.33333333333333,93.33333333333333,17,56.666666666666664,9,30.0,1,3.3333333333333335,1,3.3333333333333335,0,0.0,2,6.666666666666667,2.3333333333333335,1.9550504398153574,1.0,1.75,76.66666666666667,80.0,80.0,17,56.666666666666664,5,16.666666666666664,1,3.3333333333333335,1,3.3333333333333335,0,0.0,6,20.0,2.6333333333333333,1.8526257642120338,2.0,3.0,70.0,80.0,83.33333333333334,12,40.0,7,23.333333333333332,2,6.666666666666667,3,10.0,1,3.3333333333333335,5,16.666666666666664
338,True,2.3,1.4866068747318506,2.0,2.0,76.66666666666667,93.33333333333333,93.33333333333333,13,43.333333333333336,6,20.0,4,13.333333333333334,5,16.666666666666664,0,0.0,2,6.666666666666667,2.066666666666667,1.6519348924485158,1.0,1.0,80.0,86.66666666666667,90.0,17,56.666666666666664,7,23.333333333333332,0,0.0,2,6.666666666666667,1,3.3333333333333335,3,10.0,2.1666666666666665,1.7143187827498387,1.0,1.0,80.0,86.66666666666667,86.66666666666667,16,53.333333333333336,7,23.333333333333332,1,3.3333333333333335,2,6.666666666666667,0,0.0,4,13.333333333333334,2.6666666666666665,1.7950549357115013,2.0,3.0,70.0,80.0,86.66666666666667,12,40.0,5,16.666666666666664,4,13.333333333333334,3,10.0,2,6.666666666666667,4,13.333333333333334
339,True,2.2333333333333334,1.5638272140986536,2.0,2.0,83.33333333333334,90.0,90.0,14,46.666666666666664,6,20.0,5,16.666666666666664,2,6.666666666666667,0,0.0,3,10.0,1.9333333333333333,1.6316317667360551,1.0,1.0,86.66666666666667,86.66666666666667,90.0,20,66.66666666666666,3,10.0,3,10.0,0,0.0,1,3.3333333333333335,3,10.0,2.066666666666667,1.730767331432956,1.0,1.75,76.66666666666667,86.66666666666667,90.0,20,66.66666666666666,2,6.666666666666667,1,3.3333333333333335,3,10.0,1,3.3333333333333335,3,10.0,2.7666666666666666,2.011356645539412,2.0,3.5,73.33333333333333,73.33333333333333,76.66666666666667,13,43.333333333333336,4,13.333333333333334,5,16.666666666666664,0,0.0,1,3.3333333333333335,7,23.333333333333332
340,True,2.2,1.5362291495737215,2.0,2.0,86.66666666666667,90.0,90.0,14,46.666666666666664,6,20.0,6,20.0,1,3.3333333333333335,0,0.0,3,10.0,2.0,1.6733200530681511,1.0,1.75,83.33333333333334,86.66666666666667,90.0,20,66.66666666666666,2,6.666666666666667,3,10.0,1,3.3333333333333335,1,3.3333333333333335,3,10.0,2.4,2.0591260281974,1.0,2.0,76.66666666666667,76.66666666666667,76.66666666666667,18,60.0,3,10.0,2,6.666666666666667,0,0.0,0,0.0,7,23.333333333333332,2.433333333333333,1.8562207723101136,1.5,2.0,80.0,80.0,83.33333333333334,15,50.0,4,13.333333333333334,5,16.666666666666664,0,0.0,1,3.3333333333333335,5,16.666666666666664
341,True,2.2666666666666666,1.6316317667360556,2.0,2.0,86.66666666666667,86.66666666666667,86.66666666666667,13,43.333333333333336,8,26.666666666666668,5,16.666666666666664,0,0.0,0,0.0,4,13.333333333333334,1.8666666666666667,1.3349989596333858,1.0,1.0,93.33333333333333,93.33333333333333,93.33333333333333,17,56.666666666666664,6,20.0,5,16.666666666666664,0,0.0,0,0.0,2,6.666666666666667,1.8666666666666667,1.2310790208412925,1.0,1.0,93.33333333333333,93.33333333333333,96.66666666666667,16,53.333333333333336,7,23.333333333333332,5,16.666666666666664,0,0.0,1,3.3333333333333335,1,3.3333333333333335,2.533333333333333,1.9447936194419764,2.0,2.0,76.66666666666667,76.66666666666667,80.0,14,46.666666666666664,6,20.0,3,10.0,0,0.0,1,3.3333333333333335,6,20.0
342,False,2.3666666666666667,1.7792008193443358,1.5,2.0,76.66666666666667,83.33333333333334,86.66666666666667,15,50.0,5,16.666666666666664,3,10.0,2,6.666666666666667,1,3.3333333333333335,4,13.333333333333334,1.8,1.536229149573722,1.0,0.75,83.33333333333334,90.0,93.33333333333333,22,73.33333333333333,2,6.666666666666667,1,3.3333333333333335,2,6.666666666666667,1,3.3333333333333335,2,6.666666666666667,2.1666666666666665,1.8633899812498247,1.0,1.75,80.0,83.33333333333334,83.33333333333334,19,63.33333333333333,3,10.0,2,6.666666666666667,1,3.3333333333333335,0,0.0,5,16.666666666666664,2.1666666666666665,1.827262676488766,1.0,1.75,76.66666666666667,83.33333333333334,86.66666666666667,19,63.33333333333333,3,10.0,1,3.3333333333333335,2,6.666666666666667,1,3.3333333333333335,4,13.333333333333334
343,True,1.9333333333333333,1.3148721948877347,2.0,1.0,90.0,93.33333333333333,93.33333333333333,14,46.666666666666664,11,36.666666666666664,2,6.666666666666667,1,3.3333333333333335,0,0.0,2,6.666666666666667,1.7333333333333334,1.4817407180595246,1.0,1.0,90.0,90.0,90.0,20,66.66666666666666,7,23.333333333333332,0,0.0,0,0.0,0,0.0,3,10.0,1.9,1.6603212540549694,1.0,1.0,86.66666666666667,86.66666666666667,86.66666666666667,19,63.33333333333333,7,23.333333333333332,0,0.0,0,0.0,0,0.0,4,13.333333333333334,2.433333333333333,1.891795149821695,1.5,2.75,73.33333333333333,80.0,83.33333333333334,15,50.0,6,20.0,1,3.3333333333333335,2,6.666666666666667,1,3.3333333333333335,5,16.666666666666664
344,True,2.066666666666667,1.5691469727919762,1.0,1.0,83.33333333333334,90.0,90.0,16,53.333333333333336,7,23.333333333333332,2,6.666666666666667,2,6.666666666666667,0,0.0,3,10.0,1.7333333333333334,1.364632632697248,1.0,1.0,90.0,93.33333333333333,93.33333333333333,20,66.66666666666666,5,16.666666666666664,2,6.666666666666667,1,3.3333333333333335,0,0.0,2,6.666666666666667,1.7333333333333334,1.364632632697248,1.0,1.0,90.0,93.33333333333333,93.33333333333333,20,66.66666666666666,5,16.666666666666664,2,6.666666666666667,1,3.3333333333333335,0,0.0,2,6.666666666666667,2.2666666666666666,1.8061622912192088,1.0,2.0,76.66666666666667,83.33333333333334,86.66666666666667,17,56.666666666666664,4,13.333333333333334,2,6.666666666666667,2,6.666666666666667,1,3.3333333333333335,4,13.333333333333334
345,True,2.433333333333333,1.764149149653232,2.0,2.0,83.33333333333334,83.33333333333334,83.33333333333334,13,43.333333333333336,6,20.0,6,20.0,0,0.0,0,0.0,5,16.666666666666664,1.9333333333333333,1.5260697523012794,1.0,1.0,90.0,90.0,90.0,18,60.0,5,16.666666666666664,4,13.333333333333334,0,0.0,0,0.0,3,10.0,2.3,1.7729448195962934,2.0,1.75,83.33333333333334,83.33333333333334,83.33333333333334,14,46.666666666666664,8,26.666666666666668,3,10.0,0,0.0,0,0.0,5,16.666666666666664,2.2758620689655173,1.637840287867299,2.0,2.0,75.86206896551724,89.65517241379311,89.65517241379311,14,48.275862068965516,6,20.689655172413794,2,6.896551724137931,4,13.793103448275861,0,0.0,3,10.344827586206897
346,True,2.433333333333333,1.5638272140986533,2.0,2.0,80.0,86.66666666666667,90.0,10,33.33333333333333,10,33.33333333333333,4,13.333333333333334,2,6.666666666666667,1,3.3333333333333335,3,10.0,2.1666666666666665,1.6346933113652304,1.5,1.0,80.0,86.66666666666667,90.0,15,50.0,8,26.666666666666668,1,3.3333333333333335,2,6.666666666666667,1,3.3333333333333335,3,10.0,2.466666666666667,1.8749814813900312,2.0,2.75,73.33333333333333,80.0,83.33333333333334,14,46.666666666666664,7,23.333333333333332,1,3.3333333333333335,2,6.666666666666667,1,3.3333333333333335,5,16.666666666666664,2.6666666666666665,1.8499249234015476,2.0,3.0,70.0,76.66666666666667,83.33333333333334,10,33.33333333333333,11,36.666666666666664,0,0.0,2,6.666666666666667,2,6.666666666666667,5,16.666666666666664
347,True,2.1666666666666665,1.5073892072793351,2.0,2.0,86.66666666666667,86.66666666666667,93.33333333333333,14,46.666666666666664,7,23.333333333333332,5,16.666666666666664,0,0.0,2,6.666666666666667,2,6.666666666666667,1.7,1.4177446878757824,1.0,1.0,90.0,90.0,93.33333333333333,21,70.0,5,16.666666666666664,1,3.3333333333333335,0,0.0,1,3.3333333333333335,2,6.666666666666667,1.9333333333333333,1.569146972791976,1.0,1.0,86.66666666666667,90.0,90.0,19,63.33333333333333,4,13.333333333333334,3,10.0,1,3.3333333333333335,0,0.0,3,10.0,2.2666666666666666,1.6519348924485155,1.5,2.0,80.0,86.66666666666667,90.0,15,50.0,5,16.666666666666664,4,13.333333333333334,2,6.666666666666667,1,3.3333333333333335,3,10.0
348,True,1.7333333333333334,1.0306416555826872,1.5,1.0,96.66666666666667,96.66666666666667,96.66666666666667,15,50.0,11,36.666666666666664,3,10.0,0,0.0,0,0.0,1,3.3333333333333335,1.7333333333333334,1.339983416149452,1.0,1.0,90.0,93.33333333333333,93.33333333333333,19,63.33333333333333,7,23.333333333333332,1,3.3333333333333335,1,3.3333333333333335,0,0.0,2,6.666666666666667,2.2666666666666666,1.9482185594936612,1.0,1.75,80.0,80.0,80.0,18,60.0,4,13.333333333333334,2,6.666666666666667,0,0.0,0,0.0,6,20.0,2.033333333333333,1.5162087220725544,1.0,1.0,86.66666666666667,86.66666666666667,93.33333333333333,16,53.333333333333336,7,23.333333333333332,3,10.0,0,0.0,2,6.666666666666667,2,6.666666666666667
349,False,2.1666666666666665,1.674979270186815,1.5,1.0,83.33333333333334,86.66666666666667,86.66666666666667,15,50.0,8,26.666666666666668,2,6.666666666666667,1,3.3333333333333335,0,0.0,4,13.333333333333334,1.7,1.3453624047073711,1.0,1.0,93.33333333333333,93.33333333333333,93.33333333333333,21,70.0,3,10.0,4,13.333333333333334,0,0.0,0,0.0,2,6.666666666666667,2.033333333333333,1.7792008193443358,1.0,1.0,83.33333333333334,83.33333333333334,86.66666666666667,20,66.66666666666666,3,10.0,2,6.666666666666667,0,0.0,1,3.3333333333333335,4,13.333333333333334,2.2,1.492201952373293,2.0,2.0,83.33333333333334,90.0,93.33333333333333,14,46.666666666666664,6,20.0,5,16.666666666666664,2,6.666666666666667,1,3.3333333333333335,2,6.666666666666667
350,False,2.433333333333333,1.6265163865007801,2.0,2.0,83.33333333333334,86.66666666666667,86.66666666666667,11,36.666666666666664,8,26.666666666666668,6,20.0,1,3.3333333333333335,0,0.0,4,13.333333333333334,2.066666666666667,1.7688665548562132,1.0,1.0,83.33333333333334,83.33333333333334,86.66666666666667,19,63.33333333333333,4,13.333333333333334,2,6.666666666666667,0,0.0,1,3.3333333333333335,4,13.333333333333334,2.3666666666666667,1.9576062480034697,1.0,2.0,76.66666666666667,80.0,80.0,17,56.666666666666664,4,13.333333333333334,2,6.666666666666667,1,3.3333333333333335,0,0.0,6,20.0,2.4827586206896552,1.958547837401783,1.0,2.0,75.86206896551724,75.86206896551724,82.75862068965517,16,55.172413793103445,2,6.896551724137931,4,13.793103448275861,0,0.0,2,6.896551724137931,5,17.24137931034483
351,True,2.1,1.374772708486752,2.0,1.0,90.0,90.0,93.33333333333333,12,40.0,11,36.666666666666664,4,13.333333333333334,0,0.0,1,3.3333333333333335,2,6.666666666666667,1.9666666666666666,1.834545054108935,1.0,1.0,83.33333333333334,83.33333333333334,83.33333333333334,21,70.0,4,13.333333333333334,0,0.0,0,0.0,0,0.0,5,16.666666666666664,2.1333333333333333,1.8571184369578826,1.0,1.0,80.0,83.33333333333334,83.33333333333334,19,63.33333333333333,4,13.333333333333334,1,3.3333333333333335,1,3.3333333333333335,0,0.0,5,16.666666666666664,2.9,2.1501937897160186,2.0,5.0,66.66666666666666,70.0,70.0,13,43.333333333333336,5,16.666666666666664,2,6.666666666666667,1,3.3333333333333335,0,0.0,9,30.0
352,True,2.3,1.2151817422372124,2.0,1.75,86.66666666666667,93.33333333333333,96.66666666666667,8,26.666666666666668,12,40.0,6,20.0,2,6.666666666666667,1,3.3333333333333335,1,3.3333333333333335,2.0,1.390443574307614,1.5,1.0,86.66666666666667,93.33333333333333,93.33333333333333,15,50.0,8,26.666666666666668,3,10.0,2,6.666666666666667,0,0.0,2,6.666666666666667,2.2666666666666666,1.6110727964792764,2.0,1.75,86.66666666666667,86.66666666666667,86.66666666666667,12,40.0,10,33.33333333333333,4,13.333333333333334,0,0.0,0,0.0,4,13.333333333333334,2.7333333333333334,1.9988885800753267,2.0,3.75,70.0,73.33333333333333,76.66666666666667,11,36.666666666666664,10,33.33333333333333,0,0.0,1,3.3333333333333335,1,3.3333333333333335,7,23.333333333333332
353,True,1.9333333333333333,1.339983416149452,1.5,1.0,90.0,93.33333333333333,93.33333333333333,15,50.0,9,30.0,3,10.0,1,3.3333333333333335,0,0.0,2,6.666666666666667,1.7333333333333334,1.4817407180595248,1.0,1.0,90.0,90.0,90.0,20,66.66666666666666,7,23.333333333333332,0,0.0,0,0.0,0,0.0,3,10.0,1.9,1.535143858622594,1.0,1.0,86.66666666666667,90.0,90.0,18,60.0,7,23.333333333333332,1,3.3333333333333335,1,3.3333333333333335,0,0.0,3,10.0,2.2,1.6206994374857624,1.5,2.0,83.33333333333334,86.66666666666667,90.0,15,50.0,6,20.0,4,13.333333333333334,1,3.3333333333333335,1,3.3333333333333335,3,10.0
354,True,2.066666666666667,1.3888444437333107,2.0,1.75,86.66666666666667,93.33333333333333,93.33333333333333,14,46.666666666666664,8,26.666666666666668,4,13.333333333333334,2,6.666666666666667,0,0.0,2,6.666666666666667,1.8,1.351542328847553,1.0,1.0,90.0,93.33333333333333,93.33333333333333,18,60.0,7,23.333333333333332,2,6.666666666666667,1,3.3333333333333335,0,0.0,2,6.666666666666667,2.1,1.6603212540549694,1.0,1.0,86.66666666666667,86.66666666666667,86.66666666666667,16,53.333333333333336,7,23.333333333333332,3,10.0,0,0.0,0,0.0,4,13.333333333333334,2.2,1.6,1.5,2.0,80.0,90.0,90.0,15,50.0,6,20.0,3,10.0,3,10.0,0,0.0,3,10.0
355,True,2.5,1.5438048235879214,2.0,2.0,80.0,86.66666666666667,90.0,9,30.0,10,33.33333333333333,5,16.666666666666664,2,6.666666666666667,1,3.3333333333333335,3,10.0,1.8666666666666667,1.4313940369055924,1.0,1.0,90.0,90.0,93.33333333333333,18,60.0,6,20.0,3,10.0,0,0.0,1,3.3333333333333335,2,6.666666666666667,1.9666666666666666,1.5595583420386114,1.0,1.0,86.66666666666667,90.0,90.0,18,60.0,5,16.666666666666664,3,10.0,1,3.3333333333333335,0,0.0,3,10.0,2.7333333333333334,1.9652537297311568,2.0,2.0,76.66666666666667,76.66666666666667,76.66666666666667,13,43.333333333333336,3,10.0,7,23.333333333333332,0,0.0,0,0.0,7,23.333333333333332
356,False,2.3,1.5947831618540915,2.0,1.75,86.66666666666667,86.66666666666667,86.66666666666667,11,36.666666666666664,11,36.666666666666664,4,13.333333333333334,0,0.0,0,0.0,4,13.333333333333334,1.8333333333333333,1.5293426329272615,1.0,1.0,90.0,90.0,90.0,20,66.66666666666666,4,13.333333333333334,3,10.0,0,0.0,0,0.0,3,10.0,2.2666666666666666,1.8785337071473829,1.0,1.75,80.0,80.0,83.33333333333334,17,56.666666666666664,5,16.666666666666664,2,6.666666666666667,0,0.0,1,3.3333333333333335,5,16.666666666666664,2.6666666666666665,2.102908039411667,1.0,3.75,66.66666666666666,73.33333333333333,76.66666666666667,16,53.333333333333336,3,10.0,1,3.3333333333333335,2,6.666666666666667,1,3.3333333333333335,7,23.333333333333332
357,False,2.3333333333333335,1.5986105077709065,2.0,2.0,80.0,86.66666666666667,90.0,12,40.0,9,30.0,3,10.0,2,6.666666666666667,1,3.3333333333333335,3,10.0,1.9333333333333333,1.6110727964792764,1.0,1.0,86.66666666666667,86.66666666666667,90.0,19,63.33333333333333,5,16.666666666666664,2,6.666666666666667,0,0.0,1,3.3333333333333335,3,10.0,2.2,1.777638883463118,1.0,1.0,76.66666666666667,80.0,90.0,17,56.666666666666664,6,20.0,0,0.0,1,3.3333333333333335,3,10.0,3,10.0,3.0,2.016597794967223,2.0,4.0,63.33333333333333,70.0,76.66666666666667,11,36.666666666666664,5,16.666666666666664,3,10.0,2,6.666666666666667,2,6.666666666666667,7,23.333333333333332
358,True,2.3,1.6155494421403513,2.0,1.0,83.33333333333334,86.66666666666667,86.66666666666667,11,36.666666666666664,12,40.0,2,6.666666666666667,1,3.3333333333333335,0,0.0,4,13.333333333333334,1.9666666666666666,1.6629959577688562,1.0,1.0,86.66666666666667,86.66666666666667,86.66666666666667,18,60.0,7,23.333333333333332,1,3.3333333333333335,0,0.0,0,0.0,4,13.333333333333334,2.3,1.8466185312619388,1.0,1.75,76.66666666666667,83.33333333333334,83.33333333333334,16,53.333333333333336,6,20.0,1,3.3333333333333335,2,6.666666666666667,0,0.0,5,16.666666666666664,2.1666666666666665,1.6141733350404335,2.0,1.0,86.66666666666667,86.66666666666667,86.66666666666667,13,43.333333333333336,11,36.666666666666664,2,6.666666666666667,0,0.0,0,0.0,4,13.333333333333334
359,False,2.1666666666666665,1.6346933113652304,1.5,1.0,80.0,86.66666666666667,90.0,15,50.0,8,26.666666666666668,1,3.3333333333333335,2,6.666666666666667,1,3.3333333333333335,3,10.0,1.9333333333333333,1.5477582354991866,1.0,1.0,86.66666666666667,90.0,90.0,18,60.0,6,20.0,2,6.666666666666667,1,3.3333333333333335,0,0.0,3,10.0,2.3666666666666667,1.9058389811897072,1.0,2.5,73.33333333333333,80.0,83.33333333333334,16,53.333333333333336,6,20.0,0,0.0,2,6.666666666666667,1,3.3333333333333335,5,16.666666666666664,2.9,1.9035055380358978,2.0,3.0,60.0,80.0,80.0,11,36.666666666666664,5,16.666666666666664,2,6.666666666666667,6,20.0,0,0.0,6,20.0
360,True,2.8,1.7587874611030558,2.0,3.0,66.66666666666666,80.0,86.66666666666667,10,33.33333333333333,6,20.0,4,13.333333333333334,4,13.333333333333334,2,6.666666666666667,4,13.333333333333334,2.066666666666667,1.5477582354991866,1.0,2.0,76.66666666666667,93.33333333333333,93.33333333333333,18,60.0,3,10.0,2,6.666666666666667,5,16.666666666666664,0,0.0,2,6.666666666666667,2.066666666666667,1.5260697523012796,1.0,1.0,80.0,90.0,93.33333333333333,16,53.333333333333336,7,23.333333333333332,1,3.3333333333333335,3,10.0,1,3.3333333333333335,2,6.666666666666667,2.566666666666667,1.8562207723101138,2.0,3.0,70.0,83.33333333333334,83.33333333333334,14,46.666666666666664,4,13.333333333333334,3,10.0,4,13.333333333333334,0,0.0,5,16.666666666666664
361,True,2.1,1.374772708486752,2.0,1.0,83.33333333333334,93.33333333333333,93.33333333333333,12,40.0,12,40.0,1,3.3333333333333335,3,10.0,0,0.0,2,6.666666666666667,1.9333333333333333,1.6519348924485158,1.0,1.0,86.66666666666667,86.66666666666667,86.66666666666667,18,60.0,8,26.666666666666668,0,0.0,0,0.0,0,0.0,4,13.333333333333334,2.033333333333333,1.601735170231195,1.0,1.0,86.66666666666667,86.66666666666667,90.0,17,56.666666666666664,6,20.0,3,10.0,0,0.0,1,3.3333333333333335,3,10.0,2.3333333333333335,1.5563490039905004,2.0,1.75,76.66666666666667,90.0,90.0,11,36.666666666666664,11,36.666666666666664,1,3.3333333333333335,4,13.333333333333334,0,0.0,3,10.0
362,True,1.8,1.32664991614216,1.0,1.0,90.0,93.33333333333333,93.33333333333333,17,56.666666666666664,9,30.0,1,3.3333333333333335,1,3.3333333333333335,0,0.0,2,6.666666666666667,1.6666666666666667,1.2995725793078619,1.0,1.0,93.33333333333333,93.33333333333333,93.33333333333333,20,66.66666666666666,6,20.0,2,6.666666666666667,0,0.0,0,0.0,2,6.666666666666667,2.066666666666667,1.7876116903722565,1.0,1.0,80.0,83.33333333333334,86.66666666666667,19,63.33333333333333,5,16.666666666666664,0,0.0,1,3.3333333333333335,1,3.3333333333333335,4,13.333333333333334,2.3666666666666667,1.87053171287976,1.5,1.75,76.66666666666667,80.0,83.33333333333334,15,50.0,7,23.333333333333332,1,3.3333333333333335,1,3.3333333333333335,1,3.3333333333333335,5,16.666666666666664
363,False,2.6,1.685229954635272,2.0,2.0,76.66666666666667,83.33333333333334,86.66666666666667,10,33.33333333333333,8,26.666666666666668,5,16.666666666666664,2,6.666666666666667,1,3.3333333333333335,4,13.333333333333334,2.1333333333333333,1.7074997966487597,1.0,1.75,83.33333333333334,86.66666666666667,86.66666666666667,17,56.666666666666664,5,16.666666666666664,3,10.0,1,3.3333333333333335,0,0.0,4,13.333333333333334,2.2666666666666666,1.730767331432956,1.5,2.0,83.33333333333334,83.33333333333334,86.66666666666667,15,50.0,6,20.0,4,13.333333333333334,0,0.0,1,3.3333333333333335,4,13.333333333333334,2.8,1.8147543451754933,2.5,2.0,76.66666666666667,80.0,80.0,10,33.33333333333333,5,16.666666666666664,8,26.666666666666668,1,3.3333333333333335,0,0.0,6,20.0
364,True,2.3,1.3453624047073711,2.0,1.5,86.66666666666667,90.0,93.33333333333333,8,26.666666666666668,14,46.666666666666664,4,13.333333333333334,1,3.3333333333333335,1,3.3333333333333335,2,6.666666666666667,2.1,1.535143858622594,2.0,1.0,83.33333333333334,90.0,90.0,14,46.666666666666664,10,33.33333333333333,1,3.3333333333333335,2,6.666666666666667,0,0.0,3,10.0,2.2,1.5577761927397231,2.0,1.0,80.0,90.0,90.0,13,43.333333333333336,10,33.33333333333333,1,3.3333333333333335,3,10.0,0,0.0,3,10.0,2.6333333333333333,1.7603661235347858,2.0,2.0,76.66666666666667,80.0,83.33333333333334,9,30.0,11,36.666666666666664,3,10.0,1,3.3333333333333335,1,3.3333333333333335,5,16.666666666666664
365,True,2.3333333333333335,1.5776212754932308,2.0,1.75,80.0,86.66666666666667,90.0,11,36.666666666666664,11,36.666666666666664,2,6.666666666666667,2,6.666666666666667,1,3.3333333333333335,3,10.0,1.8333333333333333,1.5073892072793353,1.0,1.0,90.0,90.0,90.0,19,63.33333333333333,6,20.0,2,6.666666666666667,0,0.0,0,0.0,3,10.0,1.9666666666666666,1.601735170231195,1.0,1.0,86.66666666666667,86.66666666666667,90.0,18,60.0,6,20.0,2,6.666666666666667,0,0.0,1,3.3333333333333335,3,10.0,2.2666666666666666,1.569146972791976,2.0,1.75,83.33333333333334,86.66666666666667,90.0,12,40.0,10,33.33333333333333,3,10.0,1,3.3333333333333335,1,3.3333333333333335,3,10.0
366,True,2.466666666666667,1.6478942792411033,2.0,2.0,80.0,86.66666666666667,86.66666666666667,11,36.666666666666664,8,26.666666666666668,5,16.666666666666664,2,6.666666666666667,0,0.0,4,13.333333333333334,1.8666666666666667,1.4313940369055924,1.0,1.0,86.66666666666667,93.33333333333333,93.33333333333333,19,63.33333333333333,4,13.333333333333334,3,10.0,2,6.666666666666667,0,0.0,2,6.666666666666667,1.9666666666666666,1.5595583420386112,1.0,1.0,86.66666666666667,90.0,90.0,18,60.0,5,16.666666666666664,3,10.0,1,3.3333333333333335,0,0.0,3,10.0,2.2333333333333334,1.6058919293927874,2.0,2.0,83.33333333333334,86.66666666666667,90.0,14,46.666666666666664,7,23.333333333333332,4,13.333333333333334,1,3.3333333333333335,1,3.3333333333333335,3,10.0
367,True,2.2333333333333334,1.5638272140986536,2.0,2.0,86.66666666666667,86.66666666666667,90.0,13,43.333333333333336,8,26.666666666666668,5,16.666666666666664,0,0.0,1,3.3333333333333335,3,10.0,1.7333333333333334,1.339983416149452,1.0,1.0,93.33333333333333,93.33333333333333,93.33333333333333,20,66.66666666666666,4,13.333333333333334,4,13.333333333333334,0,0.0,0,0.0,2,6.666666666666667,1.9666666666666666,1.6224124698183942,1.0,1.0,86.66666666666667,86.66666666666667,90.0,19,63.33333333333333,4,13.333333333333334,3,10.0,0,0.0,1,3.3333333333333335,3,10.0,2.4,1.7625738755203046,2.0,2.0,83.33333333333334,83.33333333333334,83.33333333333334,13,43.333333333333336,7,23.333333333333332,5,16.666666666666664,0,0.0,0,0.0,5,16.666666666666664
368,True,2.3666666666666667,1.4940623220676648,2.0,2.0,86.66666666666667,90.0,90.0,11,36.666666666666664,7,23.333333333333332,8,26.666666666666668,1,3.3333333333333335,0,0.0,3,10.0,2.066666666666667,1.5260697523012796,1.0,1.75,86.66666666666667,86.66666666666667,93.33333333333333,16,53.333333333333336,6,20.0,4,13.333333333333334,0,0.0,2,6.666666666666667,2,6.666666666666667,2.4,1.836663641860788,1.5,2.75,73.33333333333333,80.0,86.66666666666667,15,50.0,6,20.0,1,3.3333333333333335,2,6.666666666666667,2,6.666666666666667,4,13.333333333333334,2.7333333333333334,1.8245242911205346,2.0,3.0,70.0,80.0,83.33333333333334,11,36.666666666666664,6,20.0,4,13.333333333333334,3,10.0,1,3.3333333333333335,5,16.666666666666664
369,False,2.3666666666666667,1.642829537380214,2.0,2.0,83.33333333333334,86.66666666666667,86.66666666666667,12,40.0,8,26.666666666666668,5,16.666666666666664,1,3.3333333333333335,0,0.0,4,13.333333333333334,1.6333333333333333,1.3034143197344767,1.0,1.0,93.33333333333333,93.33333333333333,93.33333333333333,21,70.0,5,16.666666666666664,2,6.666666666666667,0,0.0,0,0.0,2,6.666666666666667,2.2,1.9390719429665315,1.0,1.0,80.0,80.0,80.0,18,60.0,6,20.0,0,0.0,0,0.0,0,0.0,6,20.0,2.533333333333333,1.892675942210452,2.0,3.0,70.0,80.0,83.33333333333334,14,46.666666666666664,6,20.0,1,3.3333333333333335,3,10.0,1,3.3333333333333335,5,16.666666666666664
370,True,2.3,1.676305461424021,1.0,2.0,76.66666666666667,83.33333333333334,93.33333333333333,16,53.333333333333336,3,10.0,4,13.333333333333334,2,6.666666666666667,3,10.0,2,6.666666666666667,1.8666666666666667,1.5648926125740668,1.0,1.0,83.33333333333334,86.66666666666667,93.33333333333333,20,66.66666666666666,5,16.666666666666664,0,0.0,1,3.3333333333333335,2,6.666666666666667,2,6.666666666666667,2.033333333333333,1.7220788470785986,1.0,1.0,83.33333333333334,86.66666666666667,86.66666666666667,19,63.33333333333333,4,13.333333333333334,2,6.666666666666667,1,3.3333333333333335,0,0.0,4,13.333333333333334,2.533333333333333,1.839081896551163,2.0,2.0,76.66666666666667,80.0,83.33333333333334,13,43.333333333333336,6,20.0,4,13.333333333333334,1,3.3333333333333335,1,3.3333333333333335,5,16.666666666666664
371,False,2.5,1.7272328544042153,2.0,2.0,83.33333333333334,83.33333333333334,83.33333333333334,11,36.666666666666664,8,26.666666666666668,6,20.0,0,0.0,0,0.0,5,16.666666666666664,2.1,1.7578395831246945,1.0,1.0,83.33333333333334,83.33333333333334,86.66666666666667,18,60.0,5,16.666666666666664,2,6.666666666666667,0,0.0,1,3.3333333333333335,4,13.333333333333334,2.1,1.7578395831246945,1.0,1.0,83.33333333333334,83.33333333333334,86.66666666666667,18,60.0,5,16.666666666666664,2,6.666666666666667,0,0.0,1,3.3333333333333335,4,13.333333333333334,3.033333333333333,2.0245712852080286,2.0,4.75,66.66666666666666,70.0,73.33333333333333,10,33.33333333333333,6,20.0,4,13.333333333333334,1,3.3333333333333335,1,3.3333333333333335,8,26.666666666666668
372,False,2.466666666666667,1.8749814813900312,2.0,2.75,73.33333333333333,80.0,83.33333333333334,14,46.666666666666664,7,23.333333333333332,1,3.3333333333333335,2,6.666666666666667,1,3.3333333333333335,5,16.666666666666664,1.8666666666666667,1.6478942792411033,1.0,0.75,86.66666666666667,86.66666666666667,90.0,22,73.33333333333333,1,3.3333333333333335,3,10.0,0,0.0,1,3.3333333333333335,3,10.0,2.2666666666666666,1.9136933459209768,1.0,1.75,76.66666666666667,80.0,83.33333333333334,18,60.0,4,13.333333333333334,1,3.3333333333333335,1,3.3333333333333335,1,3.3333333333333335,5,16.666666666666664,2.2333333333333334,1.7451520150277897,1.0,2.0,76.66666666666667,83.33333333333334,90.0,17,56.666666666666664,4,13.333333333333334,2,6.666666666666667,2,6.666666666666667,2,6.666666666666667,3,10.0
373,False,2.6333333333333333,1.8882678717691395,2.0,2.75,73.33333333333333,80.0,80.0,12,40.0,7,23.333333333333332,3,10.0,2,6.666666666666667,0,0.0,6,20.0,1.9666666666666666,1.601735170231195,1.0,1.0,86.66666666666667,86.66666666666667,90.0,18,60.0,6,20.0,2,6.666666666666667,0,0.0,1,3.3333333333333335,3,10.0,2.2,1.8511257835886428,1.0,1.75,80.0,83.33333333333334,83.33333333333334,18,60.0,4,13.333333333333334,2,6.666666666666667,1,3.3333333333333335,0,0.0,5,16.666666666666664,2.7666666666666666,1.8740923729160797,2.0,3.0,70.0,76.66666666666667,83.33333333333334,12,40.0,4,13.333333333333334,5,16.666666666666664,2,6.666666666666667,2,6.666666666666667,5,16.666666666666664
374,True,2.1333333333333333,1.2840906856172147,2.0,1.0,90.0,93.33333333333333,93.33333333333333,10,33.33333333333333,13,43.333333333333336,4,13.333333333333334,1,3.3333333333333335,0,0.0,2,6.666666666666667,2.0,1.7126976771553504,1.0,1.0,83.33333333333334,86.66666666666667,86.66666666666667,19,63.33333333333333,5,16.666666666666664,1,3.3333333333333335,1,3.3333333333333335,0,0.0,4,13.333333333333334,2.066666666666667,1.590248058916875,1.0,1.75,83.33333333333334,90.0,90.0,17,56.666666666666664,5,16.666666666666664,3,10.0,2,6.666666666666667,0,0.0,3,10.0,2.3333333333333335,1.4452988925785866,2.0,2.0,76.66666666666667,93.33333333333333,93.33333333333333,11,36.666666666666664,9,30.0,3,10.0,5,16.666666666666664,0,0.0,2,6.666666666666667
375,True,1.7666666666666666,1.0225241100118647,2.0,1.0,96.66666666666667,96.66666666666667,96.66666666666667,14,46.666666666666664,12,40.0,3,10.0,0,0.0,0,0.0,1,3.3333333333333335,1.9666666666666666,1.5807874268505833,1.0,1.0,86.66666666666667,86.66666666666667,90.0,17,56.666666666666664,8,26.666666666666668,1,3.3333333333333335,0,0.0,1,3.3333333333333335,3,10.0,1.9666666666666666,1.4715826703096075,1.0,1.0,86.66666666666667,90.0,93.33333333333333,17,56.666666666666664,6,20.0,3,10.0,1,3.3333333333333335,1,3.3333333333333335,2,6.666666666666667,2.6333333333333333,1.8882678717691392,2.0,2.75,73.33333333333333,80.0,80.0,12,40.0,7,23.333333333333332,3,10.0,2,6.666666666666667,0,0.0,6,20.0
376,False,2.466666666666667,1.6069294390925266,2.0,3.0,70.0,86.66666666666667,93.33333333333333,12,40.0,7,23.333333333333332,2,6.666666666666667,5,16.666666666666664,2,6.666666666666667,2,6.666666666666667,2.0,1.7320508075688772,1.0,1.0,83.33333333333334,86.66666666666667,86.66666666666667,20,66.66666666666666,3,10.0,2,6.666666666666667,1,3.3333333333333335,0,0.0,4,13.333333333333334,2.1666666666666665,1.7527755766846542,1.0,2.0,80.0,86.66666666666667,86.66666666666667,18,60.0,3,10.0,3,10.0,2,6.666666666666667,0,0.0,4,13.333333333333334,2.7333333333333334,2.031966753883756,2.0,3.0,66.66666666666666,76.66666666666667,76.66666666666667,14,46.666666666666664,4,13.333333333333334,2,6.666666666666667,3,10.0,0,0.0,7,23.333333333333332
377,True,2.3666666666666667,1.5595583420386114,2.0,2.0,76.66666666666667,90.0,90.0,11,36.666666666666664,10,33.33333333333333,2,6.666666666666667,4,13.333333333333334,0,0.0,3,10.0,2.2333333333333334,1.8381754238616317,1.0,1.0,76.66666666666667,80.0,86.66666666666667,17,56.666666666666664,6,20.0,0,0.0,1,3.3333333333333335,2,6.666666666666667,4,13.333333333333334,2.433333333333333,2.011356645539412,1.0,2.75,73.33333333333333,76.66666666666667,80.0,17,56.666666666666664,4,13.333333333333334,1,3.3333333333333335,1,3.3333333333333335,1,3.3333333333333335,6,20.0,2.7,1.9174636024359542,2.0,2.75,73.33333333333333,76.66666666666667,80.0,12,40.0,6,20.0,4,13.333333333333334,1,3.3333333333333335,1,3.3333333333333335,6,20.0
378,True,2.0,1.5275252316519468,1.0,1.0,80.0,90.0,93.33333333333333,17,56.666666666666664,7,23.333333333333332,0,0.0,3,10.0,1,3.3333333333333335,2,6.666666666666667,1.6333333333333333,1.4940623220676648,1.0,0.0,90.0,90.0,90.0,23,76.66666666666667,4,13.333333333333334,0,0.0,0,0.0,0,0.0,3,10.0,1.4666666666666666,0.9910712498212337,1.0,1.0,96.66666666666667,96.66666666666667,96.66666666666667,21,70.0,7,23.333333333333332,1,3.3333333333333335,0,0.0,0,0.0,1,3.3333333333333335,2.1666666666666665,1.7904065335994381,1.0,1.0,83.33333333333334,83.33333333333334,83.33333333333334,16,53.333333333333336,8,26.666666666666668,1,3.3333333333333335,0,0.0,0,0.0,5,16.666666666666664
379,True,2.2333333333333334,1.5205992970609392,2.0,2.0,86.66666666666667,90.0,90.0,13,43.333333333333336,7,23.333333333333332,6,20.0,1,3.3333333333333335,0,0.0,3,10.0,1.8666666666666667,1.6069294390925264,1.0,1.0,86.66666666666667,86.66666666666667,90.0,20,66.66666666666666,5,16.666666666666664,1,3.3333333333333335,0,0.0,1,3.3333333333333335,3,10.0,2.1,1.7578395831246947,1.0,1.75,80.0,86.66666666666667,86.66666666666667,19,63.33333333333333,3,10.0,2,6.666666666666667,2,6.666666666666667,0,0.0,4,13.333333333333334,2.2666666666666666,1.6110727964792761,2.0,2.0,83.33333333333334,86.66666666666667,90.0,14,46.666666666666664,6,20.0,5,16.666666666666664,1,3.3333333333333335,1,3.3333333333333335,3,10.0
380,False,2.4,1.836663641860788,2.0,2.5,73.33333333333333,83.33333333333334,83.33333333333334,14,46.666666666666664,8,26.666666666666668,0,0.0,3,10.0,0,0.0,5,16.666666666666664,2.0,1.6733200530681511,1.0,1.0,86.66666666666667,86.66666666666667,86.66666666666667,18,60.0,6,20.0,2,6.666666666666667,0,0.0,0,0.0,4,13.333333333333334,2.533333333333333,1.978776277287444,1.5,2.75,73.33333333333333,76.66666666666667,80.0,15,50.0,5,16.666666666666664,2,6.666666666666667,1,3.3333333333333335,1,3.3333333333333335,6,20.0,2.8333333333333335,1.9336206683030899,2.0,3.75,70.0,73.33333333333333,80.0,11,36.666666666666664,6,20.0,4,13.333333333333334,1,3.3333333333333335,2,6.666666666666667,6,20.0
381,True,2.3333333333333335,1.7191729277636834,1.5,2.0,76.66666666666667,83.33333333333334,90.0,15,50.0,5,16.666666666666664,3,10.0,2,6.666666666666667,2,6.666666666666667,3,10.0,1.9333333333333333,1.5260697523012796,1.0,1.0,83.33333333333334,90.0,93.33333333333333,19,63.33333333333333,4,13.333333333333334,2,6.666666666666667,2,6.666666666666667,1,3.3333333333333335,2,6.666666666666667,2.2,1.8511257835886428,1.0,1.75,80.0,83.33333333333334,83.33333333333334,18,60.0,4,13.333333333333334,2,6.666666666666667,1,3.3333333333333335,0,0.0,5,16.666666666666664,2.3666666666666667,1.7220788470785986,2.0,2.0,76.66666666666667,86.66666666666667,86.66666666666667,14,46.666666666666664,6,20.0,3,10.0,3,10.0,0,0.0,4,13.333333333333334
382,True,1.7333333333333334,1.5040685563571303,1.0,1.0,90.0,90.0,90.0,21,70.0,5,16.666666666666664,1,3.3333333333333335,0,0.0,0,0.0,3,10.0,1.5333333333333334,1.2840906856172147,1.0,0.0,93.33333333333333,93.33333333333333,93.33333333333333,23,76.66666666666667,4,13.333333333333334,1,3.3333333333333335,0,0.0,0,0.0,2,6.666666666666667,1.8666666666666667,1.6275407487644937,1.0,1.0,86.66666666666667,86.66666666666667,90.0,21,70.0,3,10.0,2,6.666666666666667,0,0.0,1,3.3333333333333335,3,10.0,1.9666666666666666,1.4715826703096078,1.0,1.75,83.33333333333334,93.33333333333333,93.33333333333333,18,60.0,4,13.333333333333334,3,10.0,3,10.0,0,0.0,2,6.666666666666667
383,True,2.566666666666667,1.8381754238616315,2.0,2.75,73.33333333333333,80.0,83.33333333333334,12,40.0,8,26.666666666666668,2,6.666666666666667,2,6.666666666666667,1,3.3333333333333335,5,16.666666666666664,1.8333333333333333,1.507389207279335,1.0,1.0,90.0,90.0,90.0,19,63.33333333333333,6,20.0,2,6.666666666666667,0,0.0,0,0.0,3,10.0,2.2333333333333334,1.9267128022157902,1.0,1.0,80.0,80.0,80.0,17,56.666666666666664,7,23.333333333333332,0,0.0,0,0.0,0,0.0,6,20.0,2.2,1.7204650534085253,1.0,1.75,80.0,86.66666666666667,86.66666666666667,16,53.333333333333336,6,20.0,2,6.666666666666667,2,6.666666666666667,0,0.0,4,13.333333333333334
384,True,2.533333333333333,1.9447936194419764,1.5,2.75,73.33333333333333,80.0,80.0,15,50.0,4,13.333333333333334,3,10.0,2,6.666666666666667,0,0.0,6,20.0,1.9333333333333333,1.6110727964792764,1.0,1.0,83.33333333333334,90.0,90.0,20,66.66666666666666,3,10.0,2,6.666666666666667,2,6.666666666666667,0,0.0,3,10.0,2.033333333333333,1.601735170231195,1.0,1.75,83.33333333333334,90.0,90.0,18,60.0,4,13.333333333333334,3,10.0,2,6.666666666666667,0,0.0,3,10.0,2.1333333333333333,1.4544949486180951,1.5,2.0,83.33333333333334,93.33333333333333,93.33333333333333,15,50.0,5,16.666666666666664,5,16.666666666666664,3,10.0,0,0.0,2,6.666666666666667
385,False,2.3,1.6155494421403511,2.0,2.0,83.33333333333334,86.66666666666667,90.0,14,46.666666666666664,5,16.666666666666664,6,20.0,1,3.3333333333333335,1,3.3333333333333335,3,10.0,1.8666666666666667,1.746106780494506,1.0,0.0,83.33333333333334,86.66666666666667,86.66666666666667,23,76.66666666666667,1,3.3333333333333335,1,3.3333333333333335,1,3.3333333333333335,0,0.0,4,13.333333333333334,2.1666666666666665,1.7527755766846542,1.0,2.0,80.0,83.33333333333334,90.0,19,63.33333333333333,1,3.3333333333333335,4,13.333333333333334,1,3.3333333333333335,2,6.666666666666667,3,10.0,2.3333333333333335,1.7384539747207062,1.0,2.0,76.66666666666667,83.33333333333334,90.0,16,53.333333333333336,3,10.0,4,13.333333333333334,2,6.666666666666667,2,6.666666666666667,3,10.0
386,True,1.8666666666666667,1.2036980056845192,1.5,1.0,93.33333333333333,93.33333333333333,96.66666666666667,15,50.0,9,30.0,4,13.333333333333334,0,0.0,1,3.3333333333333335,1,3.3333333333333335,1.8333333333333333,1.4395215254459457,1.0,1.0,90.0,90.0,93.33333333333333,19,63.33333333333333,5,16.666666666666664,3,10.0,0,0.0,1,3.3333333333333335,2,6.666666666666667,1.9666666666666666,1.4940623220676645,1.0,1.75,86.66666666666667,90.0,93.33333333333333,18,60.0,4,13.333333333333334,4,13.333333333333334,1,3.3333333333333335,1,3.3333333333333335,2,6.666666666666667,2.4,1.6852299546352716,2.0,1.75,80.0,83.33333333333334,86.66666666666667,11,36.666666666666664,11,36.666666666666664,2,6.666666666666667,1,3.3333333333333335,1,3.3333333333333335,4,13.333333333333334
387,True,2.0,1.2382783747337807,2.0,1.0,86.66666666666667,93.33333333333333,96.66666666666667,12,40.0,13,43.333333333333336,1,3.3333333333333335,2,6.666666666666667,1,3.3333333333333335,1,3.3333333333333335,1.8666666666666667,1.54344492037203,1.0,1.0,86.66666666666667,90.0,90.0,19,63.33333333333333,6,20.0,1,3.3333333333333335,1,3.3333333333333335,0,0.0,3,10.0,2.2666666666666666,1.8785337071473829,1.0,1.75,80.0,80.0,83.33333333333334,17,56.666666666666664,5,16.666666666666664,2,6.666666666666667,0,0.0,1,3.3333333333333335,5,16.666666666666664,2.2,1.7009801096230763,1.0,2.0,83.33333333333334,86.66666666666667,86.66666666666667,16,53.333333333333336,5,16.666666666666664,4,13.333333333333334,1,3.3333333333333335,0,0.0,4,13.333333333333334
388,True,2.2333333333333334,1.6468825769380835,2.0,2.0,86.66666666666667,86.66666666666667,86.66666666666667,14,46.666666666666664,7,23.333333333333332,5,16.666666666666664,0,0.0,0,0.0,4,13.333333333333334,2.0,1.7320508075688772,1.0,1.0,83.33333333333334,86.66666666666667,86.66666666666667,20,66.66666666666666,3,10.0,2,6.666666666666667,1,3.3333333333333335,0,0.0,4,13.333333333333334,2.2,1.8330302779823362,1.0,2.0,83.33333333333334,83.33333333333334,83.33333333333334,18,60.0,3,10.0,4,13.333333333333334,0,0.0,0,0.0,5,16.666666666666664,2.6,1.6451950239004087,2.0,2.0,76.66666666666667,86.66666666666667,86.66666666666667,10,33.33333333333333,7,23.333333333333332,6,20.0,3,10.0,0,0.0,4,13.333333333333334
389,True,2.1333333333333333,1.521694961401777,2.0,1.75,86.66666666666667,90.0,90.0,14,46.666666666666664,8,26.666666666666668,4,13.333333333333334,1,3.3333333333333335,0,0.0,3,10.0,1.9333333333333333,1.611072796479276,1.0,1.0,86.66666666666667,86.66666666666667,90.0,19,63.33333333333333,5,16.666666666666664,2,6.666666666666667,0,0.0,1,3.3333333333333335,3,10.0,2.1,1.535143858622594,1.0,2.0,80.0,86.66666666666667,96.66666666666667,17,56.666666666666664,4,13.333333333333334,3,10.0,2,6.666666666666667,3,10.0,1,3.3333333333333335,2.3333333333333335,1.6599866130651642,2.0,2.0,83.33333333333334,83.33333333333334,90.0,14,46.666666666666664,5,16.666666666666664,6,20.0,0,0.0,2,6.666666666666667,3,10.0
390,False,2.6333333333333333,1.8882678717691392,2.0,2.0,76.66666666666667,76.66666666666667,80.0,11,36.666666666666664,9,30.0,3,10.0,0,0.0,1,3.3333333333333335,6,20.0,1.9,1.57797338380595,1.0,1.0,83.33333333333334,90.0,90.0,19,63.33333333333333,6,20.0,0,0.0,2,6.666666666666667,0,0.0,3,10.0,2.3666666666666667,1.9745604292826515,1.0,2.5,73.33333333333333,80.0,80.0,17,56.666666666666664,5,16.666666666666664,0,0.0,2,6.666666666666667,0,0.0,6,20.0,2.466666666666667,1.687865186822955,2.0,3.0,70.0,86.66666666666667,90.0,13,43.333333333333336,6,20.0,2,6.666666666666667,5,16.666666666666664,1,3.3333333333333335,3,10.0
391,True,2.2333333333333334,1.5849991237291654,2.0,2.0,80.0,90.0,90.0,14,46.666666666666664,7,23.333333333333332,3,10.0,3,10.0,0,0.0,3,10.0,1.9,1.7387735140993301,1.0,0.75,83.33333333333334,86.66666666666667,86.66666666666667,22,73.33333333333333,2,6.666666666666667,1,3.3333333333333335,1,3.3333333333333335,0,0.0,4,13.333333333333334,2.033333333333333,1.7603661235347858,1.0,1.0,80.0,86.66666666666667,86.66666666666667,20,66.66666666666666,3,10.0,1,3.3333333333333335,2,6.666666666666667,0,0.0,4,13.333333333333334,2.4,1.8726095873584185,1.0,2.75,73.33333333333333,80.0,86.66666666666667,17,56.666666666666664,2,6.666666666666667,3,10.0,2,6.666666666666667,2,6.666666666666667,4,13.333333333333334
392,True,2.433333333333333,1.62651638650078,2.0,2.0,86.66666666666667,86.66666666666667,86.66666666666667,12,40.0,5,16.666666666666664,9,30.0,0,0.0,0,0.0,4,13.333333333333334,2.066666666666667,1.730767331432956,1.0,1.75,83.33333333333334,86.66666666666667,86.66666666666667,19,63.33333333333333,3,10.0,3,10.0,1,3.3333333333333335,0,0.0,4,13.333333333333334,2.3,1.8466185312619385,1.0,2.0,80.0,83.33333333333334,83.33333333333334,17,56.666666666666664,3,10.0,4,13.333333333333334,1,3.3333333333333335,0,0.0,5,16.666666666666664,2.7,1.9347695814575268,2.0,3.5,73.33333333333333,73.33333333333333,83.33333333333334,14,46.666666666666664,2,6.666666666666667,6,20.0,0,0.0,3,10.0,5,16.666666666666664
393,False,2.466666666666667,1.7269111795984826,2.0,2.0,76.66666666666667,83.33333333333334,86.66666666666667,12,40.0,8,26.666666666666668,3,10.0,2,6.666666666666667,1,3.3333333333333335,4,13.333333333333334,1.9333333333333333,1.590248058916875,1.0,1.0,86.66666666666667,86.66666666666667,90.0,18,60.0,7,23.333333333333332,1,3.3333333333333335,0,0.0,1,3.3333333333333335,3,10.0,2.3333333333333335,1.7950549357115013,2.0,1.75,80.0,83.33333333333334,83.33333333333334,14,46.666666666666664,8,26.666666666666668,2,6.666666666666667,1,3.3333333333333335,0,0.0,5,16.666666666666664,2.433333333333333,1.8562207723101138,1.5,2.0,76.66666666666667,76.66666666666667,86.66666666666667,15,50.0,5,16.666666666666664,3,10.0,0,0.0,3,10.0,4,13.333333333333334
394,True,2.7333333333333334,1.8245242911205346,2.0,2.75,73.33333333333333,80.0,80.0,9,30.0,10,33.33333333333333,3,10.0,2,6.666666666666667,0,0.0,6,20.0,1.9666666666666666,1.682920741515245,1.0,1.0,83.33333333333334,83.33333333333334,90.0,19,63.33333333333333,6,20.0,0,0.0,0,0.0,2,6.666666666666667,3,10.0,1.9333333333333333,1.4817407180595248,1.0,1.0,86.66666666666667,90.0,93.33333333333333,18,60.0,5,16.666666666666664,3,10.0,1,3.3333333333333335,1,3.3333333333333335,2,6.666666666666667,2.533333333333333,1.8208667044996885,2.0,2.0,76.66666666666667,80.0,83.33333333333334,12,40.0,8,26.666666666666668,3,10.0,1,3.3333333333333335,1,3.3333333333333335,5,16.666666666666664
395,True,2.2666666666666666,1.4817407180595248,2.0,1.75,83.33333333333334,86.66666666666667,93.33333333333333,11,36.666666666666664,11,36.666666666666664,3,10.0,1,3.3333333333333335,2,6.666666666666667,2,6.666666666666667,1.8,1.3012814197295424,1.0,1.0,93.33333333333333,93.33333333333333,93.33333333333333,17,56.666666666666664,8,26.666666666666668,3,10.0,0,0.0,0,0.0,2,6.666666666666667,2.466666666666667,1.9102065042525873,2.0,2.0,76.66666666666667,80.0,80.0,14,46.666666666666664,7,23.333333333333332,2,6.666666666666667,1,3.3333333333333335,0,0.0,6,20.0,2.3333333333333335,1.679947089113887,2.0,1.75,83.33333333333334,83.33333333333334,86.66666666666667,12,40.0,10,33.33333333333333,3,10.0,0,0.0,1,3.3333333333333335,4,13.333333333333334
396,True,1.9666666666666666,1.682920741515245,1.0,1.0,86.66666666666667,86.66666666666667,86.66666666666667,19,63.33333333333333,5,16.666666666666664,2,6.666666666666667,0,0.0,0,0.0,4,13.333333333333334,1.6333333333333333,1.32874209519965,1.0,1.0,90.0,93.33333333333333,93.33333333333333,21,70.0,6,20.0,0,0.0,1,3.3333333333333335,0,0.0,2,6.666666666666667,1.9666666666666666,1.6629959577688562,1.0,1.0,86.66666666666667,86.66666666666667,86.66666666666667,18,60.0,7,23.333333333333332,1,3.3333333333333335,0,0.0,0,0.0,4,13.333333333333334,2.1,1.6196707484341788,1.0,1.0,76.66666666666667,86.66666666666667,93.33333333333333,17,56.666666666666664,6,20.0,0,0.0,3,10.0,2,6.666666666666667,2,6.666666666666667
397,True,2.8333333333333335,1.6749792701868151,2.0,2.0,70.0,83.33333333333334,83.33333333333334,6,20.0,12,40.0,3,10.0,4,13.333333333333334,0,0.0,5,16.666666666666664,2.3,1.7916472867168918,1.5,2.0,83.33333333333334,83.33333333333334,83.33333333333334,15,50.0,6,20.0,4,13.333333333333334,0,0.0,0,0.0,5,16.666666666666664,2.466666666666667,1.687865186822955,2.0,2.0,76.66666666666667,86.66666666666667,86.66666666666667,12,40.0,7,23.333333333333332,4,13.333333333333334,3,10.0,0,0.0,4,13.333333333333334,2.6333333333333333,1.6428295373802142,2.0,2.75,73.33333333333333,86.66666666666667,86.66666666666667,9,30.0,9,30.0,4,13.333333333333334,4,13.333333333333334,0,0.0,4,13.333333333333334
398,True,2.033333333333333,1.4940623220676645,1.0,1.0,83.33333333333334,90.0,93.33333333333333,16,53.333333333333336,7,23.333333333333332,2,6.666666666666667,2,6.666666666666667,1,3.3333333333333335,2,6.666666666666667,1.7333333333333334,1.3888444437333105,1.0,1.0,86.66666666666667,93.33333333333333,93.33333333333333,20,66.66666666666666,6,20.0,0,0.0,2,6.666666666666667,0,0.0,2,6.666666666666667,2.1,1.7387735140993301,1.0,1.0,80.0,86.66666666666667,86.66666666666667,18,60.0,5,16.666666666666664,1,3.3333333333333335,2,6.666666666666667,0,0.0,4,13.333333333333334,2.3,1.7729448195962934,1.5,1.75,76.66666666666667,83.33333333333334,86.66666666666667,15,50.0,7,23.333333333333332,1,3.3333333333333335,2,6.666666666666667,1,3.3333333333333335,4,13.333333333333334
399,False,2.9,1.7387735140993301,2.0,1.75,73.33333333333333,76.66666666666667,83.33333333333334,7,23.333333333333332,9,30.0,6,20.0,1,3.3333333333333335,2,6.666666666666667,5,16.666666666666664,2.1666666666666665,1.5933891203622825,1.0,2.0,80.0,86.66666666666667,93.33333333333333,16,53.333333333333336,5,16.666666666666664,3,10.0,2,6.666666666666667,2,6.666666666666667,2,6.666666666666667,2.566666666666667,1.8917951498216947,2.0,3.0,70.0,80.0,83.33333333333334,14,46.666666666666664,5,16.666666666666664,2,6.666666666666667,3,10.0,1,3.3333333333333335,5,16.666666666666664,2.9,2.103172207246314,2.0,4.75,66.66666666666666,70.0,73.33333333333333,13,43.333333333333336,4,13.333333333333334,3,10.0,1,3.3333333333333335,1,3.3333333333333335,8,26.666666666666668
400,True,2.066666666666667,1.5040685563571305,1.0,1.75,83.33333333333334,90.0,93.33333333333333,16,53.333333333333336,6,20.0,3,10.0,2,6.666666666666667,1,3.3333333333333335,2,6.666666666666667,1.9,1.57797338380595,1.0,1.0,86.66666666666667,90.0,90.0,20,66.66666666666666,3,10.0,3,10.0,1,3.3333333333333335,0,0.0,3,10.0,2.1333333333333333,1.7269111795984824,1.0,1.75,80.0,83.33333333333334,90.0,18,60.0,4,13.333333333333334,2,6.666666666666667,1,3.3333333333333335,2,6.666666666666667,3,10.0,2.1,1.57797338380595,1.0,1.0,80.0,86.66666666666667,93.33333333333333,16,53.333333333333336,7,23.333333333333332,1,3.3333333333333335,2,6.666666666666667,2,6.666666666666667,2,6.666666666666667
401,True,2.1666666666666665,1.7336538165261124,1.0,1.0,83.33333333333334,83.33333333333334,86.66666666666667,16,53.333333333333336,7,23.333333333333332,2,6.666666666666667,0,0.0,1,3.3333333333333335,4,13.333333333333334,1.8333333333333333,1.5073892072793351,1.0,1.0,90.0,90.0,90.0,19,63.33333333333333,6,20.0,2,6.666666666666667,0,0.0,0,0.0,3,10.0,1.9,1.491084616423003,1.0,1.0,90.0,90.0,90.0,17,56.666666666666664,8,26.666666666666668,2,6.666666666666667,0,0.0,0,0.0,3,10.0,2.2333333333333334,1.7829438827088444,1.0,2.0,80.0,83.33333333333334,86.66666666666667,17,56.666666666666664,4,13.333333333333334,3,10.0,1,3.3333333333333335,1,3.3333333333333335,4,13.333333333333334
402,True,2.466666666666667,1.7838784213679537,2.0,2.0,76.66666666666667,83.33333333333334,83.33333333333334,12,40.0,9,30.0,2,6.666666666666667,2,6.666666666666667,0,0.0,5,16.666666666666664,1.8666666666666667,1.5434449203720297,1.0,1.0,86.66666666666667,90.0,90.0,19,63.33333333333333,6,20.0,1,3.3333333333333335,1,3.3333333333333335,0,0.0,3,10.0,2.1,1.6802777548171413,1.0,1.0,83.33333333333334,86.66666666666667,86.66666666666667,16,53.333333333333336,8,26.666666666666668,1,3.3333333333333335,1,3.3333333333333335,0,0.0,4,13.333333333333334,2.1666666666666665,1.7143187827498387,1.0,1.0,80.0,86.66666666666667,86.66666666666667,16,53.333333333333336,7,23.333333333333332,1,3.3333333333333335,2,6.666666666666667,0,0.0,4,13.333333333333334
403,False,2.6,1.942506971244462,1.5,3.0,70.0,76.66666666666667,83.33333333333334,15,50.0,3,10.0,3,10.0,2,6.666666666666667,2,6.666666666666667,5,16.666666666666664,1.7333333333333334,1.590248058916875,1.0,0.0,86.66666666666667,90.0,90.0,24,80.0,0,0.0,2,6.666666666666667,1,3.3333333333333335,0,0.0,3,10.0,2.066666666666667,1.8607047649270485,1.0,1.75,83.33333333333334,83.33333333333334,83.33333333333334,21,70.0,1,3.3333333333333335,3,10.0,0,0.0,0,0.0,5,16.666666666666664,2.2,1.8511257835886428,1.0,2.0,83.33333333333334,83.33333333333334,83.33333333333334,19,63.33333333333333,1,3.3333333333333335,5,16.666666666666664,0,0.0,0,0.0,5,16.666666666666664
404,True,2.3,1.4866068747318506,2.0,1.0,80.0,90.0,90.0,9,30.0,15,50.0,0,0.0,3,10.0,0,0.0,3,10.0,1.8333333333333333,1.3437096247164249,1.0,1.0,90.0,93.33333333333333,93.33333333333333,17,56.666666666666664,8,26.666666666666668,2,6.666666666666667,1,3.3333333333333335,0,0.0,2,6.666666666666667,2.1666666666666665,1.5509853498842456,2.0,1.0,80.0,90.0,90.0,13,43.333333333333336,11,36.666666666666664,0,0.0,3,10.0,0,0.0,3,10.0,2.533333333333333,1.8208667044996885,2.0,2.75,73.33333333333333,80.0,86.66666666666667,14,46.666666666666664,4,13.333333333333334,4,13.333333333333334,2,6.666666666666667,2,6.666666666666667,4,13.333333333333334
405,True,2.2,1.3515423288475528,2.0,1.0,83.33333333333334,93.33333333333333,93.33333333333333,10,33.33333333333333,13,43.333333333333336,2,6.666666666666667,3,10.0,0,0.0,2,6.666666666666667,2.033333333333333,1.5807874268505835,1.0,1.0,86.66666666666667,86.66666666666667,90.0,16,53.333333333333336,8,26.666666666666668,2,6.666666666666667,0,0.0,1,3.3333333333333335,3,10.0,2.3,1.8466185312619385,1.5,1.0,80.0,80.0,83.33333333333334,15,50.0,8,26.666666666666668,1,3.3333333333333335,0,0.0,1,3.3333333333333335,5,16.666666666666664,2.466666666666667,1.765093639316497,2.0,1.75,76.66666666666667,83.33333333333334,83.33333333333334,11,36.666666666666664,11,36.666666666666664,1,3.3333333333333335,2,6.666666666666667,0,0.0,5,16.666666666666664
406,False,2.8,1.9218047073866098,2.0,2.75,73.33333333333333,76.66666666666667,76.66666666666667,10,33.33333333333333,8,26.666666666666668,4,13.333333333333334,1,3.3333333333333335,0,0.0,7,23.333333333333332,2.1333333333333333,1.874981481390031,1.0,1.0,76.66666666666667,80.0,86.66666666666667,20,66.66666666666666,3,10.0,0,0.0,1,3.3333333333333335,2,6.666666666666667,4,13.333333333333334,2.3,1.8645821694595994,1.0,2.0,76.66666666666667,83.33333333333334,83.33333333333334,17,56.666666666666664,4,13.333333333333334,2,6.666666666666667,2,6.666666666666667,0,0.0,5,16.666666666666664,3.1,2.0058248511107175,2.0,4.75,70.0,70.0,70.0,8,26.666666666666668,8,26.666666666666668,5,16.666666666666664,0,0.0,0,0.0,9,30.0
407,False,2.0,1.5275252316519468,1.0,1.0,86.66666666666667,90.0,90.0,16,53.333333333333336,8,26.666666666666668,2,6.666666666666667,1,3.3333333333333335,0,0.0,3,10.0,1.7,1.5307950004273376,1.0,0.0,90.0,90.0,90.0,23,76.66666666666667,2,6.666666666666667,2,6.666666666666667,0,0.0,0,0.0,3,10.0,2.1666666666666665,1.8988300491501486,1.0,1.0,80.0,80.0,83.33333333333334,19,63.33333333333333,4,13.333333333333334,1,3.3333333333333335,0,0.0,1,3.3333333333333335,5,16.666666666666664,2.566666666666667,1.9947152400502908,1.5,3.0,70.0,76.66666666666667,80.0,15,50.0,5,16.666666666666664,1,3.3333333333333335,2,6.666666666666667,1,3.3333333333333335,6,20.0
408,True,2.433333333333333,1.6468825769380835,2.0,2.75,73.33333333333333,86.66666666666667,90.0,12,40.0,8,26.666666666666668,2,6.666666666666667,4,13.333333333333334,1,3.3333333333333335,3,10.0,1.9666666666666666,1.7220788470785986,1.0,1.0,83.33333333333334,86.66666666666667,86.66666666666667,20,66.66666666666666,4,13.333333333333334,1,3.3333333333333335,1,3.3333333333333335,0,0.0,4,13.333333333333334,2.1,1.7,1.0,1.0,83.33333333333334,86.66666666666667,86.66666666666667,17,56.666666666666664,6,20.0,2,6.666666666666667,1,3.3333333333333335,0,0.0,4,13.333333333333334,2.2333333333333334,1.4761059883656353,2.0,2.0,76.66666666666667,90.0,96.66666666666667,14,46.666666666666664,6,20.0,3,10.0,4,13.333333333333334,2,6.666666666666667,1,3.3333333333333335
409,True,2.2,1.4696938456699067,2.0,2.0,83.33333333333334,90.0,93.33333333333333,13,43.333333333333336,8,26.666666666666668,4,13.333333333333334,2,6.666666666666667,1,3.3333333333333335,2,6.666666666666667,1.9,1.4456832294800959,1.0,1.0,83.33333333333334,93.33333333333333,93.33333333333333,18,60.0,6,20.0,1,3.3333333333333335,3,10.0,0,0.0,2,6.666666666666667,2.066666666666667,1.5477582354991866,1.0,1.75,86.66666666666667,90.0,90.0,16,53.333333333333336,6,20.0,4,13.333333333333334,1,3.3333333333333335,0,0.0,3,10.0,2.8,1.8511257835886428,2.0,3.0,70.0,76.66666666666667,83.33333333333334,11,36.666666666666664,5,16.666666666666664,5,16.666666666666664,2,6.666666666666667,2,6.666666666666667,5,16.666666666666664
410,True,1.8666666666666667,1.4313940369055922,1.0,1.0,86.66666666666667,90.0,93.33333333333333,17,56.666666666666664,9,30.0,0,0.0,1,3.3333333333333335,1,3.3333333333333335,2,6.666666666666667,1.6,1.1135528725660042,1.0,1.0,93.33333333333333,96.66666666666667,96.66666666666667,20,66.66666666666666,6,20.0,2,6.666666666666667,1,3.3333333333333335,0,0.0,1,3.3333333333333335,1.6666666666666667,1.3249737942901194,1.0,1.0,90.0,93.33333333333333,93.33333333333333,20,66.66666666666666,7,23.333333333333332,0,0.0,1,3.3333333333333335,0,0.0,2,6.666666666666667,2.466666666666667,1.910206504252587,1.0,2.75,73.33333333333333,80.0,83.33333333333334,16,53.333333333333336,3,10.0,3,10.0,2,6.666666666666667,1,3.3333333333333335,5,16.666666666666664
411,False,2.8,1.9043809142780932,2.0,2.75,73.33333333333333,76.66666666666667,76.66666666666667,9,30.0,10,33.33333333333333,3,10.0,1,3.3333333333333335,0,0.0,7,23.333333333333332,1.9666666666666666,1.5595583420386112,1.0,1.0,86.66666666666667,90.0,90.0,18,60.0,5,16.666666666666664,3,10.0,1,3.3333333333333335,0,0.0,3,10.0,2.2,1.8147543451754933,1.0,1.75,83.33333333333334,83.33333333333334,83.33333333333334,17,56.666666666666664,5,16.666666666666664,3,10.0,0,0.0,0,0.0,5,16.666666666666664,2.8,1.8147543451754935,2.0,2.75,73.33333333333333,80.0,80.0,9,30.0,8,26.666666666666668,5,16.666666666666664,2,6.666666666666667,0,0.0,6,20.0
412,False,3.1666666666666665,1.8633899812498245,3.0,3.5,66.66666666666666,73.33333333333333,76.66666666666667,8,26.666666666666668,4,13.333333333333334,8,26.666666666666668,2,6.666666666666667,1,3.3333333333333335,7,23.333333333333332,2.4,1.8366636418607882,2.0,2.0,80.0,80.0,83.33333333333334,14,46.666666666666664,7,23.333333333333332,3,10.0,0,0.0,1,3.3333333333333335,5,16.666666666666664,2.6,1.8726095873584185,2.0,3.0,70.0,80.0,83.33333333333334,13,43.333333333333336,6,20.0,2,6.666666666666667,3,10.0,1,3.3333333333333335,5,16.666666666666664,2.8333333333333335,1.9163043135739746,2.0,3.75,66.66666666666666,73.33333333333333,83.33333333333334,12,40.0,4,13.333333333333334,4,13.333333333333334,2,6.666666666666667,3,10.0,5,16.666666666666664
413,True,2.7,1.8284784202536637,2.0,3.0,70.0,80.0,83.33333333333334,11,36.666666666666664,7,23.333333333333332,3,10.0,3,10.0,1,3.3333333333333335,5,16.666666666666664,2.2666666666666666,1.8061622912192088,1.0,1.75,80.0,80.0,86.66666666666667,16,53.333333333333336,6,20.0,2,6.666666666666667,0,0.0,2,6.666666666666667,4,13.333333333333334,2.3,1.69607389776114,2.0,1.75,83.33333333333334,83.33333333333334,86.66666666666667,13,43.333333333333336,9,30.0,3,10.0,0,0.0,1,3.3333333333333335,4,13.333333333333334,2.8666666666666667,2.0121851030382096,2.0,3.75,66.66666666666666,73.33333333333333,76.66666666666667,12,40.0,5,16.666666666666664,3,10.0,2,6.666666666666667,1,3.3333333333333335,7,23.333333333333332
414,True,1.9666666666666666,1.4940623220676645,1.0,1.0,83.33333333333334,90.0,93.33333333333333,17,56.666666666666664,7,23.333333333333332,1,3.3333333333333335,2,6.666666666666667,1,3.3333333333333335,2,6.666666666666667,1.7666666666666666,1.4302291968616625,1.0,1.0,86.66666666666667,93.33333333333333,93.33333333333333,21,70.0,3,10.0,2,6.666666666666667,2,6.666666666666667,0,0.0,2,6.666666666666667,2.0,1.6931233465600393,1.0,1.0,80.0,86.66666666666667,90.0,20,66.66666666666666,3,10.0,1,3.3333333333333335,2,6.666666666666667,1,3.3333333333333335,3,10.0,2.433333333333333,1.9093337988826247,1.5,2.0,80.0,80.0,80.0,15,50.0,5,16.666666666666664,4,13.333333333333334,0,0.0,0,0.0,6,20.0
415,False,2.3666666666666667,1.4487542541400487,2.0,2.0,83.33333333333334,90.0,93.33333333333333,11,36.666666666666664,7,23.333333333333332,7,23.333333333333332,2,6.666666666666667,1,3.3333333333333335,2,6.666666666666667,2.0,1.570562531918633,1.0,1.75,80.0,90.0,93.33333333333333,19,63.33333333333333,3,10.0,2,6.666666666666667,3,10.0,1,3.3333333333333335,2,6.666666666666667,2.1333333333333333,1.7650936393164969,1.0,1.75,76.66666666666667,83.33333333333334,90.0,19,63.33333333333333,3,10.0,1,3.3333333333333335,2,6.666666666666667,2,6.666666666666667,3,10.0,2.6,1.8000000000000003,2.0,3.0,70.0,80.0,86.66666666666667,12,40.0,7,23.333333333333332,2,6.666666666666667,3,10.0,2,6.666666666666667,4,13.333333333333334
416,True,2.3,1.6360521589077368,2.0,1.0,80.0,83.33333333333334,90.0,12,40.0,11,36.666666666666664,1,3.3333333333333335,1,3.3333333333333335,2,6.666666666666667,3,10.0,1.9,1.422439219556791,1.0,1.0,86.66666666666667,90.0,93.33333333333333,16,53.333333333333336,10,33.33333333333333,0,0.0,1,3.3333333333333335,1,3.3333333333333335,2,6.666666666666667,1.8666666666666667,1.3597385369580761,1.5,1.0,90.0,90.0,93.33333333333333,15,50.0,12,40.0,0,0.0,0,0.0,1,3.3333333333333335,2,6.666666666666667,2.3,1.6155494421403511,2.0,2.0,80.0,86.66666666666667,90.0,13,43.333333333333336,8,26.666666666666668,3,10.0,2,6.666666666666667,1,3.3333333333333335,3,10.0
417,True,2.1666666666666665,1.5509853498842456,2.0,1.0,86.66666666666667,86.66666666666667,90.0,13,43.333333333333336,10,33.33333333333333,3,10.0,0,0.0,1,3.3333333333333335,3,10.0,1.8666666666666667,1.687865186822955,1.0,1.0,86.66666666666667,86.66666666666667,86.66666666666667,21,70.0,4,13.333333333333334,1,3.3333333333333335,0,0.0,0,0.0,4,13.333333333333334,2.2333333333333334,1.9439364415764444,1.0,1.0,80.0,80.0,80.0,18,60.0,5,16.666666666666664,1,3.3333333333333335,0,0.0,0,0.0,6,20.0,2.4,1.8547236990991407,1.5,2.0,80.0,80.0,83.33333333333334,15,50.0,5,16.666666666666664,4,13.333333333333334,0,0.0,1,3.3333333333333335,5,16.666666666666664
418,True,1.9333333333333333,1.4126413400278062,1.0,1.0,83.33333333333334,93.33333333333333,93.33333333333333,16,53.333333333333336,9,30.0,0,0.0,3,10.0,0,0.0,2,6.666666666666667,1.7666666666666666,1.5423647068345698,1.0,0.75,86.66666666666667,86.66666666666667,93.33333333333333,22,73.33333333333333,3,10.0,1,3.3333333333333335,0,0.0,2,6.666666666666667,2,6.666666666666667,1.7666666666666666,1.3585122581543223,1.0,1.0,90.0,90.0,96.66666666666667,20,66.66666666666666,4,13.333333333333334,3,10.0,0,0.0,2,6.666666666666667,1,3.3333333333333335,2.5517241379310347,1.8861785284382544,2.0,3.0,72.41379310344827,79.3103448275862,82.75862068965517,13,44.827586206896555,6,20.689655172413794,2,6.896551724137931,2,6.896551724137931,1,3.4482758620689653,5,17.24137931034483
419,True,2.3666666666666667,1.6224124698183944,2.0,1.0,80.0,86.66666666666667,86.66666666666667,10,33.33333333333333,13,43.333333333333336,1,3.3333333333333335,2,6.666666666666667,0,0.0,4,13.333333333333334,2.033333333333333,1.5380362660079103,1.0,1.0,86.66666666666667,90.0,90.0,16,53.333333333333336,7,23.333333333333332,3,10.0,1,3.3333333333333335,0,0.0,3,10.0,2.1666666666666665,1.654958878307521,2.0,1.0,83.33333333333334,86.66666666666667,86.66666666666667,14,46.666666666666664,10,33.33333333333333,1,3.3333333333333335,1,3.3333333333333335,0,0.0,4,13.333333333333334,2.566666666666667,1.7451520150277897,2.0,3.0,70.0,86.66666666666667,86.66666666666667,13,43.333333333333336,4,13.333333333333334,4,13.333333333333334,5,16.666666666666664,0,0.0,4,13.333333333333334
420,True,2.1,1.4910846164230027,2.0,1.0,86.66666666666667,90.0,90.0,13,43.333333333333336,11,36.666666666666664,2,6.666666666666667,1,3.3333333333333335,0,0.0,3,10.0,1.9333333333333333,1.5260697523012796,1.0,1.0,86.66666666666667,90.0,90.0,17,56.666666666666664,8,26.666666666666668,1,3.3333333333333335,1,3.3333333333333335,0,0.0,3,10.0,2.033333333333333,1.53803626600791,1.0,1.0,86.66666666666667,90.0,90.0,16,53.333333333333336,7,23.333333333333332,3,10.0,1,3.3333333333333335,0,0.0,3,10.0,2.7333333333333334,2.0319667538837565,2.0,3.75,70.0,73.33333333333333,76.66666666666667,13,43.333333333333336,6,20.0,2,6.666666666666667,1,3.3333333333333335,1,3.3333333333333335,7,23.333333333333332
421,True,1.7,1.0999999999999999,1.0,1.0,93.33333333333333,96.66666666666667,96.66666666666667,17,56.666666666666664,9,30.0,2,6.666666666666667,1,3.3333333333333335,0,0.0,1,3.3333333333333335,1.6666666666666667,1.3249737942901194,1.0,1.0,90.0,93.33333333333333,93.33333333333333,20,66.66666666666666,7,23.333333333333332,0,0.0,1,3.3333333333333335,0,0.0,2,6.666666666666667,1.8666666666666667,1.4079141387961915,1.0,1.0,86.66666666666667,93.33333333333333,93.33333333333333,18,60.0,6,20.0,2,6.666666666666667,2,6.666666666666667,0,0.0,2,6.666666666666667,2.533333333333333,1.667999467092907,2.0,2.75,73.33333333333333,83.33333333333334,90.0,11,36.666666666666664,8,26.666666666666668,3,10.0,3,10.0,2,6.666666666666667,3,10.0
422,False,2.533333333333333,1.8024674446127702,2.0,2.75,73.33333333333333,80.0,86.66666666666667,13,43.333333333333336,6,20.0,3,10.0,2,6.666666666666667,2,6.666666666666667,4,13.333333333333334,1.9666666666666666,1.7026123718829511,1.0,1.0,86.66666666666667,86.66666666666667,86.66666666666667,20,66.66666666666666,3,10.0,3,10.0,0,0.0,0,0.0,4,13.333333333333334,2.2,1.8511257835886428,1.0,1.75,80.0,83.33333333333334,83.33333333333334,18,60.0,4,13.333333333333334,2,6.666666666666667,1,3.3333333333333335,0,0.0,5,16.666666666666664,2.3333333333333335,1.7191729277636836,2.0,2.0,83.33333333333334,83.33333333333334,86.66666666666667,14,46.666666666666664,6,20.0,5,16.666666666666664,0,0.0,1,3.3333333333333335,4,13.333333333333334
423,True,2.433333333333333,1.62651638650078,2.0,2.0,76.66666666666667,86.66666666666667,90.0,12,40.0,7,23.333333333333332,4,13.333333333333334,3,10.0,1,3.3333333333333335,3,10.0,2.0,1.7126976771553504,1.0,1.0,83.33333333333334,86.66666666666667,86.66666666666667,19,63.33333333333333,5,16.666666666666664,1,3.3333333333333335,1,3.3333333333333335,0,0.0,4,13.333333333333334,2.2,1.661324772583615,1.5,2.0,86.66666666666667,86.66666666666667,86.66666666666667,15,50.0,6,20.0,5,16.666666666666664,0,0.0,0,0.0,4,13.333333333333334,2.3666666666666667,1.7603661235347858,2.0,2.0,76.66666666666667,83.33333333333334,86.66666666666667,14,46.666666666666664,7,23.333333333333332,2,6.666666666666667,2,6.666666666666667,1,3.3333333333333335,4,13.333333333333334
424,True,2.7333333333333334,1.6316317667360556,2.0,1.75,73.33333333333333,83.33333333333334,86.66666666666667,7,23.333333333333332,11,36.666666666666664,4,13.333333333333334,3,10.0,1,3.3333333333333335,4,13.333333333333334,2.466666666666667,1.8024674446127702,2.0,2.0,76.66666666666667,80.0,86.66666666666667,14,46.666666666666664,5,16.666666666666664,4,13.333333333333334,1,3.3333333333333335,2,6.666666666666667,4,13.333333333333334,2.6666666666666665,1.8499249234015478,2.0,3.0,70.0,80.0,83.33333333333334,12,40.0,6,20.0,3,10.0,3,10.0,1,3.3333333333333335,5,16.666666666666664,2.8333333333333335,1.790406533599438,2.5,3.0,70.0,80.0,83.33333333333334,10,33.33333333333333,5,16.666666666666664,6,20.0,3,10.0,1,3.3333333333333335,5,16.666666666666664
425,True,2.4,1.5187714333192688,2.0,2.0,83.33333333333334,83.33333333333334,93.33333333333333,10,33.33333333333333,10,33.33333333333333,5,16.666666666666664,0,0.0,3,10.0,2,6.666666666666667,2.2,1.7009801096230763,1.0,1.75,80.0,83.33333333333334,90.0,16,53.333333333333336,6,20.0,2,6.666666666666667,1,3.3333333333333335,2,6.666666666666667,3,10.0,2.1666666666666665,1.5723301886761007,2.0,1.75,86.66666666666667,86.66666666666667,90.0,14,46.666666666666664,8,26.666666666666668,4,13.333333333333334,0,0.0,1,3.3333333333333335,3,10.0,2.9,1.972308292331602,2.0,3.75,70.0,73.33333333333333,76.66666666666667,11,36.666666666666664,5,16.666666666666664,5,16.666666666666664,1,3.3333333333333335,1,3.3333333333333335,7,23.333333333333332
426,False,2.466666666666667,1.8208667044996885,2.0,2.0,80.0,80.0,83.33333333333334,13,43.333333333333336,7,23.333333333333332,4,13.333333333333334,0,0.0,1,3.3333333333333335,5,16.666666666666664,1.9,1.468559384794046,1.0,1.0,86.66666666666667,90.0,93.33333333333333,18,60.0,6,20.0,2,6.666666666666667,1,3.3333333333333335,1,3.3333333333333335,2,6.666666666666667,2.3666666666666667,1.834545054108935,1.5,2.0,76.66666666666667,83.33333333333334,83.33333333333334,15,50.0,6,20.0,2,6.666666666666667,2,6.666666666666667,0,0.0,5,16.666666666666664,2.6333333333333333,1.9405039437103846,2.0,2.75,73.33333333333333,76.66666666666667,80.0,13,43.333333333333336,6,20.0,3,10.0,1,3.3333333333333335,1,3.3333333333333335,6,20.0
427,True,2.1,1.5132745950421556,2.0,1.0,86.66666666666667,90.0,90.0,14,46.666666666666664,9,30.0,3,10.0,1,3.3333333333333335,0,0.0,3,10.0,1.8666666666666667,1.6069294390925264,1.0,1.0,83.33333333333334,90.0,90.0,21,70.0,3,10.0,1,3.3333333333333335,2,6.666666666666667,0,0.0,3,10.0,2.066666666666667,1.6519348924485158,1.0,1.0,86.66666666666667,86.66666666666667,86.66666666666667,16,53.333333333333336,8,26.666666666666668,2,6.666666666666667,0,0.0,0,0.0,4,13.333333333333334,2.2333333333333334,1.6265163865007803,1.5,2.0,76.66666666666667,90.0,90.0,15,50.0,6,20.0,2,6.666666666666667,4,13.333333333333334,0,0.0,3,10.0
428,False,2.2333333333333334,1.6058919293927871,2.0,2.0,83.33333333333334,86.66666666666667,90.0,14,46.666666666666664,7,23.333333333333332,4,13.333333333333334,1,3.3333333333333335,1,3.3333333333333335,3,10.0,1.8666666666666667,1.5648926125740668,1.0,1.0,86.66666666666667,90.0,90.0,20,66.66666666666666,4,13.333333333333334,2,6.666666666666667,1,3.3333333333333335,0,0.0,3,10.0,2.066666666666667,1.569146972791976,1.0,1.0,83.33333333333334,90.0,90.0,16,53.333333333333336,7,23.333333333333332,2,6.666666666666667,2,6.666666666666667,0,0.0,3,10.0,2.8,1.8867962264113207,2.0,3.0,60.0,76.66666666666667,86.66666666666667,13,43.333333333333336,3,10.0,2,6.666666666666667,5,16.666666666666664,3,10.0,4,13.333333333333334
429,False,2.533333333333333,1.6478942792411035,2.0,2.0,76.66666666666667,86.66666666666667,86.66666666666667,10,33.33333333333333,9,30.0,4,13.333333333333334,3,10.0,0,0.0,4,13.333333333333334,1.9,1.6196707484341788,1.0,1.0,83.33333333333334,90.0,90.0,21,70.0,2,6.666666666666667,2,6.666666666666667,2,6.666666666666667,0,0.0,3,10.0,2.2666666666666666,1.8245242911205346,1.0,2.0,83.33333333333334,83.33333333333334,83.33333333333334,17,56.666666666666664,3,10.0,5,16.666666666666664,0,0.0,0,0.0,5,16.666666666666664,2.533333333333333,1.9618585292749549,2.0,2.75,73.33333333333333,76.66666666666667,80.0,14,46.666666666666664,7,23.333333333333332,1,3.3333333333333335,1,3.3333333333333335,1,3.3333333333333335,6,20.0
430,True,2.2666666666666666,1.5260697523012794,2.0,2.0,76.66666666666667,90.0,93.33333333333333,13,43.333333333333336,8,26.666666666666668,2,6.666666666666667,4,13.333333333333334,1,3.3333333333333335,2,6.666666666666667,1.9333333333333333,1.4590712418826193,1.0,1.0,83.33333333333334,93.33333333333333,93.33333333333333,18,60.0,5,16.666666666666664,2,6.666666666666667,3,10.0,0,0.0,2,6.666666666666667,2.066666666666667,1.6110727964792764,1.0,1.0,80.0,90.0,90.0,17,56.666666666666664,6,20.0,1,3.3333333333333335,3,10.0,0,0.0,3,10.0,2.466666666666667,1.7838784213679537,2.0,2.75,73.33333333333333,83.33333333333334,86.66666666666667,14,46.666666666666664,5,16.666666666666664,3,10.0,3,10.0,1,3.3333333333333335,4,13.333333333333334
431,True,2.2666666666666666,1.8245242911205344,1.0,1.75,80.0,83.33333333333334,83.33333333333334,16,53.333333333333336,6,20.0,2,6.666666666666667,1,3.3333333333333335,0,0.0,5,16.666666666666664,1.8333333333333333,1.7336538165261124,1.0,0.0,83.33333333333334,86.66666666666667,86.66666666666667,23,76.66666666666667,2,6.666666666666667,0,0.0,1,3.3333333333333335,0,0.0,4,13.333333333333334,1.9,1.6603212540549694,1.0,1.0,83.33333333333334,86.66666666666667,90.0,21,70.0,3,10.0,1,3.3333333333333335,1,3.3333333333333335,1,3.3333333333333335,3,10.0,2.033333333333333,1.5807874268505835,1.0,1.75,83.33333333333334,86.66666666666667,93.33333333333333,18,60.0,4,13.333333333333334,3,10.0,1,3.3333333333333335,2,6.666666666666667,2,6.666666666666667
432,True,1.6666666666666667,1.0749676997731399,1.0,1.0,93.33333333333333,93.33333333333333,100.0,18,60.0,8,26.666666666666668,2,6.666666666666667,0,0.0,2,6.666666666666667,0,0.0,1.8333333333333333,1.7143187827498387,1.0,0.0,86.66666666666667,86.66666666666667,86.66666666666667,23,76.66666666666667,1,3.3333333333333335,2,6.666666666666667,0,0.0,0,0.0,4,13.333333333333334,1.9333333333333333,1.6519348924485155,1.0,1.0,86.66666666666667,86.66666666666667,86.66666666666667,18,60.0,8,26.666666666666668,0,0.0,0,0.0,0,0.0,4,13.333333333333334,2.2,1.7397317800933185,1.0,1.75,83.33333333333334,83.33333333333334,86.66666666666667,16,53.333333333333336,6,20.0,3,10.0,0,0.0,1,3.3333333333333335,4,13.333333333333334
433,True,2.1666666666666665,1.6346933113652304,2.0,1.0,83.33333333333334,86.66666666666667,86.66666666666667,13,43.333333333333336,12,40.0,0,0.0,1,3.3333333333333335,0,0.0,4,13.333333333333334,1.9,1.535143858622594,1.0,1.0,86.66666666666667,90.0,90.0,18,60.0,7,23.333333333333332,1,3.3333333333333335,1,3.3333333333333335,0,0.0,3,10.0,2.066666666666667,1.6316317667360556,1.0,1.0,83.33333333333334,86.66666666666667,90.0,17,56.666666666666664,6,20.0,2,6.666666666666667,1,3.3333333333333335,1,3.3333333333333335,3,10.0,2.1333333333333333,1.6478942792411033,1.5,1.0,86.66666666666667,86.66666666666667,86.66666666666667,15,50.0,8,26.666666666666668,3,10.0,0,0.0,0,0.0,4,13.333333333333334
434,False,2.033333333333333,1.6428295373802142,1.0,1.0,86.66666666666667,86.66666666666667,86.66666666666667,16,53.333333333333336,9,30.0,1,3.3333333333333335,0,0.0,0,0.0,4,13.333333333333334,1.8333333333333333,1.5933891203622828,1.0,1.0,86.66666666666667,86.66666666666667,90.0,20,66.66666666666666,6,20.0,0,0.0,0,0.0,1,3.3333333333333335,3,10.0,1.9333333333333333,1.5260697523012796,1.0,1.0,86.66666666666667,90.0,90.0,17,56.666666666666664,8,26.666666666666668,1,3.3333333333333335,1,3.3333333333333335,0,0.0,3,10.0,2.1333333333333333,1.4079141387961915,2.0,1.0,86.66666666666667,90.0,93.33333333333333,12,40.0,11,36.666666666666664,3,10.0,1,3.3333333333333335,1,3.3333333333333335,2,6.666666666666667
435,False,2.4,1.6852299546352716,2.0,2.0,76.66666666666667,86.66666666666667,86.66666666666667,12,40.0,9,30.0,2,6.666666666666667,3,10.0,0,0.0,4,13.333333333333334,2.033333333333333,1.7220788470785988,1.0,1.0,83.33333333333334,86.66666666666667,86.66666666666667,19,63.33333333333333,4,13.333333333333334,2,6.666666666666667,1,3.3333333333333335,0,0.0,4,13.333333333333334,2.3333333333333335,1.86785676348292,1.0,2.0,76.66666666666667,83.33333333333334,83.33333333333334,17,56.666666666666664,3,10.0,3,10.0,2,6.666666666666667,0,0.0,5,16.666666666666664,2.1666666666666665,1.5073892072793351,2.0,1.75,86.66666666666667,90.0,90.0,13,43.333333333333336,9,30.0,4,13.333333333333334,1,3.3333333333333335,0,0.0,3,10.0
436,True,2.466666666666667,1.627540748764494,2.0,2.0,80.0,86.66666666666667,86.66666666666667,10,33.33333333333333,10,33.33333333333333,4,13.333333333333334,2,6.666666666666667,0,0.0,4,13.333333333333334,1.9333333333333333,1.590248058916875,1.0,1.0,83.33333333333334,90.0,90.0,19,63.33333333333333,5,16.666666666666664,1,3.3333333333333335,2,6.666666666666667,0,0.0,3,10.0,2.033333333333333,1.7220788470785986,1.0,1.0,83.33333333333334,86.66666666666667,86.66666666666667,19,63.33333333333333,4,13.333333333333334,2,6.666666666666667,1,3.3333333333333335,0,0.0,4,13.333333333333334,2.1666666666666665,1.343709624716425,2.0,2.0,83.33333333333334,93.33333333333333,96.66666666666667,13,43.333333333333336,7,23.333333333333332,5,16.666666666666664,3,10.0,1,3.3333333333333335,1,3.3333333333333335
437,True,2.8,1.7009801096230768,2.0,2.0,70.0,83.33333333333334,83.33333333333334,7,23.333333333333332,11,36.666666666666664,3,10.0,4,13.333333333333334,0,0.0,5,16.666666666666664,2.1666666666666665,1.5293426329272617,1.5,2.0,80.0,90.0,93.33333333333333,15,50.0,6,20.0,3,10.0,3,10.0,1,3.3333333333333335,2,6.666666666666667,2.433333333333333,1.7451520150277897,2.0,2.0,83.33333333333334,83.33333333333334,83.33333333333334,12,40.0,8,26.666666666666668,5,16.666666666666664,0,0.0,0,0.0,5,16.666666666666664,2.1666666666666665,1.4161763857498668,2.0,1.75,86.66666666666667,90.0,93.33333333333333,12,40.0,10,33.33333333333333,4,13.333333333333334,1,3.3333333333333335,1,3.3333333333333335,2,6.666666666666667
438,False,2.5,1.6683325008322931,2.0,2.0,83.33333333333334,83.33333333333334,86.66666666666667,11,36.666666666666664,7,23.333333333333332,7,23.333333333333332,0,0.0,1,3.3333333333333335,4,13.333333333333334,1.9333333333333333,1.569146972791976,1.0,1.0,86.66666666666667,90.0,90.0,19,63.33333333333333,4,13.333333333333334,3,10.0,1,3.3333333333333335,0,0.0,3,10.0,2.3,1.7916472867168918,1.0,2.75,73.33333333333333,86.66666666666667,86.66666666666667,17,56.666666666666664,3,10.0,2,6.666666666666667,4,13.333333333333334,0,0.0,4,13.333333333333334,2.6333333333333333,1.9058389811897074,2.0,2.0,76.66666666666667,76.66666666666667,80.0,12,40.0,7,23.333333333333332,4,13.333333333333334,0,0.0,1,3.3333333333333335,6,20.0
439,True,2.3666666666666667,1.702612371882951,2.0,1.75,80.0,83.33333333333334,86.66666666666667,12,40.0,10,33.33333333333333,2,6.666666666666667,1,3.3333333333333335,1,3.3333333333333335,4,13.333333333333334,1.8666666666666667,1.5216949614017767,1.0,1.0,86.66666666666667,90.0,90.0,18,60.0,8,26.666666666666668,0,0.0,1,3.3333333333333335,0,0.0,3,10.0,2.033333333333333,1.6428295373802142,1.0,1.0,86.66666666666667,86.66666666666667,86.66666666666667,16,53.333333333333336,9,30.0,1,3.3333333333333335,0,0.0,0,0.0,4,13.333333333333334,2.4,1.890326250501043,2.0,1.75,80.0,80.0,80.0,14,46.666666666666664,8,26.666666666666668,2,6.666666666666667,0,0.0,0,0.0,6,20.0
440,False,2.3,1.6155494421403511,2.0,1.0,83.33333333333334,86.66666666666667,86.66666666666667,11,36.666666666666664,12,40.0,2,6.666666666666667,1,3.3333333333333335,0,0.0,4,13.333333333333334,1.9333333333333333,1.6719914938645934,1.0,1.0,86.66666666666667,86.66666666666667,86.66666666666667,19,63.33333333333333,6,20.0,1,3.3333333333333335,0,0.0,0,0.0,4,13.333333333333334,2.2,1.9390719429665315,1.0,1.0,80.0,80.0,80.0,18,60.0,6,20.0,0,0.0,0,0.0,0,0.0,6,20.0,2.8,1.973153144926499,2.0,4.0,70.0,70.0,80.0,11,36.666666666666664,8,26.666666666666668,2,6.666666666666667,0,0.0,3,10.0,6,20.0
441,False,2.4,1.8726095873584185,1.5,2.0,76.66666666666667,80.0,83.33333333333334,15,50.0,6,20.0,2,6.666666666666667,1,3.3333333333333335,1,3.3333333333333335,5,16.666666666666664,2.2,1.98997487421324,1.0,1.0,76.66666666666667,80.0,80.0,20,66.66666666666666,3,10.0,0,0.0,1,3.3333333333333335,0,0.0,6,20.0,2.3333333333333335,1.9888578520235063,1.0,1.0,76.66666666666667,76.66666666666667,80.0,17,56.666666666666664,6,20.0,0,0.0,0,0.0,1,3.3333333333333335,6,20.0,2.4,1.7435595774162693,2.0,2.75,73.33333333333333,86.66666666666667,86.66666666666667,14,46.666666666666664,6,20.0,2,6.666666666666667,4,13.333333333333334,0,0.0,4,13.333333333333334
442,True,2.3666666666666667,1.5162087220725546,2.0,2.0,80.0,90.0,90.0,10,33.33333333333333,11,36.666666666666664,3,10.0,3,10.0,0,0.0,3,10.0,1.9666666666666666,1.4940623220676648,1.0,1.0,83.33333333333334,90.0,93.33333333333333,17,56.666666666666664,7,23.333333333333332,1,3.3333333333333335,2,6.666666666666667,1,3.3333333333333335,2,6.666666666666667,2.1333333333333333,1.4772346537440226,2.0,1.75,83.33333333333334,90.0,93.33333333333333,14,46.666666666666664,8,26.666666666666668,3,10.0,2,6.666666666666667,1,3.3333333333333335,2,6.666666666666667,2.6333333333333333,1.9745604292826513,2.0,2.75,73.33333333333333,76.66666666666667,76.66666666666667,12,40.0,9,30.0,1,3.3333333333333335,1,3.3333333333333335,0,0.0,7,23.333333333333332
443,True,1.8,1.3012814197295424,1.0,1.0,90.0,93.33333333333333,93.33333333333333,16,53.333333333333336,11,36.666666666666664,0,0.0,1,3.3333333333333335,0,0.0,2,6.666666666666667,1.6333333333333333,1.1396880664852507,1.0,1.0,90.0,96.66666666666667,96.66666666666667,19,63.33333333333333,8,26.666666666666668,0,0.0,2,6.666666666666667,0,0.0,1,3.3333333333333335,1.8,1.446835627614047,1.0,1.0,86.66666666666667,90.0,93.33333333333333,19,63.33333333333333,7,23.333333333333332,0,0.0,1,3.3333333333333335,1,3.3333333333333335,2,6.666666666666667,2.433333333333333,1.891795149821695,1.5,2.75,73.33333333333333,80.0,83.33333333333334,15,50.0,6,20.0,1,3.3333333333333335,2,6.666666666666667,1,3.3333333333333335,5,16.666666666666664
444,True,1.5,0.9574271077563381,1.0,1.0,96.66666666666667,96.66666666666667,96.66666666666667,19,63.33333333333333,10,33.33333333333333,0,0.0,0,0.0,0,0.0,1,3.3333333333333335,1.4666666666666666,0.9568466729604882,1.0,1.0,96.66666666666667,96.66666666666667,96.66666666666667,20,66.66666666666666,9,30.0,0,0.0,0,0.0,0,0.0,1,3.3333333333333335,1.7333333333333334,1.3148721948877347,1.0,1.0,90.0,93.33333333333333,93.33333333333333,18,60.0,9,30.0,0,0.0,1,3.3333333333333335,0,0.0,2,6.666666666666667,2.533333333333333,2.012185103038209,1.5,3.5,73.33333333333333,73.33333333333333,80.0,15,50.0,6,20.0,1,3.3333333333333335,0,0.0,2,6.666666666666667,6,20.0
445,True,2.3,1.345362404707371,2.0,2.0,90.0,90.0,93.33333333333333,9,30.0,11,36.666666666666664,7,23.333333333333332,0,0.0,1,3.3333333333333335,2,6.666666666666667,1.9333333333333333,1.5260697523012796,1.0,1.0,83.33333333333334,90.0,93.33333333333333,19,63.33333333333333,4,13.333333333333334,2,6.666666666666667,2,6.666666666666667,1,3.3333333333333335,2,6.666666666666667,2.0,1.5275252316519468,1.0,1.75,83.33333333333334,90.0,93.33333333333333,18,60.0,4,13.333333333333334,3,10.0,2,6.666666666666667,1,3.3333333333333335,2,6.666666666666667,2.7,1.7349351572897471,2.0,3.0,70.0,83.33333333333334,86.66666666666667,11,36.666666666666664,5,16.666666666666664,5,16.666666666666664,4,13.333333333333334,1,3.3333333333333335,4,13.333333333333334
446,True,1.7,1.3203534880225571,1.0,1.0,93.33333333333333,93.33333333333333,93.33333333333333,20,66.66666666666666,5,16.666666666666664,3,10.0,0,0.0,0,0.0,2,6.666666666666667,1.6333333333333333,1.471582670309608,1.0,0.0,86.66666666666667,90.0,93.33333333333333,24,80.0,2,6.666666666666667,0,0.0,1,3.3333333333333335,1,3.3333333333333335,2,6.666666666666667,1.9666666666666666,1.8882678717691395,1.0,0.0,80.0,83.33333333333334,83.33333333333334,23,76.66666666666667,1,3.3333333333333335,0,0.0,1,3.3333333333333335,0,0.0,5,16.666666666666664,2.566666666666667,2.027861489900684,1.5,3.75,70.0,73.33333333333333,80.0,15,50.0,6,20.0,0,0.0,1,3.3333333333333335,2,6.666666666666667,6,20.0
447,False,2.8,1.9561867668161614,2.0,2.75,73.33333333333333,76.66666666666667,76.66666666666667,12,40.0,4,13.333333333333334,6,20.0,1,3.3333333333333335,0,0.0,7,23.333333333333332,2.1666666666666665,1.6346933113652304,1.0,2.0,83.33333333333334,86.66666666666667,90.0,16,53.333333333333336,5,16.666666666666664,4,13.333333333333334,1,3.3333333333333335,1,3.3333333333333335,3,10.0,2.6333333333333333,2.0409692686455507,1.5,3.0,70.0,76.66666666666667,76.66666666666667,15,50.0,4,13.333333333333334,2,6.666666666666667,2,6.666666666666667,0,0.0,7,23.333333333333332,2.3666666666666667,1.682920741515245,1.5,2.0,76.66666666666667,86.66666666666667,90.0,15,50.0,3,10.0,5,16.666666666666664,3,10.0,1,3.3333333333333335,3,10.0
448,True,2.533333333333333,1.5434449203720302,2.0,2.0,76.66666666666667,83.33333333333334,93.33333333333333,9,30.0,10,33.33333333333333,4,13.333333333333334,2,6.666666666666667,3,10.0,2,6.666666666666667,1.9,1.491084616423003,1.0,1.0,90.0,90.0,90.0,17,56.666666666666664,8,26.666666666666668,2,6.666666666666667,0,0.0,0,0.0,3,10.0,1.8333333333333333,1.2931443160847216,1.0,1.0,93.33333333333333,93.33333333333333,93.33333333333333,16,53.333333333333336,9,30.0,3,10.0,0,0.0,0,0.0,2,6.666666666666667,2.466666666666667,1.7461067804945063,2.0,2.0,80.0,83.33333333333334,83.33333333333334,11,36.666666666666664,10,33.33333333333333,3,10.0,1,3.3333333333333335,0,0.0,5,16.666666666666664
449,False,1.8666666666666667,1.14697670227235,1.5,1.0,93.33333333333333,96.66666666666667,96.66666666666667,15,50.0,8,26.666666666666668,5,16.666666666666664,1,3.3333333333333335,0,0.0,1,3.3333333333333335,1.9333333333333333,1.5691469727919756,1.0,1.0,86.66666666666667,90.0,90.0,19,63.33333333333333,4,13.333333333333334,3,10.0,1,3.3333333333333335,0,0.0,3,10.0,2.066666666666667,1.4817407180595248,1.5,1.0,83.33333333333334,90.0,93.33333333333333,15,50.0,8,26.666666666666668,2,6.666666666666667,2,6.666666666666667,1,3.3333333333333335,2,6.666666666666667,2.6,1.8726095873584188,2.0,2.75,73.33333333333333,76.66666666666667,83.33333333333334,12,40.0,8,26.666666666666668,2,6.666666666666667,1,3.3333333333333335,2,6.666666666666667,5,16.666666666666664
450,True,2.1666666666666665,1.343709624716425,2.0,1.75,80.0,93.33333333333333,96.66666666666667,12,40.0,10,33.33333333333333,2,6.666666666666667,4,13.333333333333334,1,3.3333333333333335,1,3.3333333333333335,1.8,1.3012814197295424,1.0,1.0,93.33333333333333,93.33333333333333,93.33333333333333,17,56.666666666666664,8,26.666666666666668,3,10.0,0,0.0,0,0.0,2,6.666666666666667,2.066666666666667,1.5040685563571303,2.0,1.0,86.66666666666667,90.0,90.0,14,46.666666666666664,10,33.33333333333333,2,6.666666666666667,1,3.3333333333333335,0,0.0,3,10.0,2.533333333333333,1.8024674446127702,2.0,2.0,76.66666666666667,80.0,83.33333333333334,11,36.666666666666664,10,33.33333333333333,2,6.666666666666667,1,3.3333333333333335,1,3.3333333333333335,5,16.666666666666664
451,True,1.7,1.0376254944182253,1.0,1.0,96.66666666666667,96.66666666666667,96.66666666666667,16,53.333333333333336,10,33.33333333333333,3,10.0,0,0.0,0,0.0,1,3.3333333333333335,1.8333333333333333,1.4395215254459457,1.0,1.0,83.33333333333334,90.0,96.66666666666667,20,66.66666666666666,4,13.333333333333334,1,3.3333333333333335,2,6.666666666666667,2,6.666666666666667,1,3.3333333333333335,1.9666666666666666,1.5595583420386112,1.0,1.0,83.33333333333334,86.66666666666667,93.33333333333333,18,60.0,6,20.0,1,3.3333333333333335,1,3.3333333333333335,2,6.666666666666667,2,6.666666666666667,2.6,2.075250988836451,1.0,3.5,73.33333333333333,73.33333333333333,76.66666666666667,16,53.333333333333336,3,10.0,3,10.0,0,0.0,1,3.3333333333333335,7,23.333333333333332
452,False,2.566666666666667,1.8740923729160797,2.0,2.0,76.66666666666667,80.0,80.0,12,40.0,8,26.666666666666668,3,10.0,1,3.3333333333333335,0,0.0,6,20.0,1.8,1.3515423288475528,1.0,1.0,90.0,93.33333333333333,93.33333333333333,18,60.0,7,23.333333333333332,2,6.666666666666667,1,3.3333333333333335,0,0.0,2,6.666666666666667,2.2333333333333334,1.6868774571839995,1.5,2.0,83.33333333333334,86.66666666666667,86.66666666666667,15,50.0,6,20.0,4,13.333333333333334,1,3.3333333333333335,0,0.0,4,13.333333333333334,2.2,1.6812693617224654,1.0,2.0,76.66666666666667,83.33333333333334,93.33333333333333,17,56.666666666666664,4,13.333333333333334,2,6.666666666666667,2,6.666666666666667,3,10.0,2,6.666666666666667
453,False,2.5,1.875277757204694,2.0,2.0,76.66666666666667,76.66666666666667,83.33333333333334,13,43.333333333333336,8,26.666666666666668,2,6.666666666666667,0,0.0,2,6.666666666666667,5,16.666666666666664,1.8666666666666667,1.6878651868229548,1.0,1.0,86.66666666666667,86.66666666666667,86.66666666666667,21,70.0,4,13.333333333333334,1,3.3333333333333335,0,0.0,0,0.0,4,13.333333333333334,2.1666666666666665,1.9677962857527256,1.0,1.0,80.0,80.0,80.0,20,66.66666666666666,3,10.0,1,3.3333333333333335,0,0.0,0,0.0,6,20.0,2.1,1.6802777548171413,1.0,1.75,80.0,86.66666666666667,90.0,18,60.0,4,13.333333333333334,2,6.666666666666667,2,6.666666666666667,1,3.3333333333333335,3,10.0
454,True,2.033333333333333,1.4487542541400487,2.0,1.0,90.0,90.0,90.0,13,43.333333333333336,12,40.0,2,6.666666666666667,0,0.0,0,0.0,3,10.0,1.8,1.3012814197295424,1.0,1.0,93.33333333333333,93.33333333333333,93.33333333333333,17,56.666666666666664,8,26.666666666666668,3,10.0,0,0.0,0,0.0,2,6.666666666666667,2.1,1.4910846164230027,2.0,1.0,86.66666666666667,90.0,90.0,13,43.333333333333336,11,36.666666666666664,2,6.666666666666667,1,3.3333333333333335,0,0.0,3,10.0,2.1,1.4910846164230027,2.0,1.0,86.66666666666667,90.0,90.0,13,43.333333333333336,11,36.666666666666664,2,6.666666666666667,1,3.3333333333333335,0,0.0,3,10.0
455,False,2.8,2.072036035722674,2.0,3.75,63.33333333333333,73.33333333333333,76.66666666666667,14,46.666666666666664,4,13.333333333333334,1,3.3333333333333335,3,10.0,1,3.3333333333333335,7,23.333333333333332,2.066666666666667,1.6316317667360558,1.0,1.75,80.0,90.0,90.0,18,60.0,4,13.333333333333334,2,6.666666666666667,3,10.0,0,0.0,3,10.0,2.1666666666666665,1.790406533599438,1.0,1.75,80.0,83.33333333333334,86.66666666666667,18,60.0,4,13.333333333333334,2,6.666666666666667,1,3.3333333333333335,1,3.3333333333333335,4,13.333333333333334,2.1333333333333333,1.687865186822955,1.0,2.0,80.0,86.66666666666667,90.0,18,60.0,3,10.0,3,10.0,2,6.666666666666667,1,3.3333333333333335,3,10.0
456,True,2.466666666666667,1.7074997966487597,2.0,2.75,73.33333333333333,83.33333333333334,90.0,13,43.333333333333336,6,20.0,3,10.0,3,10.0,2,6.666666666666667,3,10.0,2.066666666666667,1.6519348924485155,1.0,1.0,80.0,86.66666666666667,90.0,17,56.666666666666664,7,23.333333333333332,0,0.0,2,6.666666666666667,1,3.3333333333333335,3,10.0,2.2,1.6411378166788229,1.5,1.75,80.0,86.66666666666667,90.0,15,50.0,7,23.333333333333332,2,6.666666666666667,2,6.666666666666667,1,3.3333333333333335,3,10.0,2.3666666666666667,1.682920741515245,2.0,2.0,76.66666666666667,83.33333333333334,90.0,13,43.333333333333336,8,26.666666666666668,2,6.666666666666667,2,6.666666666666667,2,6.666666666666667,3,10.0
457,True,2.4,1.7435595774162693,2.0,2.0,80.0,83.33333333333334,86.66666666666667,14,46.666666666666664,5,16.666666666666664,5,16.666666666666664,1,3.3333333333333335,1,3.3333333333333335,4,13.333333333333334,1.8,1.4236104336041748,1.0,1.0,86.66666666666667,93.33333333333333,93.33333333333333,20,66.66666666666666,4,13.333333333333334,2,6.666666666666667,2,6.666666666666667,0,0.0,2,6.666666666666667,2.033333333333333,1.7413277182145301,1.0,1.0,80.0,86.66666666666667,86.66666666666667,19,63.33333333333333,5,16.666666666666664,0,0.0,2,6.666666666666667,0,0.0,4,13.333333333333334,2.3333333333333335,1.6193277068654823,1.5,2.0,76.66666666666667,86.66666666666667,93.33333333333333,15,50.0,3,10.0,5,16.666666666666664,3,10.0,2,6.666666666666667,2,6.666666666666667
458,True,2.3666666666666667,1.4019827229875395,2.0,2.0,80.0,93.33333333333333,93.33333333333333,10,33.33333333333333,9,30.0,5,16.666666666666664,4,13.333333333333334,0,0.0,2,6.666666666666667,1.8666666666666667,1.4079141387961918,1.0,1.0,86.66666666666667,93.33333333333333,93.33333333333333,18,60.0,6,20.0,2,6.666666666666667,2,6.666666666666667,0,0.0,2,6.666666666666667,2.2666666666666666,1.8427033281447005,1.0,2.0,80.0,83.33333333333334,83.33333333333334,17,56.666666666666664,4,13.333333333333334,3,10.0,1,3.3333333333333335,0,0.0,5,16.666666666666664,2.533333333333333,1.80246744461277,2.0,3.0,66.66666666666666,83.33333333333334,86.66666666666667,13,43.333333333333336,7,23.333333333333332,0,0.0,5,16.666666666666664,1,3.3333333333333335,4,13.333333333333334
459,True,2.066666666666667,1.5040685563571303,1.0,1.75,83.33333333333334,90.0,93.33333333333333,16,53.333333333333336,6,20.0,3,10.0,2,6.666666666666667,1,3.3333333333333335,2,6.666666666666667,1.8333333333333333,1.4624940645653537,1.0,1.0,86.66666666666667,90.0,93.33333333333333,19,63.33333333333333,6,20.0,1,3.3333333333333335,1,3.3333333333333335,1,3.3333333333333335,2,6.666666666666667,2.2,1.6812693617224654,1.5,1.75,83.33333333333334,86.66666666666667,86.66666666666667,15,50.0,7,23.333333333333332,3,10.0,1,3.3333333333333335,0,0.0,4,13.333333333333334,2.3,1.7729448195962934,1.5,1.75,76.66666666666667,83.33333333333334,86.66666666666667,15,50.0,7,23.333333333333332,1,3.3333333333333335,2,6.666666666666667,1,3.3333333333333335,4,13.333333333333334
460,True,2.4,1.624807680927192,2.0,2.0,83.33333333333334,86.66666666666667,86.66666666666667,11,36.666666666666664,9,30.0,5,16.666666666666664,1,3.3333333333333335,0,0.0,4,13.333333333333334,1.8666666666666667,1.4313940369055924,1.0,1.0,86.66666666666667,93.33333333333333,93.33333333333333,19,63.33333333333333,4,13.333333333333334,3,10.0,2,6.666666666666667,0,0.0,2,6.666666666666667,1.9,1.3988090172238192,1.0,1.0,86.66666666666667,93.33333333333333,93.33333333333333,17,56.666666666666664,7,23.333333333333332,2,6.666666666666667,2,6.666666666666667,0,0.0,2,6.666666666666667,2.3333333333333335,1.5347819244295116,2.0,2.0,83.33333333333334,90.0,90.0,12,40.0,7,23.333333333333332,6,20.0,2,6.666666666666667,0,0.0,3,10.0
461,True,2.2,1.7587874611030558,1.0,2.0,76.66666666666667,83.33333333333334,90.0,18,60.0,3,10.0,2,6.666666666666667,2,6.666666666666667,2,6.666666666666667,3,10.0,1.6666666666666667,1.5129074290546956,1.0,0.0,90.0,90.0,90.0,23,76.66666666666667,3,10.0,1,3.3333333333333335,0,0.0,0,0.0,3,10.0,1.8333333333333333,1.5293426329272617,1.0,1.0,90.0,90.0,90.0,20,66.66666666666666,4,13.333333333333334,3,10.0,0,0.0,0,0.0,3,10.0,2.433333333333333,2.0765890836230025,1.0,2.75,73.33333333333333,76.66666666666667,76.66666666666667,18,60.0,3,10.0,1,3.3333333333333335,1,3.3333333333333335,0,0.0,7,23.333333333333332
462,True,2.433333333333333,1.686877457183999,2.0,2.0,80.0,83.33333333333334,86.66666666666667,11,36.666666666666664,10,33.33333333333333,3,10.0,1,3.3333333333333335,1,3.3333333333333335,4,13.333333333333334,1.8666666666666667,1.5648926125740668,1.0,1.0,86.66666666666667,86.66666666666667,93.33333333333333,21,70.0,2,6.666666666666667,3,10.0,0,0.0,2,6.666666666666667,2,6.666666666666667,1.9666666666666666,1.6629959577688562,1.0,1.0,83.33333333333334,86.66666666666667,90.0,20,66.66666666666666,3,10.0,2,6.666666666666667,1,3.3333333333333335,1,3.3333333333333335,3,10.0,2.7333333333333334,2.0805982045769644,1.5,3.75,66.66666666666666,73.33333333333333,76.66666666666667,15,50.0,3,10.0,2,6.666666666666667,2,6.666666666666667,1,3.3333333333333335,7,23.333333333333332
463,True,2.5,1.707825127659933,2.0,2.0,76.66666666666667,83.33333333333334,86.66666666666667,11,36.666666666666664,9,30.0,3,10.0,2,6.666666666666667,1,3.3333333333333335,4,13.333333333333334,1.8,1.4236104336041748,1.0,1.0,86.66666666666667,93.33333333333333,93.33333333333333,20,66.66666666666666,4,13.333333333333334,2,6.666666666666667,2,6.666666666666667,0,0.0,2,6.666666666666667,2.2,1.8330302779823362,1.0,1.0,80.0,83.33333333333334,83.33333333333334,17,56.666666666666664,6,20.0,1,3.3333333333333335,1,3.3333333333333335,0,0.0,5,16.666666666666664,2.466666666666667,1.839081896551163,1.5,2.75,73.33333333333333,80.0,86.66666666666667,15,50.0,4,13.333333333333334,3,10.0,2,6.666666666666667,2,6.666666666666667,4,13.333333333333334
464,False,2.5,1.746424919657298,2.0,1.75,76.66666666666667,83.33333333333334,83.33333333333334,10,33.33333333333333,12,40.0,1,3.3333333333333335,2,6.666666666666667,0,0.0,5,16.666666666666664,2.0,1.7701224063135672,1.0,1.0,83.33333333333334,83.33333333333334,86.66666666666667,20,66.66666666666666,4,13.333333333333334,1,3.3333333333333335,0,0.0,1,3.3333333333333335,4,13.333333333333334,2.3,1.9689252567496476,1.0,2.0,76.66666666666667,76.66666666666667,83.33333333333334,19,63.33333333333333,2,6.666666666666667,2,6.666666666666667,0,0.0,2,6.666666666666667,5,16.666666666666664,2.9,1.9035055380358978,2.0,3.0,63.33333333333333,76.66666666666667,80.0,10,33.33333333333333,7,23.333333333333332,2,6.666666666666667,4,13.333333333333334,1,3.3333333333333335,6,20.0
465,True,2.033333333333333,1.6428295373802142,1.0,1.0,86.66666666666667,86.66666666666667,86.66666666666667,16,53.333333333333336,9,30.0,1,3.3333333333333335,0,0.0,0,0.0,4,13.333333333333334,1.8666666666666667,1.6478942792411033,1.0,0.75,86.66666666666667,86.66666666666667,90.0,22,73.33333333333333,1,3.3333333333333335,3,10.0,0,0.0,1,3.3333333333333335,3,10.0,2.2,1.8511257835886428,1.0,1.75,80.0,83.33333333333334,83.33333333333334,18,60.0,4,13.333333333333334,2,6.666666666666667,1,3.3333333333333335,0,0.0,5,16.666666666666664,2.2333333333333334,1.6868774571839995,1.5,2.0,83.33333333333334,86.66666666666667,86.66666666666667,15,50.0,6,20.0,4,13.333333333333334,1,3.3333333333333335,0,0.0,4,13.333333333333334
466,True,2.566666666666667,1.54236470683457,2.0,1.0,80.0,83.33333333333334,90.0,7,23.333333333333332,13,43.333333333333336,4,13.333333333333334,1,3.3333333333333335,2,6.666666666666667,3,10.0,2.1666666666666665,1.8089284734953512,1.0,1.0,83.33333333333334,83.33333333333334,83.33333333333334,17,56.666666666666664,6,20.0,2,6.666666666666667,0,0.0,0,0.0,5,16.666666666666664,2.2,1.6812693617224654,1.5,1.75,83.33333333333334,86.66666666666667,86.66666666666667,15,50.0,7,23.333333333333332,3,10.0,1,3.3333333333333335,0,0.0,4,13.333333333333334,2.5,1.7272328544042153,2.0,2.0,83.33333333333334,83.33333333333334,83.33333333333334,11,36.666666666666664,8,26.666666666666668,6,20.0,0,0.0,0,0.0,5,16.666666666666664
467,True,1.9666666666666666,1.3287420951996498,1.0,1.75,86.66666666666667,93.33333333333333,96.66666666666667,16,53.333333333333336,6,20.0,4,13.333333333333334,2,6.666666666666667,1,3.3333333333333335,1,3.3333333333333335,1.8666666666666667,1.5434449203720302,1.0,1.0,86.66666666666667,90.0,90.0,19,63.33333333333333,6,20.0,1,3.3333333333333335,1,3.3333333333333335,0,0.0,3,10.0,2.2333333333333334,1.8740923729160797,1.0,1.75,76.66666666666667,83.33333333333334,83.33333333333334,18,60.0,4,13.333333333333334,1,3.3333333333333335,2,6.666666666666667,0,0.0,5,16.666666666666664,1.9,1.6196707484341788,1.0,1.0,83.33333333333334,90.0,90.0,21,70.0,2,6.666666666666667,2,6.666666666666667,2,6.666666666666667,0,0.0,3,10.0
468,False,2.3333333333333335,1.7575235101952087,2.0,1.75,76.66666666666667,83.33333333333334,86.66666666666667,14,46.666666666666664,8,26.666666666666668,1,3.3333333333333335,2,6.666666666666667,1,3.3333333333333335,4,13.333333333333334,1.8333333333333333,1.6549588783075213,1.0,0.75,83.33333333333334,86.66666666666667,90.0,22,73.33333333333333,3,10.0,0,0.0,1,3.3333333333333335,1,3.3333333333333335,3,10.0,1.8,1.4696938456699071,1.0,1.0,86.66666666666667,90.0,93.33333333333333,20,66.66666666666666,5,16.666666666666664,1,3.3333333333333335,1,3.3333333333333335,1,3.3333333333333335,2,6.666666666666667,2.7,2.0518284528683193,1.5,3.0,66.66666666666666,76.66666666666667,76.66666666666667,15,50.0,3,10.0,2,6.666666666666667,3,10.0,0,0.0,7,23.333333333333332
469,True,2.566666666666667,1.6058919293927874,2.0,2.0,80.0,86.66666666666667,86.66666666666667,9,30.0,9,30.0,6,20.0,2,6.666666666666667,0,0.0,4,13.333333333333334,2.0,1.6931233465600393,1.0,1.0,80.0,86.66666666666667,90.0,20,66.66666666666666,3,10.0,1,3.3333333333333335,2,6.666666666666667,1,3.3333333333333335,3,10.0,2.1,1.8681541692269403,1.0,1.0,80.0,83.33333333333334,83.33333333333334,20,66.66666666666666,3,10.0,1,3.3333333333333335,1,3.3333333333333335,0,0.0,5,16.666666666666664,2.6666666666666665,2.00554786086551,2.0,2.75,73.33333333333333,76.66666666666667,76.66666666666667,14,46.666666666666664,4,13.333333333333334,4,13.333333333333334,1,3.3333333333333335,0,0.0,7,23.333333333333332
470,True,1.9666666666666666,1.4487542541400484,2.0,1.0,90.0,90.0,90.0,14,46.666666666666664,12,40.0,1,3.3333333333333335,0,0.0,0,0.0,3,10.0,1.9333333333333333,1.711399687065791,1.0,1.0,83.33333333333334,86.66666666666667,86.66666666666667,20,66.66666666666666,5,16.666666666666664,0,0.0,1,3.3333333333333335,0,0.0,4,13.333333333333334,2.1333333333333333,1.80246744461277,1.0,1.0,83.33333333333334,83.33333333333334,83.33333333333334,17,56.666666666666664,7,23.333333333333332,1,3.3333333333333335,0,0.0,0,0.0,5,16.666666666666664,2.8333333333333335,2.00138840697041,2.0,3.75,66.66666666666666,73.33333333333333,76.66666666666667,11,36.666666666666664,8,26.666666666666668,1,3.3333333333333335,2,6.666666666666667,1,3.3333333333333335,7,23.333333333333332
471,True,2.033333333333333,1.1396880664852505,2.0,1.0,90.0,96.66666666666667,96.66666666666667,11,36.666666666666664,12,40.0,4,13.333333333333334,2,6.666666666666667,0,0.0,1,3.3333333333333335,2.066666666666667,1.4817407180595248,2.0,1.0,90.0,90.0,90.0,14,46.666666666666664,9,30.0,4,13.333333333333334,0,0.0,0,0.0,3,10.0,2.0,1.2110601416389966,2.0,1.0,86.66666666666667,96.66666666666667,96.66666666666667,13,43.333333333333336,10,33.33333333333333,3,10.0,3,10.0,0,0.0,1,3.3333333333333335,2.4,1.624807680927192,2.0,2.0,80.0,83.33333333333334,90.0,11,36.666666666666664,10,33.33333333333333,3,10.0,1,3.3333333333333335,2,6.666666666666667,3,10.0
472,True,2.2333333333333334,1.4067298564006128,2.0,1.75,80.0,93.33333333333333,93.33333333333333,11,36.666666666666664,11,36.666666666666664,2,6.666666666666667,4,13.333333333333334,0,0.0,2,6.666666666666667,1.9,1.556705923844749,1.0,1.0,86.66666666666667,90.0,90.0,19,63.33333333333333,5,16.666666666666664,2,6.666666666666667,1,3.3333333333333335,0,0.0,3,10.0,2.1666666666666665,1.771690968789108,1.0,1.0,80.0,83.33333333333334,86.66666666666667,17,56.666666666666664,6,20.0,1,3.3333333333333335,1,3.3333333333333335,1,3.3333333333333335,4,13.333333333333334,2.566666666666667,1.7451520150277902,2.0,2.0,80.0,83.33333333333334,83.33333333333334,11,36.666666666666664,7,23.333333333333332,6,20.0,1,3.3333333333333335,0,0.0,5,16.666666666666664
473,False,2.033333333333333,1.4940623220676648,1.5,1.0,90.0,90.0,90.0,15,50.0,8,26.666666666666668,4,13.333333333333334,0,0.0,0,0.0,3,10.0,1.9666666666666666,1.7792008193443356,1.0,1.0,83.33333333333334,83.33333333333334,86.66666666666667,21,70.0,3,10.0,1,3.3333333333333335,0,0.0,1,3.3333333333333335,4,13.333333333333334,2.2666666666666666,1.9310331143946986,1.0,1.0,80.0,80.0,80.0,17,56.666666666666664,6,20.0,1,3.3333333333333335,0,0.0,0,0.0,6,20.0,2.7666666666666666,2.0765890836230025,2.0,4.0,70.0,70.0,76.66666666666667,14,46.666666666666664,4,13.333333333333334,3,10.0,0,0.0,2,6.666666666666667,7,23.333333333333332
474,True,2.0,1.2909944487358056,2.0,1.0,86.66666666666667,93.33333333333333,96.66666666666667,14,46.666666666666664,9,30.0,3,10.0,2,6.666666666666667,1,3.3333333333333335,1,3.3333333333333335,1.8,1.4236104336041748,1.0,1.0,90.0,90.0,93.33333333333333,19,63.33333333333333,6,20.0,2,6.666666666666667,0,0.0,1,3.3333333333333335,2,6.666666666666667,2.3666666666666667,1.8526257642120338,1.0,2.0,76.66666666666667,83.33333333333334,83.33333333333334,16,53.333333333333336,4,13.333333333333334,3,10.0,2,6.666666666666667,0,0.0,5,16.666666666666664,1.9333333333333333,1.3148721948877347,1.5,1.0,93.33333333333333,93.33333333333333,93.33333333333333,15,50.0,8,26.666666666666668,5,16.666666666666664,0,0.0,0,0.0,2,6.666666666666667
475,False,2.1333333333333333,1.4313940369055926,2.0,1.0,86.66666666666667,86.66666666666667,93.33333333333333,11,36.666666666666664,14,46.666666666666664,1,3.3333333333333335,0,0.0,2,6.666666666666667,2,6.666666666666667,1.8666666666666667,1.4313940369055924,1.0,1.0,90.0,90.0,93.33333333333333,18,60.0,6,20.0,3,10.0,0,0.0,1,3.3333333333333335,2,6.666666666666667,2.1666666666666665,1.827262676488766,1.0,1.0,80.0,80.0,86.66666666666667,18,60.0,5,16.666666666666664,1,3.3333333333333335,0,0.0,2,6.666666666666667,4,13.333333333333334,2.2666666666666666,1.7499206331208919,2.0,1.0,83.33333333333334,83.33333333333334,83.33333333333334,13,43.333333333333336,11,36.666666666666664,1,3.3333333333333335,0,0.0,0,0.0,5,16.666666666666664
476,True,1.9333333333333333,1.339983416149452,1.5,1.0,90.0,93.33333333333333,93.33333333333333,15,50.0,9,30.0,3,10.0,1,3.3333333333333335,0,0.0,2,6.666666666666667,1.9,1.5567059238447487,1.0,1.0,86.66666666666667,90.0,90.0,19,63.33333333333333,5,16.666666666666664,2,6.666666666666667,1,3.3333333333333335,0,0.0,3,10.0,1.9333333333333333,1.412641340027806,1.0,1.0,86.66666666666667,93.33333333333333,93.33333333333333,17,56.666666666666664,6,20.0,3,10.0,2,6.666666666666667,0,0.0,2,6.666666666666667,2.1666666666666665,1.5933891203622828,2.0,1.0,83.33333333333334,86.66666666666667,90.0,14,46.666666666666664,9,30.0,2,6.666666666666667,1,3.3333333333333335,1,3.3333333333333335,3,10.0
477,False,2.3666666666666667,1.4487542541400487,2.0,2.0,80.0,86.66666666666667,96.66666666666667,11,36.666666666666664,8,26.666666666666668,5,16.666666666666664,2,6.666666666666667,3,10.0,1,3.3333333333333335,2.1,1.374772708486752,2.0,1.75,86.66666666666667,93.33333333333333,93.33333333333333,13,43.333333333333336,9,30.0,4,13.333333333333334,2,6.666666666666667,0,0.0,2,6.666666666666667,2.3666666666666667,1.5595583420386114,2.0,2.0,83.33333333333334,86.66666666666667,90.0,11,36.666666666666664,9,30.0,5,16.666666666666664,1,3.3333333333333335,1,3.3333333333333335,3,10.0,2.8666666666666667,1.839081896551163,2.5,3.0,70.0,80.0,80.0,10,33.33333333333333,5,16.666666666666664,6,20.0,3,10.0,0,0.0,6,20.0
478,True,1.7666666666666666,1.3585122581543223,1.0,1.0,90.0,93.33333333333333,93.33333333333333,19,63.33333333333333,6,20.0,2,6.666666666666667,1,3.3333333333333335,0,0.0,2,6.666666666666667,1.6333333333333333,1.4940623220676645,1.0,0.0,90.0,90.0,90.0,23,76.66666666666667,4,13.333333333333334,0,0.0,0,0.0,0,0.0,3,10.0,1.8666666666666667,1.4544949486180951,1.0,1.0,83.33333333333334,93.33333333333333,93.33333333333333,19,63.33333333333333,5,16.666666666666664,1,3.3333333333333335,3,10.0,0,0.0,2,6.666666666666667,2.2333333333333334,1.8199511592958264,1.0,1.0,80.0,83.33333333333334,83.33333333333334,16,53.333333333333336,7,23.333333333333332,1,3.3333333333333335,1,3.3333333333333335,0,0.0,5,16.666666666666664
479,False,2.5,1.5438048235879214,2.0,2.0,76.66666666666667,86.66666666666667,93.33333333333333,11,36.666666666666664,6,20.0,6,20.0,3,10.0,2,6.666666666666667,2,6.666666666666667,2.066666666666667,1.8245242911205346,1.0,1.0,83.33333333333334,83.33333333333334,83.33333333333334,19,63.33333333333333,5,16.666666666666664,1,3.3333333333333335,0,0.0,0,0.0,5,16.666666666666664,2.2,1.6613247725836149,1.5,2.0,86.66666666666667,86.66666666666667,86.66666666666667,15,50.0,6,20.0,5,16.666666666666664,0,0.0,0,0.0,4,13.333333333333334,3.033333333333333,2.0572365498945966,2.0,4.75,66.66666666666666,66.66666666666666,73.33333333333333,10,33.33333333333333,7,23.333333333333332,3,10.0,0,0.0,2,6.666666666666667,8,26.666666666666668
480,True,2.2666666666666666,1.671991493864594,2.0,1.0,83.33333333333334,83.33333333333334,86.66666666666667,12,40.0,12,40.0,1,3.3333333333333335,0,0.0,1,3.3333333333333335,4,13.333333333333334,1.8,1.5577761927397233,1.0,1.0,86.66666666666667,90.0,90.0,21,70.0,4,13.333333333333334,1,3.3333333333333335,1,3.3333333333333335,0,0.0,3,10.0,2.0,1.7126976771553504,1.0,1.0,83.33333333333334,86.66666666666667,86.66666666666667,19,63.33333333333333,5,16.666666666666664,1,3.3333333333333335,1,3.3333333333333335,0,0.0,4,13.333333333333334,2.6,2.0264912204760885,1.5,3.75,70.0,73.33333333333333,80.0,15,50.0,5,16.666666666666664,1,3.3333333333333335,1,3.3333333333333335,2,6.666666666666667,6,20.0
481,False,2.7,1.9689252567496478,2.0,3.75,70.0,73.33333333333333,80.0,12,40.0,8,26.666666666666668,1,3.3333333333333335,1,3.3333333333333335,2,6.666666666666667,6,20.0,2.1666666666666665,1.827262676488766,1.0,1.75,76.66666666666667,83.33333333333334,86.66666666666667,19,63.33333333333333,3,10.0,1,3.3333333333333335,2,6.666666666666667,1,3.3333333333333335,4,13.333333333333334,2.2333333333333334,1.8381754238616317,1.0,1.0,76.66666666666667,80.0,86.66666666666667,17,56.666666666666664,6,20.0,0,0.0,1,3.3333333333333335,2,6.666666666666667,4,13.333333333333334,2.3666666666666667,1.6829207415152447,2.0,2.75,73.33333333333333,86.66666666666667,90.0,14,46.666666666666664,6,20.0,2,6.666666666666667,4,13.333333333333334,1,3.3333333333333335,3,10.0
482,False,2.4,1.8726095873584185,1.5,2.0,76.66666666666667,80.0,83.33333333333334,15,50.0,6,20.0,2,6.666666666666667,1,3.3333333333333335,1,3.3333333333333335,5,16.666666666666664,1.8666666666666667,1.6069294390925264,1.0,0.75,83.33333333333334,86.66666666666667,93.33333333333333,22,73.33333333333333,1,3.3333333333333335,2,6.666666666666667,1,3.3333333333333335,2,6.666666666666667,2,6.666666666666667,2.0,1.7320508075688772,1.0,1.0,83.33333333333334,86.66666666666667,86.66666666666667,20,66.66666666666666,3,10.0,2,6.666666666666667,1,3.3333333333333335,0,0.0,4,13.333333333333334,2.066666666666667,1.4817407180595246,1.0,2.0,86.66666666666667,90.0,93.33333333333333,16,53.333333333333336,5,16.666666666666664,5,16.666666666666664,1,3.3333333333333335,1,3.3333333333333335,2,6.666666666666667
483,False,2.7,1.7916472867168918,2.0,3.0,70.0,83.33333333333334,83.33333333333334,11,36.666666666666664,6,20.0,4,13.333333333333334,4,13.333333333333334,0,0.0,5,16.666666666666664,1.9333333333333333,1.7688665548562132,1.0,1.0,83.33333333333334,83.33333333333334,86.66666666666667,21,70.0,4,13.333333333333334,0,0.0,0,0.0,1,3.3333333333333335,4,13.333333333333334,2.2,1.8867962264113207,1.0,2.0,76.66666666666667,80.0,86.66666666666667,20,66.66666666666666,1,3.3333333333333335,2,6.666666666666667,1,3.3333333333333335,2,6.666666666666667,4,13.333333333333334,2.7666666666666666,2.011356645539412,2.0,3.75,70.0,73.33333333333333,76.66666666666667,12,40.0,7,23.333333333333332,2,6.666666666666667,1,3.3333333333333335,1,3.3333333333333335,7,23.333333333333332
484,True,2.2666666666666666,1.6719914938645934,2.0,2.0,83.33333333333334,86.66666666666667,86.66666666666667,14,46.666666666666664,7,23.333333333333332,4,13.333333333333334,1,3.3333333333333335,0,0.0,4,13.333333333333334,1.8666666666666667,1.521694961401777,1.0,1.0,90.0,90.0,90.0,19,63.33333333333333,5,16.666666666666664,3,10.0,0,0.0,0,0.0,3,10.0,2.066666666666667,1.6316317667360556,1.0,2.0,86.66666666666667,86.66666666666667,90.0,18,60.0,3,10.0,5,16.666666666666664,0,0.0,1,3.3333333333333335,3,10.0,2.3666666666666667,1.7413277182145301,2.0,2.0,80.0,83.33333333333334,86.66666666666667,14,46.666666666666664,6,20.0,4,13.333333333333334,1,3.3333333333333335,1,3.3333333333333335,4,13.333333333333334
485,True,2.3666666666666667,1.601735170231195,2.0,2.0,83.33333333333334,83.33333333333334,90.0,11,36.666666666666664,10,33.33333333333333,4,13.333333333333334,0,0.0,2,6.666666666666667,3,10.0,1.8666666666666667,1.499629583893599,1.0,1.0,90.0,90.0,90.0,18,60.0,7,23.333333333333332,2,6.666666666666667,0,0.0,0,0.0,3,10.0,2.066666666666667,1.6316317667360556,1.5,1.0,86.66666666666667,86.66666666666667,86.66666666666667,15,50.0,10,33.33333333333333,1,3.3333333333333335,0,0.0,0,0.0,4,13.333333333333334,2.4,1.6852299546352716,2.0,1.75,80.0,83.33333333333334,86.66666666666667,11,36.666666666666664,11,36.666666666666664,2,6.666666666666667,1,3.3333333333333335,1,3.3333333333333335,4,13.333333333333334
486,True,2.5,1.6881943016134133,2.0,2.0,80.0,83.33333333333334,86.66666666666667,11,36.666666666666664,8,26.666666666666668,5,16.666666666666664,1,3.3333333333333335,1,3.3333333333333335,4,13.333333333333334,1.9333333333333333,1.6110727964792764,1.0,1.0,86.66666666666667,86.66666666666667,90.0,19,63.33333333333333,5,16.666666666666664,2,6.666666666666667,0,0.0,1,3.3333333333333335,3,10.0,2.2333333333333334,1.9439364415764444,1.0,1.0,80.0,80.0,80.0,18,60.0,5,16.666666666666664,1,3.3333333333333335,0,0.0,0,0.0,6,20.0,2.566666666666667,1.7451520150277897,2.0,3.0,70.0,80.0,90.0,12,40.0,7,23.333333333333332,2,6.666666666666667,3,10.0,3,10.0,3,10.0
487,False,2.2,1.5362291495737217,1.5,2.0,80.0,90.0,93.33333333333333,15,50.0,5,16.666666666666664,4,13.333333333333334,3,10.0,1,3.3333333333333335,2,6.666666666666667,1.9333333333333333,1.4817407180595246,1.0,1.0,86.66666666666667,90.0,93.33333333333333,18,60.0,5,16.666666666666664,3,10.0,1,3.3333333333333335,1,3.3333333333333335,2,6.666666666666667,2.3666666666666667,2.0572365498945966,1.0,1.75,76.66666666666667,76.66666666666667,76.66666666666667,18,60.0,4,13.333333333333334,1,3.3333333333333335,0,0.0,0,0.0,7,23.333333333333332,2.6333333333333333,1.8526257642120336,2.0,3.0,70.0,80.0,83.33333333333334,12,40.0,7,23.333333333333332,2,6.666666666666667,3,10.0,1,3.3333333333333335,5,16.666666666666664
488,False,2.433333333333333,1.6058919293927874,2.0,2.0,83.33333333333334,86.66666666666667,86.66666666666667,10,33.33333333333333,10,33.33333333333333,5,16.666666666666664,1,3.3333333333333335,0,0.0,4,13.333333333333334,2.1333333333333333,1.7074997966487597,1.0,1.75,83.33333333333334,86.66666666666667,86.66666666666667,17,56.666666666666664,5,16.666666666666664,3,10.0,1,3.3333333333333335,0,0.0,4,13.333333333333334,2.2333333333333334,1.6468825769380833,2.0,1.0,83.33333333333334,86.66666666666667,86.66666666666667,13,43.333333333333336,10,33.33333333333333,2,6.666666666666667,1,3.3333333333333335,0,0.0,4,13.333333333333334,2.7666666666666666,1.9093337988826247,2.0,3.0,70.0,76.66666666666667,80.0,11,36.666666666666664,7,23.333333333333332,3,10.0,2,6.666666666666667,1,3.3333333333333335,6,20.0
489,False,2.2333333333333334,1.5423647068345698,2.0,1.75,86.66666666666667,86.66666666666667,90.0,12,40.0,10,33.33333333333333,4,13.333333333333334,0,0.0,1,3.3333333333333335,3,10.0,1.8666666666666667,1.6069294390925266,1.0,1.0,86.66666666666667,86.66666666666667,90.0,20,66.66666666666666,5,16.666666666666664,1,3.3333333333333335,0,0.0,1,3.3333333333333335,3,10.0,1.9333333333333333,1.7113996870657915,1.0,1.0,83.33333333333334,86.66666666666667,86.66666666666667,20,66.66666666666666,5,16.666666666666664,0,0.0,1,3.3333333333333335,0,0.0,4,13.333333333333334,2.6333333333333333,1.9232495649002206,2.0,3.0,70.0,76.66666666666667,83.33333333333334,14,46.666666666666664,4,13.333333333333334,3,10.0,2,6.666666666666667,2,6.666666666666667,5,16.666666666666664
490,True,2.1666666666666665,1.5073892072793351,2.0,1.75,86.66666666666667,90.0,90.0,13,43.333333333333336,9,30.0,4,13.333333333333334,1,3.3333333333333335,0,0.0,3,10.0,1.8,1.4922019523732928,1.0,1.0,90.0,90.0,90.0,19,63.33333333333333,7,23.333333333333332,1,3.3333333333333335,0,0.0,0,0.0,3,10.0,1.9333333333333333,1.4360439485692011,1.0,1.0,83.33333333333334,93.33333333333333,93.33333333333333,17,56.666666666666664,7,23.333333333333332,1,3.3333333333333335,3,10.0,0,0.0,2,6.666666666666667,2.2333333333333334,1.7451520150277902,1.5,1.0,80.0,83.33333333333334,86.66666666666667,15,50.0,8,26.666666666666668,1,3.3333333333333335,1,3.3333333333333335,1,3.3333333333333335,4,13.333333333333334
491,True,2.1333333333333333,1.6069294390925268,1.5,1.0,83.33333333333334,86.66666666666667,90.0,15,50.0,8,26.666666666666668,2,6.666666666666667,1,3.3333333333333335,1,3.3333333333333335,3,10.0,1.7666666666666666,1.4761059883656353,1.0,1.0,86.66666666666667,90.0,93.33333333333333,21,70.0,4,13.333333333333334,1,3.3333333333333335,1,3.3333333333333335,1,3.3333333333333335,2,6.666666666666667,2.066666666666667,1.7499206331208919,1.0,1.0,83.33333333333334,83.33333333333334,86.66666666666667,18,60.0,6,20.0,1,3.3333333333333335,0,0.0,1,3.3333333333333335,4,13.333333333333334,2.066666666666667,1.569146972791976,1.0,2.0,86.66666666666667,90.0,90.0,17,56.666666666666664,4,13.333333333333334,5,16.666666666666664,1,3.3333333333333335,0,0.0,3,10.0
492,True,2.2666666666666666,1.5477582354991866,2.0,1.75,80.0,90.0,90.0,12,40.0,10,33.33333333333333,2,6.666666666666667,3,10.0,0,0.0,3,10.0,1.9,1.5351438586225938,1.0,1.0,86.66666666666667,90.0,90.0,18,60.0,7,23.333333333333332,1,3.3333333333333335,1,3.3333333333333335,0,0.0,3,10.0,1.9666666666666666,1.4940623220676645,1.0,1.0,83.33333333333334,90.0,93.33333333333333,17,56.666666666666664,7,23.333333333333332,1,3.3333333333333335,2,6.666666666666667,1,3.3333333333333335,2,6.666666666666667,2.566666666666667,1.7829438827088442,2.0,2.75,73.33333333333333,80.0,86.66666666666667,12,40.0,7,23.333333333333332,3,10.0,2,6.666666666666667,2,6.666666666666667,4,13.333333333333334
493,True,2.433333333333333,1.5638272140986533,2.0,2.0,80.0,83.33333333333334,93.33333333333333,11,36.666666666666664,8,26.666666666666668,5,16.666666666666664,1,3.3333333333333335,3,10.0,2,6.666666666666667,2.033333333333333,1.601735170231195,1.0,1.75,83.33333333333334,90.0,90.0,18,60.0,4,13.333333333333334,3,10.0,2,6.666666666666667,0,0.0,3,10.0,2.433333333333333,1.8740923729160797,1.5,2.0,76.66666666666667,80.0,83.33333333333334,15,50.0,5,16.666666666666664,3,10.0,1,3.3333333333333335,1,3.3333333333333335,5,16.666666666666664,2.7,1.9,2.0,3.0,70.0,76.66666666666667,83.33333333333334,13,43.333333333333336,4,13.333333333333334,4,13.333333333333334,2,6.666666666666667,2,6.666666666666667,5,16.666666666666664
494,False,2.2666666666666666,1.7688665548562132,2.0,1.0,83.33333333333334,83.33333333333334,83.33333333333334,14,46.666666666666664,9,30.0,2,6.666666666666667,0,0.0,0,0.0,5,16.666666666666664,2.0,1.632993161855452,1.0,1.0,83.33333333333334,86.66666666666667,90.0,18,60.0,6,20.0,1,3.3333333333333335,1,3.3333333333333335,1,3.3333333333333335,3,10.0,2.2,1.7776388834631176,1.0,1.75,80.0,83.33333333333334,86.66666666666667,17,56.666666666666664,5,16.666666666666664,2,6.666666666666667,1,3.3333333333333335,1,3.3333333333333335,4,13.333333333333334,2.8333333333333335,1.8811934746029946,2.0,3.0,70.0,76.66666666666667,80.0,10,33.33333333333333,7,23.333333333333332,4,13.333333333333334,2,6.666666666666667,1,3.3333333333333335,6,20.0
495,False,1.9333333333333333,1.4817407180595246,1.0,1.0,90.0,90.0,90.0,16,53.333333333333336,9,30.0,2,6.666666666666667,0,0.0,0,0.0,3,10.0,1.9333333333333333,1.6719914938645934,1.0,1.0,86.66666666666667,86.66666666666667,86.66666666666667,19,63.33333333333333,6,20.0,1,3.3333333333333335,0,0.0,0,0.0,4,13.333333333333334,1.9666666666666666,1.6629959577688562,1.0,1.0,86.66666666666667,86.66666666666667,86.66666666666667,18,60.0,7,23.333333333333332,1,3.3333333333333335,0,0.0,0,0.0,4,13.333333333333334,2.5,1.927865832122834,1.5,2.75,73.33333333333333,76.66666666666667,83.33333333333334,15,50.0,5,16.666666666666664,2,6.666666666666667,1,3.3333333333333335,2,6.666666666666667,5,16.666666666666664
496,True,2.1,1.535143858622594,1.5,1.75,86.66666666666667,90.0,90.0,15,50.0,7,23.333333333333332,4,13.333333333333334,1,3.3333333333333335,0,0.0,3,10.0,1.7333333333333334,1.364632632697248,1.0,1.0,90.0,93.33333333333333,93.33333333333333,20,66.66666666666666,5,16.666666666666664,2,6.666666666666667,1,3.3333333333333335,0,0.0,2,6.666666666666667,2.033333333333333,1.5807874268505833,1.0,2.0,86.66666666666667,90.0,90.0,18,60.0,3,10.0,5,16.666666666666664,1,3.3333333333333335,0,0.0,3,10.0,2.4,1.7435595774162693,2.0,2.0,80.0,83.33333333333334,86.66666666666667,14,46.666666666666664,5,16.666666666666664,5,16.666666666666664,1,3.3333333333333335,1,3.3333333333333335,4,13.333333333333334
497,False,3.033333333333333,1.7220788470785986,2.0,2.0,70.0,76.66666666666667,80.0,4,13.333333333333334,13,43.333333333333336,4,13.333333333333334,2,6.666666666666667,1,3.3333333333333335,6,20.0,2.3333333333333335,1.8499249234015478,1.5,1.75,80.0,80.0,83.33333333333334,15,50.0,7,23.333333333333332,2,6.666666666666667,0,0.0,1,3.3333333333333335,5,16.666666666666664,2.566666666666667,1.8917951498216947,2.0,2.0,76.66666666666667,80.0,80.0,13,43.333333333333336,6,20.0,4,13.333333333333334,1,3.3333333333333335,0,0.0,6,20.0,2.6666666666666665,1.776388345929897,2.0,3.0,70.0,83.33333333333334,83.33333333333334,10,33.33333333333333,9,30.0,2,6.666666666666667,4,13.333333333333334,0,0.0,5,16.666666666666664
498,True,2.3,1.676305461424021,2.0,1.75,80.0,86.66666666666667,86.66666666666667,13,43.333333333333336,9,30.0,2,6.666666666666667,2,6.666666666666667,0,0.0,4,13.333333333333334,1.8,1.5143755588800731,1.0,1.0,86.66666666666667,86.66666666666667,93.33333333333333,20,66.66666666666666,6,20.0,0,0.0,0,0.0,2,6.666666666666667,2,6.666666666666667,1.8333333333333333,1.5933891203622828,1.0,1.0,86.66666666666667,86.66666666666667,90.0,20,66.66666666666666,6,20.0,0,0.0,0,0.0,1,3.3333333333333335,3,10.0,2.3333333333333335,1.679947089113887,2.0,2.0,80.0,83.33333333333334,90.0,14,46.666666666666664,6,20.0,4,13.333333333333334,1,3.3333333333333335,2,6.666666666666667,3,10.0
499,False,2.533333333333333,1.7074997966487597,2.0,2.0,76.66666666666667,83.33333333333334,86.66666666666667,11,36.666666666666664,8,26.666666666666668,4,13.333333333333334,2,6.666666666666667,1,3.3333333333333335,4,13.333333333333334,1.9666666666666666,1.5380362660079103,1.0,1.0,86.66666666666667,90.0,90.0,17,56.666666666666664,7,23.333333333333332,2,6.666666666666667,1,3.3333333333333335,0,0.0,3,10.0,2.1666666666666665,1.7143187827498387,1.0,1.0,80.0,86.66666666666667,86.66666666666667,16,53.333333333333336,7,23.333333333333332,1,3.3333333333333335,2,6.666666666666667,0,0.0,4,13.333333333333334,2.6333333333333333,1.9576062480034697,1.5,3.0,66.66666666666666,76.66666666666667,83.33333333333334,15,50.0,3,10.0,2,6.666666666666667,3,10.0,2,6.666666666666667,5,16.666666666666664
500,True,2.2666666666666666,1.4590712418826193,2.0,1.75,86.66666666666667,90.0,90.0,10,33.33333333333333,12,40.0,4,13.333333333333334,1,3.3333333333333335,0,0.0,3,10.0,1.9666666666666666,1.682920741515245,1.0,1.0,86.66666666666667,86.66666666666667,86.66666666666667,19,63.33333333333333,5,16.666666666666664,2,6.666666666666667,0,0.0,0,0.0,4,13.333333333333334,2.033333333333333,1.5162087220725544,1.0,1.75,90.0,90.0,90.0,16,53.333333333333336,6,20.0,5,16.666666666666664,0,0.0,0,0.0,3,10.0,2.466666666666667,1.7074997966487597,2.0,2.0,80.0,83.33333333333334,86.66666666666667,12,40.0,7,23.333333333333332,5,16.666666666666664,1,3.3333333333333335,1,3.3333333333333335,4,13.333333333333334
501,False,2.5,1.7841898254763513,2.0,2.0,76.66666666666667,83.33333333333334,83.33333333333334,12,40.0,8,26.666666666666668,3,10.0,2,6.666666666666667,0,0.0,5,16.666666666666664,1.7,1.3453624047073711,1.0,1.0,90.0,93.33333333333333,93.33333333333333,20,66.66666666666666,6,20.0,1,3.3333333333333335,1,3.3333333333333335,0,0.0,2,6.666666666666667,1.9666666666666666,1.5595583420386112,1.0,1.0,86.66666666666667,90.0,90.0,18,60.0,5,16.666666666666664,3,10.0,1,3.3333333333333335,0,0.0,3,10.0,2.8,2.1509687739868903,2.0,5.0,70.0,70.0,70.0,13,43.333333333333336,7,23.333333333333332,1,3.3333333333333335,0,0.0,0,0.0,9,30.0
502,False,2.566666666666667,1.8740923729160797,2.0,2.0,76.66666666666667,80.0,80.0,12,40.0,8,26.666666666666668,3,10.0,1,3.3333333333333335,0,0.0,6,20.0,1.7666666666666666,1.5423647068345696,1.0,0.75,90.0,90.0,90.0,22,73.33333333333333,2,6.666666666666667,3,10.0,0,0.0,0,0.0,3,10.0,2.2666666666666666,1.8245242911205344,1.0,1.0,76.66666666666667,80.0,86.66666666666667,16,53.333333333333336,7,23.333333333333332,0,0.0,1,3.3333333333333335,2,6.666666666666667,4,13.333333333333334,2.6333333333333333,2.040969268645551,2.0,3.5,73.33333333333333,73.33333333333333,76.66666666666667,14,46.666666666666664,6,20.0,2,6.666666666666667,0,0.0,1,3.3333333333333335,7,23.333333333333332
503,True,2.566666666666667,1.7641491496532322,2.0,2.0,76.66666666666667,83.33333333333334,83.33333333333334,11,36.666666666666664,8,26.666666666666668,4,13.333333333333334,2,6.666666666666667,0,0.0,5,16.666666666666664,2.2333333333333334,1.7451520150277902,1.5,1.0,80.0,83.33333333333334,86.66666666666667,15,50.0,8,26.666666666666668,1,3.3333333333333335,1,3.3333333333333335,1,3.3333333333333335,4,13.333333333333334,2.533333333333333,1.8208667044996885,2.0,2.0,76.66666666666667,80.0,83.33333333333334,12,40.0,8,26.666666666666668,3,10.0,1,3.3333333333333335,1,3.3333333333333335,5,16.666666666666664,2.566666666666667,1.7451520150277897,2.0,3.0,70.0,80.0,90.0,12,40.0,7,23.333333333333332,2,6.666666666666667,3,10.0,3,10.0,3,10.0
504,True,2.3666666666666667,1.662995957768856,2.0,2.0,83.33333333333334,86.66666666666667,86.66666666666667,13,43.333333333333336,6,20.0,6,20.0,1,3.3333333333333335,0,0.0,4,13.333333333333334,2.2,1.8147543451754935,1.0,1.75,83.33333333333334,83.33333333333334,83.33333333333334,17,56.666666666666664,5,16.666666666666664,3,10.0,0,0.0,0,0.0,5,16.666666666666664,2.2333333333333334,1.6265163865007801,2.0,1.75,86.66666666666667,86.66666666666667,86.66666666666667,13,43.333333333333336,9,30.0,4,13.333333333333334,0,0.0,0,0.0,4,13.333333333333334,2.3666666666666667,1.702612371882951,2.0,2.0,80.0,86.66666666666667,86.66666666666667,14,46.666666666666664,5,16.666666666666664,5,16.666666666666664,2,6.666666666666667,0,0.0,4,13.333333333333334
505,True,2.1333333333333333,1.384035966135113,2.0,1.75,90.0,90.0,93.33333333333333,12,40.0,10,33.33333333333333,5,16.666666666666664,0,0.0,1,3.3333333333333335,2,6.666666666666667,2.0,1.6733200530681511,1.0,1.0,86.66666666666667,86.66666666666667,86.66666666666667,18,60.0,6,20.0,2,6.666666666666667,0,0.0,0,0.0,4,13.333333333333334,2.033333333333333,1.5162087220725544,1.5,1.0,86.66666666666667,90.0,90.0,15,50.0,9,30.0,2,6.666666666666667,1,3.3333333333333335,0,0.0,3,10.0,2.3,1.5947831618540915,2.0,1.75,80.0,86.66666666666667,90.0,12,40.0,10,33.33333333333333,2,6.666666666666667,2,6.666666666666667,1,3.3333333333333335,3,10.0
506,True,2.6333333333333333,2.0409692686455507,1.5,3.0,70.0,76.66666666666667,76.66666666666667,15,50.0,4,13.333333333333334,2,6.666666666666667,2,6.666666666666667,0,0.0,7,23.333333333333332,1.9333333333333333,1.6110727964792761,1.0,1.0,86.66666666666667,86.66666666666667,90.0,19,63.33333333333333,5,16.666666666666664,2,6.666666666666667,0,0.0,1,3.3333333333333335,3,10.0,2.033333333333333,1.601735170231195,1.0,1.0,86.66666666666667,86.66666666666667,90.0,17,56.666666666666664,6,20.0,3,10.0,0,0.0,1,3.3333333333333335,3,10.0,2.3,1.6360521589077368,2.0,2.0,76.66666666666667,83.33333333333334,93.33333333333333,14,46.666666666666664,7,23.333333333333332,2,6.666666666666667,2,6.666666666666667,3,10.0,2,6.666666666666667
507,True,2.6666666666666665,1.7191729277636834,2.0,3.0,70.0,83.33333333333334,86.66666666666667,10,33.33333333333333,8,26.666666666666668,3,10.0,4,13.333333333333334,1,3.3333333333333335,4,13.333333333333334,1.8333333333333333,1.343709624716425,1.0,1.0,86.66666666666667,93.33333333333333,96.66666666666667,19,63.33333333333333,4,13.333333333333334,3,10.0,2,6.666666666666667,1,3.3333333333333335,1,3.3333333333333335,2.4,2.0264912204760885,1.0,2.75,73.33333333333333,76.66666666666667,80.0,18,60.0,3,10.0,1,3.3333333333333335,1,3.3333333333333335,1,3.3333333333333335,6,20.0,2.466666666666667,1.9447936194419764,1.0,2.0,76.66666666666667,80.0,80.0,16,53.333333333333336,3,10.0,4,13.333333333333334,1,3.3333333333333335,0,0.0,6,20.0
508,True,2.7,1.7156145643277028,2.0,3.0,70.0,83.33333333333334,86.66666666666667,10,33.33333333333333,7,23.333333333333332,4,13.333333333333334,4,13.333333333333334,1,3.3333333333333335,4,13.333333333333334,1.9,1.3253930234714029,1.0,1.0,86.66666666666667,93.33333333333333,96.66666666666667,17,56.666666666666664,6,20.0,3,10.0,2,6.666666666666667,1,3.3333333333333335,1,3.3333333333333335,2.033333333333333,1.5162087220725546,1.0,1.0,86.66666666666667,86.66666666666667,93.33333333333333,16,53.333333333333336,7,23.333333333333332,3,10.0,0,0.0,2,6.666666666666667,2,6.666666666666667,2.6333333333333333,1.6428295373802142,2.0,2.0,76.66666666666667,80.0,90.0,9,30.0,9,30.0,5,16.666666666666664,1,3.3333333333333335,3,10.0,3,10.0
509,True,1.8,1.2489995996796797,1.0,1.0,93.33333333333333,93.33333333333333,96.66666666666667,18,60.0,5,16.666666666666664,5,16.666666666666664,0,0.0,1,3.3333333333333335,1,3.3333333333333335,1.7666666666666666,1.5205992970609392,1.0,1.0,90.0,90.0,90.0,21,70.0,4,13.333333333333334,2,6.666666666666667,0,0.0,0,0.0,3,10.0,1.7,1.345362404707371,1.0,1.0,93.33333333333333,93.33333333333333,93.33333333333333,21,70.0,3,10.0,4,13.333333333333334,0,0.0,0,0.0,2,6.666666666666667,2.1,1.7578395831246945,1.0,1.75,80.0,86.66666666666667,86.66666666666667,19,63.33333333333333,3,10.0,2,6.666666666666667,2,6.666666666666667,0,0.0,4,13.333333333333334
510,False,2.3666666666666667,1.682920741515245,2.0,2.0,83.33333333333334,83.33333333333334,86.66666666666667,12,40.0,9,30.0,4,13.333333333333334,0,0.0,1,3.3333333333333335,4,13.333333333333334,1.8666666666666667,1.4544949486180951,1.0,1.0,86.66666666666667,90.0,93.33333333333333,18,60.0,7,23.333333333333332,1,3.3333333333333335,1,3.3333333333333335,1,3.3333333333333335,2,6.666666666666667,2.066666666666667,1.6519348924485158,1.0,1.0,80.0,86.66666666666667,90.0,17,56.666666666666664,7,23.333333333333332,0,0.0,2,6.666666666666667,1,3.3333333333333335,3,10.0,2.4,1.8184242262647807,2.0,2.0,76.66666666666667,83.33333333333334,83.33333333333334,14,46.666666666666664,7,23.333333333333332,2,6.666666666666667,2,6.666666666666667,0,0.0,5,16.666666666666664
511,True,3.033333333333333,1.5595583420386112,3.0,2.0,63.33333333333333,80.0,90.0,5,16.666666666666664,9,30.0,5,16.666666666666664,5,16.666666666666664,3,10.0,3,10.0,2.1666666666666665,1.7143187827498387,1.0,1.75,80.0,83.33333333333334,90.0,17,56.666666666666664,5,16.666666666666664,2,6.666666666666667,1,3.3333333333333335,2,6.666666666666667,3,10.0,2.433333333333333,1.686877457183999,2.0,2.0,76.66666666666667,83.33333333333334,90.0,13,43.333333333333336,6,20.0,4,13.333333333333334,2,6.666666666666667,2,6.666666666666667,3,10.0,2.6666666666666665,1.9379255804998177,2.0,3.0,70.0,80.0,80.0,14,46.666666666666664,3,10.0,4,13.333333333333334,3,10.0,0,0.0,6,20.0
512,False,2.7333333333333334,1.9310331143946988,2.0,2.0,76.66666666666667,76.66666666666667,76.66666666666667,11,36.666666666666664,7,23.333333333333332,5,16.666666666666664,0,0.0,0,0.0,7,23.333333333333332,2.3,1.9519221295943134,1.0,1.75,76.66666666666667,76.66666666666667,83.33333333333334,18,60.0,4,13.333333333333334,1,3.3333333333333335,0,0.0,2,6.666666666666667,5,16.666666666666664,2.2666666666666666,1.8607047649270485,1.0,1.0,80.0,80.0,83.33333333333334,16,53.333333333333336,7,23.333333333333332,1,3.3333333333333335,0,0.0,1,3.3333333333333335,5,16.666666666666664,2.5,1.857417562100671,2.0,2.0,76.66666666666667,80.0,83.33333333333334,14,46.666666666666664,5,16.666666666666664,4,13.333333333333334,1,3.3333333333333335,1,3.3333333333333335,5,16.666666666666664
513,False,2.5,1.5,2.0,1.75,83.33333333333334,86.66666666666667,90.0,8,26.666666666666668,11,36.666666666666664,6,20.0,1,3.3333333333333335,1,3.3333333333333335,3,10.0,2.2,1.7587874611030558,1.0,1.75,76.66666666666667,86.66666666666667,86.66666666666667,17,56.666666666666664,5,16.666666666666664,1,3.3333333333333335,3,10.0,0,0.0,4,13.333333333333334,2.433333333333333,1.7065234314893605,2.0,2.0,80.0,83.33333333333334,86.66666666666667,12,40.0,8,26.666666666666668,4,13.333333333333334,1,3.3333333333333335,1,3.3333333333333335,4,13.333333333333334,2.9,1.7953644012660308,3.0,3.0,60.0,80.0,86.66666666666667,11,36.666666666666664,3,10.0,4,13.333333333333334,6,20.0,2,6.666666666666667,4,13.333333333333334
514,True,2.1666666666666665,1.5073892072793351,2.0,1.75,86.66666666666667,90.0,90.0,13,43.333333333333336,9,30.0,4,13.333333333333334,1,3.3333333333333335,0,0.0,3,10.0,1.8333333333333333,1.5073892072793353,1.0,1.0,90.0,90.0,90.0,19,63.33333333333333,6,20.0,2,6.666666666666667,0,0.0,0,0.0,3,10.0,2.0,1.5491933384829668,1.0,1.0,86.66666666666667,90.0,90.0,17,56.666666666666664,6,20.0,3,10.0,1,3.3333333333333335,0,0.0,3,10.0,2.2333333333333334,1.6868774571839993,1.5,2.0,83.33333333333334,86.66666666666667,86.66666666666667,15,50.0,6,20.0,4,13.333333333333334,1,3.3333333333333335,0,0.0,4,13.333333333333334
515,True,2.1333333333333333,1.8208667044996885,1.0,1.0,80.0,80.0,86.66666666666667,18,60.0,6,20.0,0,0.0,0,0.0,2,6.666666666666667,4,13.333333333333334,1.7666666666666666,1.5423647068345698,1.0,0.75,86.66666666666667,86.66666666666667,93.33333333333333,22,73.33333333333333,3,10.0,1,3.3333333333333335,0,0.0,2,6.666666666666667,2,6.666666666666667,1.9,1.57797338380595,1.0,1.0,86.66666666666667,86.66666666666667,90.0,18,60.0,8,26.666666666666668,0,0.0,0,0.0,1,3.3333333333333335,3,10.0,1.9333333333333333,1.4590712418826193,1.0,1.0,86.66666666666667,90.0,93.33333333333333,17,56.666666666666664,7,23.333333333333332,2,6.666666666666667,1,3.3333333333333335,1,3.3333333333333335,2,6.666666666666667
516,True,2.2333333333333334,1.6058919293927874,2.0,1.0,86.66666666666667,86.66666666666667,86.66666666666667,12,40.0,11,36.666666666666664,3,10.0,0,0.0,0,0.0,4,13.333333333333334,1.8333333333333333,1.4851112939963642,1.0,1.0,90.0,90.0,90.0,18,60.0,8,26.666666666666668,1,3.3333333333333335,0,0.0,0,0.0,3,10.0,1.8666666666666667,1.3597385369580761,1.0,1.0,90.0,93.33333333333333,93.33333333333333,17,56.666666666666664,7,23.333333333333332,3,10.0,1,3.3333333333333335,0,0.0,2,6.666666666666667,2.7333333333333334,1.896195020443719,2.0,3.0,70.0,80.0,80.0,12,40.0,5,16.666666666666664,4,13.333333333333334,3,10.0,0,0.0,6,20.0
517,True,2.2666666666666666,1.6316317667360556,1.5,2.0,83.33333333333334,86.66666666666667,90.0,15,50.0,4,13.333333333333334,6,20.0,1,3.3333333333333335,1,3.3333333333333335,3,10.0,1.9,1.6196707484341788,1.0,1.0,83.33333333333334,90.0,90.0,21,70.0,2,6.666666666666667,2,6.666666666666667,2,6.666666666666667,0,0.0,3,10.0,1.6666666666666667,1.1352924243950933,1.0,1.0,93.33333333333333,96.66666666666667,96.66666666666667,19,63.33333333333333,6,20.0,3,10.0,1,3.3333333333333335,0,0.0,1,3.3333333333333335,2.066666666666667,1.4590712418826193,1.5,1.75,86.66666666666667,90.0,93.33333333333333,15,50.0,7,23.333333333333332,4,13.333333333333334,1,3.3333333333333335,1,3.3333333333333335,2,6.666666666666667
518,True,1.8666666666666667,1.1175369742826804,2.0,1.0,93.33333333333333,96.66666666666667,96.66666666666667,14,46.666666666666664,10,33.33333333333333,4,13.333333333333334,1,3.3333333333333335,0,0.0,1,3.3333333333333335,1.8666666666666667,1.6069294390925264,1.0,1.0,86.66666666666667,86.66666666666667,90.0,20,66.66666666666666,5,16.666666666666664,1,3.3333333333333335,0,0.0,1,3.3333333333333335,3,10.0,2.2,1.7397317800933183,1.0,1.0,80.0,80.0,90.0,16,53.333333333333336,7,23.333333333333332,1,3.3333333333333335,0,0.0,3,10.0,3,10.0,2.1,1.4910846164230027,2.0,1.0,86.66666666666667,90.0,90.0,13,43.333333333333336,11,36.666666666666664,2,6.666666666666667,1,3.3333333333333335,0,0.0,3,10.0
519,False,2.533333333333333,1.7838784213679537,2.0,2.0,80.0,80.0,83.33333333333334,11,36.666666666666664,9,30.0,4,13.333333333333334,0,0.0,1,3.3333333333333335,5,16.666666666666664,1.8333333333333333,1.4395215254459457,1.0,1.0,90.0,90.0,93.33333333333333,19,63.33333333333333,5,16.666666666666664,3,10.0,0,0.0,1,3.3333333333333335,2,6.666666666666667,2.033333333333333,1.5380362660079103,1.0,1.0,83.33333333333334,86.66666666666667,93.33333333333333,16,53.333333333333336,8,26.666666666666668,1,3.3333333333333335,1,3.3333333333333335,2,6.666666666666667,2,6.666666666666667,2.8666666666666667,2.0121851030382096,2.0,4.0,70.0,70.0,76.66666666666667,11,36.666666666666664,7,23.333333333333332,3,10.0,0,0.0,2,6.666666666666667,7,23.333333333333332
520,False,2.066666666666667,1.6316317667360556,1.5,1.0,86.66666666666667,86.66666666666667,86.66666666666667,15,50.0,10,33.33333333333333,1,3.3333333333333335,0,0.0,0,0.0,4,13.333333333333334,1.9,1.57797338380595,1.0,1.0,83.33333333333334,86.66666666666667,93.33333333333333,20,66.66666666666666,4,13.333333333333334,1,3.3333333333333335,1,3.3333333333333335,2,6.666666666666667,2,6.666666666666667,2.1333333333333333,1.9618585292749549,1.0,1.0,80.0,80.0,80.0,20,66.66666666666666,4,13.333333333333334,0,0.0,0,0.0,0,0.0,6,20.0,2.6666666666666665,1.8135294011647258,2.0,3.0,70.0,83.33333333333334,83.33333333333334,12,40.0,5,16.666666666666664,4,13.333333333333334,4,13.333333333333334,0,0.0,5,16.666666666666664
521,False,2.7,1.6360521589077368,2.0,2.5,73.33333333333333,80.0,90.0,8,26.666666666666668,10,33.33333333333333,4,13.333333333333334,2,6.666666666666667,3,10.0,3,10.0,2.2333333333333334,1.8740923729160797,1.0,1.0,80.0,80.0,83.33333333333334,17,56.666666666666664,6,20.0,1,3.3333333333333335,0,0.0,1,3.3333333333333335,5,16.666666666666664,2.4,1.8903262505010432,2.0,1.75,80.0,80.0,80.0,14,46.666666666666664,8,26.666666666666668,2,6.666666666666667,0,0.0,0,0.0,6,20.0,3.0,2.0816659994661326,2.0,4.5,56.666666666666664,73.33333333333333,73.33333333333333,12,40.0,5,16.666666666666664,0,0.0,5,16.666666666666664,0,0.0,8,26.666666666666668
522,True,1.9333333333333333,1.3148721948877347,2.0,1.0,90.0,93.33333333333333,93.33333333333333,14,46.666666666666664,11,36.666666666666664,2,6.666666666666667,1,3.3333333333333335,0,0.0,2,6.666666666666667,2.066666666666667,1.8061622912192088,1.0,1.0,80.0,83.33333333333334,86.66666666666667,20,66.66666666666666,3,10.0,1,3.3333333333333335,1,3.3333333333333335,1,3.3333333333333335,4,13.333333333333334,1.9333333333333333,1.5902480589168748,1.0,1.0,86.66666666666667,86.66666666666667,90.0,18,60.0,7,23.333333333333332,1,3.3333333333333335,0,0.0,1,3.3333333333333335,3,10.0,2.6333333333333333,1.9232495649002208,2.0,2.75,73.33333333333333,76.66666666666667,80.0,12,40.0,8,26.666666666666668,2,6.666666666666667,1,3.3333333333333335,1,3.3333333333333335,6,20.0
523,True,2.3,1.7729448195962934,2.0,1.0,80.0,83.33333333333334,83.33333333333334,13,43.333333333333336,11,36.666666666666664,0,0.0,1,3.3333333333333335,0,0.0,5,16.666666666666664,2.0,1.6931233465600393,1.0,1.0,83.33333333333334,86.66666666666667,86.66666666666667,18,60.0,7,23.333333333333332,0,0.0,1,3.3333333333333335,0,0.0,4,13.333333333333334,2.2666666666666666,1.8427033281447005,1.0,1.75,76.66666666666667,80.0,86.66666666666667,17,56.666666666666664,5,16.666666666666664,1,3.3333333333333335,1,3.3333333333333335,2,6.666666666666667,4,13.333333333333334,2.533333333333333,1.7269111795984824,2.0,2.0,80.0,80.0,86.66666666666667,11,36.666666666666664,8,26.666666666666668,5,16.666666666666664,0,0.0,2,6.666666666666667,4,13.333333333333334
524,True,1.7333333333333334,1.18133634311129,1.0,1.0,93.33333333333333,93.33333333333333,96.66666666666667,17,56.666666666666664,9,30.0,2,6.666666666666667,0,0.0,1,3.3333333333333335,1,3.3333333333333335,1.7666666666666666,1.4302291968616623,1.0,1.0,90.0,90.0,93.33333333333333,20,66.66666666666666,5,16.666666666666664,2,6.666666666666667,0,0.0,1,3.3333333333333335,2,6.666666666666667,1.9666666666666666,1.5595583420386114,1.0,1.0,86.66666666666667,90.0,90.0,18,60.0,5,16.666666666666664,3,10.0,1,3.3333333333333335,0,0.0,3,10.0,2.966666666666667,2.105284356618417,2.0,4.75,63.33333333333333,70.0,73.33333333333333,13,43.333333333333336,3,10.0,3,10.0,2,6.666666666666667,1,3.3333333333333335,8,26.666666666666668
525,True,1.8,1.0132456102380443,1.5,1.0,93.33333333333333,96.66666666666667,100.0,15,50.0,9,30.0,4,13.333333333333334,1,3.3333333333333335,1,3.3333333333333335,0,0.0,1.7666666666666666,1.382831234179436,1.0,1.0,90.0,93.33333333333333,93.33333333333333,20,66.66666666666666,4,13.333333333333334,3,10.0,1,3.3333333333333335,0,0.0,2,6.666666666666667,2.066666666666667,1.5260697523012796,1.5,1.0,86.66666666666667,90.0,90.0,15,50.0,8,26.666666666666668,3,10.0,1,3.3333333333333335,0,0.0,3,10.0,2.3666666666666667,1.7220788470785986,2.0,2.0,76.66666666666667,86.66666666666667,86.66666666666667,14,46.666666666666664,6,20.0,3,10.0,3,10.0,0,0.0,4,13.333333333333334
526,False,2.2666666666666666,1.6918103387266026,2.0,1.75,80.0,86.66666666666667,86.66666666666667,14,46.666666666666664,8,26.666666666666668,2,6.666666666666667,2,6.666666666666667,0,0.0,4,13.333333333333334,1.8666666666666667,1.5434449203720302,1.0,1.0,86.66666666666667,90.0,90.0,19,63.33333333333333,6,20.0,1,3.3333333333333335,1,3.3333333333333335,0,0.0,3,10.0,2.433333333333333,2.027861489900684,1.0,1.75,76.66666666666667,76.66666666666667,76.66666666666667,16,53.333333333333336,6,20.0,1,3.3333333333333335,0,0.0,0,0.0,7,23.333333333333332,2.2333333333333334,1.6058919293927874,1.5,2.0,80.0,90.0,90.0,15,50.0,5,16.666666666666664,4,13.333333333333334,3,10.0,0,0.0,3,10.0
527,False,2.4,1.624807680927192,2.0,2.0,83.33333333333334,86.66666666666667,86.66666666666667,11,36.666666666666664,9,30.0,5,16.666666666666664,1,3.3333333333333335,0,0.0,4,13.333333333333334,1.8333333333333333,1.3682917167849198,1.0,1.0,90.0,93.33333333333333,93.33333333333333,18,60.0,6,20.0,3,10.0,1,3.3333333333333335,0,0.0,2,6.666666666666667,2.2666666666666666,1.9652537297311568,1.0,1.0,76.66666666666667,80.0,80.0,18,60.0,5,16.666666666666664,0,0.0,1,3.3333333333333335,0,0.0,6,20.0,2.433333333333333,1.92671280221579,1.5,2.0,76.66666666666667,80.0,80.0,15,50.0,6,20.0,2,6.666666666666667,1,3.3333333333333335,0,0.0,6,20.0
528,True,1.8,0.9451631252505217,1.5,1.0,93.33333333333333,100.0,100.0,15,50.0,8,26.666666666666668,5,16.666666666666664,2,6.666666666666667,0,0.0,0,0.0,1.9333333333333333,1.7688665548562132,1.0,1.0,83.33333333333334,83.33333333333334,86.66666666666667,21,70.0,4,13.333333333333334,0,0.0,0,0.0,1,3.3333333333333335,4,13.333333333333334,2.1333333333333333,1.687865186822955,1.0,1.75,83.33333333333334,83.33333333333334,90.0,17,56.666666666666664,5,16.666666666666664,3,10.0,0,0.0,2,6.666666666666667,3,10.0,2.5,1.8211717839530315,1.5,3.0,66.66666666666666,80.0,90.0,15,50.0,4,13.333333333333334,1,3.3333333333333335,4,13.333333333333334,3,10.0,3,10.0
529,True,2.1666666666666665,1.5293426329272617,2.0,1.0,80.0,86.66666666666667,93.33333333333333,13,43.333333333333336,11,36.666666666666664,0,0.0,2,6.666666666666667,2,6.666666666666667,2,6.666666666666667,1.8666666666666667,1.6069294390925264,1.0,1.0,86.66666666666667,86.66666666666667,90.0,20,66.66666666666666,5,16.666666666666664,1,3.3333333333333335,0,0.0,1,3.3333333333333335,3,10.0,1.8333333333333333,1.5073892072793351,1.0,1.0,90.0,90.0,90.0,19,63.33333333333333,6,20.0,2,6.666666666666667,0,0.0,0,0.0,3,10.0,2.2,1.6613247725836149,2.0,1.0,83.33333333333334,86.66666666666667,86.66666666666667,14,46.666666666666664,9,30.0,2,6.666666666666667,1,3.3333333333333335,0,0.0,4,13.333333333333334
530,True,2.3333333333333335,1.6599866130651642,2.0,2.0,76.66666666666667,86.66666666666667,90.0,14,46.666666666666664,6,20.0,3,10.0,3,10.0,1,3.3333333333333335,3,10.0,2.0,1.570562531918633,1.0,1.0,83.33333333333334,86.66666666666667,93.33333333333333,18,60.0,5,16.666666666666664,2,6.666666666666667,1,3.3333333333333335,2,6.666666666666667,2,6.666666666666667,2.3,1.676305461424021,2.0,1.75,80.0,86.66666666666667,86.66666666666667,13,43.333333333333336,9,30.0,2,6.666666666666667,2,6.666666666666667,0,0.0,4,13.333333333333334,2.1,1.5132745950421556,1.0,2.0,83.33333333333334,90.0,93.33333333333333,16,53.333333333333336,5,16.666666666666664,4,13.333333333333334,2,6.666666666666667,1,3.3333333333333335,2,6.666666666666667
531,False,2.466666666666667,1.746106780494506,2.0,2.0,80.0,83.33333333333334,83.33333333333334,11,36.666666666666664,10,33.33333333333333,3,10.0,1,3.3333333333333335,0,0.0,5,16.666666666666664,2.1,1.7953644012660308,1.0,1.0,80.0,83.33333333333334,86.66666666666667,19,63.33333333333333,4,13.333333333333334,1,3.3333333333333335,1,3.3333333333333335,1,3.3333333333333335,4,13.333333333333334,2.5,1.9450792614526877,1.5,2.75,73.33333333333333,80.0,80.0,15,50.0,5,16.666666666666664,2,6.666666666666667,2,6.666666666666667,0,0.0,6,20.0,2.3333333333333335,1.7575235101952091,2.0,1.75,76.66666666666667,83.33333333333334,86.66666666666667,14,46.666666666666664,8,26.666666666666668,1,3.3333333333333335,2,6.666666666666667,1,3.3333333333333335,4,13.333333333333334
532,True,2.1,1.6603212540549694,1.0,1.0,80.0,86.66666666666667,90.0,17,56.666666666666664,6,20.0,1,3.3333333333333335,2,6.666666666666667,1,3.3333333333333335,3,10.0,1.5666666666666667,1.358512258154322,1.0,0.0,90.0,93.33333333333333,93.33333333333333,24,80.0,2,6.666666666666667,1,3.3333333333333335,1,3.3333333333333335,0,0.0,2,6.666666666666667,1.6666666666666667,1.5563490039905001,1.0,0.0,86.66666666666667,90.0,90.0,24,80.0,2,6.666666666666667,0,0.0,1,3.3333333333333335,0,0.0,3,10.0,2.066666666666667,1.7499206331208919,1.0,1.75,80.0,83.33333333333334,90.0,20,66.66666666666666,2,6.666666666666667,2,6.666666666666667,1,3.3333333333333335,2,6.666666666666667,3,10.0
533,False,2.2,1.5362291495737215,2.0,1.75,83.33333333333334,90.0,90.0,13,43.333333333333336,9,30.0,3,10.0,2,6.666666666666667,0,0.0,3,10.0,1.9666666666666666,1.682920741515245,1.0,1.0,76.66666666666667,90.0,90.0,21,70.0,2,6.666666666666667,0,0.0,4,13.333333333333334,0,0.0,3,10.0,2.1333333333333333,1.7838784213679537,1.0,1.75,76.66666666666667,86.66666666666667,86.66666666666667,19,63.33333333333333,3,10.0,1,3.3333333333333335,3,10.0,0,0.0,4,13.333333333333334,2.566666666666667,2.0604745947367453,1.5,3.5,73.33333333333333,73.33333333333333,76.66666666666667,15,50.0,6,20.0,1,3.3333333333333335,0,0.0,1,3.3333333333333335,7,23.333333333333332
534,True,1.8333333333333333,0.93392838174146,2.0,1.0,93.33333333333333,100.0,100.0,14,46.666666666666664,9,30.0,5,16.666666666666664,2,6.666666666666667,0,0.0,0,0.0,2.1,1.8321208111548393,1.0,1.0,83.33333333333334,83.33333333333334,83.33333333333334,19,63.33333333333333,4,13.333333333333334,2,6.666666666666667,0,0.0,0,0.0,5,16.666666666666664,2.1666666666666665,1.7716909687891085,1.0,1.0,80.0,83.33333333333334,86.66666666666667,17,56.666666666666664,6,20.0,1,3.3333333333333335,1,3.3333333333333335,1,3.3333333333333335,4,13.333333333333334,2.3666666666666667,1.7413277182145301,1.5,2.75,73.33333333333333,83.33333333333334,90.0,15,50.0,5,16.666666666666664,2,6.666666666666667,3,10.0,2,6.666666666666667,3,10.0
535,False,2.1666666666666665,1.7143187827498387,1.5,1.0,83.33333333333334,83.33333333333334,86.66666666666667,15,50.0,9,30.0,1,3.3333333333333335,0,0.0,1,3.3333333333333335,4,13.333333333333334,1.6333333333333333,1.303414319734477,1.0,1.0,93.33333333333333,93.33333333333333,93.33333333333333,21,70.0,5,16.666666666666664,2,6.666666666666667,0,0.0,0,0.0,2,6.666666666666667,1.8,1.4922019523732928,1.0,1.0,90.0,90.0,90.0,19,63.33333333333333,7,23.333333333333332,1,3.3333333333333335,0,0.0,0,0.0,3,10.0,2.1333333333333333,1.7269111795984824,1.0,1.0,80.0,86.66666666666667,86.66666666666667,17,56.666666666666664,6,20.0,1,3.3333333333333335,2,6.666666666666667,0,0.0,4,13.333333333333334
536,False,1.9333333333333333,1.1234866364235145,2.0,1.0,93.33333333333333,96.66666666666667,96.66666666666667,13,43.333333333333336,10,33.33333333333333,5,16.666666666666664,1,3.3333333333333335,0,0.0,1,3.3333333333333335,2.033333333333333,1.7026123718829513,1.0,1.0,83.33333333333334,86.66666666666667,86.66666666666667,18,60.0,6,20.0,1,3.3333333333333335,1,3.3333333333333335,0,0.0,4,13.333333333333334,2.066666666666667,1.6519348924485158,1.0,1.0,86.66666666666667,86.66666666666667,86.66666666666667,16,53.333333333333336,8,26.666666666666668,2,6.666666666666667,0,0.0,0,0.0,4,13.333333333333334,2.5,1.707825127659933,2.0,2.0,80.0,83.33333333333334,86.66666666666667,12,40.0,6,20.0,6,20.0,1,3.3333333333333335,1,3.3333333333333335,4,13.333333333333334
537,True,2.3666666666666667,1.4487542541400489,2.0,1.5,83.33333333333334,90.0,90.0,8,26.666666666666668,14,46.666666666666664,3,10.0,2,6.666666666666667,0,0.0,3,10.0,1.9,1.3747727084867518,1.0,1.0,86.66666666666667,93.33333333333333,93.33333333333333,16,53.333333333333336,9,30.0,1,3.3333333333333335,2,6.666666666666667,0,0.0,2,6.666666666666667,2.3333333333333335,1.679947089113887,2.0,2.0,80.0,86.66666666666667,86.66666666666667,13,43.333333333333336,8,26.666666666666668,3,10.0,2,6.666666666666667,0,0.0,4,13.333333333333334,2.8333333333333335,1.9677962857527256,2.0,3.0,70.0,76.66666666666667,76.66666666666667,12,40.0,4,13.333333333333334,5,16.666666666666664,2,6.666666666666667,0,0.0,7,23.333333333333332
538,True,2.1333333333333333,1.359738536958076,2.0,2.0,90.0,93.33333333333333,93.33333333333333,13,43.333333333333336,7,23.333333333333332,7,23.333333333333332,1,3.3333333333333335,0,0.0,2,6.666666666666667,1.9,1.4910846164230027,1.0,1.0,90.0,90.0,90.0,17,56.666666666666664,8,26.666666666666668,2,6.666666666666667,0,0.0,0,0.0,3,10.0,2.4,1.836663641860788,2.0,2.0,80.0,80.0,83.33333333333334,14,46.666666666666664,7,23.333333333333332,3,10.0,0,0.0,1,3.3333333333333335,5,16.666666666666664,2.433333333333333,1.6468825769380835,2.0,2.0,80.0,83.33333333333334,90.0,12,40.0,7,23.333333333333332,5,16.666666666666664,1,3.3333333333333335,2,6.666666666666667,3,10.0
539,True,2.4,1.6041612554021285,2.0,2.0,86.66666666666667,86.66666666666667,86.66666666666667,11,36.666666666666664,8,26.666666666666668,7,23.333333333333332,0,0.0,0,0.0,4,13.333333333333334,2.066666666666667,1.5260697523012796,1.5,1.0,86.66666666666667,90.0,90.0,15,50.0,8,26.666666666666668,3,10.0,1,3.3333333333333335,0,0.0,3,10.0,2.1,1.374772708486752,2.0,1.75,86.66666666666667,93.33333333333333,93.33333333333333,13,43.333333333333336,9,30.0,4,13.333333333333334,2,6.666666666666667,0,0.0,2,6.666666666666667,2.3333333333333335,1.4907119849998598,2.0,2.0,86.66666666666667,90.0,90.0,11,36.666666666666664,8,26.666666666666668,7,23.333333333333332,1,3.3333333333333335,0,0.0,3,10.0
540,True,2.1333333333333333,1.3597385369580761,2.0,1.0,90.0,90.0,93.33333333333333,11,36.666666666666664,12,40.0,4,13.333333333333334,0,0.0,1,3.3333333333333335,2,6.666666666666667,2.0,1.5491933384829668,1.0,1.0,83.33333333333334,90.0,90.0,16,53.333333333333336,9,30.0,0,0.0,2,6.666666666666667,0,0.0,3,10.0,2.2666666666666666,1.7113996870657915,2.0,1.0,76.66666666666667,86.66666666666667,86.66666666666667,14,46.666666666666664,9,30.0,0,0.0,3,10.0,0,0.0,4,13.333333333333334,2.6,1.8903262505010434,2.0,2.0,76.66666666666667,76.66666666666667,80.0,11,36.666666666666664,10,33.33333333333333,2,6.666666666666667,0,0.0,1,3.3333333333333335,6,20.0
541,True,2.966666666666667,1.87053171287976,2.0,3.0,63.33333333333333,76.66666666666667,80.0,9,30.0,7,23.333333333333332,3,10.0,4,13.333333333333334,1,3.3333333333333335,6,20.0,2.433333333333333,1.8562207723101138,1.0,2.0,76.66666666666667,83.33333333333334,83.33333333333334,16,53.333333333333336,2,6.666666666666667,5,16.666666666666664,2,6.666666666666667,0,0.0,5,16.666666666666664,2.4,1.836663641860788,1.5,2.0,76.66666666666667,83.33333333333334,83.33333333333334,15,50.0,5,16.666666666666664,3,10.0,2,6.666666666666667,0,0.0,5,16.666666666666664,2.6666666666666665,1.6397831834998458,2.5,3.0,70.0,86.66666666666667,90.0,11,36.666666666666664,4,13.333333333333334,6,20.0,5,16.666666666666664,1,3.3333333333333335,3,10.0
542,True,2.566666666666667,1.6669999666733317,2.0,2.75,73.33333333333333,83.33333333333334,90.0,11,36.666666666666664,7,23.333333333333332,4,13.333333333333334,3,10.0,2,6.666666666666667,3,10.0,1.9,1.491084616423003,1.0,1.0,86.66666666666667,90.0,93.33333333333333,19,63.33333333333333,4,13.333333333333334,3,10.0,1,3.3333333333333335,1,3.3333333333333335,2,6.666666666666667,2.066666666666667,1.6519348924485158,1.0,1.75,83.33333333333334,86.66666666666667,90.0,18,60.0,4,13.333333333333334,3,10.0,1,3.3333333333333335,1,3.3333333333333335,3,10.0,2.466666666666667,1.8571184369578828,2.0,2.0,76.66666666666667,80.0,83.33333333333334,14,46.666666666666664,6,20.0,3,10.0,1,3.3333333333333335,1,3.3333333333333335,5,16.666666666666664
543,False,2.1,1.5132745950421556,2.0,1.0,86.66666666666667,90.0,90.0,14,46.666666666666664,9,30.0,3,10.0,1,3.3333333333333335,0,0.0,3,10.0,1.8333333333333333,1.5509853498842456,1.0,1.0,86.66666666666667,90.0,90.0,20,66.66666666666666,5,16.666666666666664,1,3.3333333333333335,1,3.3333333333333335,0,0.0,3,10.0,2.066666666666667,1.6918103387266028,1.0,1.75,86.66666666666667,86.66666666666667,86.66666666666667,18,60.0,4,13.333333333333334,4,13.333333333333334,0,0.0,0,0.0,4,13.333333333333334,2.4,1.7625738755203049,2.0,2.0,76.66666666666667,83.33333333333334,86.66666666666667,14,46.666666666666664,6,20.0,3,10.0,2,6.666666666666667,1,3.3333333333333335,4,13.333333333333334
544,False,2.8333333333333335,1.8089284734953512,2.0,2.75,66.66666666666666,76.66666666666667,83.33333333333334,8,26.666666666666668,11,36.666666666666664,1,3.3333333333333335,3,10.0,2,6.666666666666667,5,16.666666666666664,2.3,1.7349351572897471,2.0,1.75,80.0,83.33333333333334,86.66666666666667,14,46.666666666666664,8,26.666666666666668,2,6.666666666666667,1,3.3333333333333335,1,3.3333333333333335,4,13.333333333333334,2.2,1.6,2.0,1.75,83.33333333333334,86.66666666666667,90.0,14,46.666666666666664,8,26.666666666666668,3,10.0,1,3.3333333333333335,1,3.3333333333333335,3,10.0,2.933333333333333,1.948218559493661,2.0,3.75,70.0,73.33333333333333,76.66666666666667,10,33.33333333333333,6,20.0,5,16.666666666666664,1,3.3333333333333335,1,3.3333333333333335,7,23.333333333333332
545,False,2.2333333333333334,1.4985177861992682,2.0,2.0,80.0,90.0,93.33333333333333,13,43.333333333333336,8,26.666666666666668,3,10.0,3,10.0,1,3.3333333333333335,2,6.666666666666667,1.7666666666666666,1.2827920936595907,1.0,1.0,93.33333333333333,93.33333333333333,93.33333333333333,17,56.666666666666664,9,30.0,2,6.666666666666667,0,0.0,0,0.0,2,6.666666666666667,2.033333333333333,1.4940623220676645,1.5,1.0,90.0,90.0,90.0,15,50.0,8,26.666666666666668,4,13.333333333333334,0,0.0,0,0.0,3,10.0,2.8666666666666667,2.10923893594085,2.0,5.0,70.0,70.0,70.0,11,36.666666666666664,9,30.0,1,3.3333333333333335,0,0.0,0,0.0,9,30.0
546,True,2.2666666666666666,1.671991493864594,2.0,1.0,80.0,86.66666666666667,86.66666666666667,13,43.333333333333336,10,33.33333333333333,1,3.3333333333333335,2,6.666666666666667,0,0.0,4,13.333333333333334,1.6333333333333333,1.3287420951996503,1.0,1.0,90.0,93.33333333333333,93.33333333333333,21,70.0,6,20.0,0,0.0,1,3.3333333333333335,0,0.0,2,6.666666666666667,1.9333333333333333,1.6316317667360556,1.0,1.0,83.33333333333334,86.66666666666667,90.0,19,63.33333333333333,6,20.0,0,0.0,1,3.3333333333333335,1,3.3333333333333335,3,10.0,2.6,1.7243356208503418,2.0,3.0,70.0,83.33333333333334,86.66666666666667,10,33.33333333333333,10,33.33333333333333,1,3.3333333333333335,4,13.333333333333334,1,3.3333333333333335,4,13.333333333333334
547,True,2.2333333333333334,1.8740923729160799,1.0,1.0,80.0,80.0,83.33333333333334,17,56.666666666666664,6,20.0,1,3.3333333333333335,0,0.0,1,3.3333333333333335,5,16.666666666666664,1.7333333333333334,1.6316317667360556,1.0,0.0,86.66666666666667,86.66666666666667,90.0,24,80.0,1,3.3333333333333335,1,3.3333333333333335,0,0.0,1,3.3333333333333335,3,10.0,2.2,1.8511257835886428,1.0,1.75,80.0,83.33333333333334,83.33333333333334,18,60.0,4,13.333333333333334,2,6.666666666666667,1,3.3333333333333335,0,0.0,5,16.666666666666664,2.4,1.836663641860788,1.0,2.0,76.66666666666667,80.0,86.66666666666667,16,53.333333333333336,3,10.0,4,13.333333333333334,1,3.3333333333333335,2,6.666666666666667,4,13.333333333333334
548,True,2.1333333333333333,1.6069294390925268,1.0,2.0,86.66666666666667,86.66666666666667,90.0,16,53.333333333333336,5,16.666666666666664,5,16.666666666666664,0,0.0,1,3.3333333333333335,3,10.0,1.9,1.57797338380595,1.0,1.0,86.66666666666667,90.0,90.0,20,66.66666666666666,3,10.0,3,10.0,1,3.3333333333333335,0,0.0,3,10.0,1.8,1.4,1.0,1.0,90.0,93.33333333333333,93.33333333333333,20,66.66666666666666,3,10.0,4,13.333333333333334,1,3.3333333333333335,0,0.0,2,6.666666666666667,2.2,1.4236104336041748,2.0,2.0,86.66666666666667,93.33333333333333,93.33333333333333,14,46.666666666666664,4,13.333333333333334,8,26.666666666666668,2,6.666666666666667,0,0.0,2,6.666666666666667
549,True,2.433333333333333,1.498517786199268,2.0,2.0,83.33333333333334,90.0,90.0,10,33.33333333333333,8,26.666666666666668,7,23.333333333333332,2,6.666666666666667,0,0.0,3,10.0,2.1333333333333333,1.7074997966487597,1.0,1.75,83.33333333333334,86.66666666666667,86.66666666666667,17,56.666666666666664,5,16.666666666666664,3,10.0,1,3.3333333333333335,0,0.0,4,13.333333333333334,2.3333333333333335,1.699673171197595,2.0,2.0,80.0,86.66666666666667,86.66666666666667,14,46.666666666666664,6,20.0,4,13.333333333333334,2,6.666666666666667,0,0.0,4,13.333333333333334,2.8,1.9561867668161614,2.0,3.0,66.66666666666666,76.66666666666667,80.0,13,43.333333333333336,3,10.0,4,13.333333333333334,3,10.0,1,3.3333333333333335,6,20.0
550,True,2.466666666666667,1.586050300449376,2.0,2.0,76.66666666666667,86.66666666666667,90.0,10,33.33333333333333,10,33.33333333333333,3,10.0,3,10.0,1,3.3333333333333335,3,10.0,2.033333333333333,1.6224124698183944,1.0,1.0,83.33333333333334,86.66666666666667,90.0,17,56.666666666666664,7,23.333333333333332,1,3.3333333333333335,1,3.3333333333333335,1,3.3333333333333335,3,10.0,2.2333333333333334,1.8381754238616317,1.0,1.75,80.0,83.33333333333334,83.33333333333334,17,56.666666666666664,5,16.666666666666664,2,6.666666666666667,1,3.3333333333333335,0,0.0,5,16.666666666666664,2.3,1.69607389776114,2.0,2.0,80.0,86.66666666666667,86.66666666666667,14,46.666666666666664,7,23.333333333333332,3,10.0,2,6.666666666666667,0,0.0,4,13.333333333333334
551,False,2.566666666666667,1.8015425489162211,2.0,2.0,76.66666666666667,80.0,83.33333333333334,11,36.666666666666664,9,30.0,3,10.0,1,3.3333333333333335,1,3.3333333333333335,5,16.666666666666664,1.9666666666666666,1.682920741515245,1.0,1.0,86.66666666666667,86.66666666666667,86.66666666666667,19,63.33333333333333,5,16.666666666666664,2,6.666666666666667,0,0.0,0,0.0,4,13.333333333333334,2.2333333333333334,1.9439364415764444,1.0,1.0,80.0,80.0,80.0,18,60.0,5,16.666666666666664,1,3.3333333333333335,0,0.0,0,0.0,6,20.0,1.9666666666666666,1.5162087220725546,1.0,1.0,90.0,90.0,90.0,17,56.666666666666664,6,20.0,4,13.333333333333334,0,0.0,0,0.0,3,10.0
552,True,2.1333333333333333,1.6679994670929073,1.5,1.0,83.33333333333334,86.66666666666667,86.66666666666667,15,50.0,9,30.0,1,3.3333333333333335,1,3.3333333333333335,0,0.0,4,13.333333333333334,1.8666666666666667,1.5434449203720302,1.0,1.0,86.66666666666667,90.0,90.0,19,63.33333333333333,6,20.0,1,3.3333333333333335,1,3.3333333333333335,0,0.0,3,10.0,2.1666666666666665,1.7143187827498387,1.0,2.0,83.33333333333334,86.66666666666667,86.66666666666667,17,56.666666666666664,4,13.333333333333334,4,13.333333333333334,1,3.3333333333333335,0,0.0,4,13.333333333333334,2.033333333333333,1.5807874268505835,1.0,1.0,86.66666666666667,86.66666666666667,90.0,16,53.333333333333336,8,26.666666666666668,2,6.666666666666667,0,0.0,1,3.3333333333333335,3,10.0
553,True,2.4,1.6653327995729061,2.0,2.0,80.0,86.66666666666667,86.66666666666667,12,40.0,8,26.666666666666668,4,13.333333333333334,2,6.666666666666667,0,0.0,4,13.333333333333334,2.2,1.8147543451754933,1.0,1.75,83.33333333333334,83.33333333333334,83.33333333333334,17,56.666666666666664,5,16.666666666666664,3,10.0,0,0.0,0,0.0,5,16.666666666666664,2.3666666666666667,1.7220788470785986,2.0,2.0,80.0,83.33333333333334,86.66666666666667,13,43.333333333333336,8,26.666666666666668,3,10.0,1,3.3333333333333335,1,3.3333333333333335,4,13.333333333333334,2.3333333333333335,1.7384539747207062,2.0,1.0,76.66666666666667,83.33333333333334,86.66666666666667,13,43.333333333333336,10,33.33333333333333,0,0.0,2,6.666666666666667,1,3.3333333333333335,4,13.333333333333334
554,True,2.533333333333333,1.7269111795984826,2.0,2.0,80.0,83.33333333333334,83.33333333333334,10,33.33333333333333,10,33.33333333333333,4,13.333333333333334,1,3.3333333333333335,0,0.0,5,16.666666666666664,1.9333333333333333,1.364632632697248,1.0,1.0,90.0,93.33333333333333,93.33333333333333,16,53.333333333333336,7,23.333333333333332,4,13.333333333333334,1,3.3333333333333335,0,0.0,2,6.666666666666667,2.2333333333333334,1.5638272140986533,2.0,2.0,86.66666666666667,86.66666666666667,90.0,13,43.333333333333336,8,26.666666666666668,5,16.666666666666664,0,0.0,1,3.3333333333333335,3,10.0,2.5,1.6278820596099706,2.0,2.0,80.0,83.33333333333334,90.0,11,36.666666666666664,7,23.333333333333332,6,20.0,1,3.3333333333333335,2,6.666666666666667,3,10.0
555,False,2.2666666666666666,1.7113996870657915,1.5,2.0,80.0,86.66666666666667,86.66666666666667,15,50.0,6,20.0,3,10.0,2,6.666666666666667,0,0.0,4,13.333333333333334,1.9333333333333333,1.5040685563571303,1.0,1.0,86.66666666666667,86.66666666666667,93.33333333333333,17,56.666666666666664,8,26.666666666666668,1,3.3333333333333335,0,0.0,2,6.666666666666667,2,6.666666666666667,2.066666666666667,1.5260697523012796,1.5,1.0,83.33333333333334,86.66666666666667,93.33333333333333,15,50.0,9,30.0,1,3.3333333333333335,1,3.3333333333333335,2,6.666666666666667,2,6.666666666666667,2.533333333333333,1.8749814813900312,2.0,2.75,73.33333333333333,80.0,83.33333333333334,14,46.666666666666664,5,16.666666666666664,3,10.0,2,6.666666666666667,1,3.3333333333333335,5,16.666666666666664
556,True,2.2,1.5577761927397231,2.0,2.0,83.33333333333334,90.0,90.0,14,46.666666666666664,7,23.333333333333332,4,13.333333333333334,2,6.666666666666667,0,0.0,3,10.0,1.7666666666666666,1.2297244497131148,1.0,1.0,90.0,96.66666666666667,96.66666666666667,19,63.33333333333333,4,13.333333333333334,4,13.333333333333334,2,6.666666666666667,0,0.0,1,3.3333333333333335,2.433333333333333,1.9093337988826247,1.5,2.0,80.0,80.0,80.0,15,50.0,5,16.666666666666664,4,13.333333333333334,0,0.0,0,0.0,6,20.0,2.6333333333333333,1.9913702708325127,2.0,2.75,73.33333333333333,76.66666666666667,76.66666666666667,13,43.333333333333336,7,23.333333333333332,2,6.666666666666667,1,3.3333333333333335,0,0.0,7,23.333333333333332
557,True,2.433333333333333,1.8562207723101138,1.5,2.75,73.33333333333333,83.33333333333334,83.33333333333334,15,50.0,5,16.666666666666664,2,6.666666666666667,3,10.0,0,0.0,5,16.666666666666664,1.7333333333333334,1.339983416149452,1.0,1.0,90.0,90.0,96.66666666666667,20,66.66666666666666,5,16.666666666666664,2,6.666666666666667,0,0.0,2,6.666666666666667,1,3.3333333333333335,1.9,1.468559384794046,1.0,1.0,86.66666666666667,90.0,93.33333333333333,18,60.0,6,20.0,2,6.666666666666667,1,3.3333333333333335,1,3.3333333333333335,2,6.666666666666667,2.533333333333333,2.0933757957476775,1.0,3.75,66.66666666666666,73.33333333333333,80.0,18,60.0,2,6.666666666666667,0,0.0,2,6.666666666666667,2,6.666666666666667,6,20.0
558,True,1.9,1.3503086067019396,1.0,1.75,93.33333333333333,93.33333333333333,93.33333333333333,17,56.666666666666664,5,16.666666666666664,6,20.0,0,0.0,0,0.0,2,6.666666666666667,1.8666666666666667,1.6478942792411033,1.0,1.0,83.33333333333334,86.66666666666667,90.0,21,70.0,4,13.333333333333334,0,0.0,1,3.3333333333333335,1,3.3333333333333335,3,10.0,2.0,1.6733200530681511,1.0,1.75,83.33333333333334,86.66666666666667,90.0,20,66.66666666666666,2,6.666666666666667,3,10.0,1,3.3333333333333335,1,3.3333333333333335,3,10.0,2.3333333333333335,1.8499249234015473,1.0,2.0,76.66666666666667,83.33333333333334,83.33333333333334,16,53.333333333333336,5,16.666666666666664,2,6.666666666666667,2,6.666666666666667,0,0.0,5,16.666666666666664
559,False,2.033333333333333,1.5595583420386114,1.0,1.0,83.33333333333334,90.0,90.0,16,53.333333333333336,8,26.666666666666668,1,3.3333333333333335,2,6.666666666666667,0,0.0,3,10.0,1.8333333333333333,1.5509853498842456,1.0,1.0,86.66666666666667,90.0,90.0,20,66.66666666666666,5,16.666666666666664,1,3.3333333333333335,1,3.3333333333333335,0,0.0,3,10.0,1.8666666666666667,1.499629583893599,1.0,1.0,90.0,90.0,90.0,18,60.0,7,23.333333333333332,2,6.666666666666667,0,0.0,0,0.0,3,10.0,2.6,1.8,2.0,2.0,76.66666666666667,80.0,83.33333333333334,11,36.666666666666664,8,26.666666666666668,4,13.333333333333334,1,3.3333333333333335,1,3.3333333333333335,5,16.666666666666664
560,True,1.8333333333333333,1.2405196043952265,1.0,1.0,86.66666666666667,96.66666666666667,96.66666666666667,17,56.666666666666664,7,23.333333333333332,2,6.666666666666667,3,10.0,0,0.0,1,3.3333333333333335,1.8333333333333333,1.5933891203622828,1.0,1.0,86.66666666666667,86.66666666666667,90.0,20,66.66666666666666,6,20.0,0,0.0,0,0.0,1,3.3333333333333335,3,10.0,2.066666666666667,1.7876116903722563,1.0,1.0,80.0,83.33333333333334,86.66666666666667,19,63.33333333333333,5,16.666666666666664,0,0.0,1,3.3333333333333335,1,3.3333333333333335,4,13.333333333333334,2.4,1.7999999999999996,2.0,2.0,76.66666666666667,80.0,86.66666666666667,14,46.666666666666664,7,23.333333333333332,2,6.666666666666667,1,3.3333333333333335,2,6.666666666666667,4,13.333333333333334
561,False,2.066666666666667,1.364632632697248,2.0,1.0,86.66666666666667,93.33333333333333,93.33333333333333,13,43.333333333333336,10,33.33333333333333,3,10.0,2,6.666666666666667,0,0.0,2,6.666666666666667,1.9,1.535143858622594,1.0,1.0,86.66666666666667,90.0,90.0,18,60.0,7,23.333333333333332,1,3.3333333333333335,1,3.3333333333333335,0,0.0,3,10.0,2.2666666666666666,1.9482185594936612,1.0,1.75,80.0,80.0,80.0,18,60.0,4,13.333333333333334,2,6.666666666666667,0,0.0,0,0.0,6,20.0,2.6,1.9425069712444623,2.0,2.75,73.33333333333333,76.66666666666667,80.0,13,43.333333333333336,7,23.333333333333332,2,6.666666666666667,1,3.3333333333333335,1,3.3333333333333335,6,20.0
562,True,2.4,1.5620499351813306,2.0,2.0,80.0,86.66666666666667,90.0,10,33.33333333333333,11,36.666666666666664,3,10.0,2,6.666666666666667,1,3.3333333333333335,3,10.0,1.9,1.3253930234714029,1.0,1.0,93.33333333333333,93.33333333333333,93.33333333333333,16,53.333333333333336,7,23.333333333333332,5,16.666666666666664,0,0.0,0,0.0,2,6.666666666666667,2.1333333333333333,1.6478942792411033,1.5,1.0,86.66666666666667,86.66666666666667,86.66666666666667,15,50.0,8,26.666666666666668,3,10.0,0,0.0,0,0.0,4,13.333333333333334,2.8666666666666667,2.012185103038209,2.0,4.0,70.0,70.0,76.66666666666667,11,36.666666666666664,7,23.333333333333332,3,10.0,0,0.0,2,6.666666666666667,7,23.333333333333332
563,False,2.7,1.9519221295943134,2.0,2.75,73.33333333333333,76.66666666666667,76.66666666666667,11,36.666666666666664,9,30.0,2,6.666666666666667,1,3.3333333333333335,0,0.0,7,23.333333333333332,2.066666666666667,1.806162291219209,1.0,1.75,76.66666666666667,86.66666666666667,86.66666666666667,21,70.0,1,3.3333333333333335,1,3.3333333333333335,3,10.0,0,0.0,4,13.333333333333334,2.1,1.6802777548171413,1.0,2.0,76.66666666666667,90.0,90.0,19,63.33333333333333,2,6.666666666666667,2,6.666666666666667,4,13.333333333333334,0,0.0,3,10.0,2.8,1.9390719429665317,2.0,3.0,63.33333333333333,80.0,80.0,13,43.333333333333336,3,10.0,3,10.0,5,16.666666666666664,0,0.0,6,20.0
564,True,2.4,1.6653327995729064,2.0,2.0,83.33333333333334,83.33333333333334,86.66666666666667,11,36.666666666666664,10,33.33333333333333,4,13.333333333333334,0,0.0,1,3.3333333333333335,4,13.333333333333334,2.066666666666667,1.3888444437333107,2.0,1.75,86.66666666666667,93.33333333333333,93.33333333333333,14,46.666666666666664,8,26.666666666666668,4,13.333333333333334,2,6.666666666666667,0,0.0,2,6.666666666666667,2.1333333333333333,1.4079141387961915,2.0,1.75,83.33333333333334,93.33333333333333,93.33333333333333,13,43.333333333333336,9,30.0,3,10.0,3,10.0,0,0.0,2,6.666666666666667,2.5,1.5,2.0,2.0,76.66666666666667,86.66666666666667,93.33333333333333,9,30.0,10,33.33333333333333,4,13.333333333333334,3,10.0,2,6.666666666666667,2,6.666666666666667
565,False,2.3333333333333335,1.4907119849998598,2.0,1.75,86.66666666666667,86.66666666666667,90.0,9,30.0,13,43.333333333333336,4,13.333333333333334,0,0.0,1,3.3333333333333335,3,10.0,1.9666666666666666,1.4940623220676648,1.0,1.0,90.0,90.0,90.0,16,53.333333333333336,8,26.666666666666668,3,10.0,0,0.0,0,0.0,3,10.0,2.466666666666667,1.7838784213679537,2.0,2.0,76.66666666666667,80.0,86.66666666666667,13,43.333333333333336,7,23.333333333333332,3,10.0,1,3.3333333333333335,2,6.666666666666667,4,13.333333333333334,2.933333333333333,2.015495527710797,2.0,4.0,66.66666666666666,70.0,76.66666666666667,11,36.666666666666664,6,20.0,3,10.0,1,3.3333333333333335,2,6.666666666666667,7,23.333333333333332
566,True,2.2333333333333334,1.7451520150277897,1.0,2.0,83.33333333333334,83.33333333333334,86.66666666666667,16,53.333333333333336,5,16.666666666666664,4,13.333333333333334,0,0.0,1,3.3333333333333335,4,13.333333333333334,2.033333333333333,1.7603661235347858,1.0,1.0,83.33333333333334,83.33333333333334,86.66666666666667,19,63.33333333333333,5,16.666666666666664,1,3.3333333333333335,0,0.0,1,3.3333333333333335,4,13.333333333333334,2.1,1.6802777548171413,1.0,1.75,86.66666666666667,86.66666666666667,86.66666666666667,17,56.666666666666664,5,16.666666666666664,4,13.333333333333334,0,0.0,0,0.0,4,13.333333333333334,2.2666666666666666,1.671991493864594,1.0,2.0,80.0,86.66666666666667,90.0,16,53.333333333333336,3,10.0,5,16.666666666666664,2,6.666666666666667,1,3.3333333333333335,3,10.0
567,False,2.933333333333333,1.8607047649270483,2.0,3.75,63.33333333333333,73.33333333333333,83.33333333333334,9,30.0,8,26.666666666666668,2,6.666666666666667,3,10.0,3,10.0,5,16.666666666666664,2.066666666666667,1.806162291219209,1.0,1.0,80.0,83.33333333333334,86.66666666666667,20,66.66666666666666,3,10.0,1,3.3333333333333335,1,3.3333333333333335,1,3.3333333333333335,4,13.333333333333334,2.3666666666666667,2.0733762053445313,1.0,2.0,76.66666666666667,76.66666666666667,76.66666666666667,19,63.33333333333333,2,6.666666666666667,2,6.666666666666667,0,0.0,0,0.0,7,23.333333333333332,2.7,1.9347695814575268,2.0,3.0,66.66666666666666,76.66666666666667,83.33333333333334,14,46.666666666666664,3,10.0,3,10.0,3,10.0,2,6.666666666666667,5,16.666666666666664
568,True,2.2666666666666666,1.7113996870657915,2.0,1.75,83.33333333333334,83.33333333333334,86.66666666666667,14,46.666666666666664,8,26.666666666666668,3,10.0,0,0.0,1,3.3333333333333335,4,13.333333333333334,2.1,1.7578395831246947,1.0,1.0,83.33333333333334,83.33333333333334,86.66666666666667,18,60.0,5,16.666666666666664,2,6.666666666666667,0,0.0,1,3.3333333333333335,4,13.333333333333334,2.3,1.8284784202536635,1.0,2.0,80.0,83.33333333333334,83.33333333333334,16,53.333333333333336,5,16.666666666666664,3,10.0,1,3.3333333333333335,0,0.0,5,16.666666666666664,2.933333333333333,2.096558025802185,2.0,5.0,70.0,70.0,70.0,11,36.666666666666664,7,23.333333333333332,3,10.0,0,0.0,0,0.0,9,30.0
569,False,2.8,1.814754345175493,2.0,3.0,66.66666666666666,80.0,83.33333333333334,10,33.33333333333333,7,23.333333333333332,3,10.0,4,13.333333333333334,1,3.3333333333333335,5,16.666666666666664,2.1,1.7387735140993301,1.0,1.0,83.33333333333334,83.33333333333334,86.66666666666667,17,56.666666666666664,7,23.333333333333332,1,3.3333333333333335,0,0.0,1,3.3333333333333335,4,13.333333333333334,2.1666666666666665,1.7904065335994381,1.0,1.0,83.33333333333334,83.33333333333334,83.33333333333334,16,53.333333333333336,8,26.666666666666668,1,3.3333333333333335,0,0.0,0,0.0,5,16.666666666666664,2.7666666666666666,1.9947152400502908,2.0,3.75,66.66666666666666,73.33333333333333,80.0,13,43.333333333333336,5,16.666666666666664,2,6.666666666666667,2,6.666666666666667,2,6.666666666666667,6,20.0
570,True,2.033333333333333,1.3535960336164634,2.0,1.0,86.66666666666667,93.33333333333333,93.33333333333333,13,43.333333333333336,11,36.666666666666664,2,6.666666666666667,2,6.666666666666667,0,0.0,2,6.666666666666667,1.9,1.3988090172238192,1.0,1.0,86.66666666666667,93.33333333333333,93.33333333333333,17,56.666666666666664,7,23.333333333333332,2,6.666666666666667,2,6.666666666666667,0,0.0,2,6.666666666666667,2.1666666666666665,1.7336538165261124,1.0,1.0,83.33333333333334,83.33333333333334,86.66666666666667,16,53.333333333333336,7,23.333333333333332,2,6.666666666666667,0,0.0,1,3.3333333333333335,4,13.333333333333334,2.7333333333333334,1.9482185594936612,2.0,2.75,73.33333333333333,76.66666666666667,76.66666666666667,11,36.666666666666664,8,26.666666666666668,3,10.0,1,3.3333333333333335,0,0.0,7,23.333333333333332
571,True,2.5,1.2315302134607444,2.0,1.0,86.66666666666667,93.33333333333333,93.33333333333333,5,16.666666666666664,13,43.333333333333336,8,26.666666666666668,2,6.666666666666667,0,0.0,2,6.666666666666667,2.1666666666666665,1.4395215254459457,2.0,2.0,83.33333333333334,93.33333333333333,93.33333333333333,14,46.666666666666664,6,20.0,5,16.666666666666664,3,10.0,0,0.0,2,6.666666666666667,2.3,1.5088627063675033,2.0,2.0,80.0,90.0,93.33333333333333,13,43.333333333333336,6,20.0,5,16.666666666666664,3,10.0,1,3.3333333333333335,2,6.666666666666667,3.0,1.7511900715418263,2.5,2.0,66.66666666666666,76.66666666666667,83.33333333333334,7,23.333333333333332,8,26.666666666666668,5,16.666666666666664,3,10.0,2,6.666666666666667,5,16.666666666666664
572,True,2.1666666666666665,1.4395215254459455,2.0,1.0,83.33333333333334,90.0,93.33333333333333,12,40.0,11,36.666666666666664,2,6.666666666666667,2,6.666666666666667,1,3.3333333333333335,2,6.666666666666667,1.8333333333333333,1.4624940645653537,1.0,1.0,86.66666666666667,90.0,93.33333333333333,19,63.33333333333333,6,20.0,1,3.3333333333333335,1,3.3333333333333335,1,3.3333333333333335,2,6.666666666666667,2.066666666666667,1.569146972791976,1.0,1.0,83.33333333333334,90.0,90.0,16,53.333333333333336,7,23.333333333333332,2,6.666666666666667,2,6.666666666666667,0,0.0,3,10.0,2.6333333333333333,1.8162843634433703,2.0,3.0,70.0,83.33333333333334,83.33333333333334,12,40.0,6,20.0,3,10.0,4,13.333333333333334,0,0.0,5,16.666666666666664
573,False,2.8,1.9043809142780934,2.0,3.0,70.0,76.66666666666667,80.0,11,36.666666666666664,6,20.0,4,13.333333333333334,2,6.666666666666667,1,3.3333333333333335,6,20.0,2.0,1.6733200530681511,1.0,1.0,80.0,86.66666666666667,90.0,19,63.33333333333333,5,16.666666666666664,0,0.0,2,6.666666666666667,1,3.3333333333333335,3,10.0,2.2333333333333334,1.7451520150277902,1.0,2.0,83.33333333333334,83.33333333333334,86.66666666666667,16,53.333333333333336,5,16.666666666666664,4,13.333333333333334,0,0.0,1,3.3333333333333335,4,13.333333333333334,2.566666666666667,1.8015425489162211,2.0,2.75,73.33333333333333,83.33333333333334,83.33333333333334,12,40.0,7,23.333333333333332,3,10.0,3,10.0,0,0.0,5,16.666666666666664
574,False,2.533333333333333,1.7074997966487597,2.0,2.0,76.66666666666667,83.33333333333334,86.66666666666667,11,36.666666666666664,8,26.666666666666668,4,13.333333333333334,2,6.666666666666667,1,3.3333333333333335,4,13.333333333333334,2.2,1.6812693617224654,1.0,1.75,76.66666666666667,86.66666666666667,90.0,16,53.333333333333336,6,20.0,1,3.3333333333333335,3,10.0,1,3.3333333333333335,3,10.0,2.5,1.857417562100671,2.0,2.75,73.33333333333333,80.0,83.33333333333334,13,43.333333333333336,8,26.666666666666668,1,3.3333333333333335,2,6.666666666666667,1,3.3333333333333335,5,16.666666666666664,2.433333333333333,1.5849991237291654,2.0,2.0,76.66666666666667,90.0,90.0,12,40.0,6,20.0,5,16.666666666666664,4,13.333333333333334,0,0.0,3,10.0
575,True,1.9666666666666666,1.0482790129010924,2.0,1.0,96.66666666666667,96.66666666666667,96.66666666666667,11,36.666666666666664,12,40.0,6,20.0,0,0.0,0,0.0,1,3.3333333333333335,2.066666666666667,1.6918103387266028,1.0,1.0,83.33333333333334,86.66666666666667,86.66666666666667,17,56.666666666666664,7,23.333333333333332,1,3.3333333333333335,1,3.3333333333333335,0,0.0,4,13.333333333333334,2.3666666666666667,1.9058389811897072,1.5,1.75,80.0,80.0,80.0,15,50.0,7,23.333333333333332,2,6.666666666666667,0,0.0,0,0.0,6,20.0,2.6333333333333333,1.9405039437103846,2.0,2.75,73.33333333333333,76.66666666666667,80.0,13,43.333333333333336,6,20.0,3,10.0,1,3.3333333333333335,1,3.3333333333333335,6,20.0
576,True,2.4,1.4966629547095767,2.0,2.0,80.0,90.0,90.0,9,30.0,12,40.0,3,10.0,3,10.0,0,0.0,3,10.0,2.1,1.6802777548171413,1.0,1.0,83.33333333333334,83.33333333333334,90.0,17,56.666666666666664,6,20.0,2,6.666666666666667,0,0.0,2,6.666666666666667,3,10.0,2.6333333333333333,2.0245712852080286,2.0,3.5,73.33333333333333,73.33333333333333,76.66666666666667,13,43.333333333333336,8,26.666666666666668,1,3.3333333333333335,0,0.0,1,3.3333333333333335,7,23.333333333333332,2.8333333333333335,1.752775576684654,2.0,2.75,70.0,80.0,83.33333333333334,8,26.666666666666668,9,30.0,4,13.333333333333334,3,10.0,1,3.3333333333333335,5,16.666666666666664
577,True,2.1333333333333333,1.1756794725698931,2.0,2.0,90.0,96.66666666666667,96.66666666666667,11,36.666666666666664,9,30.0,7,23.333333333333332,2,6.666666666666667,0,0.0,1,3.3333333333333335,1.8666666666666667,1.384035966135113,1.0,1.0,90.0,93.33333333333333,93.33333333333333,18,60.0,5,16.666666666666664,4,13.333333333333334,1,3.3333333333333335,0,0.0,2,6.666666666666667,2.0,1.4832396974191326,1.0,1.75,86.66666666666667,90.0,93.33333333333333,17,56.666666666666664,5,16.666666666666664,4,13.333333333333334,1,3.3333333333333335,1,3.3333333333333335,2,6.666666666666667,2.3333333333333335,1.4220486005134363,2.0,2.0,80.0,93.33333333333333,93.33333333333333,11,36.666666666666664,8,26.666666666666668,5,16.666666666666664,4,13.333333333333334,0,0.0,2,6.666666666666667
578,False,2.566666666666667,1.8917951498216947,2.0,2.75,73.33333333333333,80.0,80.0,12,40.0,9,30.0,1,3.3333333333333335,2,6.666666666666667,0,0.0,6,20.0,2.066666666666667,1.730767331432956,1.0,1.0,80.0,86.66666666666667,86.66666666666667,18,60.0,6,20.0,0,0.0,2,6.666666666666667,0,0.0,4,13.333333333333334,2.1666666666666665,1.7904065335994381,1.0,1.0,83.33333333333334,83.33333333333334,83.33333333333334,16,53.333333333333336,8,26.666666666666668,1,3.3333333333333335,0,0.0,0,0.0,5,16.666666666666664,2.6,1.8184242262647807,2.0,2.75,73.33333333333333,80.0,83.33333333333334,11,36.666666666666664,9,30.0,2,6.666666666666667,2,6.666666666666667,1,3.3333333333333335,5,16.666666666666664
579,True,2.4,1.4047538337136984,2.0,1.75,86.66666666666667,86.66666666666667,93.33333333333333,8,26.666666666666668,12,40.0,6,20.0,0,0.0,2,6.666666666666667,2,6.666666666666667,2.066666666666667,1.3646326326972482,1.5,2.0,83.33333333333334,93.33333333333333,96.66666666666667,15,50.0,6,20.0,4,13.333333333333334,3,10.0,1,3.3333333333333335,1,3.3333333333333335,2.3,1.5947831618540915,2.0,2.0,83.33333333333334,86.66666666666667,90.0,13,43.333333333333336,7,23.333333333333332,5,16.666666666666664,1,3.3333333333333335,1,3.3333333333333335,3,10.0,2.4,1.5620499351813308,2.0,2.0,80.0,86.66666666666667,90.0,10,33.33333333333333,11,36.666666666666664,3,10.0,2,6.666666666666667,1,3.3333333333333335,3,10.0
580,True,2.1666666666666665,1.416176385749867,2.0,1.75,86.66666666666667,90.0,93.33333333333333,12,40.0,10,33.33333333333333,4,13.333333333333334,1,3.3333333333333335,1,3.3333333333333335,2,6.666666666666667,1.9,1.535143858622594,1.0,1.0,90.0,90.0,90.0,19,63.33333333333333,4,13.333333333333334,4,13.333333333333334,0,0.0,0,0.0,3,10.0,2.066666666666667,1.6918103387266028,1.0,1.75,80.0,86.66666666666667,90.0,19,63.33333333333333,3,10.0,2,6.666666666666667,2,6.666666666666667,1,3.3333333333333335,3,10.0,2.6,1.7625738755203049,2.0,3.0,70.0,83.33333333333334,86.66666666666667,12,40.0,6,20.0,3,10.0,4,13.333333333333334,1,3.3333333333333335,4,13.333333333333334
581,True,2.1,1.7578395831246947,1.0,1.75,80.0,86.66666666666667,86.66666666666667,19,63.33333333333333,3,10.0,2,6.666666666666667,2,6.666666666666667,0,0.0,4,13.333333333333334,1.9666666666666666,1.8526257642120336,1.0,0.75,83.33333333333334,83.33333333333334,83.33333333333334,22,73.33333333333333,2,6.666666666666667,1,3.3333333333333335,0,0.0,0,0.0,5,16.666666666666664,2.0,1.6931233465600393,1.0,1.0,86.66666666666667,86.66666666666667,86.66666666666667,19,63.33333333333333,4,13.333333333333334,3,10.0,0,0.0,0,0.0,4,13.333333333333334,2.1,1.556705923844749,1.0,2.0,86.66666666666667,90.0,90.0,16,53.333333333333336,5,16.666666666666664,5,16.666666666666664,1,3.3333333333333335,0,0.0,3,10.0
582,True,1.8333333333333333,1.5293426329272615,1.0,1.0,90.0,90.0,90.0,20,66.66666666666666,4,13.333333333333334,3,10.0,0,0.0,0,0.0,3,10.0,1.4333333333333333,1.0546194679704248,1.0,0.0,96.66666666666667,96.66666666666667,96.66666666666667,24,80.0,2,6.666666666666667,3,10.0,0,0.0,0,0.0,1,3.3333333333333335,1.6666666666666667,1.3498971154211057,1.0,0.75,93.33333333333333,93.33333333333333,93.33333333333333,22,73.33333333333333,2,6.666666666666667,4,13.333333333333334,0,0.0,0,0.0,2,6.666666666666667,2.3666666666666667,1.6629959577688562,1.5,2.0,80.0,86.66666666666667,90.0,15,50.0,2,6.666666666666667,7,23.333333333333332,2,6.666666666666667,1,3.3333333333333335,3,10.0
583,True,2.3333333333333335,1.6599866130651642,2.0,1.75,80.0,86.66666666666667,86.66666666666667,12,40.0,10,33.33333333333333,2,6.666666666666667,2,6.666666666666667,0,0.0,4,13.333333333333334,1.8666666666666667,1.6478942792411033,1.0,1.0,83.33333333333334,86.66666666666667,90.0,21,70.0,4,13.333333333333334,0,0.0,1,3.3333333333333335,1,3.3333333333333335,3,10.0,2.1333333333333333,1.7269111795984824,1.0,1.0,80.0,86.66666666666667,86.66666666666667,17,56.666666666666664,6,20.0,1,3.3333333333333335,2,6.666666666666667,0,0.0,4,13.333333333333334,2.5,1.7841898254763513,2.0,2.0,76.66666666666667,83.33333333333334,83.33333333333334,12,40.0,8,26.666666666666668,3,10.0,2,6.666666666666667,0,0.0,5,16.666666666666664
584,True,2.066666666666667,1.1813363431112902,2.0,2.0,90.0,96.66666666666667,96.66666666666667,12,40.0,9,30.0,6,20.0,2,6.666666666666667,0,0.0,1,3.3333333333333335,1.9666666666666666,1.6224124698183942,1.0,1.0,86.66666666666667,86.66666666666667,90.0,19,63.33333333333333,4,13.333333333333334,3,10.0,0,0.0,1,3.3333333333333335,3,10.0,2.1333333333333333,1.8208667044996885,1.0,1.0,83.33333333333334,83.33333333333334,83.33333333333334,18,60.0,5,16.666666666666664,2,6.666666666666667,0,0.0,0,0.0,5,16.666666666666664,2.6333333333333333,1.8705317128797598,2.0,2.75,73.33333333333333,76.66666666666667,83.33333333333334,12,40.0,7,23.333333333333332,3,10.0,1,3.3333333333333335,2,6.666666666666667,5,16.666666666666664
585,False,2.6666666666666665,1.831817555204545,2.0,2.0,76.66666666666667,76.66666666666667,83.33333333333334,11,36.666666666666664,7,23.333333333333332,5,16.666666666666664,0,0.0,2,6.666666666666667,5,16.666666666666664,2.0,1.4142135623730951,1.0,1.75,86.66666666666667,93.33333333333333,93.33333333333333,16,53.333333333333336,6,20.0,4,13.333333333333334,2,6.666666666666667,0,0.0,2,6.666666666666667,2.3,1.7916472867168916,2.0,1.0,80.0,83.33333333333334,83.33333333333334,14,46.666666666666664,9,30.0,1,3.3333333333333335,1,3.3333333333333335,0,0.0,5,16.666666666666664,2.466666666666667,1.8208667044996885,2.0,2.75,73.33333333333333,80.0,86.66666666666667,14,46.666666666666664,6,20.0,2,6.666666666666667,2,6.666666666666667,2,6.666666666666667,4,13.333333333333334
586,True,2.2,1.7397317800933183,1.0,1.0,76.66666666666667,86.66666666666667,86.66666666666667,16,53.333333333333336,7,23.333333333333332,0,0.0,3,10.0,0,0.0,4,13.333333333333334,1.8,1.661324772583615,1.0,0.0,83.33333333333334,86.66666666666667,90.0,23,76.66666666666667,2,6.666666666666667,0,0.0,1,3.3333333333333335,1,3.3333333333333335,3,10.0,1.8666666666666667,1.7269111795984822,1.0,0.75,83.33333333333334,86.66666666666667,86.66666666666667,22,73.33333333333333,3,10.0,0,0.0,1,3.3333333333333335,0,0.0,4,13.333333333333334,2.4,2.0264912204760885,1.0,2.75,73.33333333333333,76.66666666666667,80.0,18,60.0,3,10.0,1,3.3333333333333335,1,3.3333333333333335,1,3.3333333333333335,6,20.0
587,True,2.566666666666667,1.7259457954666158,2.0,2.0,80.0,83.33333333333334,83.33333333333334,10,33.33333333333333,9,30.0,5,16.666666666666664,1,3.3333333333333335,0,0.0,5,16.666666666666664,2.033333333333333,1.5162087220725544,1.0,1.75,90.0,90.0,90.0,16,53.333333333333336,6,20.0,5,16.666666666666664,0,0.0,0,0.0,3,10.0,2.1333333333333333,1.586050300449376,1.5,1.75,86.66666666666667,86.66666666666667,90.0,15,50.0,7,23.333333333333332,4,13.333333333333334,0,0.0,1,3.3333333333333335,3,10.0,2.7333333333333334,1.590248058916875,2.0,1.0,76.66666666666667,83.33333333333334,86.66666666666667,6,20.0,12,40.0,5,16.666666666666664,2,6.666666666666667,1,3.3333333333333335,4,13.333333333333334
588,True,2.1666666666666665,1.3682917167849196,2.0,2.0,86.66666666666667,93.33333333333333,93.33333333333333,12,40.0,9,30.0,5,16.666666666666664,2,6.666666666666667,0,0.0,2,6.666666666666667,1.9333333333333333,1.5477582354991866,1.0,1.75,83.33333333333334,90.0,93.33333333333333,20,66.66666666666666,2,6.666666666666667,3,10.0,2,6.666666666666667,1,3.3333333333333335,2,6.666666666666667,2.2333333333333334,1.8199511592958264,1.0,1.75,80.0,80.0,86.66666666666667,17,56.666666666666664,5,16.666666666666664,2,6.666666666666667,0,0.0,2,6.666666666666667,4,13.333333333333334,2.4,1.6852299546352716,2.0,2.75,73.33333333333333,86.66666666666667,90.0,14,46.666666666666664,5,16.666666666666664,3,10.0,4,13.333333333333334,1,3.3333333333333335,3,10.0
589,True,2.3,1.6563010998406458,2.0,2.0,83.33333333333334,86.66666666666667,86.66666666666667,13,43.333333333333336,8,26.666666666666668,4,13.333333333333334,1,3.3333333333333335,0,0.0,4,13.333333333333334,1.7666666666666666,1.358512258154322,1.0,1.0,90.0,93.33333333333333,93.33333333333333,19,63.33333333333333,6,20.0,2,6.666666666666667,1,3.3333333333333335,0,0.0,2,6.666666666666667,2.1666666666666665,1.8089284734953512,1.0,1.0,83.33333333333334,83.33333333333334,83.33333333333334,17,56.666666666666664,6,20.0,2,6.666666666666667,0,0.0,0,0.0,5,16.666666666666664,2.2666666666666666,1.6719914938645934,1.5,2.0,76.66666666666667,86.66666666666667,90.0,15,50.0,6,20.0,2,6.666666666666667,3,10.0,1,3.3333333333333335,3,10.0
590,True,2.566666666666667,1.6868774571839993,2.0,2.0,80.0,83.33333333333334,86.66666666666667,11,36.666666666666664,6,20.0,7,23.333333333333332,1,3.3333333333333335,1,3.3333333333333335,4,13.333333333333334,2.1666666666666665,1.6947631758514883,1.0,2.0,86.66666666666667,86.66666666666667,86.66666666666667,17,56.666666666666664,3,10.0,6,20.0,0,0.0,0,0.0,4,13.333333333333334,2.6,1.9252705437591537,2.0,2.75,73.33333333333333,80.0,80.0,14,46.666666666666664,4,13.333333333333334,4,13.333333333333334,2,6.666666666666667,0,0.0,6,20.0,2.4,1.624807680927192,2.0,2.0,80.0,86.66666666666667,90.0,13,43.333333333333336,5,16.666666666666664,6,20.0,2,6.666666666666667,1,3.3333333333333335,3,10.0
591,False,2.3,1.8284784202536635,2.0,1.0,80.0,80.0,83.33333333333334,14,46.666666666666664,10,33.33333333333333,0,0.0,0,0.0,1,3.3333333333333335,5,16.666666666666664,1.8,1.4696938456699071,1.0,1.0,90.0,90.0,90.0,18,60.0,9,30.0,0,0.0,0,0.0,0,0.0,3,10.0,2.066666666666667,1.6519348924485158,1.0,1.0,86.66666666666667,86.66666666666667,86.66666666666667,16,53.333333333333336,8,26.666666666666668,2,6.666666666666667,0,0.0,0,0.0,4,13.333333333333334,2.533333333333333,1.8208667044996885,2.0,2.0,76.66666666666667,80.0,83.33333333333334,12,40.0,8,26.666666666666668,3,10.0,1,3.3333333333333335,1,3.3333333333333335,5,16.666666666666664
592,True,1.8666666666666667,1.2036980056845192,1.5,1.0,93.33333333333333,93.33333333333333,96.66666666666667,15,50.0,9,30.0,4,13.333333333333334,0,0.0,1,3.3333333333333335,1,3.3333333333333335,1.9,1.57797338380595,1.0,1.0,86.66666666666667,86.66666666666667,90.0,18,60.0,8,26.666666666666668,0,0.0,0,0.0,1,3.3333333333333335,3,10.0,1.9333333333333333,1.569146972791976,1.0,1.0,86.66666666666667,86.66666666666667,90.0,17,56.666666666666664,9,30.0,0,0.0,0,0.0,1,3.3333333333333335,3,10.0,2.3,1.676305461424021,2.0,1.75,80.0,86.66666666666667,86.66666666666667,13,43.333333333333336,9,30.0,2,6.666666666666667,2,6.666666666666667,0,0.0,4,13.333333333333334
593,True,2.433333333333333,1.6868774571839993,2.0,2.0,76.66666666666667,83.33333333333334,90.0,13,43.333333333333336,6,20.0,4,13.333333333333334,2,6.666666666666667,2,6.666666666666667,3,10.0,1.8,1.446835627614047,1.0,1.0,90.0,90.0,93.33333333333333,20,66.66666666666666,4,13.333333333333334,3,10.0,0,0.0,1,3.3333333333333335,2,6.666666666666667,1.7,1.2423096769056148,1.0,1.0,93.33333333333333,93.33333333333333,96.66666666666667,20,66.66666666666666,4,13.333333333333334,4,13.333333333333334,0,0.0,1,3.3333333333333335,1,3.3333333333333335,2.2666666666666666,1.6918103387266026,1.5,2.0,80.0,83.33333333333334,90.0,15,50.0,6,20.0,3,10.0,1,3.3333333333333335,2,6.666666666666667,3,10.0
594,True,2.2,1.5143755588800731,2.0,2.0,80.0,90.0,93.33333333333333,14,46.666666666666664,7,23.333333333333332,3,10.0,3,10.0,1,3.3333333333333335,2,6.666666666666667,2.066666666666667,1.8607047649270485,1.0,1.0,80.0,83.33333333333334,83.33333333333334,20,66.66666666666666,4,13.333333333333334,0,0.0,1,3.3333333333333335,0,0.0,5,16.666666666666664,2.033333333333333,1.7220788470785986,1.0,1.0,83.33333333333334,86.66666666666667,86.66666666666667,19,63.33333333333333,4,13.333333333333334,2,6.666666666666667,1,3.3333333333333335,0,0.0,4,13.333333333333334,2.3,1.6563010998406458,2.0,2.0,83.33333333333334,86.66666666666667,86.66666666666667,13,43.333333333333336,8,26.666666666666668,4,13.333333333333334,1,3.3333333333333335,0,0.0,4,13.333333333333334
595,True,2.066666666666667,1.2892719737209144,2.0,1.75,93.33333333333333,93.33333333333333,93.33333333333333,12,40.0,10,33.33333333333333,6,20.0,0,0.0,0,0.0,2,6.666666666666667,2.0,1.5491933384829668,1.0,1.0,86.66666666666667,90.0,90.0,17,56.666666666666664,6,20.0,3,10.0,1,3.3333333333333335,0,0.0,3,10.0,2.1333333333333333,1.4996295838935993,1.5,2.0,83.33333333333334,90.0,93.33333333333333,15,50.0,6,20.0,4,13.333333333333334,2,6.666666666666667,1,3.3333333333333335,2,6.666666666666667,2.6666666666666665,1.7191729277636838,2.0,2.75,73.33333333333333,83.33333333333334,86.66666666666667,11,36.666666666666664,5,16.666666666666664,6,20.0,3,10.0,1,3.3333333333333335,4,13.333333333333334
596,True,2.566666666666667,1.6058919293927874,2.0,2.0,80.0,86.66666666666667,86.66666666666667,9,30.0,9,30.0,6,20.0,2,6.666666666666667,0,0.0,4,13.333333333333334,2.2333333333333334,1.8381754238616317,1.0,1.75,80.0,83.33333333333334,83.33333333333334,17,56.666666666666664,5,16.666666666666664,2,6.666666666666667,1,3.3333333333333335,0,0.0,5,16.666666666666664,2.3333333333333335,1.86785676348292,1.0,2.0,80.0,80.0,83.33333333333334,16,53.333333333333336,5,16.666666666666664,3,10.0,0,0.0,1,3.3333333333333335,5,16.666666666666664,2.8333333333333335,1.8988300491501482,2.0,3.0,70.0,76.66666666666667,80.0,11,36.666666666666664,5,16.666666666666664,5,16.666666666666664,2,6.666666666666667,1,3.3333333333333335,6,20.0
597,True,2.2666666666666666,1.6519348924485158,2.0,1.75,76.66666666666667,86.66666666666667,90.0,14,46.666666666666664,8,26.666666666666668,1,3.3333333333333335,3,10.0,1,3.3333333333333335,3,10.0,1.7,1.4177446878757827,1.0,1.0,90.0,90.0,93.33333333333333,21,70.0,5,16.666666666666664,1,3.3333333333333335,0,0.0,1,3.3333333333333335,2,6.666666666666667,2.2333333333333334,1.8740923729160797,1.0,1.0,80.0,80.0,83.33333333333334,17,56.666666666666664,6,20.0,1,3.3333333333333335,0,0.0,1,3.3333333333333335,5,16.666666666666664,2.2333333333333334,1.7641491496532322,1.0,1.75,80.0,83.33333333333334,86.66666666666667,16,53.333333333333336,6,20.0,2,6.666666666666667,1,3.3333333333333335,1,3.3333333333333335,4,13.333333333333334
598,True,1.9,1.044030650891055,2.0,1.0,96.66666666666667,96.66666666666667,96.66666666666667,12,40.0,12,40.0,5,16.666666666666664,0,0.0,0,0.0,1,3.3333333333333335,1.9666666666666666,1.6629959577688562,1.0,1.0,86.66666666666667,86.66666666666667,86.66666666666667,18,60.0,7,23.333333333333332,1,3.3333333333333335,0,0.0,0,0.0,4,13.333333333333334,2.066666666666667,1.8061622912192088,1.0,1.0,83.33333333333334,83.33333333333334,83.33333333333334,18,60.0,7,23.333333333333332,0,0.0,0,0.0,0,0.0,5,16.666666666666664,2.5,1.8211717839530315,2.0,2.0,76.66666666666667,80.0,83.33333333333334,12,40.0,9,30.0,2,6.666666666666667,1,3.3333333333333335,1,3.3333333333333335,5,16.666666666666664
599,True,2.3,1.4866068747318506,2.0,1.75,83.33333333333334,90.0,90.0,10,33.33333333333333,12,40.0,3,10.0,2,6.666666666666667,0,0.0,3,10.0,1.9666666666666666,1.601735170231195,1.0,1.0,83.33333333333334,90.0,90.0,19,63.33333333333333,4,13.333333333333334,2,6.666666666666667,2,6.666666666666667,0,0.0,3,10.0,2.2333333333333334,1.8199511592958264,1.0,1.0,80.0,83.33333333333334,83.33333333333334,16,53.333333333333336,7,23.333333333333332,1,3.3333333333333335,1,3.3333333333333335,0,0.0,5,16.666666666666664,2.2333333333333334,1.4985177861992682,2.0,2.0,76.66666666666667,93.33333333333333,93.33333333333333,14,46.666666666666664,6,20.0,3,10.0,5,16.666666666666664,0,0.0,2,6.666666666666667
600,True,2.3333333333333335,1.5986105077709065,2.0,2.0,86.66666666666667,86.66666666666667,86.66666666666667,11,36.666666666666664,10,33.33333333333333,5,16.666666666666664,0,0.0,0,0.0,4,13.333333333333334,1.9333333333333333,1.5040685563571303,1.0,1.0,90.0,90.0,90.0,17,56.666666666666664,7,23.333333333333332,3,10.0,0,0.0,0,0.0,3,10.0,2.0,1.5491933384829668,1.0,1.0,86.66666666666667,90.0,90.0,17,56.666666666666664,6,20.0,3,10.0,1,3.3333333333333335,0,0.0,3,10.0,2.7,1.7349351572897473,2.0,2.75,73.33333333333333,80.0,86.66666666666667,10,33.33333333333333,7,23.333333333333332,5,16.666666666666664,2,6.666666666666667,2,6.666666666666667,4,13.333333333333334
601,True,2.6,1.8547236990991407,2.0,3.0,66.66666666666666,83.33333333333334,83.33333333333334,13,43.333333333333336,6,20.0,1,3.3333333333333335,5,16.666666666666664,0,0.0,5,16.666666666666664,1.9,1.57797338380595,1.0,1.0,86.66666666666667,90.0,90.0,20,66.66666666666666,3,10.0,3,10.0,1,3.3333333333333335,0,0.0,3,10.0,1.9333333333333333,1.5477582354991866,1.0,1.0,86.66666666666667,90.0,90.0,18,60.0,6,20.0,2,6.666666666666667,1,3.3333333333333335,0,0.0,3,10.0,2.1666666666666665,1.6346933113652304,1.0,2.0,76.66666666666667,86.66666666666667,93.33333333333333,17,56.666666666666664,4,13.333333333333334,2,6.666666666666667,3,10.0,2,6.666666666666667,2,6.666666666666667
602,True,2.3333333333333335,1.7384539747207062,2.0,1.75,76.66666666666667,80.0,90.0,14,46.666666666666664,8,26.666666666666668,1,3.3333333333333335,1,3.3333333333333335,3,10.0,3,10.0,1.8,1.446835627614047,1.0,1.0,90.0,90.0,93.33333333333333,20,66.66666666666666,4,13.333333333333334,3,10.0,0,0.0,1,3.3333333333333335,2,6.666666666666667,2.1,1.8138357147217052,1.0,1.0,83.33333333333334,83.33333333333334,83.33333333333334,18,60.0,6,20.0,1,3.3333333333333335,0,0.0,0,0.0,5,16.666666666666664,1.8666666666666667,1.4772346537440224,1.0,1.0,90.0,90.0,90.0,17,56.666666666666664,9,30.0,1,3.3333333333333335,0,0.0,0,0.0,3,10.0
603,False,2.466666666666667,1.4772346537440226,2.0,1.0,83.33333333333334,86.66666666666667,90.0,7,23.333333333333332,14,46.666666666666664,4,13.333333333333334,1,3.3333333333333335,1,3.3333333333333335,3,10.0,2.2333333333333334,1.6265163865007803,2.0,1.75,80.0,86.66666666666667,90.0,14,46.666666666666664,8,26.666666666666668,2,6.666666666666667,2,6.666666666666667,1,3.3333333333333335,3,10.0,2.533333333333333,1.7838784213679537,2.0,2.0,76.66666666666667,76.66666666666667,86.66666666666667,11,36.666666666666664,10,33.33333333333333,2,6.666666666666667,0,0.0,3,10.0,4,13.333333333333334,2.8666666666666667,1.9102065042525873,2.0,3.75,70.0,73.33333333333333,80.0,10,33.33333333333333,7,23.333333333333332,4,13.333333333333334,1,3.3333333333333335,2,6.666666666666667,6,20.0
604,True,2.0,1.2382783747337807,2.0,1.0,93.33333333333333,93.33333333333333,93.33333333333333,11,36.666666666666664,14,46.666666666666664,3,10.0,0,0.0,0,0.0,2,6.666666666666667,1.8,1.2489995996796797,1.5,1.0,93.33333333333333,93.33333333333333,93.33333333333333,15,50.0,12,40.0,1,3.3333333333333335,0,0.0,0,0.0,2,6.666666666666667,2.033333333333333,1.5595583420386114,1.5,1.0,86.66666666666667,86.66666666666667,90.0,15,50.0,10,33.33333333333333,1,3.3333333333333335,0,0.0,1,3.3333333333333335,3,10.0,2.433333333333333,1.7259457954666158,2.0,2.0,76.66666666666667,83.33333333333334,86.66666666666667,12,40.0,9,30.0,2,6.666666666666667,2,6.666666666666667,1,3.3333333333333335,4,13.333333333333334
605,True,2.433333333333333,1.977933826552906,1.0,2.0,76.66666666666667,76.66666666666667,80.0,16,53.333333333333336,5,16.666666666666664,2,6.666666666666667,0,0.0,1,3.3333333333333335,6,20.0,2.1,1.8681541692269403,1.0,1.75,80.0,80.0,86.66666666666667,21,70.0,1,3.3333333333333335,2,6.666666666666667,0,0.0,2,6.666666666666667,4,13.333333333333334,2.2333333333333334,1.9779338265529065,1.0,1.75,76.66666666666667,76.66666666666667,83.33333333333334,20,66.66666666666666,2,6.666666666666667,1,3.3333333333333335,0,0.0,2,6.666666666666667,5,16.666666666666664,2.3666666666666667,1.702612371882951,2.0,2.0,76.66666666666667,83.33333333333334,90.0,14,46.666666666666664,6,20.0,3,10.0,2,6.666666666666667,2,6.666666666666667,3,10.0
606,True,2.2666666666666666,1.590248058916875,2.0,1.0,80.0,86.66666666666667,90.0,12,40.0,11,36.666666666666664,1,3.3333333333333335,2,6.666666666666667,1,3.3333333333333335,3,10.0,1.9,1.468559384794046,1.0,1.0,83.33333333333334,93.33333333333333,93.33333333333333,19,63.33333333333333,4,13.333333333333334,2,6.666666666666667,3,10.0,0,0.0,2,6.666666666666667,1.9333333333333333,1.5260697523012796,1.0,1.0,83.33333333333334,90.0,93.33333333333333,19,63.33333333333333,4,13.333333333333334,2,6.666666666666667,2,6.666666666666667,1,3.3333333333333335,2,6.666666666666667,2.466666666666667,1.7269111795984826,2.0,2.75,73.33333333333333,86.66666666666667,86.66666666666667,13,43.333333333333336,6,20.0,3,10.0,4,13.333333333333334,0,0.0,4,13.333333333333334
607,False,2.3,1.6563010998406458,2.0,1.0,83.33333333333334,83.33333333333334,86.66666666666667,11,36.666666666666664,13,43.333333333333336,1,3.3333333333333335,0,0.0,1,3.3333333333333335,4,13.333333333333334,1.8333333333333333,1.507389207279335,1.0,1.0,90.0,90.0,90.0,19,63.33333333333333,6,20.0,2,6.666666666666667,0,0.0,0,0.0,3,10.0,1.8,1.3012814197295424,1.0,1.0,93.33333333333333,93.33333333333333,93.33333333333333,17,56.666666666666664,8,26.666666666666668,3,10.0,0,0.0,0,0.0,2,6.666666666666667,2.7666666666666666,1.7259457954666158,2.0,3.0,70.0,80.0,86.66666666666667,9,30.0,8,26.666666666666668,4,13.333333333333334,3,10.0,2,6.666666666666667,4,13.333333333333334
608,True,2.2,1.6,2.0,1.75,83.33333333333334,86.66666666666667,90.0,14,46.666666666666664,8,26.666666666666668,3,10.0,1,3.3333333333333335,1,3.3333333333333335,3,10.0,1.8333333333333333,1.6749792701868154,1.0,1.0,86.66666666666667,86.66666666666667,86.66666666666667,21,70.0,5,16.666666666666664,0,0.0,0,0.0,0,0.0,4,13.333333333333334,2.0,1.7320508075688772,1.0,1.0,83.33333333333334,86.66666666666667,86.66666666666667,20,66.66666666666666,3,10.0,2,6.666666666666667,1,3.3333333333333335,0,0.0,4,13.333333333333334,2.433333333333333,1.92671280221579,1.5,2.0,76.66666666666667,80.0,80.0,15,50.0,6,20.0,2,6.666666666666667,1,3.3333333333333335,0,0.0,6,20.0
609,False,2.1333333333333333,1.6275407487644937,2.0,1.0,86.66666666666667,86.66666666666667,86.66666666666667,14,46.666666666666664,10,33.33333333333333,2,6.666666666666667,0,0.0,0,0.0,4,13.333333333333334,1.8333333333333333,1.5293426329272617,1.0,1.0,86.66666666666667,90.0,90.0,19,63.33333333333333,7,23.333333333333332,0,0.0,1,3.3333333333333335,0,0.0,3,10.0,1.8,1.2489995996796797,1.0,1.0,90.0,93.33333333333333,96.66666666666667,17,56.666666666666664,8,26.666666666666668,2,6.666666666666667,1,3.3333333333333335,1,3.3333333333333335,1,3.3333333333333335,2.4,1.6852299546352716,2.0,2.0,76.66666666666667,86.66666666666667,86.66666666666667,12,40.0,9,30.0,2,6.666666666666667,3,10.0,0,0.0,4,13.333333333333334
610,False,2.5,1.8393839548428526,2.0,2.0,76.66666666666667,80.0,83.33333333333334,13,43.333333333333336,7,23.333333333333332,3,10.0,1,3.3333333333333335,1,3.3333333333333335,5,16.666666666666664,2.1666666666666665,1.7904065335994381,1.0,1.75,80.0,83.33333333333334,86.66666666666667,18,60.0,4,13.333333333333334,2,6.666666666666667,1,3.3333333333333335,1,3.3333333333333335,4,13.333333333333334,2.1333333333333333,1.6275407487644937,1.0,1.75,83.33333333333334,86.66666666666667,90.0,16,53.333333333333336,6,20.0,3,10.0,1,3.3333333333333335,1,3.3333333333333335,3,10.0,2.3666666666666667,1.601735170231195,2.0,2.0,80.0,86.66666666666667,90.0,12,40.0,8,26.666666666666668,4,13.333333333333334,2,6.666666666666667,1,3.3333333333333335,3,10.0
611,True,1.8,1.0770329614269007,1.5,1.0,96.66666666666667,96.66666666666667,96.66666666666667,15,50.0,9,30.0,5,16.666666666666664,0,0.0,0,0.0,1,3.3333333333333335,1.8,1.2754084313139327,1.0,1.0,90.0,93.33333333333333,96.66666666666667,18,60.0,6,20.0,3,10.0,1,3.3333333333333335,1,3.3333333333333335,1,3.3333333333333335,2.2333333333333334,1.7641491496532322,1.0,1.75,80.0,83.33333333333334,86.66666666666667,16,53.333333333333336,6,20.0,2,6.666666666666667,1,3.3333333333333335,1,3.3333333333333335,4,13.333333333333334,2.2333333333333334,1.6265163865007803,2.0,1.75,80.0,86.66666666666667,90.0,14,46.666666666666664,8,26.666666666666668,2,6.666666666666667,2,6.666666666666667,1,3.3333333333333335,3,10.0
612,True,2.3333333333333335,1.757523510195209,2.0,1.75,83.33333333333334,83.33333333333334,83.33333333333334,13,43.333333333333336,9,30.0,3,10.0,0,0.0,0,0.0,5,16.666666666666664,2.1,1.8321208111548393,1.0,1.0,83.33333333333334,83.33333333333334,83.33333333333334,19,63.33333333333333,4,13.333333333333334,2,6.666666666666667,0,0.0,0,0.0,5,16.666666666666664,2.1,1.468559384794046,2.0,1.0,90.0,90.0,90.0,13,43.333333333333336,10,33.33333333333333,4,13.333333333333334,0,0.0,0,0.0,3,10.0,2.6,1.8903262505010434,2.0,2.75,73.33333333333333,76.66666666666667,83.33333333333334,13,43.333333333333336,6,20.0,3,10.0,1,3.3333333333333335,2,6.666666666666667,5,16.666666666666664
613,True,2.4,1.4966629547095764,2.0,2.0,86.66666666666667,86.66666666666667,90.0,9,30.0,11,36.666666666666664,6,20.0,0,0.0,1,3.3333333333333335,3,10.0,1.9333333333333333,1.5691469727919758,1.0,1.0,86.66666666666667,86.66666666666667,90.0,17,56.666666666666664,9,30.0,0,0.0,0,0.0,1,3.3333333333333335,3,10.0,2.3,1.8101565309847285,1.5,1.75,80.0,83.33333333333334,83.33333333333334,15,50.0,7,23.333333333333332,2,6.666666666666667,1,3.3333333333333335,0,0.0,5,16.666666666666664,2.466666666666667,1.627540748764494,2.0,2.75,73.33333333333333,86.66666666666667,90.0,11,36.666666666666664,9,30.0,2,6.666666666666667,4,13.333333333333334,1,3.3333333333333335,3,10.0
614,True,2.4,1.685229954635272,2.0,2.0,76.66666666666667,86.66666666666667,86.66666666666667,12,40.0,9,30.0,2,6.666666666666667,3,10.0,0,0.0,4,13.333333333333334,2.066666666666667,1.7688665548562135,1.0,1.0,80.0,80.0,90.0,19,63.33333333333333,5,16.666666666666664,0,0.0,0,0.0,3,10.0,3,10.0,2.2666666666666666,1.8427033281447005,1.0,1.0,76.66666666666667,83.33333333333334,83.33333333333334,16,53.333333333333336,7,23.333333333333332,0,0.0,2,6.666666666666667,0,0.0,5,16.666666666666664,2.8666666666666667,2.0612833111653743,2.0,4.0,60.0,70.0,80.0,14,46.666666666666664,3,10.0,1,3.3333333333333335,3,10.0,3,10.0,6,20.0
615,True,2.5,1.8393839548428526,2.0,1.75,80.0,80.0,80.0,11,36.666666666666664,11,36.666666666666664,2,6.666666666666667,0,0.0,0,0.0,6,20.0,1.9666666666666666,1.5807874268505835,1.0,1.0,86.66666666666667,86.66666666666667,90.0,17,56.666666666666664,8,26.666666666666668,1,3.3333333333333335,0,0.0,1,3.3333333333333335,3,10.0,2.1333333333333333,1.6679994670929073,1.5,1.0,83.33333333333334,86.66666666666667,86.66666666666667,15,50.0,9,30.0,1,3.3333333333333335,1,3.3333333333333335,0,0.0,4,13.333333333333334,2.3333333333333335,1.7191729277636836,2.0,1.75,80.0,83.33333333333334,86.66666666666667,13,43.333333333333336,9,30.0,2,6.666666666666667,1,3.3333333333333335,1,3.3333333333333335,4,13.333333333333334
616,True,2.3,2.0024984394500787,1.0,1.0,76.66666666666667,76.66666666666667,80.0,18,60.0,5,16.666666666666664,0,0.0,0,0.0,1,3.3333333333333335,6,20.0,1.7333333333333334,1.6110727964792764,1.0,0.0,86.66666666666667,86.66666666666667,90.0,23,76.66666666666667,3,10.0,0,0.0,0,0.0,1,3.3333333333333335,3,10.0,1.9333333333333333,1.6519348924485155,1.0,1.0,83.33333333333334,86.66666666666667,90.0,20,66.66666666666666,4,13.333333333333334,1,3.3333333333333335,1,3.3333333333333335,1,3.3333333333333335,3,10.0,2.066666666666667,1.671991493864594,1.0,1.75,80.0,83.33333333333334,93.33333333333333,19,63.33333333333333,3,10.0,2,6.666666666666667,1,3.3333333333333335,3,10.0,2,6.666666666666667
617,True,2.3666666666666667,1.5595583420386114,2.0,2.0,83.33333333333334,86.66666666666667,90.0,11,36.666666666666664,9,30.0,5,16.666666666666664,1,3.3333333333333335,1,3.3333333333333335,3,10.0,1.9,1.3253930234714029,1.0,1.0,86.66666666666667,93.33333333333333,96.66666666666667,17,56.666666666666664,6,20.0,3,10.0,2,6.666666666666667,1,3.3333333333333335,1,3.3333333333333335,2.433333333333333,1.8917951498216947,2.0,1.75,76.66666666666667,76.66666666666667,83.33333333333334,14,46.666666666666664,8,26.666666666666668,1,3.3333333333333335,0,0.0,2,6.666666666666667,5,16.666666666666664,2.3333333333333335,1.5986105077709065,2.0,2.0,83.33333333333334,86.66666666666667,90.0,13,43.333333333333336,6,20.0,6,20.0,1,3.3333333333333335,1,3.3333333333333335,3,10.0
618,True,1.6,1.0519822558706333,1.0,1.0,93.33333333333333,96.66666666666667,96.66666666666667,18,60.0,10,33.33333333333333,0,0.0,1,3.3333333333333335,0,0.0,1,3.3333333333333335,1.5666666666666667,1.1160446028522137,1.0,1.0,93.33333333333333,96.66666666666667,96.66666666666667,21,70.0,5,16.666666666666664,2,6.666666666666667,1,3.3333333333333335,0,0.0,1,3.3333333333333335,2.0,1.7126976771553504,1.0,1.0,83.33333333333334,86.66666666666667,86.66666666666667,19,63.33333333333333,5,16.666666666666664,1,3.3333333333333335,1,3.3333333333333335,0,0.0,4,13.333333333333334,2.533333333333333,1.9275776393067947,1.5,2.0,76.66666666666667,80.0,80.0,15,50.0,3,10.0,5,16.666666666666664,1,3.3333333333333335,0,0.0,6,20.0
619,True,1.8,1.2754084313139329,1.0,1.0,86.66666666666667,96.66666666666667,96.66666666666667,19,63.33333333333333,4,13.333333333333334,3,10.0,3,10.0,0,0.0,1,3.3333333333333335,1.4666666666666666,1.0873004286866728,1.0,0.0,93.33333333333333,96.66666666666667,96.66666666666667,23,76.66666666666667,4,13.333333333333334,1,3.3333333333333335,1,3.3333333333333335,0,0.0,1,3.3333333333333335,1.6333333333333333,1.3535960336164634,1.0,0.75,90.0,93.33333333333333,93.33333333333333,22,73.33333333333333,4,13.333333333333334,1,3.3333333333333335,1,3.3333333333333335,0,0.0,2,6.666666666666667,2.0,1.5275252316519468,1.0,1.0,86.66666666666667,90.0,90.0,16,53.333333333333336,8,26.666666666666668,2,6.666666666666667,1,3.3333333333333335,0,0.0,3,10.0
620,True,2.433333333333333,1.5423647068345696,2.0,2.0,83.33333333333334,86.66666666666667,90.0,10,33.33333333333333,9,30.0,6,20.0,1,3.3333333333333335,1,3.3333333333333335,3,10.0,2.2666666666666666,1.7688665548562132,1.0,2.0,80.0,83.33333333333334,86.66666666666667,16,53.333333333333336,5,16.666666666666664,3,10.0,1,3.3333333333333335,1,3.3333333333333335,4,13.333333333333334,2.4,1.6451950239004087,2.0,2.0,76.66666666666667,86.66666666666667,90.0,13,43.333333333333336,6,20.0,4,13.333333333333334,3,10.0,1,3.3333333333333335,3,10.0,2.6666666666666665,1.776388345929897,2.0,2.75,73.33333333333333,80.0,86.66666666666667,12,40.0,4,13.333333333333334,6,20.0,2,6.666666666666667,2,6.666666666666667,4,13.333333333333334
621,True,2.3,1.6563010998406458,1.5,2.0,80.0,86.66666666666667,90.0,15,50.0,4,13.333333333333334,5,16.666666666666664,2,6.666666666666667,1,3.3333333333333335,3,10.0,1.8333333333333333,1.593389120362283,1.0,0.75,83.33333333333334,86.66666666666667,93.33333333333333,22,73.33333333333333,2,6.666666666666667,1,3.3333333333333335,1,3.3333333333333335,2,6.666666666666667,2,6.666666666666667,2.0,1.7320508075688772,1.0,1.0,83.33333333333334,86.66666666666667,86.66666666666667,20,66.66666666666666,3,10.0,2,6.666666666666667,1,3.3333333333333335,0,0.0,4,13.333333333333334,2.2333333333333334,1.7641491496532322,1.0,2.0,76.66666666666667,83.33333333333334,90.0,18,60.0,2,6.666666666666667,3,10.0,2,6.666666666666667,2,6.666666666666667,3,10.0
622,True,2.3666666666666667,1.6629959577688562,2.0,2.0,83.33333333333334,86.66666666666667,86.66666666666667,13,43.333333333333336,6,20.0,6,20.0,1,3.3333333333333335,0,0.0,4,13.333333333333334,1.9666666666666666,1.601735170231195,1.0,2.0,86.66666666666667,90.0,90.0,20,66.66666666666666,1,3.3333333333333335,5,16.666666666666664,1,3.3333333333333335,0,0.0,3,10.0,2.2,1.7397317800933183,1.0,2.0,80.0,83.33333333333334,90.0,18,60.0,2,6.666666666666667,4,13.333333333333334,1,3.3333333333333335,2,6.666666666666667,3,10.0,2.466666666666667,1.7074997966487597,2.0,2.0,83.33333333333334,83.33333333333334,86.66666666666667,13,43.333333333333336,4,13.333333333333334,8,26.666666666666668,0,0.0,1,3.3333333333333335,4,13.333333333333334
623,True,3.0,1.8073922282301278,2.5,3.5,66.66666666666666,73.33333333333333,83.33333333333334,8,26.666666666666668,7,23.333333333333332,5,16.666666666666664,2,6.666666666666667,3,10.0,5,16.666666666666664,2.4,1.8366636418607882,2.0,2.0,80.0,80.0,83.33333333333334,14,46.666666666666664,7,23.333333333333332,3,10.0,0,0.0,1,3.3333333333333335,5,16.666666666666664,2.6333333333333333,1.9913702708325127,2.0,3.5,73.33333333333333,73.33333333333333,80.0,14,46.666666666666664,5,16.666666666666664,3,10.0,0,0.0,2,6.666666666666667,6,20.0,2.6333333333333333,1.6428295373802142,2.0,2.0,80.0,83.33333333333334,86.66666666666667,9,30.0,8,26.666666666666668,7,23.333333333333332,1,3.3333333333333335,1,3.3333333333333335,4,13.333333333333334
624,False,2.8666666666666667,2.0773915267843845,2.0,4.75,70.0,70.0,73.33333333333333,12,40.0,6,20.0,3,10.0,0,0.0,1,3.3333333333333335,8,26.666666666666668,2.1,1.7953644012660308,1.0,1.0,80.0,83.33333333333334,86.66666666666667,19,63.33333333333333,4,13.333333333333334,1,3.3333333333333335,1,3.3333333333333335,1,3.3333333333333335,4,13.333333333333334,2.2,1.7962924780409975,1.0,2.0,80.0,83.33333333333334,86.66666666666667,18,60.0,3,10.0,3,10.0,1,3.3333333333333335,1,3.3333333333333335,4,13.333333333333334,2.533333333333333,1.7838784213679537,2.0,2.0,76.66666666666667,80.0,86.66666666666667,13,43.333333333333336,5,16.666666666666664,5,16.666666666666664,1,3.3333333333333335,2,6.666666666666667,4,13.333333333333334
625,False,2.466666666666667,1.667999467092907,2.0,2.0,80.0,80.0,90.0,11,36.666666666666664,9,30.0,4,13.333333333333334,0,0.0,3,10.0,3,10.0,2.2,1.886796226411321,1.0,1.0,80.0,80.0,83.33333333333334,18,60.0,5,16.666666666666664,1,3.3333333333333335,0,0.0,1,3.3333333333333335,5,16.666666666666664,2.3,1.8284784202536635,1.0,2.0,80.0,83.33333333333334,83.33333333333334,16,53.333333333333336,5,16.666666666666664,3,10.0,1,3.3333333333333335,0,0.0,5,16.666666666666664,3.066666666666667,2.1746008573733455,2.0,5.0,66.66666666666666,66.66666666666666,66.66666666666666,12,40.0,4,13.333333333333334,4,13.333333333333334,0,0.0,0,0.0,10,33.33333333333333
626,False,2.3666666666666667,1.797838208021573,2.0,2.0,80.0,83.33333333333334,83.33333333333334,14,46.666666666666664,7,23.333333333333332,3,10.0,1,3.3333333333333335,0,0.0,5,16.666666666666664,1.9666666666666666,1.7026123718829513,1.0,1.0,83.33333333333334,86.66666666666667,86.66666666666667,19,63.33333333333333,6,20.0,0,0.0,1,3.3333333333333335,0,0.0,4,13.333333333333334,1.9333333333333333,1.569146972791976,1.0,1.0,83.33333333333334,90.0,90.0,18,60.0,7,23.333333333333332,0,0.0,2,6.666666666666667,0,0.0,3,10.0,2.2333333333333334,1.7641491496532322,1.0,1.75,80.0,83.33333333333334,86.66666666666667,16,53.333333333333336,6,20.0,2,6.666666666666667,1,3.3333333333333335,1,3.3333333333333335,4,13.333333333333334
627,True,2.533333333333333,1.6478942792411033,2.0,2.0,76.66666666666667,86.66666666666667,86.66666666666667,10,33.33333333333333,9,30.0,4,13.333333333333334,3,10.0,0,0.0,4,13.333333333333334,2.1333333333333333,1.6679994670929073,1.0,1.75,80.0,86.66666666666667,90.0,17,56.666666666666664,5,16.666666666666664,2,6.666666666666667,2,6.666666666666667,1,3.3333333333333335,3,10.0,2.3666666666666667,1.7603661235347858,2.0,2.0,76.66666666666667,83.33333333333334,86.66666666666667,14,46.666666666666664,7,23.333333333333332,2,6.666666666666667,2,6.666666666666667,1,3.3333333333333335,4,13.333333333333334,2.3666666666666667,1.6224124698183944,2.0,2.0,76.66666666666667,86.66666666666667,90.0,12,40.0,9,30.0,2,6.666666666666667,3,10.0,1,3.3333333333333335,3,10.0
628,True,2.1333333333333333,1.564892612574067,2.0,1.0,86.66666666666667,86.66666666666667,90.0,14,46.666666666666664,9,30.0,3,10.0,0,0.0,1,3.3333333333333335,3,10.0,1.8333333333333333,1.4395215254459455,1.0,1.0,90.0,90.0,93.33333333333333,19,63.33333333333333,5,16.666666666666664,3,10.0,0,0.0,1,3.3333333333333335,2,6.666666666666667,2.1666666666666665,1.827262676488766,1.0,1.75,83.33333333333334,83.33333333333334,83.33333333333334,18,60.0,4,13.333333333333334,3,10.0,0,0.0,0,0.0,5,16.666666666666664,2.7666666666666666,2.0765890836230025,2.0,4.25,73.33333333333333,73.33333333333333,73.33333333333333,14,46.666666666666664,3,10.0,5,16.666666666666664,0,0.0,0,0.0,8,26.666666666666668
629,True,2.6,1.7048949136725893,2.0,2.0,76.66666666666667,83.33333333333334,86.66666666666667,11,36.666666666666664,6,20.0,6,20.0,2,6.666666666666667,1,3.3333333333333335,4,13.333333333333334,1.8,1.446835627614047,1.0,1.0,86.66666666666667,93.33333333333333,93.33333333333333,21,70.0,2,6.666666666666667,3,10.0,2,6.666666666666667,0,0.0,2,6.666666666666667,2.1666666666666665,1.7527755766846542,1.0,1.75,76.66666666666667,83.33333333333334,90.0,18,60.0,4,13.333333333333334,1,3.3333333333333335,2,6.666666666666667,2,6.666666666666667,3,10.0,2.466666666666667,1.8024674446127702,2.0,2.75,73.33333333333333,80.0,86.66666666666667,13,43.333333333333336,8,26.666666666666668,1,3.3333333333333335,2,6.666666666666667,2,6.666666666666667,4,13.333333333333334
630,True,2.1333333333333333,1.586050300449376,1.0,2.0,83.33333333333334,90.0,90.0,16,53.333333333333336,5,16.666666666666664,4,13.333333333333334,2,6.666666666666667,0,0.0,3,10.0,1.7333333333333334,1.412641340027806,1.0,1.0,86.66666666666667,93.33333333333333,93.33333333333333,21,70.0,4,13.333333333333334,1,3.3333333333333335,2,6.666666666666667,0,0.0,2,6.666666666666667,2.1333333333333333,1.6679994670929073,1.0,1.75,80.0,86.66666666666667,90.0,17,56.666666666666664,5,16.666666666666664,2,6.666666666666667,2,6.666666666666667,1,3.3333333333333335,3,10.0,2.0,1.5974116995724785,1.0,2.0,86.20689655172413,86.20689655172413,93.10344827586206,19,65.51724137931035,1,3.4482758620689653,5,17.24137931034483,0,0.0,2,6.896551724137931,2,6.896551724137931
631,True,2.2,1.514375558880073,2.0,2.0,86.66666666666667,90.0,90.0,13,43.333333333333336,8,26.666666666666668,5,16.666666666666664,1,3.3333333333333335,0,0.0,3,10.0,2.0,1.6733200530681511,1.0,1.0,86.66666666666667,86.66666666666667,86.66666666666667,18,60.0,6,20.0,2,6.666666666666667,0,0.0,0,0.0,4,13.333333333333334,2.2,1.7776388834631178,1.5,1.0,83.33333333333334,83.33333333333334,83.33333333333334,15,50.0,9,30.0,1,3.3333333333333335,0,0.0,0,0.0,5,16.666666666666664,2.3666666666666667,1.7792008193443356,2.0,1.75,80.0,83.33333333333334,83.33333333333334,13,43.333333333333336,9,30.0,2,6.666666666666667,1,3.3333333333333335,0,0.0,5,16.666666666666664
632,True,2.3666666666666667,1.7603661235347858,1.5,2.0,80.0,83.33333333333334,86.66666666666667,15,50.0,4,13.333333333333334,5,16.666666666666664,1,3.3333333333333335,1,3.3333333333333335,4,13.333333333333334,1.8333333333333333,1.5723301886761007,1.0,1.0,86.66666666666667,90.0,90.0,21,70.0,3,10.0,2,6.666666666666667,1,3.3333333333333335,0,0.0,3,10.0,1.7,1.1590225767142472,1.0,1.0,93.33333333333333,96.66666666666667,96.66666666666667,19,63.33333333333333,5,16.666666666666664,4,13.333333333333334,1,3.3333333333333335,0,0.0,1,3.3333333333333335,2.3666666666666667,1.6629959577688562,2.0,2.0,76.66666666666667,86.66666666666667,90.0,14,46.666666666666664,5,16.666666666666664,4,13.333333333333334,3,10.0,1,3.3333333333333335,3,10.0
633,True,2.0,1.3416407864998738,2.0,1.0,90.0,93.33333333333333,93.33333333333333,14,46.666666666666664,9,30.0,4,13.333333333333334,1,3.3333333333333335,0,0.0,2,6.666666666666667,2.0,1.61245154965971,1.0,1.0,86.66666666666667,86.66666666666667,90.0,18,60.0,5,16.666666666666664,3,10.0,0,0.0,1,3.3333333333333335,3,10.0,2.1666666666666665,1.7336538165261124,1.0,1.0,80.0,80.0,90.0,16,53.333333333333336,8,26.666666666666668,0,0.0,0,0.0,3,10.0,3,10.0,2.3666666666666667,1.834545054108935,2.0,1.75,80.0,80.0,83.33333333333334,14,46.666666666666664,8,26.666666666666668,2,6.666666666666667,0,0.0,1,3.3333333333333335,5,16.666666666666664
634,False,2.433333333333333,1.6265163865007801,2.0,2.0,83.33333333333334,86.66666666666667,86.66666666666667,11,36.666666666666664,8,26.666666666666668,6,20.0,1,3.3333333333333335,0,0.0,4,13.333333333333334,2.1,1.619670748434179,1.0,1.0,83.33333333333334,86.66666666666667,90.0,16,53.333333333333336,7,23.333333333333332,2,6.666666666666667,1,3.3333333333333335,1,3.3333333333333335,3,10.0,2.2333333333333334,1.6669999666733315,2.0,1.0,80.0,83.33333333333334,90.0,14,46.666666666666664,9,30.0,1,3.3333333333333335,1,3.3333333333333335,2,6.666666666666667,3,10.0,2.2666666666666666,1.569146972791976,2.0,1.75,83.33333333333334,86.66666666666667,90.0,12,40.0,10,33.33333333333333,3,10.0,1,3.3333333333333335,1,3.3333333333333335,3,10.0
635,True,1.6666666666666667,1.1642832797715317,1.0,1.0,90.0,96.66666666666667,96.66666666666667,19,63.33333333333333,7,23.333333333333332,1,3.3333333333333335,2,6.666666666666667,0,0.0,1,3.3333333333333335,1.6333333333333333,1.2512216252748973,1.0,1.0,90.0,93.33333333333333,96.66666666666667,21,70.0,5,16.666666666666664,1,3.3333333333333335,1,3.3333333333333335,1,3.3333333333333335,1,3.3333333333333335,1.8,1.446835627614047,1.0,1.0,86.66666666666667,86.66666666666667,96.66666666666667,20,66.66666666666666,5,16.666666666666664,1,3.3333333333333335,0,0.0,3,10.0,1,3.3333333333333335,2.2333333333333334,1.7065234314893605,1.5,1.75,80.0,86.66666666666667,86.66666666666667,15,50.0,7,23.333333333333332,2,6.666666666666667,2,6.666666666666667,0,0.0,4,13.333333333333334
636,False,2.3333333333333335,1.679947089113887,2.0,2.0,80.0,86.66666666666667,86.66666666666667,13,43.333333333333336,8,26.666666666666668,3,10.0,2,6.666666666666667,0,0.0,4,13.333333333333334,1.8666666666666667,1.6275407487644935,1.0,0.75,83.33333333333334,90.0,90.0,22,73.33333333333333,1,3.3333333333333335,2,6.666666666666667,2,6.666666666666667,0,0.0,3,10.0,1.9333333333333333,1.6110727964792761,1.0,1.0,83.33333333333334,90.0,90.0,20,66.66666666666666,3,10.0,2,6.666666666666667,2,6.666666666666667,0,0.0,3,10.0,2.7666666666666666,1.961008810677697,2.0,3.0,66.66666666666666,76.66666666666667,80.0,13,43.333333333333336,4,13.333333333333334,3,10.0,3,10.0,1,3.3333333333333335,6,20.0
637,True,2.2333333333333334,1.6868774571839993,2.0,1.0,83.33333333333334,83.33333333333334,86.66666666666667,13,43.333333333333336,11,36.666666666666664,1,3.3333333333333335,0,0.0,1,3.3333333333333335,4,13.333333333333334,2.033333333333333,1.8162843634433705,1.0,1.0,83.33333333333334,83.33333333333334,83.33333333333334,19,63.33333333333333,6,20.0,0,0.0,0,0.0,0,0.0,5,16.666666666666664,1.8,1.2754084313139327,1.0,1.0,93.33333333333333,93.33333333333333,93.33333333333333,16,53.333333333333336,10,33.33333333333333,2,6.666666666666667,0,0.0,0,0.0,2,6.666666666666667,2.433333333333333,1.6669999666733317,2.0,1.75,80.0,83.33333333333334,86.66666666666667,10,33.33333333333333,12,40.0,2,6.666666666666667,1,3.3333333333333335,1,3.3333333333333335,4,13.333333333333334
638,True,2.1666666666666665,1.5723301886761007,2.0,1.0,83.33333333333334,86.66666666666667,90.0,13,43.333333333333336,11,36.666666666666664,1,3.3333333333333335,1,3.3333333333333335,1,3.3333333333333335,3,10.0,1.7,1.4177446878757822,1.0,0.75,86.66666666666667,93.33333333333333,93.33333333333333,22,73.33333333333333,3,10.0,1,3.3333333333333335,2,6.666666666666667,0,0.0,2,6.666666666666667,2.033333333333333,1.8162843634433703,1.0,1.0,83.33333333333334,83.33333333333334,83.33333333333334,19,63.33333333333333,6,20.0,0,0.0,0,0.0,0,0.0,5,16.666666666666664,2.1,1.7578395831246945,1.0,1.0,80.0,80.0,90.0,18,60.0,6,20.0,0,0.0,0,0.0,3,10.0,3,10.0
639,False,2.7,1.9689252567496478,2.0,3.5,73.33333333333333,73.33333333333333,80.0,13,43.333333333333336,5,16.666666666666664,4,13.333333333333334,0,0.0,2,6.666666666666667,6,20.0,2.1666666666666665,1.9163043135739746,1.0,1.75,80.0,80.0,83.33333333333334,20,66.66666666666666,2,6.666666666666667,2,6.666666666666667,0,0.0,1,3.3333333333333335,5,16.666666666666664,2.5,2.0615528128088303,1.0,3.75,70.0,73.33333333333333,80.0,17,56.666666666666664,4,13.333333333333334,0,0.0,1,3.3333333333333335,2,6.666666666666667,6,20.0,2.7,2.1931712199461306,1.0,4.75,66.66666666666666,70.0,73.33333333333333,17,56.666666666666664,2,6.666666666666667,1,3.3333333333333335,1,3.3333333333333335,1,3.3333333333333335,8,26.666666666666668
640,True,2.2333333333333334,1.5849991237291654,2.0,1.75,83.33333333333334,86.66666666666667,90.0,13,43.333333333333336,9,30.0,3,10.0,1,3.3333333333333335,1,3.3333333333333335,3,10.0,2.033333333333333,1.8162843634433705,1.0,1.0,83.33333333333334,83.33333333333334,83.33333333333334,19,63.33333333333333,6,20.0,0,0.0,0,0.0,0,0.0,5,16.666666666666664,2.066666666666667,1.671991493864594,1.0,1.0,86.66666666666667,86.66666666666667,86.66666666666667,17,56.666666666666664,6,20.0,3,10.0,0,0.0,0,0.0,4,13.333333333333334,2.533333333333333,2.012185103038209,1.5,2.0,76.66666666666667,76.66666666666667,76.66666666666667,15,50.0,5,16.666666666666664,3,10.0,0,0.0,0,0.0,7,23.333333333333332
641,False,2.3,1.7916472867168916,1.5,2.0,83.33333333333334,83.33333333333334,83.33333333333334,15,50.0,6,20.0,4,13.333333333333334,0,0.0,0,0.0,5,16.666666666666664,1.7666666666666666,1.4533486237727764,1.0,1.0,90.0,90.0,93.33333333333333,21,70.0,3,10.0,3,10.0,0,0.0,1,3.3333333333333335,2,6.666666666666667,2.1333333333333333,1.8208667044996885,1.0,1.0,83.33333333333334,83.33333333333334,83.33333333333334,18,60.0,5,16.666666666666664,2,6.666666666666667,0,0.0,0,0.0,5,16.666666666666664,2.466666666666667,1.8926759422104522,2.0,2.0,80.0,80.0,80.0,14,46.666666666666664,6,20.0,4,13.333333333333334,0,0.0,0,0.0,6,20.0
642,False,1.6666666666666667,1.1925695879998877,1.0,1.0,90.0,96.66666666666667,96.66666666666667,20,66.66666666666666,5,16.666666666666664,2,6.666666666666667,2,6.666666666666667,0,0.0,1,3.3333333333333335,1.6,1.3063945294843617,1.0,0.75,93.33333333333333,93.33333333333333,93.33333333333333,22,73.33333333333333,4,13.333333333333334,2,6.666666666666667,0,0.0,0,0.0,2,6.666666666666667,2.3,1.9689252567496476,1.0,1.75,76.66666666666667,80.0,80.0,18,60.0,4,13.333333333333334,1,3.3333333333333335,1,3.3333333333333335,0,0.0,6,20.0,2.3333333333333335,1.8499249234015476,1.0,2.0,76.66666666666667,83.33333333333334,83.33333333333334,16,53.333333333333336,5,16.666666666666664,2,6.666666666666667,2,6.666666666666667,0,0.0,5,16.666666666666664
643,False,2.466666666666667,1.627540748764494,2.0,2.0,80.0,86.66666666666667,86.66666666666667,10,33.33333333333333,10,33.33333333333333,4,13.333333333333334,2,6.666666666666667,0,0.0,4,13.333333333333334,2.1,1.619670748434179,1.0,1.75,80.0,90.0,90.0,17,56.666666666666664,5,16.666666666666664,2,6.666666666666667,3,10.0,0,0.0,3,10.0,2.533333333333333,2.045048220023729,1.0,2.75,73.33333333333333,76.66666666666667,76.66666666666667,16,53.333333333333336,4,13.333333333333334,2,6.666666666666667,1,3.3333333333333335,0,0.0,7,23.333333333333332,2.7,1.7540429489230491,2.0,3.0,66.66666666666666,83.33333333333334,86.66666666666667,11,36.666666666666664,6,20.0,3,10.0,5,16.666666666666664,1,3.3333333333333335,4,13.333333333333334
644,True,2.3666666666666667,1.702612371882951,2.0,1.75,80.0,83.33333333333334,86.66666666666667,12,40.0,10,33.33333333333333,2,6.666666666666667,1,3.3333333333333335,1,3.3333333333333335,4,13.333333333333334,2.1,1.5779733838059502,1.0,1.0,80.0,86.66666666666667,93.33333333333333,16,53.333333333333336,7,23.333333333333332,1,3.3333333333333335,2,6.666666666666667,2,6.666666666666667,2,6.666666666666667,1.9666666666666666,1.3780017739062924,1.5,1.0,83.33333333333334,90.0,96.66666666666667,15,50.0,10,33.33333333333333,0,0.0,2,6.666666666666667,2,6.666666666666667,1,3.3333333333333335,2.6333333333333333,1.8882678717691395,2.0,3.0,70.0,80.0,83.33333333333334,14,46.666666666666664,3,10.0,4,13.333333333333334,3,10.0,1,3.3333333333333335,5,16.666666666666664
645,True,2.4,1.7243356208503415,2.0,2.0,80.0,83.33333333333334,86.66666666666667,13,43.333333333333336,7,23.333333333333332,4,13.333333333333334,1,3.3333333333333335,1,3.3333333333333335,4,13.333333333333334,1.9666666666666666,1.53803626600791,1.0,1.0,86.66666666666667,90.0,90.0,17,56.666666666666664,7,23.333333333333332,2,6.666666666666667,1,3.3333333333333335,0,0.0,3,10.0,1.9666666666666666,1.4940623220676645,1.0,1.0,90.0,90.0,90.0,16,53.333333333333336,8,26.666666666666668,3,10.0,0,0.0,0,0.0,3,10.0,2.4,1.836663641860788,1.5,2.75,73.33333333333333,80.0,86.66666666666667,15,50.0,6,20.0,1,3.3333333333333335,2,6.666666666666667,2,6.666666666666667,4,13.333333333333334
646,True,1.6333333333333333,1.2242911781471306,1.0,1.0,93.33333333333333,93.33333333333333,96.66666666666667,21,70.0,4,13.333333333333334,3,10.0,0,0.0,1,3.3333333333333335,1,3.3333333333333335,1.6,1.3564659966250538,1.0,0.0,90.0,93.33333333333333,93.33333333333333,23,76.66666666666667,3,10.0,1,3.3333333333333335,1,3.3333333333333335,0,0.0,2,6.666666666666667,1.9333333333333333,1.730767331432956,1.0,1.0,83.33333333333334,86.66666666666667,86.66666666666667,21,70.0,3,10.0,1,3.3333333333333335,1,3.3333333333333335,0,0.0,4,13.333333333333334,2.0,1.570562531918633,1.0,1.75,86.66666666666667,90.0,90.0,18,60.0,4,13.333333333333334,4,13.333333333333334,1,3.3333333333333335,0,0.0,3,10.0
647,True,2.1666666666666665,1.4395215254459455,2.0,2.0,86.66666666666667,90.0,93.33333333333333,13,43.333333333333336,8,26.666666666666668,5,16.666666666666664,1,3.3333333333333335,1,3.3333333333333335,2,6.666666666666667,1.8666666666666667,1.521694961401777,1.0,1.0,90.0,90.0,90.0,19,63.33333333333333,5,16.666666666666664,3,10.0,0,0.0,0,0.0,3,10.0,1.9333333333333333,1.4360439485692011,1.0,1.0,90.0,90.0,93.33333333333333,17,56.666666666666664,6,20.0,4,13.333333333333334,0,0.0,1,3.3333333333333335,2,6.666666666666667,2.6,1.8,2.0,2.75,73.33333333333333,80.0,86.66666666666667,13,43.333333333333336,4,13.333333333333334,5,16.666666666666664,2,6.666666666666667,2,6.666666666666667,4,13.333333333333334
648,True,2.2666666666666666,1.5477582354991866,2.0,1.75,80.0,90.0,90.0,12,40.0,10,33.33333333333333,2,6.666666666666667,3,10.0,0,0.0,3,10.0,1.9666666666666666,1.682920741515245,1.0,1.0,86.66666666666667,86.66666666666667,86.66666666666667,19,63.33333333333333,5,16.666666666666664,2,6.666666666666667,0,0.0,0,0.0,4,13.333333333333334,1.9333333333333333,1.5260697523012796,1.0,1.0,86.66666666666667,90.0,90.0,17,56.666666666666664,8,26.666666666666668,1,3.3333333333333335,1,3.3333333333333335,0,0.0,3,10.0,2.033333333333333,1.3780017739062924,2.0,1.0,86.66666666666667,93.33333333333333,93.33333333333333,14,46.666666666666664,9,30.0,3,10.0,2,6.666666666666667,0,0.0,2,6.666666666666667
649,True,2.0,1.0954451150103321,2.0,2.0,90.0,96.66666666666667,100.0,13,43.333333333333336,8,26.666666666666668,6,20.0,2,6.666666666666667,1,3.3333333333333335,0,0.0,2.033333333333333,1.6224124698183944,1.0,1.75,86.66666666666667,86.66666666666667,90.0,18,60.0,4,13.333333333333334,4,13.333333333333334,0,0.0,1,3.3333333333333335,3,10.0,2.2666666666666666,1.7113996870657915,2.0,1.75,83.33333333333334,83.33333333333334,86.66666666666667,14,46.666666666666664,8,26.666666666666668,3,10.0,0,0.0,1,3.3333333333333335,4,13.333333333333334,2.566666666666667,1.8917951498216947,2.0,2.0,76.66666666666667,80.0,80.0,13,43.333333333333336,6,20.0,4,13.333333333333334,1,3.3333333333333335,0,0.0,6,20.0
650,False,2.7,1.917463602435954,2.0,3.0,70.0,76.66666666666667,80.0,11,36.666666666666664,9,30.0,1,3.3333333333333335,2,6.666666666666667,1,3.3333333333333335,6,20.0,2.2333333333333334,1.8381754238616317,1.0,1.0,76.66666666666667,80.0,86.66666666666667,17,56.666666666666664,6,20.0,0,0.0,1,3.3333333333333335,2,6.666666666666667,4,13.333333333333334,2.3,1.8284784202536637,1.0,1.75,76.66666666666667,80.0,86.66666666666667,16,53.333333333333336,6,20.0,1,3.3333333333333335,1,3.3333333333333335,2,6.666666666666667,4,13.333333333333334,2.6666666666666665,1.9888578520235063,2.0,3.75,70.0,73.33333333333333,80.0,13,43.333333333333336,7,23.333333333333332,1,3.3333333333333335,1,3.3333333333333335,2,6.666666666666667,6,20.0
651,True,1.9666666666666666,1.2242911781471304,2.0,1.0,86.66666666666667,96.66666666666667,96.66666666666667,14,46.666666666666664,9,30.0,3,10.0,3,10.0,0,0.0,1,3.3333333333333335,1.8666666666666667,1.499629583893599,1.0,1.0,83.33333333333334,90.0,93.33333333333333,19,63.33333333333333,6,20.0,0,0.0,2,6.666666666666667,1,3.3333333333333335,2,6.666666666666667,1.9666666666666666,1.6017351702311948,1.0,1.0,80.0,86.66666666666667,93.33333333333333,19,63.33333333333333,5,16.666666666666664,0,0.0,2,6.666666666666667,2,6.666666666666667,2,6.666666666666667,2.433333333333333,1.6868774571839993,2.0,3.0,70.0,83.33333333333334,93.33333333333333,14,46.666666666666664,5,16.666666666666664,2,6.666666666666667,4,13.333333333333334,3,10.0,2,6.666666666666667
652,True,2.3,1.6563010998406458,2.0,1.0,80.0,86.66666666666667,86.66666666666667,12,40.0,11,36.666666666666664,1,3.3333333333333335,2,6.666666666666667,0,0.0,4,13.333333333333334,1.7666666666666666,1.3585122581543223,1.0,1.0,93.33333333333333,93.33333333333333,93.33333333333333,20,66.66666666666666,3,10.0,5,16.666666666666664,0,0.0,0,0.0,2,6.666666666666667,1.9333333333333333,1.5477582354991866,1.0,1.75,90.0,90.0,90.0,19,63.33333333333333,3,10.0,5,16.666666666666664,0,0.0,0,0.0,3,10.0,2.1333333333333333,1.3349989596333856,2.0,2.0,86.66666666666667,93.33333333333333,96.66666666666667,14,46.666666666666664,5,16.666666666666664,7,23.333333333333332,2,6.666666666666667,1,3.3333333333333335,1,3.3333333333333335
653,True,2.466666666666667,1.4772346537440226,2.0,1.75,86.66666666666667,86.66666666666667,90.0,8,26.666666666666668,11,36.666666666666664,7,23.333333333333332,0,0.0,1,3.3333333333333335,3,10.0,2.0,1.5491933384829668,1.0,1.0,80.0,90.0,93.33333333333333,18,60.0,5,16.666666666666664,1,3.3333333333333335,3,10.0,1,3.3333333333333335,2,6.666666666666667,2.2333333333333334,1.6868774571839993,2.0,1.0,80.0,86.66666666666667,86.66666666666667,14,46.666666666666664,9,30.0,1,3.3333333333333335,2,6.666666666666667,0,0.0,4,13.333333333333334,2.8,1.8147543451754933,2.0,3.0,70.0,76.66666666666667,83.33333333333334,9,30.0,9,30.0,3,10.0,2,6.666666666666667,2,6.666666666666667,5,16.666666666666664
654,True,2.2333333333333334,1.7065234314893605,1.0,2.0,80.0,83.33333333333334,90.0,16,53.333333333333336,5,16.666666666666664,3,10.0,1,3.3333333333333335,2,6.666666666666667,3,10.0,1.8,1.661324772583615,1.0,0.0,83.33333333333334,86.66666666666667,90.0,23,76.66666666666667,2,6.666666666666667,0,0.0,1,3.3333333333333335,1,3.3333333333333335,3,10.0,2.066666666666667,1.8427033281447005,1.0,1.0,83.33333333333334,83.33333333333334,83.33333333333334,20,66.66666666666666,3,10.0,2,6.666666666666667,0,0.0,0,0.0,5,16.666666666666664,2.4,1.9595917942265424,1.0,2.0,76.66666666666667,80.0,80.0,17,56.666666666666664,3,10.0,3,10.0,1,3.3333333333333335,0,0.0,6,20.0
655,True,2.3666666666666667,1.8526257642120336,1.5,2.0,80.0,80.0,83.33333333333334,15,50.0,6,20.0,3,10.0,0,0.0,1,3.3333333333333335,5,16.666666666666664,1.9,1.598957994028194,1.0,1.0,86.66666666666667,86.66666666666667,90.0,19,63.33333333333333,6,20.0,1,3.3333333333333335,0,0.0,1,3.3333333333333335,3,10.0,1.9333333333333333,1.5040685563571303,1.0,1.0,90.0,90.0,90.0,17,56.666666666666664,7,23.333333333333332,3,10.0,0,0.0,0,0.0,3,10.0,2.3333333333333335,1.7763883459298968,1.0,2.0,80.0,83.33333333333334,86.66666666666667,16,53.333333333333336,3,10.0,5,16.666666666666664,1,3.3333333333333335,1,3.3333333333333335,4,13.333333333333334
656,False,2.4,1.8547236990991407,2.0,1.75,76.66666666666667,80.0,83.33333333333334,14,46.666666666666664,8,26.666666666666668,1,3.3333333333333335,1,3.3333333333333335,1,3.3333333333333335,5,16.666666666666664,1.9,1.7387735140993301,1.0,0.0,83.33333333333334,83.33333333333334,90.0,23,76.66666666666667,0,0.0,2,6.666666666666667,0,0.0,2,6.666666666666667,3,10.0,2.1666666666666665,1.7336538165261124,1.0,2.0,83.33333333333334,86.66666666666667,86.66666666666667,18,60.0,2,6.666666666666667,5,16.666666666666664,1,3.3333333333333335,0,0.0,4,13.333333333333334,3.1666666666666665,2.2073110841524404,3.0,5.0,63.33333333333333,63.33333333333333,66.66666666666666,13,43.333333333333336,1,3.3333333333333335,5,16.666666666666664,0,0.0,1,3.3333333333333335,10,33.33333333333333
657,False,2.433333333333333,1.430229196861662,2.0,1.75,86.66666666666667,90.0,90.0,8,26.666666666666668,11,36.666666666666664,7,23.333333333333332,1,3.3333333333333335,0,0.0,3,10.0,2.0,1.61245154965971,1.0,1.0,86.66666666666667,86.66666666666667,90.0,18,60.0,5,16.666666666666664,3,10.0,0,0.0,1,3.3333333333333335,3,10.0,2.1,1.7578395831246945,1.0,1.0,83.33333333333334,83.33333333333334,86.66666666666667,18,60.0,5,16.666666666666664,2,6.666666666666667,0,0.0,1,3.3333333333333335,4,13.333333333333334,2.566666666666667,1.6669999666733315,2.0,2.75,73.33333333333333,83.33333333333334,90.0,11,36.666666666666664,7,23.333333333333332,4,13.333333333333334,3,10.0,2,6.666666666666667,3,10.0
658,True,2.3,1.6360521589077368,2.0,1.75,83.33333333333334,86.66666666666667,86.66666666666667,12,40.0,10,33.33333333333333,3,10.0,1,3.3333333333333335,0,0.0,4,13.333333333333334,1.8666666666666667,1.4544949486180951,1.0,1.0,90.0,90.0,93.33333333333333,19,63.33333333333333,4,13.333333333333334,4,13.333333333333334,0,0.0,1,3.3333333333333335,2,6.666666666666667,2.066666666666667,1.5040685563571303,1.0,1.75,83.33333333333334,90.0,93.33333333333333,16,53.333333333333336,6,20.0,3,10.0,2,6.666666666666667,1,3.3333333333333335,2,6.666666666666667,2.6333333333333333,1.7978382080215733,2.0,2.75,73.33333333333333,83.33333333333334,83.33333333333334,12,40.0,5,16.666666666666664,5,16.666666666666664,3,10.0,0,0.0,5,16.666666666666664
659,True,2.533333333333333,1.586050300449376,2.0,2.0,80.0,83.33333333333334,90.0,9,30.0,10,33.33333333333333,5,16.666666666666664,1,3.3333333333333335,2,6.666666666666667,3,10.0,1.9333333333333333,1.5040685563571303,1.0,1.0,83.33333333333334,90.0,93.33333333333333,18,60.0,6,20.0,1,3.3333333333333335,2,6.666666666666667,1,3.3333333333333335,2,6.666666666666667,2.3333333333333335,1.903213656482693,1.5,1.0,80.0,80.0,80.0,15,50.0,8,26.666666666666668,1,3.3333333333333335,0,0.0,0,0.0,6,20.0,2.8,1.8511257835886428,2.0,3.0,70.0,80.0,80.0,10,33.33333333333333,7,23.333333333333332,4,13.333333333333334,3,10.0,0,0.0,6,20.0
660,False,2.3,1.9,1.0,1.75,76.66666666666667,80.0,83.33333333333334,17,56.666666666666664,5,16.666666666666664,1,3.3333333333333335,1,3.3333333333333335,1,3.3333333333333335,5,16.666666666666664,2.1666666666666665,1.8454147380888546,1.0,1.75,80.0,80.0,86.66666666666667,19,63.33333333333333,3,10.0,2,6.666666666666667,0,0.0,2,6.666666666666667,4,13.333333333333334,2.6333333333333333,2.167692065051881,1.0,4.75,70.0,70.0,73.33333333333333,16,53.333333333333336,5,16.666666666666664,0,0.0,0,0.0,1,3.3333333333333335,8,26.666666666666668,2.433333333333333,1.8562207723101138,1.5,2.0,80.0,80.0,83.33333333333334,15,50.0,4,13.333333333333334,5,16.666666666666664,0,0.0,1,3.3333333333333335,5,16.666666666666664
661,True,2.3333333333333335,1.534781924429512,2.0,2.0,80.0,90.0,90.0,11,36.666666666666664,10,33.33333333333333,3,10.0,3,10.0,0,0.0,3,10.0,1.9666666666666666,1.5162087220725544,1.0,1.0,83.33333333333334,90.0,93.33333333333333,18,60.0,5,16.666666666666664,2,6.666666666666667,2,6.666666666666667,1,3.3333333333333335,2,6.666666666666667,2.2,1.7009801096230766,1.0,1.75,80.0,83.33333333333334,90.0,16,53.333333333333336,6,20.0,2,6.666666666666667,1,3.3333333333333335,2,6.666666666666667,3,10.0,2.3,1.3203534880225571,2.0,2.0,90.0,93.33333333333333,93.33333333333333,10,33.33333333333333,8,26.666666666666668,9,30.0,1,3.3333333333333335,0,0.0,2,6.666666666666667
662,False,2.066666666666667,1.4126413400278062,2.0,1.0,83.33333333333334,93.33333333333333,93.33333333333333,14,46.666666666666664,9,30.0,2,6.666666666666667,3,10.0,0,0.0,2,6.666666666666667,1.8333333333333333,1.6141733350404337,1.0,1.0,86.66666666666667,86.66666666666667,90.0,21,70.0,4,13.333333333333334,1,3.3333333333333335,0,0.0,1,3.3333333333333335,3,10.0,1.7333333333333334,1.5040685563571303,1.0,1.0,90.0,90.0,90.0,21,70.0,5,16.666666666666664,1,3.3333333333333335,0,0.0,0,0.0,3,10.0,2.1666666666666665,1.5509853498842454,1.0,2.0,80.0,90.0,93.33333333333333,16,53.333333333333336,4,13.333333333333334,4,13.333333333333334,3,10.0,1,3.3333333333333335,2,6.666666666666667
663,False,2.566666666666667,1.6265163865007801,2.0,1.75,80.0,83.33333333333334,86.66666666666667,8,26.666666666666668,12,40.0,4,13.333333333333334,1,3.3333333333333335,1,3.3333333333333335,4,13.333333333333334,2.1,1.556705923844749,2.0,1.0,86.66666666666667,86.66666666666667,90.0,14,46.666666666666664,10,33.33333333333333,2,6.666666666666667,0,0.0,1,3.3333333333333335,3,10.0,2.7333333333333334,1.9821424996424675,2.0,3.5,73.33333333333333,73.33333333333333,76.66666666666667,11,36.666666666666664,9,30.0,2,6.666666666666667,0,0.0,1,3.3333333333333335,7,23.333333333333332,2.7666666666666666,1.9093337988826249,2.0,3.5,73.33333333333333,73.33333333333333,80.0,10,33.33333333333333,9,30.0,3,10.0,0,0.0,2,6.666666666666667,6,20.0
664,True,2.066666666666667,1.364632632697248,2.0,2.0,90.0,93.33333333333333,93.33333333333333,14,46.666666666666664,7,23.333333333333332,6,20.0,1,3.3333333333333335,0,0.0,2,6.666666666666667,1.7,1.1298967504452193,1.0,1.0,96.66666666666667,96.66666666666667,96.66666666666667,19,63.33333333333333,4,13.333333333333334,6,20.0,0,0.0,0,0.0,1,3.3333333333333335,2.1666666666666665,1.5723301886761005,1.5,2.0,83.33333333333334,90.0,90.0,15,50.0,6,20.0,4,13.333333333333334,2,6.666666666666667,0,0.0,3,10.0,2.3666666666666667,1.7792008193443356,1.5,2.0,76.66666666666667,83.33333333333334,86.66666666666667,15,50.0,5,16.666666666666664,3,10.0,2,6.666666666666667,1,3.3333333333333335,4,13.333333333333334
665,True,2.2666666666666666,1.5260697523012796,2.0,1.75,80.0,86.66666666666667,93.33333333333333,12,40.0,10,33.33333333333333,2,6.666666666666667,2,6.666666666666667,2,6.666666666666667,2,6.666666666666667,1.8666666666666667,1.384035966135113,1.0,1.0,86.66666666666667,93.33333333333333,93.33333333333333,17,56.666666666666664,8,26.666666666666668,1,3.3333333333333335,2,6.666666666666667,0,0.0,2,6.666666666666667,1.9,1.445683229480096,1.0,1.0,86.66666666666667,90.0,93.33333333333333,17,56.666666666666664,8,26.666666666666668,1,3.3333333333333335,1,3.3333333333333335,1,3.3333333333333335,2,6.666666666666667,2.566666666666667,1.7829438827088442,2.0,2.0,76.66666666666667,80.0,83.33333333333334,10,33.33333333333333,11,36.666666666666664,2,6.666666666666667,1,3.3333333333333335,1,3.3333333333333335,5,16.666666666666664
666,True,2.1666666666666665,1.4851112939963642,2.0,1.0,86.66666666666667,90.0,90.0,12,40.0,11,36.666666666666664,3,10.0,1,3.3333333333333335,0,0.0,3,10.0,1.7666666666666666,1.2827920936595907,1.0,1.0,93.33333333333333,93.33333333333333,93.33333333333333,17,56.666666666666664,9,30.0,2,6.666666666666667,0,0.0,0,0.0,2,6.666666666666667,2.2,1.758787461103056,2.0,1.0,83.33333333333334,83.33333333333334,83.33333333333334,14,46.666666666666664,11,36.666666666666664,0,0.0,0,0.0,0,0.0,5,16.666666666666664,1.9,1.1357816691600546,2.0,1.0,90.0,96.66666666666667,96.66666666666667,13,43.333333333333336,12,40.0,2,6.666666666666667,2,6.666666666666667,0,0.0,1,3.3333333333333335
667,True,1.7333333333333334,1.3148721948877347,1.0,1.0,93.33333333333333,93.33333333333333,93.33333333333333,19,63.33333333333333,6,20.0,3,10.0,0,0.0,0,0.0,2,6.666666666666667,1.5,1.0878112581387147,1.0,0.0,96.66666666666667,96.66666666666667,96.66666666666667,23,76.66666666666667,2,6.666666666666667,4,13.333333333333334,0,0.0,0,0.0,1,3.3333333333333335,1.8333333333333333,1.5723301886761007,1.0,1.0,86.66666666666667,90.0,90.0,21,70.0,3,10.0,2,6.666666666666667,1,3.3333333333333335,0,0.0,3,10.0,2.066666666666667,1.6519348924485158,1.0,1.75,83.33333333333334,86.66666666666667,90.0,18,60.0,4,13.333333333333334,3,10.0,1,3.3333333333333335,1,3.3333333333333335,3,10.0
668,True,2.2,1.7776388834631176,1.5,1.0,83.33333333333334,83.33333333333334,83.33333333333334,15,50.0,9,30.0,1,3.3333333333333335,0,0.0,0,0.0,5,16.666666666666664,1.8333333333333333,1.7336538165261124,1.0,0.0,83.33333333333334,86.66666666666667,86.66666666666667,23,76.66666666666667,2,6.666666666666667,0,0.0,1,3.3333333333333335,0,0.0,4,13.333333333333334,1.9333333333333333,1.8427033281447003,1.0,0.75,83.33333333333334,83.33333333333334,83.33333333333334,22,73.33333333333333,3,10.0,0,0.0,0,0.0,0,0.0,5,16.666666666666664,2.2,1.6812693617224654,1.0,2.0,80.0,86.66666666666667,90.0,17,56.666666666666664,3,10.0,4,13.333333333333334,2,6.666666666666667,1,3.3333333333333335,3,10.0
669,True,2.3,1.7729448195962934,2.0,1.75,83.33333333333334,83.33333333333334,83.33333333333334,14,46.666666666666664,8,26.666666666666668,3,10.0,0,0.0,0,0.0,5,16.666666666666664,1.7,1.1298967504452195,1.0,1.0,93.33333333333333,96.66666666666667,96.66666666666667,18,60.0,7,23.333333333333332,3,10.0,1,3.3333333333333335,0,0.0,1,3.3333333333333335,1.9,1.5132745950421556,1.0,1.0,90.0,90.0,90.0,18,60.0,6,20.0,3,10.0,0,0.0,0,0.0,3,10.0,2.1,1.3988090172238192,2.0,2.0,86.66666666666667,93.33333333333333,93.33333333333333,14,46.666666666666664,7,23.333333333333332,5,16.666666666666664,2,6.666666666666667,0,0.0,2,6.666666666666667
670,True,2.3666666666666667,1.4715826703096078,2.0,0.75,80.0,90.0,90.0,8,26.666666666666668,15,50.0,1,3.3333333333333335,3,10.0,0,0.0,3,10.0,2.1333333333333333,1.7838784213679537,1.0,1.0,83.33333333333334,83.33333333333334,83.33333333333334,16,53.333333333333336,9,30.0,0,0.0,0,0.0,0,0.0,5,16.666666666666664,2.4,1.9252705437591533,1.5,1.75,76.66666666666667,80.0,80.0,15,50.0,7,23.333333333333332,1,3.3333333333333335,1,3.3333333333333335,0,0.0,6,20.0,2.8666666666666667,1.892675942210452,2.0,2.75,70.0,76.66666666666667,76.66666666666667,8,26.666666666666668,11,36.666666666666664,2,6.666666666666667,2,6.666666666666667,0,0.0,7,23.333333333333332
671,True,2.2666666666666666,1.5040685563571303,2.0,2.0,86.66666666666667,90.0,90.0,12,40.0,8,26.666666666666668,6,20.0,1,3.3333333333333335,0,0.0,3,10.0,1.8,1.5362291495737217,1.0,1.0,86.66666666666667,86.66666666666667,93.33333333333333,21,70.0,4,13.333333333333334,1,3.3333333333333335,0,0.0,2,6.666666666666667,2,6.666666666666667,1.8333333333333333,1.529342632927262,1.0,1.0,86.66666666666667,86.66666666666667,93.33333333333333,20,66.66666666666666,5,16.666666666666664,1,3.3333333333333335,0,0.0,2,6.666666666666667,2,6.666666666666667,2.3333333333333335,1.7191729277636836,1.5,2.0,76.66666666666667,83.33333333333334,90.0,15,50.0,5,16.666666666666664,3,10.0,2,6.666666666666667,2,6.666666666666667,3,10.0
672,True,2.433333333333333,1.6669999666733315,2.0,2.0,76.66666666666667,83.33333333333334,90.0,12,40.0,8,26.666666666666668,3,10.0,2,6.666666666666667,2,6.666666666666667,3,10.0,1.9333333333333333,1.590248058916875,1.0,1.75,86.66666666666667,90.0,90.0,20,66.66666666666666,2,6.666666666666667,4,13.333333333333334,1,3.3333333333333335,0,0.0,3,10.0,1.8666666666666667,1.521694961401777,1.0,1.0,90.0,90.0,90.0,19,63.33333333333333,5,16.666666666666664,3,10.0,0,0.0,0,0.0,3,10.0,2.3,1.5737428845483834,2.0,2.0,83.33333333333334,90.0,90.0,14,46.666666666666664,4,13.333333333333334,7,23.333333333333332,2,6.666666666666667,0,0.0,3,10.0
673,True,2.566666666666667,1.8199511592958264,2.0,2.75,73.33333333333333,80.0,83.33333333333334,11,36.666666666666664,10,33.33333333333333,1,3.3333333333333335,2,6.666666666666667,1,3.3333333333333335,5,16.666666666666664,1.7666666666666666,1.3585122581543223,1.0,1.0,90.0,93.33333333333333,93.33333333333333,19,63.33333333333333,6,20.0,2,6.666666666666667,1,3.3333333333333335,0,0.0,2,6.666666666666667,2.3,1.9,1.0,1.75,76.66666666666667,80.0,83.33333333333334,17,56.666666666666664,5,16.666666666666664,1,3.3333333333333335,1,3.3333333333333335,1,3.3333333333333335,5,16.666666666666664,3.1333333333333333,2.0773915267843845,2.5,4.75,60.0,66.66666666666666,73.33333333333333,11,36.666666666666664,4,13.333333333333334,3,10.0,2,6.666666666666667,2,6.666666666666667,8,26.666666666666668
674,False,2.1666666666666665,1.4624940645653535,2.0,1.75,83.33333333333334,90.0,93.33333333333333,13,43.333333333333336,9,30.0,3,10.0,2,6.666666666666667,1,3.3333333333333335,2,6.666666666666667,1.8666666666666667,1.4544949486180951,1.0,1.0,86.66666666666667,90.0,93.33333333333333,18,60.0,7,23.333333333333332,1,3.3333333333333335,1,3.3333333333333335,1,3.3333333333333335,2,6.666666666666667,2.2333333333333334,1.8015425489162213,1.0,1.75,83.33333333333334,83.33333333333334,83.33333333333334,16,53.333333333333336,6,20.0,3,10.0,0,0.0,0,0.0,5,16.666666666666664,2.433333333333333,1.6468825769380835,2.0,2.0,76.66666666666667,86.66666666666667,90.0,13,43.333333333333336,5,16.666666666666664,5,16.666666666666664,3,10.0,1,3.3333333333333335,3,10.0
675,True,2.3666666666666667,1.8345450541089348,1.5,2.0,76.66666666666667,83.33333333333334,83.33333333333334,15,50.0,6,20.0,2,6.666666666666667,2,6.666666666666667,0,0.0,5,16.666666666666664,1.9,1.491084616423003,1.0,1.0,86.66666666666667,90.0,93.33333333333333,19,63.33333333333333,4,13.333333333333334,3,10.0,1,3.3333333333333335,1,3.3333333333333335,2,6.666666666666667,2.1333333333333333,1.6679994670929073,1.0,1.75,80.0,86.66666666666667,90.0,17,56.666666666666664,5,16.666666666666664,2,6.666666666666667,2,6.666666666666667,1,3.3333333333333335,3,10.0,2.6,2.009975124224178,1.5,3.5,73.33333333333333,73.33333333333333,80.0,15,50.0,4,13.333333333333334,3,10.0,0,0.0,2,6.666666666666667,6,20.0
676,True,2.1,1.011599393699568,2.0,2.0,86.66666666666667,100.0,100.0,10,33.33333333333333,11,36.666666666666664,5,16.666666666666664,4,13.333333333333334,0,0.0,0,0.0,1.8333333333333333,1.2671051872498809,1.0,1.0,90.0,93.33333333333333,96.66666666666667,17,56.666666666666664,7,23.333333333333332,3,10.0,1,3.3333333333333335,1,3.3333333333333335,1,3.3333333333333335,2.1333333333333333,1.6275407487644937,1.0,1.75,83.33333333333334,86.66666666666667,90.0,16,53.333333333333336,6,20.0,3,10.0,1,3.3333333333333335,1,3.3333333333333335,3,10.0,2.6666666666666665,1.86785676348292,2.0,2.0,76.66666666666667,80.0,80.0,12,40.0,5,16.666666666666664,6,20.0,1,3.3333333333333335,0,0.0,6,20.0
677,True,2.433333333333333,1.5638272140986533,2.0,2.0,80.0,86.66666666666667,90.0,10,33.33333333333333,10,33.33333333333333,4,13.333333333333334,2,6.666666666666667,1,3.3333333333333335,3,10.0,2.1666666666666665,1.714318782749839,1.0,1.0,76.66666666666667,80.0,93.33333333333333,17,56.666666666666664,6,20.0,0,0.0,1,3.3333333333333335,4,13.333333333333334,2,6.666666666666667,2.5,1.8929694486000912,1.5,2.75,73.33333333333333,80.0,83.33333333333334,15,50.0,4,13.333333333333334,3,10.0,2,6.666666666666667,1,3.3333333333333335,5,16.666666666666664,2.6,1.8366636418607882,2.0,2.75,73.33333333333333,80.0,83.33333333333334,12,40.0,7,23.333333333333332,3,10.0,2,6.666666666666667,1,3.3333333333333335,5,16.666666666666664
678,True,2.033333333333333,1.2512216252748973,2.0,1.75,90.0,93.33333333333333,96.66666666666667,13,43.333333333333336,9,30.0,5,16.666666666666664,1,3.3333333333333335,1,3.3333333333333335,1,3.3333333333333335,1.9333333333333333,1.5691469727919756,1.0,1.0,86.66666666666667,90.0,90.0,19,63.33333333333333,4,13.333333333333334,3,10.0,1,3.3333333333333335,0,0.0,3,10.0,2.1333333333333333,1.687865186822955,1.0,1.0,83.33333333333334,86.66666666666667,86.66666666666667,16,53.333333333333336,7,23.333333333333332,2,6.666666666666667,1,3.3333333333333335,0,0.0,4,13.333333333333334,2.6,1.8366636418607882,2.0,2.75,73.33333333333333,80.0,83.33333333333334,12,40.0,7,23.333333333333332,3,10.0,2,6.666666666666667,1,3.3333333333333335,5,16.666666666666664
679,True,2.1,1.3988090172238192,2.0,2.0,86.66666666666667,93.33333333333333,93.33333333333333,14,46.666666666666664,7,23.333333333333332,5,16.666666666666664,2,6.666666666666667,0,0.0,2,6.666666666666667,1.8333333333333333,1.5073892072793353,1.0,1.0,86.66666666666667,90.0,93.33333333333333,21,70.0,2,6.666666666666667,3,10.0,1,3.3333333333333335,1,3.3333333333333335,2,6.666666666666667,2.0,1.61245154965971,1.0,1.75,83.33333333333334,90.0,90.0,19,63.33333333333333,3,10.0,3,10.0,2,6.666666666666667,0,0.0,3,10.0,2.2666666666666666,1.7113996870657913,1.0,2.75,73.33333333333333,86.66666666666667,90.0,16,53.333333333333336,5,16.666666666666664,1,3.3333333333333335,4,13.333333333333334,1,3.3333333333333335,3,10.0
680,True,2.3666666666666667,1.7792008193443356,2.0,2.0,83.33333333333334,83.33333333333334,83.33333333333334,14,46.666666666666664,6,20.0,5,16.666666666666664,0,0.0,0,0.0,5,16.666666666666664,1.9666666666666666,1.7026123718829513,1.0,1.0,83.33333333333334,83.33333333333334,90.0,20,66.66666666666666,4,13.333333333333334,1,3.3333333333333335,0,0.0,2,6.666666666666667,3,10.0,2.2666666666666666,1.9136933459209766,1.0,1.75,76.66666666666667,80.0,83.33333333333334,18,60.0,4,13.333333333333334,1,3.3333333333333335,1,3.3333333333333335,1,3.3333333333333335,5,16.666666666666664,2.8,2.055885859347903,2.0,3.75,66.66666666666666,73.33333333333333,76.66666666666667,14,46.666666666666664,3,10.0,3,10.0,2,6.666666666666667,1,3.3333333333333335,7,23.333333333333332
681,False,2.8333333333333335,1.9507833184532706,2.0,3.75,70.0,73.33333333333333,76.66666666666667,9,30.0,11,36.666666666666664,1,3.3333333333333335,1,3.3333333333333335,1,3.3333333333333335,7,23.333333333333332,2.1666666666666665,1.771690968789108,1.0,1.0,80.0,83.33333333333334,86.66666666666667,17,56.666666666666664,6,20.0,1,3.3333333333333335,1,3.3333333333333335,1,3.3333333333333335,4,13.333333333333334,2.2666666666666666,1.8061622912192088,1.5,1.0,80.0,83.33333333333334,83.33333333333334,15,50.0,8,26.666666666666668,1,3.3333333333333335,1,3.3333333333333335,0,0.0,5,16.666666666666664,2.533333333333333,1.80246744461277,2.0,2.75,73.33333333333333,83.33333333333334,83.33333333333334,12,40.0,8,26.666666666666668,2,6.666666666666667,3,10.0,0,0.0,5,16.666666666666664
682,True,2.1666666666666665,1.5933891203622825,1.5,1.75,80.0,90.0,90.0,15,50.0,7,23.333333333333332,2,6.666666666666667,3,10.0,0,0.0,3,10.0,1.6333333333333333,1.3535960336164639,1.0,0.75,90.0,93.33333333333333,93.33333333333333,22,73.33333333333333,4,13.333333333333334,1,3.3333333333333335,1,3.3333333333333335,0,0.0,2,6.666666666666667,1.7666666666666666,1.4985177861992682,1.0,1.0,90.0,90.0,90.0,20,66.66666666666666,6,20.0,1,3.3333333333333335,0,0.0,0,0.0,3,10.0,2.2666666666666666,1.7876116903722563,1.0,2.75,73.33333333333333,86.66666666666667,86.66666666666667,17,56.666666666666664,4,13.333333333333334,1,3.3333333333333335,4,13.333333333333334,0,0.0,4,13.333333333333334
683,True,2.466666666666667,1.80246744461277,2.0,2.0,76.66666666666667,83.33333333333334,83.33333333333334,13,43.333333333333336,7,23.333333333333332,3,10.0,2,6.666666666666667,0,0.0,5,16.666666666666664,1.9666666666666666,1.4255603186895398,1.0,1.75,80.0,93.33333333333333,96.66666666666667,18,60.0,4,13.333333333333334,2,6.666666666666667,4,13.333333333333334,1,3.3333333333333335,1,3.3333333333333335,2.066666666666667,1.671991493864594,1.0,1.0,80.0,86.66666666666667,90.0,18,60.0,5,16.666666666666664,1,3.3333333333333335,2,6.666666666666667,1,3.3333333333333335,3,10.0,2.6666666666666665,1.903213656482693,2.0,3.0,70.0,76.66666666666667,83.33333333333334,13,43.333333333333336,5,16.666666666666664,3,10.0,2,6.666666666666667,2,6.666666666666667,5,16.666666666666664
684,True,2.2333333333333334,1.5205992970609392,2.0,1.75,83.33333333333334,90.0,90.0,12,40.0,10,33.33333333333333,3,10.0,2,6.666666666666667,0,0.0,3,10.0,1.8333333333333333,1.3437096247164249,1.0,1.0,90.0,93.33333333333333,93.33333333333333,17,56.666666666666664,8,26.666666666666668,2,6.666666666666667,1,3.3333333333333335,0,0.0,2,6.666666666666667,2.0,1.4375905768565218,1.5,1.0,86.66666666666667,90.0,93.33333333333333,15,50.0,9,30.0,2,6.666666666666667,1,3.3333333333333335,1,3.3333333333333335,2,6.666666666666667,2.3333333333333335,1.5986105077709065,2.0,2.75,73.33333333333333,86.66666666666667,93.33333333333333,13,43.333333333333336,8,26.666666666666668,1,3.3333333333333335,4,13.333333333333334,2,6.666666666666667,2,6.666666666666667
685,True,2.1666666666666665,1.5509853498842459,2.0,1.0,80.0,86.66666666666667,93.33333333333333,14,46.666666666666664,9,30.0,1,3.3333333333333335,2,6.666666666666667,2,6.666666666666667,2,6.666666666666667,1.7333333333333334,1.2364824660660938,1.0,1.0,86.66666666666667,96.66666666666667,96.66666666666667,19,63.33333333333333,6,20.0,1,3.3333333333333335,3,10.0,0,0.0,1,3.3333333333333335,2.0,1.7126976771553504,1.0,1.0,83.33333333333334,86.66666666666667,86.66666666666667,19,63.33333333333333,5,16.666666666666664,1,3.3333333333333335,1,3.3333333333333335,0,0.0,4,13.333333333333334,2.1333333333333333,1.54344492037203,1.5,2.0,86.66666666666667,90.0,90.0,15,50.0,6,20.0,5,16.666666666666664,1,3.3333333333333335,0,0.0,3,10.0
686,True,2.2,1.5577761927397231,2.0,1.0,83.33333333333334,83.33333333333334,93.33333333333333,13,43.333333333333336,10,33.33333333333333,2,6.666666666666667,0,0.0,3,10.0,2,6.666666666666667,1.8,1.351542328847553,1.0,1.0,90.0,93.33333333333333,93.33333333333333,18,60.0,7,23.333333333333332,2,6.666666666666667,1,3.3333333333333335,0,0.0,2,6.666666666666667,1.8666666666666667,1.359738536958076,1.0,1.0,90.0,93.33333333333333,93.33333333333333,17,56.666666666666664,7,23.333333333333332,3,10.0,1,3.3333333333333335,0,0.0,2,6.666666666666667,2.2,1.6206994374857624,1.5,2.0,83.33333333333334,86.66666666666667,90.0,15,50.0,6,20.0,4,13.333333333333334,1,3.3333333333333335,1,3.3333333333333335,3,10.0
687,True,2.3333333333333335,1.6397831834998458,2.0,1.75,80.0,83.33333333333334,90.0,12,40.0,10,33.33333333333333,2,6.666666666666667,1,3.3333333333333335,2,6.666666666666667,3,10.0,1.9666666666666666,1.662995957768856,1.0,1.0,83.33333333333334,86.66666666666667,90.0,20,66.66666666666666,3,10.0,2,6.666666666666667,1,3.3333333333333335,1,3.3333333333333335,3,10.0,2.2,1.7009801096230766,1.0,2.0,83.33333333333334,86.66666666666667,86.66666666666667,16,53.333333333333336,5,16.666666666666664,4,13.333333333333334,1,3.3333333333333335,0,0.0,4,13.333333333333334,2.7,1.9000000000000001,2.0,3.75,66.66666666666666,73.33333333333333,86.66666666666667,13,43.333333333333336,5,16.666666666666664,2,6.666666666666667,2,6.666666666666667,4,13.333333333333334,4,13.333333333333334
688,False,2.066666666666667,1.730767331432956,1.0,1.0,80.0,86.66666666666667,86.66666666666667,18,60.0,6,20.0,0,0.0,2,6.666666666666667,0,0.0,4,13.333333333333334,1.7333333333333334,1.569146972791976,1.0,0.0,86.66666666666667,90.0,90.0,23,76.66666666666667,2,6.666666666666667,1,3.3333333333333335,1,3.3333333333333335,0,0.0,3,10.0,2.2,1.8867962264113207,1.0,1.75,76.66666666666667,83.33333333333334,83.33333333333334,19,63.33333333333333,3,10.0,1,3.3333333333333335,2,6.666666666666667,0,0.0,5,16.666666666666664,2.6,2.0264912204760885,1.0,3.0,66.66666666666666,76.66666666666667,80.0,16,53.333333333333336,3,10.0,1,3.3333333333333335,3,10.0,1,3.3333333333333335,6,20.0
689,False,2.1666666666666665,1.6141733350404335,1.5,1.75,83.33333333333334,86.66666666666667,90.0,15,50.0,7,23.333333333333332,3,10.0,1,3.3333333333333335,1,3.3333333333333335,3,10.0,1.9333333333333333,1.7113996870657915,1.0,1.0,83.33333333333334,86.66666666666667,86.66666666666667,20,66.66666666666666,5,16.666666666666664,0,0.0,1,3.3333333333333335,0,0.0,4,13.333333333333334,2.3333333333333335,1.903213656482693,1.0,2.5,73.33333333333333,76.66666666666667,86.66666666666667,17,56.666666666666664,5,16.666666666666664,0,0.0,1,3.3333333333333335,3,10.0,4,13.333333333333334,2.6666666666666665,1.9888578520235063,2.0,2.75,73.33333333333333,76.66666666666667,76.66666666666667,13,43.333333333333336,6,20.0,3,10.0,1,3.3333333333333335,0,0.0,7,23.333333333333332
690,True,2.466666666666667,1.627540748764494,2.0,2.0,83.33333333333334,86.66666666666667,86.66666666666667,11,36.666666666666664,7,23.333333333333332,7,23.333333333333332,1,3.3333333333333335,0,0.0,4,13.333333333333334,2.033333333333333,1.601735170231195,1.0,2.0,86.66666666666667,90.0,90.0,19,63.33333333333333,1,3.3333333333333335,6,20.0,1,3.3333333333333335,0,0.0,3,10.0,2.1666666666666665,1.5933891203622828,1.5,2.0,86.66666666666667,86.66666666666667,90.0,15,50.0,6,20.0,5,16.666666666666664,0,0.0,1,3.3333333333333335,3,10.0,2.466666666666667,1.839081896551163,1.5,2.0,76.66666666666667,83.33333333333334,83.33333333333334,15,50.0,3,10.0,5,16.666666666666664,2,6.666666666666667,0,0.0,5,16.666666666666664
691,True,1.8333333333333333,1.5933891203622825,1.0,1.0,83.33333333333334,90.0,90.0,21,70.0,4,13.333333333333334,0,0.0,2,6.666666666666667,0,0.0,3,10.0,1.5666666666666667,1.2297244497131143,1.0,0.75,90.0,93.33333333333333,96.66666666666667,22,73.33333333333333,5,16.666666666666664,0,0.0,1,3.3333333333333335,1,3.3333333333333335,1,3.3333333333333335,1.9,1.5989579940281942,1.0,1.0,86.66666666666667,86.66666666666667,90.0,19,63.33333333333333,6,20.0,1,3.3333333333333335,0,0.0,1,3.3333333333333335,3,10.0,1.9666666666666666,1.5807874268505835,1.0,1.0,86.66666666666667,86.66666666666667,90.0,17,56.666666666666664,8,26.666666666666668,1,3.3333333333333335,0,0.0,1,3.3333333333333335,3,10.0
692,False,2.2666666666666666,1.8245242911205344,1.0,1.75,80.0,83.33333333333334,83.33333333333334,16,53.333333333333336,6,20.0,2,6.666666666666667,1,3.3333333333333335,0,0.0,5,16.666666666666664,1.8,1.5790292376436015,1.0,0.75,86.66666666666667,90.0,90.0,22,73.33333333333333,2,6.666666666666667,2,6.666666666666667,1,3.3333333333333335,0,0.0,3,10.0,2.4,2.0591260281974,1.0,2.0,76.66666666666667,76.66666666666667,76.66666666666667,18,60.0,3,10.0,2,6.666666666666667,0,0.0,0,0.0,7,23.333333333333332,2.3,1.8466185312619388,1.0,1.75,76.66666666666667,83.33333333333334,83.33333333333334,16,53.333333333333336,6,20.0,1,3.3333333333333335,2,6.666666666666667,0,0.0,5,16.666666666666664
693,True,1.9,1.0754843869934452,2.0,1.0,96.66666666666667,96.66666666666667,96.66666666666667,13,43.333333333333336,10,33.33333333333333,6,20.0,0,0.0,0,0.0,1,3.3333333333333335,1.9,1.468559384794046,1.0,1.0,86.66666666666667,90.0,93.33333333333333,18,60.0,6,20.0,2,6.666666666666667,1,3.3333333333333335,1,3.3333333333333335,2,6.666666666666667,2.0,1.4142135623730951,1.0,1.75,86.66666666666667,93.33333333333333,93.33333333333333,16,53.333333333333336,6,20.0,4,13.333333333333334,2,6.666666666666667,0,0.0,2,6.666666666666667,2.2,1.4696938456699067,2.0,2.0,90.0,90.0,90.0,12,40.0,9,30.0,6,20.0,0,0.0,0,0.0,3,10.0
694,False,2.3333333333333335,1.7384539747207062,2.0,2.0,80.0,83.33333333333334,86.66666666666667,14,46.666666666666664,7,23.333333333333332,3,10.0,1,3.3333333333333335,1,3.3333333333333335,4,13.333333333333334,1.9,1.6802777548171413,1.0,1.0,86.66666666666667,86.66666666666667,86.66666666666667,20,66.66666666666666,5,16.666666666666664,1,3.3333333333333335,0,0.0,0,0.0,4,13.333333333333334,2.4,1.9933221850301406,1.0,2.0,76.66666666666667,76.66666666666667,80.0,17,56.666666666666664,4,13.333333333333334,2,6.666666666666667,0,0.0,1,3.3333333333333335,6,20.0,2.6,2.009975124224178,2.0,2.75,73.33333333333333,76.66666666666667,76.66666666666667,14,46.666666666666664,6,20.0,2,6.666666666666667,1,3.3333333333333335,0,0.0,7,23.333333333333332
695,True,2.6666666666666665,1.6397831834998458,2.0,3.0,66.66666666666666,86.66666666666667,90.0,10,33.33333333333333,7,23.333333333333332,3,10.0,6,20.0,1,3.3333333333333335,3,10.0,2.033333333333333,1.4940623220676645,1.0,1.0,83.33333333333334,90.0,93.33333333333333,16,53.333333333333336,7,23.333333333333332,2,6.666666666666667,2,6.666666666666667,1,3.3333333333333335,2,6.666666666666667,2.4,1.854723699099141,1.5,2.75,73.33333333333333,83.33333333333334,83.33333333333334,15,50.0,6,20.0,1,3.3333333333333335,3,10.0,0,0.0,5,16.666666666666664,2.2666666666666666,1.8427033281447005,1.0,1.0,76.66666666666667,83.33333333333334,83.33333333333334,16,53.333333333333336,7,23.333333333333332,0,0.0,2,6.666666666666667,0,0.0,5,16.666666666666664
696,False,2.2333333333333334,1.6058919293927874,2.0,1.0,80.0,86.66666666666667,90.0,13,43.333333333333336,10,33.33333333333333,1,3.3333333333333335,2,6.666666666666667,1,3.3333333333333335,3,10.0,1.9333333333333333,1.5260697523012796,1.0,1.0,86.66666666666667,90.0,90.0,17,56.666666666666664,8,26.666666666666668,1,3.3333333333333335,1,3.3333333333333335,0,0.0,3,10.0,2.066666666666667,1.671991493864594,1.0,1.0,83.33333333333334,86.66666666666667,86.66666666666667,16,53.333333333333336,9,30.0,0,0.0,1,3.3333333333333335,0,0.0,4,13.333333333333334,2.2333333333333334,1.8015425489162213,1.5,1.0,80.0,83.33333333333334,83.33333333333334,15,50.0,9,30.0,0,0.0,1,3.3333333333333335,0,0.0,5,16.666666666666664
697,False,2.066666666666667,1.3399834161494522,1.0,2.0,83.33333333333334,96.66666666666667,96.66666666666667,16,53.333333333333336,3,10.0,6,20.0,4,13.333333333333334,0,0.0,1,3.3333333333333335,1.9333333333333333,1.7307673314329557,1.0,1.0,83.33333333333334,86.66666666666667,86.66666666666667,21,70.0,3,10.0,1,3.3333333333333335,1,3.3333333333333335,0,0.0,4,13.333333333333334,2.0,1.61245154965971,1.0,1.75,83.33333333333334,90.0,90.0,19,63.33333333333333,3,10.0,3,10.0,2,6.666666666666667,0,0.0,3,10.0,2.533333333333333,1.8571184369578826,2.0,3.0,70.0,83.33333333333334,83.33333333333334,14,46.666666666666664,5,16.666666666666664,2,6.666666666666667,4,13.333333333333334,0,0.0,5,16.666666666666664
698,False,2.5,1.8929694486000912,2.0,2.0,76.66666666666667,80.0,80.0,13,43.333333333333336,8,26.666666666666668,2,6.666666666666667,1,3.3333333333333335,0,0.0,6,20.0,1.9666666666666666,1.53803626600791,1.0,1.0,86.66666666666667,90.0,90.0,17,56.666666666666664,7,23.333333333333332,2,6.666666666666667,1,3.3333333333333335,0,0.0,3,10.0,2.3666666666666667,1.9058389811897078,1.0,2.5,73.33333333333333,80.0,83.33333333333334,16,53.333333333333336,6,20.0,0,0.0,2,6.666666666666667,1,3.3333333333333335,5,16.666666666666664,2.4,1.7048949136725895,2.0,2.0,76.66666666666667,86.66666666666667,86.66666666666667,13,43.333333333333336,7,23.333333333333332,3,10.0,3,10.0,0,0.0,4,13.333333333333334
699,True,1.9333333333333333,0.9637888196533974,2.0,2.0,93.33333333333333,100.0,100.0,13,43.333333333333336,8,26.666666666666668,7,23.333333333333332,2,6.666666666666667,0,0.0,0,0.0,2.066666666666667,1.6110727964792764,1.0,1.0,83.33333333333334,86.66666666666667,90.0,16,53.333333333333336,8,26.666666666666668,1,3.3333333333333335,1,3.3333333333333335,1,3.3333333333333335,3,10.0,1.9333333333333333,1.5040685563571303,1.0,1.0,86.66666666666667,90.0,90.0,16,53.333333333333336,10,33.33333333333333,0,0.0,1,3.3333333333333335,0,0.0,3,10.0,2.1333333333333333,1.8571184369578826,1.0,1.0,80.0,83.33333333333334,83.33333333333334,19,63.33333333333333,4,13.333333333333334,1,3.3333333333333335,1,3.3333333333333335,0,0.0,5,16.666666666666664
700,True,2.2666666666666666,1.730767331432956,2.0,1.0,80.0,83.33333333333334,86.66666666666667,14,46.666666666666664,9,30.0,1,3.3333333333333335,1,3.3333333333333335,1,3.3333333333333335,4,13.333333333333334,1.8333333333333333,1.3924399049470282,1.0,1.0,86.66666666666667,93.33333333333333,93.33333333333333,18,60.0,7,23.333333333333332,1,3.3333333333333335,2,6.666666666666667,0,0.0,2,6.666666666666667,2.4,2.0428737928059415,1.0,1.75,76.66666666666667,76.66666666666667,76.66666666666667,17,56.666666666666664,5,16.666666666666664,1,3.3333333333333335,0,0.0,0,0.0,7,23.333333333333332,2.533333333333333,1.9275776393067947,2.0,2.0,76.66666666666667,76.66666666666667,80.0,13,43.333333333333336,8,26.666666666666668,2,6.666666666666667,0,0.0,1,3.3333333333333335,6,20.0
701,True,2.466666666666667,1.6069294390925268,2.0,2.0,76.66666666666667,86.66666666666667,90.0,11,36.666666666666664,8,26.666666666666668,4,13.333333333333334,3,10.0,1,3.3333333333333335,3,10.0,2.033333333333333,1.6428295373802142,1.0,1.0,83.33333333333334,86.66666666666667,90.0,18,60.0,5,16.666666666666664,2,6.666666666666667,1,3.3333333333333335,1,3.3333333333333335,3,10.0,2.1666666666666665,1.5933891203622828,1.0,2.0,80.0,86.66666666666667,93.33333333333333,16,53.333333333333336,5,16.666666666666664,3,10.0,2,6.666666666666667,2,6.666666666666667,2,6.666666666666667,2.3333333333333335,1.5129074290546956,2.0,2.0,80.0,90.0,93.33333333333333,13,43.333333333333336,5,16.666666666666664,6,20.0,3,10.0,1,3.3333333333333335,2,6.666666666666667
702,True,1.8666666666666667,1.2578641509408803,1.0,1.0,90.0,93.33333333333333,96.66666666666667,16,53.333333333333336,8,26.666666666666668,3,10.0,1,3.3333333333333335,1,3.3333333333333335,1,3.3333333333333335,1.7666666666666666,1.382831234179436,1.0,1.0,86.66666666666667,93.33333333333333,93.33333333333333,19,63.33333333333333,7,23.333333333333332,0,0.0,2,6.666666666666667,0,0.0,2,6.666666666666667,1.9,1.5567059238447487,1.0,1.0,86.66666666666667,90.0,90.0,19,63.33333333333333,5,16.666666666666664,2,6.666666666666667,1,3.3333333333333335,0,0.0,3,10.0,2.433333333333333,1.92671280221579,1.5,2.0,76.66666666666667,80.0,80.0,15,50.0,6,20.0,2,6.666666666666667,1,3.3333333333333335,0,0.0,6,20.0
703,True,2.2,1.661324772583615,1.5,1.75,83.33333333333334,83.33333333333334,90.0,15,50.0,7,23.333333333333332,3,10.0,0,0.0,2,6.666666666666667,3,10.0,1.8666666666666667,1.4544949486180951,1.0,1.0,90.0,90.0,93.33333333333333,19,63.33333333333333,4,13.333333333333334,4,13.333333333333334,0,0.0,1,3.3333333333333335,2,6.666666666666667,1.8666666666666667,1.521694961401777,1.0,1.0,90.0,90.0,90.0,19,63.33333333333333,5,16.666666666666664,3,10.0,0,0.0,0,0.0,3,10.0,2.033333333333333,1.4019827229875392,2.0,1.0,90.0,90.0,93.33333333333333,14,46.666666666666664,9,30.0,4,13.333333333333334,0,0.0,1,3.3333333333333335,2,6.666666666666667
704,True,2.2,1.7009801096230766,1.5,1.0,80.0,86.66666666666667,86.66666666666667,15,50.0,8,26.666666666666668,1,3.3333333333333335,2,6.666666666666667,0,0.0,4,13.333333333333334,1.8333333333333333,1.6141733350404337,1.0,1.0,86.66666666666667,86.66666666666667,90.0,21,70.0,4,13.333333333333334,1,3.3333333333333335,0,0.0,1,3.3333333333333335,3,10.0,2.0,1.7320508075688772,1.0,1.0,83.33333333333334,86.66666666666667,86.66666666666667,20,66.66666666666666,3,10.0,2,6.666666666666667,1,3.3333333333333335,0,0.0,4,13.333333333333334,2.3666666666666667,1.8705317128797598,1.0,2.0,76.66666666666667,76.66666666666667,86.66666666666667,16,53.333333333333336,5,16.666666666666664,2,6.666666666666667,0,0.0,3,10.0,4,13.333333333333334
705,False,2.3333333333333335,1.349897115421106,2.0,2.0,83.33333333333334,93.33333333333333,93.33333333333333,9,30.0,11,36.666666666666664,5,16.666666666666664,3,10.0,0,0.0,2,6.666666666666667,1.9666666666666666,1.5162087220725544,1.0,1.0,90.0,90.0,90.0,17,56.666666666666664,6,20.0,4,13.333333333333334,0,0.0,0,0.0,3,10.0,2.2333333333333334,1.7641491496532322,1.0,1.75,80.0,83.33333333333334,86.66666666666667,16,53.333333333333336,6,20.0,2,6.666666666666667,1,3.3333333333333335,1,3.3333333333333335,4,13.333333333333334,2.7333333333333334,1.9821424996424675,2.0,2.75,73.33333333333333,76.66666666666667,76.66666666666667,13,43.333333333333336,4,13.333333333333334,5,16.666666666666664,1,3.3333333333333335,0,0.0,7,23.333333333333332
706,False,2.4,1.6852299546352716,2.0,2.0,76.66666666666667,83.33333333333334,90.0,13,43.333333333333336,7,23.333333333333332,3,10.0,2,6.666666666666667,2,6.666666666666667,3,10.0,2.033333333333333,1.5807874268505835,1.0,1.0,83.33333333333334,90.0,90.0,17,56.666666666666664,6,20.0,2,6.666666666666667,2,6.666666666666667,0,0.0,3,10.0,2.2666666666666666,1.671991493864594,2.0,2.0,83.33333333333334,86.66666666666667,86.66666666666667,14,46.666666666666664,7,23.333333333333332,4,13.333333333333334,1,3.3333333333333335,0,0.0,4,13.333333333333334,2.6,1.854723699099141,2.0,2.75,73.33333333333333,80.0,83.33333333333334,13,43.333333333333336,5,16.666666666666664,4,13.333333333333334,2,6.666666666666667,1,3.3333333333333335,5,16.666666666666664
707,True,2.1666666666666665,1.5509853498842456,2.0,1.75,83.33333333333334,90.0,90.0,14,46.666666666666664,8,26.666666666666668,3,10.0,2,6.666666666666667,0,0.0,3,10.0,1.7666666666666666,1.3337499349161706,1.0,1.0,86.66666666666667,93.33333333333333,96.66666666666667,20,66.66666666666666,4,13.333333333333334,2,6.666666666666667,2,6.666666666666667,1,3.3333333333333335,1,3.3333333333333335,2.2333333333333334,1.8740923729160799,1.0,1.75,76.66666666666667,83.33333333333334,83.33333333333334,18,60.0,4,13.333333333333334,1,3.3333333333333335,2,6.666666666666667,0,0.0,5,16.666666666666664,2.066666666666667,1.569146972791976,1.0,1.75,83.33333333333334,86.66666666666667,93.33333333333333,17,56.666666666666664,5,16.666666666666664,3,10.0,1,3.3333333333333335,2,6.666666666666667,2,6.666666666666667
708,True,2.1666666666666665,1.654958878307521,1.5,1.75,86.66666666666667,86.66666666666667,86.66666666666667,15,50.0,7,23.333333333333332,4,13.333333333333334,0,0.0,0,0.0,4,13.333333333333334,1.7666666666666666,1.4761059883656353,1.0,1.0,86.66666666666667,90.0,93.33333333333333,21,70.0,4,13.333333333333334,1,3.3333333333333335,1,3.3333333333333335,1,3.3333333333333335,2,6.666666666666667,2.0,1.6931233465600393,1.0,1.0,83.33333333333334,83.33333333333334,90.0,19,63.33333333333333,5,16.666666666666664,1,3.3333333333333335,0,0.0,2,6.666666666666667,3,10.0,2.433333333333333,1.9093337988826249,1.0,2.75,73.33333333333333,80.0,83.33333333333334,16,53.333333333333336,4,13.333333333333334,2,6.666666666666667,2,6.666666666666667,1,3.3333333333333335,5,16.666666666666664
709,True,2.1333333333333333,1.564892612574067,1.5,1.75,83.33333333333334,90.0,90.0,15,50.0,7,23.333333333333332,3,10.0,2,6.666666666666667,0,0.0,3,10.0,1.8,1.3759844960366863,1.0,1.0,90.0,93.33333333333333,93.33333333333333,19,63.33333333333333,5,16.666666666666664,3,10.0,1,3.3333333333333335,0,0.0,2,6.666666666666667,2.1333333333333333,1.564892612574067,1.5,1.75,83.33333333333334,90.0,90.0,15,50.0,7,23.333333333333332,3,10.0,2,6.666666666666667,0,0.0,3,10.0,2.3,1.7349351572897471,1.5,2.0,76.66666666666667,86.66666666666667,86.66666666666667,15,50.0,6,20.0,2,6.666666666666667,3,10.0,0,0.0,4,13.333333333333334
710,True,2.3666666666666667,1.642829537380214,2.0,1.75,80.0,86.66666666666667,86.66666666666667,11,36.666666666666664,11,36.666666666666664,2,6.666666666666667,2,6.666666666666667,0,0.0,4,13.333333333333334,1.9333333333333333,1.5260697523012796,1.0,1.0,86.66666666666667,90.0,90.0,17,56.666666666666664,8,26.666666666666668,1,3.3333333333333335,1,3.3333333333333335,0,0.0,3,10.0,2.2,1.833030277982336,1.0,1.0,80.0,83.33333333333334,83.33333333333334,17,56.666666666666664,6,20.0,1,3.3333333333333335,1,3.3333333333333335,0,0.0,5,16.666666666666664,2.6666666666666665,1.7575235101952091,2.0,2.75,73.33333333333333,80.0,86.66666666666667,11,36.666666666666664,6,20.0,5,16.666666666666664,2,6.666666666666667,2,6.666666666666667,4,13.333333333333334
711,True,2.7333333333333334,1.8245242911205346,2.0,3.0,66.66666666666666,80.0,83.33333333333334,10,33.33333333333333,9,30.0,1,3.3333333333333335,4,13.333333333333334,1,3.3333333333333335,5,16.666666666666664,2.2333333333333334,1.961008810677697,1.0,2.5,73.33333333333333,80.0,83.33333333333334,20,66.66666666666666,2,6.666666666666667,0,0.0,2,6.666666666666667,1,3.3333333333333335,5,16.666666666666664,2.3,1.7729448195962934,1.0,2.0,76.66666666666667,86.66666666666667,86.66666666666667,17,56.666666666666664,2,6.666666666666667,4,13.333333333333334,3,10.0,0,0.0,4,13.333333333333334,2.7,1.9347695814575268,1.5,3.0,60.0,76.66666666666667,86.66666666666667,15,50.0,2,6.666666666666667,1,3.3333333333333335,5,16.666666666666664,3,10.0,4,13.333333333333334
712,True,2.2333333333333334,1.498517786199268,2.0,2.0,86.66666666666667,90.0,90.0,12,40.0,9,30.0,5,16.666666666666664,1,3.3333333333333335,0,0.0,3,10.0,2.066666666666667,1.7499206331208919,1.0,1.0,83.33333333333334,83.33333333333334,86.66666666666667,18,60.0,6,20.0,1,3.3333333333333335,0,0.0,1,3.3333333333333335,4,13.333333333333334,2.033333333333333,1.4487542541400487,1.5,1.0,86.66666666666667,90.0,93.33333333333333,15,50.0,8,26.666666666666668,3,10.0,1,3.3333333333333335,1,3.3333333333333335,2,6.666666666666667,2.3333333333333335,1.577621275493231,2.0,2.0,80.0,83.33333333333334,93.33333333333333,12,40.0,9,30.0,3,10.0,1,3.3333333333333335,3,10.0,2,6.666666666666667
713,False,2.033333333333333,1.4487542541400487,2.0,1.0,83.33333333333334,90.0,93.33333333333333,14,46.666666666666664,11,36.666666666666664,0,0.0,2,6.666666666666667,1,3.3333333333333335,2,6.666666666666667,1.8333333333333333,1.5293426329272617,1.0,1.0,86.66666666666667,86.66666666666667,93.33333333333333,20,66.66666666666666,5,16.666666666666664,1,3.3333333333333335,0,0.0,2,6.666666666666667,2,6.666666666666667,2.3666666666666667,1.9232495649002208,1.0,2.75,73.33333333333333,80.0,83.33333333333334,17,56.666666666666664,4,13.333333333333334,1,3.3333333333333335,2,6.666666666666667,1,3.3333333333333335,5,16.666666666666664,2.4,1.7048949136725895,2.0,2.75,73.33333333333333,83.33333333333334,90.0,13,43.333333333333336,8,26.666666666666668,1,3.3333333333333335,3,10.0,2,6.666666666666667,3,10.0
714,False,2.6333333333333333,2.0893911925619757,2.0,4.25,73.33333333333333,73.33333333333333,73.33333333333333,14,46.666666666666664,7,23.333333333333332,1,3.3333333333333335,0,0.0,0,0.0,8,26.666666666666668,1.9666666666666666,1.7026123718829513,1.0,1.0,83.33333333333334,86.66666666666667,86.66666666666667,19,63.33333333333333,6,20.0,0,0.0,1,3.3333333333333335,0,0.0,4,13.333333333333334,2.3333333333333335,1.8856180831641267,1.0,2.75,73.33333333333333,83.33333333333334,83.33333333333334,17,56.666666666666664,4,13.333333333333334,1,3.3333333333333335,3,10.0,0,0.0,5,16.666666666666664,2.6333333333333333,2.008039397577204,1.5,3.0,66.66666666666666,76.66666666666667,80.0,15,50.0,4,13.333333333333334,1,3.3333333333333335,3,10.0,1,3.3333333333333335,6,20.0
715,True,2.3666666666666667,1.4940623220676648,2.0,2.0,86.66666666666667,86.66666666666667,90.0,9,30.0,12,40.0,5,16.666666666666664,0,0.0,1,3.3333333333333335,3,10.0,2.0,1.61245154965971,1.0,1.0,83.33333333333334,86.66666666666667,90.0,17,56.666666666666664,8,26.666666666666668,0,0.0,1,3.3333333333333335,1,3.3333333333333335,3,10.0,2.2,1.6613247725836149,2.0,1.0,83.33333333333334,86.66666666666667,86.66666666666667,14,46.666666666666664,9,30.0,2,6.666666666666667,1,3.3333333333333335,0,0.0,4,13.333333333333334,2.5,1.6278820596099706,2.0,2.0,80.0,83.33333333333334,90.0,11,36.666666666666664,7,23.333333333333332,6,20.0,1,3.3333333333333335,2,6.666666666666667,3,10.0
716,True,2.1,1.374772708486752,2.0,1.0,90.0,90.0,93.33333333333333,12,40.0,11,36.666666666666664,4,13.333333333333334,0,0.0,1,3.3333333333333335,2,6.666666666666667,2.0,1.7126976771553504,1.0,1.0,83.33333333333334,86.66666666666667,86.66666666666667,19,63.33333333333333,5,16.666666666666664,1,3.3333333333333335,1,3.3333333333333335,0,0.0,4,13.333333333333334,2.3,1.8645821694595994,1.0,2.0,76.66666666666667,83.33333333333334,83.33333333333334,17,56.666666666666664,4,13.333333333333334,2,6.666666666666667,2,6.666666666666667,0,0.0,5,16.666666666666664,2.433333333333333,1.6468825769380833,2.0,2.0,76.66666666666667,86.66666666666667,90.0,13,43.333333333333336,5,16.666666666666664,5,16.666666666666664,3,10.0,1,3.3333333333333335,3,10.0
717,True,1.8333333333333333,0.8595864638818417,2.0,1.0,96.66666666666667,100.0,100.0,13,43.333333333333336,10,33.33333333333333,6,20.0,1,3.3333333333333335,0,0.0,0,0.0,1.8666666666666667,1.4313940369055926,1.0,1.0,90.0,90.0,93.33333333333333,18,60.0,6,20.0,3,10.0,0,0.0,1,3.3333333333333335,2,6.666666666666667,1.9666666666666666,1.4940623220676643,1.0,1.0,83.33333333333334,90.0,93.33333333333333,17,56.666666666666664,7,23.333333333333332,1,3.3333333333333335,2,6.666666666666667,1,3.3333333333333335,2,6.666666666666667,2.6,1.781385228784985,2.0,2.75,73.33333333333333,83.33333333333334,83.33333333333334,11,36.666666666666664,8,26.666666666666668,3,10.0,3,10.0,0,0.0,5,16.666666666666664
718,False,2.3333333333333335,1.8135294011647258,1.5,2.0,80.0,83.33333333333334,83.33333333333334,15,50.0,6,20.0,3,10.0,1,3.3333333333333335,0,0.0,5,16.666666666666664,2.033333333333333,1.834545054108935,1.0,1.0,83.33333333333334,83.33333333333334,83.33333333333334,20,66.66666666666666,4,13.333333333333334,1,3.3333333333333335,0,0.0,0,0.0,5,16.666666666666664,2.1333333333333333,1.8571184369578826,1.0,1.0,80.0,83.33333333333334,83.33333333333334,19,63.33333333333333,4,13.333333333333334,1,3.3333333333333335,1,3.3333333333333335,0,0.0,5,16.666666666666664,2.3,1.7349351572897471,1.5,2.0,80.0,80.0,90.0,15,50.0,6,20.0,3,10.0,0,0.0,3,10.0,3,10.0
719,True,2.1666666666666665,1.5293426329272617,2.0,2.0,86.66666666666667,90.0,90.0,14,46.666666666666664,7,23.333333333333332,5,16.666666666666664,1,3.3333333333333335,0,0.0,3,10.0,1.8333333333333333,1.3924399049470282,1.0,1.0,90.0,93.33333333333333,93.33333333333333,19,63.33333333333333,4,13.333333333333334,4,13.333333333333334,1,3.3333333333333335,0,0.0,2,6.666666666666667,2.066666666666667,1.5040685563571303,1.0,1.75,83.33333333333334,90.0,93.33333333333333,16,53.333333333333336,6,20.0,3,10.0,2,6.666666666666667,1,3.3333333333333335,2,6.666666666666667,2.433333333333333,1.7259457954666158,2.0,2.0,76.66666666666667,80.0,90.0,13,43.333333333333336,7,23.333333333333332,3,10.0,1,3.3333333333333335,3,10.0,3,10.0
720,True,1.9666666666666666,1.3535960336164634,1.5,1.0,90.0,93.33333333333333,93.33333333333333,15,50.0,8,26.666666666666668,4,13.333333333333334,1,3.3333333333333335,0,0.0,2,6.666666666666667,1.9333333333333333,1.6719914938645934,1.0,1.0,86.66666666666667,86.66666666666667,86.66666666666667,19,63.33333333333333,6,20.0,1,3.3333333333333335,0,0.0,0,0.0,4,13.333333333333334,1.7666666666666666,1.3337499349161706,1.0,1.0,90.0,93.33333333333333,93.33333333333333,18,60.0,8,26.666666666666668,1,3.3333333333333335,1,3.3333333333333335,0,0.0,2,6.666666666666667,2.466666666666667,1.8390818965511633,2.0,2.75,73.33333333333333,83.33333333333334,83.33333333333334,14,46.666666666666664,6,20.0,2,6.666666666666667,3,10.0,0,0.0,5,16.666666666666664
721,True,2.1333333333333333,1.4544949486180951,2.0,1.0,83.33333333333334,90.0,93.33333333333333,13,43.333333333333336,10,33.33333333333333,2,6.666666666666667,2,6.666666666666667,1,3.3333333333333335,2,6.666666666666667,2.0,1.505545305418162,1.0,1.0,83.33333333333334,90.0,93.33333333333333,17,56.666666666666664,6,20.0,2,6.666666666666667,2,6.666666666666667,1,3.3333333333333335,2,6.666666666666667,2.3,1.7349351572897471,2.0,1.75,80.0,83.33333333333334,86.66666666666667,14,46.666666666666664,8,26.666666666666668,2,6.666666666666667,1,3.3333333333333335,1,3.3333333333333335,4,13.333333333333334,2.2666666666666666,1.590248058916875,2.0,1.75,76.66666666666667,90.0,90.0,13,43.333333333333336,9,30.0,1,3.3333333333333335,4,13.333333333333334,0,0.0,3,10.0
722,True,2.566666666666667,1.7065234314893605,2.0,2.75,73.33333333333333,86.66666666666667,86.66666666666667,12,40.0,5,16.666666666666664,5,16.666666666666664,4,13.333333333333334,0,0.0,4,13.333333333333334,2.066666666666667,1.6918103387266028,1.0,1.75,80.0,86.66666666666667,90.0,19,63.33333333333333,3,10.0,2,6.666666666666667,2,6.666666666666667,1,3.3333333333333335,3,10.0,2.466666666666667,1.9447936194419764,1.0,2.75,73.33333333333333,76.66666666666667,83.33333333333334,16,53.333333333333336,4,13.333333333333334,2,6.666666666666667,1,3.3333333333333335,2,6.666666666666667,5,16.666666666666664,2.433333333333333,1.5849991237291654,2.0,2.75,73.33333333333333,86.66666666666667,93.33333333333333,12,40.0,7,23.333333333333332,3,10.0,4,13.333333333333334,2,6.666666666666667,2,6.666666666666667
723,True,2.533333333333333,1.7269111795984826,2.0,2.0,76.66666666666667,83.33333333333334,86.66666666666667,12,40.0,6,20.0,5,16.666666666666664,2,6.666666666666667,1,3.3333333333333335,4,13.333333333333334,1.8,1.5143755588800734,1.0,1.0,90.0,90.0,90.0,20,66.66666666666666,5,16.666666666666664,2,6.666666666666667,0,0.0,0,0.0,3,10.0,1.8,1.2754084313139327,1.0,1.0,86.66666666666667,96.66666666666667,96.66666666666667,19,63.33333333333333,4,13.333333333333334,3,10.0,3,10.0,0,0.0,1,3.3333333333333335,2.4,1.685229954635272,2.0,2.75,73.33333333333333,86.66666666666667,90.0,14,46.666666666666664,5,16.666666666666664,3,10.0,4,13.333333333333334,1,3.3333333333333335,3,10.0
724,False,2.3333333333333335,1.7575235101952087,1.5,2.0,80.0,83.33333333333334,86.66666666666667,15,50.0,5,16.666666666666664,4,13.333333333333334,1,3.3333333333333335,1,3.3333333333333335,4,13.333333333333334,2.0,1.7888543819998317,1.0,1.0,83.33333333333334,83.33333333333334,86.66666666666667,21,70.0,2,6.666666666666667,2,6.666666666666667,0,0.0,1,3.3333333333333335,4,13.333333333333334,2.3333333333333335,1.9550504398153574,1.0,2.0,76.66666666666667,76.66666666666667,83.33333333333334,18,60.0,3,10.0,2,6.666666666666667,0,0.0,2,6.666666666666667,5,16.666666666666664,2.6,2.1385353243127256,1.0,4.25,73.33333333333333,73.33333333333333,73.33333333333333,17,56.666666666666664,2,6.666666666666667,3,10.0,0,0.0,0,0.0,8,26.666666666666668
725,True,2.3,1.7916472867168918,1.5,2.0,83.33333333333334,83.33333333333334,83.33333333333334,15,50.0,6,20.0,4,13.333333333333334,0,0.0,0,0.0,5,16.666666666666664,1.9,1.556705923844749,1.0,1.0,86.66666666666667,90.0,90.0,19,63.33333333333333,5,16.666666666666664,2,6.666666666666667,1,3.3333333333333335,0,0.0,3,10.0,2.3666666666666667,2.0572365498945966,1.0,1.75,76.66666666666667,76.66666666666667,76.66666666666667,18,60.0,4,13.333333333333334,1,3.3333333333333335,0,0.0,0,0.0,7,23.333333333333332,2.7,2.1158134763411134,1.5,4.5,70.0,73.33333333333333,73.33333333333333,15,50.0,4,13.333333333333334,2,6.666666666666667,1,3.3333333333333335,0,0.0,8,26.666666666666668
726,True,2.3666666666666667,1.7220788470785984,2.0,2.0,76.66666666666667,86.66666666666667,86.66666666666667,14,46.666666666666664,6,20.0,3,10.0,3,10.0,0,0.0,4,13.333333333333334,1.9333333333333333,1.5260697523012796,1.0,1.0,83.33333333333334,90.0,93.33333333333333,19,63.33333333333333,4,13.333333333333334,2,6.666666666666667,2,6.666666666666667,1,3.3333333333333335,2,6.666666666666667,1.8333333333333333,1.3186693629901656,1.0,1.0,86.66666666666667,93.33333333333333,96.66666666666667,18,60.0,6,20.0,2,6.666666666666667,2,6.666666666666667,1,3.3333333333333335,1,3.3333333333333335,2.566666666666667,1.92671280221579,2.0,2.75,73.33333333333333,80.0,80.0,14,46.666666666666664,5,16.666666666666664,3,10.0,2,6.666666666666667,0,0.0,6,20.0
727,True,2.1333333333333333,1.3597385369580761,2.0,1.0,90.0,90.0,93.33333333333333,11,36.666666666666664,12,40.0,4,13.333333333333334,0,0.0,1,3.3333333333333335,2,6.666666666666667,2.033333333333333,1.4940623220676648,1.0,2.0,86.66666666666667,90.0,93.33333333333333,17,56.666666666666664,4,13.333333333333334,5,16.666666666666664,1,3.3333333333333335,1,3.3333333333333335,2,6.666666666666667,2.2333333333333334,1.8199511592958266,1.0,2.0,83.33333333333334,83.33333333333334,83.33333333333334,17,56.666666666666664,4,13.333333333333334,4,13.333333333333334,0,0.0,0,0.0,5,16.666666666666664,2.466666666666667,1.7838784213679537,2.0,2.0,76.66666666666667,80.0,86.66666666666667,13,43.333333333333336,7,23.333333333333332,3,10.0,1,3.3333333333333335,2,6.666666666666667,4,13.333333333333334
728,False,2.3333333333333335,1.6599866130651644,2.0,1.75,80.0,86.66666666666667,86.66666666666667,12,40.0,10,33.33333333333333,2,6.666666666666667,2,6.666666666666667,0,0.0,4,13.333333333333334,1.8333333333333333,1.3682917167849196,1.0,1.0,90.0,93.33333333333333,93.33333333333333,18,60.0,6,20.0,3,10.0,1,3.3333333333333335,0,0.0,2,6.666666666666667,2.1333333333333333,1.7074997966487597,1.0,1.75,83.33333333333334,86.66666666666667,86.66666666666667,17,56.666666666666664,5,16.666666666666664,3,10.0,1,3.3333333333333335,0,0.0,4,13.333333333333334,2.8666666666666667,2.0933757957476775,2.0,4.75,70.0,70.0,73.33333333333333,13,43.333333333333336,4,13.333333333333334,4,13.333333333333334,0,0.0,1,3.3333333333333335,8,26.666666666666668
729,True,2.6666666666666665,1.9206480387850577,2.0,2.75,73.33333333333333,76.66666666666667,80.0,12,40.0,7,23.333333333333332,3,10.0,1,3.3333333333333335,1,3.3333333333333335,6,20.0,1.9666666666666666,1.6629959577688562,1.0,1.0,86.66666666666667,86.66666666666667,86.66666666666667,18,60.0,7,23.333333333333332,1,3.3333333333333335,0,0.0,0,0.0,4,13.333333333333334,2.1333333333333333,1.8208667044996885,1.0,1.0,83.33333333333334,83.33333333333334,83.33333333333334,18,60.0,5,16.666666666666664,2,6.666666666666667,0,0.0,0,0.0,5,16.666666666666664,2.6333333333333333,1.9232495649002208,2.0,3.0,70.0,80.0,80.0,13,43.333333333333336,6,20.0,2,6.666666666666667,3,10.0,0,0.0,6,20.0
730,False,2.2666666666666666,1.7499206331208919,1.5,1.75,80.0,83.33333333333334,86.66666666666667,15,50.0,7,23.333333333333332,2,6.666666666666667,1,3.3333333333333335,1,3.3333333333333335,4,13.333333333333334,2.0,1.7126976771553504,1.0,1.0,83.33333333333334,86.66666666666667,86.66666666666667,19,63.33333333333333,5,16.666666666666664,1,3.3333333333333335,1,3.3333333333333335,0,0.0,4,13.333333333333334,2.1666666666666665,1.8089284734953512,1.0,1.0,83.33333333333334,83.33333333333334,83.33333333333334,17,56.666666666666664,6,20.0,2,6.666666666666667,0,0.0,0,0.0,5,16.666666666666664,2.033333333333333,1.6428295373802142,1.0,1.0,83.33333333333334,86.66666666666667,90.0,18,60.0,5,16.666666666666664,2,6.666666666666667,1,3.3333333333333335,1,3.3333333333333335,3,10.0
731,False,2.5,1.7272328544042153,2.0,2.0,83.33333333333334,83.33333333333334,83.33333333333334,11,36.666666666666664,8,26.666666666666668,6,20.0,0,0.0,0,0.0,5,16.666666666666664,1.8666666666666667,1.4313940369055924,1.0,1.0,86.66666666666667,93.33333333333333,93.33333333333333,19,63.33333333333333,4,13.333333333333334,3,10.0,2,6.666666666666667,0,0.0,2,6.666666666666667,2.1666666666666665,1.7143187827498387,1.0,2.0,83.33333333333334,86.66666666666667,86.66666666666667,17,56.666666666666664,4,13.333333333333334,4,13.333333333333334,1,3.3333333333333335,0,0.0,4,13.333333333333334,2.3,1.7349351572897471,1.5,2.0,76.66666666666667,86.66666666666667,86.66666666666667,15,50.0,6,20.0,2,6.666666666666667,3,10.0,0,0.0,4,13.333333333333334
732,False,2.6666666666666665,1.7191729277636836,2.0,2.75,73.33333333333333,80.0,86.66666666666667,9,30.0,10,33.33333333333333,3,10.0,2,6.666666666666667,2,6.666666666666667,4,13.333333333333334,2.2,1.6206994374857624,2.0,1.0,80.0,86.66666666666667,90.0,14,46.666666666666664,9,30.0,1,3.3333333333333335,2,6.666666666666667,1,3.3333333333333335,3,10.0,2.5,1.8211717839530315,2.0,2.0,76.66666666666667,80.0,83.33333333333334,12,40.0,9,30.0,2,6.666666666666667,1,3.3333333333333335,1,3.3333333333333335,5,16.666666666666664,2.533333333333333,1.7650936393164969,2.0,2.0,76.66666666666667,80.0,86.66666666666667,12,40.0,7,23.333333333333332,4,13.333333333333334,1,3.3333333333333335,2,6.666666666666667,4,13.333333333333334
733,True,1.9,1.2206555615733703,2.0,1.0,90.0,93.33333333333333,96.66666666666667,14,46.666666666666664,11,36.666666666666664,2,6.666666666666667,1,3.3333333333333335,1,3.3333333333333335,1,3.3333333333333335,1.9,1.6196707484341788,1.0,1.0,80.0,86.66666666666667,93.33333333333333,21,70.0,3,10.0,0,0.0,2,6.666666666666667,2,6.666666666666667,2,6.666666666666667,2.5,2.0289570391377603,1.0,3.0,70.0,76.66666666666667,80.0,17,56.666666666666664,3,10.0,1,3.3333333333333335,2,6.666666666666667,1,3.3333333333333335,6,20.0,2.8333333333333335,2.0179747823553744,2.0,3.75,66.66666666666666,73.33333333333333,76.66666666666667,12,40.0,6,20.0,2,6.666666666666667,2,6.666666666666667,1,3.3333333333333335,7,23.333333333333332
734,False,2.2333333333333334,1.6265163865007801,2.0,1.0,83.33333333333334,86.66666666666667,86.66666666666667,12,40.0,12,40.0,1,3.3333333333333335,1,3.3333333333333335,0,0.0,4,13.333333333333334,2.1666666666666665,1.674979270186815,1.5,1.0,83.33333333333334,86.66666666666667,86.66666666666667,15,50.0,8,26.666666666666668,2,6.666666666666667,1,3.3333333333333335,0,0.0,4,13.333333333333334,2.466666666666667,1.9447936194419766,2.0,1.75,76.66666666666667,76.66666666666667,80.0,14,46.666666666666664,8,26.666666666666668,1,3.3333333333333335,0,0.0,1,3.3333333333333335,6,20.0,2.7333333333333334,1.896195020443719,2.0,2.75,73.33333333333333,76.66666666666667,80.0,11,36.666666666666664,7,23.333333333333332,4,13.333333333333334,1,3.3333333333333335,1,3.3333333333333335,6,20.0
735,True,2.2666666666666666,1.6519348924485158,2.0,1.75,83.33333333333334,86.66666666666667,86.66666666666667,13,43.333333333333336,9,30.0,3,10.0,1,3.3333333333333335,0,0.0,4,13.333333333333334,1.9666666666666666,1.7220788470785986,1.0,1.0,83.33333333333334,86.66666666666667,86.66666666666667,20,66.66666666666666,4,13.333333333333334,1,3.3333333333333335,1,3.3333333333333335,0,0.0,4,13.333333333333334,2.0,1.632993161855452,1.0,1.0,83.33333333333334,86.66666666666667,90.0,18,60.0,6,20.0,1,3.3333333333333335,1,3.3333333333333335,1,3.3333333333333335,3,10.0,2.6,2.0099751242241783,2.0,2.75,73.33333333333333,76.66666666666667,76.66666666666667,14,46.666666666666664,6,20.0,2,6.666666666666667,1,3.3333333333333335,0,0.0,7,23.333333333333332
736,True,2.466666666666667,1.6478942792411033,2.0,2.0,80.0,86.66666666666667,86.66666666666667,11,36.666666666666664,8,26.666666666666668,5,16.666666666666664,2,6.666666666666667,0,0.0,4,13.333333333333334,2.1333333333333333,1.7650936393164969,1.0,1.75,83.33333333333334,83.33333333333334,86.66666666666667,18,60.0,4,13.333333333333334,3,10.0,0,0.0,1,3.3333333333333335,4,13.333333333333334,2.3333333333333335,1.8318175552045448,1.0,2.0,80.0,83.33333333333334,83.33333333333334,16,53.333333333333336,4,13.333333333333334,4,13.333333333333334,1,3.3333333333333335,0,0.0,5,16.666666666666664,2.566666666666667,1.8015425489162213,2.0,2.75,73.33333333333333,80.0,86.66666666666667,13,43.333333333333336,5,16.666666666666664,4,13.333333333333334,2,6.666666666666667,2,6.666666666666667,4,13.333333333333334
737,True,2.1666666666666665,1.4624940645653535,2.0,1.0,86.66666666666667,86.66666666666667,93.33333333333333,12,40.0,11,36.666666666666664,3,10.0,0,0.0,2,6.666666666666667,2,6.666666666666667,1.9,1.5351438586225938,1.0,1.0,86.66666666666667,90.0,90.0,18,60.0,7,23.333333333333332,1,3.3333333333333335,1,3.3333333333333335,0,0.0,3,10.0,1.9666666666666666,1.3535960336164634,1.5,1.0,86.66666666666667,90.0,96.66666666666667,15,50.0,9,30.0,2,6.666666666666667,1,3.3333333333333335,2,6.666666666666667,1,3.3333333333333335,2.3666666666666667,1.5380362660079103,2.0,2.0,80.0,86.66666666666667,93.33333333333333,12,40.0,7,23.333333333333332,5,16.666666666666664,2,6.666666666666667,2,6.666666666666667,2,6.666666666666667
738,True,1.9333333333333333,1.236482466066094,2.0,1.0,90.0,93.33333333333333,96.66666666666667,14,46.666666666666664,10,33.33333333333333,3,10.0,1,3.3333333333333335,1,3.3333333333333335,1,3.3333333333333335,1.8666666666666667,1.5434449203720297,1.0,1.0,90.0,90.0,90.0,20,66.66666666666666,3,10.0,4,13.333333333333334,0,0.0,0,0.0,3,10.0,1.9666666666666666,1.4487542541400484,1.0,1.0,86.66666666666667,90.0,93.33333333333333,16,53.333333333333336,8,26.666666666666668,2,6.666666666666667,1,3.3333333333333335,1,3.3333333333333335,2,6.666666666666667,2.533333333333333,1.9447936194419762,1.5,3.0,70.0,76.66666666666667,83.33333333333334,15,50.0,5,16.666666666666664,1,3.3333333333333335,2,6.666666666666667,2,6.666666666666667,5,16.666666666666664
739,True,2.3,1.676305461424021,2.0,2.0,83.33333333333334,86.66666666666667,86.66666666666667,14,46.666666666666664,6,20.0,5,16.666666666666664,1,3.3333333333333335,0,0.0,4,13.333333333333334,1.9,1.4910846164230027,1.0,1.0,86.66666666666667,90.0,93.33333333333333,19,63.33333333333333,4,13.333333333333334,3,10.0,1,3.3333333333333335,1,3.3333333333333335,2,6.666666666666667,2.1,1.7578395831246947,1.0,1.0,83.33333333333334,83.33333333333334,86.66666666666667,18,60.0,5,16.666666666666664,2,6.666666666666667,0,0.0,1,3.3333333333333335,4,13.333333333333334,2.3333333333333335,1.6996731711975948,1.5,2.75,73.33333333333333,86.66666666666667,90.0,15,50.0,5,16.666666666666664,2,6.666666666666667,4,13.333333333333334,1,3.3333333333333335,3,10.0
740,True,2.5,1.5652475842498528,2.0,2.0,86.66666666666667,86.66666666666667,86.66666666666667,9,30.0,9,30.0,8,26.666666666666668,0,0.0,0,0.0,4,13.333333333333334,2.033333333333333,1.4715826703096075,1.0,1.75,86.66666666666667,90.0,93.33333333333333,16,53.333333333333336,6,20.0,4,13.333333333333334,1,3.3333333333333335,1,3.3333333333333335,2,6.666666666666667,2.3,1.5524174696260022,2.0,2.0,83.33333333333334,90.0,90.0,13,43.333333333333336,6,20.0,6,20.0,2,6.666666666666667,0,0.0,3,10.0,2.3666666666666667,1.6629959577688562,2.0,2.0,76.66666666666667,86.66666666666667,90.0,14,46.666666666666664,5,16.666666666666664,4,13.333333333333334,3,10.0,1,3.3333333333333335,3,10.0
741,False,2.1333333333333333,1.5434449203720302,2.0,1.0,83.33333333333334,90.0,90.0,14,46.666666666666664,9,30.0,2,6.666666666666667,2,6.666666666666667,0,0.0,3,10.0,1.8666666666666667,1.384035966135113,1.0,1.0,90.0,93.33333333333333,93.33333333333333,18,60.0,5,16.666666666666664,4,13.333333333333334,1,3.3333333333333335,0,0.0,2,6.666666666666667,2.033333333333333,1.53803626600791,1.0,1.0,86.66666666666667,90.0,90.0,16,53.333333333333336,7,23.333333333333332,3,10.0,1,3.3333333333333335,0,0.0,3,10.0,2.7,1.9857828011475307,2.0,2.75,73.33333333333333,76.66666666666667,76.66666666666667,13,43.333333333333336,5,16.666666666666664,4,13.333333333333334,1,3.3333333333333335,0,0.0,7,23.333333333333332
742,True,2.466666666666667,1.80246744461277,2.0,2.0,80.0,80.0,83.33333333333334,12,40.0,9,30.0,3,10.0,0,0.0,1,3.3333333333333335,5,16.666666666666664,1.8333333333333333,1.3682917167849196,1.0,1.0,90.0,93.33333333333333,93.33333333333333,18,60.0,6,20.0,3,10.0,1,3.3333333333333335,0,0.0,2,6.666666666666667,2.2,1.758787461103056,1.0,2.0,83.33333333333334,83.33333333333334,86.66666666666667,17,56.666666666666664,4,13.333333333333334,4,13.333333333333334,0,0.0,1,3.3333333333333335,4,13.333333333333334,2.4,1.5832456116050555,2.0,2.0,80.0,86.66666666666667,90.0,11,36.666666666666664,9,30.0,4,13.333333333333334,2,6.666666666666667,1,3.3333333333333335,3,10.0
743,True,1.9,1.5132745950421556,1.0,1.0,90.0,90.0,90.0,18,60.0,6,20.0,3,10.0,0,0.0,0,0.0,3,10.0,1.7,1.4866068747318506,1.0,1.0,90.0,90.0,90.0,21,70.0,6,20.0,0,0.0,0,0.0,0,0.0,3,10.0,1.8,1.6,1.0,1.0,86.66666666666667,86.66666666666667,90.0,21,70.0,5,16.666666666666664,0,0.0,0,0.0,1,3.3333333333333335,3,10.0,2.0,1.570562531918633,1.0,1.0,83.33333333333334,90.0,90.0,17,56.666666666666664,7,23.333333333333332,1,3.3333333333333335,2,6.666666666666667,0,0.0,3,10.0
744,True,1.8,1.1944315244779278,1.0,1.0,93.33333333333333,93.33333333333333,96.66666666666667,16,53.333333333333336,9,30.0,3,10.0,0,0.0,1,3.3333333333333335,1,3.3333333333333335,1.7333333333333334,1.4817407180595248,1.0,1.0,90.0,90.0,90.0,20,66.66666666666666,7,23.333333333333332,0,0.0,0,0.0,0,0.0,3,10.0,2.033333333333333,1.6224124698183944,1.0,1.0,83.33333333333334,86.66666666666667,90.0,17,56.666666666666664,7,23.333333333333332,1,3.3333333333333335,1,3.3333333333333335,1,3.3333333333333335,3,10.0,2.066666666666667,1.569146972791976,1.5,1.0,86.66666666666667,86.66666666666667,90.0,15,50.0,9,30.0,2,6.666666666666667,0,0.0,1,3.3333333333333335,3,10.0
745,True,2.3333333333333335,1.4907119849998596,2.0,2.0,86.66666666666667,90.0,90.0,11,36.666666666666664,8,26.666666666666668,7,23.333333333333332,1,3.3333333333333335,0,0.0,3,10.0,1.8,1.2220201853215573,1.0,1.0,93.33333333333333,93.33333333333333,96.66666666666667,17,56.666666666666664,7,23.333333333333332,4,13.333333333333334,0,0.0,1,3.3333333333333335,1,3.3333333333333335,2.033333333333333,1.4255603186895396,1.5,1.75,90.0,90.0,93.33333333333333,15,50.0,7,23.333333333333332,5,16.666666666666664,0,0.0,1,3.3333333333333335,2,6.666666666666667,2.966666666666667,2.0245712852080286,2.0,4.75,70.0,70.0,73.33333333333333,10,33.33333333333333,7,23.333333333333332,4,13.333333333333334,0,0.0,1,3.3333333333333335,8,26.666666666666668
746,False,2.3333333333333335,1.6193277068654826,2.0,2.0,86.66666666666667,86.66666666666667,86.66666666666667,12,40.0,8,26.666666666666668,6,20.0,0,0.0,0,0.0,4,13.333333333333334,2.033333333333333,1.7792008193443358,1.0,1.0,83.33333333333334,83.33333333333334,86.66666666666667,20,66.66666666666666,3,10.0,2,6.666666666666667,0,0.0,1,3.3333333333333335,4,13.333333333333334,2.3,1.7916472867168918,1.0,2.0,80.0,83.33333333333334,86.66666666666667,17,56.666666666666664,2,6.666666666666667,5,16.666666666666664,1,3.3333333333333335,1,3.3333333333333335,4,13.333333333333334,2.566666666666667,1.8917951498216952,2.0,2.0,80.0,80.0,80.0,14,46.666666666666664,3,10.0,7,23.333333333333332,0,0.0,0,0.0,6,20.0
747,True,2.433333333333333,1.7641491496532322,2.0,2.0,76.66666666666667,83.33333333333334,86.66666666666667,14,46.666666666666664,5,16.666666666666664,4,13.333333333333334,2,6.666666666666667,1,3.3333333333333335,4,13.333333333333334,1.8666666666666667,1.6275407487644935,1.0,0.75,83.33333333333334,90.0,90.0,22,73.33333333333333,1,3.3333333333333335,2,6.666666666666667,2,6.666666666666667,0,0.0,3,10.0,2.2666666666666666,1.9652537297311568,1.0,2.0,80.0,80.0,80.0,19,63.33333333333333,2,6.666666666666667,3,10.0,0,0.0,0,0.0,6,20.0,2.6333333333333333,1.7792008193443358,2.5,3.0,70.0,80.0,90.0,14,46.666666666666664,1,3.3333333333333335,6,20.0,3,10.0,3,10.0,3,10.0
748,False,2.933333333333333,2.031966753883756,2.0,4.75,70.0,70.0,73.33333333333333,10,33.33333333333333,8,26.666666666666668,3,10.0,0,0.0,1,3.3333333333333335,8,26.666666666666668,2.1,1.7194960502038572,1.0,1.75,83.33333333333334,86.66666666666667,86.66666666666667,18,60.0,4,13.333333333333334,3,10.0,1,3.3333333333333335,0,0.0,4,13.333333333333334,2.4,1.854723699099141,1.5,2.0,80.0,80.0,83.33333333333334,15,50.0,5,16.666666666666664,4,13.333333333333334,0,0.0,1,3.3333333333333335,5,16.666666666666664,2.8333333333333335,2.098941532190822,2.0,4.0,63.33333333333333,70.0,76.66666666666667,14,46.666666666666664,4,13.333333333333334,1,3.3333333333333335,2,6.666666666666667,2,6.666666666666667,7,23.333333333333332
749,True,2.3,1.46401275039985,2.0,2.0,86.66666666666667,90.0,90.0,10,33.33333333333333,11,36.666666666666664,5,16.666666666666664,1,3.3333333333333335,0,0.0,3,10.0,1.9333333333333333,1.3888444437333105,1.0,1.0,86.66666666666667,90.0,96.66666666666667,17,56.666666666666664,6,20.0,3,10.0,1,3.3333333333333335,2,6.666666666666667,1,3.3333333333333335,2.3666666666666667,1.8526257642120338,1.5,2.0,80.0,80.0,83.33333333333334,15,50.0,6,20.0,3,10.0,0,0.0,1,3.3333333333333335,5,16.666666666666664,2.466666666666667,1.6478942792411035,2.0,2.75,73.33333333333333,86.66666666666667,90.0,12,40.0,7,23.333333333333332,3,10.0,4,13.333333333333334,1,3.3333333333333335,3,10.0
750,True,1.9333333333333333,1.5260697523012796,1.0,1.0,86.66666666666667,90.0,90.0,17,56.666666666666664,8,26.666666666666668,1,3.3333333333333335,1,3.3333333333333335,0,0.0,3,10.0,1.7,1.4177446878757824,1.0,1.0,90.0,90.0,93.33333333333333,21,70.0,5,16.666666666666664,1,3.3333333333333335,0,0.0,1,3.3333333333333335,2,6.666666666666667,1.9,1.6802777548171413,1.0,1.0,86.66666666666667,86.66666666666667,86.66666666666667,20,66.66666666666666,5,16.666666666666664,1,3.3333333333333335,0,0.0,0,0.0,4,13.333333333333334,2.2333333333333334,1.6265163865007803,2.0,1.75,80.0,86.66666666666667,90.0,14,46.666666666666664,8,26.666666666666668,2,6.666666666666667,2,6.666666666666667,1,3.3333333333333335,3,10.0
751,True,2.2333333333333334,1.6265163865007801,2.0,1.75,80.0,86.66666666666667,90.0,14,46.666666666666664,8,26.666666666666668,2,6.666666666666667,2,6.666666666666667,1,3.3333333333333335,3,10.0,2.033333333333333,1.87053171287976,1.0,1.0,80.0,83.33333333333334,83.33333333333334,21,70.0,3,10.0,0,0.0,1,3.3333333333333335,0,0.0,5,16.666666666666664,2.1,1.6196707484341788,1.0,2.5,73.33333333333333,90.0,93.33333333333333,18,60.0,4,13.333333333333334,0,0.0,5,16.666666666666664,1,3.3333333333333335,2,6.666666666666667,2.533333333333333,1.7461067804945063,2.0,2.75,73.33333333333333,86.66666666666667,86.66666666666667,14,46.666666666666664,2,6.666666666666667,6,20.0,4,13.333333333333334,0,0.0,4,13.333333333333334
752,True,2.033333333333333,1.5162087220725546,1.5,1.0,86.66666666666667,90.0,90.0,15,50.0,9,30.0,2,6.666666666666667,1,3.3333333333333335,0,0.0,3,10.0,1.7,1.3699148392023013,1.0,1.0,90.0,93.33333333333333,93.33333333333333,21,70.0,4,13.333333333333334,2,6.666666666666667,1,3.3333333333333335,0,0.0,2,6.666666666666667,2.0,1.5491933384829668,1.0,1.0,86.66666666666667,90.0,90.0,17,56.666666666666664,6,20.0,3,10.0,1,3.3333333333333335,0,0.0,3,10.0,2.1666666666666665,1.5293426329272617,2.0,1.0,83.33333333333334,90.0,90.0,13,43.333333333333336,10,33.33333333333333,2,6.666666666666667,2,6.666666666666667,0,0.0,3,10.0
753,True,2.2,1.514375558880073,2.0,1.75,83.33333333333334,86.66666666666667,93.33333333333333,13,43.333333333333336,9,30.0,3,10.0,1,3.3333333333333335,2,6.666666666666667,2,6.666666666666667,2.033333333333333,1.8882678717691397,1.0,0.75,80.0,83.33333333333334,83.33333333333334,22,73.33333333333333,1,3.3333333333333335,1,3.3333333333333335,1,3.3333333333333335,0,0.0,5,16.666666666666664,2.2333333333333334,1.891795149821695,1.0,1.75,80.0,80.0,83.33333333333334,18,60.0,4,13.333333333333334,2,6.666666666666667,0,0.0,1,3.3333333333333335,5,16.666666666666664,2.433333333333333,1.6265163865007801,2.0,2.0,76.66666666666667,86.66666666666667,90.0,12,40.0,7,23.333333333333332,4,13.333333333333334,3,10.0,1,3.3333333333333335,3,10.0
754,True,1.9666666666666666,1.2512216252748973,2.0,1.0,90.0,93.33333333333333,96.66666666666667,14,46.666666666666664,9,30.0,4,13.333333333333334,1,3.3333333333333335,1,3.3333333333333335,1,3.3333333333333335,1.7333333333333334,1.5040685563571303,1.0,1.0,90.0,90.0,90.0,21,70.0,5,16.666666666666664,1,3.3333333333333335,0,0.0,0,0.0,3,10.0,1.9333333333333333,1.590248058916875,1.0,1.0,83.33333333333334,90.0,90.0,19,63.33333333333333,5,16.666666666666664,1,3.3333333333333335,2,6.666666666666667,0,0.0,3,10.0,2.5,1.9621416870348585,1.5,2.0,76.66666666666667,76.66666666666667,80.0,15,50.0,5,16.666666666666664,3,10.0,0,0.0,1,3.3333333333333335,6,20.0
755,True,2.033333333333333,1.4255603186895398,2.0,1.0,86.66666666666667,90.0,93.33333333333333,14,46.666666666666664,10,33.33333333333333,2,6.666666666666667,1,3.3333333333333335,1,3.3333333333333335,2,6.666666666666667,1.7666666666666666,1.2827920936595907,1.0,1.0,83.33333333333334,96.66666666666667,96.66666666666667,19,63.33333333333333,6,20.0,0,0.0,4,13.333333333333334,0,0.0,1,3.3333333333333335,2.066666666666667,1.6918103387266028,1.0,1.0,83.33333333333334,86.66666666666667,86.66666666666667,17,56.666666666666664,7,23.333333333333332,1,3.3333333333333335,1,3.3333333333333335,0,0.0,4,13.333333333333334,2.533333333333333,1.7074997966487597,2.0,3.0,70.0,86.66666666666667,86.66666666666667,11,36.666666666666664,9,30.0,1,3.3333333333333335,5,16.666666666666664,0,0.0,4,13.333333333333334
756,True,2.7,1.6155494421403511,2.5,3.0,70.0,86.66666666666667,90.0,10,33.33333333333333,5,16.666666666666664,6,20.0,5,16.666666666666664,1,3.3333333333333335,3,10.0,2.033333333333333,1.7978382080215733,1.0,1.0,80.0,83.33333333333334,86.66666666666667,20,66.66666666666666,4,13.333333333333334,0,0.0,1,3.3333333333333335,1,3.3333333333333335,4,13.333333333333334,2.2333333333333334,1.7259457954666158,1.0,2.0,80.0,86.66666666666667,86.66666666666667,16,53.333333333333336,5,16.666666666666664,3,10.0,2,6.666666666666667,0,0.0,4,13.333333333333334,2.1,1.6401219466856725,1.0,1.0,80.0,86.66666666666667,90.0,16,53.333333333333336,8,26.666666666666668,0,0.0,2,6.666666666666667,1,3.3333333333333335,3,10.0
757,False,2.6666666666666665,1.7384539747207062,2.0,2.75,73.33333333333333,76.66666666666667,90.0,11,36.666666666666664,6,20.0,5,16.666666666666664,1,3.3333333333333335,4,13.333333333333334,3,10.0,1.9666666666666666,1.682920741515245,1.0,1.75,83.33333333333334,86.66666666666667,90.0,21,70.0,1,3.3333333333333335,3,10.0,1,3.3333333333333335,1,3.3333333333333335,3,10.0,2.3333333333333335,1.9888578520235065,1.0,2.75,73.33333333333333,76.66666666666667,83.33333333333334,19,63.33333333333333,2,6.666666666666667,1,3.3333333333333335,1,3.3333333333333335,2,6.666666666666667,5,16.666666666666664,2.7333333333333334,2.1281186266016494,1.0,3.75,63.33333333333333,73.33333333333333,76.66666666666667,17,56.666666666666664,0,0.0,2,6.666666666666667,3,10.0,1,3.3333333333333335,7,23.333333333333332
758,True,2.066666666666667,1.339983416149452,2.0,1.75,90.0,93.33333333333333,93.33333333333333,13,43.333333333333336,9,30.0,5,16.666666666666664,1,3.3333333333333335,0,0.0,2,6.666666666666667,1.8,1.4922019523732928,1.0,1.0,86.66666666666667,90.0,93.33333333333333,21,70.0,3,10.0,2,6.666666666666667,1,3.3333333333333335,1,3.3333333333333335,2,6.666666666666667,1.8333333333333333,1.3682917167849196,1.0,1.0,83.33333333333334,93.33333333333333,96.66666666666667,19,63.33333333333333,5,16.666666666666664,1,3.3333333333333335,3,10.0,1,3.3333333333333335,1,3.3333333333333335,2.6333333333333333,1.9058389811897072,2.0,2.75,73.33333333333333,80.0,80.0,13,43.333333333333336,5,16.666666666666664,4,13.333333333333334,2,6.666666666666667,0,0.0,6,20.0
759,True,2.6,1.7243356208503418,2.0,2.0,76.66666666666667,83.33333333333334,83.33333333333334,9,30.0,11,36.666666666666664,3,10.0,2,6.666666666666667,0,0.0,5,16.666666666666664,2.1,1.6802777548171413,1.0,1.0,83.33333333333334,86.66666666666667,86.66666666666667,16,53.333333333333336,8,26.666666666666668,1,3.3333333333333335,1,3.3333333333333335,0,0.0,4,13.333333333333334,2.433333333333333,1.92671280221579,1.5,2.0,76.66666666666667,80.0,80.0,15,50.0,6,20.0,2,6.666666666666667,1,3.3333333333333335,0,0.0,6,20.0,2.7333333333333334,1.671991493864594,2.0,2.75,70.0,83.33333333333334,86.66666666666667,8,26.666666666666668,10,33.33333333333333,3,10.0,4,13.333333333333334,1,3.3333333333333335,4,13.333333333333334
760,False,2.566666666666667,2.011356645539412,2.0,2.75,73.33333333333333,76.66666666666667,76.66666666666667,14,46.666666666666664,7,23.333333333333332,1,3.3333333333333335,1,3.3333333333333335,0,0.0,7,23.333333333333332,1.9333333333333333,1.7113996870657915,1.0,1.0,83.33333333333334,86.66666666666667,86.66666666666667,20,66.66666666666666,5,16.666666666666664,0,0.0,1,3.3333333333333335,0,0.0,4,13.333333333333334,2.3333333333333335,1.9550504398153574,1.0,1.75,76.66666666666667,80.0,80.0,17,56.666666666666664,5,16.666666666666664,1,3.3333333333333335,1,3.3333333333333335,0,0.0,6,20.0,2.2,1.7962924780409972,1.0,1.0,76.66666666666667,83.33333333333334,86.66666666666667,17,56.666666666666664,6,20.0,0,0.0,2,6.666666666666667,1,3.3333333333333335,4,13.333333333333334
761,True,1.9666666666666666,1.4715826703096075,1.5,1.0,86.66666666666667,86.66666666666667,93.33333333333333,15,50.0,11,36.666666666666664,0,0.0,0,0.0,2,6.666666666666667,2,6.666666666666667,1.7,1.3940349110884325,1.0,1.0,86.66666666666667,93.33333333333333,93.33333333333333,21,70.0,5,16.666666666666664,0,0.0,2,6.666666666666667,0,0.0,2,6.666666666666667,1.9666666666666666,1.5595583420386114,1.0,1.0,80.0,90.0,93.33333333333333,19,63.33333333333333,4,13.333333333333334,1,3.3333333333333335,3,10.0,1,3.3333333333333335,2,6.666666666666667,2.2333333333333334,1.6468825769380835,1.5,2.5,73.33333333333333,90.0,90.0,15,50.0,7,23.333333333333332,0,0.0,5,16.666666666666664,0,0.0,3,10.0
762,True,1.8333333333333333,1.2405196043952265,1.0,1.0,86.66666666666667,96.66666666666667,96.66666666666667,17,56.666666666666664,7,23.333333333333332,2,6.666666666666667,3,10.0,0,0.0,1,3.3333333333333335,1.7,1.5307950004273376,1.0,0.0,90.0,90.0,90.0,23,76.66666666666667,2,6.666666666666667,2,6.666666666666667,0,0.0,0,0.0,3,10.0,1.8666666666666667,1.6878651868229548,1.0,1.0,86.66666666666667,86.66666666666667,86.66666666666667,21,70.0,4,13.333333333333334,1,3.3333333333333335,0,0.0,0,0.0,4,13.333333333333334,2.2666666666666666,1.8427033281447005,1.0,2.0,80.0,83.33333333333334,83.33333333333334,17,56.666666666666664,4,13.333333333333334,3,10.0,1,3.3333333333333335,0,0.0,5,16.666666666666664
763,True,2.3,1.8466185312619385,1.0,1.75,76.66666666666667,83.33333333333334,83.33333333333334,16,53.333333333333336,6,20.0,1,3.3333333333333335,2,6.666666666666667,0,0.0,5,16.666666666666664,2.066666666666667,1.8785337071473829,1.0,1.0,80.0,83.33333333333334,83.33333333333334,21,70.0,2,6.666666666666667,1,3.3333333333333335,1,3.3333333333333335,0,0.0,5,16.666666666666664,2.2,1.9390719429665315,1.0,1.0,80.0,80.0,80.0,18,60.0,6,20.0,0,0.0,0,0.0,0,0.0,6,20.0,2.3666666666666667,1.8162843634433703,1.0,2.75,73.33333333333333,83.33333333333334,86.66666666666667,16,53.333333333333336,4,13.333333333333334,2,6.666666666666667,3,10.0,1,3.3333333333333335,4,13.333333333333334
764,False,2.066666666666667,1.6519348924485158,1.0,1.0,86.66666666666667,86.66666666666667,86.66666666666667,16,53.333333333333336,8,26.666666666666668,2,6.666666666666667,0,0.0,0,0.0,4,13.333333333333334,1.9333333333333333,1.6719914938645934,1.0,1.0,86.66666666666667,86.66666666666667,86.66666666666667,19,63.33333333333333,6,20.0,1,3.3333333333333335,0,0.0,0,0.0,4,13.333333333333334,2.066666666666667,1.590248058916875,1.0,1.75,83.33333333333334,90.0,90.0,17,56.666666666666664,5,16.666666666666664,3,10.0,2,6.666666666666667,0,0.0,3,10.0,2.8,2.1354156504062622,2.0,4.75,66.66666666666666,70.0,73.33333333333333,14,46.666666666666664,5,16.666666666666664,1,3.3333333333333335,1,3.3333333333333335,1,3.3333333333333335,8,26.666666666666668
765,True,2.966666666666667,1.9232495649002208,2.0,3.25,73.33333333333333,73.33333333333333,73.33333333333333,7,23.333333333333332,11,36.666666666666664,4,13.333333333333334,0,0.0,0,0.0,8,26.666666666666668,2.1666666666666665,1.5723301886761005,2.0,1.0,80.0,90.0,90.0,14,46.666666666666664,9,30.0,1,3.3333333333333335,3,10.0,0,0.0,3,10.0,2.5,1.7654083569153813,2.0,2.0,76.66666666666667,80.0,86.66666666666667,12,40.0,8,26.666666666666668,3,10.0,1,3.3333333333333335,2,6.666666666666667,4,13.333333333333334,2.6333333333333333,1.7603661235347856,2.0,2.75,73.33333333333333,83.33333333333334,83.33333333333334,10,33.33333333333333,9,30.0,3,10.0,3,10.0,0,0.0,5,16.666666666666664
766,True,2.1666666666666665,1.5933891203622828,1.5,1.75,80.0,90.0,90.0,15,50.0,7,23.333333333333332,2,6.666666666666667,3,10.0,0,0.0,3,10.0,2.0,1.7320508075688772,1.0,1.0,83.33333333333334,86.66666666666667,86.66666666666667,20,66.66666666666666,3,10.0,2,6.666666666666667,1,3.3333333333333335,0,0.0,4,13.333333333333334,1.8666666666666667,1.3349989596333858,1.0,1.0,93.33333333333333,93.33333333333333,93.33333333333333,17,56.666666666666664,6,20.0,5,16.666666666666664,0,0.0,0,0.0,2,6.666666666666667,2.3666666666666667,1.834545054108935,2.0,1.75,80.0,80.0,83.33333333333334,14,46.666666666666664,8,26.666666666666668,2,6.666666666666667,0,0.0,1,3.3333333333333335,5,16.666666666666664
767,False,2.8333333333333335,1.7336538165261124,2.0,1.0,76.66666666666667,76.66666666666667,83.33333333333334,7,23.333333333333332,10,33.33333333333333,6,20.0,0,0.0,2,6.666666666666667,5,16.666666666666664,2.3,1.7729448195962934,1.5,1.75,76.66666666666667,83.33333333333334,86.66666666666667,15,50.0,7,23.333333333333332,1,3.3333333333333335,2,6.666666666666667,1,3.3333333333333335,4,13.333333333333334,2.566666666666667,1.8381754238616317,2.0,2.75,73.33333333333333,80.0,83.33333333333334,12,40.0,8,26.666666666666668,2,6.666666666666667,2,6.666666666666667,1,3.3333333333333335,5,16.666666666666664,3.033333333333333,2.0572365498945966,2.0,4.75,63.33333333333333,70.0,73.33333333333333,11,36.666666666666664,5,16.666666666666664,3,10.0,2,6.666666666666667,1,3.3333333333333335,8,26.666666666666668
768,False,2.7666666666666666,2.044233080861595,2.0,4.25,73.33333333333333,73.33333333333333,73.33333333333333,12,40.0,7,23.333333333333332,3,10.0,0,0.0,0,0.0,8,26.666666666666668,2.1,1.9035055380358976,1.0,1.0,80.0,80.0,83.33333333333334,20,66.66666666666666,4,13.333333333333334,0,0.0,0,0.0,1,3.3333333333333335,5,16.666666666666664,2.566666666666667,2.0925794820959345,1.0,3.75,70.0,73.33333333333333,76.66666666666667,16,53.333333333333336,5,16.666666666666664,0,0.0,1,3.3333333333333335,1,3.3333333333333335,7,23.333333333333332,2.8333333333333335,2.034425935955617,2.0,3.75,66.66666666666666,73.33333333333333,76.66666666666667,13,43.333333333333336,4,13.333333333333334,3,10.0,2,6.666666666666667,1,3.3333333333333335,7,23.333333333333332
769,True,2.1666666666666665,1.5293426329272615,2.0,2.0,86.66666666666667,90.0,90.0,14,46.666666666666664,7,23.333333333333332,5,16.666666666666664,1,3.3333333333333335,0,0.0,3,10.0,1.8333333333333333,1.3682917167849196,1.0,1.0,90.0,93.33333333333333,93.33333333333333,18,60.0,6,20.0,3,10.0,1,3.3333333333333335,0,0.0,2,6.666666666666667,2.1,1.7194960502038574,1.0,1.75,83.33333333333334,86.66666666666667,86.66666666666667,18,60.0,4,13.333333333333334,3,10.0,1,3.3333333333333335,0,0.0,4,13.333333333333334,2.3333333333333335,1.6996731711975948,2.0,2.0,76.66666666666667,83.33333333333334,90.0,14,46.666666666666664,7,23.333333333333332,2,6.666666666666667,2,6.666666666666667,2,6.666666666666667,3,10.0
770,True,1.7,1.1874342087037917,1.0,1.0,93.33333333333333,93.33333333333333,96.66666666666667,18,60.0,8,26.666666666666668,2,6.666666666666667,0,0.0,1,3.3333333333333335,1,3.3333333333333335,1.7666666666666666,1.686877457183999,1.0,0.0,86.66666666666667,86.66666666666667,86.66666666666667,23,76.66666666666667,3,10.0,0,0.0,0,0.0,0,0.0,4,13.333333333333334,1.9333333333333333,1.711399687065791,1.0,1.0,86.66666666666667,86.66666666666667,86.66666666666667,21,70.0,2,6.666666666666667,3,10.0,0,0.0,0,0.0,4,13.333333333333334,2.6,2.1847959477565255,1.0,4.75,70.0,70.0,73.33333333333333,17,56.666666666666664,4,13.333333333333334,0,0.0,0,0.0,1,3.3333333333333335,8,26.666666666666668
771,True,2.7,1.7916472867168918,2.0,2.0,76.66666666666667,80.0,83.33333333333334,11,36.666666666666664,5,16.666666666666664,7,23.333333333333332,1,3.3333333333333335,1,3.3333333333333335,5,16.666666666666664,2.033333333333333,1.682920741515245,1.0,1.0,83.33333333333334,83.33333333333334,90.0,18,60.0,6,20.0,1,3.3333333333333335,0,0.0,2,6.666666666666667,3,10.0,2.533333333333333,1.9447936194419762,1.5,3.0,70.0,76.66666666666667,83.33333333333334,15,50.0,5,16.666666666666664,1,3.3333333333333335,2,6.666666666666667,2,6.666666666666667,5,16.666666666666664,2.3,1.6563010998406458,1.5,2.0,76.66666666666667,83.33333333333334,93.33333333333333,15,50.0,5,16.666666666666664,3,10.0,2,6.666666666666667,3,10.0,2,6.666666666666667
772,False,2.5,1.91049731745428,1.5,2.0,76.66666666666667,76.66666666666667,83.33333333333334,15,50.0,4,13.333333333333334,4,13.333333333333334,0,0.0,2,6.666666666666667,5,16.666666666666664,1.8666666666666667,1.4772346537440224,1.0,1.0,86.66666666666667,90.0,93.33333333333333,19,63.33333333333333,5,16.666666666666664,2,6.666666666666667,1,3.3333333333333335,1,3.3333333333333335,2,6.666666666666667,2.1,1.7194960502038574,1.0,1.75,83.33333333333334,86.66666666666667,86.66666666666667,18,60.0,4,13.333333333333334,3,10.0,1,3.3333333333333335,0,0.0,4,13.333333333333334,2.4,1.8726095873584185,1.5,2.0,76.66666666666667,80.0,83.33333333333334,15,50.0,6,20.0,2,6.666666666666667,1,3.3333333333333335,1,3.3333333333333335,5,16.666666666666664
773,True,2.6,1.7435595774162693,2.0,3.0,70.0,83.33333333333334,86.66666666666667,11,36.666666666666664,8,26.666666666666668,2,6.666666666666667,4,13.333333333333334,1,3.3333333333333335,4,13.333333333333334,1.9333333333333333,1.6316317667360554,1.0,1.0,83.33333333333334,86.66666666666667,90.0,19,63.33333333333333,6,20.0,0,0.0,1,3.3333333333333335,1,3.3333333333333335,3,10.0,2.1666666666666665,1.7527755766846542,1.0,1.75,83.33333333333334,83.33333333333334,86.66666666666667,17,56.666666666666664,5,16.666666666666664,3,10.0,0,0.0,1,3.3333333333333335,4,13.333333333333334,2.466666666666667,1.6069294390925266,2.0,2.0,76.66666666666667,86.66666666666667,90.0,11,36.666666666666664,8,26.666666666666668,4,13.333333333333334,3,10.0,1,3.3333333333333335,3,10.0
774,True,2.2,1.5577761927397231,1.5,2.0,86.66666666666667,90.0,90.0,15,50.0,4,13.333333333333334,7,23.333333333333332,1,3.3333333333333335,0,0.0,3,10.0,1.9666666666666666,1.7220788470785986,1.0,1.0,83.33333333333334,86.66666666666667,86.66666666666667,20,66.66666666666666,4,13.333333333333334,1,3.3333333333333335,1,3.3333333333333335,0,0.0,4,13.333333333333334,2.1,1.6401219466856725,1.0,1.75,83.33333333333334,86.66666666666667,90.0,17,56.666666666666664,5,16.666666666666664,3,10.0,1,3.3333333333333335,1,3.3333333333333335,3,10.0,2.5,1.7654083569153813,2.0,2.75,73.33333333333333,80.0,90.0,14,46.666666666666664,4,13.333333333333334,4,13.333333333333334,2,6.666666666666667,3,10.0,3,10.0
775,True,2.1333333333333333,1.2310790208412925,2.0,2.0,90.0,93.33333333333333,96.66666666666667,11,36.666666666666664,10,33.33333333333333,6,20.0,1,3.3333333333333335,1,3.3333333333333335,1,3.3333333333333335,1.9666666666666666,1.32874209519965,2.0,1.0,90.0,93.33333333333333,93.33333333333333,14,46.666666666666664,10,33.33333333333333,3,10.0,1,3.3333333333333335,0,0.0,2,6.666666666666667,2.1,1.491084616423003,2.0,1.0,86.66666666666667,90.0,90.0,13,43.333333333333336,11,36.666666666666664,2,6.666666666666667,1,3.3333333333333335,0,0.0,3,10.0,2.8,1.9561867668161612,2.0,3.0,70.0,76.66666666666667,76.66666666666667,11,36.666666666666664,7,23.333333333333332,3,10.0,2,6.666666666666667,0,0.0,7,23.333333333333332
776,False,2.466666666666667,1.4544949486180951,2.0,2.0,76.66666666666667,90.0,93.33333333333333,9,30.0,10,33.33333333333333,4,13.333333333333334,4,13.333333333333334,1,3.3333333333333335,2,6.666666666666667,2.2333333333333334,1.7641491496532322,1.0,2.5,73.33333333333333,83.33333333333334,90.0,17,56.666666666666664,5,16.666666666666664,0,0.0,3,10.0,2,6.666666666666667,3,10.0,2.3666666666666667,1.6428295373802142,2.0,2.75,73.33333333333333,90.0,90.0,14,46.666666666666664,5,16.666666666666664,3,10.0,5,16.666666666666664,0,0.0,3,10.0,2.6333333333333333,1.682920741515245,2.0,3.0,70.0,83.33333333333334,90.0,11,36.666666666666664,6,20.0,4,13.333333333333334,4,13.333333333333334,2,6.666666666666667,3,10.0
777,False,2.3,1.8101565309847285,1.0,2.0,83.33333333333334,83.33333333333334,83.33333333333334,16,53.333333333333336,4,13.333333333333334,5,16.666666666666664,0,0.0,0,0.0,5,16.666666666666664,2.0,1.8973665961010275,1.0,0.0,80.0,83.33333333333334,83.33333333333334,23,76.66666666666667,0,0.0,1,3.3333333333333335,1,3.3333333333333335,0,0.0,5,16.666666666666664,2.1333333333333333,1.9275776393067947,1.0,1.75,80.0,80.0,83.33333333333334,21,70.0,1,3.3333333333333335,2,6.666666666666667,0,0.0,1,3.3333333333333335,5,16.666666666666664,2.6666666666666665,1.86785676348292,2.0,3.0,70.0,80.0,83.33333333333334,13,43.333333333333336,4,13.333333333333334,4,13.333333333333334,3,10.0,1,3.3333333333333335,5,16.666666666666664
778,True,2.033333333333333,1.32874209519965,2.0,1.0,86.66666666666667,90.0,96.66666666666667,13,43.333333333333336,11,36.666666666666664,2,6.666666666666667,1,3.3333333333333335,2,6.666666666666667,1,3.3333333333333335,1.8,1.5577761927397231,1.0,1.0,86.66666666666667,90.0,90.0,21,70.0,4,13.333333333333334,1,3.3333333333333335,1,3.3333333333333335,0,0.0,3,10.0,2.1,1.7,1.0,1.0,76.66666666666667,86.66666666666667,90.0,18,60.0,5,16.666666666666664,0,0.0,3,10.0,1,3.3333333333333335,3,10.0,2.1666666666666665,1.4851112939963644,2.0,1.0,80.0,90.0,93.33333333333333,13,43.333333333333336,10,33.33333333333333,1,3.3333333333333335,3,10.0,1,3.3333333333333335,2,6.666666666666667
779,True,1.9666666666666666,1.0482790129010926,2.0,1.0,96.66666666666667,96.66666666666667,96.66666666666667,11,36.666666666666664,12,40.0,6,20.0,0,0.0,0,0.0,1,3.3333333333333335,1.9,1.6401219466856725,1.0,1.0,83.33333333333334,86.66666666666667,90.0,20,66.66666666666666,5,16.666666666666664,0,0.0,1,3.3333333333333335,1,3.3333333333333335,3,10.0,2.033333333333333,1.5807874268505833,1.0,2.0,80.0,90.0,93.33333333333333,19,63.33333333333333,2,6.666666666666667,3,10.0,3,10.0,1,3.3333333333333335,2,6.666666666666667,2.2,1.514375558880073,1.5,2.0,80.0,86.66666666666667,96.66666666666667,15,50.0,5,16.666666666666664,4,13.333333333333334,2,6.666666666666667,3,10.0,1,3.3333333333333335
780,False,2.1333333333333333,1.6478942792411033,2.0,1.0,83.33333333333334,86.66666666666667,86.66666666666667,14,46.666666666666664,11,36.666666666666664,0,0.0,1,3.3333333333333335,0,0.0,4,13.333333333333334,1.9,1.6603212540549697,1.0,1.0,83.33333333333334,86.66666666666667,90.0,21,70.0,3,10.0,1,3.3333333333333335,1,3.3333333333333335,1,3.3333333333333335,3,10.0,1.6666666666666667,1.1352924243950933,1.0,1.0,93.33333333333333,96.66666666666667,96.66666666666667,19,63.33333333333333,6,20.0,3,10.0,1,3.3333333333333335,0,0.0,1,3.3333333333333335,2.3666666666666667,1.9405039437103846,1.0,2.0,80.0,80.0,80.0,17,56.666666666666664,3,10.0,4,13.333333333333334,0,0.0,0,0.0,6,20.0
781,True,2.3666666666666667,1.834545054108935,2.0,1.75,80.0,80.0,83.33333333333334,14,46.666666666666664,8,26.666666666666668,2,6.666666666666667,0,0.0,1,3.3333333333333335,5,16.666666666666664,1.7,1.3203534880225571,1.0,1.0,93.33333333333333,93.33333333333333,93.33333333333333,20,66.66666666666666,5,16.666666666666664,3,10.0,0,0.0,0,0.0,2,6.666666666666667,1.9,1.5132745950421556,1.0,1.0,90.0,90.0,90.0,18,60.0,6,20.0,3,10.0,0,0.0,0,0.0,3,10.0,2.433333333333333,1.5849991237291654,2.0,2.75,73.33333333333333,86.66666666666667,93.33333333333333,12,40.0,7,23.333333333333332,3,10.0,4,13.333333333333334,2,6.666666666666667,2,6.666666666666667
782,False,2.4,1.7243356208503415,2.0,1.75,83.33333333333334,83.33333333333334,83.33333333333334,11,36.666666666666664,11,36.666666666666664,3,10.0,0,0.0,0,0.0,5,16.666666666666664,2.033333333333333,1.7026123718829513,1.0,1.0,83.33333333333334,86.66666666666667,86.66666666666667,18,60.0,6,20.0,1,3.3333333333333335,1,3.3333333333333335,0,0.0,4,13.333333333333334,2.1,1.7,1.0,1.0,83.33333333333334,86.66666666666667,86.66666666666667,17,56.666666666666664,6,20.0,2,6.666666666666667,1,3.3333333333333335,0,0.0,4,13.333333333333334,2.6666666666666665,1.831817555204545,2.0,2.0,76.66666666666667,80.0,80.0,10,33.33333333333333,9,30.0,4,13.333333333333334,1,3.3333333333333335,0,0.0,6,20.0
783,False,2.3333333333333335,1.6599866130651644,2.0,1.0,83.33333333333334,83.33333333333334,86.66666666666667,11,36.666666666666664,12,40.0,2,6.666666666666667,0,0.0,1,3.3333333333333335,4,13.333333333333334,1.9,1.5567059238447487,1.0,1.0,86.66666666666667,90.0,90.0,19,63.33333333333333,5,16.666666666666664,2,6.666666666666667,1,3.3333333333333335,0,0.0,3,10.0,2.0,1.570562531918633,1.0,1.0,83.33333333333334,90.0,90.0,17,56.666666666666664,7,23.333333333333332,1,3.3333333333333335,2,6.666666666666667,0,0.0,3,10.0,2.8,2.039607805437114,2.0,3.75,66.66666666666666,73.33333333333333,76.66666666666667,13,43.333333333333336,5,16.666666666666664,2,6.666666666666667,2,6.666666666666667,1,3.3333333333333335,7,23.333333333333332
784,True,2.3333333333333335,1.679947089113887,2.0,2.0,80.0,86.66666666666667,86.66666666666667,13,43.333333333333336,8,26.666666666666668,3,10.0,2,6.666666666666667,0,0.0,4,13.333333333333334,1.7333333333333334,1.412641340027806,1.0,1.0,86.66666666666667,93.33333333333333,93.33333333333333,21,70.0,4,13.333333333333334,1,3.3333333333333335,2,6.666666666666667,0,0.0,2,6.666666666666667,2.1,1.8502252115170554,1.0,1.0,80.0,83.33333333333334,83.33333333333334,19,63.33333333333333,5,16.666666666666664,0,0.0,1,3.3333333333333335,0,0.0,5,16.666666666666664,2.3666666666666667,1.6428295373802142,2.0,2.75,73.33333333333333,90.0,90.0,14,46.666666666666664,5,16.666666666666664,3,10.0,5,16.666666666666664,0,0.0,3,10.0
785,True,1.9333333333333333,1.412641340027806,1.0,1.0,83.33333333333334,90.0,96.66666666666667,17,56.666666666666664,7,23.333333333333332,1,3.3333333333333335,2,6.666666666666667,2,6.666666666666667,1,3.3333333333333335,1.8333333333333333,1.5073892072793353,1.0,1.0,83.33333333333334,86.66666666666667,96.66666666666667,21,70.0,3,10.0,1,3.3333333333333335,1,3.3333333333333335,3,10.0,1,3.3333333333333335,2.066666666666667,1.7499206331208919,1.0,1.75,80.0,83.33333333333334,90.0,20,66.66666666666666,2,6.666666666666667,2,6.666666666666667,1,3.3333333333333335,2,6.666666666666667,3,10.0,2.3666666666666667,1.7413277182145301,1.5,2.0,76.66666666666667,86.66666666666667,86.66666666666667,15,50.0,4,13.333333333333334,4,13.333333333333334,3,10.0,0,0.0,4,13.333333333333334
786,True,1.9,1.535143858622594,1.0,1.0,86.66666666666667,90.0,90.0,18,60.0,7,23.333333333333332,1,3.3333333333333335,1,3.3333333333333335,0,0.0,3,10.0,1.7333333333333334,1.412641340027806,1.0,1.0,86.66666666666667,93.33333333333333,93.33333333333333,21,70.0,4,13.333333333333334,1,3.3333333333333335,2,6.666666666666667,0,0.0,2,6.666666666666667,2.2,1.7962924780409975,1.0,1.0,83.33333333333334,83.33333333333334,83.33333333333334,16,53.333333333333336,7,23.333333333333332,2,6.666666666666667,0,0.0,0,0.0,5,16.666666666666664,2.7333333333333334,2.0483055327649624,1.5,3.75,63.33333333333333,73.33333333333333,80.0,15,50.0,3,10.0,1,3.3333333333333335,3,10.0,2,6.666666666666667,6,20.0
787,True,2.1666666666666665,1.6346933113652304,2.0,1.0,86.66666666666667,86.66666666666667,86.66666666666667,14,46.666666666666664,9,30.0,3,10.0,0,0.0,0,0.0,4,13.333333333333334,1.9,1.535143858622594,1.0,1.0,86.66666666666667,86.66666666666667,93.33333333333333,19,63.33333333333333,5,16.666666666666664,2,6.666666666666667,0,0.0,2,6.666666666666667,2,6.666666666666667,2.033333333333333,1.53803626600791,1.0,1.75,86.66666666666667,86.66666666666667,93.33333333333333,17,56.666666666666664,5,16.666666666666664,4,13.333333333333334,0,0.0,2,6.666666666666667,2,6.666666666666667,2.3333333333333335,1.6193277068654826,2.0,2.0,83.33333333333334,86.66666666666667,90.0,14,46.666666666666664,4,13.333333333333334,7,23.333333333333332,1,3.3333333333333335,1,3.3333333333333335,3,10.0
788,True,1.9,1.1647603473104098,2.0,1.0,90.0,96.66666666666667,96.66666666666667,14,46.666666666666664,10,33.33333333333333,3,10.0,2,6.666666666666667,0,0.0,1,3.3333333333333335,1.9,1.4224392195567912,1.0,1.0,83.33333333333334,90.0,96.66666666666667,18,60.0,6,20.0,1,3.3333333333333335,2,6.666666666666667,2,6.666666666666667,1,3.3333333333333335,1.8666666666666667,1.3840359661351127,1.0,1.0,86.66666666666667,93.33333333333333,93.33333333333333,17,56.666666666666664,8,26.666666666666668,1,3.3333333333333335,2,6.666666666666667,0,0.0,2,6.666666666666667,2.3666666666666667,1.6629959577688562,2.0,2.0,83.33333333333334,86.66666666666667,86.66666666666667,13,43.333333333333336,6,20.0,6,20.0,1,3.3333333333333335,0,0.0,4,13.333333333333334
789,False,2.7666666666666666,1.8015425489162213,2.0,1.0,76.66666666666667,76.66666666666667,80.0,7,23.333333333333332,13,43.333333333333336,3,10.0,0,0.0,1,3.3333333333333335,6,20.0,2.033333333333333,1.8162843634433705,1.0,1.0,83.33333333333334,83.33333333333334,83.33333333333334,19,63.33333333333333,6,20.0,0,0.0,0,0.0,0,0.0,5,16.666666666666664,2.1666666666666665,1.827262676488766,1.0,1.0,80.0,83.33333333333334,83.33333333333334,17,56.666666666666664,7,23.333333333333332,0,0.0,1,3.3333333333333335,0,0.0,5,16.666666666666664,2.4,1.7625738755203046,2.0,1.75,80.0,83.33333333333334,83.33333333333334,12,40.0,10,33.33333333333333,2,6.666666666666667,1,3.3333333333333335,0,0.0,5,16.666666666666664
790,True,2.2333333333333334,1.7641491496532322,1.0,1.75,80.0,83.33333333333334,86.66666666666667,16,53.333333333333336,6,20.0,2,6.666666666666667,1,3.3333333333333335,1,3.3333333333333335,4,13.333333333333334,1.6333333333333333,1.42556031868954,1.0,0.0,90.0,90.0,93.33333333333333,23,76.66666666666667,3,10.0,1,3.3333333333333335,0,0.0,1,3.3333333333333335,2,6.666666666666667,1.6666666666666667,1.4220486005134358,1.0,0.75,90.0,90.0,93.33333333333333,22,73.33333333333333,4,13.333333333333334,1,3.3333333333333335,0,0.0,1,3.3333333333333335,2,6.666666666666667,2.433333333333333,1.891795149821695,1.5,2.75,73.33333333333333,80.0,83.33333333333334,15,50.0,6,20.0,1,3.3333333333333335,2,6.666666666666667,1,3.3333333333333335,5,16.666666666666664
791,True,2.1,1.3503086067019396,2.0,2.0,90.0,93.33333333333333,93.33333333333333,13,43.333333333333336,8,26.666666666666668,6,20.0,1,3.3333333333333335,0,0.0,2,6.666666666666667,1.9,1.398809017223819,1.0,1.0,86.66666666666667,93.33333333333333,93.33333333333333,17,56.666666666666664,7,23.333333333333332,2,6.666666666666667,2,6.666666666666667,0,0.0,2,6.666666666666667,2.0,1.570562531918633,1.0,1.0,83.33333333333334,90.0,90.0,17,56.666666666666664,7,23.333333333333332,1,3.3333333333333335,2,6.666666666666667,0,0.0,3,10.0,2.433333333333333,1.6058919293927874,2.0,2.0,83.33333333333334,86.66666666666667,86.66666666666667,10,33.33333333333333,10,33.33333333333333,5,16.666666666666664,1,3.3333333333333335,0,0.0,4,13.333333333333334
792,True,1.7666666666666666,1.3337499349161706,1.0,1.0,86.66666666666667,93.33333333333333,96.66666666666667,20,66.66666666666666,4,13.333333333333334,2,6.666666666666667,2,6.666666666666667,1,3.3333333333333335,1,3.3333333333333335,1.4333333333333333,1.0225241100118645,1.0,0.0,96.66666666666667,96.66666666666667,96.66666666666667,23,76.66666666666667,4,13.333333333333334,2,6.666666666666667,0,0.0,0,0.0,1,3.3333333333333335,1.4666666666666666,1.024152766382481,1.0,0.75,96.66666666666667,96.66666666666667,96.66666666666667,22,73.33333333333333,5,16.666666666666664,2,6.666666666666667,0,0.0,0,0.0,1,3.3333333333333335,2.3,1.7540429489230491,1.0,2.75,73.33333333333333,83.33333333333334,90.0,16,53.333333333333336,5,16.666666666666664,1,3.3333333333333335,3,10.0,2,6.666666666666667,3,10.0
793,False,2.6333333333333333,1.8705317128797596,2.0,2.75,73.33333333333333,80.0,80.0,11,36.666666666666664,9,30.0,2,6.666666666666667,2,6.666666666666667,0,0.0,6,20.0,1.8666666666666667,1.2840906856172147,1.0,1.0,90.0,93.33333333333333,96.66666666666667,17,56.666666666666664,6,20.0,4,13.333333333333334,1,3.3333333333333335,1,3.3333333333333335,1,3.3333333333333335,2.1333333333333333,1.687865186822955,1.0,2.0,86.66666666666667,86.66666666666667,86.66666666666667,17,56.666666666666664,4,13.333333333333334,5,16.666666666666664,0,0.0,0,0.0,4,13.333333333333334,2.033333333333333,1.4487542541400487,1.5,1.0,86.66666666666667,90.0,93.33333333333333,15,50.0,8,26.666666666666668,3,10.0,1,3.3333333333333335,1,3.3333333333333335,2,6.666666666666667
794,True,2.3333333333333335,1.5986105077709065,2.0,2.0,83.33333333333334,86.66666666666667,90.0,13,43.333333333333336,6,20.0,6,20.0,1,3.3333333333333335,1,3.3333333333333335,3,10.0,2.1,1.7194960502038574,1.0,1.75,76.66666666666667,86.66666666666667,90.0,19,63.33333333333333,3,10.0,1,3.3333333333333335,3,10.0,1,3.3333333333333335,3,10.0,2.533333333333333,1.9102065042525873,1.0,2.75,73.33333333333333,80.0,83.33333333333334,16,53.333333333333336,1,3.3333333333333335,5,16.666666666666664,2,6.666666666666667,1,3.3333333333333335,5,16.666666666666664,2.6666666666666665,2.00554786086551,1.0,3.0,70.0,76.66666666666667,80.0,16,53.333333333333336,0,0.0,5,16.666666666666664,2,6.666666666666667,1,3.3333333333333335,6,20.0
795,False,2.466666666666667,1.746106780494506,2.0,2.0,80.0,83.33333333333334,83.33333333333334,11,36.666666666666664,10,33.33333333333333,3,10.0,1,3.3333333333333335,0,0.0,5,16.666666666666664,2.033333333333333,1.7603661235347858,1.0,1.0,83.33333333333334,83.33333333333334,86.66666666666667,19,63.33333333333333,5,16.666666666666664,1,3.3333333333333335,0,0.0,1,3.3333333333333335,4,13.333333333333334,2.2,1.8690461025168248,1.0,1.0,76.66666666666667,83.33333333333334,83.33333333333334,18,60.0,5,16.666666666666664,0,0.0,2,6.666666666666667,0,0.0,5,16.666666666666664,2.7666666666666666,1.7641491496532322,2.0,3.0,66.66666666666666,80.0,86.66666666666667,10,33.33333333333333,7,23.333333333333332,3,10.0,4,13.333333333333334,2,6.666666666666667,4,13.333333333333334
796,True,2.1,1.445683229480096,1.5,2.0,83.33333333333334,93.33333333333333,93.33333333333333,15,50.0,6,20.0,4,13.333333333333334,3,10.0,0,0.0,2,6.666666666666667,1.9666666666666666,1.5595583420386112,1.0,1.0,80.0,90.0,93.33333333333333,19,63.33333333333333,4,13.333333333333334,1,3.3333333333333335,3,10.0,1,3.3333333333333335,2,6.666666666666667,2.466666666666667,1.9955506062794357,1.0,2.0,76.66666666666667,76.66666666666667,80.0,17,56.666666666666664,2,6.666666666666667,4,13.333333333333334,0,0.0,1,3.3333333333333335,6,20.0,2.6333333333333333,1.7603661235347856,2.0,3.0,70.0,83.33333333333334,86.66666666666667,12,40.0,5,16.666666666666664,4,13.333333333333334,4,13.333333333333334,1,3.3333333333333335,4,13.333333333333334
797,True,2.033333333333333,1.32874209519965,2.0,2.0,93.33333333333333,93.33333333333333,93.33333333333333,14,46.666666666666664,7,23.333333333333332,7,23.333333333333332,0,0.0,0,0.0,2,6.666666666666667,1.9333333333333333,1.6316317667360554,1.0,1.0,86.66666666666667,86.66666666666667,90.0,20,66.66666666666666,3,10.0,3,10.0,0,0.0,1,3.3333333333333335,3,10.0,1.9666666666666666,1.601735170231195,1.0,1.0,86.66666666666667,86.66666666666667,90.0,18,60.0,6,20.0,2,6.666666666666667,0,0.0,1,3.3333333333333335,3,10.0,2.6333333333333333,2.008039397577204,2.0,2.75,73.33333333333333,76.66666666666667,76.66666666666667,14,46.666666666666664,5,16.666666666666664,3,10.0,1,3.3333333333333335,0,0.0,7,23.333333333333332
798,True,2.2333333333333334,1.6058919293927874,1.5,2.0,76.66666666666667,86.66666666666667,93.33333333333333,15,50.0,6,20.0,2,6.666666666666667,3,10.0,2,6.666666666666667,2,6.666666666666667,1.9,1.57797338380595,1.0,1.0,83.33333333333334,86.66666666666667,93.33333333333333,20,66.66666666666666,4,13.333333333333334,1,3.3333333333333335,1,3.3333333333333335,2,6.666666666666667,2,6.666666666666667,2.1333333333333333,1.6679994670929073,1.0,1.75,80.0,86.66666666666667,90.0,17,56.666666666666664,5,16.666666666666664,2,6.666666666666667,2,6.666666666666667,1,3.3333333333333335,3,10.0,2.1666666666666665,1.4851112939963644,2.0,2.0,83.33333333333334,90.0,93.33333333333333,14,46.666666666666664,7,23.333333333333332,4,13.333333333333334,2,6.666666666666667,1,3.3333333333333335,2,6.666666666666667
799,True,2.066666666666667,1.590248058916875,1.0,1.0,86.66666666666667,86.66666666666667,90.0,16,53.333333333333336,7,23.333333333333332,3,10.0,0,0.0,1,3.3333333333333335,3,10.0,1.9666666666666666,1.834545054108935,1.0,1.0,83.33333333333334,83.33333333333334,83.33333333333334,21,70.0,4,13.333333333333334,0,0.0,0,0.0,0,0.0,5,16.666666666666664,2.066666666666667,1.730767331432956,1.0,1.75,83.33333333333334,86.66666666666667,86.66666666666667,19,63.33333333333333,3,10.0,3,10.0,1,3.3333333333333335,0,0.0,4,13.333333333333334,2.8333333333333335,2.082999973329066,2.0,3.75,60.0,73.33333333333333,76.66666666666667,14,46.666666666666664,4,13.333333333333334,0,0.0,4,13.333333333333334,1,3.3333333333333335,7,23.333333333333332
800,False,1.9333333333333333,1.1527744310527055,2.0,1.0,90.0,96.66666666666667,96.66666666666667,13,43.333333333333336,11,36.666666666666664,3,10.0,2,6.666666666666667,0,0.0,1,3.3333333333333335,1.9666666666666666,1.601735170231195,1.0,1.0,86.66666666666667,86.66666666666667,90.0,18,60.0,6,20.0,2,6.666666666666667,0,0.0,1,3.3333333333333335,3,10.0,2.2333333333333334,1.856220772310114,1.0,1.0,80.0,80.0,83.33333333333334,16,53.333333333333336,8,26.666666666666668,0,0.0,0,0.0,1,3.3333333333333335,5,16.666666666666664,2.3666666666666667,1.7220788470785984,2.0,2.0,80.0,83.33333333333334,86.66666666666667,13,43.333333333333336,8,26.666666666666668,3,10.0,1,3.3333333333333335,1,3.3333333333333335,4,13.333333333333334
801,True,2.1,1.598957994028194,1.0,1.0,83.33333333333334,83.33333333333334,93.33333333333333,16,53.333333333333336,7,23.333333333333332,2,6.666666666666667,0,0.0,3,10.0,2,6.666666666666667,1.9,1.556705923844749,1.0,1.0,86.66666666666667,90.0,90.0,19,63.33333333333333,5,16.666666666666664,2,6.666666666666667,1,3.3333333333333335,0,0.0,3,10.0,1.9666666666666666,1.5380362660079103,1.0,1.0,86.66666666666667,90.0,90.0,17,56.666666666666664,7,23.333333333333332,2,6.666666666666667,1,3.3333333333333335,0,0.0,3,10.0,2.1,1.6603212540549694,1.0,1.0,86.66666666666667,86.66666666666667,86.66666666666667,16,53.333333333333336,7,23.333333333333332,3,10.0,0,0.0,0,0.0,4,13.333333333333334
802,True,2.6333333333333333,1.702612371882951,2.0,2.0,76.66666666666667,80.0,86.66666666666667,9,30.0,10,33.33333333333333,4,13.333333333333334,1,3.3333333333333335,2,6.666666666666667,4,13.333333333333334,2.2666666666666666,1.9310331143946986,1.0,1.0,80.0,80.0,80.0,17,56.666666666666664,6,20.0,1,3.3333333333333335,0,0.0,0,0.0,6,20.0,2.4,1.8000000000000003,2.0,2.0,76.66666666666667,80.0,86.66666666666667,14,46.666666666666664,7,23.333333333333332,2,6.666666666666667,1,3.3333333333333335,2,6.666666666666667,4,13.333333333333334,2.6666666666666665,1.903213656482693,2.0,2.0,76.66666666666667,76.66666666666667,80.0,12,40.0,6,20.0,5,16.666666666666664,0,0.0,1,3.3333333333333335,6,20.0
803,True,2.2,1.4,2.0,2.0,83.33333333333334,93.33333333333333,93.33333333333333,12,40.0,9,30.0,4,13.333333333333334,3,10.0,0,0.0,2,6.666666666666667,2.2333333333333334,1.7641491496532322,2.0,1.0,83.33333333333334,83.33333333333334,83.33333333333334,14,46.666666666666664,10,33.33333333333333,1,3.3333333333333335,0,0.0,0,0.0,5,16.666666666666664,2.5,1.8211717839530315,2.0,2.75,73.33333333333333,83.33333333333334,83.33333333333334,13,43.333333333333336,7,23.333333333333332,2,6.666666666666667,3,10.0,0,0.0,5,16.666666666666664,2.8,1.7962924780409975,2.0,2.75,70.0,76.66666666666667,83.33333333333334,8,26.666666666666668,11,36.666666666666664,2,6.666666666666667,2,6.666666666666667,2,6.666666666666667,5,16.666666666666664
804,True,2.466666666666667,1.4772346537440226,2.0,2.0,83.33333333333334,86.66666666666667,93.33333333333333,10,33.33333333333333,7,23.333333333333332,8,26.666666666666668,1,3.3333333333333335,2,6.666666666666667,2,6.666666666666667,2.1333333333333333,1.687865186822955,1.0,2.0,80.0,86.66666666666667,90.0,18,60.0,3,10.0,3,10.0,2,6.666666666666667,1,3.3333333333333335,3,10.0,2.1666666666666665,1.654958878307521,1.0,1.75,80.0,86.66666666666667,90.0,16,53.333333333333336,6,20.0,2,6.666666666666667,2,6.666666666666667,1,3.3333333333333335,3,10.0,2.5,1.8027756377319946,2.0,2.0,76.66666666666667,83.33333333333334,83.33333333333334,13,43.333333333333336,6,20.0,4,13.333333333333334,2,6.666666666666667,0,0.0,5,16.666666666666664
805,True,2.3333333333333335,1.5563490039905004,2.0,2.0,83.33333333333334,86.66666666666667,90.0,11,36.666666666666664,10,33.33333333333333,4,13.333333333333334,1,3.3333333333333335,1,3.3333333333333335,3,10.0,1.9666666666666666,1.5162087220725546,1.0,1.0,86.66666666666667,86.66666666666667,93.33333333333333,17,56.666666666666664,7,23.333333333333332,2,6.666666666666667,0,0.0,2,6.666666666666667,2,6.666666666666667,2.1333333333333333,1.564892612574067,2.0,1.0,86.66666666666667,86.66666666666667,90.0,14,46.666666666666664,9,30.0,3,10.0,0,0.0,1,3.3333333333333335,3,10.0,2.3666666666666667,1.7220788470785986,2.0,2.0,80.0,83.33333333333334,86.66666666666667,13,43.333333333333336,8,26.666666666666668,3,10.0,1,3.3333333333333335,1,3.3333333333333335,4,13.333333333333334
806,True,1.9,1.1930353445448854,2.0,1.0,93.33333333333333,93.33333333333333,96.66666666666667,14,46.666666666666664,10,33.33333333333333,4,13.333333333333334,0,0.0,1,3.3333333333333335,1,3.3333333333333335,1.8666666666666667,1.4313940369055926,1.0,1.0,90.0,90.0,93.33333333333333,18,60.0,6,20.0,3,10.0,0,0.0,1,3.3333333333333335,2,6.666666666666667,2.433333333333333,1.92671280221579,1.5,2.0,76.66666666666667,80.0,80.0,15,50.0,6,20.0,2,6.666666666666667,1,3.3333333333333335,0,0.0,6,20.0,2.3666666666666667,1.601735170231195,2.0,2.0,83.33333333333334,86.66666666666667,90.0,13,43.333333333333336,5,16.666666666666664,7,23.333333333333332,1,3.3333333333333335,1,3.3333333333333335,3,10.0
807,False,2.7333333333333334,1.8427033281447005,2.0,2.0,76.66666666666667,80.0,80.0,11,36.666666666666664,5,16.666666666666664,7,23.333333333333332,1,3.3333333333333335,0,0.0,6,20.0,2.2666666666666666,1.8785337071473829,1.0,1.75,80.0,80.0,83.33333333333334,17,56.666666666666664,5,16.666666666666664,2,6.666666666666667,0,0.0,1,3.3333333333333335,5,16.666666666666664,2.2666666666666666,1.8245242911205346,1.0,1.75,80.0,83.33333333333334,83.33333333333334,16,53.333333333333336,6,20.0,2,6.666666666666667,1,3.3333333333333335,0,0.0,5,16.666666666666664,2.1666666666666665,1.6549588783075213,1.0,1.75,80.0,86.66666666666667,90.0,16,53.333333333333336,6,20.0,2,6.666666666666667,2,6.666666666666667,1,3.3333333333333335,3,10.0
808,True,2.1,1.5567059238447487,1.5,1.0,83.33333333333334,90.0,90.0,15,50.0,8,26.666666666666668,2,6.666666666666667,2,6.666666666666667,0,0.0,3,10.0,1.8333333333333333,1.4851112939963644,1.0,1.0,86.66666666666667,90.0,93.33333333333333,20,66.66666666666666,4,13.333333333333334,2,6.666666666666667,1,3.3333333333333335,1,3.3333333333333335,2,6.666666666666667,1.9,1.57797338380595,1.0,1.0,86.66666666666667,86.66666666666667,90.0,18,60.0,8,26.666666666666668,0,0.0,0,0.0,1,3.3333333333333335,3,10.0,2.1666666666666665,1.6346933113652304,1.0,2.0,80.0,90.0,90.0,17,56.666666666666664,3,10.0,4,13.333333333333334,3,10.0,0,0.0,3,10.0
809,True,2.2333333333333334,1.358512258154322,2.0,1.75,83.33333333333334,93.33333333333333,93.33333333333333,10,33.33333333333333,12,40.0,3,10.0,3,10.0,0,0.0,2,6.666666666666667,1.9,1.535143858622594,1.0,1.0,86.66666666666667,90.0,90.0,18,60.0,7,23.333333333333332,1,3.3333333333333335,1,3.3333333333333335,0,0.0,3,10.0,2.2,1.6613247725836149,2.0,1.0,83.33333333333334,86.66666666666667,86.66666666666667,14,46.666666666666664,9,30.0,2,6.666666666666667,1,3.3333333333333335,0,0.0,4,13.333333333333334,2.3333333333333335,1.699673171197595,2.0,1.75,76.66666666666667,86.66666666666667,86.66666666666667,13,43.333333333333336,9,30.0,1,3.3333333333333335,3,10.0,0,0.0,4,13.333333333333334
810,True,1.8666666666666667,1.2036980056845192,2.0,1.0,90.0,93.33333333333333,96.66666666666667,14,46.666666666666664,12,40.0,1,3.3333333333333335,1,3.3333333333333335,1,3.3333333333333335,1,3.3333333333333335,1.8333333333333333,1.5293426329272615,1.0,1.0,83.33333333333334,90.0,93.33333333333333,21,70.0,3,10.0,1,3.3333333333333335,2,6.666666666666667,1,3.3333333333333335,2,6.666666666666667,2.066666666666667,1.7113996870657915,1.0,1.0,83.33333333333334,86.66666666666667,86.66666666666667,18,60.0,5,16.666666666666664,2,6.666666666666667,1,3.3333333333333335,0,0.0,4,13.333333333333334,2.2,1.514375558880073,1.5,2.0,76.66666666666667,93.33333333333333,93.33333333333333,15,50.0,5,16.666666666666664,3,10.0,5,16.666666666666664,0,0.0,2,6.666666666666667
811,False,2.3333333333333335,1.738453974720706,2.0,2.0,80.0,83.33333333333334,86.66666666666667,14,46.666666666666664,7,23.333333333333332,3,10.0,1,3.3333333333333335,1,3.3333333333333335,4,13.333333333333334,1.7,1.4866068747318506,1.0,1.0,90.0,90.0,90.0,21,70.0,6,20.0,0,0.0,0,0.0,0,0.0,3,10.0,2.033333333333333,1.760366123534786,1.0,1.0,83.33333333333334,83.33333333333334,86.66666666666667,19,63.33333333333333,5,16.666666666666664,1,3.3333333333333335,0,0.0,1,3.3333333333333335,4,13.333333333333334,2.433333333333333,1.8917951498216947,1.0,2.0,76.66666666666667,80.0,83.33333333333334,16,53.333333333333336,3,10.0,4,13.333333333333334,1,3.3333333333333335,1,3.3333333333333335,5,16.666666666666664
812,True,2.1333333333333333,1.6275407487644937,1.0,1.75,83.33333333333334,86.66666666666667,90.0,16,53.333333333333336,6,20.0,3,10.0,1,3.3333333333333335,1,3.3333333333333335,3,10.0,1.8,1.4696938456699071,1.0,1.0,83.33333333333334,93.33333333333333,93.33333333333333,21,70.0,3,10.0,1,3.3333333333333335,3,10.0,0,0.0,2,6.666666666666667,1.8,1.4236104336041748,1.0,1.0,86.66666666666667,93.33333333333333,93.33333333333333,20,66.66666666666666,4,13.333333333333334,2,6.666666666666667,2,6.666666666666667,0,0.0,2,6.666666666666667,2.3,1.5307950004273376,2.0,2.0,83.33333333333334,90.0,90.0,12,40.0,8,26.666666666666668,5,16.666666666666664,2,6.666666666666667,0,0.0,3,10.0
813,True,2.2333333333333334,1.358512258154322,2.0,2.0,86.66666666666667,93.33333333333333,93.33333333333333,11,36.666666666666664,9,30.0,6,20.0,2,6.666666666666667,0,0.0,2,6.666666666666667,1.8666666666666667,1.4313940369055924,1.0,1.0,90.0,90.0,93.33333333333333,18,60.0,6,20.0,3,10.0,0,0.0,1,3.3333333333333335,2,6.666666666666667,2.2,1.7587874611030558,1.0,2.0,83.33333333333334,83.33333333333334,86.66666666666667,17,56.666666666666664,4,13.333333333333334,4,13.333333333333334,0,0.0,1,3.3333333333333335,4,13.333333333333334,2.8666666666666667,1.9102065042525873,2.0,2.75,73.33333333333333,76.66666666666667,76.66666666666667,10,33.33333333333333,6,20.0,6,20.0,1,3.3333333333333335,0,0.0,7,23.333333333333332
814,True,2.4,1.6041612554021287,2.0,2.0,86.66666666666667,86.66666666666667,86.66666666666667,11,36.666666666666664,8,26.666666666666668,7,23.333333333333332,0,0.0,0,0.0,4,13.333333333333334,1.7333333333333334,1.4817407180595246,1.0,0.75,86.66666666666667,90.0,93.33333333333333,22,73.33333333333333,3,10.0,1,3.3333333333333335,1,3.3333333333333335,1,3.3333333333333335,2,6.666666666666667,1.8333333333333333,1.5509853498842456,1.0,1.0,86.66666666666667,90.0,90.0,20,66.66666666666666,5,16.666666666666664,1,3.3333333333333335,1,3.3333333333333335,0,0.0,3,10.0,2.3666666666666667,1.7792008193443358,2.0,1.75,80.0,83.33333333333334,83.33333333333334,13,43.333333333333336,9,30.0,2,6.666666666666667,1,3.3333333333333335,0,0.0,5,16.666666666666664
815,False,2.8,2.1354156504062622,2.0,5.0,70.0,70.0,70.0,12,40.0,9,30.0,0,0.0,0,0.0,0,0.0,9,30.0,2.066666666666667,1.8427033281447005,1.0,1.0,83.33333333333334,83.33333333333334,83.33333333333334,20,66.66666666666666,3,10.0,2,6.666666666666667,0,0.0,0,0.0,5,16.666666666666664,2.2,1.9561867668161612,1.0,1.0,80.0,80.0,80.0,19,63.33333333333333,4,13.333333333333334,1,3.3333333333333335,0,0.0,0,0.0,6,20.0,2.2666666666666666,1.7499206331208916,1.5,1.75,80.0,83.33333333333334,86.66666666666667,15,50.0,7,23.333333333333332,2,6.666666666666667,1,3.3333333333333335,1,3.3333333333333335,4,13.333333333333334
816,False,1.7,1.1,1.0,1.0,96.66666666666667,96.66666666666667,96.66666666666667,18,60.0,6,20.0,5,16.666666666666664,0,0.0,0,0.0,1,3.3333333333333335,1.8,1.5790292376436015,1.0,0.75,86.66666666666667,90.0,90.0,22,73.33333333333333,2,6.666666666666667,2,6.666666666666667,1,3.3333333333333335,0,0.0,3,10.0,1.8333333333333333,1.5723301886761007,1.0,1.0,86.66666666666667,90.0,90.0,21,70.0,3,10.0,2,6.666666666666667,1,3.3333333333333335,0,0.0,3,10.0,2.6,2.009975124224178,1.0,3.0,70.0,76.66666666666667,80.0,16,53.333333333333336,2,6.666666666666667,3,10.0,2,6.666666666666667,1,3.3333333333333335,6,20.0
817,True,1.8666666666666667,1.3097921802925665,1.0,1.0,86.66666666666667,93.33333333333333,96.66666666666667,17,56.666666666666664,7,23.333333333333332,2,6.666666666666667,2,6.666666666666667,1,3.3333333333333335,1,3.3333333333333335,1.6666666666666667,1.2995725793078619,1.0,1.0,93.33333333333333,93.33333333333333,93.33333333333333,20,66.66666666666666,6,20.0,2,6.666666666666667,0,0.0,0,0.0,2,6.666666666666667,1.7333333333333334,1.364632632697248,1.0,1.0,90.0,93.33333333333333,93.33333333333333,20,66.66666666666666,5,16.666666666666664,2,6.666666666666667,1,3.3333333333333335,0,0.0,2,6.666666666666667,2.466666666666667,1.9447936194419762,1.0,2.75,73.33333333333333,76.66666666666667,83.33333333333334,16,53.333333333333336,4,13.333333333333334,2,6.666666666666667,1,3.3333333333333335,2,6.666666666666667,5,16.666666666666664
818,True,2.0,1.2649110640673518,2.0,1.0,93.33333333333333,93.33333333333333,93.33333333333333,12,40.0,12,40.0,4,13.333333333333334,0,0.0,0,0.0,2,6.666666666666667,1.7,1.3453624047073711,1.0,1.0,90.0,93.33333333333333,93.33333333333333,20,66.66666666666666,6,20.0,1,3.3333333333333335,1,3.3333333333333335,0,0.0,2,6.666666666666667,2.033333333333333,1.7220788470785986,1.0,1.0,83.33333333333334,86.66666666666667,86.66666666666667,19,63.33333333333333,4,13.333333333333334,2,6.666666666666667,1,3.3333333333333335,0,0.0,4,13.333333333333334,2.1,1.4224392195567912,2.0,1.0,86.66666666666667,90.0,93.33333333333333,13,43.333333333333336,10,33.33333333333333,3,10.0,1,3.3333333333333335,1,3.3333333333333335,2,6.666666666666667
819,True,2.466666666666667,1.7461067804945063,2.0,2.0,80.0,83.33333333333334,83.33333333333334,11,36.666666666666664,10,33.33333333333333,3,10.0,1,3.3333333333333335,0,0.0,5,16.666666666666664,2.066666666666667,1.671991493864594,1.0,1.0,86.66666666666667,86.66666666666667,86.66666666666667,17,56.666666666666664,6,20.0,3,10.0,0,0.0,0,0.0,4,13.333333333333334,2.5,1.9621416870348585,1.5,2.0,76.66666666666667,76.66666666666667,80.0,15,50.0,5,16.666666666666664,3,10.0,0,0.0,1,3.3333333333333335,6,20.0,2.7666666666666666,1.8740923729160797,2.0,2.0,76.66666666666667,76.66666666666667,80.0,11,36.666666666666664,5,16.666666666666664,7,23.333333333333332,0,0.0,1,3.3333333333333335,6,20.0
820,True,2.033333333333333,1.3034143197344765,2.0,1.0,90.0,93.33333333333333,93.33333333333333,12,40.0,12,40.0,3,10.0,1,3.3333333333333335,0,0.0,2,6.666666666666667,1.9666666666666666,1.682920741515245,1.0,1.0,86.66666666666667,86.66666666666667,86.66666666666667,19,63.33333333333333,5,16.666666666666664,2,6.666666666666667,0,0.0,0,0.0,4,13.333333333333334,2.066666666666667,1.5260697523012796,1.5,1.0,86.66666666666667,90.0,90.0,15,50.0,8,26.666666666666668,3,10.0,1,3.3333333333333335,0,0.0,3,10.0,2.4,1.6852299546352716,2.0,2.0,80.0,86.66666666666667,86.66666666666667,13,43.333333333333336,6,20.0,5,16.666666666666664,2,6.666666666666667,0,0.0,4,13.333333333333334
821,False,2.3333333333333335,1.776388345929897,2.0,1.75,80.0,80.0,86.66666666666667,14,46.666666666666664,8,26.666666666666668,2,6.666666666666667,0,0.0,2,6.666666666666667,4,13.333333333333334,1.8333333333333333,1.507389207279335,1.0,1.0,90.0,90.0,90.0,19,63.33333333333333,6,20.0,2,6.666666666666667,0,0.0,0,0.0,3,10.0,2.3666666666666667,1.9405039437103846,1.0,1.75,76.66666666666667,80.0,80.0,16,53.333333333333336,6,20.0,1,3.3333333333333335,1,3.3333333333333335,0,0.0,6,20.0,2.2,1.5790292376436015,1.5,2.0,83.33333333333334,90.0,90.0,15,50.0,5,16.666666666666664,5,16.666666666666664,2,6.666666666666667,0,0.0,3,10.0
822,True,2.2333333333333334,1.6468825769380833,1.5,2.0,80.0,86.66666666666667,90.0,15,50.0,6,20.0,3,10.0,2,6.666666666666667,1,3.3333333333333335,3,10.0,1.8,1.5577761927397236,1.0,1.0,86.66666666666667,90.0,90.0,21,70.0,4,13.333333333333334,1,3.3333333333333335,1,3.3333333333333335,0,0.0,3,10.0,2.033333333333333,1.7413277182145301,1.0,1.0,80.0,83.33333333333334,90.0,20,66.66666666666666,3,10.0,1,3.3333333333333335,1,3.3333333333333335,2,6.666666666666667,3,10.0,2.6,1.8726095873584185,2.0,3.0,70.0,76.66666666666667,86.66666666666667,14,46.666666666666664,4,13.333333333333334,3,10.0,2,6.666666666666667,3,10.0,4,13.333333333333334
823,False,2.3666666666666667,1.682920741515245,2.0,1.75,80.0,80.0,90.0,12,40.0,10,33.33333333333333,2,6.666666666666667,0,0.0,3,10.0,3,10.0,1.8333333333333333,1.5509853498842456,1.0,1.0,86.66666666666667,90.0,90.0,20,66.66666666666666,5,16.666666666666664,1,3.3333333333333335,1,3.3333333333333335,0,0.0,3,10.0,2.0,1.6532795690182993,1.0,1.0,86.66666666666667,86.66666666666667,86.66666666666667,17,56.666666666666664,8,26.666666666666668,1,3.3333333333333335,0,0.0,0,0.0,4,13.333333333333334,2.3333333333333335,1.831817555204545,2.0,1.0,80.0,80.0,83.33333333333334,14,46.666666666666664,9,30.0,1,3.3333333333333335,0,0.0,1,3.3333333333333335,5,16.666666666666664
824,False,2.033333333333333,1.5595583420386114,1.0,1.75,86.66666666666667,90.0,90.0,17,56.666666666666664,5,16.666666666666664,4,13.333333333333334,1,3.3333333333333335,0,0.0,3,10.0,1.9333333333333333,1.5477582354991866,1.0,1.0,86.66666666666667,90.0,90.0,18,60.0,6,20.0,2,6.666666666666667,1,3.3333333333333335,0,0.0,3,10.0,2.1333333333333333,1.7074997966487597,1.0,1.0,80.0,86.66666666666667,86.66666666666667,16,53.333333333333336,8,26.666666666666668,0,0.0,2,6.666666666666667,0,0.0,4,13.333333333333334,2.1,1.6401219466856725,1.0,1.75,83.33333333333334,86.66666666666667,90.0,17,56.666666666666664,5,16.666666666666664,3,10.0,1,3.3333333333333335,1,3.3333333333333335,3,10.0
825,True,2.3333333333333335,1.5776212754932308,2.0,1.75,86.66666666666667,86.66666666666667,86.66666666666667,10,33.33333333333333,12,40.0,4,13.333333333333334,0,0.0,0,0.0,4,13.333333333333334,2.0,1.61245154965971,1.0,1.0,80.0,90.0,90.0,18,60.0,6,20.0,0,0.0,3,10.0,0,0.0,3,10.0,2.0,1.61245154965971,1.0,1.0,80.0,90.0,90.0,18,60.0,6,20.0,0,0.0,3,10.0,0,0.0,3,10.0,2.1333333333333333,1.3597385369580761,2.0,1.75,86.66666666666667,93.33333333333333,93.33333333333333,12,40.0,10,33.33333333333333,4,13.333333333333334,2,6.666666666666667,0,0.0,2,6.666666666666667
826,False,2.7666666666666666,1.782943882708844,2.0,3.0,70.0,76.66666666666667,86.66666666666667,10,33.33333333333333,7,23.333333333333332,4,13.333333333333334,2,6.666666666666667,3,10.0,4,13.333333333333334,1.9333333333333333,1.5260697523012794,1.0,1.0,90.0,90.0,90.0,18,60.0,5,16.666666666666664,4,13.333333333333334,0,0.0,0,0.0,3,10.0,2.2333333333333334,1.8199511592958264,1.0,1.0,80.0,83.33333333333334,83.33333333333334,16,53.333333333333336,7,23.333333333333332,1,3.3333333333333335,1,3.3333333333333335,0,0.0,5,16.666666666666664,2.5,1.7841898254763513,2.0,2.0,76.66666666666667,80.0,86.66666666666667,13,43.333333333333336,6,20.0,4,13.333333333333334,1,3.3333333333333335,2,6.666666666666667,4,13.333333333333334
827,True,1.9,1.468559384794046,1.0,1.0,86.66666666666667,90.0,93.33333333333333,18,60.0,6,20.0,2,6.666666666666667,1,3.3333333333333335,1,3.3333333333333335,2,6.666666666666667,1.7,1.369914839202301,1.0,1.0,90.0,93.33333333333333,93.33333333333333,21,70.0,4,13.333333333333334,2,6.666666666666667,1,3.3333333333333335,0,0.0,2,6.666666666666667,1.6666666666666667,1.247219128924647,1.0,1.0,90.0,93.33333333333333,96.66666666666667,20,66.66666666666666,6,20.0,1,3.3333333333333335,1,3.3333333333333335,1,3.3333333333333335,1,3.3333333333333335,2.3333333333333335,1.9206480387850575,1.0,3.0,70.0,83.33333333333334,83.33333333333334,18,60.0,3,10.0,0,0.0,4,13.333333333333334,0,0.0,5,16.666666666666664
828,True,1.8,1.2754084313139329,1.0,1.0,86.66666666666667,93.33333333333333,96.66666666666667,17,56.666666666666664,9,30.0,0,0.0,2,6.666666666666667,1,3.3333333333333335,1,3.3333333333333335,1.8,1.5790292376436015,1.0,0.75,83.33333333333334,86.66666666666667,93.33333333333333,22,73.33333333333333,3,10.0,0,0.0,1,3.3333333333333335,2,6.666666666666667,2,6.666666666666667,2.0,1.6931233465600393,1.0,1.0,83.33333333333334,86.66666666666667,86.66666666666667,18,60.0,7,23.333333333333332,0,0.0,1,3.3333333333333335,0,0.0,4,13.333333333333334,2.466666666666667,1.8390818965511628,2.0,3.5,73.33333333333333,73.33333333333333,90.0,14,46.666666666666664,7,23.333333333333332,1,3.3333333333333335,0,0.0,5,16.666666666666664,3,10.0
829,False,2.7,1.8284784202536637,2.0,3.0,70.0,76.66666666666667,83.33333333333334,9,30.0,12,40.0,0,0.0,2,6.666666666666667,2,6.666666666666667,5,16.666666666666664,2.3333333333333335,1.903213656482693,1.0,2.0,76.66666666666667,80.0,83.33333333333334,17,56.666666666666664,4,13.333333333333334,2,6.666666666666667,1,3.3333333333333335,1,3.3333333333333335,5,16.666666666666664,2.466666666666667,1.839081896551163,2.0,2.75,73.33333333333333,83.33333333333334,83.33333333333334,14,46.666666666666664,6,20.0,2,6.666666666666667,3,10.0,0,0.0,5,16.666666666666664,3.1666666666666665,2.0829999733290654,2.5,5.0,63.33333333333333,66.66666666666666,70.0,10,33.33333333333333,5,16.666666666666664,4,13.333333333333334,1,3.3333333333333335,1,3.3333333333333335,9,30.0
830,True,2.566666666666667,1.9439364415764442,2.0,1.0,76.66666666666667,76.66666666666667,76.66666666666667,11,36.666666666666664,12,40.0,0,0.0,0,0.0,0,0.0,7,23.333333333333332,2.2333333333333334,1.9439364415764444,1.0,1.0,80.0,80.0,80.0,18,60.0,5,16.666666666666664,1,3.3333333333333335,0,0.0,0,0.0,6,20.0,2.7,2.0840665376454117,2.0,4.0,70.0,70.0,76.66666666666667,14,46.666666666666664,6,20.0,1,3.3333333333333335,0,0.0,2,6.666666666666667,7,23.333333333333332,2.9,2.0872629605937694,2.0,4.0,60.0,70.0,76.66666666666667,13,43.333333333333336,5,16.666666666666664,0,0.0,3,10.0,2,6.666666666666667,7,23.333333333333332
831,True,2.1333333333333333,1.5648926125740672,1.5,1.75,83.33333333333334,90.0,90.0,15,50.0,7,23.333333333333332,3,10.0,2,6.666666666666667,0,0.0,3,10.0,1.8333333333333333,1.6749792701868151,1.0,1.0,86.66666666666667,86.66666666666667,86.66666666666667,21,70.0,5,16.666666666666664,0,0.0,0,0.0,0,0.0,4,13.333333333333334,1.9,1.5989579940281942,1.0,1.0,83.33333333333334,90.0,90.0,20,66.66666666666666,4,13.333333333333334,1,3.3333333333333335,2,6.666666666666667,0,0.0,3,10.0,2.7666666666666666,2.201262264146541,1.5,5.0,66.66666666666666,70.0,70.0,15,50.0,5,16.666666666666664,0,0.0,1,3.3333333333333335,0,0.0,9,30.0
832,True,2.433333333333333,1.62651638650078,2.0,2.0,83.33333333333334,86.66666666666667,86.66666666666667,11,36.666666666666664,8,26.666666666666668,6,20.0,1,3.3333333333333335,0,0.0,4,13.333333333333334,1.9,1.556705923844749,1.0,1.0,86.66666666666667,90.0,90.0,19,63.33333333333333,5,16.666666666666664,2,6.666666666666667,1,3.3333333333333335,0,0.0,3,10.0,2.2666666666666666,1.7876116903722563,1.5,1.75,83.33333333333334,83.33333333333334,83.33333333333334,15,50.0,7,23.333333333333332,3,10.0,0,0.0,0,0.0,5,16.666666666666664,2.3,1.676305461424021,2.0,2.0,83.33333333333334,86.66666666666667,86.66666666666667,14,46.666666666666664,6,20.0,5,16.666666666666664,1,3.3333333333333335,0,0.0,4,13.333333333333334
833,False,2.7333333333333334,1.7876116903722563,2.0,2.75,73.33333333333333,80.0,83.33333333333334,10,33.33333333333333,7,23.333333333333332,5,16.666666666666664,2,6.666666666666667,1,3.3333333333333335,5,16.666666666666664,2.1666666666666665,1.5293426329272615,1.0,2.0,83.33333333333334,90.0,93.33333333333333,16,53.333333333333336,3,10.0,6,20.0,2,6.666666666666667,1,3.3333333333333335,2,6.666666666666667,2.1333333333333333,1.499629583893599,1.5,2.0,83.33333333333334,90.0,93.33333333333333,15,50.0,6,20.0,4,13.333333333333334,2,6.666666666666667,1,3.3333333333333335,2,6.666666666666667,2.5,1.746424919657298,2.0,2.0,76.66666666666667,83.33333333333334,86.66666666666667,13,43.333333333333336,5,16.666666666666664,5,16.666666666666664,2,6.666666666666667,1,3.3333333333333335,4,13.333333333333334
834,True,2.466666666666667,1.6478942792411035,2.0,2.0,80.0,86.66666666666667,86.66666666666667,11,36.666666666666664,8,26.666666666666668,5,16.666666666666664,2,6.666666666666667,0,0.0,4,13.333333333333334,1.9333333333333333,1.590248058916875,1.0,1.0,83.33333333333334,86.66666666666667,93.33333333333333,20,66.66666666666666,3,10.0,2,6.666666666666667,1,3.3333333333333335,2,6.666666666666667,2,6.666666666666667,2.3333333333333335,1.8856180831641267,1.0,2.0,80.0,80.0,83.33333333333334,17,56.666666666666664,3,10.0,4,13.333333333333334,0,0.0,1,3.3333333333333335,5,16.666666666666664,2.6666666666666665,1.903213656482693,2.0,3.0,70.0,76.66666666666667,83.33333333333334,13,43.333333333333336,5,16.666666666666664,3,10.0,2,6.666666666666667,2,6.666666666666667,5,16.666666666666664
835,True,2.5,1.7272328544042153,2.0,2.0,80.0,83.33333333333334,83.33333333333334,10,33.33333333333333,11,36.666666666666664,3,10.0,1,3.3333333333333335,0,0.0,5,16.666666666666664,1.8666666666666667,1.521694961401777,1.0,1.0,90.0,90.0,90.0,19,63.33333333333333,5,16.666666666666664,3,10.0,0,0.0,0,0.0,3,10.0,2.1333333333333333,1.765093639316497,1.0,1.0,80.0,80.0,90.0,18,60.0,5,16.666666666666664,1,3.3333333333333335,0,0.0,3,10.0,3,10.0,2.533333333333333,1.8749814813900312,2.0,2.0,76.66666666666667,76.66666666666667,83.33333333333334,13,43.333333333333336,7,23.333333333333332,3,10.0,0,0.0,2,6.666666666666667,5,16.666666666666664
836,True,1.8666666666666667,1.521694961401777,1.0,1.0,90.0,90.0,90.0,19,63.33333333333333,5,16.666666666666664,3,10.0,0,0.0,0,0.0,3,10.0,1.5333333333333334,1.3597385369580761,1.0,0.0,90.0,93.33333333333333,93.33333333333333,25,83.33333333333334,1,3.3333333333333335,1,3.3333333333333335,1,3.3333333333333335,0,0.0,2,6.666666666666667,1.7333333333333334,1.5040685563571303,1.0,1.0,90.0,90.0,90.0,21,70.0,5,16.666666666666664,1,3.3333333333333335,0,0.0,0,0.0,3,10.0,2.2,1.7776388834631176,1.0,2.0,76.66666666666667,86.66666666666667,86.66666666666667,18,60.0,3,10.0,2,6.666666666666667,3,10.0,0,0.0,4,13.333333333333334
837,False,2.2333333333333334,1.5849991237291654,2.0,2.0,80.0,90.0,90.0,14,46.666666666666664,7,23.333333333333332,3,10.0,3,10.0,0,0.0,3,10.0,2.1666666666666665,1.674979270186815,1.0,2.0,86.66666666666667,86.66666666666667,86.66666666666667,16,53.333333333333336,5,16.666666666666664,5,16.666666666666664,0,0.0,0,0.0,4,13.333333333333334,2.466666666666667,1.687865186822955,2.0,2.75,73.33333333333333,83.33333333333334,90.0,12,40.0,8,26.666666666666668,2,6.666666666666667,3,10.0,2,6.666666666666667,3,10.0,2.5,2.0453198608856593,1.0,2.75,73.33333333333333,76.66666666666667,76.66666666666667,16,53.333333333333336,5,16.666666666666664,1,3.3333333333333335,1,3.3333333333333335,0,0.0,7,23.333333333333332
838,False,2.566666666666667,1.856220772310114,2.0,2.0,76.66666666666667,80.0,80.0,11,36.666666666666664,10,33.33333333333333,2,6.666666666666667,1,3.3333333333333335,0,0.0,6,20.0,2.066666666666667,1.671991493864594,1.0,1.75,80.0,83.33333333333334,93.33333333333333,19,63.33333333333333,3,10.0,2,6.666666666666667,1,3.3333333333333335,3,10.0,2,6.666666666666667,2.5,2.0453198608856593,1.0,2.75,73.33333333333333,76.66666666666667,76.66666666666667,16,53.333333333333336,5,16.666666666666664,1,3.3333333333333335,1,3.3333333333333335,0,0.0,7,23.333333333333332,2.466666666666667,1.839081896551163,2.0,3.5,73.33333333333333,73.33333333333333,90.0,14,46.666666666666664,7,23.333333333333332,1,3.3333333333333335,0,0.0,5,16.666666666666664,3,10.0
839,False,2.066666666666667,1.6316317667360556,1.5,1.0,86.66666666666667,86.66666666666667,86.66666666666667,15,50.0,10,33.33333333333333,1,3.3333333333333335,0,0.0,0,0.0,4,13.333333333333334,1.5666666666666667,1.3337499349161703,1.0,0.0,90.0,93.33333333333333,93.33333333333333,23,76.66666666666667,4,13.333333333333334,0,0.0,1,3.3333333333333335,0,0.0,2,6.666666666666667,2.1,1.8681541692269403,1.0,1.0,80.0,83.33333333333334,83.33333333333334,20,66.66666666666666,3,10.0,1,3.3333333333333335,1,3.3333333333333335,0,0.0,5,16.666666666666664,2.4,1.9595917942265424,1.5,1.0,76.66666666666667,76.66666666666667,80.0,15,50.0,8,26.666666666666668,0,0.0,0,0.0,1,3.3333333333333335,6,20.0
840,True,2.3666666666666667,1.5380362660079103,2.0,2.0,80.0,90.0,90.0,11,36.666666666666664,9,30.0,4,13.333333333333334,3,10.0,0,0.0,3,10.0,1.8666666666666667,1.499629583893599,1.0,1.0,86.66666666666667,90.0,93.33333333333333,20,66.66666666666666,3,10.0,3,10.0,1,3.3333333333333335,1,3.3333333333333335,2,6.666666666666667,1.9666666666666666,1.4487542541400484,1.0,1.0,83.33333333333334,93.33333333333333,93.33333333333333,17,56.666666666666664,6,20.0,2,6.666666666666667,3,10.0,0,0.0,2,6.666666666666667,2.433333333333333,1.961008810677697,1.5,1.75,76.66666666666667,76.66666666666667,80.0,15,50.0,7,23.333333333333332,1,3.3333333333333335,0,0.0,1,3.3333333333333335,6,20.0
841,True,2.3,1.5088627063675035,2.0,1.75,86.66666666666667,86.66666666666667,90.0,10,33.33333333333333,12,40.0,4,13.333333333333334,0,0.0,1,3.3333333333333335,3,10.0,1.8666666666666667,1.2036980056845192,2.0,1.0,90.0,93.33333333333333,96.66666666666667,14,46.666666666666664,12,40.0,1,3.3333333333333335,1,3.3333333333333335,1,3.3333333333333335,1,3.3333333333333335,2.466666666666667,1.6679994670929073,2.0,2.0,80.0,83.33333333333334,86.66666666666667,10,33.33333333333333,11,36.666666666666664,3,10.0,1,3.3333333333333335,1,3.3333333333333335,4,13.333333333333334,2.8,1.8147543451754935,2.0,2.75,73.33333333333333,80.0,80.0,9,30.0,8,26.666666666666668,5,16.666666666666664,2,6.666666666666667,0,0.0,6,20.0
842,True,1.9,1.445683229480096,1.0,1.0,86.66666666666667,90.0,93.33333333333333,17,56.666666666666664,8,26.666666666666668,1,3.3333333333333335,1,3.3333333333333335,1,3.3333333333333335,2,6.666666666666667,1.8666666666666667,1.6069294390925266,1.0,1.0,83.33333333333334,90.0,90.0,21,70.0,3,10.0,1,3.3333333333333335,2,6.666666666666667,0,0.0,3,10.0,2.1,1.7578395831246945,1.0,1.0,76.66666666666667,83.33333333333334,90.0,19,63.33333333333333,4,13.333333333333334,0,0.0,2,6.666666666666667,2,6.666666666666667,3,10.0,2.8,2.0558858593479035,2.0,4.0,63.33333333333333,70.0,80.0,14,46.666666666666664,4,13.333333333333334,1,3.3333333333333335,2,6.666666666666667,3,10.0,6,20.0
843,False,3.3333333333333335,1.86785676348292,3.0,3.0,53.333333333333336,66.66666666666666,80.0,7,23.333333333333332,6,20.0,3,10.0,4,13.333333333333334,4,13.333333333333334,6,20.0,2.3,1.9,1.0,2.0,80.0,80.0,83.33333333333334,18,60.0,2,6.666666666666667,4,13.333333333333334,0,0.0,1,3.3333333333333335,5,16.666666666666664,2.6,2.0912516188477497,1.0,4.0,70.0,70.0,80.0,17,56.666666666666664,2,6.666666666666667,2,6.666666666666667,0,0.0,3,10.0,6,20.0,2.966666666666667,1.9745604292826515,3.0,4.0,66.66666666666666,70.0,80.0,12,40.0,2,6.666666666666667,6,20.0,1,3.3333333333333335,3,10.0,6,20.0
844,True,2.2333333333333334,1.5423647068345698,2.0,1.0,80.0,90.0,90.0,12,40.0,11,36.666666666666664,1,3.3333333333333335,3,10.0,0,0.0,3,10.0,1.8666666666666667,1.4544949486180951,1.0,1.0,86.66666666666667,90.0,93.33333333333333,18,60.0,7,23.333333333333332,1,3.3333333333333335,1,3.3333333333333335,1,3.3333333333333335,2,6.666666666666667,2.1,1.5989579940281942,1.5,1.0,83.33333333333334,86.66666666666667,90.0,15,50.0,9,30.0,1,3.3333333333333335,1,3.3333333333333335,1,3.3333333333333335,3,10.0,2.1,1.445683229480096,2.0,1.0,83.33333333333334,90.0,93.33333333333333,13,43.333333333333336,11,36.666666666666664,1,3.3333333333333335,2,6.666666666666667,1,3.3333333333333335,2,6.666666666666667
845,True,2.1333333333333333,1.564892612574067,1.5,1.75,83.33333333333334,90.0,90.0,15,50.0,7,23.333333333333332,3,10.0,2,6.666666666666667,0,0.0,3,10.0,1.8,1.3759844960366863,1.0,1.0,90.0,93.33333333333333,93.33333333333333,19,63.33333333333333,5,16.666666666666664,3,10.0,1,3.3333333333333335,0,0.0,2,6.666666666666667,1.9,1.556705923844749,1.0,1.0,86.66666666666667,90.0,90.0,19,63.33333333333333,5,16.666666666666664,2,6.666666666666667,1,3.3333333333333335,0,0.0,3,10.0,2.3,1.7729448195962934,1.0,2.0,80.0,83.33333333333334,86.66666666666667,16,53.333333333333336,4,13.333333333333334,4,13.333333333333334,1,3.3333333333333335,1,3.3333333333333335,4,13.333333333333334
846,True,2.1,1.57797338380595,1.0,1.75,83.33333333333334,90.0,90.0,16,53.333333333333336,6,20.0,3,10.0,2,6.666666666666667,0,0.0,3,10.0,1.7666666666666666,1.4985177861992682,1.0,1.0,90.0,90.0,90.0,20,66.66666666666666,6,20.0,1,3.3333333333333335,0,0.0,0,0.0,3,10.0,2.1666666666666665,1.8454147380888546,1.0,1.0,80.0,83.33333333333334,83.33333333333334,18,60.0,5,16.666666666666664,1,3.3333333333333335,1,3.3333333333333335,0,0.0,5,16.666666666666664,2.033333333333333,1.6224124698183942,1.0,1.0,83.33333333333334,86.66666666666667,90.0,17,56.666666666666664,7,23.333333333333332,1,3.3333333333333335,1,3.3333333333333335,1,3.3333333333333335,3,10.0
847,False,2.5,1.6683325008322931,2.0,2.0,76.66666666666667,86.66666666666667,86.66666666666667,11,36.666666666666664,8,26.666666666666668,4,13.333333333333334,3,10.0,0,0.0,4,13.333333333333334,2.1333333333333333,1.8571184369578826,1.0,1.0,80.0,83.33333333333334,83.33333333333334,19,63.33333333333333,4,13.333333333333334,1,3.3333333333333335,1,3.3333333333333335,0,0.0,5,16.666666666666664,2.3,1.9174636024359542,1.0,2.0,76.66666666666667,80.0,83.33333333333334,18,60.0,3,10.0,2,6.666666666666667,1,3.3333333333333335,1,3.3333333333333335,5,16.666666666666664,2.3333333333333335,1.5986105077709065,2.0,2.0,80.0,86.66666666666667,90.0,12,40.0,9,30.0,3,10.0,2,6.666666666666667,1,3.3333333333333335,3,10.0
848,False,2.3666666666666667,1.5162087220725544,2.0,2.0,80.0,90.0,90.0,10,33.33333333333333,11,36.666666666666664,3,10.0,3,10.0,0,0.0,3,10.0,2.1666666666666665,1.827262676488766,1.0,1.0,80.0,83.33333333333334,83.33333333333334,17,56.666666666666664,7,23.333333333333332,0,0.0,1,3.3333333333333335,0,0.0,5,16.666666666666664,2.2666666666666666,1.6719914938645934,1.5,2.0,76.66666666666667,86.66666666666667,90.0,15,50.0,6,20.0,2,6.666666666666667,3,10.0,1,3.3333333333333335,3,10.0,2.966666666666667,1.8526257642120338,3.0,3.5,73.33333333333333,73.33333333333333,80.0,9,30.0,5,16.666666666666664,8,26.666666666666668,0,0.0,2,6.666666666666667,6,20.0
849,True,2.533333333333333,1.6478942792411033,2.0,2.0,80.0,86.66666666666667,86.66666666666667,11,36.666666666666664,6,20.0,7,23.333333333333332,2,6.666666666666667,0,0.0,4,13.333333333333334,2.1666666666666665,1.8454147380888546,1.0,1.75,80.0,80.0,86.66666666666667,19,63.33333333333333,3,10.0,2,6.666666666666667,0,0.0,2,6.666666666666667,4,13.333333333333334,2.1,1.468559384794046,1.5,2.0,86.66666666666667,90.0,93.33333333333333,15,50.0,6,20.0,5,16.666666666666664,1,3.3333333333333335,1,3.3333333333333335,2,6.666666666666667,2.3333333333333335,1.5129074290546956,2.0,2.0,76.66666666666667,90.0,93.33333333333333,12,40.0,8,26.666666666666668,3,10.0,4,13.333333333333334,1,3.3333333333333335,2,6.666666666666667
850,True,2.2333333333333334,1.6669999666733315,2.0,1.75,83.33333333333334,86.66666666666667,86.66666666666667,14,46.666666666666664,8,26.666666666666668,3,10.0,1,3.3333333333333335,0,0.0,4,13.333333333333334,1.6666666666666667,1.2736648783028535,1.0,1.0,93.33333333333333,93.33333333333333,93.33333333333333,19,63.33333333333333,8,26.666666666666668,1,3.3333333333333335,0,0.0,0,0.0,2,6.666666666666667,2.1666666666666665,1.8089284734953512,1.0,1.0,83.33333333333334,83.33333333333334,83.33333333333334,17,56.666666666666664,6,20.0,2,6.666666666666667,0,0.0,0,0.0,5,16.666666666666664,2.1,1.8138357147217052,1.0,1.0,83.33333333333334,83.33333333333334,83.33333333333334,18,60.0,6,20.0,1,3.3333333333333335,0,0.0,0,0.0,5,16.666666666666664
851,False,2.2666666666666666,1.6110727964792761,2.0,1.0,83.33333333333334,86.66666666666667,86.66666666666667,11,36.666666666666664,13,43.333333333333336,1,3.3333333333333335,1,3.3333333333333335,0,0.0,4,13.333333333333334,2.0,1.6532795690182993,1.0,1.0,86.66666666666667,86.66666666666667,86.66666666666667,17,56.666666666666664,8,26.666666666666668,1,3.3333333333333335,0,0.0,0,0.0,4,13.333333333333334,2.3333333333333335,1.86785676348292,1.5,1.0,76.66666666666667,80.0,83.33333333333334,15,50.0,8,26.666666666666668,0,0.0,1,3.3333333333333335,1,3.3333333333333335,5,16.666666666666664,2.566666666666667,1.8740923729160797,2.0,3.0,70.0,76.66666666666667,86.66666666666667,14,46.666666666666664,5,16.666666666666664,2,6.666666666666667,2,6.666666666666667,3,10.0,4,13.333333333333334
852,True,1.9666666666666666,1.2512216252748973,1.5,2.0,93.33333333333333,93.33333333333333,96.66666666666667,15,50.0,6,20.0,7,23.333333333333332,0,0.0,1,3.3333333333333335,1,3.3333333333333335,1.9,1.535143858622594,1.0,1.0,83.33333333333334,90.0,93.33333333333333,20,66.66666666666666,3,10.0,2,6.666666666666667,2,6.666666666666667,1,3.3333333333333335,2,6.666666666666667,2.1333333333333333,1.687865186822955,1.0,2.0,86.66666666666667,86.66666666666667,86.66666666666667,17,56.666666666666664,4,13.333333333333334,5,16.666666666666664,0,0.0,0,0.0,4,13.333333333333334,2.6666666666666665,1.9720265943665387,2.0,3.0,70.0,76.66666666666667,80.0,14,46.666666666666664,4,13.333333333333334,3,10.0,2,6.666666666666667,1,3.3333333333333335,6,20.0
853,False,2.2666666666666666,1.6719914938645934,2.0,2.0,83.33333333333334,86.66666666666667,86.66666666666667,14,46.666666666666664,7,23.333333333333332,4,13.333333333333334,1,3.3333333333333335,0,0.0,4,13.333333333333334,1.9,1.5567059238447487,1.0,1.0,86.66666666666667,90.0,90.0,19,63.33333333333333,5,16.666666666666664,2,6.666666666666667,1,3.3333333333333335,0,0.0,3,10.0,2.1,1.6401219466856725,1.0,1.75,83.33333333333334,86.66666666666667,90.0,17,56.666666666666664,5,16.666666666666664,3,10.0,1,3.3333333333333335,1,3.3333333333333335,3,10.0,2.2333333333333334,1.6868774571839995,1.0,2.0,76.66666666666667,86.66666666666667,90.0,16,53.333333333333336,5,16.666666666666664,2,6.666666666666667,3,10.0,1,3.3333333333333335,3,10.0
854,True,2.2,1.1944315244779278,2.0,2.0,90.0,93.33333333333333,96.66666666666667,9,30.0,12,40.0,6,20.0,1,3.3333333333333335,1,3.3333333333333335,1,3.3333333333333335,1.8,1.2220201853215575,1.0,1.0,93.33333333333333,93.33333333333333,96.66666666666667,17,56.666666666666664,7,23.333333333333332,4,13.333333333333334,0,0.0,1,3.3333333333333335,1,3.3333333333333335,2.1333333333333333,1.6679994670929073,1.0,1.75,86.66666666666667,86.66666666666667,86.66666666666667,16,53.333333333333336,6,20.0,4,13.333333333333334,0,0.0,0,0.0,4,13.333333333333334,2.8333333333333335,1.8633899812498245,2.0,2.75,73.33333333333333,76.66666666666667,80.0,10,33.33333333333333,6,20.0,6,20.0,1,3.3333333333333335,1,3.3333333333333335,6,20.0
855,True,3.3,1.9519221295943134,3.0,4.0,66.66666666666666,66.66666666666666,70.0,6,20.0,8,26.666666666666668,6,20.0,0,0.0,1,3.3333333333333335,9,30.0,2.2,1.7587874611030558,1.0,1.75,80.0,80.0,90.0,17,56.666666666666664,5,16.666666666666664,2,6.666666666666667,0,0.0,3,10.0,3,10.0,2.533333333333333,1.8749814813900312,1.5,2.0,76.66666666666667,80.0,83.33333333333334,15,50.0,2,6.666666666666667,6,20.0,1,3.3333333333333335,1,3.3333333333333335,5,16.666666666666664,2.6333333333333333,1.5807874268505837,2.0,2.0,76.66666666666667,80.0,93.33333333333333,9,30.0,8,26.666666666666668,6,20.0,1,3.3333333333333335,4,13.333333333333334,2,6.666666666666667
856,True,2.033333333333333,1.4940623220676648,1.5,1.0,86.66666666666667,86.66666666666667,93.33333333333333,15,50.0,9,30.0,2,6.666666666666667,0,0.0,2,6.666666666666667,2,6.666666666666667,1.7333333333333334,1.5040685563571303,1.0,1.0,90.0,90.0,90.0,21,70.0,5,16.666666666666664,1,3.3333333333333335,0,0.0,0,0.0,3,10.0,1.8333333333333333,1.5509853498842456,1.0,1.0,86.66666666666667,90.0,90.0,20,66.66666666666666,5,16.666666666666664,1,3.3333333333333335,1,3.3333333333333335,0,0.0,3,10.0,2.5,1.8027756377319946,2.0,2.75,73.33333333333333,80.0,86.66666666666667,13,43.333333333333336,7,23.333333333333332,2,6.666666666666667,2,6.666666666666667,2,6.666666666666667,4,13.333333333333334
857,False,2.6333333333333333,2.008039397577204,2.0,2.75,73.33333333333333,76.66666666666667,76.66666666666667,14,46.666666666666664,5,16.666666666666664,3,10.0,1,3.3333333333333335,0,0.0,7,23.333333333333332,1.7333333333333334,1.3888444437333107,1.0,1.0,90.0,93.33333333333333,93.33333333333333,21,70.0,3,10.0,3,10.0,1,3.3333333333333335,0,0.0,2,6.666666666666667,2.2,1.9043809142780934,1.0,1.75,80.0,80.0,83.33333333333334,19,63.33333333333333,3,10.0,2,6.666666666666667,0,0.0,1,3.3333333333333335,5,16.666666666666664,2.1,1.6401219466856725,1.0,1.75,83.33333333333334,86.66666666666667,90.0,17,56.666666666666664,5,16.666666666666664,3,10.0,1,3.3333333333333335,1,3.3333333333333335,3,10.0
858,True,1.7333333333333334,0.8919392106839769,1.5,1.0,93.33333333333333,100.0,100.0,15,50.0,10,33.33333333333333,3,10.0,2,6.666666666666667,0,0.0,0,0.0,1.7666666666666666,1.3585122581543223,1.0,1.0,90.0,93.33333333333333,93.33333333333333,19,63.33333333333333,6,20.0,2,6.666666666666667,1,3.3333333333333335,0,0.0,2,6.666666666666667,1.7333333333333334,1.236482466066094,1.0,1.0,90.0,93.33333333333333,96.66666666666667,18,60.0,8,26.666666666666668,1,3.3333333333333335,1,3.3333333333333335,1,3.3333333333333335,1,3.3333333333333335,2.1,1.619670748434179,1.0,1.0,83.33333333333334,86.66666666666667,90.0,16,53.333333333333336,7,23.333333333333332,2,6.666666666666667,1,3.3333333333333335,1,3.3333333333333335,3,10.0
859,False,2.4,1.7625738755203046,2.0,2.0,83.33333333333334,83.33333333333334,83.33333333333334,13,43.333333333333336,7,23.333333333333332,5,16.666666666666664,0,0.0,0,0.0,5,16.666666666666664,2.033333333333333,1.6428295373802142,1.0,1.0,86.66666666666667,86.66666666666667,86.66666666666667,16,53.333333333333336,9,30.0,1,3.3333333333333335,0,0.0,0,0.0,4,13.333333333333334,2.433333333333333,1.8917951498216947,2.0,2.0,80.0,80.0,80.0,14,46.666666666666664,7,23.333333333333332,3,10.0,0,0.0,0,0.0,6,20.0,2.6,2.009975124224178,2.0,2.75,73.33333333333333,76.66666666666667,76.66666666666667,14,46.666666666666664,6,20.0,2,6.666666666666667,1,3.3333333333333335,0,0.0,7,23.333333333333332
860,True,2.066666666666667,1.236482466066094,2.0,1.0,93.33333333333333,93.33333333333333,93.33333333333333,10,33.33333333333333,14,46.666666666666664,4,13.333333333333334,0,0.0,0,0.0,2,6.666666666666667,2.0,1.570562531918633,1.0,1.0,83.33333333333334,90.0,90.0,17,56.666666666666664,7,23.333333333333332,1,3.3333333333333335,2,6.666666666666667,0,0.0,3,10.0,2.033333333333333,1.4019827229875395,1.5,1.75,86.66666666666667,93.33333333333333,93.33333333333333,15,50.0,7,23.333333333333332,4,13.333333333333334,2,6.666666666666667,0,0.0,2,6.666666666666667,2.6,1.6451950239004087,2.0,3.0,70.0,80.0,93.33333333333333,10,33.33333333333333,9,30.0,2,6.666666666666667,3,10.0,4,13.333333333333334,2,6.666666666666667
861,True,2.1,1.491084616423003,1.5,1.75,83.33333333333334,90.0,93.33333333333333,15,50.0,7,23.333333333333332,3,10.0,2,6.666666666666667,1,3.3333333333333335,2,6.666666666666667,1.9,1.5779733838059502,1.0,1.0,86.66666666666667,90.0,90.0,20,66.66666666666666,3,10.0,3,10.0,1,3.3333333333333335,0,0.0,3,10.0,2.1666666666666665,1.8089284734953512,1.0,1.0,83.33333333333334,83.33333333333334,83.33333333333334,17,56.666666666666664,6,20.0,2,6.666666666666667,0,0.0,0,0.0,5,16.666666666666664,2.3666666666666667,1.622412469818394,2.0,2.0,80.0,83.33333333333334,93.33333333333333,14,46.666666666666664,4,13.333333333333334,6,20.0,1,3.3333333333333335,3,10.0,2,6.666666666666667
862,True,1.8666666666666667,1.3597385369580757,1.0,1.0,90.0,93.33333333333333,93.33333333333333,17,56.666666666666664,7,23.333333333333332,3,10.0,1,3.3333333333333335,0,0.0,2,6.666666666666667,1.6666666666666667,1.4907119849998596,1.0,0.75,90.0,90.0,90.0,22,73.33333333333333,5,16.666666666666664,0,0.0,0,0.0,0,0.0,3,10.0,2.3,1.9174636024359542,1.0,2.0,76.66666666666667,80.0,83.33333333333334,18,60.0,3,10.0,2,6.666666666666667,1,3.3333333333333335,1,3.3333333333333335,5,16.666666666666664,2.8666666666666667,2.124983660067897,2.0,4.5,60.0,73.33333333333333,73.33333333333333,14,46.666666666666664,4,13.333333333333334,0,0.0,4,13.333333333333334,0,0.0,8,26.666666666666668
863,False,2.1666666666666665,1.5723301886761007,2.0,1.75,86.66666666666667,86.66666666666667,90.0,14,46.666666666666664,8,26.666666666666668,4,13.333333333333334,0,0.0,1,3.3333333333333335,3,10.0,1.8666666666666667,1.4313940369055922,1.0,1.0,90.0,90.0,93.33333333333333,18,60.0,6,20.0,3,10.0,0,0.0,1,3.3333333333333335,2,6.666666666666667,2.2333333333333334,1.7641491496532322,1.0,1.75,80.0,83.33333333333334,86.66666666666667,16,53.333333333333336,6,20.0,2,6.666666666666667,1,3.3333333333333335,1,3.3333333333333335,4,13.333333333333334,2.9,2.0387904911164036,2.0,4.5,70.0,73.33333333333333,73.33333333333333,12,40.0,4,13.333333333333334,5,16.666666666666664,1,3.3333333333333335,0,0.0,8,26.666666666666668
864,True,2.533333333333333,1.839081896551163,2.0,2.0,80.0,80.0,80.0,11,36.666666666666664,10,33.33333333333333,3,10.0,0,0.0,0,0.0,6,20.0,2.0,1.4832396974191326,1.5,1.0,90.0,90.0,90.0,15,50.0,9,30.0,3,10.0,0,0.0,0,0.0,3,10.0,2.2666666666666666,1.671991493864594,2.0,2.0,83.33333333333334,86.66666666666667,86.66666666666667,14,46.666666666666664,7,23.333333333333332,4,13.333333333333334,1,3.3333333333333335,0,0.0,4,13.333333333333334,2.3333333333333335,1.5986105077709065,2.0,2.0,86.66666666666667,86.66666666666667,86.66666666666667,11,36.666666666666664,10,33.33333333333333,5,16.666666666666664,0,0.0,0,0.0,4,13.333333333333334
865,True,2.033333333333333,1.3287420951996498,2.0,1.0,86.66666666666667,90.0,96.66666666666667,13,43.333333333333336,11,36.666666666666664,2,6.666666666666667,1,3.3333333333333335,2,6.666666666666667,1,3.3333333333333335,1.8333333333333333,1.3924399049470282,1.0,1.0,86.66666666666667,93.33333333333333,93.33333333333333,18,60.0,7,23.333333333333332,1,3.3333333333333335,2,6.666666666666667,0,0.0,2,6.666666666666667,1.9333333333333333,1.4360439485692011,1.0,1.0,83.33333333333334,90.0,96.66666666666667,18,60.0,5,16.666666666666664,2,6.666666666666667,2,6.666666666666667,2,6.666666666666667,1,3.3333333333333335,2.533333333333333,1.7074997966487597,2.0,2.0,76.66666666666667,83.33333333333334,86.66666666666667,11,36.666666666666664,8,26.666666666666668,4,13.333333333333334,2,6.666666666666667,1,3.3333333333333335,4,13.333333333333334
866,True,2.2,1.4922019523732928,2.0,1.75,86.66666666666667,90.0,90.0,12,40.0,10,33.33333333333333,4,13.333333333333334,1,3.3333333333333335,0,0.0,3,10.0,1.9333333333333333,1.5477582354991866,1.0,1.0,86.66666666666667,90.0,90.0,18,60.0,6,20.0,2,6.666666666666667,1,3.3333333333333335,0,0.0,3,10.0,2.0,1.505545305418162,1.5,1.0,86.66666666666667,90.0,90.0,15,50.0,10,33.33333333333333,1,3.3333333333333335,1,3.3333333333333335,0,0.0,3,10.0,1.9333333333333333,1.3888444437333105,1.0,1.0,86.66666666666667,93.33333333333333,93.33333333333333,16,53.333333333333336,8,26.666666666666668,2,6.666666666666667,2,6.666666666666667,0,0.0,2,6.666666666666667
867,False,2.8,1.8867962264113207,2.0,3.5,73.33333333333333,73.33333333333333,80.0,9,30.0,10,33.33333333333333,3,10.0,0,0.0,2,6.666666666666667,6,20.0,1.8333333333333333,1.5933891203622828,1.0,1.0,83.33333333333334,90.0,90.0,21,70.0,4,13.333333333333334,0,0.0,2,6.666666666666667,0,0.0,3,10.0,2.033333333333333,1.601735170231195,1.0,1.0,80.0,90.0,90.0,17,56.666666666666664,7,23.333333333333332,0,0.0,3,10.0,0,0.0,3,10.0,2.7666666666666666,1.8917951498216947,2.0,3.0,66.66666666666666,76.66666666666667,83.33333333333334,12,40.0,5,16.666666666666664,3,10.0,3,10.0,2,6.666666666666667,5,16.666666666666664
868,True,2.3333333333333335,1.6193277068654823,2.0,2.0,80.0,86.66666666666667,90.0,13,43.333333333333336,7,23.333333333333332,4,13.333333333333334,2,6.666666666666667,1,3.3333333333333335,3,10.0,1.8666666666666667,1.3097921802925665,1.0,1.75,90.0,93.33333333333333,96.66666666666667,18,60.0,4,13.333333333333334,5,16.666666666666664,1,3.3333333333333335,1,3.3333333333333335,1,3.3333333333333335,2.1,1.5132745950421556,1.0,2.0,83.33333333333334,90.0,93.33333333333333,16,53.333333333333336,5,16.666666666666664,4,13.333333333333334,2,6.666666666666667,1,3.3333333333333335,2,6.666666666666667,2.433333333333333,1.7259457954666158,2.0,2.0,80.0,83.33333333333334,86.66666666666667,13,43.333333333333336,6,20.0,5,16.666666666666664,1,3.3333333333333335,1,3.3333333333333335,4,13.333333333333334
869,True,2.8666666666666667,1.746106780494506,3.0,3.0,66.66666666666666,80.0,86.66666666666667,10,33.33333333333333,4,13.333333333333334,6,20.0,4,13.333333333333334,2,6.666666666666667,4,13.333333333333334,2.2666666666666666,1.8785337071473829,1.0,2.0,80.0,83.33333333333334,83.33333333333334,19,63.33333333333333,0,0.0,5,16.666666666666664,1,3.3333333333333335,0,0.0,5,16.666666666666664,2.3333333333333335,1.7384539747207062,1.0,2.0,80.0,86.66666666666667,86.66666666666667,16,53.333333333333336,2,6.666666666666667,6,20.0,2,6.666666666666667,0,0.0,4,13.333333333333334,2.8,1.9899748742132397,2.0,3.0,70.0,76.66666666666667,76.66666666666667,13,43.333333333333336,3,10.0,5,16.666666666666664,2,6.666666666666667,0,0.0,7,23.333333333333332
870,False,2.1333333333333333,1.6679994670929073,1.5,1.0,83.33333333333334,86.66666666666667,86.66666666666667,15,50.0,9,30.0,1,3.3333333333333335,1,3.3333333333333335,0,0.0,4,13.333333333333334,1.9333333333333333,1.6519348924485155,1.0,1.0,86.66666666666667,86.66666666666667,86.66666666666667,18,60.0,8,26.666666666666668,0,0.0,0,0.0,0,0.0,4,13.333333333333334,2.3,1.9174636024359542,1.0,1.0,80.0,80.0,80.0,16,53.333333333333336,7,23.333333333333332,1,3.3333333333333335,0,0.0,0,0.0,6,20.0,2.433333333333333,1.9439364415764444,2.0,1.0,76.66666666666667,76.66666666666667,80.0,14,46.666666666666664,9,30.0,0,0.0,0,0.0,1,3.3333333333333335,6,20.0
871,False,2.466666666666667,1.521694961401777,2.0,2.0,83.33333333333334,90.0,90.0,11,36.666666666666664,5,16.666666666666664,9,30.0,2,6.666666666666667,0,0.0,3,10.0,2.066666666666667,1.6110727964792764,1.0,2.0,83.33333333333334,90.0,90.0,18,60.0,3,10.0,4,13.333333333333334,2,6.666666666666667,0,0.0,3,10.0,2.2333333333333334,1.7641491496532322,1.0,2.0,76.66666666666667,86.66666666666667,86.66666666666667,17,56.666666666666664,4,13.333333333333334,2,6.666666666666667,3,10.0,0,0.0,4,13.333333333333334,2.933333333333333,1.9310331143946986,2.0,3.75,70.0,73.33333333333333,76.66666666666667,9,30.0,8,26.666666666666668,4,13.333333333333334,1,3.3333333333333335,1,3.3333333333333335,7,23.333333333333332
872,False,2.6666666666666665,2.022100118413747,2.0,3.0,70.0,76.66666666666667,76.66666666666667,14,46.666666666666664,5,16.666666666666664,2,6.666666666666667,2,6.666666666666667,0,0.0,7,23.333333333333332,2.1666666666666665,1.9677962857527254,1.0,1.0,80.0,80.0,80.0,20,66.66666666666666,3,10.0,1,3.3333333333333335,0,0.0,0,0.0,6,20.0,2.1666666666666665,1.827262676488766,1.0,1.75,83.33333333333334,83.33333333333334,83.33333333333334,18,60.0,4,13.333333333333334,3,10.0,0,0.0,0,0.0,5,16.666666666666664,2.6333333333333333,1.7603661235347856,2.0,3.0,70.0,83.33333333333334,86.66666666666667,12,40.0,5,16.666666666666664,4,13.333333333333334,4,13.333333333333334,1,3.3333333333333335,4,13.333333333333334
873,True,2.6,1.5832456116050557,2.0,2.0,80.0,83.33333333333334,90.0,9,30.0,8,26.666666666666668,7,23.333333333333332,1,3.3333333333333335,2,6.666666666666667,3,10.0,2.0,1.4832396974191326,1.0,1.75,86.66666666666667,90.0,93.33333333333333,17,56.666666666666664,5,16.666666666666664,4,13.333333333333334,1,3.3333333333333335,1,3.3333333333333335,2,6.666666666666667,2.1333333333333333,1.521694961401777,1.0,2.0,83.33333333333334,90.0,93.33333333333333,16,53.333333333333336,4,13.333333333333334,5,16.666666666666664,2,6.666666666666667,1,3.3333333333333335,2,6.666666666666667,2.7,1.676305461424021,2.5,3.0,70.0,83.33333333333334,90.0,11,36.666666666666664,4,13.333333333333334,6,20.0,4,13.333333333333334,2,6.666666666666667,3,10.0
874,True,1.5,0.8850612031567836,1.0,1.0,96.66666666666667,96.66666666666667,100.0,20,66.66666666666666,7,23.333333333333332,2,6.666666666666667,0,0.0,1,3.3333333333333335,0,0.0,1.6333333333333333,1.4940623220676652,1.0,0.0,90.0,90.0,90.0,23,76.66666666666667,4,13.333333333333334,0,0.0,0,0.0,0,0.0,3,10.0,1.8,1.4696938456699071,1.0,1.0,86.66666666666667,90.0,93.33333333333333,20,66.66666666666666,5,16.666666666666664,1,3.3333333333333335,1,3.3333333333333335,1,3.3333333333333335,2,6.666666666666667,2.2,1.7962924780409972,1.0,1.0,83.33333333333334,83.33333333333334,83.33333333333334,16,53.333333333333336,7,23.333333333333332,2,6.666666666666667,0,0.0,0,0.0,5,16.666666666666664
875,True,2.1666666666666665,1.6947631758514883,2.0,1.0,83.33333333333334,83.33333333333334,86.66666666666667,14,46.666666666666664,11,36.666666666666664,0,0.0,0,0.0,1,3.3333333333333335,4,13.333333333333334,1.7333333333333334,1.4590712418826193,1.0,1.0,86.66666666666667,90.0,93.33333333333333,21,70.0,5,16.666666666666664,0,0.0,1,3.3333333333333335,1,3.3333333333333335,2,6.666666666666667,1.8666666666666667,1.6069294390925264,1.0,1.0,86.66666666666667,86.66666666666667,90.0,20,66.66666666666666,5,16.666666666666664,1,3.3333333333333335,0,0.0,1,3.3333333333333335,3,10.0,2.1,1.57797338380595,1.0,1.75,83.33333333333334,90.0,90.0,16,53.333333333333336,6,20.0,3,10.0,2,6.666666666666667,0,0.0,3,10.0
876,True,2.6333333333333333,1.9913702708325127,2.0,3.5,73.33333333333333,73.33333333333333,80.0,14,46.666666666666664,5,16.666666666666664,3,10.0,0,0.0,2,6.666666666666667,6,20.0,2.066666666666667,1.7307673314329561,1.0,1.0,80.0,83.33333333333334,90.0,19,63.33333333333333,4,13.333333333333334,1,3.3333333333333335,1,3.3333333333333335,2,6.666666666666667,3,10.0,2.3333333333333335,1.86785676348292,1.0,2.0,76.66666666666667,83.33333333333334,83.33333333333334,17,56.666666666666664,3,10.0,3,10.0,2,6.666666666666667,0,0.0,5,16.666666666666664,2.3666666666666667,1.7220788470785986,1.5,2.75,73.33333333333333,80.0,93.33333333333333,15,50.0,5,16.666666666666664,2,6.666666666666667,2,6.666666666666667,4,13.333333333333334,2,6.666666666666667
877,False,2.5,1.6683325008322931,2.0,3.0,70.0,86.66666666666667,90.0,12,40.0,7,23.333333333333332,2,6.666666666666667,5,16.666666666666664,1,3.3333333333333335,3,10.0,2.1666666666666665,1.8633899812498247,1.0,1.75,80.0,83.33333333333334,83.33333333333334,19,63.33333333333333,3,10.0,2,6.666666666666667,1,3.3333333333333335,0,0.0,5,16.666666666666664,2.2666666666666666,1.8785337071473829,1.0,2.0,76.66666666666667,83.33333333333334,83.33333333333334,18,60.0,3,10.0,2,6.666666666666667,2,6.666666666666667,0,0.0,5,16.666666666666664,2.4,1.7435595774162693,1.5,2.0,76.66666666666667,86.66666666666667,86.66666666666667,15,50.0,3,10.0,5,16.666666666666664,3,10.0,0,0.0,4,13.333333333333334
878,True,2.066666666666667,1.6110727964792764,1.0,1.0,83.33333333333334,86.66666666666667,90.0,16,53.333333333333336,8,26.666666666666668,1,3.3333333333333335,1,3.3333333333333335,1,3.3333333333333335,3,10.0,1.9,1.7194960502038574,1.0,1.0,83.33333333333334,86.66666666666667,86.66666666666667,21,70.0,4,13.333333333333334,0,0.0,1,3.3333333333333335,0,0.0,4,13.333333333333334,2.1333333333333333,1.8571184369578826,1.0,1.0,80.0,83.33333333333334,83.33333333333334,19,63.33333333333333,4,13.333333333333334,1,3.3333333333333335,1,3.3333333333333335,0,0.0,5,16.666666666666664,2.3333333333333335,1.8318175552045448,1.0,2.0,76.66666666666667,80.0,86.66666666666667,16,53.333333333333336,5,16.666666666666664,2,6.666666666666667,1,3.3333333333333335,2,6.666666666666667,4,13.333333333333334
879,True,2.0,1.3416407864998738,2.0,1.0,90.0,93.33333333333333,93.33333333333333,14,46.666666666666664,9,30.0,4,13.333333333333334,1,3.3333333333333335,0,0.0,2,6.666666666666667,1.8666666666666667,1.521694961401777,1.0,1.0,90.0,90.0,90.0,19,63.33333333333333,5,16.666666666666664,3,10.0,0,0.0,0,0.0,3,10.0,1.9333333333333333,1.4817407180595246,1.0,1.0,90.0,90.0,90.0,16,53.333333333333336,9,30.0,2,6.666666666666667,0,0.0,0,0.0,3,10.0,2.2666666666666666,1.8061622912192088,1.0,1.75,80.0,80.0,86.66666666666667,16,53.333333333333336,6,20.0,2,6.666666666666667,0,0.0,2,6.666666666666667,4,13.333333333333334
880,False,2.3666666666666667,1.622412469818394,2.0,1.75,80.0,83.33333333333334,90.0,11,36.666666666666664,11,36.666666666666664,2,6.666666666666667,1,3.3333333333333335,2,6.666666666666667,3,10.0,2.0,1.7701224063135672,1.0,1.0,83.33333333333334,83.33333333333334,86.66666666666667,20,66.66666666666666,4,13.333333333333334,1,3.3333333333333335,0,0.0,1,3.3333333333333335,4,13.333333333333334,2.1,1.6802777548171413,1.0,1.75,80.0,86.66666666666667,90.0,18,60.0,4,13.333333333333334,2,6.666666666666667,2,6.666666666666667,1,3.3333333333333335,3,10.0,2.8,1.9561867668161614,2.0,3.0,66.66666666666666,76.66666666666667,80.0,13,43.333333333333336,3,10.0,4,13.333333333333334,3,10.0,1,3.3333333333333335,6,20.0
881,False,2.2,1.5362291495737217,2.0,2.0,86.66666666666667,90.0,90.0,14,46.666666666666664,6,20.0,6,20.0,1,3.3333333333333335,0,0.0,3,10.0,1.8333333333333333,1.343709624716425,1.0,1.0,93.33333333333333,93.33333333333333,93.33333333333333,18,60.0,5,16.666666666666664,5,16.666666666666664,0,0.0,0,0.0,2,6.666666666666667,2.1,1.491084616423003,2.0,1.75,90.0,90.0,90.0,14,46.666666666666664,8,26.666666666666668,5,16.666666666666664,0,0.0,0,0.0,3,10.0,2.5,1.746424919657298,2.0,2.0,80.0,80.0,86.66666666666667,12,40.0,7,23.333333333333332,5,16.666666666666664,0,0.0,2,6.666666666666667,4,13.333333333333334
882,True,1.6333333333333333,1.110055053689781,1.0,1.0,96.66666666666667,96.66666666666667,96.66666666666667,20,66.66666666666666,4,13.333333333333334,5,16.666666666666664,0,0.0,0,0.0,1,3.3333333333333335,1.5666666666666667,1.2023125864580955,1.0,0.0,90.0,96.66666666666667,96.66666666666667,23,76.66666666666667,2,6.666666666666667,2,6.666666666666667,2,6.666666666666667,0,0.0,1,3.3333333333333335,1.7333333333333334,1.3888444437333105,1.0,1.0,86.66666666666667,93.33333333333333,93.33333333333333,20,66.66666666666666,6,20.0,0,0.0,2,6.666666666666667,0,0.0,2,6.666666666666667,2.033333333333333,1.601735170231195,1.0,1.75,83.33333333333334,90.0,90.0,18,60.0,4,13.333333333333334,3,10.0,2,6.666666666666667,0,0.0,3,10.0
883,True,2.3333333333333335,1.5986105077709065,2.0,1.0,83.33333333333334,86.66666666666667,86.66666666666667,10,33.33333333333333,13,43.333333333333336,2,6.666666666666667,1,3.3333333333333335,0,0.0,4,13.333333333333334,2.0,1.61245154965971,1.0,1.0,83.33333333333334,86.66666666666667,90.0,17,56.666666666666664,8,26.666666666666668,0,0.0,1,3.3333333333333335,1,3.3333333333333335,3,10.0,2.3666666666666667,1.9745604292826513,1.0,1.0,76.66666666666667,76.66666666666667,80.0,16,53.333333333333336,7,23.333333333333332,0,0.0,0,0.0,1,3.3333333333333335,6,20.0,2.3333333333333335,1.6397831834998458,2.0,2.0,76.66666666666667,86.66666666666667,90.0,13,43.333333333333336,8,26.666666666666668,2,6.666666666666667,3,10.0,1,3.3333333333333335,3,10.0
884,True,2.3333333333333335,1.8135294011647256,1.5,2.0,80.0,83.33333333333334,83.33333333333334,15,50.0,6,20.0,3,10.0,1,3.3333333333333335,0,0.0,5,16.666666666666664,1.8666666666666667,1.499629583893599,1.0,1.0,90.0,90.0,90.0,18,60.0,7,23.333333333333332,2,6.666666666666667,0,0.0,0,0.0,3,10.0,2.2666666666666666,1.7113996870657915,2.0,1.75,83.33333333333334,83.33333333333334,86.66666666666667,14,46.666666666666664,8,26.666666666666668,3,10.0,0,0.0,1,3.3333333333333335,4,13.333333333333334,1.9666666666666666,1.471582670309608,1.0,1.0,86.66666666666667,90.0,93.33333333333333,17,56.666666666666664,6,20.0,3,10.0,1,3.3333333333333335,1,3.3333333333333335,2,6.666666666666667
885,True,2.3666666666666667,1.4019827229875395,2.0,2.0,80.0,90.0,96.66666666666667,11,36.666666666666664,7,23.333333333333332,6,20.0,3,10.0,2,6.666666666666667,1,3.3333333333333335,1.9666666666666666,1.601735170231195,1.0,1.0,83.33333333333334,90.0,90.0,19,63.33333333333333,4,13.333333333333334,2,6.666666666666667,2,6.666666666666667,0,0.0,3,10.0,2.1666666666666665,1.6141733350404335,1.0,2.0,86.66666666666667,86.66666666666667,90.0,16,53.333333333333336,4,13.333333333333334,6,20.0,0,0.0,1,3.3333333333333335,3,10.0,2.8,1.6411378166788229,3.0,2.0,76.66666666666667,83.33333333333334,86.66666666666667,9,30.0,4,13.333333333333334,10,33.33333333333333,2,6.666666666666667,1,3.3333333333333335,4,13.333333333333334
886,True,2.2333333333333334,1.4533486237727762,2.0,2.0,90.0,90.0,90.0,11,36.666666666666664,10,33.33333333333333,6,20.0,0,0.0,0,0.0,3,10.0,2.1,1.7194960502038572,1.0,1.0,80.0,83.33333333333334,90.0,18,60.0,5,16.666666666666664,1,3.3333333333333335,1,3.3333333333333335,2,6.666666666666667,3,10.0,2.2333333333333334,1.7829438827088444,1.0,1.75,76.66666666666667,80.0,90.0,17,56.666666666666664,5,16.666666666666664,1,3.3333333333333335,1,3.3333333333333335,3,10.0,3,10.0,2.466666666666667,1.8024674446127698,2.0,1.75,76.66666666666667,76.66666666666667,86.66666666666667,12,40.0,10,33.33333333333333,1,3.3333333333333335,0,0.0,3,10.0,4,13.333333333333334
887,True,2.2333333333333334,1.3585122581543223,2.0,2.0,86.66666666666667,93.33333333333333,93.33333333333333,11,36.666666666666664,9,30.0,6,20.0,2,6.666666666666667,0,0.0,2,6.666666666666667,2.033333333333333,1.5807874268505835,1.0,2.0,86.66666666666667,90.0,90.0,18,60.0,3,10.0,5,16.666666666666664,1,3.3333333333333335,0,0.0,3,10.0,2.0,1.4375905768565218,1.0,2.0,86.66666666666667,93.33333333333333,93.33333333333333,17,56.666666666666664,4,13.333333333333334,5,16.666666666666664,2,6.666666666666667,0,0.0,2,6.666666666666667,2.5,1.7841898254763513,2.0,2.75,73.33333333333333,83.33333333333334,86.66666666666667,14,46.666666666666664,4,13.333333333333334,4,13.333333333333334,3,10.0,1,3.3333333333333335,4,13.333333333333334
888,False,2.566666666666667,1.7259457954666158,2.0,2.0,76.66666666666667,80.0,86.66666666666667,10,33.33333333333333,10,33.33333333333333,3,10.0,1,3.3333333333333335,2,6.666666666666667,4,13.333333333333334,1.9,1.491084616423003,1.0,1.0,90.0,90.0,90.0,17,56.666666666666664,8,26.666666666666668,2,6.666666666666667,0,0.0,0,0.0,3,10.0,2.1,1.6603212540549694,1.0,1.0,86.66666666666667,86.66666666666667,86.66666666666667,16,53.333333333333336,7,23.333333333333332,3,10.0,0,0.0,0,0.0,4,13.333333333333334,2.4,1.7243356208503415,2.0,2.75,73.33333333333333,83.33333333333334,90.0,14,46.666666666666664,6,20.0,2,6.666666666666667,3,10.0,2,6.666666666666667,3,10.0
889,True,2.1333333333333333,1.4544949486180951,2.0,2.0,86.66666666666667,90.0,93.33333333333333,14,46.666666666666664,7,23.333333333333332,5,16.666666666666664,1,3.3333333333333335,1,3.3333333333333335,2,6.666666666666667,1.9333333333333333,1.5691469727919758,1.0,1.0,86.66666666666667,90.0,90.0,19,63.33333333333333,4,13.333333333333334,3,10.0,1,3.3333333333333335,0,0.0,3,10.0,1.9,1.491084616423003,1.0,1.0,86.66666666666667,90.0,93.33333333333333,19,63.33333333333333,4,13.333333333333334,3,10.0,1,3.3333333333333335,1,3.3333333333333335,2,6.666666666666667,2.3,1.6563010998406458,2.0,2.0,76.66666666666667,86.66666666666667,90.0,14,46.666666666666664,7,23.333333333333332,2,6.666666666666667,3,10.0,1,3.3333333333333335,3,10.0
890,True,2.2,1.6206994374857624,1.5,2.0,83.33333333333334,86.66666666666667,90.0,15,50.0,6,20.0,4,13.333333333333334,1,3.3333333333333335,1,3.3333333333333335,3,10.0,2.0,1.8439088914585775,1.0,1.0,83.33333333333334,83.33333333333334,83.33333333333334,21,70.0,3,10.0,1,3.3333333333333335,0,0.0,0,0.0,5,16.666666666666664,2.066666666666667,1.7113996870657915,1.0,1.0,83.33333333333334,86.66666666666667,86.66666666666667,18,60.0,5,16.666666666666664,2,6.666666666666667,1,3.3333333333333335,0,0.0,4,13.333333333333334,2.1666666666666665,1.5509853498842456,2.0,1.75,83.33333333333334,90.0,90.0,14,46.666666666666664,8,26.666666666666668,3,10.0,2,6.666666666666667,0,0.0,3,10.0
891,True,2.466666666666667,1.7650936393164973,2.0,2.0,76.66666666666667,80.0,86.66666666666667,12,40.0,9,30.0,2,6.666666666666667,1,3.3333333333333335,2,6.666666666666667,4,13.333333333333334,2.066666666666667,1.6719914938645934,1.0,1.0,86.66666666666667,86.66666666666667,86.66666666666667,17,56.666666666666664,6,20.0,3,10.0,0,0.0,0,0.0,4,13.333333333333334,2.2333333333333334,1.5849991237291654,2.0,1.75,83.33333333333334,86.66666666666667,90.0,13,43.333333333333336,9,30.0,3,10.0,1,3.3333333333333335,1,3.3333333333333335,3,10.0,2.8333333333333335,1.9677962857527254,2.0,4.0,70.0,70.0,80.0,11,36.666666666666664,7,23.333333333333332,3,10.0,0,0.0,3,10.0,6,20.0
892,True,2.3,1.6563010998406458,2.0,2.0,83.33333333333334,83.33333333333334,90.0,14,46.666666666666664,6,20.0,5,16.666666666666664,0,0.0,2,6.666666666666667,3,10.0,1.9,1.6603212540549697,1.0,1.0,83.33333333333334,86.66666666666667,90.0,21,70.0,3,10.0,1,3.3333333333333335,1,3.3333333333333335,1,3.3333333333333335,3,10.0,2.0,1.61245154965971,1.0,1.0,86.66666666666667,86.66666666666667,90.0,18,60.0,5,16.666666666666664,3,10.0,0,0.0,1,3.3333333333333335,3,10.0,2.5,1.91049731745428,2.0,2.75,73.33333333333333,76.66666666666667,83.33333333333334,14,46.666666666666664,7,23.333333333333332,1,3.3333333333333335,1,3.3333333333333335,2,6.666666666666667,5,16.666666666666664
893,False,2.8,1.9561867668161614,2.0,3.5,73.33333333333333,73.33333333333333,76.66666666666667,10,33.33333333333333,9,30.0,3,10.0,0,0.0,1,3.3333333333333335,7,23.333333333333332,2.3,1.8645821694595994,1.0,1.75,80.0,80.0,83.33333333333334,16,53.333333333333336,6,20.0,2,6.666666666666667,0,0.0,1,3.3333333333333335,5,16.666666666666664,2.3666666666666667,1.7978382080215733,2.0,2.0,80.0,83.33333333333334,83.33333333333334,14,46.666666666666664,7,23.333333333333332,3,10.0,1,3.3333333333333335,0,0.0,5,16.666666666666664,2.433333333333333,1.8381754238616315,2.0,2.75,73.33333333333333,83.33333333333334,83.33333333333334,14,46.666666666666664,7,23.333333333333332,1,3.3333333333333335,3,10.0,0,0.0,5,16.666666666666664
894,False,2.433333333333333,1.7065234314893605,2.0,2.0,76.66666666666667,86.66666666666667,86.66666666666667,13,43.333333333333336,6,20.0,4,13.333333333333334,3,10.0,0,0.0,4,13.333333333333334,2.1333333333333333,1.6069294390925266,1.5,1.0,83.33333333333334,86.66666666666667,90.0,15,50.0,8,26.666666666666668,2,6.666666666666667,1,3.3333333333333335,1,3.3333333333333335,3,10.0,2.2333333333333334,1.6468825769380835,2.0,1.0,83.33333333333334,86.66666666666667,86.66666666666667,13,43.333333333333336,10,33.33333333333333,2,6.666666666666667,1,3.3333333333333335,0,0.0,4,13.333333333333334,2.466666666666667,1.7650936393164969,2.0,2.0,80.0,80.0,86.66666666666667,13,43.333333333333336,6,20.0,5,16.666666666666664,0,0.0,2,6.666666666666667,4,13.333333333333334
895,True,1.9,1.4224392195567912,1.0,1.0,90.0,90.0,93.33333333333333,17,56.666666666666664,7,23.333333333333332,3,10.0,0,0.0,1,3.3333333333333335,2,6.666666666666667,1.8333333333333333,1.5723301886761007,1.0,1.0,86.66666666666667,90.0,90.0,21,70.0,3,10.0,2,6.666666666666667,1,3.3333333333333335,0,0.0,3,10.0,1.8333333333333333,1.5073892072793353,1.0,1.0,90.0,90.0,90.0,19,63.33333333333333,6,20.0,2,6.666666666666667,0,0.0,0,0.0,3,10.0,2.1666666666666665,1.7336538165261124,1.0,1.75,80.0,86.66666666666667,86.66666666666667,17,56.666666666666664,5,16.666666666666664,2,6.666666666666667,2,6.666666666666667,0,0.0,4,13.333333333333334
896,True,2.2333333333333334,1.6058919293927874,2.0,1.0,86.66666666666667,86.66666666666667,86.66666666666667,12,40.0,11,36.666666666666664,3,10.0,0,0.0,0,0.0,4,13.333333333333334,1.8333333333333333,1.4161763857498668,1.0,1.0,86.66666666666667,93.33333333333333,93.33333333333333,19,63.33333333333333,5,16.666666666666664,2,6.666666666666667,2,6.666666666666667,0,0.0,2,6.666666666666667,1.9333333333333333,1.5477582354991866,1.0,1.0,86.66666666666667,90.0,90.0,18,60.0,6,20.0,2,6.666666666666667,1,3.3333333333333335,0,0.0,3,10.0,2.0,1.570562531918633,1.0,1.0,83.33333333333334,90.0,90.0,17,56.666666666666664,7,23.333333333333332,1,3.3333333333333335,2,6.666666666666667,0,0.0,3,10.0
897,True,2.2,1.5577761927397231,2.0,1.0,80.0,90.0,90.0,13,43.333333333333336,10,33.33333333333333,1,3.3333333333333335,3,10.0,0,0.0,3,10.0,1.9,1.619670748434179,1.0,1.0,86.66666666666667,86.66666666666667,90.0,20,66.66666666666666,4,13.333333333333334,2,6.666666666666667,0,0.0,1,3.3333333333333335,3,10.0,2.066666666666667,1.569146972791976,1.0,1.0,83.33333333333334,90.0,90.0,16,53.333333333333336,7,23.333333333333332,2,6.666666666666667,2,6.666666666666667,0,0.0,3,10.0,2.433333333333333,1.5638272140986533,2.0,2.0,83.33333333333334,86.66666666666667,90.0,11,36.666666666666664,7,23.333333333333332,7,23.333333333333332,1,3.3333333333333335,1,3.3333333333333335,3,10.0
898,True,2.033333333333333,1.5595583420386114,1.0,1.0,83.33333333333334,90.0,90.0,16,53.333333333333336,8,26.666666666666668,1,3.3333333333333335,2,6.666666666666667,0,0.0,3,10.0,1.9,1.5351438586225938,1.0,1.0,86.66666666666667,90.0,90.0,18,60.0,7,23.333333333333332,1,3.3333333333333335,1,3.3333333333333335,0,0.0,3,10.0,2.2333333333333334,1.8015425489162213,1.5,1.0,80.0,83.33333333333334,83.33333333333334,15,50.0,9,30.0,0,0.0,1,3.3333333333333335,0,0.0,5,16.666666666666664,2.433333333333333,1.8199511592958264,2.0,2.75,73.33333333333333,80.0,86.66666666666667,14,46.666666666666664,7,23.333333333333332,1,3.3333333333333335,2,6.666666666666667,2,6.666666666666667,4,13.333333333333334
899,True,2.7333333333333334,1.8061622912192088,2.0,2.0,76.66666666666667,80.0,80.0,9,30.0,9,30.0,5,16.666666666666664,1,3.3333333333333335,0,0.0,6,20.0,2.1333333333333333,1.765093639316497,1.0,1.75,76.66666666666667,83.33333333333334,90.0,19,63.33333333333333,3,10.0,1,3.3333333333333335,2,6.666666666666667,2,6.666666666666667,3,10.0,2.4,1.9078784028338913,1.0,2.75,73.33333333333333,80.0,83.33333333333334,16,53.333333333333336,5,16.666666666666664,1,3.3333333333333335,2,6.666666666666667,1,3.3333333333333335,5,16.666666666666664,2.8,1.939071942966532,2.5,3.0,70.0,76.66666666666667,80.0,13,43.333333333333336,2,6.666666666666667,6,20.0,2,6.666666666666667,1,3.3333333333333335,6,20.0
900,True,1.9,1.398809017223819,1.0,1.0,90.0,90.0,93.33333333333333,16,53.333333333333336,9,30.0,2,6.666666666666667,0,0.0,1,3.3333333333333335,2,6.666666666666667,1.8,1.6812693617224659,1.0,0.75,86.66666666666667,86.66666666666667,86.66666666666667,22,73.33333333333333,4,13.333333333333334,0,0.0,0,0.0,0,0.0,4,13.333333333333334,1.8,1.5577761927397231,1.0,1.0,86.66666666666667,90.0,90.0,21,70.0,4,13.333333333333334,1,3.3333333333333335,1,3.3333333333333335,0,0.0,3,10.0,2.4,1.8547236990991407,2.0,1.75,76.66666666666667,80.0,83.33333333333334,14,46.666666666666664,8,26.666666666666668,1,3.3333333333333335,1,3.3333333333333335,1,3.3333333333333335,5,16.666666666666664
901,True,2.033333333333333,1.4715826703096078,1.0,1.75,86.66666666666667,90.0,93.33333333333333,16,53.333333333333336,6,20.0,4,13.333333333333334,1,3.3333333333333335,1,3.3333333333333335,2,6.666666666666667,1.9,1.619670748434179,1.0,1.0,86.66666666666667,86.66666666666667,90.0,20,66.66666666666666,4,13.333333333333334,2,6.666666666666667,0,0.0,1,3.3333333333333335,3,10.0,2.1,1.7194960502038574,1.0,1.75,83.33333333333334,86.66666666666667,86.66666666666667,18,60.0,4,13.333333333333334,3,10.0,1,3.3333333333333335,0,0.0,4,13.333333333333334,2.466666666666667,1.8390818965511628,2.0,2.0,76.66666666666667,76.66666666666667,86.66666666666667,14,46.666666666666664,6,20.0,3,10.0,0,0.0,3,10.0,4,13.333333333333334
902,True,2.5,1.8027756377319946,2.0,2.0,80.0,80.0,83.33333333333334,12,40.0,8,26.666666666666668,4,13.333333333333334,0,0.0,1,3.3333333333333335,5,16.666666666666664,2.1333333333333333,1.8749814813900312,1.0,1.0,76.66666666666667,80.0,86.66666666666667,20,66.66666666666666,3,10.0,0,0.0,1,3.3333333333333335,2,6.666666666666667,4,13.333333333333334,2.2333333333333334,1.8740923729160797,1.0,1.0,80.0,80.0,83.33333333333334,17,56.666666666666664,6,20.0,1,3.3333333333333335,0,0.0,1,3.3333333333333335,5,16.666666666666664,2.6333333333333333,1.9405039437103846,2.0,2.75,73.33333333333333,76.66666666666667,80.0,13,43.333333333333336,6,20.0,3,10.0,1,3.3333333333333335,1,3.3333333333333335,6,20.0
903,True,2.1333333333333333,1.6679994670929073,1.5,1.0,83.33333333333334,86.66666666666667,86.66666666666667,15,50.0,9,30.0,1,3.3333333333333335,1,3.3333333333333335,0,0.0,4,13.333333333333334,1.9333333333333333,1.6719914938645934,1.0,1.0,86.66666666666667,86.66666666666667,86.66666666666667,19,63.33333333333333,6,20.0,1,3.3333333333333335,0,0.0,0,0.0,4,13.333333333333334,2.3666666666666667,1.834545054108935,1.5,2.0,76.66666666666667,83.33333333333334,83.33333333333334,15,50.0,6,20.0,2,6.666666666666667,2,6.666666666666667,0,0.0,5,16.666666666666664,2.433333333333333,1.7641491496532322,2.0,2.75,73.33333333333333,80.0,90.0,14,46.666666666666664,6,20.0,2,6.666666666666667,2,6.666666666666667,3,10.0,3,10.0
904,True,2.2333333333333334,1.6468825769380835,1.5,2.0,80.0,86.66666666666667,90.0,15,50.0,6,20.0,3,10.0,2,6.666666666666667,1,3.3333333333333335,3,10.0,1.6666666666666667,1.2736648783028532,1.0,1.0,90.0,93.33333333333333,96.66666666666667,21,70.0,4,13.333333333333334,2,6.666666666666667,1,3.3333333333333335,1,3.3333333333333335,1,3.3333333333333335,1.7666666666666666,1.3828312341794362,1.0,1.0,90.0,93.33333333333333,93.33333333333333,20,66.66666666666666,4,13.333333333333334,3,10.0,1,3.3333333333333335,0,0.0,2,6.666666666666667,2.7,2.0024984394500787,2.0,3.75,70.0,73.33333333333333,80.0,14,46.666666666666664,4,13.333333333333334,3,10.0,1,3.3333333333333335,2,6.666666666666667,6,20.0
905,True,2.066666666666667,1.2092238098144705,2.0,1.0,90.0,93.33333333333333,96.66666666666667,11,36.666666666666664,12,40.0,4,13.333333333333334,1,3.3333333333333335,1,3.3333333333333335,1,3.3333333333333335,1.9666666666666666,1.4487542541400484,1.0,1.0,86.66666666666667,90.0,93.33333333333333,16,53.333333333333336,8,26.666666666666668,2,6.666666666666667,1,3.3333333333333335,1,3.3333333333333335,2,6.666666666666667,2.1,1.3988090172238192,2.0,1.0,86.66666666666667,90.0,93.33333333333333,12,40.0,12,40.0,2,6.666666666666667,1,3.3333333333333335,1,3.3333333333333335,2,6.666666666666667,2.7666666666666666,1.9093337988826249,2.0,3.0,70.0,76.66666666666667,80.0,11,36.666666666666664,7,23.333333333333332,3,10.0,2,6.666666666666667,1,3.3333333333333335,6,20.0
906,False,2.0,1.4375905768565218,1.5,1.0,86.66666666666667,90.0,93.33333333333333,15,50.0,9,30.0,2,6.666666666666667,1,3.3333333333333335,1,3.3333333333333335,2,6.666666666666667,1.9333333333333333,1.6519348924485155,1.0,1.0,83.33333333333334,86.66666666666667,90.0,20,66.66666666666666,4,13.333333333333334,1,3.3333333333333335,1,3.3333333333333335,1,3.3333333333333335,3,10.0,2.2333333333333334,1.8015425489162211,1.0,2.0,80.0,83.33333333333334,86.66666666666667,18,60.0,2,6.666666666666667,4,13.333333333333334,1,3.3333333333333335,1,3.3333333333333335,4,13.333333333333334,2.8,2.072036035722674,2.0,4.5,70.0,73.33333333333333,73.33333333333333,13,43.333333333333336,5,16.666666666666664,3,10.0,1,3.3333333333333335,0,0.0,8,26.666666666666668
907,True,2.1666666666666665,1.1571036638473189,2.0,0.75,90.0,93.33333333333333,96.66666666666667,8,26.666666666666668,15,50.0,4,13.333333333333334,1,3.3333333333333335,1,3.3333333333333335,1,3.3333333333333335,2.1,1.5351438586225938,1.5,1.75,86.66666666666667,90.0,90.0,15,50.0,7,23.333333333333332,4,13.333333333333334,1,3.3333333333333335,0,0.0,3,10.0,2.3,1.46401275039985,2.0,2.0,83.33333333333334,90.0,93.33333333333333,12,40.0,7,23.333333333333332,6,20.0,2,6.666666666666667,1,3.3333333333333335,2,6.666666666666667,2.566666666666667,1.7829438827088444,2.0,2.0,80.0,80.0,83.33333333333334,11,36.666666666666664,8,26.666666666666668,5,16.666666666666664,0,0.0,1,3.3333333333333335,5,16.666666666666664
908,True,2.1,1.374772708486752,2.0,1.0,90.0,90.0,93.33333333333333,12,40.0,11,36.666666666666664,4,13.333333333333334,0,0.0,1,3.3333333333333335,2,6.666666666666667,1.9333333333333333,1.6110727964792761,1.0,1.0,86.66666666666667,86.66666666666667,90.0,19,63.33333333333333,5,16.666666666666664,2,6.666666666666667,0,0.0,1,3.3333333333333335,3,10.0,2.033333333333333,1.53803626600791,1.0,1.0,86.66666666666667,90.0,90.0,16,53.333333333333336,7,23.333333333333332,3,10.0,1,3.3333333333333335,0,0.0,3,10.0,2.5,1.6881943016134133,2.0,2.0,80.0,83.33333333333334,86.66666666666667,11,36.666666666666664,8,26.666666666666668,5,16.666666666666664,1,3.3333333333333335,1,3.3333333333333335,4,13.333333333333334
909,True,1.9333333333333333,1.3888444437333107,1.5,1.0,90.0,90.0,93.33333333333333,15,50.0,10,33.33333333333333,2,6.666666666666667,0,0.0,1,3.3333333333333335,2,6.666666666666667,1.7333333333333334,1.2364824660660938,1.0,1.0,90.0,93.33333333333333,96.66666666666667,18,60.0,8,26.666666666666668,1,3.3333333333333335,1,3.3333333333333335,1,3.3333333333333335,1,3.3333333333333335,1.8666666666666667,1.384035966135113,1.0,1.0,86.66666666666667,90.0,96.66666666666667,18,60.0,6,20.0,2,6.666666666666667,1,3.3333333333333335,2,6.666666666666667,1,3.3333333333333335,2.4,1.6451950239004087,2.0,2.0,80.0,86.66666666666667,86.66666666666667,11,36.666666666666664,10,33.33333333333333,3,10.0,2,6.666666666666667,0,0.0,4,13.333333333333334
910,True,2.466666666666667,1.6069294390925268,2.0,2.0,83.33333333333334,86.66666666666667,86.66666666666667,10,33.33333333333333,9,30.0,6,20.0,1,3.3333333333333335,0,0.0,4,13.333333333333334,1.8666666666666667,1.359738536958076,1.0,1.0,90.0,93.33333333333333,93.33333333333333,17,56.666666666666664,7,23.333333333333332,3,10.0,1,3.3333333333333335,0,0.0,2,6.666666666666667,1.9333333333333333,1.2092238098144703,2.0,1.0,86.66666666666667,96.66666666666667,96.66666666666667,14,46.666666666666664,10,33.33333333333333,2,6.666666666666667,3,10.0,0,0.0,1,3.3333333333333335,2.3333333333333335,1.699673171197595,2.0,2.0,80.0,86.66666666666667,86.66666666666667,14,46.666666666666664,6,20.0,4,13.333333333333334,2,6.666666666666667,0,0.0,4,13.333333333333334
911,False,2.966666666666667,2.0080393975772046,2.0,4.5,66.66666666666666,73.33333333333333,73.33333333333333,10,33.33333333333333,7,23.333333333333332,3,10.0,2,6.666666666666667,0,0.0,8,26.666666666666668,2.1333333333333333,1.8571184369578826,1.0,1.0,80.0,83.33333333333334,83.33333333333334,19,63.33333333333333,4,13.333333333333334,1,3.3333333333333335,1,3.3333333333333335,0,0.0,5,16.666666666666664,2.3666666666666667,2.0572365498945966,1.0,1.75,76.66666666666667,76.66666666666667,76.66666666666667,18,60.0,4,13.333333333333334,1,3.3333333333333335,0,0.0,0,0.0,7,23.333333333333332,2.1666666666666665,1.5933891203622828,1.0,2.5,73.33333333333333,90.0,93.33333333333333,16,53.333333333333336,6,20.0,0,0.0,5,16.666666666666664,1,3.3333333333333335,2,6.666666666666667
912,True,1.9333333333333333,1.3148721948877347,1.5,1.0,93.33333333333333,93.33333333333333,93.33333333333333,15,50.0,8,26.666666666666668,5,16.666666666666664,0,0.0,0,0.0,2,6.666666666666667,2.0,1.505545305418162,1.0,1.0,90.0,90.0,90.0,16,53.333333333333336,7,23.333333333333332,4,13.333333333333334,0,0.0,0,0.0,3,10.0,2.3333333333333335,1.8135294011647258,1.5,2.0,80.0,83.33333333333334,83.33333333333334,15,50.0,6,20.0,3,10.0,1,3.3333333333333335,0,0.0,5,16.666666666666664,2.3,1.6360521589077368,2.0,2.0,83.33333333333334,83.33333333333334,90.0,13,43.333333333333336,8,26.666666666666668,4,13.333333333333334,0,0.0,2,6.666666666666667,3,10.0
913,True,2.3,1.69607389776114,2.0,2.0,80.0,86.66666666666667,86.66666666666667,14,46.666666666666664,7,23.333333333333332,3,10.0,2,6.666666666666667,0,0.0,4,13.333333333333334,1.8666666666666667,1.6275407487644937,1.0,1.0,86.66666666666667,86.66666666666667,90.0,21,70.0,3,10.0,2,6.666666666666667,0,0.0,1,3.3333333333333335,3,10.0,2.3,1.7349351572897471,1.0,2.0,80.0,86.66666666666667,86.66666666666667,16,53.333333333333336,3,10.0,5,16.666666666666664,2,6.666666666666667,0,0.0,4,13.333333333333334,2.4,1.8,1.0,2.0,76.66666666666667,83.33333333333334,86.66666666666667,16,53.333333333333336,2,6.666666666666667,5,16.666666666666664,2,6.666666666666667,1,3.3333333333333335,4,13.333333333333334
914,True,2.2,1.5362291495737217,2.0,1.0,86.66666666666667,86.66666666666667,90.0,12,40.0,11,36.666666666666664,3,10.0,0,0.0,1,3.3333333333333335,3,10.0,1.8333333333333333,1.3924399049470282,1.0,1.0,86.66666666666667,90.0,96.66666666666667,19,63.33333333333333,5,16.666666666666664,2,6.666666666666667,1,3.3333333333333335,2,6.666666666666667,1,3.3333333333333335,1.8666666666666667,1.3597385369580761,1.0,1.0,83.33333333333334,93.33333333333333,96.66666666666667,18,60.0,6,20.0,1,3.3333333333333335,3,10.0,1,3.3333333333333335,1,3.3333333333333335,2.6666666666666665,1.9379255804998177,2.0,2.75,73.33333333333333,76.66666666666667,80.0,13,43.333333333333336,5,16.666666666666664,4,13.333333333333334,1,3.3333333333333335,1,3.3333333333333335,6,20.0
915,True,1.9,1.2206555615733703,2.0,1.0,90.0,93.33333333333333,96.66666666666667,14,46.666666666666664,11,36.666666666666664,2,6.666666666666667,1,3.3333333333333335,1,3.3333333333333335,1,3.3333333333333335,1.9666666666666666,1.6224124698183942,1.0,1.0,83.33333333333334,83.33333333333334,93.33333333333333,19,63.33333333333333,5,16.666666666666664,1,3.3333333333333335,0,0.0,3,10.0,2,6.666666666666667,2.0,1.570562531918633,1.0,1.0,86.66666666666667,86.66666666666667,90.0,16,53.333333333333336,9,30.0,1,3.3333333333333335,0,0.0,1,3.3333333333333335,3,10.0,2.1,1.3503086067019396,2.0,1.75,80.0,90.0,100.0,14,46.666666666666664,8,26.666666666666668,2,6.666666666666667,3,10.0,3,10.0,0,0.0
916,True,2.2333333333333334,1.4761059883656353,2.0,1.0,83.33333333333334,90.0,90.0,10,33.33333333333333,14,46.666666666666664,1,3.3333333333333335,2,6.666666666666667,0,0.0,3,10.0,2.066666666666667,1.730767331432956,1.0,1.0,80.0,86.66666666666667,86.66666666666667,18,60.0,6,20.0,0,0.0,2,6.666666666666667,0,0.0,4,13.333333333333334,2.3,1.7349351572897471,1.0,2.0,76.66666666666667,83.33333333333334,90.0,16,53.333333333333336,4,13.333333333333334,3,10.0,2,6.666666666666667,2,6.666666666666667,3,10.0,2.6666666666666665,1.9888578520235065,2.0,3.75,70.0,73.33333333333333,80.0,13,43.333333333333336,7,23.333333333333332,1,3.3333333333333335,1,3.3333333333333335,2,6.666666666666667,6,20.0
917,True,2.3666666666666667,1.7220788470785986,2.0,1.0,76.66666666666667,83.33333333333334,86.66666666666667,12,40.0,11,36.666666666666664,0,0.0,2,6.666666666666667,1,3.3333333333333335,4,13.333333333333334,2.066666666666667,1.7307673314329561,1.0,1.75,76.66666666666667,86.66666666666667,90.0,20,66.66666666666666,2,6.666666666666667,1,3.3333333333333335,3,10.0,1,3.3333333333333335,3,10.0,2.1333333333333333,1.687865186822955,1.0,2.0,80.0,86.66666666666667,90.0,18,60.0,3,10.0,3,10.0,2,6.666666666666667,1,3.3333333333333335,3,10.0,2.8,1.886796226411321,2.0,3.0,60.0,80.0,83.33333333333334,12,40.0,5,16.666666666666664,1,3.3333333333333335,6,20.0,1,3.3333333333333335,5,16.666666666666664
918,True,2.466666666666667,1.627540748764494,2.0,2.0,80.0,83.33333333333334,90.0,11,36.666666666666664,8,26.666666666666668,5,16.666666666666664,1,3.3333333333333335,2,6.666666666666667,3,10.0,2.1666666666666665,1.771690968789108,1.0,1.0,80.0,83.33333333333334,86.66666666666667,17,56.666666666666664,6,20.0,1,3.3333333333333335,1,3.3333333333333335,1,3.3333333333333335,4,13.333333333333334,2.533333333333333,1.8926759422104522,2.0,2.0,76.66666666666667,80.0,80.0,13,43.333333333333336,7,23.333333333333332,3,10.0,1,3.3333333333333335,0,0.0,6,20.0,2.433333333333333,1.977933826552906,1.0,2.0,76.66666666666667,76.66666666666667,80.0,16,53.333333333333336,5,16.666666666666664,2,6.666666666666667,0,0.0,1,3.3333333333333335,6,20.0
919,True,2.3,1.6360521589077368,1.5,2.0,76.66666666666667,90.0,90.0,15,50.0,4,13.333333333333334,4,13.333333333333334,4,13.333333333333334,0,0.0,3,10.0,1.7333333333333334,1.364632632697248,1.0,1.0,90.0,93.33333333333333,93.33333333333333,20,66.66666666666666,5,16.666666666666664,2,6.666666666666667,1,3.3333333333333335,0,0.0,2,6.666666666666667,2.033333333333333,1.5595583420386112,1.0,1.75,86.66666666666667,90.0,90.0,17,56.666666666666664,5,16.666666666666664,4,13.333333333333334,1,3.3333333333333335,0,0.0,3,10.0,2.3,1.5947831618540917,2.0,2.0,80.0,90.0,90.0,14,46.666666666666664,5,16.666666666666664,5,16.666666666666664,3,10.0,0,0.0,3,10.0
920,False,2.466666666666667,1.6478942792411033,2.0,2.75,73.33333333333333,86.66666666666667,90.0,12,40.0,7,23.333333333333332,3,10.0,4,13.333333333333334,1,3.3333333333333335,3,10.0,2.1,1.7578395831246945,1.0,1.75,80.0,86.66666666666667,86.66666666666667,19,63.33333333333333,3,10.0,2,6.666666666666667,2,6.666666666666667,0,0.0,4,13.333333333333334,2.2,1.7397317800933183,1.0,1.75,83.33333333333334,83.33333333333334,86.66666666666667,16,53.333333333333336,6,20.0,3,10.0,0,0.0,1,3.3333333333333335,4,13.333333333333334,2.7333333333333334,1.7876116903722563,2.0,2.75,73.33333333333333,80.0,83.33333333333334,10,33.33333333333333,7,23.333333333333332,5,16.666666666666664,2,6.666666666666667,1,3.3333333333333335,5,16.666666666666664
921,True,2.6333333333333333,1.7026123718829511,2.0,1.75,76.66666666666667,83.33333333333334,83.33333333333334,8,26.666666666666668,12,40.0,3,10.0,2,6.666666666666667,0,0.0,5,16.666666666666664,2.2,1.8690461025168248,1.0,1.0,76.66666666666667,83.33333333333334,83.33333333333334,18,60.0,5,16.666666666666664,0,0.0,2,6.666666666666667,0,0.0,5,16.666666666666664,2.2,1.7009801096230766,1.5,1.0,80.0,86.66666666666667,86.66666666666667,15,50.0,8,26.666666666666668,1,3.3333333333333335,2,6.666666666666667,0,0.0,4,13.333333333333334,3.3666666666666667,2.1052843566184167,3.5,5.0,50.0,63.33333333333333,70.0,10,33.33333333333333,4,13.333333333333334,1,3.3333333333333335,4,13.333333333333334,2,6.666666666666667,9,30.0
922,True,1.7,1.2948616399703354,1.0,1.0,90.0,90.0,96.66666666666667,19,63.33333333333333,8,26.666666666666668,0,0.0,0,0.0,2,6.666666666666667,1,3.3333333333333335,1.4666666666666666,1.024152766382481,1.0,0.75,96.66666666666667,96.66666666666667,96.66666666666667,22,73.33333333333333,5,16.666666666666664,2,6.666666666666667,0,0.0,0,0.0,1,3.3333333333333335,1.5333333333333334,1.0873004286866728,1.0,1.0,93.33333333333333,96.66666666666667,96.66666666666667,21,70.0,6,20.0,1,3.3333333333333335,1,3.3333333333333335,0,0.0,1,3.3333333333333335,2.466666666666667,1.9275776393067947,1.5,2.0,76.66666666666667,80.0,80.0,15,50.0,5,16.666666666666664,3,10.0,1,3.3333333333333335,0,0.0,6,20.0
923,True,2.566666666666667,1.856220772310114,2.0,2.75,73.33333333333333,80.0,83.33333333333334,13,43.333333333333336,6,20.0,3,10.0,2,6.666666666666667,1,3.3333333333333335,5,16.666666666666664,1.9666666666666666,1.682920741515245,1.0,1.0,86.66666666666667,86.66666666666667,86.66666666666667,19,63.33333333333333,5,16.666666666666664,2,6.666666666666667,0,0.0,0,0.0,4,13.333333333333334,2.033333333333333,1.6629959577688562,1.0,1.75,83.33333333333334,86.66666666666667,90.0,19,63.33333333333333,3,10.0,3,10.0,1,3.3333333333333335,1,3.3333333333333335,3,10.0,2.3,1.8645821694595994,1.0,1.75,80.0,80.0,83.33333333333334,16,53.333333333333336,6,20.0,2,6.666666666666667,0,0.0,1,3.3333333333333335,5,16.666666666666664
924,True,2.4,1.7048949136725893,2.0,2.0,80.0,80.0,90.0,13,43.333333333333336,7,23.333333333333332,4,13.333333333333334,0,0.0,3,10.0,3,10.0,1.9,1.5132745950421556,1.0,1.0,83.33333333333334,90.0,93.33333333333333,19,63.33333333333333,5,16.666666666666664,1,3.3333333333333335,2,6.666666666666667,1,3.3333333333333335,2,6.666666666666667,2.3333333333333335,1.7191729277636836,2.0,2.5,73.33333333333333,83.33333333333334,90.0,14,46.666666666666664,8,26.666666666666668,0,0.0,3,10.0,2,6.666666666666667,3,10.0,2.2666666666666666,1.6918103387266026,1.5,2.5,73.33333333333333,86.66666666666667,90.0,15,50.0,7,23.333333333333332,0,0.0,4,13.333333333333334,1,3.3333333333333335,3,10.0
925,True,2.2,1.7204650534085253,1.0,1.75,80.0,86.66666666666667,86.66666666666667,16,53.333333333333336,6,20.0,2,6.666666666666667,2,6.666666666666667,0,0.0,4,13.333333333333334,1.9333333333333333,1.7307673314329557,1.0,1.0,83.33333333333334,86.66666666666667,86.66666666666667,21,70.0,3,10.0,1,3.3333333333333335,1,3.3333333333333335,0,0.0,4,13.333333333333334,2.1,1.8502252115170554,1.0,1.75,83.33333333333334,83.33333333333334,83.33333333333334,20,66.66666666666666,2,6.666666666666667,3,10.0,0,0.0,0,0.0,5,16.666666666666664,2.8333333333333335,1.984663419547226,2.0,3.0,66.66666666666666,76.66666666666667,76.66666666666667,12,40.0,5,16.666666666666664,3,10.0,3,10.0,0,0.0,7,23.333333333333332
926,True,2.3,1.676305461424021,2.0,1.0,83.33333333333334,83.33333333333334,86.66666666666667,12,40.0,11,36.666666666666664,2,6.666666666666667,0,0.0,1,3.3333333333333335,4,13.333333333333334,2.033333333333333,1.601735170231195,1.0,1.0,86.66666666666667,86.66666666666667,90.0,17,56.666666666666664,6,20.0,3,10.0,0,0.0,1,3.3333333333333335,3,10.0,2.0,1.4142135623730951,1.5,1.0,90.0,90.0,93.33333333333333,15,50.0,8,26.666666666666668,4,13.333333333333334,0,0.0,1,3.3333333333333335,2,6.666666666666667,2.566666666666667,1.8199511592958264,2.0,3.0,70.0,80.0,86.66666666666667,13,43.333333333333336,6,20.0,2,6.666666666666667,3,10.0,2,6.666666666666667,4,13.333333333333334
927,False,2.4,1.685229954635272,2.0,2.0,76.66666666666667,86.66666666666667,86.66666666666667,12,40.0,9,30.0,2,6.666666666666667,3,10.0,0,0.0,4,13.333333333333334,2.1,1.7387735140993301,1.0,1.75,80.0,83.33333333333334,90.0,19,63.33333333333333,3,10.0,2,6.666666666666667,1,3.3333333333333335,2,6.666666666666667,3,10.0,2.2,1.7397317800933183,1.0,1.75,83.33333333333334,83.33333333333334,86.66666666666667,16,53.333333333333336,6,20.0,3,10.0,0,0.0,1,3.3333333333333335,4,13.333333333333334,2.7666666666666666,1.977933826552906,2.0,3.0,70.0,76.66666666666667,76.66666666666667,12,40.0,6,20.0,3,10.0,2,6.666666666666667,0,0.0,7,23.333333333333332
928,True,2.3,1.69607389776114,2.0,2.0,80.0,86.66666666666667,86.66666666666667,14,46.666666666666664,7,23.333333333333332,3,10.0,2,6.666666666666667,0,0.0,4,13.333333333333334,1.8,1.4000000000000001,1.0,1.0,86.66666666666667,93.33333333333333,93.33333333333333,19,63.33333333333333,6,20.0,1,3.3333333333333335,2,6.666666666666667,0,0.0,2,6.666666666666667,2.2666666666666666,1.8427033281447005,1.0,2.0,80.0,83.33333333333334,83.33333333333334,17,56.666666666666664,4,13.333333333333334,3,10.0,1,3.3333333333333335,0,0.0,5,16.666666666666664,2.466666666666667,1.746106780494506,2.0,3.0,70.0,86.66666666666667,86.66666666666667,13,43.333333333333336,7,23.333333333333332,1,3.3333333333333335,5,16.666666666666664,0,0.0,4,13.333333333333334
929,True,2.3333333333333335,1.5986105077709067,2.0,2.0,76.66666666666667,86.66666666666667,93.33333333333333,14,46.666666666666664,5,16.666666666666664,4,13.333333333333334,3,10.0,2,6.666666666666667,2,6.666666666666667,1.9666666666666666,1.7792008193443358,1.0,1.0,83.33333333333334,83.33333333333334,86.66666666666667,21,70.0,3,10.0,1,3.3333333333333335,0,0.0,1,3.3333333333333335,4,13.333333333333334,2.3,1.9000000000000001,1.0,1.75,76.66666666666667,80.0,83.33333333333334,17,56.666666666666664,5,16.666666666666664,1,3.3333333333333335,1,3.3333333333333335,1,3.3333333333333335,5,16.666666666666664,2.9,2.211334438749599,1.5,5.0,66.66666666666666,66.66666666666666,70.0,15,50.0,2,6.666666666666667,3,10.0,0,0.0,1,3.3333333333333335,9,30.0
930,True,2.1,1.5132745950421556,1.5,1.0,80.0,90.0,93.33333333333333,15,50.0,8,26.666666666666668,1,3.3333333333333335,3,10.0,1,3.3333333333333335,2,6.666666666666667,1.7666666666666666,1.4302291968616625,1.0,1.0,90.0,90.0,93.33333333333333,20,66.66666666666666,5,16.666666666666664,2,6.666666666666667,0,0.0,1,3.3333333333333335,2,6.666666666666667,1.9,1.5567059238447487,1.0,1.0,83.33333333333334,86.66666666666667,93.33333333333333,19,63.33333333333333,6,20.0,0,0.0,1,3.3333333333333335,2,6.666666666666667,2,6.666666666666667,2.3666666666666667,1.6629959577688562,2.0,2.0,80.0,86.66666666666667,86.66666666666667,12,40.0,9,30.0,3,10.0,2,6.666666666666667,0,0.0,4,13.333333333333334
931,True,2.1,1.3988090172238192,2.0,1.75,83.33333333333334,90.0,96.66666666666667,14,46.666666666666664,8,26.666666666666668,3,10.0,2,6.666666666666667,2,6.666666666666667,1,3.3333333333333335,1.8,1.446835627614047,1.0,1.0,90.0,90.0,93.33333333333333,20,66.66666666666666,4,13.333333333333334,3,10.0,0,0.0,1,3.3333333333333335,2,6.666666666666667,2.033333333333333,1.6428295373802142,1.0,2.0,86.66666666666667,86.66666666666667,90.0,19,63.33333333333333,2,6.666666666666667,5,16.666666666666664,0,0.0,1,3.3333333333333335,3,10.0,2.466666666666667,1.746106780494506,2.0,2.0,76.66666666666667,83.33333333333334,86.66666666666667,13,43.333333333333336,6,20.0,4,13.333333333333334,2,6.666666666666667,1,3.3333333333333335,4,13.333333333333334
932,True,2.2333333333333334,1.5638272140986533,2.0,2.0,83.33333333333334,90.0,90.0,14,46.666666666666664,6,20.0,5,16.666666666666664,2,6.666666666666667,0,0.0,3,10.0,1.8,1.446835627614047,1.0,1.0,86.66666666666667,93.33333333333333,93.33333333333333,21,70.0,2,6.666666666666667,3,10.0,2,6.666666666666667,0,0.0,2,6.666666666666667,1.9333333333333333,1.4590712418826193,1.0,2.0,86.66666666666667,93.33333333333333,93.33333333333333,19,63.33333333333333,2,6.666666666666667,5,16.666666666666664,2,6.666666666666667,0,0.0,2,6.666666666666667,2.5,1.8393839548428526,2.0,2.0,80.0,80.0,83.33333333333334,14,46.666666666666664,4,13.333333333333334,6,20.0,0,0.0,1,3.3333333333333335,5,16.666666666666664
933,True,2.2333333333333334,1.6265163865007803,2.0,1.75,80.0,86.66666666666667,90.0,14,46.666666666666664,8,26.666666666666668,2,6.666666666666667,2,6.666666666666667,1,3.3333333333333335,3,10.0,1.7666666666666666,1.2297244497131146,1.0,1.0,90.0,96.66666666666667,96.66666666666667,19,63.33333333333333,4,13.333333333333334,4,13.333333333333334,2,6.666666666666667,0,0.0,1,3.3333333333333335,2.1666666666666665,1.5293426329272617,2.0,2.0,86.66666666666667,90.0,90.0,14,46.666666666666664,7,23.333333333333332,5,16.666666666666664,1,3.3333333333333335,0,0.0,3,10.0,2.066666666666667,1.6110727964792766,1.0,1.75,86.66666666666667,86.66666666666667,90.0,17,56.666666666666664,5,16.666666666666664,4,13.333333333333334,0,0.0,1,3.3333333333333335,3,10.0
934,True,1.9,1.5132745950421556,1.0,1.0,90.0,90.0,90.0,18,60.0,6,20.0,3,10.0,0,0.0,0,0.0,3,10.0,1.6666666666666667,1.247219128924647,1.0,1.0,90.0,93.33333333333333,96.66666666666667,20,66.66666666666666,6,20.0,1,3.3333333333333335,1,3.3333333333333335,1,3.3333333333333335,1,3.3333333333333335,1.8666666666666667,1.4544949486180951,1.0,1.0,83.33333333333334,93.33333333333333,93.33333333333333,19,63.33333333333333,5,16.666666666666664,1,3.3333333333333335,3,10.0,0,0.0,2,6.666666666666667,2.066666666666667,1.7113996870657915,1.0,1.0,83.33333333333334,86.66666666666667,86.66666666666667,18,60.0,5,16.666666666666664,2,6.666666666666667,1,3.3333333333333335,0,0.0,4,13.333333333333334
935,True,2.533333333333333,1.5434449203720302,2.0,1.75,80.0,80.0,93.33333333333333,8,26.666666666666668,12,40.0,4,13.333333333333334,0,0.0,4,13.333333333333334,2,6.666666666666667,2.1333333333333333,1.839081896551163,1.0,1.0,80.0,80.0,86.66666666666667,19,63.33333333333333,4,13.333333333333334,1,3.3333333333333335,0,0.0,2,6.666666666666667,4,13.333333333333334,2.566666666666667,1.9947152400502908,1.5,3.0,70.0,76.66666666666667,80.0,15,50.0,5,16.666666666666664,1,3.3333333333333335,2,6.666666666666667,1,3.3333333333333335,6,20.0,2.7333333333333334,1.896195020443719,2.0,2.75,73.33333333333333,76.66666666666667,80.0,11,36.666666666666664,7,23.333333333333332,4,13.333333333333334,1,3.3333333333333335,1,3.3333333333333335,6,20.0
936,True,2.2333333333333334,1.6058919293927874,2.0,1.0,86.66666666666667,86.66666666666667,86.66666666666667,12,40.0,11,36.666666666666664,3,10.0,0,0.0,0,0.0,4,13.333333333333334,1.9,1.6196707484341788,1.0,1.0,86.66666666666667,86.66666666666667,90.0,20,66.66666666666666,4,13.333333333333334,2,6.666666666666667,0,0.0,1,3.3333333333333335,3,10.0,2.3,1.9,1.0,2.75,73.33333333333333,83.33333333333334,83.33333333333334,18,60.0,3,10.0,1,3.3333333333333335,3,10.0,0,0.0,5,16.666666666666664,2.2666666666666666,1.7113996870657915,1.0,2.0,80.0,83.33333333333334,90.0,16,53.333333333333336,4,13.333333333333334,4,13.333333333333334,1,3.3333333333333335,2,6.666666666666667,3,10.0
937,True,1.8333333333333333,1.3186693629901656,1.0,1.0,93.33333333333333,93.33333333333333,93.33333333333333,17,56.666666666666664,7,23.333333333333332,4,13.333333333333334,0,0.0,0,0.0,2,6.666666666666667,1.7333333333333334,1.339983416149452,1.0,1.0,93.33333333333333,93.33333333333333,93.33333333333333,20,66.66666666666666,4,13.333333333333334,4,13.333333333333334,0,0.0,0,0.0,2,6.666666666666667,1.9333333333333333,1.590248058916875,1.0,1.75,86.66666666666667,90.0,90.0,20,66.66666666666666,2,6.666666666666667,4,13.333333333333334,1,3.3333333333333335,0,0.0,3,10.0,2.933333333333333,2.0805982045769644,2.0,4.5,63.33333333333333,73.33333333333333,73.33333333333333,13,43.333333333333336,3,10.0,3,10.0,3,10.0,0,0.0,8,26.666666666666668
938,True,1.9666666666666666,1.4487542541400484,1.0,1.0,86.66666666666667,90.0,93.33333333333333,16,53.333333333333336,8,26.666666666666668,2,6.666666666666667,1,3.3333333333333335,1,3.3333333333333335,2,6.666666666666667,1.8,1.4236104336041748,1.0,1.0,90.0,90.0,93.33333333333333,19,63.33333333333333,6,20.0,2,6.666666666666667,0,0.0,1,3.3333333333333335,2,6.666666666666667,2.066666666666667,1.6519348924485158,1.0,1.0,86.66666666666667,86.66666666666667,86.66666666666667,16,53.333333333333336,8,26.666666666666668,2,6.666666666666667,0,0.0,0,0.0,4,13.333333333333334,2.3,1.6360521589077368,2.0,2.0,80.0,86.66666666666667,90.0,14,46.666666666666664,6,20.0,4,13.333333333333334,2,6.666666666666667,1,3.3333333333333335,3,10.0
939,False,2.1333333333333333,1.5434449203720302,2.0,1.0,86.66666666666667,86.66666666666667,90.0,13,43.333333333333336,11,36.666666666666664,2,6.666666666666667,0,0.0,1,3.3333333333333335,3,10.0,1.7666666666666666,1.382831234179436,1.0,1.0,90.0,93.33333333333333,93.33333333333333,20,66.66666666666666,4,13.333333333333334,3,10.0,1,3.3333333333333335,0,0.0,2,6.666666666666667,2.1666666666666665,1.827262676488766,1.0,1.75,83.33333333333334,83.33333333333334,83.33333333333334,18,60.0,4,13.333333333333334,3,10.0,0,0.0,0,0.0,5,16.666666666666664,2.7,1.69607389776114,2.5,2.75,73.33333333333333,80.0,90.0,11,36.666666666666664,4,13.333333333333334,7,23.333333333333332,2,6.666666666666667,3,10.0,3,10.0
940,True,2.2,1.4236104336041748,2.0,2.0,83.33333333333334,93.33333333333333,93.33333333333333,13,43.333333333333336,7,23.333333333333332,5,16.666666666666664,3,10.0,0,0.0,2,6.666666666666667,2.1666666666666665,1.6346933113652304,1.5,1.0,80.0,86.66666666666667,90.0,15,50.0,8,26.666666666666668,1,3.3333333333333335,2,6.666666666666667,1,3.3333333333333335,3,10.0,2.433333333333333,1.8199511592958264,2.0,2.0,80.0,80.0,83.33333333333334,13,43.333333333333336,8,26.666666666666668,3,10.0,0,0.0,1,3.3333333333333335,5,16.666666666666664,2.6,1.540562667772179,2.0,2.0,76.66666666666667,83.33333333333334,93.33333333333333,9,30.0,8,26.666666666666668,6,20.0,2,6.666666666666667,3,10.0,2,6.666666666666667
941,False,2.566666666666667,1.856220772310114,2.0,2.0,76.66666666666667,76.66666666666667,83.33333333333334,12,40.0,8,26.666666666666668,3,10.0,0,0.0,2,6.666666666666667,5,16.666666666666664,2.0,1.5491933384829668,1.0,1.0,83.33333333333334,86.66666666666667,93.33333333333333,17,56.666666666666664,7,23.333333333333332,1,3.3333333333333335,1,3.3333333333333335,2,6.666666666666667,2,6.666666666666667,2.1333333333333333,1.6069294390925266,1.5,1.0,83.33333333333334,86.66666666666667,90.0,15,50.0,8,26.666666666666668,2,6.666666666666667,1,3.3333333333333335,1,3.3333333333333335,3,10.0,2.4,1.7243356208503413,2.0,2.75,73.33333333333333,83.33333333333334,90.0,14,46.666666666666664,6,20.0,2,6.666666666666667,3,10.0,2,6.666666666666667,3,10.0
942,True,2.3666666666666667,1.601735170231195,2.0,1.75,83.33333333333334,86.66666666666667,86.66666666666667,10,33.33333333333333,12,40.0,3,10.0,1,3.3333333333333335,0,0.0,4,13.333333333333334,2.0,1.6532795690182993,1.0,1.0,83.33333333333334,86.66666666666667,90.0,19,63.33333333333333,4,13.333333333333334,2,6.666666666666667,1,3.3333333333333335,1,3.3333333333333335,3,10.0,2.1,1.619670748434179,1.0,1.0,83.33333333333334,86.66666666666667,90.0,16,53.333333333333336,7,23.333333333333332,2,6.666666666666667,1,3.3333333333333335,1,3.3333333333333335,3,10.0,2.6,1.7048949136725895,2.0,2.75,73.33333333333333,83.33333333333334,86.66666666666667,10,33.33333333333333,9,30.0,3,10.0,3,10.0,1,3.3333333333333335,4,13.333333333333334
943,False,2.6333333333333333,1.6017351702311953,2.0,1.75,76.66666666666667,86.66666666666667,86.66666666666667,8,26.666666666666668,10,33.33333333333333,5,16.666666666666664,3,10.0,0,0.0,4,13.333333333333334,2.0,1.5491933384829668,1.0,1.0,86.66666666666667,90.0,90.0,17,56.666666666666664,6,20.0,3,10.0,1,3.3333333333333335,0,0.0,3,10.0,2.3,1.7156145643277025,1.5,2.0,80.0,86.66666666666667,86.66666666666667,15,50.0,5,16.666666666666664,4,13.333333333333334,2,6.666666666666667,0,0.0,4,13.333333333333334,2.8666666666666667,1.892675942210452,2.0,3.0,66.66666666666666,76.66666666666667,80.0,10,33.33333333333333,7,23.333333333333332,3,10.0,3,10.0,1,3.3333333333333335,6,20.0
944,True,2.2,1.5577761927397231,2.0,2.0,83.33333333333334,90.0,90.0,14,46.666666666666664,7,23.333333333333332,4,13.333333333333334,2,6.666666666666667,0,0.0,3,10.0,1.8333333333333333,1.4395215254459457,1.0,1.0,86.66666666666667,93.33333333333333,93.33333333333333,20,66.66666666666666,3,10.0,3,10.0,2,6.666666666666667,0,0.0,2,6.666666666666667,2.3333333333333335,1.8499249234015476,1.0,2.0,80.0,83.33333333333334,83.33333333333334,17,56.666666666666664,2,6.666666666666667,5,16.666666666666664,1,3.3333333333333335,0,0.0,5,16.666666666666664,2.6,2.0264912204760885,1.0,3.5,73.33333333333333,73.33333333333333,80.0,16,53.333333333333336,2,6.666666666666667,4,13.333333333333334,0,0.0,2,6.666666666666667,6,20.0
945,True,2.8333333333333335,1.7143187827498387,2.0,2.75,66.66666666666666,80.0,86.66666666666667,8,26.666666666666668,9,30.0,3,10.0,4,13.333333333333334,2,6.666666666666667,4,13.333333333333334,2.2,1.7776388834631176,1.0,1.75,80.0,83.33333333333334,86.66666666666667,17,56.666666666666664,5,16.666666666666664,2,6.666666666666667,1,3.3333333333333335,1,3.3333333333333335,4,13.333333333333334,2.533333333333333,1.7838784213679537,2.0,2.75,73.33333333333333,80.0,86.66666666666667,12,40.0,8,26.666666666666668,2,6.666666666666667,2,6.666666666666667,2,6.666666666666667,4,13.333333333333334,2.3333333333333335,1.6599866130651644,2.0,1.75,80.0,86.66666666666667,86.66666666666667,12,40.0,10,33.33333333333333,2,6.666666666666667,2,6.666666666666667,0,0.0,4,13.333333333333334
946,True,2.3333333333333335,1.5347819244295116,2.0,2.0,80.0,86.66666666666667,93.33333333333333,12,40.0,8,26.666666666666668,4,13.333333333333334,2,6.666666666666667,2,6.666666666666667,2,6.666666666666667,1.9333333333333333,1.4817407180595246,1.0,1.0,86.66666666666667,90.0,93.33333333333333,18,60.0,5,16.666666666666664,3,10.0,1,3.3333333333333335,1,3.3333333333333335,2,6.666666666666667,2.2,1.6812693617224657,1.0,2.0,83.33333333333334,83.33333333333334,90.0,16,53.333333333333336,5,16.666666666666664,4,13.333333333333334,0,0.0,2,6.666666666666667,3,10.0,2.8,1.9043809142780932,2.0,3.75,70.0,73.33333333333333,83.33333333333334,12,40.0,4,13.333333333333334,5,16.666666666666664,1,3.3333333333333335,3,10.0,5,16.666666666666664
947,True,2.7333333333333334,1.6719914938645934,2.0,1.75,76.66666666666667,80.0,86.66666666666667,8,26.666666666666668,9,30.0,6,20.0,1,3.3333333333333335,2,6.666666666666667,4,13.333333333333334,2.1,1.556705923844749,1.0,2.0,86.66666666666667,90.0,90.0,16,53.333333333333336,5,16.666666666666664,5,16.666666666666664,1,3.3333333333333335,0,0.0,3,10.0,2.3,1.6563010998406458,1.5,2.0,80.0,86.66666666666667,90.0,15,50.0,4,13.333333333333334,5,16.666666666666664,2,6.666666666666667,1,3.3333333333333335,3,10.0,2.6,1.7625738755203049,2.0,2.75,73.33333333333333,80.0,86.66666666666667,11,36.666666666666664,8,26.666666666666668,3,10.0,2,6.666666666666667,2,6.666666666666667,4,13.333333333333334
948,True,1.7333333333333334,1.030641655582687,1.0,1.0,90.0,100.0,100.0,18,60.0,5,16.666666666666664,4,13.333333333333334,3,10.0,0,0.0,0,0.0,1.7,1.268857754044952,1.0,1.0,86.66666666666667,96.66666666666667,96.66666666666667,21,70.0,3,10.0,2,6.666666666666667,3,10.0,0,0.0,1,3.3333333333333335,1.9333333333333333,1.6316317667360556,1.0,1.0,80.0,86.66666666666667,93.33333333333333,21,70.0,2,6.666666666666667,1,3.3333333333333335,2,6.666666666666667,2,6.666666666666667,2,6.666666666666667,2.1333333333333333,1.5434449203720302,1.0,2.0,76.66666666666667,93.33333333333333,93.33333333333333,17,56.666666666666664,3,10.0,3,10.0,5,16.666666666666664,0,0.0,2,6.666666666666667
949,True,2.3333333333333335,1.8135294011647256,1.5,2.0,80.0,83.33333333333334,83.33333333333334,15,50.0,6,20.0,3,10.0,1,3.3333333333333335,0,0.0,5,16.666666666666664,1.9,1.5567059238447487,1.0,1.0,86.66666666666667,90.0,90.0,19,63.33333333333333,5,16.666666666666664,2,6.666666666666667,1,3.3333333333333335,0,0.0,3,10.0,2.033333333333333,1.7026123718829513,1.0,1.0,83.33333333333334,86.66666666666667,86.66666666666667,18,60.0,6,20.0,1,3.3333333333333335,1,3.3333333333333335,0,0.0,4,13.333333333333334,2.1666666666666665,1.3924399049470282,1.5,2.0,83.33333333333334,93.33333333333333,96.66666666666667,15,50.0,3,10.0,7,23.333333333333332,3,10.0,1,3.3333333333333335,1,3.3333333333333335
950,True,2.6,1.4047538337136984,2.0,1.0,76.66666666666667,90.0,93.33333333333333,7,23.333333333333332,10,33.33333333333333,6,20.0,4,13.333333333333334,1,3.3333333333333335,2,6.666666666666667,1.8666666666666667,1.2036980056845192,1.0,1.0,90.0,96.66666666666667,96.66666666666667,16,53.333333333333336,7,23.333333333333332,4,13.333333333333334,2,6.666666666666667,0,0.0,1,3.3333333333333335,1.9333333333333333,1.2892719737209144,1.5,1.0,86.66666666666667,93.33333333333333,96.66666666666667,15,50.0,9,30.0,2,6.666666666666667,2,6.666666666666667,1,3.3333333333333335,1,3.3333333333333335,2.533333333333333,1.7650936393164969,2.0,2.75,73.33333333333333,83.33333333333334,86.66666666666667,13,43.333333333333336,5,16.666666666666664,4,13.333333333333334,3,10.0,1,3.3333333333333335,4,13.333333333333334
951,True,2.3333333333333335,1.5347819244295118,2.0,2.0,86.66666666666667,86.66666666666667,90.0,11,36.666666666666664,9,30.0,6,20.0,0,0.0,1,3.3333333333333335,3,10.0,2.0,1.505545305418162,1.0,1.0,90.0,90.0,90.0,16,53.333333333333336,7,23.333333333333332,4,13.333333333333334,0,0.0,0,0.0,3,10.0,2.3,1.7156145643277028,2.0,2.0,83.33333333333334,83.33333333333334,86.66666666666667,14,46.666666666666664,7,23.333333333333332,4,13.333333333333334,0,0.0,1,3.3333333333333335,4,13.333333333333334,2.1666666666666665,1.3437096247164249,2.0,2.0,86.66666666666667,90.0,96.66666666666667,12,40.0,9,30.0,5,16.666666666666664,1,3.3333333333333335,2,6.666666666666667,1,3.3333333333333335
952,True,2.4,1.8,2.0,1.75,76.66666666666667,83.33333333333334,83.33333333333334,13,43.333333333333336,9,30.0,1,3.3333333333333335,2,6.666666666666667,0,0.0,5,16.666666666666664,1.7666666666666666,1.5638272140986533,1.0,0.75,86.66666666666667,90.0,90.0,22,73.33333333333333,3,10.0,1,3.3333333333333335,1,3.3333333333333335,0,0.0,3,10.0,2.1666666666666665,1.8454147380888546,1.0,1.0,80.0,83.33333333333334,83.33333333333334,18,60.0,5,16.666666666666664,1,3.3333333333333335,1,3.3333333333333335,0,0.0,5,16.666666666666664,2.6333333333333333,2.008039397577204,2.0,2.75,73.33333333333333,76.66666666666667,76.66666666666667,14,46.666666666666664,5,16.666666666666664,3,10.0,1,3.3333333333333335,0,0.0,7,23.333333333333332
953,False,2.2,1.6411378166788229,1.5,1.75,80.0,86.66666666666667,90.0,15,50.0,7,23.333333333333332,2,6.666666666666667,2,6.666666666666667,1,3.3333333333333335,3,10.0,1.8333333333333333,1.5723301886761007,1.0,1.0,86.66666666666667,90.0,90.0,21,70.0,3,10.0,2,6.666666666666667,1,3.3333333333333335,0,0.0,3,10.0,2.1666666666666665,1.9163043135739746,1.0,1.75,80.0,80.0,83.33333333333334,20,66.66666666666666,2,6.666666666666667,2,6.666666666666667,0,0.0,1,3.3333333333333335,5,16.666666666666664,2.6333333333333333,2.183015244004392,1.0,4.75,70.0,70.0,73.33333333333333,17,56.666666666666664,3,10.0,1,3.3333333333333335,0,0.0,1,3.3333333333333335,8,26.666666666666668
954,True,2.1,1.468559384794046,2.0,1.0,90.0,90.0,90.0,13,43.333333333333336,10,33.33333333333333,4,13.333333333333334,0,0.0,0,0.0,3,10.0,1.7,1.242309676905615,1.0,1.0,90.0,93.33333333333333,96.66666666666667,19,63.33333333333333,7,23.333333333333332,1,3.3333333333333335,1,3.3333333333333335,1,3.3333333333333335,1,3.3333333333333335,1.8,1.3012814197295424,1.0,1.0,86.66666666666667,93.33333333333333,96.66666666666667,18,60.0,7,23.333333333333332,1,3.3333333333333335,2,6.666666666666667,1,3.3333333333333335,1,3.3333333333333335,2.3,1.6360521589077368,2.0,2.0,80.0,86.66666666666667,90.0,14,46.666666666666664,6,20.0,4,13.333333333333334,2,6.666666666666667,1,3.3333333333333335,3,10.0
955,True,1.9333333333333333,1.18133634311129,2.0,1.0,90.0,96.66666666666667,96.66666666666667,14,46.666666666666664,9,30.0,4,13.333333333333334,2,6.666666666666667,0,0.0,1,3.3333333333333335,1.8333333333333333,1.3186693629901654,1.0,1.0,86.66666666666667,93.33333333333333,96.66666666666667,18,60.0,6,20.0,2,6.666666666666667,2,6.666666666666667,1,3.3333333333333335,1,3.3333333333333335,1.9666666666666666,1.4255603186895396,1.0,1.0,90.0,90.0,93.33333333333333,16,53.333333333333336,7,23.333333333333332,4,13.333333333333334,0,0.0,1,3.3333333333333335,2,6.666666666666667,2.7333333333333334,1.9136933459209768,2.0,2.75,73.33333333333333,76.66666666666667,80.0,12,40.0,5,16.666666666666664,5,16.666666666666664,1,3.3333333333333335,1,3.3333333333333335,6,20.0
956,True,2.6,1.7813852287849852,2.0,2.0,80.0,80.0,83.33333333333334,11,36.666666666666664,7,23.333333333333332,6,20.0,0,0.0,1,3.3333333333333335,5,16.666666666666664,2.033333333333333,1.559558342038611,1.0,1.75,86.66666666666667,90.0,90.0,17,56.666666666666664,5,16.666666666666664,4,13.333333333333334,1,3.3333333333333335,0,0.0,3,10.0,2.2666666666666666,1.7499206331208919,1.5,1.75,80.0,83.33333333333334,86.66666666666667,15,50.0,7,23.333333333333332,2,6.666666666666667,1,3.3333333333333335,1,3.3333333333333335,4,13.333333333333334,2.2666666666666666,1.6719914938645934,2.0,2.0,83.33333333333334,86.66666666666667,86.66666666666667,14,46.666666666666664,7,23.333333333333332,4,13.333333333333334,1,3.3333333333333335,0,0.0,4,13.333333333333334
957,True,2.1,1.4224392195567914,2.0,1.75,83.33333333333334,93.33333333333333,93.33333333333333,14,46.666666666666664,8,26.666666666666668,3,10.0,3,10.0,0,0.0,2,6.666666666666667,1.9333333333333333,1.569146972791976,1.0,1.0,83.33333333333334,86.66666666666667,93.33333333333333,19,63.33333333333333,5,16.666666666666664,1,3.3333333333333335,1,3.3333333333333335,2,6.666666666666667,2,6.666666666666667,2.3333333333333335,1.8318175552045448,1.0,2.75,73.33333333333333,83.33333333333334,86.66666666666667,17,56.666666666666664,3,10.0,2,6.666666666666667,3,10.0,1,3.3333333333333335,4,13.333333333333334,2.7333333333333334,1.8427033281447005,2.0,3.0,63.33333333333333,83.33333333333334,83.33333333333334,12,40.0,5,16.666666666666664,2,6.666666666666667,6,20.0,0,0.0,5,16.666666666666664
958,True,2.2333333333333334,1.764149149653232,1.0,1.75,80.0,83.33333333333334,86.66666666666667,16,53.333333333333336,6,20.0,2,6.666666666666667,1,3.3333333333333335,1,3.3333333333333335,4,13.333333333333334,1.6666666666666667,1.3498971154211057,1.0,0.75,90.0,90.0,96.66666666666667,22,73.33333333333333,3,10.0,2,6.666666666666667,0,0.0,2,6.666666666666667,1,3.3333333333333335,1.9,1.6603212540549697,1.0,1.0,83.33333333333334,86.66666666666667,90.0,21,70.0,3,10.0,1,3.3333333333333335,1,3.3333333333333335,1,3.3333333333333335,3,10.0,2.3333333333333335,1.9550504398153572,1.0,2.0,76.66666666666667,76.66666666666667,83.33333333333334,18,60.0,3,10.0,2,6.666666666666667,0,0.0,2,6.666666666666667,5,16.666666666666664
959,False,2.7,2.0190756961210408,2.0,3.5,73.33333333333333,73.33333333333333,76.66666666666667,13,43.333333333333336,6,20.0,3,10.0,0,0.0,1,3.3333333333333335,7,23.333333333333332,1.9666666666666666,1.7220788470785986,1.0,1.0,83.33333333333334,86.66666666666667,86.66666666666667,20,66.66666666666666,4,13.333333333333334,1,3.3333333333333335,1,3.3333333333333335,0,0.0,4,13.333333333333334,2.3666666666666667,1.9745604292826515,1.0,2.5,73.33333333333333,80.0,80.0,17,56.666666666666664,5,16.666666666666664,0,0.0,2,6.666666666666667,0,0.0,6,20.0,2.2333333333333334,1.8381754238616317,1.0,1.0,76.66666666666667,80.0,86.66666666666667,17,56.666666666666664,6,20.0,0,0.0,1,3.3333333333333335,2,6.666666666666667,4,13.333333333333334
960,True,2.0,1.2909944487358056,2.0,1.0,90.0,93.33333333333333,93.33333333333333,12,40.0,13,43.333333333333336,2,6.666666666666667,1,3.3333333333333335,0,0.0,2,6.666666666666667,1.8666666666666667,1.54344492037203,1.0,1.0,90.0,90.0,90.0,20,66.66666666666666,3,10.0,4,13.333333333333334,0,0.0,0,0.0,3,10.0,1.9666666666666666,1.53803626600791,1.0,1.75,90.0,90.0,90.0,18,60.0,4,13.333333333333334,5,16.666666666666664,0,0.0,0,0.0,3,10.0,2.466666666666667,1.687865186822955,2.0,2.0,76.66666666666667,83.33333333333334,90.0,13,43.333333333333336,5,16.666666666666664,5,16.666666666666664,2,6.666666666666667,2,6.666666666666667,3,10.0
961,True,2.5,1.6072751268321592,2.0,2.0,80.0,86.66666666666667,86.66666666666667,9,30.0,11,36.666666666666664,4,13.333333333333334,2,6.666666666666667,0,0.0,4,13.333333333333334,2.0,1.5491933384829668,1.0,1.0,86.66666666666667,90.0,90.0,17,56.666666666666664,6,20.0,3,10.0,1,3.3333333333333335,0,0.0,3,10.0,2.0,1.4832396974191326,1.0,1.0,83.33333333333334,90.0,93.33333333333333,16,53.333333333333336,8,26.666666666666668,1,3.3333333333333335,2,6.666666666666667,1,3.3333333333333335,2,6.666666666666667,2.433333333333333,1.8199511592958264,2.0,2.75,73.33333333333333,80.0,86.66666666666667,14,46.666666666666664,7,23.333333333333332,1,3.3333333333333335,2,6.666666666666667,2,6.666666666666667,4,13.333333333333334
962,True,1.7,1.1590225767142475,1.0,1.0,93.33333333333333,93.33333333333333,96.66666666666667,17,56.666666666666664,10,33.33333333333333,1,3.3333333333333335,0,0.0,1,3.3333333333333335,1,3.3333333333333335,1.7333333333333334,1.5040685563571303,1.0,1.0,90.0,90.0,90.0,21,70.0,5,16.666666666666664,1,3.3333333333333335,0,0.0,0,0.0,3,10.0,1.5666666666666667,1.0225241100118647,1.0,1.0,96.66666666666667,96.66666666666667,96.66666666666667,19,63.33333333333333,8,26.666666666666668,2,6.666666666666667,0,0.0,0,0.0,1,3.3333333333333335,2.1666666666666665,1.5933891203622825,1.5,1.75,80.0,90.0,90.0,15,50.0,7,23.333333333333332,2,6.666666666666667,3,10.0,0,0.0,3,10.0
963,True,2.2333333333333334,1.256538454998051,2.0,2.0,83.33333333333334,90.0,100.0,10,33.33333333333333,11,36.666666666666664,4,13.333333333333334,2,6.666666666666667,3,10.0,0,0.0,2.033333333333333,1.682920741515245,1.0,1.0,86.66666666666667,86.66666666666667,86.66666666666667,18,60.0,5,16.666666666666664,3,10.0,0,0.0,0,0.0,4,13.333333333333334,2.0,1.390443574307614,1.0,1.75,86.66666666666667,90.0,96.66666666666667,16,53.333333333333336,6,20.0,4,13.333333333333334,1,3.3333333333333335,2,6.666666666666667,1,3.3333333333333335,2.3,1.7156145643277028,2.0,2.0,83.33333333333334,83.33333333333334,86.66666666666667,14,46.666666666666664,7,23.333333333333332,4,13.333333333333334,0,0.0,1,3.3333333333333335,4,13.333333333333334
964,True,2.2333333333333334,1.6468825769380833,2.0,1.75,83.33333333333334,83.33333333333334,90.0,14,46.666666666666664,8,26.666666666666668,3,10.0,0,0.0,2,6.666666666666667,3,10.0,1.9333333333333333,1.6110727964792761,1.0,1.0,83.33333333333334,83.33333333333334,93.33333333333333,19,63.33333333333333,6,20.0,0,0.0,0,0.0,3,10.0,2,6.666666666666667,2.566666666666667,2.0604745947367453,1.0,3.0,70.0,76.66666666666667,76.66666666666667,16,53.333333333333336,4,13.333333333333334,1,3.3333333333333335,2,6.666666666666667,0,0.0,7,23.333333333333332,2.6333333333333333,1.8162843634433703,2.0,3.0,70.0,80.0,86.66666666666667,13,43.333333333333336,4,13.333333333333334,4,13.333333333333334,3,10.0,2,6.666666666666667,4,13.333333333333334
965,True,1.9666666666666666,1.3780017739062924,1.0,1.0,80.0,90.0,100.0,17,56.666666666666664,6,20.0,1,3.3333333333333335,3,10.0,3,10.0,0,0.0,1.9333333333333333,1.6110727964792761,1.0,1.0,80.0,86.66666666666667,93.33333333333333,20,66.66666666666666,4,13.333333333333334,0,0.0,2,6.666666666666667,2,6.666666666666667,2,6.666666666666667,2.2333333333333334,1.8199511592958266,1.0,2.0,76.66666666666667,83.33333333333334,86.66666666666667,18,60.0,3,10.0,2,6.666666666666667,2,6.666666666666667,1,3.3333333333333335,4,13.333333333333334,2.066666666666667,1.5477582354991866,1.0,1.75,80.0,90.0,93.33333333333333,17,56.666666666666664,5,16.666666666666664,2,6.666666666666667,3,10.0,1,3.3333333333333335,2,6.666666666666667
966,True,2.3,1.6155494421403511,2.0,2.0,86.66666666666667,86.66666666666667,86.66666666666667,12,40.0,9,30.0,5,16.666666666666664,0,0.0,0,0.0,4,13.333333333333334,1.9666666666666666,1.4940623220676648,1.0,1.0,90.0,90.0,90.0,16,53.333333333333336,8,26.666666666666668,3,10.0,0,0.0,0,0.0,3,10.0,2.3,1.7729448195962934,2.0,1.0,80.0,80.0,86.66666666666667,14,46.666666666666664,9,30.0,1,3.3333333333333335,0,0.0,2,6.666666666666667,4,13.333333333333334,2.7333333333333334,1.9821424996424675,2.0,3.0,70.0,76.66666666666667,76.66666666666667,12,40.0,7,23.333333333333332,2,6.666666666666667,2,6.666666666666667,0,0.0,7,23.333333333333332
967,True,2.2333333333333334,1.7641491496532322,2.0,1.0,83.33333333333334,83.33333333333334,83.33333333333334,14,46.666666666666664,10,33.33333333333333,1,3.3333333333333335,0,0.0,0,0.0,5,16.666666666666664,1.7666666666666666,1.4302291968616625,1.0,1.0,90.0,90.0,93.33333333333333,20,66.66666666666666,5,16.666666666666664,2,6.666666666666667,0,0.0,1,3.3333333333333335,2,6.666666666666667,1.9,1.4224392195567912,1.0,1.0,86.66666666666667,93.33333333333333,93.33333333333333,18,60.0,5,16.666666666666664,3,10.0,2,6.666666666666667,0,0.0,2,6.666666666666667,2.066666666666667,1.4360439485692011,1.0,1.75,76.66666666666667,93.33333333333333,96.66666666666667,16,53.333333333333336,6,20.0,1,3.3333333333333335,5,16.666666666666664,1,3.3333333333333335,1,3.3333333333333335
968,True,2.1333333333333333,1.359738536958076,2.0,1.75,86.66666666666667,93.33333333333333,93.33333333333333,12,40.0,10,33.33333333333333,4,13.333333333333334,2,6.666666666666667,0,0.0,2,6.666666666666667,2.033333333333333,1.53803626600791,1.0,1.0,86.66666666666667,90.0,90.0,16,53.333333333333336,7,23.333333333333332,3,10.0,1,3.3333333333333335,0,0.0,3,10.0,2.2333333333333334,1.6265163865007803,2.0,1.0,83.33333333333334,83.33333333333334,90.0,13,43.333333333333336,10,33.33333333333333,2,6.666666666666667,0,0.0,2,6.666666666666667,3,10.0,2.433333333333333,1.7829438827088442,2.0,2.75,73.33333333333333,83.33333333333334,86.66666666666667,14,46.666666666666664,6,20.0,2,6.666666666666667,3,10.0,1,3.3333333333333335,4,13.333333333333334
969,True,2.2666666666666666,1.7499206331208916,2.0,1.0,83.33333333333334,83.33333333333334,83.33333333333334,13,43.333333333333336,11,36.666666666666664,1,3.3333333333333335,0,0.0,0,0.0,5,16.666666666666664,1.7,1.345362404707371,1.0,1.0,90.0,93.33333333333333,93.33333333333333,20,66.66666666666666,6,20.0,1,3.3333333333333335,1,3.3333333333333335,0,0.0,2,6.666666666666667,1.8666666666666667,1.4544949486180951,1.0,1.0,90.0,90.0,93.33333333333333,19,63.33333333333333,4,13.333333333333334,4,13.333333333333334,0,0.0,1,3.3333333333333335,2,6.666666666666667,2.5,1.746424919657298,2.0,2.0,76.66666666666667,83.33333333333334,86.66666666666667,13,43.333333333333336,5,16.666666666666664,5,16.666666666666664,2,6.666666666666667,1,3.3333333333333335,4,13.333333333333334
970,False,2.3333333333333335,1.7575235101952091,2.0,1.75,83.33333333333334,83.33333333333334,83.33333333333334,13,43.333333333333336,9,30.0,3,10.0,0,0.0,0,0.0,5,16.666666666666664,1.8333333333333333,1.6141733350404337,1.0,0.75,83.33333333333334,90.0,90.0,22,73.33333333333333,2,6.666666666666667,1,3.3333333333333335,2,6.666666666666667,0,0.0,3,10.0,1.9,1.6603212540549697,1.0,1.0,83.33333333333334,86.66666666666667,90.0,21,70.0,3,10.0,1,3.3333333333333335,1,3.3333333333333335,1,3.3333333333333335,3,10.0,2.6,1.9765289440498124,1.5,3.0,66.66666666666666,80.0,80.0,15,50.0,4,13.333333333333334,1,3.3333333333333335,4,13.333333333333334,0,0.0,6,20.0
971,False,2.4,1.6653327995729061,2.0,2.0,80.0,86.66666666666667,86.66666666666667,12,40.0,8,26.666666666666668,4,13.333333333333334,2,6.666666666666667,0,0.0,4,13.333333333333334,1.8666666666666667,1.384035966135113,1.0,1.0,86.66666666666667,93.33333333333333,93.33333333333333,17,56.666666666666664,8,26.666666666666668,1,3.3333333333333335,2,6.666666666666667,0,0.0,2,6.666666666666667,2.033333333333333,1.601735170231195,1.0,1.0,86.66666666666667,86.66666666666667,90.0,17,56.666666666666664,6,20.0,3,10.0,0,0.0,1,3.3333333333333335,3,10.0,2.3,1.6155494421403511,2.0,2.0,80.0,86.66666666666667,90.0,13,43.333333333333336,8,26.666666666666668,3,10.0,2,6.666666666666667,1,3.3333333333333335,3,10.0
972,True,2.1666666666666665,1.343709624716425,2.0,1.75,86.66666666666667,93.33333333333333,93.33333333333333,11,36.666666666666664,11,36.666666666666664,4,13.333333333333334,2,6.666666666666667,0,0.0,2,6.666666666666667,2.033333333333333,1.6428295373802142,1.0,2.0,86.66666666666667,86.66666666666667,90.0,19,63.33333333333333,2,6.666666666666667,5,16.666666666666664,0,0.0,1,3.3333333333333335,3,10.0,2.3666666666666667,1.9405039437103846,1.0,2.0,80.0,80.0,80.0,17,56.666666666666664,3,10.0,4,13.333333333333334,0,0.0,0,0.0,6,20.0,2.6333333333333333,2.008039397577204,2.0,2.75,73.33333333333333,76.66666666666667,76.66666666666667,14,46.666666666666664,5,16.666666666666664,3,10.0,1,3.3333333333333335,0,0.0,7,23.333333333333332
973,True,2.3,1.6563010998406458,2.0,2.0,83.33333333333334,86.66666666666667,86.66666666666667,13,43.333333333333336,8,26.666666666666668,4,13.333333333333334,1,3.3333333333333335,0,0.0,4,13.333333333333334,1.8333333333333333,1.3924399049470282,1.0,1.0,90.0,93.33333333333333,93.33333333333333,19,63.33333333333333,4,13.333333333333334,4,13.333333333333334,1,3.3333333333333335,0,0.0,2,6.666666666666667,2.033333333333333,1.5807874268505835,1.0,2.0,86.66666666666667,90.0,90.0,18,60.0,3,10.0,5,16.666666666666664,1,3.3333333333333335,0,0.0,3,10.0,2.6666666666666665,1.8678567634829202,2.0,3.0,70.0,80.0,83.33333333333334,13,43.333333333333336,4,13.333333333333334,4,13.333333333333334,3,10.0,1,3.3333333333333335,5,16.666666666666664
974,True,2.7,1.7540429489230491,2.0,3.0,70.0,80.0,86.66666666666667,10,33.33333333333333,8,26.666666666666668,3,10.0,3,10.0,2,6.666666666666667,4,13.333333333333334,2.3333333333333335,1.9720265943665385,1.0,2.0,76.66666666666667,80.0,80.0,18,60.0,3,10.0,2,6.666666666666667,1,3.3333333333333335,0,0.0,6,20.0,2.2666666666666666,1.730767331432956,1.5,2.0,83.33333333333334,83.33333333333334,86.66666666666667,15,50.0,6,20.0,4,13.333333333333334,0,0.0,1,3.3333333333333335,4,13.333333333333334,2.433333333333333,1.6669999666733317,2.0,3.0,70.0,90.0,90.0,14,46.666666666666664,4,13.333333333333334,3,10.0,6,20.0,0,0.0,3,10.0
975,True,2.466666666666667,1.6069294390925266,2.0,2.0,76.66666666666667,86.66666666666667,90.0,11,36.666666666666664,8,26.666666666666668,4,13.333333333333334,3,10.0,1,3.3333333333333335,3,10.0,2.1,1.7194960502038574,1.0,1.0,80.0,83.33333333333334,90.0,18,60.0,5,16.666666666666664,1,3.3333333333333335,1,3.3333333333333335,2,6.666666666666667,3,10.0,2.2666666666666666,1.6519348924485158,2.0,1.75,83.33333333333334,86.66666666666667,86.66666666666667,13,43.333333333333336,9,30.0,3,10.0,1,3.3333333333333335,0,0.0,4,13.333333333333334,2.2666666666666666,1.6918103387266026,1.5,2.0,80.0,83.33333333333334,90.0,15,50.0,6,20.0,3,10.0,1,3.3333333333333335,2,6.666666666666667,3,10.0
976,True,2.3,1.6155494421403511,2.0,2.0,80.0,86.66666666666667,90.0,13,43.333333333333336,8,26.666666666666668,3,10.0,2,6.666666666666667,1,3.3333333333333335,3,10.0,2.0,1.632993161855452,1.0,1.75,86.66666666666667,86.66666666666667,90.0,19,63.33333333333333,3,10.0,4,13.333333333333334,0,0.0,1,3.3333333333333335,3,10.0,2.0,1.5491933384829668,1.0,2.0,90.0,90.0,90.0,18,60.0,3,10.0,6,20.0,0,0.0,0,0.0,3,10.0,2.6,1.818424226264781,2.0,2.75,73.33333333333333,80.0,86.66666666666667,14,46.666666666666664,2,6.666666666666667,6,20.0,2,6.666666666666667,2,6.666666666666667,4,13.333333333333334
977,True,3.066666666666667,1.671991493864594,2.0,2.0,66.66666666666666,76.66666666666667,83.33333333333334,4,13.333333333333334,12,40.0,4,13.333333333333334,3,10.0,2,6.666666666666667,5,16.666666666666664,2.2333333333333334,1.6868774571839993,1.0,2.75,73.33333333333333,90.0,90.0,17,56.666666666666664,3,10.0,2,6.666666666666667,5,16.666666666666664,0,0.0,3,10.0,2.433333333333333,1.8015425489162213,2.0,2.0,76.66666666666667,80.0,86.66666666666667,14,46.666666666666664,6,20.0,3,10.0,1,3.3333333333333335,2,6.666666666666667,4,13.333333333333334,2.8,1.886796226411321,2.0,3.0,66.66666666666666,80.0,80.0,11,36.666666666666664,6,20.0,3,10.0,4,13.333333333333334,0,0.0,6,20.0
978,False,2.466666666666667,1.687865186822955,2.0,2.0,76.66666666666667,86.66666666666667,86.66666666666667,12,40.0,7,23.333333333333332,4,13.333333333333334,3,10.0,0,0.0,4,13.333333333333334,2.2333333333333334,1.8740923729160797,1.0,1.0,80.0,80.0,83.33333333333334,17,56.666666666666664,6,20.0,1,3.3333333333333335,0,0.0,1,3.3333333333333335,5,16.666666666666664,2.433333333333333,1.8562207723101136,2.0,2.0,76.66666666666667,80.0,83.33333333333334,14,46.666666666666664,7,23.333333333333332,2,6.666666666666667,1,3.3333333333333335,1,3.3333333333333335,5,16.666666666666664,3.2,2.1509687739868903,2.0,5.0,60.0,63.33333333333333,66.66666666666666,9,30.0,9,30.0,0,0.0,1,3.3333333333333335,1,3.3333333333333335,10,33.33333333333333
979,False,2.2666666666666666,1.569146972791976,2.0,1.0,86.66666666666667,86.66666666666667,86.66666666666667,10,33.33333333333333,14,46.666666666666664,2,6.666666666666667,0,0.0,0,0.0,4,13.333333333333334,1.8666666666666667,1.384035966135113,1.0,1.0,86.66666666666667,93.33333333333333,93.33333333333333,17,56.666666666666664,8,26.666666666666668,1,3.3333333333333335,2,6.666666666666667,0,0.0,2,6.666666666666667,2.2,1.7776388834631176,1.5,1.0,83.33333333333334,83.33333333333334,83.33333333333334,15,50.0,9,30.0,1,3.3333333333333335,0,0.0,0,0.0,5,16.666666666666664,2.7666666666666666,1.9947152400502908,2.0,3.75,70.0,73.33333333333333,76.66666666666667,11,36.666666666666664,9,30.0,1,3.3333333333333335,1,3.3333333333333335,1,3.3333333333333335,7,23.333333333333332
980,True,2.2666666666666666,1.6918103387266026,2.0,1.0,83.33333333333334,83.33333333333334,86.66666666666667,13,43.333333333333336,10,33.33333333333333,2,6.666666666666667,0,0.0,1,3.3333333333333335,4,13.333333333333334,2.0,1.4605934866804429,1.0,1.0,86.66666666666667,90.0,93.33333333333333,16,53.333333333333336,7,23.333333333333332,3,10.0,1,3.3333333333333335,1,3.3333333333333335,2,6.666666666666667,2.3333333333333335,1.7575235101952087,2.0,1.75,83.33333333333334,83.33333333333334,83.33333333333334,13,43.333333333333336,9,30.0,3,10.0,0,0.0,0,0.0,5,16.666666666666664,2.5,1.857417562100671,2.0,2.75,73.33333333333333,76.66666666666667,86.66666666666667,14,46.666666666666664,6,20.0,2,6.666666666666667,1,3.3333333333333335,3,10.0,4,13.333333333333334
981,True,2.2666666666666666,1.412641340027806,2.0,2.0,86.66666666666667,90.0,93.33333333333333,11,36.666666666666664,9,30.0,6,20.0,1,3.3333333333333335,1,3.3333333333333335,2,6.666666666666667,2.0,1.5275252316519468,1.0,1.0,86.66666666666667,86.66666666666667,93.33333333333333,17,56.666666666666664,6,20.0,3,10.0,0,0.0,2,6.666666666666667,2,6.666666666666667,2.066666666666667,1.4590712418826193,1.5,1.75,86.66666666666667,90.0,93.33333333333333,15,50.0,7,23.333333333333332,4,13.333333333333334,1,3.3333333333333335,1,3.3333333333333335,2,6.666666666666667,2.433333333333333,1.5638272140986533,2.0,2.0,80.0,90.0,90.0,12,40.0,5,16.666666666666664,7,23.333333333333332,3,10.0,0,0.0,3,10.0
982,False,2.7,1.7349351572897471,2.0,1.75,76.66666666666667,80.0,83.33333333333334,8,26.666666666666668,11,36.666666666666664,4,13.333333333333334,1,3.3333333333333335,1,3.3333333333333335,5,16.666666666666664,1.9,1.468559384794046,1.0,1.0,86.66666666666667,90.0,93.33333333333333,18,60.0,6,20.0,2,6.666666666666667,1,3.3333333333333335,1,3.3333333333333335,2,6.666666666666667,2.4,1.8547236990991407,2.0,1.75,76.66666666666667,80.0,83.33333333333334,14,46.666666666666664,8,26.666666666666668,1,3.3333333333333335,1,3.3333333333333335,1,3.3333333333333335,5,16.666666666666664,2.8666666666666667,2.0773915267843845,2.0,4.5,66.66666666666666,73.33333333333333,73.33333333333333,13,43.333333333333336,4,13.333333333333334,3,10.0,2,6.666666666666667,0,0.0,8,26.666666666666668
983,True,2.3666666666666667,1.7792008193443356,2.0,1.75,80.0,83.33333333333334,83.33333333333334,13,43.333333333333336,9,30.0,2,6.666666666666667,1,3.3333333333333335,0,0.0,5,16.666666666666664,1.9333333333333333,1.6719914938645934,1.0,1.0,86.66666666666667,86.66666666666667,86.66666666666667,19,63.33333333333333,6,20.0,1,3.3333333333333335,0,0.0,0,0.0,4,13.333333333333334,2.066666666666667,1.6519348924485158,1.0,1.0,86.66666666666667,86.66666666666667,86.66666666666667,16,53.333333333333336,8,26.666666666666668,2,6.666666666666667,0,0.0,0,0.0,4,13.333333333333334,2.3666666666666667,1.9405039437103846,1.0,2.0,80.0,80.0,80.0,17,56.666666666666664,3,10.0,4,13.333333333333334,0,0.0,0,0.0,6,20.0
984,False,2.1,1.6603212540549694,1.5,1.0,83.33333333333334,86.66666666666667,86.66666666666667,15,50.0,10,33.33333333333333,0,0.0,1,3.3333333333333335,0,0.0,4,13.333333333333334,1.6666666666666667,1.2736648783028532,1.0,1.0,93.33333333333333,93.33333333333333,93.33333333333333,19,63.33333333333333,8,26.666666666666668,1,3.3333333333333335,0,0.0,0,0.0,2,6.666666666666667,1.9,1.5351438586225938,1.0,1.0,86.66666666666667,90.0,90.0,18,60.0,7,23.333333333333332,1,3.3333333333333335,1,3.3333333333333335,0,0.0,3,10.0,2.3,1.7916472867168916,2.0,1.0,80.0,83.33333333333334,83.33333333333334,14,46.666666666666664,9,30.0,1,3.3333333333333335,1,3.3333333333333335,0,0.0,5,16.666666666666664
985,True,2.433333333333333,1.6265163865007801,2.0,2.0,80.0,83.33333333333334,90.0,11,36.666666666666664,9,30.0,4,13.333333333333334,1,3.3333333333333335,2,6.666666666666667,3,10.0,2.0,1.7126976771553504,1.0,1.0,83.33333333333334,86.66666666666667,86.66666666666667,19,63.33333333333333,5,16.666666666666664,1,3.3333333333333335,1,3.3333333333333335,0,0.0,4,13.333333333333334,2.1,1.7,1.0,1.0,83.33333333333334,86.66666666666667,86.66666666666667,17,56.666666666666664,6,20.0,2,6.666666666666667,1,3.3333333333333335,0,0.0,4,13.333333333333334,2.5,1.875277757204694,2.0,3.0,70.0,76.66666666666667,86.66666666666667,14,46.666666666666664,7,23.333333333333332,0,0.0,2,6.666666666666667,3,10.0,4,13.333333333333334
986,True,2.2333333333333334,1.382831234179436,2.0,1.75,86.66666666666667,90.0,93.33333333333333,10,33.33333333333333,12,40.0,4,13.333333333333334,1,3.3333333333333335,1,3.3333333333333335,2,6.666666666666667,2.1666666666666665,1.8454147380888546,1.0,1.0,80.0,83.33333333333334,83.33333333333334,18,60.0,5,16.666666666666664,1,3.3333333333333335,1,3.3333333333333335,0,0.0,5,16.666666666666664,2.1666666666666665,1.6141733350404335,1.0,2.0,80.0,90.0,90.0,16,53.333333333333336,5,16.666666666666664,3,10.0,3,10.0,0,0.0,3,10.0,2.7666666666666666,1.9439364415764444,2.0,2.75,73.33333333333333,76.66666666666667,76.66666666666667,11,36.666666666666664,7,23.333333333333332,4,13.333333333333334,1,3.3333333333333335,0,0.0,7,23.333333333333332
987,False,2.2333333333333334,1.8015425489162213,1.0,2.0,76.66666666666667,80.0,90.0,18,60.0,3,10.0,2,6.666666666666667,1,3.3333333333333335,3,10.0,3,10.0,2.0,1.7511900715418263,1.0,1.0,80.0,83.33333333333334,90.0,21,70.0,2,6.666666666666667,1,3.3333333333333335,1,3.3333333333333335,2,6.666666666666667,3,10.0,2.033333333333333,1.682920741515245,1.0,1.0,80.0,86.66666666666667,90.0,19,63.33333333333333,4,13.333333333333334,1,3.3333333333333335,2,6.666666666666667,1,3.3333333333333335,3,10.0,2.7,2.035517952102937,1.5,3.75,66.66666666666666,73.33333333333333,80.0,15,50.0,3,10.0,2,6.666666666666667,2,6.666666666666667,2,6.666666666666667,6,20.0
988,True,2.1666666666666665,1.714318782749839,1.0,1.0,80.0,86.66666666666667,86.66666666666667,16,53.333333333333336,7,23.333333333333332,1,3.3333333333333335,2,6.666666666666667,0,0.0,4,13.333333333333334,1.6666666666666667,1.3249737942901192,1.0,1.0,93.33333333333333,93.33333333333333,93.33333333333333,21,70.0,4,13.333333333333334,3,10.0,0,0.0,0,0.0,2,6.666666666666667,1.8333333333333333,1.5073892072793353,1.0,1.0,90.0,90.0,90.0,19,63.33333333333333,6,20.0,2,6.666666666666667,0,0.0,0,0.0,3,10.0,2.2,1.4,2.0,2.0,80.0,93.33333333333333,96.66666666666667,14,46.666666666666664,5,16.666666666666664,5,16.666666666666664,4,13.333333333333334,1,3.3333333333333335,1,3.3333333333333335
989,True,2.0,1.4142135623730951,1.0,1.75,86.66666666666667,93.33333333333333,93.33333333333333,16,53.333333333333336,6,20.0,4,13.333333333333334,2,6.666666666666667,0,0.0,2,6.666666666666667,1.9333333333333333,1.7307673314329557,1.0,1.0,83.33333333333334,86.66666666666667,86.66666666666667,21,70.0,3,10.0,1,3.3333333333333335,1,3.3333333333333335,0,0.0,4,13.333333333333334,2.1333333333333333,1.839081896551163,1.0,1.0,80.0,83.33333333333334,83.33333333333334,18,60.0,6,20.0,0,0.0,1,3.3333333333333335,0,0.0,5,16.666666666666664,2.2666666666666666,1.9310331143946986,1.0,2.0,76.66666666666667,80.0,83.33333333333334,19,63.33333333333333,2,6.666666666666667,2,6.666666666666667,1,3.3333333333333335,1,3.3333333333333335,5,16.666666666666664
990,False,2.6333333333333333,1.8162843634433703,2.0,2.5,73.33333333333333,76.66666666666667,83.33333333333334,9,30.0,13,43.333333333333336,0,0.0,1,3.3333333333333335,2,6.666666666666667,5,16.666666666666664,2.0,1.570562531918633,1.0,1.0,86.66666666666667,86.66666666666667,90.0,16,53.333333333333336,9,30.0,1,3.3333333333333335,0,0.0,1,3.3333333333333335,3,10.0,2.3333333333333335,1.920648038785058,1.0,1.75,80.0,80.0,80.0,16,53.333333333333336,6,20.0,2,6.666666666666667,0,0.0,0,0.0,6,20.0,2.8666666666666667,2.0450482200237294,2.0,4.5,70.0,73.33333333333333,73.33333333333333,12,40.0,5,16.666666666666664,4,13.333333333333334,1,3.3333333333333335,0,0.0,8,26.666666666666668
991,True,2.066666666666667,1.0934146311237818,2.0,1.75,93.33333333333333,96.66666666666667,96.66666666666667,10,33.33333333333333,12,40.0,6,20.0,1,3.3333333333333335,0,0.0,1,3.3333333333333335,2.033333333333333,1.6428295373802142,1.0,1.0,83.33333333333334,86.66666666666667,90.0,18,60.0,5,16.666666666666664,2,6.666666666666667,1,3.3333333333333335,1,3.3333333333333335,3,10.0,2.2333333333333334,1.8381754238616317,1.0,1.75,80.0,83.33333333333334,83.33333333333334,17,56.666666666666664,5,16.666666666666664,2,6.666666666666667,1,3.3333333333333335,0,0.0,5,16.666666666666664,2.7333333333333334,1.8607047649270485,2.0,2.75,73.33333333333333,80.0,80.0,11,36.666666666666664,6,20.0,5,16.666666666666664,2,6.666666666666667,0,0.0,6,20.0
992,True,2.3333333333333335,1.6397831834998458,2.0,2.0,83.33333333333334,86.66666666666667,86.66666666666667,12,40.0,9,30.0,4,13.333333333333334,1,3.3333333333333335,0,0.0,4,13.333333333333334,1.8333333333333333,1.5509853498842456,1.0,1.0,86.66666666666667,90.0,90.0,20,66.66666666666666,5,16.666666666666664,1,3.3333333333333335,1,3.3333333333333335,0,0.0,3,10.0,2.033333333333333,1.7603661235347858,1.0,1.0,83.33333333333334,83.33333333333334,86.66666666666667,19,63.33333333333333,5,16.666666666666664,1,3.3333333333333335,0,0.0,1,3.3333333333333335,4,13.333333333333334,2.1666666666666665,1.6346933113652304,1.0,1.75,80.0,83.33333333333334,93.33333333333333,16,53.333333333333336,6,20.0,2,6.666666666666667,1,3.3333333333333335,3,10.0,2,6.666666666666667
993,True,2.1333333333333333,1.384035966135113,2.0,1.75,90.0,90.0,93.33333333333333,12,40.0,10,33.33333333333333,5,16.666666666666664,0,0.0,1,3.3333333333333335,2,6.666666666666667,1.9666666666666666,1.5162087220725546,1.0,1.0,86.66666666666667,86.66666666666667,93.33333333333333,17,56.666666666666664,7,23.333333333333332,2,6.666666666666667,0,0.0,2,6.666666666666667,2,6.666666666666667,2.2,1.7204650534085253,1.5,1.0,83.33333333333334,83.33333333333334,86.66666666666667,15,50.0,8,26.666666666666668,2,6.666666666666667,0,0.0,1,3.3333333333333335,4,13.333333333333334,2.433333333333333,1.7641491496532322,2.0,2.0,80.0,80.0,86.66666666666667,13,43.333333333333336,7,23.333333333333332,4,13.333333333333334,0,0.0,2,6.666666666666667,4,13.333333333333334
994,True,2.1666666666666665,1.7336538165261124,1.0,1.0,83.33333333333334,83.33333333333334,86.66666666666667,16,53.333333333333336,7,23.333333333333332,2,6.666666666666667,0,0.0,1,3.3333333333333335,4,13.333333333333334,1.6666666666666667,1.349897115421106,1.0,1.0,90.0,93.33333333333333,93.33333333333333,21,70.0,5,16.666666666666664,1,3.3333333333333335,1,3.3333333333333335,0,0.0,2,6.666666666666667,1.7333333333333334,1.3148721948877347,1.0,1.0,93.33333333333333,93.33333333333333,93.33333333333333,19,63.33333333333333,6,20.0,3,10.0,0,0.0,0,0.0,2,6.666666666666667,2.533333333333333,1.9618585292749549,1.5,2.0,76.66666666666667,76.66666666666667,80.0,15,50.0,4,13.333333333333334,4,13.333333333333334,0,0.0,1,3.3333333333333335,6,20.0
995,True,2.1333333333333333,1.2840906856172147,2.0,2.0,90.0,93.33333333333333,96.66666666666667,13,43.333333333333336,6,20.0,8,26.666666666666668,1,3.3333333333333335,1,3.3333333333333335,1,3.3333333333333335,2.066666666666667,1.7876116903722565,1.0,1.75,83.33333333333334,83.33333333333334,86.66666666666667,20,66.66666666666666,2,6.666666666666667,3,10.0,0,0.0,1,3.3333333333333335,4,13.333333333333334,2.533333333333333,1.9275776393067947,2.0,2.75,73.33333333333333,80.0,80.0,14,46.666666666666664,6,20.0,2,6.666666666666667,2,6.666666666666667,0,0.0,6,20.0,2.6666666666666665,1.8135294011647258,2.0,2.75,73.33333333333333,80.0,83.33333333333334,11,36.666666666666664,7,23.333333333333332,4,13.333333333333334,2,6.666666666666667,1,3.3333333333333335,5,16.666666666666664
996,True,2.1333333333333333,1.5434449203720302,2.0,1.0,83.33333333333334,90.0,90.0,14,46.666666666666664,9,30.0,2,6.666666666666667,2,6.666666666666667,0,0.0,3,10.0,1.9666666666666666,1.7220788470785984,1.0,1.0,83.33333333333334,83.33333333333334,90.0,21,70.0,2,6.666666666666667,2,6.666666666666667,0,0.0,2,6.666666666666667,3,10.0,2.066666666666667,1.590248058916875,1.0,1.75,83.33333333333334,90.0,90.0,17,56.666666666666664,5,16.666666666666664,3,10.0,2,6.666666666666667,0,0.0,3,10.0,2.2333333333333334,1.7829438827088442,1.0,2.0,80.0,83.33333333333334,86.66666666666667,17,56.666666666666664,4,13.333333333333334,3,10.0,1,3.3333333333333335,1,3.3333333333333335,4,13.333333333333334
997,True,2.066666666666667,1.3888444437333105,2.0,1.0,83.33333333333334,93.33333333333333,93.33333333333333,13,43.333333333333336,11,36.666666666666664,1,3.3333333333333335,3,10.0,0,0.0,2,6.666666666666667,2.0,1.7126976771553504,1.0,1.0,83.33333333333334,86.66666666666667,86.66666666666667,19,63.33333333333333,5,16.666666666666664,1,3.3333333333333335,1,3.3333333333333335,0,0.0,4,13.333333333333334,2.0,1.570562531918633,1.0,1.0,83.33333333333334,90.0,90.0,17,56.666666666666664,7,23.333333333333332,1,3.3333333333333335,2,6.666666666666667,0,0.0,3,10.0,2.2666666666666666,1.6316317667360556,2.0,2.0,80.0,86.66666666666667,90.0,14,46.666666666666664,7,23.333333333333332,3,10.0,2,6.666666666666667,1,3.3333333333333335,3,10.0
998,False,3.0,1.8618986725025255,2.5,3.0,63.33333333333333,76.66666666666667,80.0,9,30.0,6,20.0,4,13.333333333333334,4,13.333333333333334,1,3.3333333333333335,6,20.0,2.2333333333333334,1.7641491496532322,1.0,2.0,76.66666666666667,86.66666666666667,86.66666666666667,17,56.666666666666664,4,13.333333333333334,2,6.666666666666667,3,10.0,0,0.0,4,13.333333333333334,2.3,1.7156145643277028,1.5,2.0,80.0,86.66666666666667,86.66666666666667,15,50.0,5,16.666666666666664,4,13.333333333333334,2,6.666666666666667,0,0.0,4,13.333333333333334,2.7,1.6763054614240211,2.5,3.0,70.0,83.33333333333334,90.0,11,36.666666666666664,4,13.333333333333334,6,20.0,4,13.333333333333334,2,6.666666666666667,3,10.0
999,True,2.2,1.6411378166788229,1.0,2.0,83.33333333333334,86.66666666666667,90.0,16,53.333333333333336,4,13.333333333333334,5,16.666666666666664,1,3.3333333333333335,1,3.3333333333333335,3,10.0,1.8333333333333333,1.3924399049470282,1.0,1.75,90.0,90.0,96.66666666666667,20,66.66666666666666,2,6.666666666666667,5,16.666666666666664,0,0.0,2,6.666666666666667,1,3.3333333333333335,1.9666666666666666,1.4487542541400487,1.0,1.0,86.66666666666667,90.0,93.33333333333333,16,53.333333333333336,8,26.666666666666668,2,6.666666666666667,1,3.3333333333333335,1,3.3333333333333335,2,6.666666666666667,2.433333333333333,1.6868774571839995,2.0,2.0,76.66666666666667,83.33333333333334,90.0,13,43.333333333333336,6,20.0,4,13.333333333333334,2,6.666666666666667,2,6.666666666666667,3,10.0
1000,True,2.7333333333333334,1.7876116903722563,2.0,1.75,76.66666666666667,80.0,80.0,8,26.666666666666668,11,36.666666666666664,4,13.333333333333334,1,3.3333333333333335,0,0.0,6,20.0,2.3,1.8284784202536635,1.0,2.0,80.0,83.33333333333334,83.33333333333334,16,53.333333333333336,5,16.666666666666664,3,10.0,1,3.3333333333333335,0,0.0,5,16.666666666666664,2.2666666666666666,1.6110727964792764,1.5,2.0,80.0,90.0,90.0,15,50.0,4,13.333333333333334,5,16.666666666666664,3,10.0,0,0.0,3,10.0,2.6333333333333333,1.9058389811897074,2.0,2.75,73.33333333333333,76.66666666666667,83.33333333333334,14,46.666666666666664,3,10.0,5,16.666666666666664,1,3.3333333333333335,2,6.666666666666667,5,16.666666666666664
