trial,structurally_viable,fill_first_avg_student_ranking,fill_first_std_student_ranking,fill_first_median_student_ranking,fill_first_iqr_student_ranking,fill_first_student_satisfaction_percent,fill_first_student_satisfaction_top4_percent,fill_first_student_satisfaction_top5_percent,fill_first_students_got_choice_1_count,fill_first_students_got_choice_1_percent,fill_first_students_got_choice_2_count,fill_first_students_got_choice_2_percent,fill_first_students_got_choice_3_count,fill_first_students_got_choice_3_percent,fill_first_students_got_choice_4_count,fill_first_students_got_choice_4_percent,fill_first_students_got_choice_5_count,fill_first_students_got_choice_5_percent,fill_first_students_got_choice_6_count,fill_first_students_got_choice_6_percent,rank_first_avg_student_ranking,rank_first_std_student_ranking,rank_first_median_student_ranking,rank_first_iqr_student_ranking,rank_first_student_satisfaction_percent,rank_first_student_satisfaction_top4_percent,rank_first_student_satisfaction_top5_percent,rank_first_students_got_choice_1_count,rank_first_students_got_choice_1_percent,rank_first_students_got_choice_2_count,rank_first_students_got_choice_2_percent,rank_first_students_got_choice_3_count,rank_first_students_got_choice_3_percent,rank_first_students_got_choice_4_count,rank_first_students_got_choice_4_percent,rank_first_students_got_choice_5_count,rank_first_students_got_choice_5_percent,rank_first_students_got_choice_6_count,rank_first_students_got_choice_6_percent,best_first_avg_student_ranking,best_first_std_student_ranking,best_first_median_student_ranking,best_first_iqr_student_ranking,best_first_student_satisfaction_percent,best_first_student_satisfaction_top4_percent,best_first_student_satisfaction_top5_percent,best_first_students_got_choice_1_count,best_first_students_got_choice_1_percent,best_first_students_got_choice_2_count,best_first_students_got_choice_2_percent,best_first_students_got_choice_3_count,best_first_students_got_choice_3_percent,best_first_students_got_choice_4_count,best_first_students_got_choice_4_percent,best_first_students_got_choice_5_count,best_first_students_got_choice_5_percent,best_first_students_got_choice_6_count,best_first_students_got_choice_6_percent,fragility_mirror_avg_student_ranking,fragility_mirror_std_student_ranking,fragility_mirror_median_student_ranking,fragility_mirror_iqr_student_ranking,fragility_mirror_student_satisfaction_percent,fragility_mirror_student_satisfaction_top4_percent,fragility_mirror_student_satisfaction_top5_percent,fragility_mirror_students_got_choice_1_count,fragility_mirror_students_got_choice_1_percent,fragility_mirror_students_got_choice_2_count,fragility_mirror_students_got_choice_2_percent,fragility_mirror_students_got_choice_3_count,fragility_mirror_students_got_choice_3_percent,fragility_mirror_students_got_choice_4_count,fragility_mirror_students_got_choice_4_percent,fragility_mirror_students_got_choice_5_count,fragility_mirror_students_got_choice_5_percent,fragility_mirror_students_got_choice_6_count,fragility_mirror_students_got_choice_6_percent
1,True,2.2,1.4696938456699067,2.0,2.0,83.33333333333334,90.0,93.33333333333333,13,43.333333333333336,8,26.666666666666668,4,13.333333333333334,2,6.666666666666667,1,3.3333333333333335,2,6.666666666666667,2.066666666666667,1.569146972791976,1.0,1.0,83.33333333333334,90.0,90.0,16,53.333333333333336,7,23.333333333333332,2,6.666666666666667,2,6.666666666666667,0,0.0,3,10.0,2.066666666666667,1.4817407180595248,1.0,2.0,86.66666666666667,90.0,93.33333333333333,16,53.333333333333336,5,16.666666666666664,5,16.666666666666664,1,3.3333333333333335,1,3.3333333333333335,2,6.666666666666667,2.533333333333333,1.8208667044996885,2.0,2.0,76.66666666666667,83.33333333333334,83.33333333333334,14,46.666666666666664,3,10.0,6,20.0,2,6.666666666666667,0,0.0,5,16.666666666666664
2,False,2.7,1.9174636024359542,2.0,2.0,76.66666666666667,76.66666666666667,76.66666666666667,10,33.33333333333333,10,33.33333333333333,3,10.0,0,0.0,0,0.0,7,23.333333333333332,2.0,1.570562531918633,1.0,1.0,83.33333333333334,86.66666666666667,93.33333333333333,18,60.0,5,16.666666666666664,2,6.666666666666667,1,3.3333333333333335,2,6.666666666666667,2,6.666666666666667,2.3666666666666667,1.9232495649002208,1.0,2.0,80.0,80.0,80.0,16,53.333333333333336,5,16.666666666666664,3,10.0,0,0.0,0,0.0,6,20.0,2.533333333333333,1.910206504252587,2.0,2.75,73.33333333333333,76.66666666666667,83.33333333333334,14,46.666666666666664,6,20.0,2,6.666666666666667,1,3.3333333333333335,2,6.666666666666667,5,16.666666666666664
3,False,2.533333333333333,1.7838784213679535,2.0,2.0,76.66666666666667,80.0,86.66666666666667,13,43.333333333333336,5,16.666666666666664,5,16.666666666666664,1,3.3333333333333335,2,6.666666666666667,4,13.333333333333334,2.0,1.5491933384829668,1.0,2.0,83.33333333333334,90.0,93.33333333333333,19,63.33333333333333,2,6.666666666666667,4,13.333333333333334,2,6.666666666666667,1,3.3333333333333335,2,6.666666666666667,2.2333333333333334,1.7641491496532322,1.0,2.0,76.66666666666667,83.33333333333334,90.0,18,60.0,2,6.666666666666667,3,10.0,2,6.666666666666667,2,6.666666666666667,3,10.0,2.6333333333333333,1.8526257642120336,2.0,3.0,70.0,83.33333333333334,83.33333333333334,14,46.666666666666664,2,6.666666666666667,5,16.666666666666664,4,13.333333333333334,0,0.0,5,16.666666666666664
4,False,2.6666666666666665,1.6599866130651642,2.0,1.0,76.66666666666667,80.0,86.66666666666667,7,23.333333333333332,13,43.333333333333336,3,10.0,1,3.3333333333333335,2,6.666666666666667,4,13.333333333333334,2.2333333333333334,1.5849991237291654,2.0,1.75,83.33333333333334,86.66666666666667,90.0,13,43.333333333333336,9,30.0,3,10.0,1,3.3333333333333335,1,3.3333333333333335,3,10.0,2.3,1.5307950004273378,2.0,2.0,83.33333333333334,90.0,90.0,12,40.0,8,26.666666666666668,5,16.666666666666664,2,6.666666666666667,0,0.0,3,10.0,2.6333333333333333,1.6428295373802142,2.0,2.0,76.66666666666667,80.0,90.0,9,30.0,9,30.0,5,16.666666666666664,1,3.3333333333333335,3,10.0,3,10.0
5,False,2.9,1.938212234680884,2.0,3.5,73.33333333333333,73.33333333333333,76.66666666666667,10,33.33333333333333,6,20.0,6,20.0,0,0.0,1,3.3333333333333335,7,23.333333333333332,2.3333333333333335,1.9379255804998174,1.0,2.0,80.0,80.0,80.0,17,56.666666666666664,4,13.333333333333334,3,10.0,0,0.0,0,0.0,6,20.0,2.566666666666667,2.027861489900684,1.5,2.75,73.33333333333333,76.66666666666667,76.66666666666667,15,50.0,5,16.666666666666664,2,6.666666666666667,1,3.3333333333333335,0,0.0,7,23.333333333333332,2.966666666666667,2.121058435991071,2.0,4.75,63.33333333333333,66.66666666666666,73.33333333333333,12,40.0,6,20.0,1,3.3333333333333335,1,3.3333333333333335,2,6.666666666666667,8,26.666666666666668
6,False,2.8,1.92180470738661,2.0,2.75,73.33333333333333,76.66666666666667,76.66666666666667,10,33.33333333333333,8,26.666666666666668,4,13.333333333333334,1,3.3333333333333335,0,0.0,7,23.333333333333332,2.1333333333333333,1.6069294390925266,1.0,1.75,80.0,90.0,90.0,16,53.333333333333336,6,20.0,2,6.666666666666667,3,10.0,0,0.0,3,10.0,2.3666666666666667,1.834545054108935,1.5,2.0,76.66666666666667,83.33333333333334,83.33333333333334,15,50.0,6,20.0,2,6.666666666666667,2,6.666666666666667,0,0.0,5,16.666666666666664,2.566666666666667,1.453348623772776,2.0,3.0,70.0,90.0,96.66666666666667,10,33.33333333333333,6,20.0,5,16.666666666666664,6,20.0,2,6.666666666666667,1,3.3333333333333335
7,False,2.8666666666666667,1.839081896551163,3.0,3.0,70.0,76.66666666666667,83.33333333333334,11,36.666666666666664,3,10.0,7,23.333333333333332,2,6.666666666666667,2,6.666666666666667,5,16.666666666666664,2.2333333333333334,1.6265163865007801,1.0,2.0,80.0,90.0,90.0,16,53.333333333333336,3,10.0,5,16.666666666666664,3,10.0,0,0.0,3,10.0,2.4,1.724335620850342,2.0,2.0,76.66666666666667,86.66666666666667,86.66666666666667,14,46.666666666666664,5,16.666666666666664,4,13.333333333333334,3,10.0,0,0.0,4,13.333333333333334,2.6333333333333333,1.7792008193443356,2.0,2.0,76.66666666666667,83.33333333333334,83.33333333333334,12,40.0,4,13.333333333333334,7,23.333333333333332,2,6.666666666666667,0,0.0,5,16.666666666666664
8,True,2.7,1.7349351572897473,2.0,2.75,73.33333333333333,80.0,86.66666666666667,10,33.33333333333333,7,23.333333333333332,5,16.666666666666664,2,6.666666666666667,2,6.666666666666667,4,13.333333333333334,2.033333333333333,1.3535960336164634,2.0,1.75,90.0,93.33333333333333,93.33333333333333,14,46.666666666666664,8,26.666666666666668,5,16.666666666666664,1,3.3333333333333335,0,0.0,2,6.666666666666667,2.2,1.5362291495737217,2.0,1.0,86.66666666666667,86.66666666666667,90.0,12,40.0,11,36.666666666666664,3,10.0,0,0.0,1,3.3333333333333335,3,10.0,2.1,1.3503086067019396,2.0,1.75,86.66666666666667,90.0,96.66666666666667,13,43.333333333333336,9,30.0,4,13.333333333333334,1,3.3333333333333335,2,6.666666666666667,1,3.3333333333333335
9,False,2.6,1.5832456116050557,2.0,2.0,80.0,83.33333333333334,90.0,9,30.0,8,26.666666666666668,7,23.333333333333332,1,3.3333333333333335,2,6.666666666666667,3,10.0,2.3,1.7349351572897471,2.0,1.75,80.0,83.33333333333334,86.66666666666667,14,46.666666666666664,8,26.666666666666668,2,6.666666666666667,1,3.3333333333333335,1,3.3333333333333335,4,13.333333333333334,2.4,1.8000000000000003,2.0,2.0,76.66666666666667,80.0,86.66666666666667,14,46.666666666666664,7,23.333333333333332,2,6.666666666666667,1,3.3333333333333335,2,6.666666666666667,4,13.333333333333334,3.033333333333333,1.9913702708325127,2.0,4.0,63.33333333333333,70.0,76.66666666666667,10,33.33333333333333,6,20.0,3,10.0,2,6.666666666666667,2,6.666666666666667,7,23.333333333333332
10,False,2.5,1.7272328544042153,2.0,2.0,76.66666666666667,83.33333333333334,86.66666666666667,12,40.0,7,23.333333333333332,4,13.333333333333334,2,6.666666666666667,1,3.3333333333333335,4,13.333333333333334,2.066666666666667,1.590248058916875,1.0,1.75,83.33333333333334,90.0,90.0,17,56.666666666666664,5,16.666666666666664,3,10.0,2,6.666666666666667,0,0.0,3,10.0,2.2666666666666666,1.6519348924485158,1.5,2.0,76.66666666666667,83.33333333333334,93.33333333333333,15,50.0,6,20.0,2,6.666666666666667,2,6.666666666666667,3,10.0,2,6.666666666666667,2.5,1.8393839548428526,2.0,3.0,70.0,80.0,86.66666666666667,14,46.666666666666664,6,20.0,1,3.3333333333333335,3,10.0,2,6.666666666666667,4,13.333333333333334
11,False,2.8,2.0231987873991364,2.0,4.25,73.33333333333333,73.33333333333333,73.33333333333333,11,36.666666666666664,8,26.666666666666668,3,10.0,0,0.0,0,0.0,8,26.666666666666668,2.3333333333333335,1.920648038785058,1.0,1.75,80.0,80.0,80.0,16,53.333333333333336,6,20.0,2,6.666666666666667,0,0.0,0,0.0,6,20.0,2.466666666666667,1.9787762772874442,1.0,2.0,76.66666666666667,76.66666666666667,80.0,16,53.333333333333336,4,13.333333333333334,3,10.0,0,0.0,1,3.3333333333333335,6,20.0,2.8666666666666667,2.0773915267843845,2.0,4.75,70.0,70.0,73.33333333333333,12,40.0,6,20.0,3,10.0,0,0.0,1,3.3333333333333335,8,26.666666666666668
12,False,2.966666666666667,1.87053171287976,2.0,3.5,66.66666666666666,73.33333333333333,80.0,8,26.666666666666668,9,30.0,3,10.0,2,6.666666666666667,2,6.666666666666667,6,20.0,2.1333333333333333,1.687865186822955,1.0,1.0,83.33333333333334,86.66666666666667,86.66666666666667,16,53.333333333333336,7,23.333333333333332,2,6.666666666666667,1,3.3333333333333335,0,0.0,4,13.333333333333334,2.433333333333333,1.8740923729160797,2.0,1.75,80.0,80.0,80.0,13,43.333333333333336,9,30.0,2,6.666666666666667,0,0.0,0,0.0,6,20.0,2.533333333333333,1.7650936393164969,2.0,2.0,76.66666666666667,83.33333333333334,83.33333333333334,11,36.666666666666664,9,30.0,3,10.0,2,6.666666666666667,0,0.0,5,16.666666666666664
13,False,2.566666666666667,1.8015425489162213,2.0,2.75,73.33333333333333,83.33333333333334,83.33333333333334,12,40.0,7,23.333333333333332,3,10.0,3,10.0,0,0.0,5,16.666666666666664,1.8333333333333333,1.4161763857498668,1.0,1.0,86.66666666666667,93.33333333333333,93.33333333333333,19,63.33333333333333,5,16.666666666666664,2,6.666666666666667,2,6.666666666666667,0,0.0,2,6.666666666666667,2.1333333333333333,1.7838784213679537,1.0,1.0,80.0,83.33333333333334,86.66666666666667,18,60.0,5,16.666666666666664,1,3.3333333333333335,1,3.3333333333333335,1,3.3333333333333335,4,13.333333333333334,2.6,2.042873792805942,1.0,3.75,70.0,73.33333333333333,80.0,16,53.333333333333336,3,10.0,2,6.666666666666667,1,3.3333333333333335,2,6.666666666666667,6,20.0
14,False,2.9,1.8321208111548395,2.0,2.75,70.0,76.66666666666667,80.0,8,26.666666666666668,9,30.0,4,13.333333333333334,2,6.666666666666667,1,3.3333333333333335,6,20.0,2.5,1.91049731745428,2.0,2.0,76.66666666666667,80.0,80.0,14,46.666666666666664,6,20.0,3,10.0,1,3.3333333333333335,0,0.0,6,20.0,2.566666666666667,1.7451520150277902,2.0,2.0,80.0,83.33333333333334,83.33333333333334,11,36.666666666666664,7,23.333333333333332,6,20.0,1,3.3333333333333335,0,0.0,5,16.666666666666664,3.066666666666667,1.9988885800753264,2.0,4.75,66.66666666666666,70.0,73.33333333333333,9,30.0,7,23.333333333333332,4,13.333333333333334,1,3.3333333333333335,1,3.3333333333333335,8,26.666666666666668
15,False,2.566666666666667,1.8199511592958264,2.0,2.0,76.66666666666667,80.0,83.33333333333334,12,40.0,7,23.333333333333332,4,13.333333333333334,1,3.3333333333333335,1,3.3333333333333335,5,16.666666666666664,1.9666666666666666,1.601735170231195,1.0,1.0,86.66666666666667,86.66666666666667,90.0,18,60.0,6,20.0,2,6.666666666666667,0,0.0,1,3.3333333333333335,3,10.0,2.2,1.8330302779823362,1.0,1.0,80.0,83.33333333333334,83.33333333333334,17,56.666666666666664,6,20.0,1,3.3333333333333335,1,3.3333333333333335,0,0.0,5,16.666666666666664,3.0,2.1908902300206643,2.0,5.0,66.66666666666666,66.66666666666666,66.66666666666666,12,40.0,6,20.0,2,6.666666666666667,0,0.0,0,0.0,10,33.33333333333333
16,True,2.7,1.2948616399703354,2.0,1.0,83.33333333333334,86.66666666666667,93.33333333333333,3,10.0,14,46.666666666666664,8,26.666666666666668,1,3.3333333333333335,2,6.666666666666667,2,6.666666666666667,2.433333333333333,1.6468825769380833,2.0,2.75,73.33333333333333,86.66666666666667,90.0,12,40.0,8,26.666666666666668,2,6.666666666666667,4,13.333333333333334,1,3.3333333333333335,3,10.0,2.7,1.8466185312619388,2.0,2.75,73.33333333333333,80.0,80.0,10,33.33333333333333,9,30.0,3,10.0,2,6.666666666666667,0,0.0,6,20.0,2.8,1.4696938456699067,2.5,1.75,73.33333333333333,83.33333333333334,93.33333333333333,6,20.0,9,30.0,7,23.333333333333332,3,10.0,3,10.0,2,6.666666666666667
17,False,2.9,1.9209372712298545,2.0,3.0,70.0,76.66666666666667,76.66666666666667,10,33.33333333333333,6,20.0,5,16.666666666666664,2,6.666666666666667,0,0.0,7,23.333333333333332,2.2666666666666666,1.9136933459209766,1.0,1.75,76.66666666666667,80.0,83.33333333333334,18,60.0,4,13.333333333333334,1,3.3333333333333335,1,3.3333333333333335,1,3.3333333333333335,5,16.666666666666664,2.3333333333333335,1.8135294011647258,1.5,2.0,80.0,83.33333333333334,83.33333333333334,15,50.0,6,20.0,3,10.0,1,3.3333333333333335,0,0.0,5,16.666666666666664,2.533333333333333,1.6069294390925264,2.0,3.0,70.0,86.66666666666667,93.33333333333333,12,40.0,5,16.666666666666664,4,13.333333333333334,5,16.666666666666664,2,6.666666666666667,2,6.666666666666667
18,False,2.7666666666666666,1.8381754238616317,2.0,2.75,73.33333333333333,80.0,80.0,10,33.33333333333333,7,23.333333333333332,5,16.666666666666664,2,6.666666666666667,0,0.0,6,20.0,2.2333333333333334,1.7259457954666158,1.0,2.0,80.0,86.66666666666667,86.66666666666667,16,53.333333333333336,5,16.666666666666664,3,10.0,2,6.666666666666667,0,0.0,4,13.333333333333334,2.2333333333333334,1.7259457954666158,1.0,2.0,80.0,86.66666666666667,86.66666666666667,16,53.333333333333336,5,16.666666666666664,3,10.0,2,6.666666666666667,0,0.0,4,13.333333333333334,2.8666666666666667,1.9955506062794355,2.5,3.0,66.66666666666666,76.66666666666667,76.66666666666667,13,43.333333333333336,2,6.666666666666667,5,16.666666666666664,3,10.0,0,0.0,7,23.333333333333332
19,False,2.1,1.535143858622594,2.0,1.0,83.33333333333334,90.0,90.0,14,46.666666666666664,10,33.33333333333333,1,3.3333333333333335,2,6.666666666666667,0,0.0,3,10.0,1.9,1.5351438586225938,1.0,1.0,86.66666666666667,90.0,90.0,18,60.0,7,23.333333333333332,1,3.3333333333333335,1,3.3333333333333335,0,0.0,3,10.0,2.1333333333333333,1.746106780494506,1.0,1.75,80.0,86.66666666666667,86.66666666666667,18,60.0,4,13.333333333333334,2,6.666666666666667,2,6.666666666666667,0,0.0,4,13.333333333333334,2.6333333333333333,1.9913702708325127,2.0,2.75,73.33333333333333,76.66666666666667,76.66666666666667,13,43.333333333333336,7,23.333333333333332,2,6.666666666666667,1,3.3333333333333335,0,0.0,7,23.333333333333332
20,True,2.433333333333333,1.5849991237291652,2.0,2.0,80.0,86.66666666666667,90.0,11,36.666666666666664,8,26.666666666666668,5,16.666666666666664,2,6.666666666666667,1,3.3333333333333335,3,10.0,2.0,1.4605934866804429,1.0,1.75,83.33333333333334,93.33333333333333,93.33333333333333,17,56.666666666666664,5,16.666666666666664,3,10.0,3,10.0,0,0.0,2,6.666666666666667,2.3,1.5737428845483836,2.0,2.0,80.0,86.66666666666667,93.33333333333333,14,46.666666666666664,5,16.666666666666664,5,16.666666666666664,2,6.666666666666667,2,6.666666666666667,2,6.666666666666667,2.933333333333333,1.9652537297311568,2.5,3.75,63.33333333333333,73.33333333333333,80.0,12,40.0,3,10.0,4,13.333333333333334,3,10.0,2,6.666666666666667,6,20.0
21,False,2.533333333333333,1.7074997966487597,2.0,2.75,73.33333333333333,83.33333333333334,86.66666666666667,10,33.33333333333333,11,36.666666666666664,1,3.3333333333333335,3,10.0,1,3.3333333333333335,4,13.333333333333334,2.2,1.6206994374857624,2.0,1.0,80.0,86.66666666666667,90.0,14,46.666666666666664,9,30.0,1,3.3333333333333335,2,6.666666666666667,1,3.3333333333333335,3,10.0,2.433333333333333,1.7641491496532322,2.0,2.75,73.33333333333333,83.33333333333334,86.66666666666667,13,43.333333333333336,8,26.666666666666668,1,3.3333333333333335,3,10.0,1,3.3333333333333335,4,13.333333333333334,3.1333333333333333,2.0286832072937253,2.0,4.75,63.33333333333333,70.0,70.0,8,26.666666666666668,9,30.0,2,6.666666666666667,2,6.666666666666667,0,0.0,9,30.0
22,False,3.1666666666666665,1.8633899812498247,2.0,3.0,63.33333333333333,66.66666666666666,80.0,6,20.0,10,33.33333333333333,3,10.0,1,3.3333333333333335,4,13.333333333333334,6,20.0,2.533333333333333,1.8926759422104522,2.0,2.75,73.33333333333333,76.66666666666667,83.33333333333334,13,43.333333333333336,8,26.666666666666668,1,3.3333333333333335,1,3.3333333333333335,2,6.666666666666667,5,16.666666666666664,2.6333333333333333,1.8705317128797598,2.0,2.75,73.33333333333333,76.66666666666667,83.33333333333334,12,40.0,7,23.333333333333332,3,10.0,1,3.3333333333333335,2,6.666666666666667,5,16.666666666666664,2.8666666666666667,1.910206504252587,2.0,3.0,63.33333333333333,76.66666666666667,80.0,10,33.33333333333333,8,26.666666666666668,1,3.3333333333333335,4,13.333333333333334,1,3.3333333333333335,6,20.0
23,True,2.7333333333333334,1.7499206331208919,2.0,2.5,73.33333333333333,80.0,83.33333333333334,8,26.666666666666668,11,36.666666666666664,3,10.0,2,6.666666666666667,1,3.3333333333333335,5,16.666666666666664,2.1,1.468559384794046,1.5,1.75,80.0,93.33333333333333,93.33333333333333,15,50.0,7,23.333333333333332,2,6.666666666666667,4,13.333333333333334,0,0.0,2,6.666666666666667,2.1,1.4224392195567912,2.0,1.75,83.33333333333334,93.33333333333333,93.33333333333333,14,46.666666666666664,8,26.666666666666668,3,10.0,3,10.0,0,0.0,2,6.666666666666667,2.066666666666667,1.1234866364235145,2.0,1.75,80.0,100.0,100.0,12,40.0,10,33.33333333333333,2,6.666666666666667,6,20.0,0,0.0,0,0.0
24,False,2.566666666666667,1.7065234314893605,2.0,2.0,80.0,83.33333333333334,83.33333333333334,9,30.0,11,36.666666666666664,4,13.333333333333334,1,3.3333333333333335,0,0.0,5,16.666666666666664,2.3333333333333335,1.7384539747207064,2.0,2.0,80.0,83.33333333333334,86.66666666666667,14,46.666666666666664,7,23.333333333333332,3,10.0,1,3.3333333333333335,1,3.3333333333333335,4,13.333333333333334,2.466666666666667,1.687865186822955,2.0,2.0,76.66666666666667,80.0,90.0,11,36.666666666666664,10,33.33333333333333,2,6.666666666666667,1,3.3333333333333335,3,10.0,3,10.0,2.6,1.7625738755203049,2.0,2.0,80.0,80.0,83.33333333333334,10,33.33333333333333,9,30.0,5,16.666666666666664,0,0.0,1,3.3333333333333335,5,16.666666666666664
25,False,2.433333333333333,1.8015425489162211,2.0,2.0,76.66666666666667,83.33333333333334,83.33333333333334,13,43.333333333333336,8,26.666666666666668,2,6.666666666666667,2,6.666666666666667,0,0.0,5,16.666666666666664,2.066666666666667,1.806162291219209,1.0,1.0,83.33333333333334,83.33333333333334,83.33333333333334,18,60.0,7,23.333333333333332,0,0.0,0,0.0,0,0.0,5,16.666666666666664,2.066666666666667,1.730767331432956,1.0,1.0,83.33333333333334,83.33333333333334,86.66666666666667,17,56.666666666666664,8,26.666666666666668,0,0.0,0,0.0,1,3.3333333333333335,4,13.333333333333334,2.6333333333333333,2.008039397577204,2.0,3.0,70.0,76.66666666666667,76.66666666666667,13,43.333333333333336,8,26.666666666666668,0,0.0,2,6.666666666666667,0,0.0,7,23.333333333333332
26,True,2.2333333333333334,1.498517786199268,2.0,2.0,86.66666666666667,90.0,90.0,12,40.0,9,30.0,5,16.666666666666664,1,3.3333333333333335,0,0.0,3,10.0,2.0,1.4832396974191326,1.0,1.75,86.66666666666667,90.0,93.33333333333333,17,56.666666666666664,5,16.666666666666664,4,13.333333333333334,1,3.3333333333333335,1,3.3333333333333335,2,6.666666666666667,2.2666666666666666,1.7499206331208919,1.5,1.75,80.0,83.33333333333334,86.66666666666667,15,50.0,7,23.333333333333332,2,6.666666666666667,1,3.3333333333333335,1,3.3333333333333335,4,13.333333333333334,2.433333333333333,1.6868774571839995,2.0,2.0,80.0,86.66666666666667,86.66666666666667,13,43.333333333333336,5,16.666666666666664,6,20.0,2,6.666666666666667,0,0.0,4,13.333333333333334
27,False,2.6666666666666665,1.7191729277636836,2.0,1.0,76.66666666666667,80.0,83.33333333333334,7,23.333333333333332,14,46.666666666666664,2,6.666666666666667,1,3.3333333333333335,1,3.3333333333333335,5,16.666666666666664,2.2333333333333334,1.7065234314893605,2.0,1.0,83.33333333333334,83.33333333333334,86.66666666666667,14,46.666666666666664,9,30.0,2,6.666666666666667,0,0.0,1,3.3333333333333335,4,13.333333333333334,2.533333333333333,1.892675942210452,2.0,2.5,73.33333333333333,80.0,80.0,12,40.0,10,33.33333333333333,0,0.0,2,6.666666666666667,0,0.0,6,20.0,2.8333333333333335,1.8988300491501484,2.0,3.75,70.0,73.33333333333333,80.0,9,30.0,10,33.33333333333333,2,6.666666666666667,1,3.3333333333333335,2,6.666666666666667,6,20.0
28,False,2.8,1.851125783588643,2.0,2.75,70.0,76.66666666666667,80.0,8,26.666666666666668,12,40.0,1,3.3333333333333335,2,6.666666666666667,1,3.3333333333333335,6,20.0,2.1666666666666665,1.5723301886761007,2.0,1.0,83.33333333333334,86.66666666666667,90.0,13,43.333333333333336,11,36.666666666666664,1,3.3333333333333335,1,3.3333333333333335,1,3.3333333333333335,3,10.0,2.2,1.6411378166788229,2.0,1.0,83.33333333333334,86.66666666666667,86.66666666666667,13,43.333333333333336,11,36.666666666666664,1,3.3333333333333335,1,3.3333333333333335,0,0.0,4,13.333333333333334,2.7,1.8466185312619385,2.0,3.0,70.0,76.66666666666667,83.33333333333334,10,33.33333333333333,10,33.33333333333333,1,3.3333333333333335,2,6.666666666666667,2,6.666666666666667,5,16.666666666666664
29,True,2.033333333333333,1.5595583420386114,1.0,1.75,86.66666666666667,90.0,90.0,17,56.666666666666664,5,16.666666666666664,4,13.333333333333334,1,3.3333333333333335,0,0.0,3,10.0,1.6,1.2274635093014645,1.0,1.0,90.0,93.33333333333333,96.66666666666667,21,70.0,6,20.0,0,0.0,1,3.3333333333333335,1,3.3333333333333335,1,3.3333333333333335,1.7666666666666666,1.3828312341794362,1.0,1.0,90.0,93.33333333333333,93.33333333333333,20,66.66666666666666,4,13.333333333333334,3,10.0,1,3.3333333333333335,0,0.0,2,6.666666666666667,2.033333333333333,1.6224124698183944,1.0,1.0,83.33333333333334,86.66666666666667,90.0,17,56.666666666666664,7,23.333333333333332,1,3.3333333333333335,1,3.3333333333333335,1,3.3333333333333335,3,10.0
30,False,2.6333333333333333,1.601735170231195,2.0,1.75,80.0,80.0,90.0,8,26.666666666666668,10,33.33333333333333,6,20.0,0,0.0,3,10.0,3,10.0,2.3333333333333335,1.6599866130651644,2.0,2.0,80.0,83.33333333333334,90.0,13,43.333333333333336,8,26.666666666666668,3,10.0,1,3.3333333333333335,2,6.666666666666667,3,10.0,2.5,1.7841898254763513,2.0,2.0,76.66666666666667,80.0,86.66666666666667,13,43.333333333333336,6,20.0,4,13.333333333333334,1,3.3333333333333335,2,6.666666666666667,4,13.333333333333334,2.6666666666666665,1.7575235101952091,2.0,2.0,76.66666666666667,80.0,83.33333333333334,9,30.0,10,33.33333333333333,4,13.333333333333334,1,3.3333333333333335,1,3.3333333333333335,5,16.666666666666664
31,True,2.6666666666666665,1.7191729277636836,2.0,2.75,73.33333333333333,80.0,86.66666666666667,9,30.0,10,33.33333333333333,3,10.0,2,6.666666666666667,2,6.666666666666667,4,13.333333333333334,2.2,1.7009801096230766,1.0,2.0,83.33333333333334,86.66666666666667,86.66666666666667,16,53.333333333333336,5,16.666666666666664,4,13.333333333333334,1,3.3333333333333335,0,0.0,4,13.333333333333334,2.3,1.676305461424021,2.0,2.0,83.33333333333334,86.66666666666667,86.66666666666667,14,46.666666666666664,6,20.0,5,16.666666666666664,1,3.3333333333333335,0,0.0,4,13.333333333333334,2.4,1.6653327995729064,2.0,2.0,76.66666666666667,86.66666666666667,90.0,14,46.666666666666664,4,13.333333333333334,5,16.666666666666664,3,10.0,1,3.3333333333333335,3,10.0
32,True,2.533333333333333,1.4996295838935993,2.0,2.0,80.0,90.0,90.0,9,30.0,8,26.666666666666668,7,23.333333333333332,3,10.0,0,0.0,3,10.0,2.2333333333333334,1.6265163865007803,1.5,2.0,80.0,83.33333333333334,93.33333333333333,15,50.0,6,20.0,3,10.0,1,3.3333333333333335,3,10.0,2,6.666666666666667,2.2333333333333334,1.5849991237291654,2.0,2.0,86.66666666666667,86.66666666666667,90.0,14,46.666666666666664,6,20.0,6,20.0,0,0.0,1,3.3333333333333335,3,10.0,2.4,1.665332799572906,2.0,2.0,80.0,83.33333333333334,90.0,13,43.333333333333336,6,20.0,5,16.666666666666664,1,3.3333333333333335,2,6.666666666666667,3,10.0
33,False,2.2666666666666666,1.6519348924485155,2.0,1.0,80.0,83.33333333333334,90.0,13,43.333333333333336,10,33.33333333333333,1,3.3333333333333335,1,3.3333333333333335,2,6.666666666666667,3,10.0,2.066666666666667,1.730767331432956,1.0,1.0,80.0,83.33333333333334,90.0,19,63.33333333333333,4,13.333333333333334,1,3.3333333333333335,1,3.3333333333333335,2,6.666666666666667,3,10.0,2.2333333333333334,1.9093337988826249,1.0,2.0,80.0,80.0,83.33333333333334,19,63.33333333333333,2,6.666666666666667,3,10.0,0,0.0,1,3.3333333333333335,5,16.666666666666664,2.6666666666666665,2.102908039411667,1.5,4.25,73.33333333333333,73.33333333333333,73.33333333333333,15,50.0,4,13.333333333333334,3,10.0,0,0.0,0,0.0,8,26.666666666666668
34,False,1.9666666666666666,1.27758452644912,2.0,1.0,93.33333333333333,93.33333333333333,93.33333333333333,13,43.333333333333336,11,36.666666666666664,4,13.333333333333334,0,0.0,0,0.0,2,6.666666666666667,1.9333333333333333,1.4817407180595246,1.0,1.0,90.0,90.0,90.0,16,53.333333333333336,9,30.0,2,6.666666666666667,0,0.0,0,0.0,3,10.0,2.1666666666666665,1.790406533599438,1.0,1.0,83.33333333333334,83.33333333333334,83.33333333333334,16,53.333333333333336,8,26.666666666666668,1,3.3333333333333335,0,0.0,0,0.0,5,16.666666666666664,2.8333333333333335,2.146055813709316,2.0,5.0,70.0,70.0,70.0,13,43.333333333333336,6,20.0,2,6.666666666666667,0,0.0,0,0.0,9,30.0
35,False,2.566666666666667,1.6669999666733315,2.0,2.75,73.33333333333333,83.33333333333334,90.0,11,36.666666666666664,7,23.333333333333332,4,13.333333333333334,3,10.0,2,6.666666666666667,3,10.0,2.1666666666666665,1.4851112939963642,2.0,1.75,86.66666666666667,86.66666666666667,93.33333333333333,13,43.333333333333336,9,30.0,4,13.333333333333334,0,0.0,2,6.666666666666667,2,6.666666666666667,2.3,1.5088627063675033,2.0,2.0,83.33333333333334,86.66666666666667,93.33333333333333,12,40.0,8,26.666666666666668,5,16.666666666666664,1,3.3333333333333335,2,6.666666666666667,2,6.666666666666667,2.933333333333333,1.9136933459209766,2.0,3.0,66.66666666666666,76.66666666666667,76.66666666666667,9,30.0,8,26.666666666666668,3,10.0,3,10.0,0,0.0,7,23.333333333333332
36,True,2.7,1.9,2.0,3.5,73.33333333333333,73.33333333333333,83.33333333333334,12,40.0,6,20.0,4,13.333333333333334,0,0.0,3,10.0,5,16.666666666666664,2.033333333333333,1.6224124698183942,1.0,1.75,80.0,86.66666666666667,93.33333333333333,19,63.33333333333333,3,10.0,2,6.666666666666667,2,6.666666666666667,2,6.666666666666667,2,6.666666666666667,2.066666666666667,1.6110727964792764,1.0,2.0,83.33333333333334,90.0,90.0,18,60.0,3,10.0,4,13.333333333333334,2,6.666666666666667,0,0.0,3,10.0,2.433333333333333,1.7065234314893605,2.0,2.75,73.33333333333333,83.33333333333334,90.0,13,43.333333333333336,7,23.333333333333332,2,6.666666666666667,3,10.0,2,6.666666666666667,3,10.0
37,False,3.0,1.8439088914585775,2.0,2.0,66.66666666666666,76.66666666666667,76.66666666666667,6,20.0,12,40.0,2,6.666666666666667,3,10.0,0,0.0,7,23.333333333333332,2.066666666666667,1.5040685563571303,2.0,1.0,86.66666666666667,90.0,90.0,14,46.666666666666664,10,33.33333333333333,2,6.666666666666667,1,3.3333333333333335,0,0.0,3,10.0,2.433333333333333,1.8381754238616315,2.0,1.75,76.66666666666667,80.0,83.33333333333334,13,43.333333333333336,9,30.0,1,3.3333333333333335,1,3.3333333333333335,1,3.3333333333333335,5,16.666666666666664,2.3333333333333335,1.679947089113887,2.0,1.75,83.33333333333334,83.33333333333334,86.66666666666667,12,40.0,10,33.33333333333333,3,10.0,0,0.0,1,3.3333333333333335,4,13.333333333333334
38,False,2.6666666666666665,1.7384539747207062,2.0,1.75,76.66666666666667,80.0,83.33333333333334,8,26.666666666666668,12,40.0,3,10.0,1,3.3333333333333335,1,3.3333333333333335,5,16.666666666666664,2.2666666666666666,1.6918103387266028,1.0,2.0,76.66666666666667,86.66666666666667,90.0,16,53.333333333333336,4,13.333333333333334,3,10.0,3,10.0,1,3.3333333333333335,3,10.0,2.2666666666666666,1.730767331432956,1.0,2.0,80.0,86.66666666666667,86.66666666666667,16,53.333333333333336,4,13.333333333333334,4,13.333333333333334,2,6.666666666666667,0,0.0,4,13.333333333333334,2.8333333333333335,1.9336206683030899,2.0,3.0,66.66666666666666,76.66666666666667,80.0,12,40.0,4,13.333333333333334,4,13.333333333333334,3,10.0,1,3.3333333333333335,6,20.0
39,False,2.466666666666667,1.586050300449376,2.0,2.0,83.33333333333334,86.66666666666667,86.66666666666667,9,30.0,11,36.666666666666664,5,16.666666666666664,1,3.3333333333333335,0,0.0,4,13.333333333333334,2.033333333333333,1.5807874268505835,1.0,1.0,83.33333333333334,90.0,90.0,17,56.666666666666664,6,20.0,2,6.666666666666667,2,6.666666666666667,0,0.0,3,10.0,2.466666666666667,1.9618585292749549,1.0,2.75,73.33333333333333,80.0,80.0,16,53.333333333333336,4,13.333333333333334,2,6.666666666666667,2,6.666666666666667,0,0.0,6,20.0,2.7666666666666666,2.1707653540219916,2.0,5.0,70.0,70.0,70.0,14,46.666666666666664,6,20.0,1,3.3333333333333335,0,0.0,0,0.0,9,30.0
40,False,2.7666666666666666,1.9093337988826249,2.0,2.0,76.66666666666667,76.66666666666667,76.66666666666667,10,33.33333333333333,8,26.666666666666668,5,16.666666666666664,0,0.0,0,0.0,7,23.333333333333332,2.3,1.7349351572897471,2.0,1.75,80.0,83.33333333333334,86.66666666666667,14,46.666666666666664,8,26.666666666666668,2,6.666666666666667,1,3.3333333333333335,1,3.3333333333333335,4,13.333333333333334,2.7333333333333334,2.06451500896027,2.0,4.25,73.33333333333333,73.33333333333333,73.33333333333333,13,43.333333333333336,6,20.0,3,10.0,0,0.0,0,0.0,8,26.666666666666668,2.9,1.972308292331602,2.0,3.75,66.66666666666666,73.33333333333333,76.66666666666667,10,33.33333333333333,8,26.666666666666668,2,6.666666666666667,2,6.666666666666667,1,3.3333333333333335,7,23.333333333333332
41,False,2.566666666666667,1.5423647068345698,2.0,2.0,80.0,86.66666666666667,90.0,9,30.0,8,26.666666666666668,7,23.333333333333332,2,6.666666666666667,1,3.3333333333333335,3,10.0,1.9333333333333333,1.2631530214330944,2.0,1.0,86.66666666666667,93.33333333333333,96.66666666666667,14,46.666666666666664,11,36.666666666666664,1,3.3333333333333335,2,6.666666666666667,1,3.3333333333333335,1,3.3333333333333335,2.2,1.5577761927397231,2.0,2.0,83.33333333333334,90.0,90.0,14,46.666666666666664,7,23.333333333333332,4,13.333333333333334,2,6.666666666666667,0,0.0,3,10.0,2.4,1.7048949136725895,2.0,2.0,80.0,83.33333333333334,86.66666666666667,12,40.0,9,30.0,3,10.0,1,3.3333333333333335,1,3.3333333333333335,4,13.333333333333334
42,False,3.033333333333333,1.9913702708325127,2.0,4.5,66.66666666666666,70.0,73.33333333333333,8,26.666666666666668,10,33.33333333333333,2,6.666666666666667,1,3.3333333333333335,1,3.3333333333333335,8,26.666666666666668,2.433333333333333,1.961008810677697,1.0,2.0,76.66666666666667,80.0,80.0,17,56.666666666666664,2,6.666666666666667,4,13.333333333333334,1,3.3333333333333335,0,0.0,6,20.0,2.5,1.8393839548428526,1.5,2.75,73.33333333333333,80.0,86.66666666666667,15,50.0,3,10.0,4,13.333333333333334,2,6.666666666666667,2,6.666666666666667,4,13.333333333333334,3.066666666666667,1.948218559493661,3.0,3.75,63.33333333333333,73.33333333333333,76.66666666666667,10,33.33333333333333,4,13.333333333333334,5,16.666666666666664,3,10.0,1,3.3333333333333335,7,23.333333333333332
43,True,2.3666666666666667,1.601735170231195,2.0,1.75,83.33333333333334,86.66666666666667,86.66666666666667,10,33.33333333333333,12,40.0,3,10.0,1,3.3333333333333335,0,0.0,4,13.333333333333334,2.0,1.505545305418162,1.0,1.0,83.33333333333334,90.0,93.33333333333333,17,56.666666666666664,6,20.0,2,6.666666666666667,2,6.666666666666667,1,3.3333333333333335,2,6.666666666666667,2.2,1.8330302779823362,1.0,1.0,80.0,83.33333333333334,83.33333333333334,17,56.666666666666664,6,20.0,1,3.3333333333333335,1,3.3333333333333335,0,0.0,5,16.666666666666664,2.6666666666666665,1.8856180831641267,2.0,3.0,70.0,76.66666666666667,83.33333333333334,12,40.0,7,23.333333333333332,2,6.666666666666667,2,6.666666666666667,2,6.666666666666667,5,16.666666666666664
44,False,2.2666666666666666,1.6316317667360556,2.0,2.0,86.66666666666667,86.66666666666667,86.66666666666667,13,43.333333333333336,8,26.666666666666668,5,16.666666666666664,0,0.0,0,0.0,4,13.333333333333334,1.9333333333333333,1.50406855635713,1.0,1.0,90.0,90.0,90.0,17,56.666666666666664,7,23.333333333333332,3,10.0,0,0.0,0,0.0,3,10.0,2.1666666666666665,1.790406533599438,1.0,1.0,83.33333333333334,83.33333333333334,83.33333333333334,16,53.333333333333336,8,26.666666666666668,1,3.3333333333333335,0,0.0,0,0.0,5,16.666666666666664,2.6,2.042873792805942,2.0,3.5,73.33333333333333,73.33333333333333,76.66666666666667,14,46.666666666666664,7,23.333333333333332,1,3.3333333333333335,0,0.0,1,3.3333333333333335,7,23.333333333333332
45,False,2.4,1.5620499351813308,2.0,2.0,80.0,86.66666666666667,90.0,10,33.33333333333333,11,36.666666666666664,3,10.0,2,6.666666666666667,1,3.3333333333333335,3,10.0,2.066666666666667,1.6316317667360556,1.5,1.0,86.66666666666667,86.66666666666667,86.66666666666667,15,50.0,10,33.33333333333333,1,3.3333333333333335,0,0.0,0,0.0,4,13.333333333333334,2.2333333333333334,1.7451520150277902,1.5,1.0,80.0,83.33333333333334,86.66666666666667,15,50.0,8,26.666666666666668,1,3.3333333333333335,1,3.3333333333333335,1,3.3333333333333335,4,13.333333333333334,2.433333333333333,1.8015425489162213,2.0,2.5,73.33333333333333,80.0,86.66666666666667,13,43.333333333333336,9,30.0,0,0.0,2,6.666666666666667,2,6.666666666666667,4,13.333333333333334
46,False,2.8666666666666667,1.564892612574067,3.0,1.0,76.66666666666667,83.33333333333334,86.66666666666667,6,20.0,8,26.666666666666668,9,30.0,2,6.666666666666667,1,3.3333333333333335,4,13.333333333333334,2.3666666666666667,1.7026123718829511,2.0,2.0,80.0,86.66666666666667,86.66666666666667,14,46.666666666666664,5,16.666666666666664,5,16.666666666666664,2,6.666666666666667,0,0.0,4,13.333333333333334,2.6333333333333333,1.8162843634433703,2.0,2.75,73.33333333333333,80.0,83.33333333333334,11,36.666666666666664,8,26.666666666666668,3,10.0,2,6.666666666666667,1,3.3333333333333335,5,16.666666666666664,3.1666666666666665,1.9507833184532706,3.0,4.0,63.33333333333333,70.0,76.66666666666667,10,33.33333333333333,2,6.666666666666667,7,23.333333333333332,2,6.666666666666667,2,6.666666666666667,7,23.333333333333332
47,False,2.7666666666666666,1.7065234314893605,2.5,3.0,70.0,83.33333333333334,86.66666666666667,10,33.33333333333333,5,16.666666666666664,6,20.0,4,13.333333333333334,1,3.3333333333333335,4,13.333333333333334,2.2666666666666666,1.6519348924485158,2.0,1.75,76.66666666666667,86.66666666666667,90.0,14,46.666666666666664,8,26.666666666666668,1,3.3333333333333335,3,10.0,1,3.3333333333333335,3,10.0,2.466666666666667,1.839081896551163,2.0,2.75,73.33333333333333,83.33333333333334,83.33333333333334,14,46.666666666666664,6,20.0,2,6.666666666666667,3,10.0,0,0.0,5,16.666666666666664,3.033333333333333,1.8882678717691395,2.5,3.75,63.33333333333333,73.33333333333333,80.0,9,30.0,6,20.0,4,13.333333333333334,3,10.0,2,6.666666666666667,6,20.0
48,False,2.7,1.5524174696260025,2.0,1.0,83.33333333333334,83.33333333333334,86.66666666666667,6,20.0,11,36.666666666666664,8,26.666666666666668,0,0.0,1,3.3333333333333335,4,13.333333333333334,2.466666666666667,1.8208667044996885,2.0,2.0,76.66666666666667,83.33333333333334,83.33333333333334,14,46.666666666666664,5,16.666666666666664,4,13.333333333333334,2,6.666666666666667,0,0.0,5,16.666666666666664,2.6333333333333333,1.7413277182145301,2.0,2.0,76.66666666666667,83.33333333333334,83.33333333333334,10,33.33333333333333,8,26.666666666666668,5,16.666666666666664,2,6.666666666666667,0,0.0,5,16.666666666666664,3.066666666666667,1.8245242911205342,3.0,2.75,63.33333333333333,76.66666666666667,80.0,8,26.666666666666668,6,20.0,5,16.666666666666664,4,13.333333333333334,1,3.3333333333333335,6,20.0
49,False,2.7333333333333334,1.8427033281447005,2.0,2.0,76.66666666666667,80.0,80.0,11,36.666666666666664,5,16.666666666666664,7,23.333333333333332,1,3.3333333333333335,0,0.0,6,20.0,2.4,1.9252705437591533,1.0,2.0,80.0,80.0,80.0,16,53.333333333333336,4,13.333333333333334,4,13.333333333333334,0,0.0,0,0.0,6,20.0,2.433333333333333,1.9439364415764442,1.0,2.0,76.66666666666667,80.0,80.0,16,53.333333333333336,4,13.333333333333334,3,10.0,1,3.3333333333333335,0,0.0,6,20.0,3.066666666666667,2.048305532764962,2.5,4.75,63.33333333333333,70.0,73.33333333333333,11,36.666666666666664,4,13.333333333333334,4,13.333333333333334,2,6.666666666666667,1,3.3333333333333335,8,26.666666666666668
50,True,2.1666666666666665,1.654958878307521,1.0,1.75,80.0,86.66666666666667,90.0,16,53.333333333333336,6,20.0,2,6.666666666666667,2,6.666666666666667,1,3.3333333333333335,3,10.0,1.9333333333333333,1.569146972791976,1.0,1.0,83.33333333333334,86.66666666666667,93.33333333333333,19,63.33333333333333,5,16.666666666666664,1,3.3333333333333335,1,3.3333333333333335,2,6.666666666666667,2,6.666666666666667,2.1666666666666665,1.6141733350404335,1.0,2.0,83.33333333333334,83.33333333333334,93.33333333333333,16,53.333333333333336,5,16.666666666666664,4,13.333333333333334,0,0.0,3,10.0,2,6.666666666666667,2.7333333333333334,2.0805982045769644,1.5,3.75,66.66666666666666,73.33333333333333,76.66666666666667,15,50.0,3,10.0,2,6.666666666666667,2,6.666666666666667,1,3.3333333333333335,7,23.333333333333332
51,True,2.8333333333333335,1.790406533599438,2.0,2.75,73.33333333333333,76.66666666666667,83.33333333333334,9,30.0,7,23.333333333333332,6,20.0,1,3.3333333333333335,2,6.666666666666667,5,16.666666666666664,2.2666666666666666,1.569146972791976,2.0,2.0,80.0,90.0,90.0,13,43.333333333333336,8,26.666666666666668,3,10.0,3,10.0,0,0.0,3,10.0,2.3,1.4410644214144859,2.0,2.0,83.33333333333334,90.0,93.33333333333333,11,36.666666666666664,9,30.0,5,16.666666666666664,2,6.666666666666667,1,3.3333333333333335,2,6.666666666666667,2.933333333333333,1.8245242911205346,2.0,2.75,70.0,76.66666666666667,80.0,8,26.666666666666668,8,26.666666666666668,5,16.666666666666664,2,6.666666666666667,1,3.3333333333333335,6,20.0
52,False,3.0,1.7888543819998317,2.5,2.0,70.0,76.66666666666667,80.0,7,23.333333333333332,8,26.666666666666668,6,20.0,2,6.666666666666667,1,3.3333333333333335,6,20.0,2.4,1.9595917942265424,1.0,2.5,73.33333333333333,80.0,80.0,16,53.333333333333336,6,20.0,0,0.0,2,6.666666666666667,0,0.0,6,20.0,2.6,1.9595917942265426,2.0,2.75,73.33333333333333,76.66666666666667,80.0,14,46.666666666666664,5,16.666666666666664,3,10.0,1,3.3333333333333335,1,3.3333333333333335,6,20.0,3.2,2.0066555924389884,3.0,5.0,66.66666666666666,70.0,70.0,9,30.0,4,13.333333333333334,7,23.333333333333332,1,3.3333333333333335,0,0.0,9,30.0
53,False,2.5,1.6881943016134133,2.0,2.0,83.33333333333334,83.33333333333334,86.66666666666667,12,40.0,5,16.666666666666664,8,26.666666666666668,0,0.0,1,3.3333333333333335,4,13.333333333333334,2.2,1.7397317800933183,1.0,1.75,83.33333333333334,83.33333333333334,86.66666666666667,16,53.333333333333336,6,20.0,3,10.0,0,0.0,1,3.3333333333333335,4,13.333333333333334,2.2,1.7397317800933183,1.0,1.75,83.33333333333334,83.33333333333334,86.66666666666667,16,53.333333333333336,6,20.0,3,10.0,0,0.0,1,3.3333333333333335,4,13.333333333333334,2.8666666666666667,1.9102065042525873,2.0,3.0,66.66666666666666,76.66666666666667,80.0,11,36.666666666666664,5,16.666666666666664,4,13.333333333333334,3,10.0,1,3.3333333333333335,6,20.0
54,True,2.2333333333333334,1.358512258154322,2.0,1.75,83.33333333333334,93.33333333333333,93.33333333333333,10,33.33333333333333,12,40.0,3,10.0,3,10.0,0,0.0,2,6.666666666666667,2.033333333333333,1.5807874268505835,1.0,1.0,83.33333333333334,90.0,90.0,17,56.666666666666664,6,20.0,2,6.666666666666667,2,6.666666666666667,0,0.0,3,10.0,2.2666666666666666,1.730767331432956,1.0,2.0,80.0,86.66666666666667,86.66666666666667,16,53.333333333333336,4,13.333333333333334,4,13.333333333333334,2,6.666666666666667,0,0.0,4,13.333333333333334,2.7333333333333334,1.8607047649270483,2.0,3.0,66.66666666666666,80.0,83.33333333333334,12,40.0,5,16.666666666666664,3,10.0,4,13.333333333333334,1,3.3333333333333335,5,16.666666666666664
55,False,2.6333333333333333,1.9232495649002206,2.0,3.0,70.0,80.0,80.0,13,43.333333333333336,6,20.0,2,6.666666666666667,3,10.0,0,0.0,6,20.0,2.1333333333333333,1.8571184369578826,1.0,1.0,80.0,83.33333333333334,83.33333333333334,19,63.33333333333333,4,13.333333333333334,1,3.3333333333333335,1,3.3333333333333335,0,0.0,5,16.666666666666664,2.1666666666666665,1.7336538165261124,1.0,1.75,80.0,86.66666666666667,86.66666666666667,17,56.666666666666664,5,16.666666666666664,2,6.666666666666667,2,6.666666666666667,0,0.0,4,13.333333333333334,2.566666666666667,1.9439364415764444,2.0,3.5,73.33333333333333,73.33333333333333,83.33333333333334,14,46.666666666666664,6,20.0,2,6.666666666666667,0,0.0,3,10.0,5,16.666666666666664
56,False,2.8,2.0558858593479035,2.0,4.5,70.0,73.33333333333333,73.33333333333333,12,40.0,7,23.333333333333332,2,6.666666666666667,1,3.3333333333333335,0,0.0,8,26.666666666666668,1.9,1.57797338380595,1.0,1.0,86.66666666666667,90.0,90.0,20,66.66666666666666,3,10.0,3,10.0,1,3.3333333333333335,0,0.0,3,10.0,2.1666666666666665,1.808928473495351,1.0,1.0,83.33333333333334,83.33333333333334,83.33333333333334,17,56.666666666666664,6,20.0,2,6.666666666666667,0,0.0,0,0.0,5,16.666666666666664,2.4,1.836663641860788,1.5,2.0,76.66666666666667,83.33333333333334,83.33333333333334,15,50.0,5,16.666666666666664,3,10.0,2,6.666666666666667,0,0.0,5,16.666666666666664
57,True,2.6,1.7435595774162693,2.0,3.0,70.0,83.33333333333334,86.66666666666667,11,36.666666666666664,8,26.666666666666668,2,6.666666666666667,4,13.333333333333334,1,3.3333333333333335,4,13.333333333333334,2.033333333333333,1.5380362660079103,1.0,1.75,86.66666666666667,86.66666666666667,93.33333333333333,17,56.666666666666664,5,16.666666666666664,4,13.333333333333334,0,0.0,2,6.666666666666667,2,6.666666666666667,2.0,1.390443574307614,1.0,1.75,86.66666666666667,90.0,96.66666666666667,16,53.333333333333336,6,20.0,4,13.333333333333334,1,3.3333333333333335,2,6.666666666666667,1,3.3333333333333335,2.8333333333333335,1.984663419547226,2.0,4.0,70.0,70.0,80.0,12,40.0,5,16.666666666666664,4,13.333333333333334,0,0.0,3,10.0,6,20.0
58,False,2.7,1.8284784202536637,2.0,1.75,76.66666666666667,76.66666666666667,80.0,8,26.666666666666668,13,43.333333333333336,2,6.666666666666667,0,0.0,1,3.3333333333333335,6,20.0,2.066666666666667,1.5040685563571303,2.0,1.0,86.66666666666667,90.0,90.0,14,46.666666666666664,10,33.33333333333333,2,6.666666666666667,1,3.3333333333333335,0,0.0,3,10.0,2.1333333333333333,1.4772346537440226,2.0,1.0,86.66666666666667,90.0,90.0,12,40.0,12,40.0,2,6.666666666666667,1,3.3333333333333335,0,0.0,3,10.0,2.2333333333333334,1.4761059883656353,2.0,1.75,86.66666666666667,90.0,90.0,11,36.666666666666664,11,36.666666666666664,4,13.333333333333334,1,3.3333333333333335,0,0.0,3,10.0
59,True,2.7,1.7156145643277028,2.0,1.0,76.66666666666667,80.0,83.33333333333334,7,23.333333333333332,13,43.333333333333336,3,10.0,1,3.3333333333333335,1,3.3333333333333335,5,16.666666666666664,2.0,1.3165611772087666,2.0,1.0,90.0,93.33333333333333,93.33333333333333,13,43.333333333333336,11,36.666666666666664,3,10.0,1,3.3333333333333335,0,0.0,2,6.666666666666667,2.066666666666667,1.3148721948877347,2.0,1.0,90.0,93.33333333333333,93.33333333333333,12,40.0,11,36.666666666666664,4,13.333333333333334,1,3.3333333333333335,0,0.0,2,6.666666666666667,2.6333333333333333,1.6224124698183944,2.0,2.75,73.33333333333333,83.33333333333334,90.0,9,30.0,9,30.0,4,13.333333333333334,3,10.0,2,6.666666666666667,3,10.0
60,True,2.1666666666666665,1.5509853498842454,2.0,1.0,83.33333333333334,86.66666666666667,90.0,12,40.0,13,43.333333333333336,0,0.0,1,3.3333333333333335,1,3.3333333333333335,3,10.0,1.9666666666666666,1.5595583420386114,1.0,1.0,86.66666666666667,86.66666666666667,90.0,16,53.333333333333336,10,33.33333333333333,0,0.0,0,0.0,1,3.3333333333333335,3,10.0,2.066666666666667,1.5260697523012796,1.5,1.0,83.33333333333334,86.66666666666667,93.33333333333333,15,50.0,9,30.0,1,3.3333333333333335,1,3.3333333333333335,2,6.666666666666667,2,6.666666666666667,2.6,1.8547236990991407,2.0,2.75,73.33333333333333,76.66666666666667,83.33333333333334,11,36.666666666666664,10,33.33333333333333,1,3.3333333333333335,1,3.3333333333333335,2,6.666666666666667,5,16.666666666666664
61,False,3.033333333333333,1.923249564900221,2.0,3.0,66.66666666666666,70.0,76.66666666666667,7,23.333333333333332,11,36.666666666666664,2,6.666666666666667,1,3.3333333333333335,2,6.666666666666667,7,23.333333333333332,2.3,1.8466185312619385,1.0,1.75,76.66666666666667,83.33333333333334,83.33333333333334,16,53.333333333333336,6,20.0,1,3.3333333333333335,2,6.666666666666667,0,0.0,5,16.666666666666664,2.5,1.8211717839530315,2.0,3.0,66.66666666666666,83.33333333333334,86.66666666666667,14,46.666666666666664,6,20.0,0,0.0,5,16.666666666666664,1,3.3333333333333335,4,13.333333333333334,2.8666666666666667,2.0773915267843845,2.0,4.0,63.33333333333333,70.0,76.66666666666667,13,43.333333333333336,5,16.666666666666664,1,3.3333333333333335,2,6.666666666666667,2,6.666666666666667,7,23.333333333333332
62,False,3.1666666666666665,1.8089284734953512,2.5,2.75,66.66666666666666,73.33333333333333,76.66666666666667,5,16.666666666666664,10,33.33333333333333,5,16.666666666666664,2,6.666666666666667,1,3.3333333333333335,7,23.333333333333332,2.2333333333333334,1.6265163865007803,1.5,2.0,83.33333333333334,86.66666666666667,90.0,15,50.0,5,16.666666666666664,5,16.666666666666664,1,3.3333333333333335,1,3.3333333333333335,3,10.0,2.3666666666666667,1.682920741515245,2.0,2.0,80.0,86.66666666666667,86.66666666666667,13,43.333333333333336,7,23.333333333333332,4,13.333333333333334,2,6.666666666666667,0,0.0,4,13.333333333333334,2.9,1.972308292331602,2.0,3.75,70.0,73.33333333333333,76.66666666666667,11,36.666666666666664,5,16.666666666666664,5,16.666666666666664,1,3.3333333333333335,1,3.3333333333333335,7,23.333333333333332
63,False,2.5,1.6072751268321592,2.0,1.75,83.33333333333334,83.33333333333334,86.66666666666667,8,26.666666666666668,13,43.333333333333336,4,13.333333333333334,0,0.0,1,3.3333333333333335,4,13.333333333333334,2.2333333333333334,1.5849991237291654,2.0,1.75,83.33333333333334,86.66666666666667,90.0,13,43.333333333333336,9,30.0,3,10.0,1,3.3333333333333335,1,3.3333333333333335,3,10.0,2.3666666666666667,1.601735170231195,2.0,2.0,83.33333333333334,83.33333333333334,90.0,11,36.666666666666664,10,33.33333333333333,4,13.333333333333334,0,0.0,2,6.666666666666667,3,10.0,2.6,1.854723699099141,2.0,2.0,76.66666666666667,80.0,80.0,11,36.666666666666664,9,30.0,3,10.0,1,3.3333333333333335,0,0.0,6,20.0
64,False,3.0,1.879716290649558,2.0,2.75,66.66666666666666,76.66666666666667,76.66666666666667,8,26.666666666666668,8,26.666666666666668,4,13.333333333333334,3,10.0,0,0.0,7,23.333333333333332,2.3333333333333335,1.6996731711975948,2.0,1.75,76.66666666666667,86.66666666666667,86.66666666666667,13,43.333333333333336,9,30.0,1,3.3333333333333335,3,10.0,0,0.0,4,13.333333333333334,2.6666666666666665,1.920648038785058,2.0,3.75,70.0,73.33333333333333,83.33333333333334,12,40.0,8,26.666666666666668,1,3.3333333333333335,1,3.3333333333333335,3,10.0,5,16.666666666666664,3.066666666666667,2.031966753883756,2.0,4.75,63.33333333333333,70.0,73.33333333333333,10,33.33333333333333,6,20.0,3,10.0,2,6.666666666666667,1,3.3333333333333335,8,26.666666666666668
65,False,2.6,1.6451950239004087,2.0,2.0,80.0,83.33333333333334,86.66666666666667,9,30.0,9,30.0,6,20.0,1,3.3333333333333335,1,3.3333333333333335,4,13.333333333333334,2.1,1.535143858622594,1.5,1.75,86.66666666666667,90.0,90.0,15,50.0,7,23.333333333333332,4,13.333333333333334,1,3.3333333333333335,0,0.0,3,10.0,2.3,1.6360521589077368,2.0,2.0,80.0,86.66666666666667,90.0,14,46.666666666666664,6,20.0,4,13.333333333333334,2,6.666666666666667,1,3.3333333333333335,3,10.0,2.6333333333333333,1.9405039437103844,2.0,2.75,73.33333333333333,76.66666666666667,80.0,13,43.333333333333336,6,20.0,3,10.0,1,3.3333333333333335,1,3.3333333333333335,6,20.0
66,False,2.966666666666667,1.8882678717691397,2.5,3.0,70.0,76.66666666666667,76.66666666666667,9,30.0,6,20.0,6,20.0,2,6.666666666666667,0,0.0,7,23.333333333333332,2.2333333333333334,1.6669999666733317,1.0,2.0,80.0,86.66666666666667,90.0,16,53.333333333333336,4,13.333333333333334,4,13.333333333333334,2,6.666666666666667,1,3.3333333333333335,3,10.0,2.3,1.6563010998406458,1.5,2.0,80.0,86.66666666666667,90.0,15,50.0,4,13.333333333333334,5,16.666666666666664,2,6.666666666666667,1,3.3333333333333335,3,10.0,2.566666666666667,1.8381754238616317,1.5,3.0,66.66666666666666,83.33333333333334,86.66666666666667,15,50.0,2,6.666666666666667,3,10.0,5,16.666666666666664,1,3.3333333333333335,4,13.333333333333334
67,False,2.466666666666667,1.7074997966487597,2.0,2.0,80.0,83.33333333333334,86.66666666666667,12,40.0,7,23.333333333333332,5,16.666666666666664,1,3.3333333333333335,1,3.3333333333333335,4,13.333333333333334,2.1333333333333333,1.5648926125740668,1.5,1.75,83.33333333333334,90.0,90.0,15,50.0,7,23.333333333333332,3,10.0,2,6.666666666666667,0,0.0,3,10.0,2.4,1.8000000000000003,2.0,2.0,80.0,83.33333333333334,83.33333333333334,14,46.666666666666664,6,20.0,4,13.333333333333334,1,3.3333333333333335,0,0.0,5,16.666666666666664,2.466666666666667,1.6679994670929075,2.0,2.0,76.66666666666667,83.33333333333334,90.0,12,40.0,7,23.333333333333332,4,13.333333333333334,2,6.666666666666667,2,6.666666666666667,3,10.0
68,False,2.7,1.8101565309847283,2.0,2.75,73.33333333333333,76.66666666666667,83.33333333333334,9,30.0,11,36.666666666666664,2,6.666666666666667,1,3.3333333333333335,2,6.666666666666667,5,16.666666666666664,2.3333333333333335,1.699673171197595,2.0,1.0,80.0,83.33333333333334,86.66666666666667,12,40.0,11,36.666666666666664,1,3.3333333333333335,1,3.3333333333333335,1,3.3333333333333335,4,13.333333333333334,2.5,1.7272328544042153,2.0,2.0,80.0,83.33333333333334,83.33333333333334,10,33.33333333333333,11,36.666666666666664,3,10.0,1,3.3333333333333335,0,0.0,5,16.666666666666664,2.9,1.903505538035898,2.0,3.0,70.0,76.66666666666667,76.66666666666667,9,30.0,8,26.666666666666668,4,13.333333333333334,2,6.666666666666667,0,0.0,7,23.333333333333332
69,False,2.6333333333333333,1.8526257642120336,2.0,2.0,76.66666666666667,80.0,80.0,11,36.666666666666664,8,26.666666666666668,4,13.333333333333334,1,3.3333333333333335,0,0.0,6,20.0,2.2,1.5790292376436015,2.0,1.75,80.0,90.0,90.0,14,46.666666666666664,8,26.666666666666668,2,6.666666666666667,3,10.0,0,0.0,3,10.0,2.466666666666667,1.7074997966487597,2.0,2.0,76.66666666666667,83.33333333333334,86.66666666666667,11,36.666666666666664,10,33.33333333333333,2,6.666666666666667,2,6.666666666666667,1,3.3333333333333335,4,13.333333333333334,2.533333333333333,1.564892612574067,2.0,2.0,80.0,86.66666666666667,90.0,10,33.33333333333333,7,23.333333333333332,7,23.333333333333332,2,6.666666666666667,1,3.3333333333333335,3,10.0
70,False,3.033333333333333,1.9576062480034697,2.5,3.75,63.33333333333333,73.33333333333333,76.66666666666667,10,33.33333333333333,5,16.666666666666664,4,13.333333333333334,3,10.0,1,3.3333333333333335,7,23.333333333333332,2.2,1.92180470738661,1.0,1.0,76.66666666666667,80.0,83.33333333333334,19,63.33333333333333,4,13.333333333333334,0,0.0,1,3.3333333333333335,1,3.3333333333333335,5,16.666666666666664,2.4,1.9595917942265424,1.0,2.75,73.33333333333333,76.66666666666667,83.33333333333334,17,56.666666666666664,4,13.333333333333334,1,3.3333333333333335,1,3.3333333333333335,2,6.666666666666667,5,16.666666666666664,2.5,1.875277757204694,2.0,2.75,73.33333333333333,80.0,83.33333333333334,14,46.666666666666664,6,20.0,2,6.666666666666667,2,6.666666666666667,1,3.3333333333333335,5,16.666666666666664
71,False,2.7666666666666666,1.8740923729160797,2.0,3.0,70.0,80.0,80.0,11,36.666666666666664,6,20.0,4,13.333333333333334,3,10.0,0,0.0,6,20.0,2.1,1.73877351409933,1.0,1.0,80.0,86.66666666666667,86.66666666666667,18,60.0,5,16.666666666666664,1,3.3333333333333335,2,6.666666666666667,0,0.0,4,13.333333333333334,2.466666666666667,1.927577639306795,1.5,2.0,76.66666666666667,80.0,80.0,15,50.0,5,16.666666666666664,3,10.0,1,3.3333333333333335,0,0.0,6,20.0,2.7333333333333334,1.896195020443719,2.0,3.0,70.0,80.0,80.0,12,40.0,5,16.666666666666664,4,13.333333333333334,3,10.0,0,0.0,6,20.0
72,False,2.533333333333333,1.8749814813900312,2.0,2.0,80.0,80.0,80.0,13,43.333333333333336,6,20.0,5,16.666666666666664,0,0.0,0,0.0,6,20.0,2.1666666666666665,1.8272626764887658,1.0,1.75,83.33333333333334,83.33333333333334,83.33333333333334,18,60.0,4,13.333333333333334,3,10.0,0,0.0,0,0.0,5,16.666666666666664,2.4,1.9933221850301406,1.0,2.0,76.66666666666667,76.66666666666667,80.0,17,56.666666666666664,4,13.333333333333334,2,6.666666666666667,0,0.0,1,3.3333333333333335,6,20.0,2.6333333333333333,2.105284356618417,1.5,4.25,73.33333333333333,73.33333333333333,73.33333333333333,15,50.0,5,16.666666666666664,2,6.666666666666667,0,0.0,0,0.0,8,26.666666666666668
73,False,2.0,1.5275252316519468,1.0,1.0,86.66666666666667,90.0,90.0,16,53.333333333333336,8,26.666666666666668,2,6.666666666666667,1,3.3333333333333335,0,0.0,3,10.0,1.6666666666666667,1.3743685418725535,1.0,0.75,90.0,93.33333333333333,93.33333333333333,22,73.33333333333333,3,10.0,2,6.666666666666667,1,3.3333333333333335,0,0.0,2,6.666666666666667,1.8333333333333333,1.5723301886761007,1.0,1.0,86.66666666666667,90.0,90.0,21,70.0,3,10.0,2,6.666666666666667,1,3.3333333333333335,0,0.0,3,10.0,2.5,1.91049731745428,1.5,3.0,70.0,80.0,83.33333333333334,15,50.0,5,16.666666666666664,1,3.3333333333333335,3,10.0,1,3.3333333333333335,5,16.666666666666664
74,False,2.2,1.4236104336041748,2.0,1.0,83.33333333333334,90.0,93.33333333333333,11,36.666666666666664,12,40.0,2,6.666666666666667,2,6.666666666666667,1,3.3333333333333335,2,6.666666666666667,2.1666666666666665,1.6947631758514883,1.0,1.75,83.33333333333334,86.66666666666667,86.66666666666667,16,53.333333333333336,6,20.0,3,10.0,1,3.3333333333333335,0,0.0,4,13.333333333333334,2.466666666666667,1.910206504252587,1.5,2.0,76.66666666666667,76.66666666666667,83.33333333333334,15,50.0,5,16.666666666666664,3,10.0,0,0.0,2,6.666666666666667,5,16.666666666666664,2.9,1.903505538035898,2.0,3.0,70.0,76.66666666666667,76.66666666666667,9,30.0,8,26.666666666666668,4,13.333333333333334,2,6.666666666666667,0,0.0,7,23.333333333333332
75,False,2.4,1.6451950239004087,2.0,2.0,80.0,83.33333333333334,90.0,12,40.0,8,26.666666666666668,4,13.333333333333334,1,3.3333333333333335,2,6.666666666666667,3,10.0,2.0,1.7511900715418263,1.0,1.0,83.33333333333334,83.33333333333334,86.66666666666667,19,63.33333333333333,6,20.0,0,0.0,0,0.0,1,3.3333333333333335,4,13.333333333333334,2.3,1.9,1.0,1.75,76.66666666666667,80.0,83.33333333333334,17,56.666666666666664,5,16.666666666666664,1,3.3333333333333335,1,3.3333333333333335,1,3.3333333333333335,5,16.666666666666664,2.433333333333333,1.9093337988826247,2.0,1.75,76.66666666666667,80.0,80.0,14,46.666666666666664,8,26.666666666666668,1,3.3333333333333335,1,3.3333333333333335,0,0.0,6,20.0
76,True,2.6333333333333333,1.7978382080215733,2.0,2.75,73.33333333333333,83.33333333333334,83.33333333333334,12,40.0,5,16.666666666666664,5,16.666666666666664,3,10.0,0,0.0,5,16.666666666666664,2.2333333333333334,1.6669999666733317,1.0,2.0,80.0,86.66666666666667,90.0,16,53.333333333333336,4,13.333333333333334,4,13.333333333333334,2,6.666666666666667,1,3.3333333333333335,3,10.0,2.3666666666666667,1.7792008193443356,1.5,2.0,76.66666666666667,83.33333333333334,86.66666666666667,15,50.0,5,16.666666666666664,3,10.0,2,6.666666666666667,1,3.3333333333333335,4,13.333333333333334,3.1333333333333333,2.10923893594085,2.5,5.0,63.33333333333333,66.66666666666666,70.0,11,36.666666666666664,4,13.333333333333334,4,13.333333333333334,1,3.3333333333333335,1,3.3333333333333335,9,30.0
77,True,2.1,1.6603212540549694,1.5,1.0,83.33333333333334,86.66666666666667,86.66666666666667,15,50.0,10,33.33333333333333,0,0.0,1,3.3333333333333335,0,0.0,4,13.333333333333334,1.8666666666666667,1.4313940369055926,1.0,1.0,86.66666666666667,90.0,93.33333333333333,17,56.666666666666664,9,30.0,0,0.0,1,3.3333333333333335,1,3.3333333333333335,2,6.666666666666667,2.2,1.833030277982336,1.0,1.0,80.0,83.33333333333334,83.33333333333334,17,56.666666666666664,6,20.0,1,3.3333333333333335,1,3.3333333333333335,0,0.0,5,16.666666666666664,2.2333333333333334,1.6058919293927874,2.0,1.75,76.66666666666667,90.0,90.0,14,46.666666666666664,8,26.666666666666668,1,3.3333333333333335,4,13.333333333333334,0,0.0,3,10.0
78,False,3.033333333333333,1.682920741515245,3.0,1.75,73.33333333333333,80.0,80.0,5,16.666666666666664,9,30.0,8,26.666666666666668,2,6.666666666666667,0,0.0,6,20.0,2.4,1.624807680927192,2.0,2.0,83.33333333333334,86.66666666666667,86.66666666666667,11,36.666666666666664,9,30.0,5,16.666666666666664,1,3.3333333333333335,0,0.0,4,13.333333333333334,2.7,1.8101565309847287,2.0,3.0,70.0,80.0,83.33333333333334,10,33.33333333333333,9,30.0,2,6.666666666666667,3,10.0,1,3.3333333333333335,5,16.666666666666664,2.6666666666666665,1.5347819244295116,2.0,1.75,76.66666666666667,86.66666666666667,90.0,8,26.666666666666668,8,26.666666666666668,7,23.333333333333332,3,10.0,1,3.3333333333333335,3,10.0
79,True,2.533333333333333,1.7838784213679537,2.0,2.0,76.66666666666667,83.33333333333334,83.33333333333334,12,40.0,7,23.333333333333332,4,13.333333333333334,2,6.666666666666667,0,0.0,5,16.666666666666664,2.1,1.491084616423003,1.0,2.0,80.0,93.33333333333333,93.33333333333333,16,53.333333333333336,5,16.666666666666664,3,10.0,4,13.333333333333334,0,0.0,2,6.666666666666667,2.433333333333333,1.6868774571839995,2.0,2.0,76.66666666666667,86.66666666666667,86.66666666666667,12,40.0,8,26.666666666666668,3,10.0,3,10.0,0,0.0,4,13.333333333333334,2.566666666666667,1.6265163865007801,2.0,2.75,73.33333333333333,86.66666666666667,90.0,11,36.666666666666664,6,20.0,5,16.666666666666664,4,13.333333333333334,1,3.3333333333333335,3,10.0
80,True,2.4,1.3564659966250536,2.0,1.75,80.0,93.33333333333333,93.33333333333333,8,26.666666666666668,12,40.0,4,13.333333333333334,4,13.333333333333334,0,0.0,2,6.666666666666667,2.0,1.61245154965971,1.0,1.0,83.33333333333334,86.66666666666667,90.0,17,56.666666666666664,8,26.666666666666668,0,0.0,1,3.3333333333333335,1,3.3333333333333335,3,10.0,2.1333333333333333,1.6679994670929073,1.0,1.0,83.33333333333334,83.33333333333334,90.0,16,53.333333333333336,7,23.333333333333332,2,6.666666666666667,0,0.0,2,6.666666666666667,3,10.0,2.7333333333333334,1.7688665548562132,2.0,2.75,73.33333333333333,80.0,83.33333333333334,9,30.0,9,30.0,4,13.333333333333334,2,6.666666666666667,1,3.3333333333333335,5,16.666666666666664
81,False,2.7,1.8101565309847285,2.0,2.0,80.0,80.0,80.0,10,33.33333333333333,7,23.333333333333332,7,23.333333333333332,0,0.0,0,0.0,6,20.0,2.1333333333333333,1.54344492037203,1.5,2.0,86.66666666666667,90.0,90.0,15,50.0,6,20.0,5,16.666666666666664,1,3.3333333333333335,0,0.0,3,10.0,2.3,1.69607389776114,2.0,2.0,80.0,86.66666666666667,86.66666666666667,14,46.666666666666664,7,23.333333333333332,3,10.0,2,6.666666666666667,0,0.0,4,13.333333333333334,2.7333333333333334,1.9821424996424677,2.0,3.75,70.0,73.33333333333333,80.0,13,43.333333333333336,5,16.666666666666664,3,10.0,1,3.3333333333333335,2,6.666666666666667,6,20.0
82,False,2.8333333333333335,1.6549588783075213,2.5,2.75,70.0,83.33333333333334,86.66666666666667,8,26.666666666666668,7,23.333333333333332,6,20.0,4,13.333333333333334,1,3.3333333333333335,4,13.333333333333334,2.4,1.836663641860788,1.5,2.0,76.66666666666667,83.33333333333334,83.33333333333334,15,50.0,5,16.666666666666664,3,10.0,2,6.666666666666667,0,0.0,5,16.666666666666664,2.433333333333333,1.856220772310114,1.5,2.75,73.33333333333333,83.33333333333334,83.33333333333334,15,50.0,5,16.666666666666664,2,6.666666666666667,3,10.0,0,0.0,5,16.666666666666664,2.8333333333333335,2.0013884069704098,2.0,3.0,66.66666666666666,76.66666666666667,76.66666666666667,13,43.333333333333336,3,10.0,4,13.333333333333334,3,10.0,0,0.0,7,23.333333333333332
83,False,2.5,1.91049731745428,2.0,2.0,76.66666666666667,80.0,80.0,14,46.666666666666664,6,20.0,3,10.0,1,3.3333333333333335,0,0.0,6,20.0,2.066666666666667,1.8245242911205346,1.0,1.0,83.33333333333334,83.33333333333334,83.33333333333334,19,63.33333333333333,5,16.666666666666664,1,3.3333333333333335,0,0.0,0,0.0,5,16.666666666666664,2.033333333333333,1.6224124698183944,1.0,1.0,83.33333333333334,86.66666666666667,90.0,17,56.666666666666664,7,23.333333333333332,1,3.3333333333333335,1,3.3333333333333335,1,3.3333333333333335,3,10.0,2.1,1.445683229480096,2.0,1.75,86.66666666666667,90.0,93.33333333333333,14,46.666666666666664,8,26.666666666666668,4,13.333333333333334,1,3.3333333333333335,1,3.3333333333333335,2,6.666666666666667
84,False,2.8,1.886796226411321,2.0,2.75,73.33333333333333,76.66666666666667,80.0,11,36.666666666666664,5,16.666666666666664,6,20.0,1,3.3333333333333335,1,3.3333333333333335,6,20.0,2.2,1.7397317800933183,1.0,2.0,80.0,86.66666666666667,86.66666666666667,17,56.666666666666664,4,13.333333333333334,3,10.0,2,6.666666666666667,0,0.0,4,13.333333333333334,2.533333333333333,1.8749814813900312,2.0,2.75,73.33333333333333,80.0,83.33333333333334,14,46.666666666666664,5,16.666666666666664,3,10.0,2,6.666666666666667,1,3.3333333333333335,5,16.666666666666664,2.7,1.9,2.0,3.0,66.66666666666666,80.0,83.33333333333334,14,46.666666666666664,2,6.666666666666667,4,13.333333333333334,4,13.333333333333334,1,3.3333333333333335,5,16.666666666666664
85,True,2.1,1.3,2.0,1.75,90.0,90.0,96.66666666666667,12,40.0,10,33.33333333333333,5,16.666666666666664,0,0.0,2,6.666666666666667,1,3.3333333333333335,1.9666666666666666,1.5595583420386112,1.0,1.0,86.66666666666667,86.66666666666667,90.0,16,53.333333333333336,10,33.33333333333333,0,0.0,0,0.0,1,3.3333333333333335,3,10.0,1.8666666666666667,1.2578641509408806,1.0,1.0,90.0,93.33333333333333,96.66666666666667,16,53.333333333333336,8,26.666666666666668,3,10.0,1,3.3333333333333335,1,3.3333333333333335,1,3.3333333333333335,2.6333333333333333,1.8882678717691395,2.0,2.75,73.33333333333333,80.0,80.0,12,40.0,7,23.333333333333332,3,10.0,2,6.666666666666667,0,0.0,6,20.0
86,True,2.6333333333333333,1.7220788470785984,2.0,2.0,76.66666666666667,80.0,86.66666666666667,10,33.33333333333333,8,26.666666666666668,5,16.666666666666664,1,3.3333333333333335,2,6.666666666666667,4,13.333333333333334,2.2666666666666666,1.6918103387266028,1.5,2.0,83.33333333333334,86.66666666666667,86.66666666666667,15,50.0,5,16.666666666666664,5,16.666666666666664,1,3.3333333333333335,0,0.0,4,13.333333333333334,2.466666666666667,1.8024674446127702,2.0,2.0,80.0,83.33333333333334,83.33333333333334,14,46.666666666666664,4,13.333333333333334,6,20.0,1,3.3333333333333335,0,0.0,5,16.666666666666664,2.6333333333333333,1.7220788470785986,2.0,2.75,73.33333333333333,83.33333333333334,86.66666666666667,11,36.666666666666664,6,20.0,5,16.666666666666664,3,10.0,1,3.3333333333333335,4,13.333333333333334
87,False,2.8,1.7962924780409975,2.0,1.0,76.66666666666667,76.66666666666667,80.0,7,23.333333333333332,12,40.0,4,13.333333333333334,0,0.0,1,3.3333333333333335,6,20.0,2.2,1.8147543451754935,1.0,1.75,83.33333333333334,83.33333333333334,83.33333333333334,17,56.666666666666664,5,16.666666666666664,3,10.0,0,0.0,0,0.0,5,16.666666666666664,2.466666666666667,1.9787762772874442,1.0,2.0,76.66666666666667,76.66666666666667,80.0,16,53.333333333333336,4,13.333333333333334,3,10.0,0,0.0,1,3.3333333333333335,6,20.0,2.9,1.8859126879754182,2.0,2.75,73.33333333333333,76.66666666666667,76.66666666666667,9,30.0,7,23.333333333333332,6,20.0,1,3.3333333333333335,0,0.0,7,23.333333333333332
88,True,2.3666666666666667,1.601735170231195,2.0,2.75,73.33333333333333,86.66666666666667,93.33333333333333,13,43.333333333333336,7,23.333333333333332,2,6.666666666666667,4,13.333333333333334,2,6.666666666666667,2,6.666666666666667,2.0,1.4375905768565218,1.0,1.0,83.33333333333334,93.33333333333333,93.33333333333333,16,53.333333333333336,7,23.333333333333332,2,6.666666666666667,3,10.0,0,0.0,2,6.666666666666667,2.2333333333333334,1.6868774571839995,1.5,2.0,83.33333333333334,86.66666666666667,86.66666666666667,15,50.0,6,20.0,4,13.333333333333334,1,3.3333333333333335,0,0.0,4,13.333333333333334,2.5,1.8027756377319946,2.0,3.0,70.0,83.33333333333334,86.66666666666667,14,46.666666666666664,5,16.666666666666664,2,6.666666666666667,4,13.333333333333334,1,3.3333333333333335,4,13.333333333333334
89,False,2.8333333333333335,1.8089284734953512,2.5,2.75,73.33333333333333,76.66666666666667,83.33333333333334,10,33.33333333333333,5,16.666666666666664,7,23.333333333333332,1,3.3333333333333335,2,6.666666666666667,5,16.666666666666664,2.1333333333333333,1.746106780494506,1.0,1.0,83.33333333333334,83.33333333333334,86.66666666666667,17,56.666666666666664,6,20.0,2,6.666666666666667,0,0.0,1,3.3333333333333335,4,13.333333333333334,2.2666666666666666,1.8245242911205346,1.0,2.0,80.0,80.0,86.66666666666667,17,56.666666666666664,4,13.333333333333334,3,10.0,0,0.0,2,6.666666666666667,4,13.333333333333334,2.8666666666666667,1.9447936194419764,2.0,3.0,70.0,76.66666666666667,76.66666666666667,11,36.666666666666664,5,16.666666666666664,5,16.666666666666664,2,6.666666666666667,0,0.0,7,23.333333333333332
90,False,3.2666666666666666,1.8607047649270483,3.0,3.5,63.33333333333333,73.33333333333333,73.33333333333333,6,20.0,7,23.333333333333332,6,20.0,3,10.0,0,0.0,8,26.666666666666668,2.566666666666667,1.8381754238616315,2.0,3.0,70.0,83.33333333333334,83.33333333333334,13,43.333333333333336,6,20.0,2,6.666666666666667,4,13.333333333333334,0,0.0,5,16.666666666666664,2.7666666666666666,1.891795149821695,2.0,3.0,63.33333333333333,80.0,83.33333333333334,13,43.333333333333336,3,10.0,3,10.0,5,16.666666666666664,1,3.3333333333333335,5,16.666666666666664,2.966666666666667,1.8345450541089352,3.0,3.0,63.33333333333333,76.66666666666667,83.33333333333334,10,33.33333333333333,4,13.333333333333334,5,16.666666666666664,4,13.333333333333334,2,6.666666666666667,5,16.666666666666664
91,True,2.6666666666666665,1.5563490039905004,2.5,2.0,76.66666666666667,86.66666666666667,90.0,9,30.0,6,20.0,8,26.666666666666668,3,10.0,1,3.3333333333333335,3,10.0,2.2333333333333334,1.7259457954666155,1.0,2.0,80.0,83.33333333333334,90.0,17,56.666666666666664,3,10.0,4,13.333333333333334,1,3.3333333333333335,2,6.666666666666667,3,10.0,2.3,1.676305461424021,1.0,2.0,76.66666666666667,83.33333333333334,93.33333333333333,16,53.333333333333336,3,10.0,4,13.333333333333334,2,6.666666666666667,3,10.0,2,6.666666666666667,2.966666666666667,1.9058389811897076,2.5,3.75,60.0,73.33333333333333,83.33333333333334,11,36.666666666666664,4,13.333333333333334,3,10.0,4,13.333333333333334,3,10.0,5,16.666666666666664
92,False,2.3333333333333335,1.1642832797715321,2.0,1.0,83.33333333333334,96.66666666666667,96.66666666666667,7,23.333333333333332,13,43.333333333333336,5,16.666666666666664,4,13.333333333333334,0,0.0,1,3.3333333333333335,2.1666666666666665,1.6141733350404335,2.0,1.0,86.66666666666667,86.66666666666667,86.66666666666667,13,43.333333333333336,11,36.666666666666664,2,6.666666666666667,0,0.0,0,0.0,4,13.333333333333334,2.433333333333333,1.6669999666733315,2.0,2.0,76.66666666666667,83.33333333333334,90.0,12,40.0,8,26.666666666666668,3,10.0,2,6.666666666666667,2,6.666666666666667,3,10.0,2.6666666666666665,1.7950549357115013,2.0,2.75,73.33333333333333,80.0,83.33333333333334,10,33.33333333333333,9,30.0,3,10.0,2,6.666666666666667,1,3.3333333333333335,5,16.666666666666664
93,True,2.8,1.7397317800933187,2.5,2.0,76.66666666666667,80.0,83.33333333333334,9,30.0,6,20.0,8,26.666666666666668,1,3.3333333333333335,1,3.3333333333333335,5,16.666666666666664,2.4,1.7243356208503418,2.0,2.0,80.0,83.33333333333334,86.66666666666667,13,43.333333333333336,7,23.333333333333332,4,13.333333333333334,1,3.3333333333333335,1,3.3333333333333335,4,13.333333333333334,2.466666666666667,1.765093639316497,2.0,2.0,80.0,83.33333333333334,83.33333333333334,12,40.0,8,26.666666666666668,4,13.333333333333334,1,3.3333333333333335,0,0.0,5,16.666666666666664,2.533333333333333,1.5434449203720302,2.0,2.75,73.33333333333333,86.66666666666667,93.33333333333333,10,33.33333333333333,8,26.666666666666668,4,13.333333333333334,4,13.333333333333334,2,6.666666666666667,2,6.666666666666667
94,False,3.1666666666666665,2.0829999733290654,2.5,5.0,63.33333333333333,66.66666666666666,70.0,10,33.33333333333333,5,16.666666666666664,4,13.333333333333334,1,3.3333333333333335,1,3.3333333333333335,9,30.0,2.433333333333333,2.027861489900684,1.0,3.75,70.0,73.33333333333333,83.33333333333334,18,60.0,3,10.0,0,0.0,1,3.3333333333333335,3,10.0,5,16.666666666666664,2.566666666666667,1.9439364415764444,1.5,3.0,70.0,76.66666666666667,83.33333333333334,15,50.0,4,13.333333333333334,2,6.666666666666667,2,6.666666666666667,2,6.666666666666667,5,16.666666666666664,3.033333333333333,2.213343373471204,2.0,5.0,60.0,63.33333333333333,70.0,13,43.333333333333336,5,16.666666666666664,0,0.0,1,3.3333333333333335,2,6.666666666666667,9,30.0
95,False,2.7666666666666666,1.8381754238616315,2.0,3.0,70.0,80.0,80.0,9,30.0,10,33.33333333333333,2,6.666666666666667,3,10.0,0,0.0,6,20.0,2.1333333333333333,1.5434449203720302,2.0,1.0,86.66666666666667,86.66666666666667,90.0,13,43.333333333333336,11,36.666666666666664,2,6.666666666666667,0,0.0,1,3.3333333333333335,3,10.0,2.2666666666666666,1.6110727964792764,2.0,1.75,80.0,86.66666666666667,90.0,13,43.333333333333336,9,30.0,2,6.666666666666667,2,6.666666666666667,1,3.3333333333333335,3,10.0,2.966666666666667,1.8705317128797603,2.0,3.5,66.66666666666666,73.33333333333333,80.0,8,26.666666666666668,9,30.0,3,10.0,2,6.666666666666667,2,6.666666666666667,6,20.0
96,True,2.4,1.6041612554021285,2.0,2.0,86.66666666666667,86.66666666666667,86.66666666666667,11,36.666666666666664,8,26.666666666666668,7,23.333333333333332,0,0.0,0,0.0,4,13.333333333333334,2.1,1.5132745950421556,1.5,2.0,90.0,90.0,90.0,15,50.0,6,20.0,6,20.0,0,0.0,0,0.0,3,10.0,2.2,1.514375558880073,2.0,2.0,90.0,90.0,90.0,14,46.666666666666664,5,16.666666666666664,8,26.666666666666668,0,0.0,0,0.0,3,10.0,2.3,1.5524174696260022,2.0,2.0,83.33333333333334,86.66666666666667,93.33333333333333,14,46.666666666666664,4,13.333333333333334,7,23.333333333333332,1,3.3333333333333335,2,6.666666666666667,2,6.666666666666667
97,False,2.8,1.7776388834631178,2.0,1.75,76.66666666666667,80.0,80.0,8,26.666666666666668,9,30.0,6,20.0,1,3.3333333333333335,0,0.0,6,20.0,2.2333333333333334,1.8015425489162213,1.0,1.75,83.33333333333334,83.33333333333334,83.33333333333334,16,53.333333333333336,6,20.0,3,10.0,0,0.0,0,0.0,5,16.666666666666664,2.5,1.8929694486000912,2.0,2.0,80.0,80.0,80.0,14,46.666666666666664,5,16.666666666666664,5,16.666666666666664,0,0.0,0,0.0,6,20.0,2.6666666666666665,1.738453974720706,2.0,3.0,70.0,83.33333333333334,86.66666666666667,11,36.666666666666664,6,20.0,4,13.333333333333334,4,13.333333333333334,1,3.3333333333333335,4,13.333333333333334
98,False,2.566666666666667,1.7451520150277897,2.0,2.0,80.0,80.0,86.66666666666667,12,40.0,5,16.666666666666664,7,23.333333333333332,0,0.0,2,6.666666666666667,4,13.333333333333334,2.1,1.7,1.0,2.0,86.66666666666667,86.66666666666667,86.66666666666667,18,60.0,3,10.0,5,16.666666666666664,0,0.0,0,0.0,4,13.333333333333334,2.2333333333333334,1.7451520150277902,1.0,2.0,80.0,86.66666666666667,86.66666666666667,17,56.666666666666664,3,10.0,4,13.333333333333334,2,6.666666666666667,0,0.0,4,13.333333333333334,2.466666666666667,1.8571184369578826,1.5,2.0,80.0,80.0,83.33333333333334,15,50.0,3,10.0,6,20.0,0,0.0,1,3.3333333333333335,5,16.666666666666664
99,False,2.8,1.869046102516825,2.0,3.0,66.66666666666666,76.66666666666667,83.33333333333334,11,36.666666666666664,6,20.0,3,10.0,3,10.0,2,6.666666666666667,5,16.666666666666664,2.3,1.9,1.0,1.75,76.66666666666667,80.0,83.33333333333334,17,56.666666666666664,5,16.666666666666664,1,3.3333333333333335,1,3.3333333333333335,1,3.3333333333333335,5,16.666666666666664,2.5,1.91049731745428,1.0,3.0,70.0,76.66666666666667,86.66666666666667,16,53.333333333333336,3,10.0,2,6.666666666666667,2,6.666666666666667,3,10.0,4,13.333333333333334,2.6,1.8726095873584188,2.0,2.75,73.33333333333333,76.66666666666667,83.33333333333334,12,40.0,8,26.666666666666668,2,6.666666666666667,1,3.3333333333333335,2,6.666666666666667,5,16.666666666666664
100,False,3.0,1.8973665961010275,2.0,3.5,70.0,73.33333333333333,76.66666666666667,8,26.666666666666668,8,26.666666666666668,5,16.666666666666664,1,3.3333333333333335,1,3.3333333333333335,7,23.333333333333332,2.3,1.8466185312619388,1.0,1.75,76.66666666666667,83.33333333333334,83.33333333333334,16,53.333333333333336,6,20.0,1,3.3333333333333335,2,6.666666666666667,0,0.0,5,16.666666666666664,2.566666666666667,1.9093337988826249,2.0,2.75,73.33333333333333,76.66666666666667,83.33333333333334,14,46.666666666666664,5,16.666666666666664,3,10.0,1,3.3333333333333335,2,6.666666666666667,5,16.666666666666664,2.6666666666666665,1.7384539747207062,2.0,3.0,66.66666666666666,80.0,90.0,11,36.666666666666664,7,23.333333333333332,2,6.666666666666667,4,13.333333333333334,3,10.0,3,10.0
101,False,2.4,1.6852299546352716,2.0,2.0,80.0,86.66666666666667,86.66666666666667,13,43.333333333333336,6,20.0,5,16.666666666666664,2,6.666666666666667,0,0.0,4,13.333333333333334,2.033333333333333,1.7792008193443356,1.0,1.0,83.33333333333334,83.33333333333334,86.66666666666667,20,66.66666666666666,3,10.0,2,6.666666666666667,0,0.0,1,3.3333333333333335,4,13.333333333333334,2.033333333333333,1.7603661235347858,1.0,1.0,80.0,86.66666666666667,86.66666666666667,20,66.66666666666666,3,10.0,1,3.3333333333333335,2,6.666666666666667,0,0.0,4,13.333333333333334,2.8333333333333335,2.1921577396609844,1.5,5.0,66.66666666666666,70.0,70.0,15,50.0,3,10.0,2,6.666666666666667,1,3.3333333333333335,0,0.0,9,30.0
102,True,2.2333333333333334,1.5638272140986536,2.0,2.0,83.33333333333334,90.0,90.0,14,46.666666666666664,6,20.0,5,16.666666666666664,2,6.666666666666667,0,0.0,3,10.0,1.8666666666666667,1.4544949486180951,1.0,1.0,83.33333333333334,90.0,96.66666666666667,20,66.66666666666666,3,10.0,2,6.666666666666667,2,6.666666666666667,2,6.666666666666667,1,3.3333333333333335,2.1,1.619670748434179,1.0,2.0,80.0,86.66666666666667,93.33333333333333,18,60.0,3,10.0,3,10.0,2,6.666666666666667,2,6.666666666666667,2,6.666666666666667,2.566666666666667,1.891795149821695,1.5,2.75,73.33333333333333,80.0,83.33333333333334,15,50.0,2,6.666666666666667,5,16.666666666666664,2,6.666666666666667,1,3.3333333333333335,5,16.666666666666664
103,False,2.3333333333333335,1.6996731711975948,2.0,1.75,76.66666666666667,86.66666666666667,86.66666666666667,13,43.333333333333336,9,30.0,1,3.3333333333333335,3,10.0,0,0.0,4,13.333333333333334,2.0,1.8257418583505538,1.0,1.0,83.33333333333334,83.33333333333334,83.33333333333334,20,66.66666666666666,5,16.666666666666664,0,0.0,0,0.0,0,0.0,5,16.666666666666664,1.9666666666666666,1.5807874268505833,1.0,1.0,83.33333333333334,90.0,90.0,18,60.0,6,20.0,1,3.3333333333333335,2,6.666666666666667,0,0.0,3,10.0,2.4,1.6451950239004087,2.0,2.75,73.33333333333333,90.0,90.0,14,46.666666666666664,4,13.333333333333334,4,13.333333333333334,5,16.666666666666664,0,0.0,3,10.0
104,False,2.066666666666667,1.3148721948877347,2.0,1.0,90.0,93.33333333333333,93.33333333333333,12,40.0,11,36.666666666666664,4,13.333333333333334,1,3.3333333333333335,0,0.0,2,6.666666666666667,1.8333333333333333,1.2931443160847216,1.0,1.0,93.33333333333333,93.33333333333333,93.33333333333333,16,53.333333333333336,9,30.0,3,10.0,0,0.0,0,0.0,2,6.666666666666667,2.066666666666667,1.6519348924485158,1.0,1.0,86.66666666666667,86.66666666666667,86.66666666666667,16,53.333333333333336,8,26.666666666666668,2,6.666666666666667,0,0.0,0,0.0,4,13.333333333333334,2.7333333333333334,1.8427033281447005,2.0,2.75,73.33333333333333,80.0,80.0,10,33.33333333333333,8,26.666666666666668,4,13.333333333333334,2,6.666666666666667,0,0.0,6,20.0
105,True,2.3666666666666667,1.7792008193443356,2.0,2.0,83.33333333333334,83.33333333333334,83.33333333333334,14,46.666666666666664,6,20.0,5,16.666666666666664,0,0.0,0,0.0,5,16.666666666666664,1.8666666666666667,1.4544949486180951,1.0,1.0,86.66666666666667,86.66666666666667,96.66666666666667,19,63.33333333333333,5,16.666666666666664,2,6.666666666666667,0,0.0,3,10.0,1,3.3333333333333335,1.9333333333333333,1.4590712418826193,1.0,1.0,86.66666666666667,86.66666666666667,96.66666666666667,18,60.0,5,16.666666666666664,3,10.0,0,0.0,3,10.0,1,3.3333333333333335,2.2,1.5790292376436015,2.0,2.0,86.66666666666667,86.66666666666667,90.0,14,46.666666666666664,7,23.333333333333332,5,16.666666666666664,0,0.0,1,3.3333333333333335,3,10.0
106,True,2.3666666666666667,1.6629959577688562,2.0,2.0,83.33333333333334,86.66666666666667,86.66666666666667,13,43.333333333333336,6,20.0,6,20.0,1,3.3333333333333335,0,0.0,4,13.333333333333334,1.8666666666666667,1.4079141387961915,1.0,1.75,90.0,93.33333333333333,93.33333333333333,19,63.33333333333333,3,10.0,5,16.666666666666664,1,3.3333333333333335,0,0.0,2,6.666666666666667,2.1333333333333333,1.6679994670929073,1.0,1.75,86.66666666666667,86.66666666666667,86.66666666666667,16,53.333333333333336,6,20.0,4,13.333333333333334,0,0.0,0,0.0,4,13.333333333333334,2.1333333333333333,1.586050300449376,1.0,2.0,83.33333333333334,90.0,90.0,16,53.333333333333336,5,16.666666666666664,4,13.333333333333334,2,6.666666666666667,0,0.0,3,10.0
107,False,2.6666666666666665,1.7575235101952091,2.0,2.0,76.66666666666667,80.0,83.33333333333334,9,30.0,10,33.33333333333333,4,13.333333333333334,1,3.3333333333333335,1,3.3333333333333335,5,16.666666666666664,2.1333333333333333,1.627540748764494,2.0,1.0,86.66666666666667,86.66666666666667,86.66666666666667,14,46.666666666666664,10,33.33333333333333,2,6.666666666666667,0,0.0,0,0.0,4,13.333333333333334,2.3666666666666667,1.7978382080215733,2.0,2.0,80.0,83.33333333333334,83.33333333333334,14,46.666666666666664,7,23.333333333333332,3,10.0,1,3.3333333333333335,0,0.0,5,16.666666666666664,2.533333333333333,1.687865186822955,2.0,2.0,80.0,83.33333333333334,86.66666666666667,11,36.666666666666664,7,23.333333333333332,6,20.0,1,3.3333333333333335,1,3.3333333333333335,4,13.333333333333334
108,False,2.433333333333333,1.5849991237291654,2.0,2.0,86.66666666666667,86.66666666666667,86.66666666666667,10,33.33333333333333,9,30.0,7,23.333333333333332,0,0.0,0,0.0,4,13.333333333333334,2.066666666666667,1.5260697523012796,1.5,1.0,86.66666666666667,90.0,90.0,15,50.0,8,26.666666666666668,3,10.0,1,3.3333333333333335,0,0.0,3,10.0,2.1666666666666665,1.507389207279335,2.0,1.75,86.66666666666667,90.0,90.0,13,43.333333333333336,9,30.0,4,13.333333333333334,1,3.3333333333333335,0,0.0,3,10.0,3.033333333333333,2.040969268645551,2.5,4.75,66.66666666666666,70.0,73.33333333333333,11,36.666666666666664,4,13.333333333333334,5,16.666666666666664,1,3.3333333333333335,1,3.3333333333333335,8,26.666666666666668
109,True,2.0,1.0954451150103321,2.0,1.0,93.33333333333333,96.66666666666667,96.66666666666667,11,36.666666666666664,12,40.0,5,16.666666666666664,1,3.3333333333333335,0,0.0,1,3.3333333333333335,1.9333333333333333,1.4817407180595246,1.0,1.0,90.0,90.0,90.0,16,53.333333333333336,9,30.0,2,6.666666666666667,0,0.0,0,0.0,3,10.0,1.9,1.3,1.5,1.0,93.33333333333333,93.33333333333333,93.33333333333333,15,50.0,9,30.0,4,13.333333333333334,0,0.0,0,0.0,2,6.666666666666667,2.6,1.8000000000000003,2.0,2.0,76.66666666666667,80.0,83.33333333333334,11,36.666666666666664,8,26.666666666666668,4,13.333333333333334,1,3.3333333333333335,1,3.3333333333333335,5,16.666666666666664
110,False,2.6666666666666665,1.9720265943665385,2.0,3.0,70.0,76.66666666666667,80.0,14,46.666666666666664,4,13.333333333333334,3,10.0,2,6.666666666666667,1,3.3333333333333335,6,20.0,1.9666666666666666,1.682920741515245,1.0,1.0,80.0,86.66666666666667,90.0,20,66.66666666666666,4,13.333333333333334,0,0.0,2,6.666666666666667,1,3.3333333333333335,3,10.0,2.533333333333333,1.9618585292749549,1.0,3.0,70.0,76.66666666666667,83.33333333333334,16,53.333333333333336,3,10.0,2,6.666666666666667,2,6.666666666666667,2,6.666666666666667,5,16.666666666666664,2.6,1.9252705437591537,2.0,3.0,70.0,76.66666666666667,83.33333333333334,14,46.666666666666664,5,16.666666666666664,2,6.666666666666667,2,6.666666666666667,2,6.666666666666667,5,16.666666666666664
111,True,2.533333333333333,1.4544949486180954,2.0,1.0,80.0,90.0,90.0,7,23.333333333333332,12,40.0,5,16.666666666666664,3,10.0,0,0.0,3,10.0,2.033333333333333,1.5162087220725544,1.5,1.0,86.66666666666667,90.0,90.0,15,50.0,9,30.0,2,6.666666666666667,1,3.3333333333333335,0,0.0,3,10.0,2.3333333333333335,1.8318175552045448,2.0,1.0,80.0,80.0,83.33333333333334,14,46.666666666666664,9,30.0,1,3.3333333333333335,0,0.0,1,3.3333333333333335,5,16.666666666666664,2.433333333333333,1.7829438827088442,2.0,2.0,80.0,83.33333333333334,83.33333333333334,13,43.333333333333336,7,23.333333333333332,4,13.333333333333334,1,3.3333333333333335,0,0.0,5,16.666666666666664
112,False,2.7666666666666666,1.7641491496532322,2.0,3.0,70.0,83.33333333333334,83.33333333333334,10,33.33333333333333,6,20.0,5,16.666666666666664,4,13.333333333333334,0,0.0,5,16.666666666666664,2.2,1.758787461103056,1.0,1.75,76.66666666666667,86.66666666666667,86.66666666666667,17,56.666666666666664,5,16.666666666666664,1,3.3333333333333335,3,10.0,0,0.0,4,13.333333333333334,2.4,1.724335620850342,1.5,3.0,70.0,86.66666666666667,90.0,15,50.0,4,13.333333333333334,2,6.666666666666667,5,16.666666666666664,1,3.3333333333333335,3,10.0,2.7333333333333334,1.7876116903722563,2.0,3.0,66.66666666666666,80.0,86.66666666666667,11,36.666666666666664,6,20.0,3,10.0,4,13.333333333333334,2,6.666666666666667,4,13.333333333333334
113,False,2.6666666666666665,1.7384539747207062,2.0,1.75,76.66666666666667,80.0,83.33333333333334,8,26.666666666666668,12,40.0,3,10.0,1,3.3333333333333335,1,3.3333333333333335,5,16.666666666666664,2.1333333333333333,1.7269111795984822,1.0,1.0,80.0,86.66666666666667,86.66666666666667,17,56.666666666666664,6,20.0,1,3.3333333333333335,2,6.666666666666667,0,0.0,4,13.333333333333334,2.2333333333333334,1.7451520150277902,1.0,1.75,76.66666666666667,86.66666666666667,86.66666666666667,16,53.333333333333336,6,20.0,1,3.3333333333333335,3,10.0,0,0.0,4,13.333333333333334,3.0,2.0,2.0,4.0,63.33333333333333,70.0,76.66666666666667,10,33.33333333333333,7,23.333333333333332,2,6.666666666666667,2,6.666666666666667,2,6.666666666666667,7,23.333333333333332
114,False,2.3333333333333335,1.6799470891138868,2.0,2.0,80.0,86.66666666666667,86.66666666666667,13,43.333333333333336,8,26.666666666666668,3,10.0,2,6.666666666666667,0,0.0,4,13.333333333333334,1.9,1.556705923844749,1.0,1.0,86.66666666666667,90.0,90.0,19,63.33333333333333,5,16.666666666666664,2,6.666666666666667,1,3.3333333333333335,0,0.0,3,10.0,1.8333333333333333,1.2931443160847216,1.0,1.0,90.0,93.33333333333333,96.66666666666667,18,60.0,5,16.666666666666664,4,13.333333333333334,1,3.3333333333333335,1,3.3333333333333335,1,3.3333333333333335,2.5,1.875277757204694,2.0,2.0,80.0,80.0,80.0,13,43.333333333333336,7,23.333333333333332,4,13.333333333333334,0,0.0,0,0.0,6,20.0
115,False,2.6666666666666665,1.9888578520235065,2.0,3.0,70.0,76.66666666666667,76.66666666666667,12,40.0,9,30.0,0,0.0,2,6.666666666666667,0,0.0,7,23.333333333333332,2.4,2.009975124224178,1.0,2.5,73.33333333333333,76.66666666666667,80.0,17,56.666666666666664,5,16.666666666666664,0,0.0,1,3.3333333333333335,1,3.3333333333333335,6,20.0,2.3666666666666667,1.87053171287976,1.5,1.75,76.66666666666667,80.0,83.33333333333334,15,50.0,7,23.333333333333332,1,3.3333333333333335,1,3.3333333333333335,1,3.3333333333333335,5,16.666666666666664,2.533333333333333,1.8571184369578826,2.0,2.75,73.33333333333333,80.0,83.33333333333334,13,43.333333333333336,7,23.333333333333332,2,6.666666666666667,2,6.666666666666667,1,3.3333333333333335,5,16.666666666666664
116,False,3.033333333333333,1.7978382080215733,2.5,2.0,66.66666666666666,76.66666666666667,80.0,7,23.333333333333332,8,26.666666666666668,5,16.666666666666664,3,10.0,1,3.3333333333333335,6,20.0,2.6333333333333333,1.9058389811897074,2.0,3.0,70.0,76.66666666666667,83.33333333333334,13,43.333333333333336,6,20.0,2,6.666666666666667,2,6.666666666666667,2,6.666666666666667,5,16.666666666666664,2.9,2.005824851110718,2.0,3.75,63.33333333333333,73.33333333333333,76.66666666666667,11,36.666666666666664,7,23.333333333333332,1,3.3333333333333335,3,10.0,1,3.3333333333333335,7,23.333333333333332,3.1,1.9891371663780921,2.5,4.0,60.0,70.0,76.66666666666667,10,33.33333333333333,5,16.666666666666664,3,10.0,3,10.0,2,6.666666666666667,7,23.333333333333332
117,True,1.9333333333333333,1.3888444437333105,1.0,1.0,86.66666666666667,93.33333333333333,93.33333333333333,16,53.333333333333336,8,26.666666666666668,2,6.666666666666667,2,6.666666666666667,0,0.0,2,6.666666666666667,1.7666666666666666,1.498517786199268,1.0,1.0,90.0,90.0,90.0,20,66.66666666666666,6,20.0,1,3.3333333333333335,0,0.0,0,0.0,3,10.0,1.8333333333333333,1.5073892072793351,1.0,1.0,90.0,90.0,90.0,19,63.33333333333333,6,20.0,2,6.666666666666667,0,0.0,0,0.0,3,10.0,2.433333333333333,1.9779338265529063,1.0,2.0,76.66666666666667,76.66666666666667,80.0,16,53.333333333333336,5,16.666666666666664,2,6.666666666666667,0,0.0,1,3.3333333333333335,6,20.0
118,False,2.7333333333333334,1.8607047649270485,2.0,2.75,73.33333333333333,80.0,80.0,11,36.666666666666664,6,20.0,5,16.666666666666664,2,6.666666666666667,0,0.0,6,20.0,2.2,1.886796226411321,1.0,1.0,80.0,80.0,83.33333333333334,18,60.0,5,16.666666666666664,1,3.3333333333333335,0,0.0,1,3.3333333333333335,5,16.666666666666664,2.466666666666667,1.9618585292749549,1.5,2.0,76.66666666666667,76.66666666666667,80.0,15,50.0,6,20.0,2,6.666666666666667,0,0.0,1,3.3333333333333335,6,20.0,2.7333333333333334,1.896195020443719,2.0,2.75,73.33333333333333,76.66666666666667,80.0,11,36.666666666666664,7,23.333333333333332,4,13.333333333333334,1,3.3333333333333335,1,3.3333333333333335,6,20.0
119,False,2.7333333333333334,1.8245242911205346,2.0,2.0,76.66666666666667,80.0,80.0,10,33.33333333333333,7,23.333333333333332,6,20.0,1,3.3333333333333335,0,0.0,6,20.0,2.066666666666667,1.569146972791976,1.0,1.0,83.33333333333334,90.0,90.0,16,53.333333333333336,7,23.333333333333332,2,6.666666666666667,2,6.666666666666667,0,0.0,3,10.0,2.2333333333333334,1.6868774571839995,1.5,2.0,83.33333333333334,86.66666666666667,86.66666666666667,15,50.0,6,20.0,4,13.333333333333334,1,3.3333333333333335,0,0.0,4,13.333333333333334,2.7,1.7540429489230491,2.0,2.75,73.33333333333333,83.33333333333334,83.33333333333334,10,33.33333333333333,7,23.333333333333332,5,16.666666666666664,3,10.0,0,0.0,5,16.666666666666664
120,False,2.2333333333333334,1.5205992970609392,2.0,1.0,86.66666666666667,86.66666666666667,90.0,11,36.666666666666664,12,40.0,3,10.0,0,0.0,1,3.3333333333333335,3,10.0,1.9333333333333333,1.5040685563571303,1.0,1.0,90.0,90.0,90.0,17,56.666666666666664,7,23.333333333333332,3,10.0,0,0.0,0,0.0,3,10.0,2.1,1.6603212540549697,1.0,1.0,86.66666666666667,86.66666666666667,86.66666666666667,16,53.333333333333336,7,23.333333333333332,3,10.0,0,0.0,0,0.0,4,13.333333333333334,2.533333333333333,1.7269111795984826,2.0,2.0,80.0,83.33333333333334,83.33333333333334,10,33.33333333333333,10,33.33333333333333,4,13.333333333333334,1,3.3333333333333335,0,0.0,5,16.666666666666664
121,False,2.3,1.6563010998406458,2.0,1.0,80.0,86.66666666666667,86.66666666666667,12,40.0,11,36.666666666666664,1,3.3333333333333335,2,6.666666666666667,0,0.0,4,13.333333333333334,1.9666666666666666,1.5595583420386114,1.0,1.0,83.33333333333334,90.0,90.0,17,56.666666666666664,8,26.666666666666668,0,0.0,2,6.666666666666667,0,0.0,3,10.0,2.1666666666666665,1.7716909687891083,1.0,1.0,80.0,83.33333333333334,86.66666666666667,17,56.666666666666664,6,20.0,1,3.3333333333333335,1,3.3333333333333335,1,3.3333333333333335,4,13.333333333333334,3.0,2.160246899469287,2.0,5.0,63.33333333333333,66.66666666666666,70.0,12,40.0,6,20.0,1,3.3333333333333335,1,3.3333333333333335,1,3.3333333333333335,9,30.0
122,False,2.3666666666666667,2.0245712852080286,1.0,2.5,73.33333333333333,76.66666666666667,80.0,18,60.0,4,13.333333333333334,0,0.0,1,3.3333333333333335,1,3.3333333333333335,6,20.0,2.033333333333333,1.87053171287976,1.0,1.0,80.0,83.33333333333334,83.33333333333334,21,70.0,3,10.0,0,0.0,1,3.3333333333333335,0,0.0,5,16.666666666666664,2.3,1.9689252567496476,1.0,1.75,76.66666666666667,80.0,80.0,18,60.0,4,13.333333333333334,1,3.3333333333333335,1,3.3333333333333335,0,0.0,6,20.0,2.466666666666667,2.0286832072937253,1.0,3.0,70.0,76.66666666666667,80.0,17,56.666666666666664,4,13.333333333333334,0,0.0,2,6.666666666666667,1,3.3333333333333335,6,20.0
123,False,2.8666666666666667,1.9787762772874442,2.0,3.75,70.0,73.33333333333333,76.66666666666667,11,36.666666666666664,6,20.0,4,13.333333333333334,1,3.3333333333333335,1,3.3333333333333335,7,23.333333333333332,2.0,1.6532795690182993,1.0,1.0,83.33333333333334,86.66666666666667,90.0,19,63.33333333333333,4,13.333333333333334,2,6.666666666666667,1,3.3333333333333335,1,3.3333333333333335,3,10.0,2.2666666666666666,1.8427033281447005,1.0,2.0,80.0,83.33333333333334,83.33333333333334,17,56.666666666666664,4,13.333333333333334,3,10.0,1,3.3333333333333335,0,0.0,5,16.666666666666664,2.6,1.9595917942265426,2.0,2.75,73.33333333333333,76.66666666666667,80.0,14,46.666666666666664,5,16.666666666666664,3,10.0,1,3.3333333333333335,1,3.3333333333333335,6,20.0
124,False,2.9,1.7194960502038574,2.0,2.0,70.0,80.0,83.33333333333334,7,23.333333333333332,9,30.0,5,16.666666666666664,3,10.0,1,3.3333333333333335,5,16.666666666666664,2.6,1.9595917942265426,2.0,2.75,73.33333333333333,76.66666666666667,80.0,14,46.666666666666664,5,16.666666666666664,3,10.0,1,3.3333333333333335,1,3.3333333333333335,6,20.0,2.6,1.5832456116050555,2.0,2.0,76.66666666666667,86.66666666666667,90.0,10,33.33333333333333,6,20.0,7,23.333333333333332,3,10.0,1,3.3333333333333335,3,10.0,2.8333333333333335,1.8454147380888546,2.0,3.75,66.66666666666666,73.33333333333333,86.66666666666667,11,36.666666666666664,5,16.666666666666664,4,13.333333333333334,2,6.666666666666667,4,13.333333333333334,4,13.333333333333334
125,True,2.7,1.7156145643277028,2.0,2.0,76.66666666666667,80.0,86.66666666666667,10,33.33333333333333,6,20.0,7,23.333333333333332,1,3.3333333333333335,2,6.666666666666667,4,13.333333333333334,2.433333333333333,1.7641491496532322,2.0,2.0,80.0,80.0,86.66666666666667,13,43.333333333333336,7,23.333333333333332,4,13.333333333333334,0,0.0,2,6.666666666666667,4,13.333333333333334,2.566666666666667,1.8381754238616317,2.0,2.0,76.66666666666667,80.0,83.33333333333334,13,43.333333333333336,5,16.666666666666664,5,16.666666666666664,1,3.3333333333333335,1,3.3333333333333335,5,16.666666666666664,2.6333333333333333,1.7978382080215733,2.0,2.0,76.66666666666667,76.66666666666667,86.66666666666667,12,40.0,5,16.666666666666664,6,20.0,0,0.0,3,10.0,4,13.333333333333334
126,True,2.4,1.781385228784985,1.5,2.0,76.66666666666667,83.33333333333334,86.66666666666667,15,50.0,4,13.333333333333334,4,13.333333333333334,2,6.666666666666667,1,3.3333333333333335,4,13.333333333333334,2.066666666666667,1.7688665548562135,1.0,1.75,80.0,86.66666666666667,86.66666666666667,20,66.66666666666666,2,6.666666666666667,2,6.666666666666667,2,6.666666666666667,0,0.0,4,13.333333333333334,2.033333333333333,1.6829207415152452,1.0,1.0,80.0,86.66666666666667,90.0,19,63.33333333333333,4,13.333333333333334,1,3.3333333333333335,2,6.666666666666667,1,3.3333333333333335,3,10.0,2.4,1.7435595774162693,1.5,2.75,73.33333333333333,83.33333333333334,90.0,15,50.0,4,13.333333333333334,3,10.0,3,10.0,2,6.666666666666667,3,10.0
127,False,2.7666666666666666,1.7641491496532322,2.0,3.0,66.66666666666666,80.0,86.66666666666667,10,33.33333333333333,7,23.333333333333332,3,10.0,4,13.333333333333334,2,6.666666666666667,4,13.333333333333334,2.3333333333333335,1.679947089113887,1.5,2.0,76.66666666666667,86.66666666666667,90.0,15,50.0,4,13.333333333333334,4,13.333333333333334,3,10.0,1,3.3333333333333335,3,10.0,2.566666666666667,1.7451520150277897,2.0,2.75,73.33333333333333,83.33333333333334,86.66666666666667,12,40.0,6,20.0,4,13.333333333333334,3,10.0,1,3.3333333333333335,4,13.333333333333334,2.7333333333333334,1.9652537297311568,2.0,3.0,66.66666666666666,76.66666666666667,80.0,13,43.333333333333336,5,16.666666666666664,2,6.666666666666667,3,10.0,1,3.3333333333333335,6,20.0
128,False,2.2,1.5362291495737217,2.0,1.75,83.33333333333334,90.0,90.0,13,43.333333333333336,9,30.0,3,10.0,2,6.666666666666667,0,0.0,3,10.0,2.066666666666667,1.569146972791976,1.0,1.0,83.33333333333334,90.0,90.0,16,53.333333333333336,7,23.333333333333332,2,6.666666666666667,2,6.666666666666667,0,0.0,3,10.0,2.0,1.5275252316519468,1.0,1.0,86.66666666666667,90.0,90.0,16,53.333333333333336,8,26.666666666666668,2,6.666666666666667,1,3.3333333333333335,0,0.0,3,10.0,3.066666666666667,2.112397269033981,2.0,5.0,60.0,70.0,70.0,11,36.666666666666664,6,20.0,1,3.3333333333333335,3,10.0,0,0.0,9,30.0
129,False,2.8666666666666667,1.8208667044996885,2.0,2.0,70.0,76.66666666666667,80.0,7,23.333333333333332,12,40.0,2,6.666666666666667,2,6.666666666666667,1,3.3333333333333335,6,20.0,2.3333333333333335,1.776388345929897,2.0,1.0,80.0,83.33333333333334,83.33333333333334,13,43.333333333333336,10,33.33333333333333,1,3.3333333333333335,1,3.3333333333333335,0,0.0,5,16.666666666666664,2.5,1.875277757204694,2.0,1.75,76.66666666666667,80.0,80.0,12,40.0,10,33.33333333333333,1,3.3333333333333335,1,3.3333333333333335,0,0.0,6,20.0,3.066666666666667,2.0805982045769644,2.0,4.75,60.0,66.66666666666666,73.33333333333333,10,33.33333333333333,8,26.666666666666668,0,0.0,2,6.666666666666667,2,6.666666666666667,8,26.666666666666668
130,False,2.4,1.781385228784985,2.0,2.75,73.33333333333333,83.33333333333334,86.66666666666667,14,46.666666666666664,7,23.333333333333332,1,3.3333333333333335,3,10.0,1,3.3333333333333335,4,13.333333333333334,2.033333333333333,1.8162843634433705,1.0,1.0,80.0,83.33333333333334,86.66666666666667,21,70.0,2,6.666666666666667,1,3.3333333333333335,1,3.3333333333333335,1,3.3333333333333335,4,13.333333333333334,2.1,1.6802777548171413,1.0,1.75,80.0,86.66666666666667,90.0,18,60.0,4,13.333333333333334,2,6.666666666666667,2,6.666666666666667,1,3.3333333333333335,3,10.0,3.1666666666666665,2.1921577396609844,2.5,5.0,56.666666666666664,63.33333333333333,70.0,13,43.333333333333336,2,6.666666666666667,2,6.666666666666667,2,6.666666666666667,2,6.666666666666667,9,30.0
131,False,2.5,1.648231375343482,2.0,2.0,76.66666666666667,86.66666666666667,86.66666666666667,10,33.33333333333333,10,33.33333333333333,3,10.0,3,10.0,0,0.0,4,13.333333333333334,2.2,1.7776388834631176,1.0,1.75,80.0,83.33333333333334,86.66666666666667,17,56.666666666666664,5,16.666666666666664,2,6.666666666666667,1,3.3333333333333335,1,3.3333333333333335,4,13.333333333333334,2.2666666666666666,1.6918103387266026,1.5,2.0,80.0,83.33333333333334,90.0,15,50.0,6,20.0,3,10.0,1,3.3333333333333335,2,6.666666666666667,3,10.0,2.8666666666666667,2.0121851030382096,2.5,3.75,70.0,73.33333333333333,76.66666666666667,13,43.333333333333336,2,6.666666666666667,6,20.0,1,3.3333333333333335,1,3.3333333333333335,7,23.333333333333332
132,False,2.433333333333333,1.8015425489162211,2.0,2.0,76.66666666666667,80.0,86.66666666666667,14,46.666666666666664,6,20.0,3,10.0,1,3.3333333333333335,2,6.666666666666667,4,13.333333333333334,2.066666666666667,1.569146972791976,1.0,1.75,83.33333333333334,86.66666666666667,93.33333333333333,17,56.666666666666664,5,16.666666666666664,3,10.0,1,3.3333333333333335,2,6.666666666666667,2,6.666666666666667,2.4,1.818424226264781,1.5,2.0,80.0,83.33333333333334,83.33333333333334,15,50.0,4,13.333333333333334,5,16.666666666666664,1,3.3333333333333335,0,0.0,5,16.666666666666664,3.0,2.0816659994661326,2.0,4.75,66.66666666666666,66.66666666666666,73.33333333333333,11,36.666666666666664,6,20.0,3,10.0,0,0.0,2,6.666666666666667,8,26.666666666666668
133,True,2.966666666666667,1.8162843634433703,2.5,1.0,76.66666666666667,76.66666666666667,76.66666666666667,7,23.333333333333332,8,26.666666666666668,8,26.666666666666668,0,0.0,0,0.0,7,23.333333333333332,2.2666666666666666,1.7688665548562132,1.0,2.0,76.66666666666667,86.66666666666667,86.66666666666667,17,56.666666666666664,3,10.0,3,10.0,3,10.0,0,0.0,4,13.333333333333334,2.6666666666666665,1.903213656482693,2.0,2.75,73.33333333333333,80.0,80.0,13,43.333333333333336,4,13.333333333333334,5,16.666666666666664,2,6.666666666666667,0,0.0,6,20.0,2.7666666666666666,1.9439364415764444,2.0,3.0,70.0,76.66666666666667,80.0,13,43.333333333333336,3,10.0,5,16.666666666666664,2,6.666666666666667,1,3.3333333333333335,6,20.0
134,True,2.533333333333333,1.6679994670929073,2.0,2.0,80.0,83.33333333333334,86.66666666666667,10,33.33333333333333,9,30.0,5,16.666666666666664,1,3.3333333333333335,1,3.3333333333333335,4,13.333333333333334,2.1333333333333333,1.521694961401777,2.0,1.75,86.66666666666667,90.0,90.0,14,46.666666666666664,8,26.666666666666668,4,13.333333333333334,1,3.3333333333333335,0,0.0,3,10.0,2.1666666666666665,1.5293426329272617,2.0,2.0,86.66666666666667,90.0,90.0,14,46.666666666666664,7,23.333333333333332,5,16.666666666666664,1,3.3333333333333335,0,0.0,3,10.0,2.566666666666667,1.6468825769380833,2.0,2.0,80.0,86.66666666666667,86.66666666666667,11,36.666666666666664,5,16.666666666666664,8,26.666666666666668,2,6.666666666666667,0,0.0,4,13.333333333333334
135,True,2.6,1.451436070471816,2.0,1.75,80.0,86.66666666666667,93.33333333333333,8,26.666666666666668,8,26.666666666666668,8,26.666666666666668,2,6.666666666666667,2,6.666666666666667,2,6.666666666666667,2.2,1.5143755588800731,2.0,2.0,86.66666666666667,86.66666666666667,93.33333333333333,14,46.666666666666664,6,20.0,6,20.0,0,0.0,2,6.666666666666667,2,6.666666666666667,2.2666666666666666,1.4817407180595246,2.0,2.0,90.0,90.0,90.0,12,40.0,7,23.333333333333332,8,26.666666666666668,0,0.0,0,0.0,3,10.0,2.8,1.7776388834631178,2.0,3.0,70.0,76.66666666666667,86.66666666666667,10,33.33333333333333,6,20.0,5,16.666666666666664,2,6.666666666666667,3,10.0,4,13.333333333333334
136,True,1.9,1.1357816691600546,2.0,1.0,93.33333333333333,96.66666666666667,96.66666666666667,14,46.666666666666664,9,30.0,5,16.666666666666664,1,3.3333333333333335,0,0.0,1,3.3333333333333335,1.9666666666666666,1.4487542541400484,1.0,1.0,86.66666666666667,90.0,93.33333333333333,16,53.333333333333336,8,26.666666666666668,2,6.666666666666667,1,3.3333333333333335,1,3.3333333333333335,2,6.666666666666667,2.1,1.619670748434179,1.0,1.0,83.33333333333334,86.66666666666667,90.0,16,53.333333333333336,7,23.333333333333332,2,6.666666666666667,1,3.3333333333333335,1,3.3333333333333335,3,10.0,2.2333333333333334,1.5205992970609392,2.0,2.0,83.33333333333334,86.66666666666667,93.33333333333333,13,43.333333333333336,8,26.666666666666668,4,13.333333333333334,1,3.3333333333333335,2,6.666666666666667,2,6.666666666666667
137,False,2.966666666666667,1.95760624800347,2.0,4.25,70.0,73.33333333333333,73.33333333333333,8,26.666666666666668,10,33.33333333333333,3,10.0,1,3.3333333333333335,0,0.0,8,26.666666666666668,2.2666666666666666,1.569146972791976,2.0,2.0,80.0,90.0,90.0,13,43.333333333333336,8,26.666666666666668,3,10.0,3,10.0,0,0.0,3,10.0,2.5,1.8393839548428526,2.0,2.0,76.66666666666667,80.0,83.33333333333334,13,43.333333333333336,7,23.333333333333332,3,10.0,1,3.3333333333333335,1,3.3333333333333335,5,16.666666666666664,2.6,1.781385228784985,2.0,2.0,80.0,80.0,83.33333333333334,11,36.666666666666664,7,23.333333333333332,6,20.0,0,0.0,1,3.3333333333333335,5,16.666666666666664
138,False,2.8333333333333335,1.8988300491501484,2.0,3.0,70.0,76.66666666666667,80.0,11,36.666666666666664,5,16.666666666666664,5,16.666666666666664,2,6.666666666666667,1,3.3333333333333335,6,20.0,2.3666666666666667,1.7603661235347856,1.0,2.75,73.33333333333333,83.33333333333334,90.0,16,53.333333333333336,3,10.0,3,10.0,3,10.0,2,6.666666666666667,3,10.0,2.6,1.9252705437591535,1.5,3.0,66.66666666666666,80.0,83.33333333333334,15,50.0,3,10.0,2,6.666666666666667,4,13.333333333333334,1,3.3333333333333335,5,16.666666666666664,2.7666666666666666,1.92671280221579,2.0,3.0,70.0,76.66666666666667,80.0,12,40.0,5,16.666666666666664,4,13.333333333333334,2,6.666666666666667,1,3.3333333333333335,6,20.0
139,False,3.1,1.7387735140993301,2.5,2.0,66.66666666666666,76.66666666666667,80.0,5,16.666666666666664,10,33.33333333333333,5,16.666666666666664,3,10.0,1,3.3333333333333335,6,20.0,2.2,1.6,2.0,1.75,83.33333333333334,86.66666666666667,90.0,14,46.666666666666664,8,26.666666666666668,3,10.0,1,3.3333333333333335,1,3.3333333333333335,3,10.0,2.3,1.7729448195962934,2.0,1.75,83.33333333333334,83.33333333333334,83.33333333333334,14,46.666666666666664,8,26.666666666666668,3,10.0,0,0.0,0,0.0,5,16.666666666666664,3.1666666666666665,1.9846634195472261,2.5,4.0,60.0,66.66666666666666,76.66666666666667,9,30.0,6,20.0,3,10.0,2,6.666666666666667,3,10.0,7,23.333333333333332
140,False,2.3666666666666667,1.4940623220676648,2.0,2.0,76.66666666666667,90.0,93.33333333333333,11,36.666666666666664,9,30.0,3,10.0,4,13.333333333333334,1,3.3333333333333335,2,6.666666666666667,2.3,1.7729448195962931,1.5,1.75,76.66666666666667,83.33333333333334,86.66666666666667,15,50.0,7,23.333333333333332,1,3.3333333333333335,2,6.666666666666667,1,3.3333333333333335,4,13.333333333333334,2.566666666666667,1.9947152400502908,1.5,3.0,70.0,76.66666666666667,80.0,15,50.0,5,16.666666666666664,1,3.3333333333333335,2,6.666666666666667,1,3.3333333333333335,6,20.0,3.3333333333333335,2.1343747458109497,2.0,5.0,53.333333333333336,63.33333333333333,66.66666666666666,9,30.0,7,23.333333333333332,0,0.0,3,10.0,1,3.3333333333333335,10,33.33333333333333
141,False,2.566666666666667,1.9947152400502908,2.0,2.0,76.66666666666667,76.66666666666667,76.66666666666667,14,46.666666666666664,6,20.0,3,10.0,0,0.0,0,0.0,7,23.333333333333332,2.2666666666666666,1.9482185594936612,1.0,1.75,80.0,80.0,80.0,18,60.0,4,13.333333333333334,2,6.666666666666667,0,0.0,0,0.0,6,20.0,2.3666666666666667,1.834545054108935,1.0,2.75,73.33333333333333,83.33333333333334,86.66666666666667,17,56.666666666666664,2,6.666666666666667,3,10.0,3,10.0,1,3.3333333333333335,4,13.333333333333334,2.4,1.8726095873584185,1.0,2.75,73.33333333333333,83.33333333333334,83.33333333333334,16,53.333333333333336,4,13.333333333333334,2,6.666666666666667,3,10.0,0,0.0,5,16.666666666666664
142,False,2.6333333333333333,1.8526257642120336,2.0,2.0,76.66666666666667,80.0,80.0,11,36.666666666666664,8,26.666666666666668,4,13.333333333333334,1,3.3333333333333335,0,0.0,6,20.0,2.1666666666666665,1.6141733350404335,2.0,1.0,80.0,86.66666666666667,90.0,14,46.666666666666664,10,33.33333333333333,0,0.0,2,6.666666666666667,1,3.3333333333333335,3,10.0,2.3666666666666667,1.7978382080215733,2.0,2.0,80.0,83.33333333333334,83.33333333333334,14,46.666666666666664,7,23.333333333333332,3,10.0,1,3.3333333333333335,0,0.0,5,16.666666666666664,2.466666666666667,1.6275407487644937,2.0,2.0,80.0,86.66666666666667,86.66666666666667,10,33.33333333333333,10,33.33333333333333,4,13.333333333333334,2,6.666666666666667,0,0.0,4,13.333333333333334
143,False,2.6,1.451436070471816,2.0,1.0,80.0,90.0,90.0,7,23.333333333333332,10,33.33333333333333,7,23.333333333333332,3,10.0,0,0.0,3,10.0,2.2333333333333334,1.6868774571839993,1.5,2.0,83.33333333333334,86.66666666666667,86.66666666666667,15,50.0,6,20.0,4,13.333333333333334,1,3.3333333333333335,0,0.0,4,13.333333333333334,2.533333333333333,1.8208667044996885,2.0,2.75,73.33333333333333,83.33333333333334,83.33333333333334,13,43.333333333333336,6,20.0,3,10.0,3,10.0,0,0.0,5,16.666666666666664,2.966666666666667,1.7413277182145306,3.0,2.75,66.66666666666666,80.0,83.33333333333334,8,26.666666666666668,6,20.0,6,20.0,4,13.333333333333334,1,3.3333333333333335,5,16.666666666666664
144,False,2.466666666666667,1.8208667044996885,2.0,2.0,76.66666666666667,83.33333333333334,83.33333333333334,14,46.666666666666664,5,16.666666666666664,4,13.333333333333334,2,6.666666666666667,0,0.0,5,16.666666666666664,2.0,1.570562531918633,1.0,1.0,83.33333333333334,86.66666666666667,93.33333333333333,18,60.0,5,16.666666666666664,2,6.666666666666667,1,3.3333333333333335,2,6.666666666666667,2,6.666666666666667,2.1,1.619670748434179,1.0,2.0,86.66666666666667,86.66666666666667,90.0,17,56.666666666666664,4,13.333333333333334,5,16.666666666666664,0,0.0,1,3.3333333333333335,3,10.0,2.566666666666667,1.9439364415764444,1.5,3.0,70.0,76.66666666666667,83.33333333333334,15,50.0,4,13.333333333333334,2,6.666666666666667,2,6.666666666666667,2,6.666666666666667,5,16.666666666666664
145,False,2.433333333333333,1.6265163865007801,2.0,2.0,80.0,86.66666666666667,86.66666666666667,10,33.33333333333333,11,36.666666666666664,3,10.0,2,6.666666666666667,0,0.0,4,13.333333333333334,2.2666666666666666,1.9310331143946986,1.0,1.0,80.0,80.0,80.0,17,56.666666666666664,6,20.0,1,3.3333333333333335,0,0.0,0,0.0,6,20.0,2.3666666666666667,1.9405039437103846,1.0,1.75,76.66666666666667,80.0,80.0,16,53.333333333333336,6,20.0,1,3.3333333333333335,1,3.3333333333333335,0,0.0,6,20.0,2.933333333333333,2.0645150089602695,2.0,4.0,63.33333333333333,63.33333333333333,80.0,12,40.0,6,20.0,1,3.3333333333333335,0,0.0,5,16.666666666666664,6,20.0
146,False,2.7666666666666666,1.8199511592958264,2.0,3.25,73.33333333333333,73.33333333333333,83.33333333333334,8,26.666666666666668,12,40.0,2,6.666666666666667,0,0.0,3,10.0,5,16.666666666666664,2.466666666666667,1.8024674446127702,2.0,2.0,80.0,80.0,83.33333333333334,12,40.0,9,30.0,3,10.0,0,0.0,1,3.3333333333333335,5,16.666666666666664,2.7333333333333334,1.8785337071473827,2.0,3.75,70.0,73.33333333333333,83.33333333333334,10,33.33333333333333,10,33.33333333333333,1,3.3333333333333335,1,3.3333333333333335,3,10.0,5,16.666666666666664,2.8666666666666667,1.9447936194419764,2.0,3.75,70.0,73.33333333333333,76.66666666666667,9,30.0,10,33.33333333333333,2,6.666666666666667,1,3.3333333333333335,1,3.3333333333333335,7,23.333333333333332
147,False,2.533333333333333,1.6069294390925266,2.0,2.75,73.33333333333333,86.66666666666667,90.0,10,33.33333333333333,9,30.0,3,10.0,4,13.333333333333334,1,3.3333333333333335,3,10.0,2.1333333333333333,1.687865186822955,1.0,1.0,83.33333333333334,86.66666666666667,86.66666666666667,16,53.333333333333336,7,23.333333333333332,2,6.666666666666667,1,3.3333333333333335,0,0.0,4,13.333333333333334,2.433333333333333,1.891795149821695,1.5,2.75,73.33333333333333,80.0,83.33333333333334,15,50.0,6,20.0,1,3.3333333333333335,2,6.666666666666667,1,3.3333333333333335,5,16.666666666666664,2.9,2.103172207246314,2.0,5.0,70.0,70.0,70.0,11,36.666666666666664,8,26.666666666666668,2,6.666666666666667,0,0.0,0,0.0,9,30.0
148,False,2.6666666666666665,1.6996731711975948,2.0,2.0,80.0,83.33333333333334,83.33333333333334,9,30.0,8,26.666666666666668,7,23.333333333333332,1,3.3333333333333335,0,0.0,5,16.666666666666664,2.466666666666667,1.783878421367954,2.0,2.0,76.66666666666667,83.33333333333334,83.33333333333334,12,40.0,9,30.0,2,6.666666666666667,2,6.666666666666667,0,0.0,5,16.666666666666664,2.6666666666666665,1.903213656482693,2.0,2.75,73.33333333333333,76.66666666666667,80.0,11,36.666666666666664,9,30.0,2,6.666666666666667,1,3.3333333333333335,1,3.3333333333333335,6,20.0,2.566666666666667,1.6868774571839995,2.0,2.0,76.66666666666667,83.33333333333334,86.66666666666667,10,33.33333333333333,9,30.0,4,13.333333333333334,2,6.666666666666667,1,3.3333333333333335,4,13.333333333333334
149,False,2.9,1.885912687975418,2.0,3.75,70.0,73.33333333333333,80.0,9,30.0,8,26.666666666666668,4,13.333333333333334,1,3.3333333333333335,2,6.666666666666667,6,20.0,2.3333333333333335,1.9206480387850577,1.0,1.75,80.0,80.0,80.0,16,53.333333333333336,6,20.0,2,6.666666666666667,0,0.0,0,0.0,6,20.0,2.4,1.9078784028338915,1.5,2.0,80.0,80.0,80.0,15,50.0,6,20.0,3,10.0,0,0.0,0,0.0,6,20.0,2.533333333333333,1.9447936194419766,1.5,2.75,73.33333333333333,80.0,80.0,15,50.0,4,13.333333333333334,3,10.0,2,6.666666666666667,0,0.0,6,20.0
150,False,2.533333333333333,1.9102065042525873,2.0,2.0,76.66666666666667,80.0,80.0,14,46.666666666666664,5,16.666666666666664,4,13.333333333333334,1,3.3333333333333335,0,0.0,6,20.0,1.8666666666666667,1.564892612574067,1.0,1.0,86.66666666666667,90.0,90.0,20,66.66666666666666,4,13.333333333333334,2,6.666666666666667,1,3.3333333333333335,0,0.0,3,10.0,2.2,1.973153144926499,1.0,1.75,80.0,80.0,80.0,20,66.66666666666666,2,6.666666666666667,2,6.666666666666667,0,0.0,0,0.0,6,20.0,2.7666666666666666,2.027861489900684,2.0,4.0,66.66666666666666,70.0,80.0,13,43.333333333333336,6,20.0,1,3.3333333333333335,1,3.3333333333333335,3,10.0,6,20.0
151,True,2.1666666666666665,1.3682917167849196,2.0,2.0,80.0,93.33333333333333,96.66666666666667,13,43.333333333333336,8,26.666666666666668,3,10.0,4,13.333333333333334,1,3.3333333333333335,1,3.3333333333333335,2.0,1.6733200530681511,1.0,1.0,86.66666666666667,86.66666666666667,86.66666666666667,18,60.0,6,20.0,2,6.666666666666667,0,0.0,0,0.0,4,13.333333333333334,2.0,1.4142135623730951,1.0,1.0,83.33333333333334,90.0,96.66666666666667,16,53.333333333333336,7,23.333333333333332,2,6.666666666666667,2,6.666666666666667,2,6.666666666666667,1,3.3333333333333335,2.7,1.8466185312619385,2.0,3.0,70.0,80.0,83.33333333333334,12,40.0,5,16.666666666666664,4,13.333333333333334,3,10.0,1,3.3333333333333335,5,16.666666666666664
152,False,2.8666666666666667,1.746106780494506,2.0,1.75,73.33333333333333,76.66666666666667,83.33333333333334,7,23.333333333333332,10,33.33333333333333,5,16.666666666666664,1,3.3333333333333335,2,6.666666666666667,5,16.666666666666664,2.2333333333333334,1.6669999666733315,2.0,1.75,83.33333333333334,86.66666666666667,86.66666666666667,14,46.666666666666664,8,26.666666666666668,3,10.0,1,3.3333333333333335,0,0.0,4,13.333333333333334,2.2666666666666666,1.671991493864594,2.0,2.0,83.33333333333334,86.66666666666667,86.66666666666667,14,46.666666666666664,7,23.333333333333332,4,13.333333333333334,1,3.3333333333333335,0,0.0,4,13.333333333333334,2.7333333333333334,1.9482185594936612,2.0,2.75,73.33333333333333,76.66666666666667,76.66666666666667,11,36.666666666666664,8,26.666666666666668,3,10.0,1,3.3333333333333335,0,0.0,7,23.333333333333332
153,False,2.6333333333333333,1.8705317128797598,2.0,2.75,73.33333333333333,80.0,80.0,11,36.666666666666664,9,30.0,2,6.666666666666667,2,6.666666666666667,0,0.0,6,20.0,2.2,1.6613247725836149,2.0,1.0,83.33333333333334,86.66666666666667,86.66666666666667,14,46.666666666666664,9,30.0,2,6.666666666666667,1,3.3333333333333335,0,0.0,4,13.333333333333334,2.433333333333333,1.8381754238616315,2.0,2.0,80.0,80.0,83.33333333333334,14,46.666666666666664,6,20.0,4,13.333333333333334,0,0.0,1,3.3333333333333335,5,16.666666666666664,2.413793103448276,1.7123736576462258,2.0,2.0,75.86206896551724,86.20689655172413,86.20689655172413,12,41.37931034482759,8,27.586206896551722,2,6.896551724137931,3,10.344827586206897,0,0.0,4,13.793103448275861
154,False,3.1666666666666665,1.9507833184532708,3.0,4.5,63.33333333333333,73.33333333333333,73.33333333333333,9,30.0,4,13.333333333333334,6,20.0,3,10.0,0,0.0,8,26.666666666666668,2.466666666666667,1.9102065042525873,1.0,2.75,73.33333333333333,80.0,83.33333333333334,16,53.333333333333336,3,10.0,3,10.0,2,6.666666666666667,1,3.3333333333333335,5,16.666666666666664,2.6,1.8184242262647807,2.0,3.0,66.66666666666666,83.33333333333334,86.66666666666667,14,46.666666666666664,3,10.0,3,10.0,5,16.666666666666664,1,3.3333333333333335,4,13.333333333333334,3.3,1.846618531261939,3.0,3.0,63.33333333333333,70.0,76.66666666666667,7,23.333333333333332,4,13.333333333333334,8,26.666666666666668,2,6.666666666666667,2,6.666666666666667,7,23.333333333333332
155,False,3.1666666666666665,1.694763175851488,3.0,2.0,66.66666666666666,76.66666666666667,80.0,4,13.333333333333334,10,33.33333333333333,6,20.0,3,10.0,1,3.3333333333333335,6,20.0,2.6666666666666665,1.86785676348292,2.0,3.0,70.0,76.66666666666667,83.33333333333334,11,36.666666666666664,9,30.0,1,3.3333333333333335,2,6.666666666666667,2,6.666666666666667,5,16.666666666666664,2.8,1.8330302779823362,2.0,3.0,63.33333333333333,76.66666666666667,86.66666666666667,11,36.666666666666664,6,20.0,2,6.666666666666667,4,13.333333333333334,3,10.0,4,13.333333333333334,3.1333333333333333,1.8926759422104522,2.0,3.0,63.33333333333333,70.0,76.66666666666667,6,20.0,11,36.666666666666664,2,6.666666666666667,2,6.666666666666667,2,6.666666666666667,7,23.333333333333332
156,False,2.8,1.7204650534085255,2.0,3.0,70.0,80.0,86.66666666666667,9,30.0,7,23.333333333333332,5,16.666666666666664,3,10.0,2,6.666666666666667,4,13.333333333333334,2.1666666666666665,1.771690968789108,1.0,2.0,83.33333333333334,83.33333333333334,86.66666666666667,18,60.0,3,10.0,4,13.333333333333334,0,0.0,1,3.3333333333333335,4,13.333333333333334,2.2,1.5362291495737217,2.0,2.0,86.66666666666667,90.0,90.0,14,46.666666666666664,6,20.0,6,20.0,1,3.3333333333333335,0,0.0,3,10.0,2.9,2.0872629605937694,2.0,4.0,63.33333333333333,70.0,76.66666666666667,14,46.666666666666664,2,6.666666666666667,3,10.0,2,6.666666666666667,2,6.666666666666667,7,23.333333333333332
157,True,2.2666666666666666,1.6110727964792761,2.0,1.75,80.0,86.66666666666667,90.0,13,43.333333333333336,9,30.0,2,6.666666666666667,2,6.666666666666667,1,3.3333333333333335,3,10.0,1.8333333333333333,1.2671051872498809,1.0,1.0,86.66666666666667,96.66666666666667,96.66666666666667,18,60.0,5,16.666666666666664,3,10.0,3,10.0,0,0.0,1,3.3333333333333335,1.9333333333333333,1.4590712418826193,1.0,1.0,83.33333333333334,93.33333333333333,93.33333333333333,18,60.0,5,16.666666666666664,2,6.666666666666667,3,10.0,0,0.0,2,6.666666666666667,2.533333333333333,1.8208667044996885,2.0,2.75,73.33333333333333,80.0,86.66666666666667,14,46.666666666666664,4,13.333333333333334,4,13.333333333333334,2,6.666666666666667,2,6.666666666666667,4,13.333333333333334
158,False,2.8,1.7962924780409975,3.0,3.0,70.0,83.33333333333334,83.33333333333334,12,40.0,1,3.3333333333333335,8,26.666666666666668,4,13.333333333333334,0,0.0,5,16.666666666666664,2.066666666666667,1.7688665548562135,1.0,1.75,80.0,86.66666666666667,86.66666666666667,20,66.66666666666666,2,6.666666666666667,2,6.666666666666667,2,6.666666666666667,0,0.0,4,13.333333333333334,2.2333333333333334,1.6669999666733315,1.0,2.75,73.33333333333333,86.66666666666667,93.33333333333333,17,56.666666666666664,3,10.0,2,6.666666666666667,4,13.333333333333334,2,6.666666666666667,2,6.666666666666667,2.6,1.9595917942265426,1.0,3.0,70.0,76.66666666666667,83.33333333333334,16,53.333333333333336,1,3.3333333333333335,4,13.333333333333334,2,6.666666666666667,2,6.666666666666667,5,16.666666666666664
159,True,2.2,1.2489995996796794,2.0,2.0,90.0,93.33333333333333,96.66666666666667,11,36.666666666666664,8,26.666666666666668,8,26.666666666666668,1,3.3333333333333335,1,3.3333333333333335,1,3.3333333333333335,2.1666666666666665,1.7336538165261124,1.0,1.75,80.0,86.66666666666667,86.66666666666667,17,56.666666666666664,5,16.666666666666664,2,6.666666666666667,2,6.666666666666667,0,0.0,4,13.333333333333334,2.2,1.6,2.0,1.75,83.33333333333334,86.66666666666667,90.0,14,46.666666666666664,8,26.666666666666668,3,10.0,1,3.3333333333333335,1,3.3333333333333335,3,10.0,2.2666666666666666,1.4360439485692011,2.0,2.0,83.33333333333334,93.33333333333333,93.33333333333333,13,43.333333333333336,5,16.666666666666664,7,23.333333333333332,3,10.0,0,0.0,2,6.666666666666667
160,True,2.7666666666666666,1.4533486237727764,3.0,1.75,73.33333333333333,86.66666666666667,93.33333333333333,7,23.333333333333332,7,23.333333333333332,8,26.666666666666668,4,13.333333333333334,2,6.666666666666667,2,6.666666666666667,2.3333333333333335,1.757523510195209,1.5,2.0,80.0,83.33333333333334,86.66666666666667,15,50.0,5,16.666666666666664,4,13.333333333333334,1,3.3333333333333335,1,3.3333333333333335,4,13.333333333333334,2.3666666666666667,1.74132771821453,2.0,2.0,80.0,83.33333333333334,86.66666666666667,14,46.666666666666664,6,20.0,4,13.333333333333334,1,3.3333333333333335,1,3.3333333333333335,4,13.333333333333334,2.9,1.885912687975418,2.5,3.75,66.66666666666666,73.33333333333333,83.33333333333334,11,36.666666666666664,4,13.333333333333334,5,16.666666666666664,2,6.666666666666667,3,10.0,5,16.666666666666664
161,False,2.5,1.6072751268321592,2.0,2.0,80.0,83.33333333333334,90.0,10,33.33333333333333,9,30.0,5,16.666666666666664,1,3.3333333333333335,2,6.666666666666667,3,10.0,2.1666666666666665,1.5723301886761005,2.0,1.75,86.66666666666667,86.66666666666667,90.0,14,46.666666666666664,8,26.666666666666668,4,13.333333333333334,0,0.0,1,3.3333333333333335,3,10.0,2.533333333333333,1.892675942210452,2.0,2.0,80.0,80.0,80.0,14,46.666666666666664,4,13.333333333333334,6,20.0,0,0.0,0,0.0,6,20.0,2.3666666666666667,1.5380362660079103,2.0,2.0,80.0,90.0,90.0,11,36.666666666666664,9,30.0,4,13.333333333333334,3,10.0,0,0.0,3,10.0
162,False,2.533333333333333,1.746106780494506,2.0,2.0,80.0,83.33333333333334,83.33333333333334,11,36.666666666666664,8,26.666666666666668,5,16.666666666666664,1,3.3333333333333335,0,0.0,5,16.666666666666664,2.2,1.7776388834631178,1.0,2.0,80.0,80.0,90.0,18,60.0,3,10.0,3,10.0,0,0.0,3,10.0,3,10.0,2.3,1.8101565309847285,1.0,2.0,80.0,80.0,86.66666666666667,16,53.333333333333336,5,16.666666666666664,3,10.0,0,0.0,2,6.666666666666667,4,13.333333333333334,2.466666666666667,1.6478942792411033,2.0,2.75,73.33333333333333,83.33333333333334,93.33333333333333,13,43.333333333333336,5,16.666666666666664,4,13.333333333333334,3,10.0,3,10.0,2,6.666666666666667
163,False,3.2666666666666666,1.9821424996424675,2.5,4.0,60.0,70.0,70.0,7,23.333333333333332,8,26.666666666666668,3,10.0,3,10.0,0,0.0,9,30.0,2.4,1.7625738755203049,2.0,1.75,80.0,83.33333333333334,83.33333333333334,12,40.0,10,33.33333333333333,2,6.666666666666667,1,3.3333333333333335,0,0.0,5,16.666666666666664,2.566666666666667,1.8740923729160797,2.0,2.75,73.33333333333333,76.66666666666667,83.33333333333334,12,40.0,9,30.0,1,3.3333333333333335,1,3.3333333333333335,2,6.666666666666667,5,16.666666666666664,2.966666666666667,2.1367160680716464,2.0,5.0,66.66666666666666,66.66666666666666,70.0,11,36.666666666666664,8,26.666666666666668,1,3.3333333333333335,0,0.0,1,3.3333333333333335,9,30.0
164,False,2.1666666666666665,1.6141733350404335,1.5,1.75,83.33333333333334,86.66666666666667,90.0,15,50.0,7,23.333333333333332,3,10.0,1,3.3333333333333335,1,3.3333333333333335,3,10.0,1.9666666666666666,1.682920741515245,1.0,1.0,86.66666666666667,86.66666666666667,86.66666666666667,19,63.33333333333333,5,16.666666666666664,2,6.666666666666667,0,0.0,0,0.0,4,13.333333333333334,2.066666666666667,1.6918103387266028,1.0,1.75,86.66666666666667,86.66666666666667,86.66666666666667,18,60.0,4,13.333333333333334,4,13.333333333333334,0,0.0,0,0.0,4,13.333333333333334,2.533333333333333,2.0286832072937253,1.5,2.75,73.33333333333333,76.66666666666667,76.66666666666667,15,50.0,6,20.0,1,3.3333333333333335,1,3.3333333333333335,0,0.0,7,23.333333333333332
165,False,2.7666666666666666,1.6868774571839995,3.0,3.0,66.66666666666666,83.33333333333334,90.0,11,36.666666666666664,3,10.0,6,20.0,5,16.666666666666664,2,6.666666666666667,3,10.0,2.433333333333333,1.8740923729160797,1.0,2.75,73.33333333333333,83.33333333333334,83.33333333333334,16,53.333333333333336,3,10.0,3,10.0,3,10.0,0,0.0,5,16.666666666666664,2.466666666666667,1.8208667044996885,1.5,3.0,70.0,83.33333333333334,86.66666666666667,15,50.0,4,13.333333333333334,2,6.666666666666667,4,13.333333333333334,1,3.3333333333333335,4,13.333333333333334,3.0,1.96638416050035,2.5,3.0,60.0,76.66666666666667,76.66666666666667,11,36.666666666666664,4,13.333333333333334,3,10.0,5,16.666666666666664,0,0.0,7,23.333333333333332
166,False,2.6,1.8,2.0,2.75,73.33333333333333,80.0,86.66666666666667,13,43.333333333333336,4,13.333333333333334,5,16.666666666666664,2,6.666666666666667,2,6.666666666666667,4,13.333333333333334,2.0,1.7126976771553504,1.0,1.75,86.66666666666667,86.66666666666667,86.66666666666667,20,66.66666666666666,2,6.666666666666667,4,13.333333333333334,0,0.0,0,0.0,4,13.333333333333334,2.1666666666666665,1.8633899812498247,1.0,1.75,80.0,83.33333333333334,83.33333333333334,19,63.33333333333333,3,10.0,2,6.666666666666667,1,3.3333333333333335,0,0.0,5,16.666666666666664,2.9,2.118962010041709,2.0,4.75,66.66666666666666,70.0,73.33333333333333,14,46.666666666666664,2,6.666666666666667,4,13.333333333333334,1,3.3333333333333335,1,3.3333333333333335,8,26.666666666666668
167,False,2.533333333333333,1.746106780494506,2.0,1.75,80.0,80.0,83.33333333333334,9,30.0,13,43.333333333333336,2,6.666666666666667,0,0.0,1,3.3333333333333335,5,16.666666666666664,1.9666666666666666,1.4715826703096078,1.5,1.0,90.0,90.0,90.0,15,50.0,10,33.33333333333333,2,6.666666666666667,0,0.0,0,0.0,3,10.0,2.3,1.7729448195962934,2.0,1.75,83.33333333333334,83.33333333333334,83.33333333333334,14,46.666666666666664,8,26.666666666666668,3,10.0,0,0.0,0,0.0,5,16.666666666666664,2.533333333333333,1.746106780494506,2.0,1.75,80.0,80.0,83.33333333333334,9,30.0,13,43.333333333333336,2,6.666666666666667,0,0.0,1,3.3333333333333335,5,16.666666666666664
168,False,2.7,1.846618531261939,2.0,2.75,73.33333333333333,80.0,80.0,10,33.33333333333333,9,30.0,3,10.0,2,6.666666666666667,0,0.0,6,20.0,2.2,1.7009801096230766,1.5,1.0,80.0,86.66666666666667,86.66666666666667,15,50.0,8,26.666666666666668,1,3.3333333333333335,2,6.666666666666667,0,0.0,4,13.333333333333334,2.3666666666666667,1.7220788470785986,2.0,2.0,76.66666666666667,86.66666666666667,86.66666666666667,14,46.666666666666664,6,20.0,3,10.0,3,10.0,0,0.0,4,13.333333333333334,2.8,1.7776388834631178,2.0,3.0,63.33333333333333,80.0,86.66666666666667,10,33.33333333333333,7,23.333333333333332,2,6.666666666666667,5,16.666666666666664,2,6.666666666666667,4,13.333333333333334
169,False,2.6333333333333333,1.8526257642120336,2.0,2.75,73.33333333333333,80.0,80.0,10,33.33333333333333,11,36.666666666666664,1,3.3333333333333335,2,6.666666666666667,0,0.0,6,20.0,2.2666666666666666,1.9482185594936612,1.0,1.75,80.0,80.0,80.0,18,60.0,4,13.333333333333334,2,6.666666666666667,0,0.0,0,0.0,6,20.0,2.3666666666666667,1.9405039437103848,1.0,2.0,80.0,80.0,80.0,17,56.666666666666664,3,10.0,4,13.333333333333334,0,0.0,0,0.0,6,20.0,2.7333333333333334,1.9821424996424677,2.0,3.0,70.0,76.66666666666667,76.66666666666667,12,40.0,7,23.333333333333332,2,6.666666666666667,2,6.666666666666667,0,0.0,7,23.333333333333332
170,False,2.6333333333333333,1.9576062480034697,2.0,2.0,76.66666666666667,76.66666666666667,76.66666666666667,12,40.0,8,26.666666666666668,3,10.0,0,0.0,0,0.0,7,23.333333333333332,2.1666666666666665,1.7527755766846542,1.0,1.0,80.0,80.0,90.0,17,56.666666666666664,6,20.0,1,3.3333333333333335,0,0.0,3,10.0,3,10.0,2.6,2.1071307505705477,1.5,4.25,73.33333333333333,73.33333333333333,73.33333333333333,15,50.0,6,20.0,1,3.3333333333333335,0,0.0,0,0.0,8,26.666666666666668,2.533333333333333,1.7838784213679537,2.0,2.0,76.66666666666667,80.0,86.66666666666667,13,43.333333333333336,5,16.666666666666664,5,16.666666666666664,1,3.3333333333333335,2,6.666666666666667,4,13.333333333333334
171,False,2.5,1.7654083569153813,2.0,2.0,76.66666666666667,80.0,86.66666666666667,12,40.0,8,26.666666666666668,3,10.0,1,3.3333333333333335,2,6.666666666666667,4,13.333333333333334,2.3333333333333335,1.8856180831641267,1.0,1.75,76.66666666666667,80.0,83.33333333333334,16,53.333333333333336,6,20.0,1,3.3333333333333335,1,3.3333333333333335,1,3.3333333333333335,5,16.666666666666664,2.566666666666667,1.9947152400502908,1.5,3.0,70.0,76.66666666666667,80.0,15,50.0,5,16.666666666666664,1,3.3333333333333335,2,6.666666666666667,1,3.3333333333333335,6,20.0,3.0,1.9148542155126762,2.0,3.75,60.0,73.33333333333333,80.0,9,30.0,8,26.666666666666668,1,3.3333333333333335,4,13.333333333333334,2,6.666666666666667,6,20.0
172,False,2.533333333333333,1.7074997966487597,2.0,2.0,76.66666666666667,83.33333333333334,86.66666666666667,11,36.666666666666664,8,26.666666666666668,4,13.333333333333334,2,6.666666666666667,1,3.3333333333333335,4,13.333333333333334,1.9,1.398809017223819,1.0,1.0,90.0,90.0,93.33333333333333,16,53.333333333333336,9,30.0,2,6.666666666666667,0,0.0,1,3.3333333333333335,2,6.666666666666667,2.066666666666667,1.569146972791976,1.5,1.0,86.66666666666667,86.66666666666667,90.0,15,50.0,9,30.0,2,6.666666666666667,0,0.0,1,3.3333333333333335,3,10.0,2.7,1.8466185312619385,2.0,2.0,76.66666666666667,76.66666666666667,80.0,9,30.0,11,36.666666666666664,3,10.0,0,0.0,1,3.3333333333333335,6,20.0
173,False,2.7333333333333334,1.9652537297311568,2.0,3.5,73.33333333333333,73.33333333333333,76.66666666666667,10,33.33333333333333,11,36.666666666666664,1,3.3333333333333335,0,0.0,1,3.3333333333333335,7,23.333333333333332,2.4,1.8547236990991407,2.0,1.75,76.66666666666667,80.0,83.33333333333334,14,46.666666666666664,8,26.666666666666668,1,3.3333333333333335,1,3.3333333333333335,1,3.3333333333333335,5,16.666666666666664,2.5,1.8211717839530315,2.0,2.0,76.66666666666667,80.0,83.33333333333334,12,40.0,9,30.0,2,6.666666666666667,1,3.3333333333333335,1,3.3333333333333335,5,16.666666666666664,2.5,1.6881943016134133,2.0,2.0,76.66666666666667,80.0,90.0,11,36.666666666666664,9,30.0,3,10.0,1,3.3333333333333335,3,10.0,3,10.0
174,False,2.8666666666666667,1.892675942210452,2.0,2.75,73.33333333333333,76.66666666666667,76.66666666666667,9,30.0,8,26.666666666666668,5,16.666666666666664,1,3.3333333333333335,0,0.0,7,23.333333333333332,2.2333333333333334,1.7259457954666158,1.0,2.0,80.0,86.66666666666667,86.66666666666667,16,53.333333333333336,5,16.666666666666664,3,10.0,2,6.666666666666667,0,0.0,4,13.333333333333334,2.433333333333333,1.8740923729160797,1.5,2.0,76.66666666666667,80.0,83.33333333333334,15,50.0,5,16.666666666666664,3,10.0,1,3.3333333333333335,1,3.3333333333333335,5,16.666666666666664,2.933333333333333,1.8061622912192088,2.0,2.75,63.33333333333333,76.66666666666667,83.33333333333334,8,26.666666666666668,9,30.0,2,6.666666666666667,4,13.333333333333334,2,6.666666666666667,5,16.666666666666664
175,True,2.6,1.540562667772179,2.0,2.0,80.0,86.66666666666667,90.0,9,30.0,7,23.333333333333332,8,26.666666666666668,2,6.666666666666667,1,3.3333333333333335,3,10.0,2.033333333333333,1.5807874268505833,1.0,2.0,86.66666666666667,90.0,90.0,18,60.0,3,10.0,5,16.666666666666664,1,3.3333333333333335,0,0.0,3,10.0,2.1666666666666665,1.5723301886761007,1.5,2.0,83.33333333333334,90.0,90.0,15,50.0,6,20.0,4,13.333333333333334,2,6.666666666666667,0,0.0,3,10.0,2.6,1.624807680927192,2.0,3.0,70.0,83.33333333333334,93.33333333333333,11,36.666666666666664,6,20.0,4,13.333333333333334,4,13.333333333333334,3,10.0,2,6.666666666666667
176,False,2.7666666666666666,1.6468825769380835,2.0,1.75,73.33333333333333,76.66666666666667,90.0,7,23.333333333333332,11,36.666666666666664,4,13.333333333333334,1,3.3333333333333335,4,13.333333333333334,3,10.0,2.5,1.9450792614526877,2.0,2.0,76.66666666666667,76.66666666666667,80.0,14,46.666666666666664,7,23.333333333333332,2,6.666666666666667,0,0.0,1,3.3333333333333335,6,20.0,2.6,1.8366636418607882,2.0,2.0,76.66666666666667,76.66666666666667,83.33333333333334,11,36.666666666666664,9,30.0,3,10.0,0,0.0,2,6.666666666666667,5,16.666666666666664,2.966666666666667,2.0080393975772046,2.0,4.75,70.0,70.0,73.33333333333333,9,30.0,9,30.0,3,10.0,0,0.0,1,3.3333333333333335,8,26.666666666666668
177,False,2.466666666666667,1.746106780494506,2.0,2.0,76.66666666666667,83.33333333333334,86.66666666666667,13,43.333333333333336,6,20.0,4,13.333333333333334,2,6.666666666666667,1,3.3333333333333335,4,13.333333333333334,1.8333333333333333,1.4624940645653535,1.0,1.0,90.0,90.0,93.33333333333333,20,66.66666666666666,3,10.0,4,13.333333333333334,0,0.0,1,3.3333333333333335,2,6.666666666666667,1.9666666666666666,1.6428295373802142,1.0,1.75,86.66666666666667,86.66666666666667,90.0,20,66.66666666666666,2,6.666666666666667,4,13.333333333333334,0,0.0,1,3.3333333333333335,3,10.0,2.8666666666666667,2.232089205704428,1.0,5.0,66.66666666666666,66.66666666666666,70.0,16,53.333333333333336,1,3.3333333333333335,3,10.0,0,0.0,1,3.3333333333333335,9,30.0
178,False,2.3,1.6563010998406458,2.0,1.0,83.33333333333334,83.33333333333334,86.66666666666667,11,36.666666666666664,13,43.333333333333336,1,3.3333333333333335,0,0.0,1,3.3333333333333335,4,13.333333333333334,2.1,1.7953644012660308,1.0,1.0,80.0,83.33333333333334,86.66666666666667,19,63.33333333333333,4,13.333333333333334,1,3.3333333333333335,1,3.3333333333333335,1,3.3333333333333335,4,13.333333333333334,1.9666666666666666,1.601735170231195,1.0,1.0,86.66666666666667,86.66666666666667,90.0,18,60.0,6,20.0,2,6.666666666666667,0,0.0,1,3.3333333333333335,3,10.0,2.7,1.9347695814575265,2.0,3.75,66.66666666666666,73.33333333333333,83.33333333333334,12,40.0,8,26.666666666666668,0,0.0,2,6.666666666666667,3,10.0,5,16.666666666666664
179,False,2.7666666666666666,1.8381754238616315,2.0,2.75,73.33333333333333,80.0,80.0,10,33.33333333333333,7,23.333333333333332,5,16.666666666666664,2,6.666666666666667,0,0.0,6,20.0,2.033333333333333,1.5595583420386114,1.0,1.0,83.33333333333334,90.0,90.0,16,53.333333333333336,8,26.666666666666668,1,3.3333333333333335,2,6.666666666666667,0,0.0,3,10.0,2.1666666666666665,1.7143187827498387,1.5,1.0,83.33333333333334,83.33333333333334,86.66666666666667,15,50.0,9,30.0,1,3.3333333333333335,0,0.0,1,3.3333333333333335,4,13.333333333333334,2.433333333333333,1.6868774571839993,2.0,2.0,76.66666666666667,86.66666666666667,86.66666666666667,12,40.0,8,26.666666666666668,3,10.0,3,10.0,0,0.0,4,13.333333333333334
180,False,2.6,1.6041612554021285,2.0,2.0,80.0,86.66666666666667,86.66666666666667,9,30.0,8,26.666666666666668,7,23.333333333333332,2,6.666666666666667,0,0.0,4,13.333333333333334,2.1,1.535143858622594,1.5,1.75,86.66666666666667,90.0,90.0,15,50.0,7,23.333333333333332,4,13.333333333333334,1,3.3333333333333335,0,0.0,3,10.0,2.2,1.4236104336041748,2.0,2.0,86.66666666666667,90.0,93.33333333333333,12,40.0,9,30.0,5,16.666666666666664,1,3.3333333333333335,1,3.3333333333333335,2,6.666666666666667,2.7,1.9174636024359542,2.0,2.75,73.33333333333333,76.66666666666667,80.0,12,40.0,6,20.0,4,13.333333333333334,1,3.3333333333333335,1,3.3333333333333335,6,20.0
181,False,2.466666666666667,1.7074997966487597,2.0,2.75,73.33333333333333,86.66666666666667,86.66666666666667,12,40.0,8,26.666666666666668,2,6.666666666666667,4,13.333333333333334,0,0.0,4,13.333333333333334,2.2,1.6,2.0,1.0,76.66666666666667,90.0,90.0,14,46.666666666666664,9,30.0,0,0.0,4,13.333333333333334,0,0.0,3,10.0,2.3666666666666667,1.7220788470785986,2.0,2.5,73.33333333333333,86.66666666666667,86.66666666666667,13,43.333333333333336,9,30.0,0,0.0,4,13.333333333333334,0,0.0,4,13.333333333333334,2.533333333333333,1.7838784213679537,2.0,2.75,73.33333333333333,83.33333333333334,83.33333333333334,11,36.666666666666664,10,33.33333333333333,1,3.3333333333333335,3,10.0,0,0.0,5,16.666666666666664
182,False,2.7,1.715614564327703,2.0,2.0,76.66666666666667,83.33333333333334,83.33333333333334,9,30.0,8,26.666666666666668,6,20.0,2,6.666666666666667,0,0.0,5,16.666666666666664,2.1333333333333333,1.6478942792411033,1.5,1.0,86.66666666666667,86.66666666666667,86.66666666666667,15,50.0,8,26.666666666666668,3,10.0,0,0.0,0,0.0,4,13.333333333333334,2.466666666666667,1.8926759422104522,2.0,1.75,76.66666666666667,80.0,80.0,13,43.333333333333336,9,30.0,1,3.3333333333333335,1,3.3333333333333335,0,0.0,6,20.0,2.5,1.7654083569153813,2.0,2.0,76.66666666666667,83.33333333333334,83.33333333333334,11,36.666666666666664,10,33.33333333333333,2,6.666666666666667,2,6.666666666666667,0,0.0,5,16.666666666666664
183,False,2.5,1.746424919657298,2.0,2.0,80.0,80.0,86.66666666666667,12,40.0,7,23.333333333333332,5,16.666666666666664,0,0.0,2,6.666666666666667,4,13.333333333333334,2.033333333333333,1.8345450541089352,1.0,1.0,83.33333333333334,83.33333333333334,83.33333333333334,20,66.66666666666666,4,13.333333333333334,1,3.3333333333333335,0,0.0,0,0.0,5,16.666666666666664,2.1666666666666665,1.6346933113652304,1.0,2.0,83.33333333333334,86.66666666666667,90.0,16,53.333333333333336,5,16.666666666666664,4,13.333333333333334,1,3.3333333333333335,1,3.3333333333333335,3,10.0,2.8666666666666667,1.9275776393067947,2.0,3.75,70.0,73.33333333333333,80.0,11,36.666666666666664,5,16.666666666666664,5,16.666666666666664,1,3.3333333333333335,2,6.666666666666667,6,20.0
184,False,2.2,1.5577761927397231,2.0,2.0,83.33333333333334,90.0,90.0,14,46.666666666666664,7,23.333333333333332,4,13.333333333333334,2,6.666666666666667,0,0.0,3,10.0,2.0,1.591644851508443,1.0,1.0,86.66666666666667,86.66666666666667,90.0,17,56.666666666666664,7,23.333333333333332,2,6.666666666666667,0,0.0,1,3.3333333333333335,3,10.0,2.033333333333333,1.5807874268505835,1.0,1.0,86.66666666666667,86.66666666666667,90.0,16,53.333333333333336,8,26.666666666666668,2,6.666666666666667,0,0.0,1,3.3333333333333335,3,10.0,2.566666666666667,1.9093337988826249,2.0,2.75,73.33333333333333,76.66666666666667,83.33333333333334,14,46.666666666666664,5,16.666666666666664,3,10.0,1,3.3333333333333335,2,6.666666666666667,5,16.666666666666664
185,False,2.533333333333333,1.8208667044996885,2.0,2.0,80.0,80.0,83.33333333333334,13,43.333333333333336,5,16.666666666666664,6,20.0,0,0.0,1,3.3333333333333335,5,16.666666666666664,2.2666666666666666,1.6918103387266028,1.0,2.0,76.66666666666667,86.66666666666667,90.0,16,53.333333333333336,4,13.333333333333334,3,10.0,3,10.0,1,3.3333333333333335,3,10.0,2.3,1.6360521589077368,2.0,2.0,80.0,86.66666666666667,90.0,14,46.666666666666664,6,20.0,4,13.333333333333334,2,6.666666666666667,1,3.3333333333333335,3,10.0,2.6,1.942506971244462,1.5,3.0,70.0,76.66666666666667,83.33333333333334,15,50.0,3,10.0,3,10.0,2,6.666666666666667,2,6.666666666666667,5,16.666666666666664
186,True,2.3666666666666667,1.6224124698183944,2.0,2.0,86.66666666666667,86.66666666666667,86.66666666666667,12,40.0,7,23.333333333333332,7,23.333333333333332,0,0.0,0,0.0,4,13.333333333333334,2.066666666666667,1.4817407180595248,2.0,1.0,90.0,90.0,90.0,14,46.666666666666664,9,30.0,4,13.333333333333334,0,0.0,0,0.0,3,10.0,2.1,1.3988090172238192,2.0,1.75,90.0,90.0,93.33333333333333,13,43.333333333333336,9,30.0,5,16.666666666666664,0,0.0,1,3.3333333333333335,2,6.666666666666667,2.4,1.7625738755203049,2.0,2.0,83.33333333333334,83.33333333333334,83.33333333333334,13,43.333333333333336,7,23.333333333333332,5,16.666666666666664,0,0.0,0,0.0,5,16.666666666666664
187,False,2.566666666666667,1.7641491496532322,2.0,2.0,80.0,80.0,83.33333333333334,10,33.33333333333333,10,33.33333333333333,4,13.333333333333334,0,0.0,1,3.3333333333333335,5,16.666666666666664,2.2666666666666666,1.6519348924485158,1.5,2.0,80.0,86.66666666666667,90.0,15,50.0,5,16.666666666666664,4,13.333333333333334,2,6.666666666666667,1,3.3333333333333335,3,10.0,2.5,1.7272328544042153,2.0,2.0,80.0,80.0,86.66666666666667,11,36.666666666666664,9,30.0,4,13.333333333333334,0,0.0,2,6.666666666666667,4,13.333333333333334,2.966666666666667,2.0245712852080286,2.0,4.75,70.0,70.0,73.33333333333333,10,33.33333333333333,7,23.333333333333332,4,13.333333333333334,0,0.0,1,3.3333333333333335,8,26.666666666666668
188,False,2.3,1.7916472867168916,2.0,1.0,80.0,83.33333333333334,83.33333333333334,14,46.666666666666664,9,30.0,1,3.3333333333333335,1,3.3333333333333335,0,0.0,5,16.666666666666664,1.9333333333333333,1.5260697523012796,1.0,1.0,86.66666666666667,90.0,90.0,17,56.666666666666664,8,26.666666666666668,1,3.3333333333333335,1,3.3333333333333335,0,0.0,3,10.0,1.9,1.468559384794046,1.0,1.0,90.0,90.0,90.0,16,53.333333333333336,10,33.33333333333333,1,3.3333333333333335,0,0.0,0,0.0,3,10.0,2.3333333333333335,1.7763883459298968,2.0,1.0,80.0,83.33333333333334,83.33333333333334,13,43.333333333333336,10,33.33333333333333,1,3.3333333333333335,1,3.3333333333333335,0,0.0,5,16.666666666666664
189,False,2.7666666666666666,1.764149149653232,2.5,2.0,76.66666666666667,80.0,83.33333333333334,10,33.33333333333333,5,16.666666666666664,8,26.666666666666668,1,3.3333333333333335,1,3.3333333333333335,5,16.666666666666664,2.0,1.4605934866804429,1.0,2.0,86.66666666666667,93.33333333333333,93.33333333333333,18,60.0,2,6.666666666666667,6,20.0,2,6.666666666666667,0,0.0,2,6.666666666666667,2.2,1.7204650534085253,1.0,2.0,83.33333333333334,86.66666666666667,86.66666666666667,17,56.666666666666664,3,10.0,5,16.666666666666664,1,3.3333333333333335,0,0.0,4,13.333333333333334,2.6666666666666665,1.9550504398153572,2.0,2.75,73.33333333333333,76.66666666666667,80.0,14,46.666666666666664,3,10.0,5,16.666666666666664,1,3.3333333333333335,1,3.3333333333333335,6,20.0
190,False,2.533333333333333,1.8749814813900312,2.0,2.0,76.66666666666667,80.0,80.0,12,40.0,9,30.0,2,6.666666666666667,1,3.3333333333333335,0,0.0,6,20.0,2.2333333333333334,1.8740923729160797,1.0,1.0,80.0,80.0,83.33333333333334,17,56.666666666666664,6,20.0,1,3.3333333333333335,0,0.0,1,3.3333333333333335,5,16.666666666666664,2.4,1.818424226264781,2.0,2.0,76.66666666666667,83.33333333333334,83.33333333333334,14,46.666666666666664,7,23.333333333333332,2,6.666666666666667,2,6.666666666666667,0,0.0,5,16.666666666666664,2.6,1.818424226264781,2.0,3.0,70.0,80.0,86.66666666666667,13,43.333333333333336,5,16.666666666666664,3,10.0,3,10.0,2,6.666666666666667,4,13.333333333333334
191,True,2.0,1.2909944487358056,1.5,1.75,83.33333333333334,96.66666666666667,96.66666666666667,15,50.0,7,23.333333333333332,3,10.0,4,13.333333333333334,0,0.0,1,3.3333333333333335,1.8666666666666667,1.4313940369055924,1.0,1.0,90.0,90.0,93.33333333333333,18,60.0,6,20.0,3,10.0,0,0.0,1,3.3333333333333335,2,6.666666666666667,2.2666666666666666,1.8427033281447005,1.0,2.0,80.0,83.33333333333334,83.33333333333334,17,56.666666666666664,4,13.333333333333334,3,10.0,1,3.3333333333333335,0,0.0,5,16.666666666666664,2.7666666666666666,1.7451520150277897,2.0,3.0,66.66666666666666,76.66666666666667,90.0,10,33.33333333333333,7,23.333333333333332,3,10.0,3,10.0,4,13.333333333333334,3,10.0
192,False,2.7,1.7729448195962934,2.0,1.75,76.66666666666667,76.66666666666667,83.33333333333334,8,26.666666666666668,12,40.0,3,10.0,0,0.0,2,6.666666666666667,5,16.666666666666664,2.1666666666666665,1.7143187827498387,1.5,1.0,83.33333333333334,83.33333333333334,86.66666666666667,15,50.0,9,30.0,1,3.3333333333333335,0,0.0,1,3.3333333333333335,4,13.333333333333334,2.3,1.8466185312619385,1.5,1.0,80.0,80.0,83.33333333333334,15,50.0,8,26.666666666666668,1,3.3333333333333335,0,0.0,1,3.3333333333333335,5,16.666666666666664,2.933333333333333,2.2350739485653612,2.0,5.0,63.33333333333333,63.33333333333333,70.0,14,46.666666666666664,5,16.666666666666664,0,0.0,0,0.0,2,6.666666666666667,9,30.0
193,False,2.6,1.7435595774162693,2.0,2.0,76.66666666666667,83.33333333333334,83.33333333333334,10,33.33333333333333,9,30.0,4,13.333333333333334,2,6.666666666666667,0,0.0,5,16.666666666666664,2.1666666666666665,1.752775576684654,1.0,1.0,80.0,83.33333333333334,86.66666666666667,16,53.333333333333336,8,26.666666666666668,0,0.0,1,3.3333333333333335,1,3.3333333333333335,4,13.333333333333334,2.4,1.8903262505010434,1.0,2.75,73.33333333333333,76.66666666666667,86.66666666666667,16,53.333333333333336,5,16.666666666666664,1,3.3333333333333335,1,3.3333333333333335,3,10.0,4,13.333333333333334,3.566666666666667,2.1860669909426127,3.0,4.75,50.0,56.666666666666664,60.0,8,26.666666666666668,7,23.333333333333332,0,0.0,2,6.666666666666667,1,3.3333333333333335,12,40.0
194,False,2.466666666666667,1.783878421367954,2.0,2.0,76.66666666666667,83.33333333333334,83.33333333333334,12,40.0,9,30.0,2,6.666666666666667,2,6.666666666666667,0,0.0,5,16.666666666666664,2.1,1.6401219466856725,1.0,1.0,80.0,86.66666666666667,90.0,16,53.333333333333336,8,26.666666666666668,0,0.0,2,6.666666666666667,1,3.3333333333333335,3,10.0,2.2333333333333334,1.6468825769380835,1.5,1.75,76.66666666666667,83.33333333333334,93.33333333333333,15,50.0,7,23.333333333333332,1,3.3333333333333335,2,6.666666666666667,3,10.0,2,6.666666666666667,2.3666666666666667,1.7220788470785986,2.0,2.75,73.33333333333333,83.33333333333334,90.0,14,46.666666666666664,7,23.333333333333332,1,3.3333333333333335,3,10.0,2,6.666666666666667,3,10.0
195,False,2.466666666666667,1.627540748764494,2.0,2.0,80.0,86.66666666666667,86.66666666666667,10,33.33333333333333,10,33.33333333333333,4,13.333333333333334,2,6.666666666666667,0,0.0,4,13.333333333333334,2.066666666666667,1.6316317667360556,1.5,1.0,86.66666666666667,86.66666666666667,86.66666666666667,15,50.0,10,33.33333333333333,1,3.3333333333333335,0,0.0,0,0.0,4,13.333333333333334,2.1,1.6603212540549694,1.5,1.0,83.33333333333334,86.66666666666667,86.66666666666667,15,50.0,10,33.33333333333333,0,0.0,1,3.3333333333333335,0,0.0,4,13.333333333333334,2.3333333333333335,1.7950549357115013,2.0,1.75,80.0,83.33333333333334,83.33333333333334,14,46.666666666666664,8,26.666666666666668,2,6.666666666666667,1,3.3333333333333335,0,0.0,5,16.666666666666664
196,False,2.3666666666666667,1.4940623220676648,2.0,0.75,83.33333333333334,86.66666666666667,90.0,8,26.666666666666668,15,50.0,2,6.666666666666667,1,3.3333333333333335,1,3.3333333333333335,3,10.0,2.1666666666666665,1.6141733350404335,2.0,1.0,86.66666666666667,86.66666666666667,86.66666666666667,13,43.333333333333336,11,36.666666666666664,2,6.666666666666667,0,0.0,0,0.0,4,13.333333333333334,2.2333333333333334,1.6468825769380835,2.0,1.0,83.33333333333334,86.66666666666667,86.66666666666667,13,43.333333333333336,10,33.33333333333333,2,6.666666666666667,1,3.3333333333333335,0,0.0,4,13.333333333333334,2.6666666666666665,1.7575235101952091,2.0,2.0,76.66666666666667,80.0,83.33333333333334,9,30.0,10,33.33333333333333,4,13.333333333333334,1,3.3333333333333335,1,3.3333333333333335,5,16.666666666666664
197,False,2.3666666666666667,1.6829207415152447,2.0,2.0,80.0,86.66666666666667,86.66666666666667,13,43.333333333333336,7,23.333333333333332,4,13.333333333333334,2,6.666666666666667,0,0.0,4,13.333333333333334,2.066666666666667,1.8607047649270485,1.0,1.0,80.0,83.33333333333334,83.33333333333334,20,66.66666666666666,4,13.333333333333334,0,0.0,1,3.3333333333333335,0,0.0,5,16.666666666666664,2.2333333333333334,1.8740923729160797,1.0,1.0,80.0,80.0,83.33333333333334,17,56.666666666666664,6,20.0,1,3.3333333333333335,0,0.0,1,3.3333333333333335,5,16.666666666666664,3.1333333333333333,2.0450482200237294,2.0,4.75,56.666666666666664,70.0,73.33333333333333,10,33.33333333333333,6,20.0,1,3.3333333333333335,4,13.333333333333334,1,3.3333333333333335,8,26.666666666666668
198,False,2.3666666666666667,1.642829537380214,2.0,2.0,83.33333333333334,86.66666666666667,86.66666666666667,12,40.0,8,26.666666666666668,5,16.666666666666664,1,3.3333333333333335,0,0.0,4,13.333333333333334,1.9666666666666666,1.5595583420386114,1.0,1.0,86.66666666666667,90.0,90.0,18,60.0,5,16.666666666666664,3,10.0,1,3.3333333333333335,0,0.0,3,10.0,2.2333333333333334,1.7259457954666158,1.0,2.0,80.0,86.66666666666667,86.66666666666667,16,53.333333333333336,5,16.666666666666664,3,10.0,2,6.666666666666667,0,0.0,4,13.333333333333334,2.466666666666667,1.7269111795984826,2.0,2.0,76.66666666666667,86.66666666666667,86.66666666666667,14,46.666666666666664,3,10.0,6,20.0,3,10.0,0,0.0,4,13.333333333333334
199,False,2.2,1.6206994374857624,2.0,1.0,86.66666666666667,86.66666666666667,86.66666666666667,13,43.333333333333336,10,33.33333333333333,3,10.0,0,0.0,0,0.0,4,13.333333333333334,1.8666666666666667,1.4313940369055924,1.0,1.0,90.0,90.0,93.33333333333333,18,60.0,6,20.0,3,10.0,0,0.0,1,3.3333333333333335,2,6.666666666666667,2.1,1.6603212540549694,1.0,1.0,86.66666666666667,86.66666666666667,86.66666666666667,16,53.333333333333336,7,23.333333333333332,3,10.0,0,0.0,0,0.0,4,13.333333333333334,2.2333333333333334,1.5638272140986533,2.0,2.0,80.0,86.66666666666667,93.33333333333333,14,46.666666666666664,7,23.333333333333332,3,10.0,2,6.666666666666667,2,6.666666666666667,2,6.666666666666667
200,True,2.3666666666666667,1.8162843634433703,1.5,2.0,80.0,83.33333333333334,83.33333333333334,15,50.0,5,16.666666666666664,4,13.333333333333334,1,3.3333333333333335,0,0.0,5,16.666666666666664,1.8333333333333333,1.4161763857498668,1.0,1.75,90.0,93.33333333333333,93.33333333333333,20,66.66666666666666,2,6.666666666666667,5,16.666666666666664,1,3.3333333333333335,0,0.0,2,6.666666666666667,2.0,1.390443574307614,1.0,2.0,90.0,93.33333333333333,93.33333333333333,16,53.333333333333336,5,16.666666666666664,6,20.0,1,3.3333333333333335,0,0.0,2,6.666666666666667,2.3333333333333335,1.699673171197595,1.5,2.0,83.33333333333334,86.66666666666667,86.66666666666667,15,50.0,3,10.0,7,23.333333333333332,1,3.3333333333333335,0,0.0,4,13.333333333333334
201,True,2.3666666666666667,1.6224124698183944,2.0,2.0,83.33333333333334,86.66666666666667,86.66666666666667,11,36.666666666666664,10,33.33333333333333,4,13.333333333333334,1,3.3333333333333335,0,0.0,4,13.333333333333334,1.8,1.1372481406154653,1.0,1.0,93.33333333333333,96.66666666666667,96.66666666666667,16,53.333333333333336,8,26.666666666666668,4,13.333333333333334,1,3.3333333333333335,0,0.0,1,3.3333333333333335,1.7,0.862167810425171,1.0,1.0,96.66666666666667,100.0,100.0,16,53.333333333333336,8,26.666666666666668,5,16.666666666666664,1,3.3333333333333335,0,0.0,0,0.0,2.1666666666666665,1.507389207279335,2.0,1.75,86.66666666666667,90.0,90.0,13,43.333333333333336,9,30.0,4,13.333333333333334,1,3.3333333333333335,0,0.0,3,10.0
202,False,3.0,1.983263304085802,2.0,4.0,66.66666666666666,70.0,76.66666666666667,10,33.33333333333333,6,20.0,4,13.333333333333334,1,3.3333333333333335,2,6.666666666666667,7,23.333333333333332,2.2333333333333334,1.7451520150277897,1.0,2.0,76.66666666666667,83.33333333333334,90.0,17,56.666666666666664,4,13.333333333333334,2,6.666666666666667,2,6.666666666666667,2,6.666666666666667,3,10.0,2.566666666666667,1.8917951498216947,2.0,3.0,70.0,80.0,83.33333333333334,14,46.666666666666664,5,16.666666666666664,2,6.666666666666667,3,10.0,1,3.3333333333333335,5,16.666666666666664,2.7666666666666666,1.92671280221579,2.0,3.0,63.33333333333333,76.66666666666667,83.33333333333334,13,43.333333333333336,4,13.333333333333334,2,6.666666666666667,4,13.333333333333334,2,6.666666666666667,5,16.666666666666664
203,False,2.2666666666666666,1.6519348924485155,1.5,2.0,80.0,86.66666666666667,90.0,15,50.0,5,16.666666666666664,4,13.333333333333334,2,6.666666666666667,1,3.3333333333333335,3,10.0,2.0,1.7320508075688772,1.0,1.0,83.33333333333334,86.66666666666667,86.66666666666667,20,66.66666666666666,3,10.0,2,6.666666666666667,1,3.3333333333333335,0,0.0,4,13.333333333333334,2.2,1.8511257835886428,1.0,1.75,80.0,83.33333333333334,83.33333333333334,18,60.0,4,13.333333333333334,2,6.666666666666667,1,3.3333333333333335,0,0.0,5,16.666666666666664,2.6666666666666665,2.1343747458109497,1.0,4.5,70.0,73.33333333333333,73.33333333333333,16,53.333333333333336,3,10.0,2,6.666666666666667,1,3.3333333333333335,0,0.0,8,26.666666666666668
204,False,2.8,1.758787461103056,2.0,2.75,73.33333333333333,80.0,83.33333333333334,9,30.0,7,23.333333333333332,6,20.0,2,6.666666666666667,1,3.3333333333333335,5,16.666666666666664,2.2666666666666666,1.7499206331208919,1.5,1.75,80.0,83.33333333333334,86.66666666666667,15,50.0,7,23.333333333333332,2,6.666666666666667,1,3.3333333333333335,1,3.3333333333333335,4,13.333333333333334,2.4,1.8726095873584188,1.5,2.0,76.66666666666667,80.0,83.33333333333334,15,50.0,6,20.0,2,6.666666666666667,1,3.3333333333333335,1,3.3333333333333335,5,16.666666666666664,2.533333333333333,1.7838784213679537,2.0,2.75,73.33333333333333,80.0,86.66666666666667,12,40.0,8,26.666666666666668,2,6.666666666666667,2,6.666666666666667,2,6.666666666666667,4,13.333333333333334
205,False,2.6666666666666665,1.9379255804998177,2.0,3.0,70.0,76.66666666666667,80.0,12,40.0,8,26.666666666666668,1,3.3333333333333335,2,6.666666666666667,1,3.3333333333333335,6,20.0,1.9333333333333333,1.590248058916875,1.0,1.0,83.33333333333334,90.0,90.0,19,63.33333333333333,5,16.666666666666664,1,3.3333333333333335,2,6.666666666666667,0,0.0,3,10.0,1.9333333333333333,1.4817407180595246,1.0,1.0,80.0,93.33333333333333,93.33333333333333,18,60.0,6,20.0,0,0.0,4,13.333333333333334,0,0.0,2,6.666666666666667,2.2333333333333334,1.6669999666733317,1.0,2.75,73.33333333333333,90.0,90.0,16,53.333333333333336,5,16.666666666666664,1,3.3333333333333335,5,16.666666666666664,0,0.0,3,10.0
206,False,2.3,1.6155494421403511,2.0,2.0,86.66666666666667,86.66666666666667,86.66666666666667,12,40.0,9,30.0,5,16.666666666666664,0,0.0,0,0.0,4,13.333333333333334,1.7333333333333334,1.364632632697248,1.0,1.0,90.0,93.33333333333333,93.33333333333333,20,66.66666666666666,5,16.666666666666664,2,6.666666666666667,1,3.3333333333333335,0,0.0,2,6.666666666666667,1.9,1.5567059238447487,1.0,1.0,86.66666666666667,90.0,90.0,19,63.33333333333333,5,16.666666666666664,2,6.666666666666667,1,3.3333333333333335,0,0.0,3,10.0,2.466666666666667,1.9275776393067947,1.5,2.0,76.66666666666667,80.0,80.0,15,50.0,5,16.666666666666664,3,10.0,1,3.3333333333333335,0,0.0,6,20.0
207,False,2.466666666666667,1.5434449203720302,2.0,2.0,80.0,90.0,90.0,11,36.666666666666664,6,20.0,7,23.333333333333332,3,10.0,0,0.0,3,10.0,2.1333333333333333,1.6069294390925266,1.5,1.0,83.33333333333334,86.66666666666667,90.0,15,50.0,8,26.666666666666668,2,6.666666666666667,1,3.3333333333333335,1,3.3333333333333335,3,10.0,2.2,1.6206994374857624,1.5,2.0,83.33333333333334,86.66666666666667,90.0,15,50.0,6,20.0,4,13.333333333333334,1,3.3333333333333335,1,3.3333333333333335,3,10.0,2.6,1.6653327995729061,2.0,2.0,76.66666666666667,80.0,90.0,10,33.33333333333333,8,26.666666666666668,5,16.666666666666664,1,3.3333333333333335,3,10.0,3,10.0
208,False,2.066666666666667,1.5040685563571303,1.0,1.75,83.33333333333334,90.0,93.33333333333333,16,53.333333333333336,6,20.0,3,10.0,2,6.666666666666667,1,3.3333333333333335,2,6.666666666666667,1.9,1.6401219466856725,1.0,1.0,86.66666666666667,86.66666666666667,90.0,21,70.0,2,6.666666666666667,3,10.0,0,0.0,1,3.3333333333333335,3,10.0,2.033333333333333,1.8345450541089352,1.0,1.0,83.33333333333334,83.33333333333334,83.33333333333334,20,66.66666666666666,4,13.333333333333334,1,3.3333333333333335,0,0.0,0,0.0,5,16.666666666666664,2.4,1.7243356208503415,2.0,2.0,80.0,80.0,90.0,14,46.666666666666664,5,16.666666666666664,5,16.666666666666664,0,0.0,3,10.0,3,10.0
209,False,2.466666666666667,1.5434449203720302,2.0,2.0,80.0,86.66666666666667,90.0,9,30.0,11,36.666666666666664,4,13.333333333333334,2,6.666666666666667,1,3.3333333333333335,3,10.0,2.2666666666666666,1.6110727964792761,2.0,1.75,80.0,86.66666666666667,90.0,13,43.333333333333336,9,30.0,2,6.666666666666667,2,6.666666666666667,1,3.3333333333333335,3,10.0,2.4,1.7435595774162695,2.0,1.75,80.0,80.0,86.66666666666667,12,40.0,10,33.33333333333333,2,6.666666666666667,0,0.0,2,6.666666666666667,4,13.333333333333334,2.8333333333333335,1.984663419547226,2.0,3.75,70.0,73.33333333333333,76.66666666666667,11,36.666666666666664,7,23.333333333333332,3,10.0,1,3.3333333333333335,1,3.3333333333333335,7,23.333333333333332
210,False,2.8,1.9561867668161614,2.0,3.75,70.0,73.33333333333333,80.0,12,40.0,5,16.666666666666664,4,13.333333333333334,1,3.3333333333333335,2,6.666666666666667,6,20.0,2.2666666666666666,1.9482185594936612,1.0,2.5,73.33333333333333,80.0,83.33333333333334,19,63.33333333333333,3,10.0,0,0.0,2,6.666666666666667,1,3.3333333333333335,5,16.666666666666664,2.3,1.8645821694595994,1.0,2.0,76.66666666666667,83.33333333333334,83.33333333333334,17,56.666666666666664,4,13.333333333333334,2,6.666666666666667,2,6.666666666666667,0,0.0,5,16.666666666666664,2.6666666666666665,2.070963275601209,1.5,3.75,70.0,73.33333333333333,76.66666666666667,15,50.0,4,13.333333333333334,2,6.666666666666667,1,3.3333333333333335,1,3.3333333333333335,7,23.333333333333332
211,False,2.2666666666666666,1.6918103387266028,2.0,1.0,83.33333333333334,83.33333333333334,86.66666666666667,13,43.333333333333336,10,33.33333333333333,2,6.666666666666667,0,0.0,1,3.3333333333333335,4,13.333333333333334,1.9333333333333333,1.569146972791976,1.0,1.0,83.33333333333334,90.0,90.0,18,60.0,7,23.333333333333332,0,0.0,2,6.666666666666667,0,0.0,3,10.0,2.1666666666666665,1.771690968789108,1.0,1.0,80.0,83.33333333333334,86.66666666666667,17,56.666666666666664,6,20.0,1,3.3333333333333335,1,3.3333333333333335,1,3.3333333333333335,4,13.333333333333334,2.433333333333333,1.8381754238616317,2.0,2.75,73.33333333333333,83.33333333333334,83.33333333333334,14,46.666666666666664,7,23.333333333333332,1,3.3333333333333335,3,10.0,0,0.0,5,16.666666666666664
212,False,2.433333333333333,1.5849991237291654,2.0,2.0,83.33333333333334,86.66666666666667,86.66666666666667,9,30.0,12,40.0,4,13.333333333333334,1,3.3333333333333335,0,0.0,4,13.333333333333334,2.0,1.5275252316519468,1.0,1.75,90.0,90.0,90.0,17,56.666666666666664,5,16.666666666666664,5,16.666666666666664,0,0.0,0,0.0,3,10.0,2.433333333333333,1.8015425489162211,2.0,2.0,80.0,83.33333333333334,83.33333333333334,14,46.666666666666664,5,16.666666666666664,5,16.666666666666664,1,3.3333333333333335,0,0.0,5,16.666666666666664,2.3666666666666667,1.5380362660079103,2.0,2.0,86.66666666666667,86.66666666666667,90.0,11,36.666666666666664,8,26.666666666666668,7,23.333333333333332,0,0.0,1,3.3333333333333335,3,10.0
213,False,2.433333333333333,1.4302291968616623,2.0,2.0,86.66666666666667,86.66666666666667,93.33333333333333,9,30.0,9,30.0,8,26.666666666666668,0,0.0,2,6.666666666666667,2,6.666666666666667,2.2666666666666666,1.4817407180595246,2.0,2.0,86.66666666666667,90.0,90.0,11,36.666666666666664,10,33.33333333333333,5,16.666666666666664,1,3.3333333333333335,0,0.0,3,10.0,2.433333333333333,1.5849991237291654,2.0,2.0,80.0,86.66666666666667,90.0,11,36.666666666666664,8,26.666666666666668,5,16.666666666666664,2,6.666666666666667,1,3.3333333333333335,3,10.0,2.8,1.6206994374857624,2.5,2.5,73.33333333333333,80.0,90.0,8,26.666666666666668,7,23.333333333333332,7,23.333333333333332,2,6.666666666666667,3,10.0,3,10.0
214,False,2.566666666666667,1.8015425489162213,2.0,2.75,73.33333333333333,83.33333333333334,83.33333333333334,12,40.0,7,23.333333333333332,3,10.0,3,10.0,0,0.0,5,16.666666666666664,2.2,1.6613247725836149,1.0,2.0,80.0,86.66666666666667,90.0,16,53.333333333333336,5,16.666666666666664,3,10.0,2,6.666666666666667,1,3.3333333333333335,3,10.0,2.3333333333333335,1.776388345929897,1.5,2.0,76.66666666666667,83.33333333333334,86.66666666666667,15,50.0,6,20.0,2,6.666666666666667,2,6.666666666666667,1,3.3333333333333335,4,13.333333333333334,2.3333333333333335,1.5776212754932308,2.0,2.75,73.33333333333333,90.0,93.33333333333333,14,46.666666666666664,5,16.666666666666664,3,10.0,5,16.666666666666664,1,3.3333333333333335,2,6.666666666666667
215,False,2.7666666666666666,1.961008810677697,2.0,2.75,73.33333333333333,76.66666666666667,76.66666666666667,12,40.0,5,16.666666666666664,5,16.666666666666664,1,3.3333333333333335,0,0.0,7,23.333333333333332,2.1,1.7194960502038574,1.0,1.75,83.33333333333334,86.66666666666667,86.66666666666667,18,60.0,4,13.333333333333334,3,10.0,1,3.3333333333333335,0,0.0,4,13.333333333333334,2.2333333333333334,1.8562207723101138,1.0,2.0,80.0,83.33333333333334,83.33333333333334,18,60.0,3,10.0,3,10.0,1,3.3333333333333335,0,0.0,5,16.666666666666664,2.566666666666667,1.9779338265529063,1.5,2.75,73.33333333333333,76.66666666666667,80.0,15,50.0,4,13.333333333333334,3,10.0,1,3.3333333333333335,1,3.3333333333333335,6,20.0
216,False,2.6,1.781385228784985,2.0,2.75,73.33333333333333,83.33333333333334,83.33333333333334,11,36.666666666666664,8,26.666666666666668,3,10.0,3,10.0,0,0.0,5,16.666666666666664,2.2,1.6411378166788229,1.5,1.75,80.0,86.66666666666667,90.0,15,50.0,7,23.333333333333332,2,6.666666666666667,2,6.666666666666667,1,3.3333333333333335,3,10.0,2.2333333333333334,1.7259457954666158,1.5,1.75,83.33333333333334,83.33333333333334,86.66666666666667,15,50.0,7,23.333333333333332,3,10.0,0,0.0,1,3.3333333333333335,4,13.333333333333334,2.3666666666666667,1.87053171287976,1.5,1.75,76.66666666666667,80.0,83.33333333333334,15,50.0,7,23.333333333333332,1,3.3333333333333335,1,3.3333333333333335,1,3.3333333333333335,5,16.666666666666664
217,False,2.966666666666667,1.7978382080215736,3.0,3.0,66.66666666666666,76.66666666666667,83.33333333333334,9,30.0,5,16.666666666666664,6,20.0,3,10.0,2,6.666666666666667,5,16.666666666666664,2.3666666666666667,1.8705317128797598,1.0,2.75,73.33333333333333,80.0,86.66666666666667,17,56.666666666666664,3,10.0,2,6.666666666666667,2,6.666666666666667,2,6.666666666666667,4,13.333333333333334,2.2666666666666666,1.6918103387266028,1.0,2.75,73.33333333333333,83.33333333333334,93.33333333333333,16,53.333333333333336,5,16.666666666666664,1,3.3333333333333335,3,10.0,3,10.0,2,6.666666666666667,3.1666666666666665,2.130466824169973,2.0,4.0,53.333333333333336,60.0,76.66666666666667,12,40.0,4,13.333333333333334,0,0.0,2,6.666666666666667,5,16.666666666666664,7,23.333333333333332
218,False,2.3666666666666667,1.5380362660079103,2.0,2.0,83.33333333333334,86.66666666666667,90.0,10,33.33333333333333,11,36.666666666666664,4,13.333333333333334,1,3.3333333333333335,1,3.3333333333333335,3,10.0,2.1,1.6802777548171413,1.0,1.75,80.0,86.66666666666667,90.0,18,60.0,4,13.333333333333334,2,6.666666666666667,2,6.666666666666667,1,3.3333333333333335,3,10.0,2.1333333333333333,1.6069294390925266,1.0,1.75,80.0,90.0,90.0,16,53.333333333333336,6,20.0,2,6.666666666666667,3,10.0,0,0.0,3,10.0,2.6333333333333333,1.7792008193443356,2.0,3.0,66.66666666666666,80.0,90.0,13,43.333333333333336,4,13.333333333333334,3,10.0,4,13.333333333333334,3,10.0,3,10.0
219,False,2.8333333333333335,2.00138840697041,2.0,3.75,70.0,73.33333333333333,76.66666666666667,12,40.0,5,16.666666666666664,4,13.333333333333334,1,3.3333333333333335,1,3.3333333333333335,7,23.333333333333332,2.3,1.8823743871327334,1.0,2.75,73.33333333333333,80.0,86.66666666666667,18,60.0,3,10.0,1,3.3333333333333335,2,6.666666666666667,2,6.666666666666667,4,13.333333333333334,2.566666666666667,1.977933826552906,1.0,3.0,66.66666666666666,76.66666666666667,83.33333333333334,16,53.333333333333336,3,10.0,1,3.3333333333333335,3,10.0,2,6.666666666666667,5,16.666666666666664,2.7666666666666666,2.0925794820959345,1.0,4.0,63.33333333333333,70.0,80.0,16,53.333333333333336,1,3.3333333333333335,2,6.666666666666667,2,6.666666666666667,3,10.0,6,20.0
220,False,2.3333333333333335,1.7191729277636836,2.0,1.75,80.0,83.33333333333334,86.66666666666667,13,43.333333333333336,9,30.0,2,6.666666666666667,1,3.3333333333333335,1,3.3333333333333335,4,13.333333333333334,1.9333333333333333,1.7113996870657915,1.0,1.0,83.33333333333334,86.66666666666667,86.66666666666667,20,66.66666666666666,5,16.666666666666664,0,0.0,1,3.3333333333333335,0,0.0,4,13.333333333333334,2.2,1.8511257835886428,1.0,1.75,80.0,83.33333333333334,83.33333333333334,18,60.0,4,13.333333333333334,2,6.666666666666667,1,3.3333333333333335,0,0.0,5,16.666666666666664,2.7333333333333334,2.0483055327649624,1.5,3.0,66.66666666666666,76.66666666666667,76.66666666666667,15,50.0,2,6.666666666666667,3,10.0,3,10.0,0,0.0,7,23.333333333333332
221,False,2.433333333333333,1.6058919293927874,2.0,2.0,86.66666666666667,86.66666666666667,86.66666666666667,11,36.666666666666664,7,23.333333333333332,8,26.666666666666668,0,0.0,0,0.0,4,13.333333333333334,2.1,1.57797338380595,1.0,1.75,83.33333333333334,90.0,90.0,16,53.333333333333336,6,20.0,3,10.0,2,6.666666666666667,0,0.0,3,10.0,2.466666666666667,1.9275776393067947,1.5,2.0,76.66666666666667,80.0,80.0,15,50.0,5,16.666666666666664,3,10.0,1,3.3333333333333335,0,0.0,6,20.0,3.033333333333333,1.9913702708325127,2.0,4.0,63.33333333333333,70.0,76.66666666666667,10,33.33333333333333,6,20.0,3,10.0,2,6.666666666666667,2,6.666666666666667,7,23.333333333333332
222,False,2.966666666666667,1.834545054108935,3.0,3.0,70.0,76.66666666666667,80.0,9,30.0,5,16.666666666666664,7,23.333333333333332,2,6.666666666666667,1,3.3333333333333335,6,20.0,2.4,1.7435595774162693,2.0,2.0,76.66666666666667,83.33333333333334,86.66666666666667,13,43.333333333333336,8,26.666666666666668,2,6.666666666666667,2,6.666666666666667,1,3.3333333333333335,4,13.333333333333334,2.6666666666666665,1.7950549357115013,2.0,2.75,73.33333333333333,80.0,83.33333333333334,10,33.33333333333333,9,30.0,3,10.0,2,6.666666666666667,1,3.3333333333333335,5,16.666666666666664,3.0,1.9148542155126762,2.5,3.75,63.33333333333333,73.33333333333333,80.0,10,33.33333333333333,5,16.666666666666664,4,13.333333333333334,3,10.0,2,6.666666666666667,6,20.0
223,True,2.3666666666666667,1.8882678717691392,1.0,2.0,76.66666666666667,80.0,83.33333333333334,16,53.333333333333336,5,16.666666666666664,2,6.666666666666667,1,3.3333333333333335,1,3.3333333333333335,5,16.666666666666664,2.066666666666667,1.6918103387266028,1.0,1.75,80.0,86.66666666666667,90.0,19,63.33333333333333,3,10.0,2,6.666666666666667,2,6.666666666666667,1,3.3333333333333335,3,10.0,2.1,1.619670748434179,1.0,1.75,80.0,90.0,90.0,17,56.666666666666664,5,16.666666666666664,2,6.666666666666667,3,10.0,0,0.0,3,10.0,2.4,1.724335620850342,1.5,2.0,80.0,86.66666666666667,86.66666666666667,15,50.0,2,6.666666666666667,7,23.333333333333332,2,6.666666666666667,0,0.0,4,13.333333333333334
224,False,3.2,1.8147543451754935,3.0,3.0,63.33333333333333,70.0,80.0,6,20.0,8,26.666666666666668,5,16.666666666666664,2,6.666666666666667,3,10.0,6,20.0,2.466666666666667,1.8208667044996887,2.0,1.75,76.66666666666667,80.0,83.33333333333334,12,40.0,10,33.33333333333333,1,3.3333333333333335,1,3.3333333333333335,1,3.3333333333333335,5,16.666666666666664,2.6666666666666665,1.8499249234015478,2.0,2.75,73.33333333333333,80.0,80.0,10,33.33333333333333,10,33.33333333333333,2,6.666666666666667,2,6.666666666666667,0,0.0,6,20.0,3.1333333333333333,1.8926759422104522,2.0,3.0,63.33333333333333,66.66666666666666,80.0,7,23.333333333333332,9,30.0,3,10.0,1,3.3333333333333335,4,13.333333333333334,6,20.0
225,True,2.6333333333333333,1.7792008193443356,2.0,2.75,73.33333333333333,83.33333333333334,83.33333333333334,11,36.666666666666664,7,23.333333333333332,4,13.333333333333334,3,10.0,0,0.0,5,16.666666666666664,2.3,1.8645821694595994,1.0,2.0,76.66666666666667,83.33333333333334,83.33333333333334,17,56.666666666666664,4,13.333333333333334,2,6.666666666666667,2,6.666666666666667,0,0.0,5,16.666666666666664,2.3333333333333335,1.7384539747207062,1.5,2.0,83.33333333333334,83.33333333333334,86.66666666666667,15,50.0,4,13.333333333333334,6,20.0,0,0.0,1,3.3333333333333335,4,13.333333333333334,2.6666666666666665,1.9206480387850577,2.0,3.0,70.0,80.0,80.0,13,43.333333333333336,5,16.666666666666664,3,10.0,3,10.0,0,0.0,6,20.0
226,True,2.2,1.4236104336041748,2.0,2.0,83.33333333333334,93.33333333333333,93.33333333333333,13,43.333333333333336,7,23.333333333333332,5,16.666666666666664,3,10.0,0,0.0,2,6.666666666666667,1.7333333333333334,1.1234866364235145,1.0,1.0,93.33333333333333,96.66666666666667,96.66666666666667,17,56.666666666666664,8,26.666666666666668,3,10.0,1,3.3333333333333335,0,0.0,1,3.3333333333333335,1.9,1.3988090172238192,1.0,1.0,86.66666666666667,93.33333333333333,93.33333333333333,17,56.666666666666664,7,23.333333333333332,2,6.666666666666667,2,6.666666666666667,0,0.0,2,6.666666666666667,2.3,1.69607389776114,2.0,2.0,80.0,86.66666666666667,86.66666666666667,14,46.666666666666664,7,23.333333333333332,3,10.0,2,6.666666666666667,0,0.0,4,13.333333333333334
227,True,2.1666666666666665,1.5723301886761007,1.0,2.0,83.33333333333334,86.66666666666667,93.33333333333333,16,53.333333333333336,4,13.333333333333334,5,16.666666666666664,1,3.3333333333333335,2,6.666666666666667,2,6.666666666666667,1.7333333333333334,1.1527744310527055,1.0,1.0,93.33333333333333,96.66666666666667,96.66666666666667,18,60.0,6,20.0,4,13.333333333333334,1,3.3333333333333335,0,0.0,1,3.3333333333333335,2.1,1.6603212540549694,1.0,1.0,86.66666666666667,86.66666666666667,86.66666666666667,16,53.333333333333336,7,23.333333333333332,3,10.0,0,0.0,0,0.0,4,13.333333333333334,2.433333333333333,1.8740923729160797,1.5,2.0,76.66666666666667,80.0,83.33333333333334,15,50.0,5,16.666666666666664,3,10.0,1,3.3333333333333335,1,3.3333333333333335,5,16.666666666666664
228,False,2.3666666666666667,1.8882678717691395,1.0,2.0,76.66666666666667,80.0,83.33333333333334,16,53.333333333333336,5,16.666666666666664,2,6.666666666666667,1,3.3333333333333335,1,3.3333333333333335,5,16.666666666666664,2.066666666666667,1.671991493864594,1.0,2.0,83.33333333333334,86.66666666666667,90.0,19,63.33333333333333,2,6.666666666666667,4,13.333333333333334,1,3.3333333333333335,1,3.3333333333333335,3,10.0,2.1666666666666665,1.790406533599438,1.0,1.75,80.0,83.33333333333334,86.66666666666667,18,60.0,4,13.333333333333334,2,6.666666666666667,1,3.3333333333333335,1,3.3333333333333335,4,13.333333333333334,2.3666666666666667,1.7413277182145304,1.5,2.0,80.0,80.0,90.0,15,50.0,4,13.333333333333334,5,16.666666666666664,0,0.0,3,10.0,3,10.0
229,False,2.966666666666667,2.1210584359910714,2.0,5.0,66.66666666666666,66.66666666666666,70.0,10,33.33333333333333,10,33.33333333333333,0,0.0,0,0.0,1,3.3333333333333335,9,30.0,1.9666666666666666,1.6829207415152452,1.0,1.0,86.66666666666667,86.66666666666667,86.66666666666667,19,63.33333333333333,5,16.666666666666664,2,6.666666666666667,0,0.0,0,0.0,4,13.333333333333334,2.4,2.0752509888364505,1.0,3.5,73.33333333333333,73.33333333333333,80.0,19,63.33333333333333,2,6.666666666666667,1,3.3333333333333335,0,0.0,2,6.666666666666667,6,20.0,2.7333333333333334,2.0805982045769644,2.0,4.0,70.0,70.0,76.66666666666667,14,46.666666666666664,5,16.666666666666664,2,6.666666666666667,0,0.0,2,6.666666666666667,7,23.333333333333332
230,False,2.4,1.6852299546352718,2.0,2.0,76.66666666666667,83.33333333333334,90.0,13,43.333333333333336,7,23.333333333333332,3,10.0,2,6.666666666666667,2,6.666666666666667,3,10.0,2.033333333333333,1.682920741515245,1.0,1.0,86.66666666666667,86.66666666666667,86.66666666666667,18,60.0,5,16.666666666666664,3,10.0,0,0.0,0,0.0,4,13.333333333333334,2.1,1.7,1.0,1.0,83.33333333333334,86.66666666666667,86.66666666666667,17,56.666666666666664,6,20.0,2,6.666666666666667,1,3.3333333333333335,0,0.0,4,13.333333333333334,2.6333333333333333,1.9745604292826515,2.0,3.0,70.0,76.66666666666667,80.0,14,46.666666666666664,5,16.666666666666664,2,6.666666666666667,2,6.666666666666667,1,3.3333333333333335,6,20.0
231,False,2.7,1.7349351572897471,2.0,2.0,76.66666666666667,83.33333333333334,83.33333333333334,10,33.33333333333333,6,20.0,7,23.333333333333332,2,6.666666666666667,0,0.0,5,16.666666666666664,2.2666666666666666,1.8061622912192088,1.0,1.75,80.0,80.0,86.66666666666667,16,53.333333333333336,6,20.0,2,6.666666666666667,0,0.0,2,6.666666666666667,4,13.333333333333334,2.3,1.69607389776114,2.0,1.75,83.33333333333334,83.33333333333334,86.66666666666667,13,43.333333333333336,9,30.0,3,10.0,0,0.0,1,3.3333333333333335,4,13.333333333333334,3.066666666666667,1.8427033281447003,3.0,2.5,73.33333333333333,73.33333333333333,76.66666666666667,7,23.333333333333332,7,23.333333333333332,8,26.666666666666668,0,0.0,1,3.3333333333333335,7,23.333333333333332
232,False,2.966666666666667,1.7792008193443358,2.0,2.0,66.66666666666666,80.0,80.0,7,23.333333333333332,9,30.0,4,13.333333333333334,4,13.333333333333334,0,0.0,6,20.0,2.466666666666667,1.927577639306795,2.0,2.5,73.33333333333333,80.0,80.0,14,46.666666666666664,8,26.666666666666668,0,0.0,2,6.666666666666667,0,0.0,6,20.0,2.6333333333333333,1.8526257642120336,2.0,3.0,70.0,80.0,83.33333333333334,12,40.0,7,23.333333333333332,2,6.666666666666667,3,10.0,1,3.3333333333333335,5,16.666666666666664,2.966666666666667,1.9232495649002208,2.0,4.0,66.66666666666666,70.0,80.0,9,30.0,8,26.666666666666668,3,10.0,1,3.3333333333333335,3,10.0,6,20.0
233,False,2.7333333333333334,1.7688665548562132,2.0,3.0,70.0,83.33333333333334,83.33333333333334,10,33.33333333333333,7,23.333333333333332,4,13.333333333333334,4,13.333333333333334,0,0.0,5,16.666666666666664,2.1,1.7387735140993301,1.0,2.0,83.33333333333334,86.66666666666667,86.66666666666667,19,63.33333333333333,2,6.666666666666667,4,13.333333333333334,1,3.3333333333333335,0,0.0,4,13.333333333333334,2.533333333333333,1.910206504252587,1.0,2.75,73.33333333333333,80.0,83.33333333333334,16,53.333333333333336,1,3.3333333333333335,5,16.666666666666664,2,6.666666666666667,1,3.3333333333333335,5,16.666666666666664,2.6333333333333333,1.8162843634433703,2.0,2.75,73.33333333333333,83.33333333333334,83.33333333333334,13,43.333333333333336,3,10.0,6,20.0,3,10.0,0,0.0,5,16.666666666666664
234,True,2.8666666666666667,1.687865186822955,2.0,1.75,73.33333333333333,76.66666666666667,86.66666666666667,7,23.333333333333332,9,30.0,6,20.0,1,3.3333333333333335,3,10.0,4,13.333333333333334,2.3333333333333335,1.6996731711975948,2.0,2.0,80.0,86.66666666666667,86.66666666666667,14,46.666666666666664,6,20.0,4,13.333333333333334,2,6.666666666666667,0,0.0,4,13.333333333333334,2.433333333333333,1.7065234314893605,2.0,2.0,80.0,83.33333333333334,86.66666666666667,12,40.0,8,26.666666666666668,4,13.333333333333334,1,3.3333333333333335,1,3.3333333333333335,4,13.333333333333334,2.966666666666667,1.9058389811897076,2.0,3.0,66.66666666666666,76.66666666666667,76.66666666666667,9,30.0,7,23.333333333333332,4,13.333333333333334,3,10.0,0,0.0,7,23.333333333333332
235,False,2.566666666666667,1.7451520150277902,2.0,2.0,76.66666666666667,83.33333333333334,83.33333333333334,10,33.33333333333333,10,33.33333333333333,3,10.0,2,6.666666666666667,0,0.0,5,16.666666666666664,2.2,1.661324772583615,2.0,1.0,83.33333333333334,86.66666666666667,86.66666666666667,14,46.666666666666664,9,30.0,2,6.666666666666667,1,3.3333333333333335,0,0.0,4,13.333333333333334,2.3333333333333335,1.6599866130651644,2.0,1.75,80.0,86.66666666666667,86.66666666666667,12,40.0,10,33.33333333333333,2,6.666666666666667,2,6.666666666666667,0,0.0,4,13.333333333333334,2.7666666666666666,1.9093337988826247,2.0,3.0,70.0,76.66666666666667,80.0,11,36.666666666666664,7,23.333333333333332,3,10.0,2,6.666666666666667,1,3.3333333333333335,6,20.0
236,False,2.3,1.5947831618540917,2.0,1.75,80.0,86.66666666666667,90.0,12,40.0,10,33.33333333333333,2,6.666666666666667,2,6.666666666666667,1,3.3333333333333335,3,10.0,1.9333333333333333,1.6918103387266026,1.0,1.0,86.66666666666667,86.66666666666667,86.66666666666667,20,66.66666666666666,4,13.333333333333334,2,6.666666666666667,0,0.0,0,0.0,4,13.333333333333334,1.9666666666666666,1.682920741515245,1.0,1.0,86.66666666666667,86.66666666666667,86.66666666666667,19,63.33333333333333,5,16.666666666666664,2,6.666666666666667,0,0.0,0,0.0,4,13.333333333333334,2.6,1.8,2.0,2.0,76.66666666666667,80.0,83.33333333333334,11,36.666666666666664,8,26.666666666666668,4,13.333333333333334,1,3.3333333333333335,1,3.3333333333333335,5,16.666666666666664
237,False,2.8,1.851125783588643,2.0,2.75,73.33333333333333,76.66666666666667,80.0,9,30.0,9,30.0,4,13.333333333333334,1,3.3333333333333335,1,3.3333333333333335,6,20.0,2.2666666666666666,1.6110727964792764,2.0,1.75,80.0,86.66666666666667,90.0,13,43.333333333333336,9,30.0,2,6.666666666666667,2,6.666666666666667,1,3.3333333333333335,3,10.0,2.2,1.5362291495737217,2.0,1.75,83.33333333333334,90.0,90.0,13,43.333333333333336,9,30.0,3,10.0,2,6.666666666666667,0,0.0,3,10.0,2.7666666666666666,1.891795149821695,2.0,3.0,70.0,76.66666666666667,80.0,10,33.33333333333333,9,30.0,2,6.666666666666667,2,6.666666666666667,1,3.3333333333333335,6,20.0
238,True,3.066666666666667,1.9652537297311565,2.5,4.5,66.66666666666666,73.33333333333333,73.33333333333333,9,30.0,6,20.0,5,16.666666666666664,2,6.666666666666667,0,0.0,8,26.666666666666668,2.2333333333333334,1.7451520150277902,1.0,2.0,83.33333333333334,83.33333333333334,86.66666666666667,16,53.333333333333336,5,16.666666666666664,4,13.333333333333334,0,0.0,1,3.3333333333333335,4,13.333333333333334,2.2666666666666666,1.5477582354991866,2.0,2.0,83.33333333333334,90.0,90.0,13,43.333333333333336,7,23.333333333333332,5,16.666666666666664,2,6.666666666666667,0,0.0,3,10.0,2.2333333333333334,1.453348623772776,2.0,2.0,80.0,90.0,96.66666666666667,14,46.666666666666664,5,16.666666666666664,5,16.666666666666664,3,10.0,2,6.666666666666667,1,3.3333333333333335
239,True,2.2666666666666666,1.6110727964792761,2.0,1.75,80.0,86.66666666666667,90.0,13,43.333333333333336,9,30.0,2,6.666666666666667,2,6.666666666666667,1,3.3333333333333335,3,10.0,1.9666666666666666,1.53803626600791,1.0,1.0,86.66666666666667,90.0,90.0,17,56.666666666666664,7,23.333333333333332,2,6.666666666666667,1,3.3333333333333335,0,0.0,3,10.0,1.8666666666666667,1.4079141387961915,1.0,1.0,90.0,90.0,93.33333333333333,17,56.666666666666664,8,26.666666666666668,2,6.666666666666667,0,0.0,1,3.3333333333333335,2,6.666666666666667,2.6666666666666665,1.8499249234015478,2.0,3.0,70.0,80.0,83.33333333333334,12,40.0,6,20.0,3,10.0,3,10.0,1,3.3333333333333335,5,16.666666666666664
240,False,2.566666666666667,1.9267128022157902,2.0,2.0,76.66666666666667,76.66666666666667,80.0,13,43.333333333333336,7,23.333333333333332,3,10.0,0,0.0,1,3.3333333333333335,6,20.0,2.1333333333333333,1.687865186822955,1.0,1.75,83.33333333333334,83.33333333333334,90.0,17,56.666666666666664,5,16.666666666666664,3,10.0,0,0.0,2,6.666666666666667,3,10.0,2.3666666666666667,1.7413277182145301,2.0,2.0,80.0,83.33333333333334,86.66666666666667,14,46.666666666666664,6,20.0,4,13.333333333333334,1,3.3333333333333335,1,3.3333333333333335,4,13.333333333333334,2.3666666666666667,1.702612371882951,2.0,2.0,76.66666666666667,83.33333333333334,90.0,14,46.666666666666664,6,20.0,3,10.0,2,6.666666666666667,2,6.666666666666667,3,10.0
241,False,2.466666666666667,1.564892612574067,2.0,2.0,76.66666666666667,86.66666666666667,90.0,9,30.0,12,40.0,2,6.666666666666667,3,10.0,1,3.3333333333333335,3,10.0,2.3,1.7916472867168918,1.0,2.0,76.66666666666667,83.33333333333334,86.66666666666667,16,53.333333333333336,5,16.666666666666664,2,6.666666666666667,2,6.666666666666667,1,3.3333333333333335,4,13.333333333333334,2.3666666666666667,1.8162843634433703,2.0,1.75,76.66666666666667,83.33333333333334,83.33333333333334,14,46.666666666666664,8,26.666666666666668,1,3.3333333333333335,2,6.666666666666667,0,0.0,5,16.666666666666664,2.8333333333333335,1.9677962857527254,2.0,3.75,66.66666666666666,73.33333333333333,80.0,12,40.0,5,16.666666666666664,3,10.0,2,6.666666666666667,2,6.666666666666667,6,20.0
242,False,3.1,2.0550750189064466,2.0,4.75,63.33333333333333,66.66666666666666,73.33333333333333,10,33.33333333333333,6,20.0,3,10.0,1,3.3333333333333335,2,6.666666666666667,8,26.666666666666668,2.3333333333333335,1.9379255804998177,1.0,2.0,80.0,80.0,80.0,17,56.666666666666664,4,13.333333333333334,3,10.0,0,0.0,0,0.0,6,20.0,2.433333333333333,1.8740923729160797,1.5,2.0,76.66666666666667,80.0,83.33333333333334,15,50.0,5,16.666666666666664,3,10.0,1,3.3333333333333335,1,3.3333333333333335,5,16.666666666666664,2.9,2.1501937897160186,2.0,5.0,66.66666666666666,70.0,70.0,13,43.333333333333336,5,16.666666666666664,2,6.666666666666667,1,3.3333333333333335,0,0.0,9,30.0
243,False,2.566666666666667,1.7641491496532322,2.0,2.0,76.66666666666667,83.33333333333334,83.33333333333334,11,36.666666666666664,8,26.666666666666668,4,13.333333333333334,2,6.666666666666667,0,0.0,5,16.666666666666664,2.033333333333333,1.7413277182145301,1.0,1.0,80.0,83.33333333333334,90.0,20,66.66666666666666,3,10.0,1,3.3333333333333335,1,3.3333333333333335,2,6.666666666666667,3,10.0,1.8666666666666667,1.384035966135113,1.0,1.0,86.66666666666667,90.0,96.66666666666667,18,60.0,6,20.0,2,6.666666666666667,1,3.3333333333333335,2,6.666666666666667,1,3.3333333333333335,2.5,1.8211717839530315,2.0,2.75,73.33333333333333,80.0,86.66666666666667,14,46.666666666666664,5,16.666666666666664,3,10.0,2,6.666666666666667,2,6.666666666666667,4,13.333333333333334
244,False,2.6,1.6041612554021285,2.0,2.0,80.0,86.66666666666667,86.66666666666667,9,30.0,8,26.666666666666668,7,23.333333333333332,2,6.666666666666667,0,0.0,4,13.333333333333334,2.066666666666667,1.590248058916875,1.0,1.0,86.66666666666667,86.66666666666667,90.0,16,53.333333333333336,7,23.333333333333332,3,10.0,0,0.0,1,3.3333333333333335,3,10.0,2.2666666666666666,1.7876116903722563,1.5,1.75,83.33333333333334,83.33333333333334,83.33333333333334,15,50.0,7,23.333333333333332,3,10.0,0,0.0,0,0.0,5,16.666666666666664,2.6,1.7435595774162693,2.0,2.0,76.66666666666667,80.0,86.66666666666667,11,36.666666666666664,7,23.333333333333332,5,16.666666666666664,1,3.3333333333333335,2,6.666666666666667,4,13.333333333333334
245,False,2.6666666666666665,1.5986105077709065,2.0,2.5,73.33333333333333,83.33333333333334,90.0,8,26.666666666666668,10,33.33333333333333,4,13.333333333333334,3,10.0,2,6.666666666666667,3,10.0,2.1666666666666665,1.6141733350404335,1.5,1.75,83.33333333333334,86.66666666666667,90.0,15,50.0,7,23.333333333333332,3,10.0,1,3.3333333333333335,1,3.3333333333333335,3,10.0,2.2666666666666666,1.7499206331208919,1.5,1.75,80.0,83.33333333333334,86.66666666666667,15,50.0,7,23.333333333333332,2,6.666666666666667,1,3.3333333333333335,1,3.3333333333333335,4,13.333333333333334,2.8,1.886796226411321,2.0,3.0,66.66666666666666,76.66666666666667,83.33333333333334,12,40.0,4,13.333333333333334,4,13.333333333333334,3,10.0,2,6.666666666666667,5,16.666666666666664
246,False,2.6333333333333333,1.7978382080215733,2.0,2.0,80.0,80.0,80.0,9,30.0,11,36.666666666666664,4,13.333333333333334,0,0.0,0,0.0,6,20.0,2.466666666666667,1.783878421367954,2.0,2.0,76.66666666666667,83.33333333333334,83.33333333333334,12,40.0,9,30.0,2,6.666666666666667,2,6.666666666666667,0,0.0,5,16.666666666666664,2.466666666666667,1.687865186822955,2.0,2.0,80.0,83.33333333333334,86.66666666666667,11,36.666666666666664,9,30.0,4,13.333333333333334,1,3.3333333333333335,1,3.3333333333333335,4,13.333333333333334,2.8,1.7587874611030558,2.0,2.75,73.33333333333333,80.0,83.33333333333334,9,30.0,7,23.333333333333332,6,20.0,2,6.666666666666667,1,3.3333333333333335,5,16.666666666666664
247,False,2.6666666666666665,1.6996731711975948,2.0,2.75,73.33333333333333,83.33333333333334,86.66666666666667,10,33.33333333333333,7,23.333333333333332,5,16.666666666666664,3,10.0,1,3.3333333333333335,4,13.333333333333334,2.2666666666666666,1.671991493864594,2.0,2.0,83.33333333333334,86.66666666666667,86.66666666666667,14,46.666666666666664,7,23.333333333333332,4,13.333333333333334,1,3.3333333333333335,0,0.0,4,13.333333333333334,2.6,1.9078784028338915,2.0,2.0,76.66666666666667,76.66666666666667,80.0,12,40.0,8,26.666666666666668,3,10.0,0,0.0,1,3.3333333333333335,6,20.0,2.8333333333333335,1.8988300491501484,2.0,3.0,70.0,76.66666666666667,80.0,11,36.666666666666664,5,16.666666666666664,5,16.666666666666664,2,6.666666666666667,1,3.3333333333333335,6,20.0
248,False,3.066666666666667,1.9652537297311565,2.5,4.0,56.666666666666664,66.66666666666666,83.33333333333334,11,36.666666666666664,4,13.333333333333334,2,6.666666666666667,3,10.0,5,16.666666666666664,5,16.666666666666664,2.4,1.781385228784985,1.0,3.0,70.0,83.33333333333334,90.0,16,53.333333333333336,3,10.0,2,6.666666666666667,4,13.333333333333334,2,6.666666666666667,3,10.0,2.6,1.8726095873584188,1.5,3.0,66.66666666666666,80.0,86.66666666666667,15,50.0,2,6.666666666666667,3,10.0,4,13.333333333333334,2,6.666666666666667,4,13.333333333333334,3.566666666666667,2.0442330808615954,4.0,5.0,46.666666666666664,60.0,70.0,9,30.0,2,6.666666666666667,3,10.0,4,13.333333333333334,3,10.0,9,30.0
249,False,3.066666666666667,1.9821424996424672,3.0,4.5,66.66666666666666,73.33333333333333,73.33333333333333,10,33.33333333333333,4,13.333333333333334,6,20.0,2,6.666666666666667,0,0.0,8,26.666666666666668,2.3666666666666667,1.8162843634433703,1.5,2.0,80.0,83.33333333333334,83.33333333333334,15,50.0,5,16.666666666666664,4,13.333333333333334,1,3.3333333333333335,0,0.0,5,16.666666666666664,2.6,1.854723699099141,2.0,2.0,76.66666666666667,76.66666666666667,83.33333333333334,12,40.0,7,23.333333333333332,4,13.333333333333334,0,0.0,2,6.666666666666667,5,16.666666666666664,2.566666666666667,1.7829438827088442,2.0,2.75,73.33333333333333,80.0,86.66666666666667,12,40.0,7,23.333333333333332,3,10.0,2,6.666666666666667,2,6.666666666666667,4,13.333333333333334
250,False,2.1333333333333333,1.6069294390925266,1.5,1.0,83.33333333333334,86.66666666666667,90.0,15,50.0,8,26.666666666666668,2,6.666666666666667,1,3.3333333333333335,1,3.3333333333333335,3,10.0,1.9,1.491084616423003,1.0,1.0,86.66666666666667,90.0,93.33333333333333,19,63.33333333333333,4,13.333333333333334,3,10.0,1,3.3333333333333335,1,3.3333333333333335,2,6.666666666666667,1.9,1.445683229480096,1.0,1.0,83.33333333333334,90.0,96.66666666666667,19,63.33333333333333,4,13.333333333333334,2,6.666666666666667,2,6.666666666666667,2,6.666666666666667,1,3.3333333333333335,2.466666666666667,1.80246744461277,2.0,2.0,76.66666666666667,80.0,86.66666666666667,14,46.666666666666664,5,16.666666666666664,4,13.333333333333334,1,3.3333333333333335,2,6.666666666666667,4,13.333333333333334
251,False,2.5,1.6278820596099706,2.0,2.0,80.0,86.66666666666667,86.66666666666667,10,33.33333333333333,9,30.0,5,16.666666666666664,2,6.666666666666667,0,0.0,4,13.333333333333334,2.2666666666666666,1.569146972791976,2.0,2.0,80.0,90.0,90.0,13,43.333333333333336,8,26.666666666666668,3,10.0,3,10.0,0,0.0,3,10.0,2.533333333333333,1.7838784213679537,2.0,2.0,76.66666666666667,83.33333333333334,83.33333333333334,12,40.0,7,23.333333333333332,4,13.333333333333334,2,6.666666666666667,0,0.0,5,16.666666666666664,2.5,1.7272328544042153,2.0,2.0,76.66666666666667,83.33333333333334,86.66666666666667,12,40.0,7,23.333333333333332,4,13.333333333333334,2,6.666666666666667,1,3.3333333333333335,4,13.333333333333334
252,False,2.3666666666666667,1.7220788470785986,2.0,2.0,80.0,83.33333333333334,86.66666666666667,13,43.333333333333336,8,26.666666666666668,3,10.0,1,3.3333333333333335,1,3.3333333333333335,4,13.333333333333334,1.9666666666666666,1.5595583420386114,1.0,1.0,86.66666666666667,90.0,90.0,18,60.0,5,16.666666666666664,3,10.0,1,3.3333333333333335,0,0.0,3,10.0,2.3,1.8284784202536635,1.0,2.0,80.0,83.33333333333334,83.33333333333334,16,53.333333333333336,5,16.666666666666664,3,10.0,1,3.3333333333333335,0,0.0,5,16.666666666666664,2.5,1.91049731745428,1.5,3.0,70.0,80.0,83.33333333333334,15,50.0,5,16.666666666666664,1,3.3333333333333335,3,10.0,1,3.3333333333333335,5,16.666666666666664
253,False,2.533333333333333,1.765093639316497,2.0,1.75,76.66666666666667,76.66666666666667,86.66666666666667,10,33.33333333333333,12,40.0,1,3.3333333333333335,0,0.0,3,10.0,4,13.333333333333334,1.9,1.468559384794046,1.0,1.0,86.66666666666667,90.0,93.33333333333333,18,60.0,6,20.0,2,6.666666666666667,1,3.3333333333333335,1,3.3333333333333335,2,6.666666666666667,2.0,1.505545305418162,1.0,1.0,83.33333333333334,90.0,93.33333333333333,17,56.666666666666664,6,20.0,2,6.666666666666667,2,6.666666666666667,1,3.3333333333333335,2,6.666666666666667,2.6666666666666665,1.9720265943665385,2.0,2.75,73.33333333333333,76.66666666666667,76.66666666666667,12,40.0,8,26.666666666666668,2,6.666666666666667,1,3.3333333333333335,0,0.0,7,23.333333333333332
254,False,2.6333333333333333,1.682920741515245,2.0,1.75,80.0,83.33333333333334,83.33333333333334,8,26.666666666666668,11,36.666666666666664,5,16.666666666666664,1,3.3333333333333335,0,0.0,5,16.666666666666664,2.2333333333333334,1.6669999666733315,2.0,1.75,83.33333333333334,86.66666666666667,86.66666666666667,14,46.666666666666664,8,26.666666666666668,3,10.0,1,3.3333333333333335,0,0.0,4,13.333333333333334,2.4,1.781385228784985,2.0,2.0,80.0,83.33333333333334,83.33333333333334,13,43.333333333333336,8,26.666666666666668,3,10.0,1,3.3333333333333335,0,0.0,5,16.666666666666664,2.8,1.7397317800933185,2.0,3.0,70.0,83.33333333333334,83.33333333333334,9,30.0,7,23.333333333333332,5,16.666666666666664,4,13.333333333333334,0,0.0,5,16.666666666666664
255,False,2.433333333333333,1.7065234314893605,2.0,2.0,80.0,83.33333333333334,86.66666666666667,12,40.0,8,26.666666666666668,4,13.333333333333334,1,3.3333333333333335,1,3.3333333333333335,4,13.333333333333334,2.2666666666666666,1.7113996870657915,2.0,1.75,83.33333333333334,83.33333333333334,86.66666666666667,14,46.666666666666664,8,26.666666666666668,3,10.0,0,0.0,1,3.3333333333333335,4,13.333333333333334,2.466666666666667,1.8749814813900314,2.0,2.0,80.0,80.0,80.0,13,43.333333333333336,8,26.666666666666668,3,10.0,0,0.0,0,0.0,6,20.0,3.0,2.0330600909302543,2.0,4.75,66.66666666666666,70.0,73.33333333333333,10,33.33333333333333,7,23.333333333333332,3,10.0,1,3.3333333333333335,1,3.3333333333333335,8,26.666666666666668
256,False,3.033333333333333,1.8882678717691395,2.0,2.75,63.33333333333333,76.66666666666667,76.66666666666667,8,26.666666666666668,8,26.666666666666668,3,10.0,4,13.333333333333334,0,0.0,7,23.333333333333332,2.1333333333333333,1.5434449203720302,1.0,2.0,80.0,90.0,93.33333333333333,16,53.333333333333336,5,16.666666666666664,3,10.0,3,10.0,1,3.3333333333333335,2,6.666666666666667,2.1666666666666665,1.5293426329272617,1.5,2.0,80.0,90.0,93.33333333333333,15,50.0,6,20.0,3,10.0,3,10.0,1,3.3333333333333335,2,6.666666666666667,2.566666666666667,1.7829438827088442,2.0,2.75,73.33333333333333,80.0,86.66666666666667,12,40.0,7,23.333333333333332,3,10.0,2,6.666666666666667,2,6.666666666666667,4,13.333333333333334
257,False,2.2333333333333334,1.5205992970609392,2.0,2.0,83.33333333333334,86.66666666666667,93.33333333333333,13,43.333333333333336,8,26.666666666666668,4,13.333333333333334,1,3.3333333333333335,2,6.666666666666667,2,6.666666666666667,2.1333333333333333,1.839081896551163,1.0,1.75,83.33333333333334,83.33333333333334,83.33333333333334,19,63.33333333333333,3,10.0,3,10.0,0,0.0,0,0.0,5,16.666666666666664,2.1666666666666665,1.6749792701868151,1.0,2.0,80.0,86.66666666666667,90.0,17,56.666666666666664,4,13.333333333333334,3,10.0,2,6.666666666666667,1,3.3333333333333335,3,10.0,2.6666666666666665,1.8856180831641267,2.0,3.0,70.0,76.66666666666667,83.33333333333334,12,40.0,7,23.333333333333332,2,6.666666666666667,2,6.666666666666667,2,6.666666666666667,5,16.666666666666664
258,False,3.0,1.9148542155126762,2.0,3.5,66.66666666666666,73.33333333333333,76.66666666666667,8,26.666666666666668,9,30.0,3,10.0,2,6.666666666666667,1,3.3333333333333335,7,23.333333333333332,2.2,1.7397317800933185,1.0,2.0,80.0,86.66666666666667,86.66666666666667,17,56.666666666666664,4,13.333333333333334,3,10.0,2,6.666666666666667,0,0.0,4,13.333333333333334,2.2333333333333334,1.6468825769380835,1.5,2.0,80.0,86.66666666666667,90.0,15,50.0,6,20.0,3,10.0,2,6.666666666666667,1,3.3333333333333335,3,10.0,2.6666666666666665,1.903213656482693,2.0,3.0,70.0,76.66666666666667,83.33333333333334,13,43.333333333333336,5,16.666666666666664,3,10.0,2,6.666666666666667,2,6.666666666666667,5,16.666666666666664
259,False,2.7333333333333334,1.8427033281447005,2.0,2.75,73.33333333333333,76.66666666666667,83.33333333333334,11,36.666666666666664,6,20.0,5,16.666666666666664,1,3.3333333333333335,2,6.666666666666667,5,16.666666666666664,2.1333333333333333,1.8571184369578824,1.0,1.75,80.0,80.0,86.66666666666667,20,66.66666666666666,2,6.666666666666667,2,6.666666666666667,0,0.0,2,6.666666666666667,4,13.333333333333334,2.2,1.92180470738661,1.0,1.75,76.66666666666667,76.66666666666667,86.66666666666667,20,66.66666666666666,2,6.666666666666667,1,3.3333333333333335,0,0.0,3,10.0,4,13.333333333333334,3.3,2.035517952102937,3.0,4.75,53.333333333333336,66.66666666666666,73.33333333333333,10,33.33333333333333,3,10.0,3,10.0,4,13.333333333333334,2,6.666666666666667,8,26.666666666666668
260,True,2.6666666666666665,1.349897115421106,2.0,1.0,80.0,86.66666666666667,93.33333333333333,4,13.333333333333334,14,46.666666666666664,6,20.0,2,6.666666666666667,2,6.666666666666667,2,6.666666666666667,2.4,1.7435595774162693,2.0,1.75,80.0,80.0,86.66666666666667,12,40.0,10,33.33333333333333,2,6.666666666666667,0,0.0,2,6.666666666666667,4,13.333333333333334,2.433333333333333,1.6669999666733315,2.0,2.0,80.0,86.66666666666667,86.66666666666667,12,40.0,7,23.333333333333332,5,16.666666666666664,2,6.666666666666667,0,0.0,4,13.333333333333334,2.8666666666666667,1.8208667044996885,2.0,2.5,73.33333333333333,76.66666666666667,80.0,8,26.666666666666668,9,30.0,5,16.666666666666664,1,3.3333333333333335,1,3.3333333333333335,6,20.0
261,False,2.3333333333333335,1.5347819244295116,2.0,2.0,83.33333333333334,90.0,90.0,12,40.0,7,23.333333333333332,6,20.0,2,6.666666666666667,0,0.0,3,10.0,2.2666666666666666,1.7876116903722563,1.5,1.75,83.33333333333334,83.33333333333334,83.33333333333334,15,50.0,7,23.333333333333332,3,10.0,0,0.0,0,0.0,5,16.666666666666664,2.6333333333333333,1.9576062480034697,2.0,3.0,70.0,76.66666666666667,80.0,13,43.333333333333336,7,23.333333333333332,1,3.3333333333333335,2,6.666666666666667,1,3.3333333333333335,6,20.0,2.7666666666666666,1.8015425489162211,2.0,3.0,70.0,76.66666666666667,86.66666666666667,11,36.666666666666664,5,16.666666666666664,5,16.666666666666664,2,6.666666666666667,3,10.0,4,13.333333333333334
262,True,2.6666666666666665,1.8499249234015478,2.0,2.0,76.66666666666667,76.66666666666667,83.33333333333334,12,40.0,5,16.666666666666664,6,20.0,0,0.0,2,6.666666666666667,5,16.666666666666664,2.066666666666667,1.569146972791976,1.0,2.0,80.0,90.0,93.33333333333333,18,60.0,3,10.0,3,10.0,3,10.0,1,3.3333333333333335,2,6.666666666666667,2.3333333333333335,1.8499249234015476,1.0,2.0,80.0,83.33333333333334,83.33333333333334,17,56.666666666666664,2,6.666666666666667,5,16.666666666666664,1,3.3333333333333335,0,0.0,5,16.666666666666664,2.6333333333333333,1.8882678717691395,2.0,3.0,66.66666666666666,76.66666666666667,86.66666666666667,14,46.666666666666664,4,13.333333333333334,2,6.666666666666667,3,10.0,3,10.0,4,13.333333333333334
263,True,2.4,1.42828568570857,2.0,2.0,76.66666666666667,93.33333333333333,93.33333333333333,10,33.33333333333333,9,30.0,4,13.333333333333334,5,16.666666666666664,0,0.0,2,6.666666666666667,2.2666666666666666,1.8427033281447005,1.0,1.0,76.66666666666667,83.33333333333334,83.33333333333334,16,53.333333333333336,7,23.333333333333332,0,0.0,2,6.666666666666667,0,0.0,5,16.666666666666664,2.5,1.9450792614526877,1.5,3.0,70.0,76.66666666666667,83.33333333333334,15,50.0,6,20.0,0,0.0,2,6.666666666666667,2,6.666666666666667,5,16.666666666666664,2.6666666666666665,1.7384539747207062,2.0,3.0,66.66666666666666,83.33333333333334,86.66666666666667,10,33.33333333333333,9,30.0,1,3.3333333333333335,5,16.666666666666664,1,3.3333333333333335,4,13.333333333333334
264,False,2.8333333333333335,2.034425935955617,2.0,4.5,70.0,73.33333333333333,73.33333333333333,11,36.666666666666664,8,26.666666666666668,2,6.666666666666667,1,3.3333333333333335,0,0.0,8,26.666666666666668,2.2,1.886796226411321,1.0,1.0,80.0,80.0,83.33333333333334,18,60.0,5,16.666666666666664,1,3.3333333333333335,0,0.0,1,3.3333333333333335,5,16.666666666666664,2.433333333333333,1.8917951498216947,2.0,2.0,80.0,80.0,80.0,14,46.666666666666664,7,23.333333333333332,3,10.0,0,0.0,0,0.0,6,20.0,2.7333333333333334,2.0965580258021848,1.5,4.0,70.0,70.0,76.66666666666667,15,50.0,3,10.0,3,10.0,0,0.0,2,6.666666666666667,7,23.333333333333332
265,False,2.6333333333333333,1.9745604292826515,2.0,3.5,73.33333333333333,73.33333333333333,80.0,13,43.333333333333336,7,23.333333333333332,2,6.666666666666667,0,0.0,2,6.666666666666667,6,20.0,1.9666666666666666,1.5807874268505835,1.0,1.75,86.66666666666667,90.0,90.0,19,63.33333333333333,3,10.0,4,13.333333333333334,1,3.3333333333333335,0,0.0,3,10.0,2.1666666666666665,1.8633899812498247,1.0,1.75,80.0,83.33333333333334,83.33333333333334,19,63.33333333333333,3,10.0,2,6.666666666666667,1,3.3333333333333335,0,0.0,5,16.666666666666664,2.1,1.6196707484341788,1.0,2.0,86.66666666666667,86.66666666666667,90.0,17,56.666666666666664,4,13.333333333333334,5,16.666666666666664,0,0.0,1,3.3333333333333335,3,10.0
266,False,2.566666666666667,1.5849991237291654,2.0,2.0,76.66666666666667,86.66666666666667,90.0,10,33.33333333333333,7,23.333333333333332,6,20.0,3,10.0,1,3.3333333333333335,3,10.0,2.1666666666666665,1.674979270186815,1.0,1.75,83.33333333333334,83.33333333333334,90.0,16,53.333333333333336,6,20.0,3,10.0,0,0.0,2,6.666666666666667,3,10.0,2.3666666666666667,1.7792008193443358,2.0,2.0,80.0,80.0,86.66666666666667,14,46.666666666666664,7,23.333333333333332,3,10.0,0,0.0,2,6.666666666666667,4,13.333333333333334,2.8333333333333335,2.034425935955617,2.0,3.75,66.66666666666666,73.33333333333333,76.66666666666667,13,43.333333333333336,4,13.333333333333334,3,10.0,2,6.666666666666667,1,3.3333333333333335,7,23.333333333333332
267,False,2.6666666666666665,1.9550504398153574,2.0,2.0,76.66666666666667,76.66666666666667,76.66666666666667,12,40.0,7,23.333333333333332,4,13.333333333333334,0,0.0,0,0.0,7,23.333333333333332,2.0,1.5275252316519468,1.0,1.0,83.33333333333334,86.66666666666667,93.33333333333333,16,53.333333333333336,9,30.0,0,0.0,1,3.3333333333333335,2,6.666666666666667,2,6.666666666666667,2.3333333333333335,1.9206480387850577,1.0,1.75,80.0,80.0,80.0,16,53.333333333333336,6,20.0,2,6.666666666666667,0,0.0,0,0.0,6,20.0,2.466666666666667,1.687865186822955,2.0,2.75,73.33333333333333,83.33333333333334,90.0,12,40.0,8,26.666666666666668,2,6.666666666666667,3,10.0,2,6.666666666666667,3,10.0
268,False,3.066666666666667,2.0965580258021848,2.5,4.75,63.33333333333333,66.66666666666666,73.33333333333333,12,40.0,3,10.0,4,13.333333333333334,1,3.3333333333333335,2,6.666666666666667,8,26.666666666666668,2.433333333333333,1.92671280221579,1.5,2.0,76.66666666666667,80.0,80.0,15,50.0,6,20.0,2,6.666666666666667,1,3.3333333333333335,0,0.0,6,20.0,2.466666666666667,1.8749814813900312,1.5,2.0,76.66666666666667,80.0,83.33333333333334,15,50.0,4,13.333333333333334,4,13.333333333333334,1,3.3333333333333335,1,3.3333333333333335,5,16.666666666666664,2.933333333333333,2.0483055327649624,2.0,4.0,63.33333333333333,70.0,76.66666666666667,12,40.0,5,16.666666666666664,2,6.666666666666667,2,6.666666666666667,2,6.666666666666667,7,23.333333333333332
269,False,2.933333333333333,1.8245242911205346,2.0,2.75,70.0,76.66666666666667,80.0,8,26.666666666666668,8,26.666666666666668,5,16.666666666666664,2,6.666666666666667,1,3.3333333333333335,6,20.0,2.1666666666666665,1.6141733350404335,1.5,1.75,83.33333333333334,86.66666666666667,90.0,15,50.0,7,23.333333333333332,3,10.0,1,3.3333333333333335,1,3.3333333333333335,3,10.0,2.3666666666666667,1.7413277182145301,1.5,2.0,76.66666666666667,86.66666666666667,86.66666666666667,15,50.0,4,13.333333333333334,4,13.333333333333334,3,10.0,0,0.0,4,13.333333333333334,2.8,2.0231987873991355,2.0,4.0,66.66666666666666,70.0,80.0,13,43.333333333333336,5,16.666666666666664,2,6.666666666666667,1,3.3333333333333335,3,10.0,6,20.0
270,False,2.566666666666667,1.5849991237291654,2.0,2.0,76.66666666666667,86.66666666666667,90.0,10,33.33333333333333,7,23.333333333333332,6,20.0,3,10.0,1,3.3333333333333335,3,10.0,2.1666666666666665,1.5509853498842456,2.0,1.75,83.33333333333334,90.0,90.0,14,46.666666666666664,8,26.666666666666668,3,10.0,2,6.666666666666667,0,0.0,3,10.0,2.466666666666667,1.765093639316497,2.0,2.0,80.0,83.33333333333334,83.33333333333334,12,40.0,8,26.666666666666668,4,13.333333333333334,1,3.3333333333333335,0,0.0,5,16.666666666666664,3.066666666666667,1.9652537297311565,2.5,4.5,66.66666666666666,73.33333333333333,73.33333333333333,9,30.0,6,20.0,5,16.666666666666664,2,6.666666666666667,0,0.0,8,26.666666666666668
271,False,2.933333333333333,1.896195020443719,2.0,2.75,70.0,73.33333333333333,76.66666666666667,7,23.333333333333332,12,40.0,2,6.666666666666667,1,3.3333333333333335,1,3.3333333333333335,7,23.333333333333332,2.2666666666666666,1.8427033281447005,1.5,1.0,80.0,80.0,83.33333333333334,15,50.0,9,30.0,0,0.0,0,0.0,1,3.3333333333333335,5,16.666666666666664,2.4,1.8726095873584188,2.0,1.0,80.0,80.0,80.0,13,43.333333333333336,10,33.33333333333333,1,3.3333333333333335,0,0.0,0,0.0,6,20.0,3.2666666666666666,2.0965580258021848,2.5,5.0,60.0,66.66666666666666,66.66666666666666,9,30.0,6,20.0,3,10.0,2,6.666666666666667,0,0.0,10,33.33333333333333
272,False,2.3333333333333335,1.6397831834998458,2.0,2.0,83.33333333333334,86.66666666666667,86.66666666666667,12,40.0,9,30.0,4,13.333333333333334,1,3.3333333333333335,0,0.0,4,13.333333333333334,2.066666666666667,1.5477582354991866,1.0,1.75,86.66666666666667,90.0,90.0,16,53.333333333333336,6,20.0,4,13.333333333333334,1,3.3333333333333335,0,0.0,3,10.0,2.3333333333333335,1.6996731711975948,2.0,2.0,83.33333333333334,83.33333333333334,86.66666666666667,13,43.333333333333336,8,26.666666666666668,4,13.333333333333334,0,0.0,1,3.3333333333333335,4,13.333333333333334,2.3,1.7349351572897471,1.5,2.0,83.33333333333334,83.33333333333334,86.66666666666667,15,50.0,5,16.666666666666664,5,16.666666666666664,0,0.0,1,3.3333333333333335,4,13.333333333333334
273,False,2.5,1.746424919657298,2.0,2.0,80.0,83.33333333333334,83.33333333333334,11,36.666666666666664,9,30.0,4,13.333333333333334,1,3.3333333333333335,0,0.0,5,16.666666666666664,2.2333333333333334,1.7829438827088444,1.0,2.0,80.0,83.33333333333334,86.66666666666667,17,56.666666666666664,4,13.333333333333334,3,10.0,1,3.3333333333333335,1,3.3333333333333335,4,13.333333333333334,2.3,1.8101565309847285,1.0,2.0,76.66666666666667,83.33333333333334,86.66666666666667,17,56.666666666666664,3,10.0,3,10.0,2,6.666666666666667,1,3.3333333333333335,4,13.333333333333334,2.7333333333333334,1.9310331143946986,2.0,3.0,66.66666666666666,80.0,80.0,13,43.333333333333336,4,13.333333333333334,3,10.0,4,13.333333333333334,0,0.0,6,20.0
274,False,2.7,1.7540429489230491,2.0,2.75,73.33333333333333,83.33333333333334,83.33333333333334,10,33.33333333333333,7,23.333333333333332,5,16.666666666666664,3,10.0,0,0.0,5,16.666666666666664,2.066666666666667,1.6316317667360556,1.0,1.0,83.33333333333334,86.66666666666667,90.0,17,56.666666666666664,6,20.0,2,6.666666666666667,1,3.3333333333333335,1,3.3333333333333335,3,10.0,2.1333333333333333,1.6275407487644937,1.0,1.75,83.33333333333334,86.66666666666667,90.0,16,53.333333333333336,6,20.0,3,10.0,1,3.3333333333333335,1,3.3333333333333335,3,10.0,3.033333333333333,2.0733762053445313,2.5,4.75,63.33333333333333,70.0,73.33333333333333,12,40.0,3,10.0,4,13.333333333333334,2,6.666666666666667,1,3.3333333333333335,8,26.666666666666668
275,False,2.6,1.6041612554021285,2.0,2.0,80.0,86.66666666666667,86.66666666666667,9,30.0,8,26.666666666666668,7,23.333333333333332,2,6.666666666666667,0,0.0,4,13.333333333333334,2.2666666666666666,1.8245242911205346,1.0,1.75,80.0,83.33333333333334,83.33333333333334,16,53.333333333333336,6,20.0,2,6.666666666666667,1,3.3333333333333335,0,0.0,5,16.666666666666664,2.2333333333333334,1.5205992970609392,2.0,2.0,86.66666666666667,90.0,90.0,13,43.333333333333336,7,23.333333333333332,6,20.0,1,3.3333333333333335,0,0.0,3,10.0,2.933333333333333,1.9821424996424677,2.5,3.0,63.33333333333333,76.66666666666667,76.66666666666667,12,40.0,3,10.0,4,13.333333333333334,4,13.333333333333334,0,0.0,7,23.333333333333332
276,False,2.533333333333333,1.80246744461277,2.0,2.0,76.66666666666667,80.0,83.33333333333334,11,36.666666666666664,10,33.33333333333333,2,6.666666666666667,1,3.3333333333333335,1,3.3333333333333335,5,16.666666666666664,1.8,1.4000000000000001,1.0,1.0,90.0,90.0,93.33333333333333,18,60.0,8,26.666666666666668,1,3.3333333333333335,0,0.0,1,3.3333333333333335,2,6.666666666666667,1.8,1.4000000000000001,1.0,1.0,90.0,90.0,93.33333333333333,18,60.0,8,26.666666666666668,1,3.3333333333333335,0,0.0,1,3.3333333333333335,2,6.666666666666667,2.3,1.7916472867168918,2.0,1.0,80.0,83.33333333333334,83.33333333333334,14,46.666666666666664,9,30.0,1,3.3333333333333335,1,3.3333333333333335,0,0.0,5,16.666666666666664
277,False,3.1333333333333333,1.8208667044996885,3.0,3.75,60.0,73.33333333333333,83.33333333333334,9,30.0,3,10.0,6,20.0,4,13.333333333333334,3,10.0,5,16.666666666666664,2.5,2.0615528128088303,1.0,2.75,73.33333333333333,76.66666666666667,76.66666666666667,17,56.666666666666664,3,10.0,2,6.666666666666667,1,3.3333333333333335,0,0.0,7,23.333333333333332,2.3666666666666667,1.8526257642120336,1.0,2.75,73.33333333333333,80.0,86.66666666666667,16,53.333333333333336,5,16.666666666666664,1,3.3333333333333335,2,6.666666666666667,2,6.666666666666667,4,13.333333333333334,3.2,2.08806130178211,3.0,4.75,60.0,63.33333333333333,73.33333333333333,11,36.666666666666664,3,10.0,4,13.333333333333334,1,3.3333333333333335,3,10.0,8,26.666666666666668
278,False,3.566666666666667,1.9779338265529065,3.0,4.0,56.666666666666664,60.0,66.66666666666666,5,16.666666666666664,8,26.666666666666668,4,13.333333333333334,1,3.3333333333333335,2,6.666666666666667,10,33.33333333333333,2.4,1.942506971244462,1.0,3.0,70.0,80.0,83.33333333333334,17,56.666666666666664,4,13.333333333333334,0,0.0,3,10.0,1,3.3333333333333335,5,16.666666666666664,2.6666666666666665,1.9379255804998177,2.0,3.0,66.66666666666666,80.0,80.0,13,43.333333333333336,6,20.0,1,3.3333333333333335,4,13.333333333333334,0,0.0,6,20.0,3.5,2.187083293643233,3.0,5.0,50.0,56.666666666666664,63.33333333333333,9,30.0,6,20.0,0,0.0,2,6.666666666666667,2,6.666666666666667,11,36.666666666666664
279,False,2.3666666666666667,1.601735170231195,2.0,2.0,83.33333333333334,83.33333333333334,90.0,11,36.666666666666664,10,33.33333333333333,4,13.333333333333334,0,0.0,2,6.666666666666667,3,10.0,2.1333333333333333,1.5434449203720302,2.0,1.0,86.66666666666667,86.66666666666667,90.0,13,43.333333333333336,11,36.666666666666664,2,6.666666666666667,0,0.0,1,3.3333333333333335,3,10.0,2.2,1.4922019523732928,2.0,1.75,86.66666666666667,90.0,90.0,12,40.0,10,33.33333333333333,4,13.333333333333334,1,3.3333333333333335,0,0.0,3,10.0,2.6333333333333333,1.9058389811897074,2.0,2.75,73.33333333333333,76.66666666666667,80.0,11,36.666666666666664,10,33.33333333333333,1,3.3333333333333335,1,3.3333333333333335,1,3.3333333333333335,6,20.0
280,False,3.033333333333333,1.682920741515245,3.0,2.0,70.0,80.0,83.33333333333334,7,23.333333333333332,5,16.666666666666664,9,30.0,3,10.0,1,3.3333333333333335,5,16.666666666666664,2.433333333333333,1.8381754238616315,1.5,2.0,76.66666666666667,83.33333333333334,83.33333333333334,15,50.0,4,13.333333333333334,4,13.333333333333334,2,6.666666666666667,0,0.0,5,16.666666666666664,2.6333333333333333,1.9058389811897074,2.0,2.75,73.33333333333333,80.0,80.0,13,43.333333333333336,5,16.666666666666664,4,13.333333333333334,2,6.666666666666667,0,0.0,6,20.0,2.966666666666667,1.760366123534786,3.0,3.0,66.66666666666666,80.0,83.33333333333334,9,30.0,4,13.333333333333334,7,23.333333333333332,4,13.333333333333334,1,3.3333333333333335,5,16.666666666666664
281,False,2.6333333333333333,1.834545054108935,2.0,2.0,76.66666666666667,80.0,80.0,10,33.33333333333333,10,33.33333333333333,3,10.0,1,3.3333333333333335,0,0.0,6,20.0,2.3,1.9347695814575265,1.0,1.75,80.0,80.0,80.0,17,56.666666666666664,5,16.666666666666664,2,6.666666666666667,0,0.0,0,0.0,6,20.0,2.433333333333333,1.92671280221579,1.5,2.0,76.66666666666667,80.0,80.0,15,50.0,6,20.0,2,6.666666666666667,1,3.3333333333333335,0,0.0,6,20.0,2.8333333333333335,2.1304668241699725,2.0,5.0,70.0,70.0,70.0,12,40.0,8,26.666666666666668,1,3.3333333333333335,0,0.0,0,0.0,9,30.0
282,False,2.6,1.9595917942265426,1.5,3.0,70.0,80.0,80.0,15,50.0,3,10.0,3,10.0,3,10.0,0,0.0,6,20.0,2.2333333333333334,1.8917951498216952,1.0,2.0,76.66666666666667,83.33333333333334,83.33333333333334,19,63.33333333333333,2,6.666666666666667,2,6.666666666666667,2,6.666666666666667,0,0.0,5,16.666666666666664,2.2333333333333334,1.7829438827088444,1.0,2.0,76.66666666666667,86.66666666666667,86.66666666666667,18,60.0,2,6.666666666666667,3,10.0,3,10.0,0,0.0,4,13.333333333333334,2.533333333333333,1.7838784213679535,1.5,3.0,66.66666666666666,83.33333333333334,90.0,15,50.0,2,6.666666666666667,3,10.0,5,16.666666666666664,2,6.666666666666667,3,10.0
283,False,2.7,1.9519221295943137,2.0,2.0,76.66666666666667,76.66666666666667,76.66666666666667,12,40.0,6,20.0,5,16.666666666666664,0,0.0,0,0.0,7,23.333333333333332,2.1,1.7194960502038574,1.0,1.75,83.33333333333334,86.66666666666667,86.66666666666667,18,60.0,4,13.333333333333334,3,10.0,1,3.3333333333333335,0,0.0,4,13.333333333333334,2.2,1.8147543451754935,1.0,1.75,76.66666666666667,83.33333333333334,86.66666666666667,18,60.0,4,13.333333333333334,1,3.3333333333333335,2,6.666666666666667,1,3.3333333333333335,4,13.333333333333334,2.7,2.0518284528683193,1.5,3.0,66.66666666666666,76.66666666666667,76.66666666666667,15,50.0,3,10.0,2,6.666666666666667,3,10.0,0,0.0,7,23.333333333333332
284,False,2.2,1.6613247725836149,2.0,1.0,83.33333333333334,86.66666666666667,86.66666666666667,14,46.666666666666664,9,30.0,2,6.666666666666667,1,3.3333333333333335,0,0.0,4,13.333333333333334,1.9,1.5567059238447487,1.0,1.0,86.66666666666667,90.0,90.0,19,63.33333333333333,5,16.666666666666664,2,6.666666666666667,1,3.3333333333333335,0,0.0,3,10.0,2.033333333333333,1.6629959577688562,1.0,1.0,86.66666666666667,86.66666666666667,86.66666666666667,17,56.666666666666664,7,23.333333333333332,2,6.666666666666667,0,0.0,0,0.0,4,13.333333333333334,2.3333333333333335,1.8856180831641267,1.0,1.75,76.66666666666667,80.0,83.33333333333334,16,53.333333333333336,6,20.0,1,3.3333333333333335,1,3.3333333333333335,1,3.3333333333333335,5,16.666666666666664
285,True,2.7333333333333334,1.730767331432956,2.0,2.75,73.33333333333333,83.33333333333334,83.33333333333334,9,30.0,8,26.666666666666668,5,16.666666666666664,3,10.0,0,0.0,5,16.666666666666664,2.2,1.6613247725836149,1.0,2.0,80.0,86.66666666666667,90.0,16,53.333333333333336,5,16.666666666666664,3,10.0,2,6.666666666666667,1,3.3333333333333335,3,10.0,2.3333333333333335,1.8318175552045448,1.0,2.0,76.66666666666667,80.0,86.66666666666667,16,53.333333333333336,5,16.666666666666664,2,6.666666666666667,1,3.3333333333333335,2,6.666666666666667,4,13.333333333333334,2.8,1.9561867668161617,2.0,3.75,70.0,73.33333333333333,80.0,12,40.0,5,16.666666666666664,4,13.333333333333334,1,3.3333333333333335,2,6.666666666666667,6,20.0
286,True,2.433333333333333,1.5423647068345698,2.0,2.0,83.33333333333334,86.66666666666667,90.0,10,33.33333333333333,9,30.0,6,20.0,1,3.3333333333333335,1,3.3333333333333335,3,10.0,2.066666666666667,1.5477582354991866,1.0,1.75,86.66666666666667,90.0,90.0,16,53.333333333333336,6,20.0,4,13.333333333333334,1,3.3333333333333335,0,0.0,3,10.0,2.3333333333333335,1.6193277068654823,2.0,2.75,73.33333333333333,86.66666666666667,93.33333333333333,14,46.666666666666664,6,20.0,2,6.666666666666667,4,13.333333333333334,2,6.666666666666667,2,6.666666666666667,3.066666666666667,2.0154955277107964,2.0,4.0,63.33333333333333,66.66666666666666,76.66666666666667,10,33.33333333333333,6,20.0,3,10.0,1,3.3333333333333335,3,10.0,7,23.333333333333332
287,False,2.2666666666666666,1.7876116903722563,1.5,1.75,83.33333333333334,83.33333333333334,83.33333333333334,15,50.0,7,23.333333333333332,3,10.0,0,0.0,0,0.0,5,16.666666666666664,1.8333333333333333,1.3924399049470282,1.0,1.0,86.66666666666667,90.0,96.66666666666667,19,63.33333333333333,5,16.666666666666664,2,6.666666666666667,1,3.3333333333333335,2,6.666666666666667,1,3.3333333333333335,2.1333333333333333,1.746106780494506,1.0,1.75,80.0,86.66666666666667,86.66666666666667,18,60.0,4,13.333333333333334,2,6.666666666666667,2,6.666666666666667,0,0.0,4,13.333333333333334,2.566666666666667,1.961008810677697,2.0,3.75,70.0,73.33333333333333,83.33333333333334,14,46.666666666666664,7,23.333333333333332,0,0.0,1,3.3333333333333335,3,10.0,5,16.666666666666664
288,False,2.433333333333333,1.6669999666733315,2.0,1.75,80.0,83.33333333333334,86.66666666666667,10,33.33333333333333,12,40.0,2,6.666666666666667,1,3.3333333333333335,1,3.3333333333333335,4,13.333333333333334,2.1333333333333333,1.7269111795984824,1.0,1.0,80.0,86.66666666666667,86.66666666666667,17,56.666666666666664,6,20.0,1,3.3333333333333335,2,6.666666666666667,0,0.0,4,13.333333333333334,2.1333333333333333,1.6679994670929073,1.0,1.75,80.0,86.66666666666667,90.0,17,56.666666666666664,5,16.666666666666664,2,6.666666666666667,2,6.666666666666667,1,3.3333333333333335,3,10.0,2.9,2.2113344387495983,2.0,5.0,63.33333333333333,66.66666666666666,70.0,14,46.666666666666664,5,16.666666666666664,0,0.0,1,3.3333333333333335,1,3.3333333333333335,9,30.0
289,False,2.3,1.6155494421403511,2.0,2.0,80.0,86.66666666666667,90.0,13,43.333333333333336,8,26.666666666666668,3,10.0,2,6.666666666666667,1,3.3333333333333335,3,10.0,1.9,1.6196707484341788,1.0,1.0,83.33333333333334,90.0,90.0,21,70.0,2,6.666666666666667,2,6.666666666666667,2,6.666666666666667,0,0.0,3,10.0,2.1333333333333333,1.7838784213679537,1.0,2.0,83.33333333333334,83.33333333333334,86.66666666666667,19,63.33333333333333,2,6.666666666666667,4,13.333333333333334,0,0.0,1,3.3333333333333335,4,13.333333333333334,2.966666666666667,2.2432615144521653,2.0,5.0,63.33333333333333,66.66666666666666,66.66666666666666,14,46.666666666666664,4,13.333333333333334,1,3.3333333333333335,1,3.3333333333333335,0,0.0,10,33.33333333333333
290,True,2.2,1.7204650534085253,1.5,1.0,83.33333333333334,83.33333333333334,86.66666666666667,15,50.0,8,26.666666666666668,2,6.666666666666667,0,0.0,1,3.3333333333333335,4,13.333333333333334,1.9666666666666666,1.6629959577688562,1.0,1.0,86.66666666666667,86.66666666666667,86.66666666666667,18,60.0,7,23.333333333333332,1,3.3333333333333335,0,0.0,0,0.0,4,13.333333333333334,2.2,1.8147543451754935,1.0,1.0,80.0,80.0,86.66666666666667,17,56.666666666666664,6,20.0,1,3.3333333333333335,0,0.0,2,6.666666666666667,4,13.333333333333334,2.6333333333333333,1.7220788470785984,2.0,3.0,70.0,80.0,90.0,11,36.666666666666664,7,23.333333333333332,3,10.0,3,10.0,3,10.0,3,10.0
291,False,2.8666666666666667,1.6478942792411035,2.5,1.75,73.33333333333333,80.0,86.66666666666667,7,23.333333333333332,8,26.666666666666668,7,23.333333333333332,2,6.666666666666667,2,6.666666666666667,4,13.333333333333334,2.3333333333333335,1.7575235101952091,1.5,2.0,80.0,83.33333333333334,86.66666666666667,15,50.0,5,16.666666666666664,4,13.333333333333334,1,3.3333333333333335,1,3.3333333333333335,4,13.333333333333334,2.3666666666666667,1.5380362660079103,2.0,2.0,83.33333333333334,86.66666666666667,93.33333333333333,13,43.333333333333336,4,13.333333333333334,8,26.666666666666668,1,3.3333333333333335,2,6.666666666666667,2,6.666666666666667,2.9,2.055075018906447,2.0,4.0,66.66666666666666,70.0,76.66666666666667,13,43.333333333333336,3,10.0,4,13.333333333333334,1,3.3333333333333335,2,6.666666666666667,7,23.333333333333332
292,False,2.7,1.6563010998406458,2.0,1.0,80.0,83.33333333333334,83.33333333333334,7,23.333333333333332,11,36.666666666666664,6,20.0,1,3.3333333333333335,0,0.0,5,16.666666666666664,2.1333333333333333,1.521694961401777,2.0,1.75,86.66666666666667,90.0,90.0,14,46.666666666666664,8,26.666666666666668,4,13.333333333333334,1,3.3333333333333335,0,0.0,3,10.0,2.3666666666666667,1.6428295373802142,2.0,2.0,83.33333333333334,86.66666666666667,86.66666666666667,12,40.0,8,26.666666666666668,5,16.666666666666664,1,3.3333333333333335,0,0.0,4,13.333333333333334,2.2333333333333334,1.4985177861992682,2.0,2.0,86.66666666666667,90.0,90.0,12,40.0,9,30.0,5,16.666666666666664,1,3.3333333333333335,0,0.0,3,10.0
293,True,2.533333333333333,1.687865186822955,2.0,2.0,76.66666666666667,83.33333333333334,86.66666666666667,10,33.33333333333333,10,33.33333333333333,3,10.0,2,6.666666666666667,1,3.3333333333333335,4,13.333333333333334,1.9333333333333333,1.4590712418826193,1.0,1.0,86.66666666666667,90.0,93.33333333333333,17,56.666666666666664,7,23.333333333333332,2,6.666666666666667,1,3.3333333333333335,1,3.3333333333333335,2,6.666666666666667,2.2,1.6,2.0,1.75,83.33333333333334,86.66666666666667,90.0,14,46.666666666666664,8,26.666666666666668,3,10.0,1,3.3333333333333335,1,3.3333333333333335,3,10.0,2.7,1.8645821694595996,2.0,2.75,73.33333333333333,76.66666666666667,83.33333333333334,12,40.0,5,16.666666666666664,5,16.666666666666664,1,3.3333333333333335,2,6.666666666666667,5,16.666666666666664
294,False,1.9666666666666666,1.4255603186895398,1.0,1.0,90.0,90.0,93.33333333333333,16,53.333333333333336,7,23.333333333333332,4,13.333333333333334,0,0.0,1,3.3333333333333335,2,6.666666666666667,1.8,1.3266499161421599,1.0,1.0,93.33333333333333,93.33333333333333,93.33333333333333,18,60.0,6,20.0,4,13.333333333333334,0,0.0,0,0.0,2,6.666666666666667,1.8,1.3266499161421599,1.0,1.0,93.33333333333333,93.33333333333333,93.33333333333333,18,60.0,6,20.0,4,13.333333333333334,0,0.0,0,0.0,2,6.666666666666667,2.033333333333333,1.53803626600791,1.0,1.0,86.66666666666667,90.0,90.0,16,53.333333333333336,7,23.333333333333332,3,10.0,1,3.3333333333333335,0,0.0,3,10.0
295,False,2.6333333333333333,1.8882678717691395,2.0,3.0,70.0,80.0,83.33333333333334,14,46.666666666666664,3,10.0,4,13.333333333333334,3,10.0,1,3.3333333333333335,5,16.666666666666664,2.0,1.570562531918633,1.0,1.75,86.66666666666667,90.0,90.0,18,60.0,4,13.333333333333334,4,13.333333333333334,1,3.3333333333333335,0,0.0,3,10.0,2.2,1.7204650534085253,1.0,2.0,80.0,83.33333333333334,90.0,17,56.666666666666664,4,13.333333333333334,3,10.0,1,3.3333333333333335,2,6.666666666666667,3,10.0,2.6666666666666665,1.8856180831641267,2.0,3.0,66.66666666666666,76.66666666666667,86.66666666666667,14,46.666666666666664,3,10.0,3,10.0,3,10.0,3,10.0,4,13.333333333333334
296,True,2.3,1.5524174696260025,2.0,2.0,86.66666666666667,90.0,90.0,14,46.666666666666664,3,10.0,9,30.0,1,3.3333333333333335,0,0.0,3,10.0,1.7666666666666666,1.2023125864580955,1.0,1.75,93.33333333333333,96.66666666666667,96.66666666666667,19,63.33333333333333,3,10.0,6,20.0,1,3.3333333333333335,0,0.0,1,3.3333333333333335,1.8333333333333333,1.3186693629901656,1.0,1.75,90.0,93.33333333333333,96.66666666666667,19,63.33333333333333,3,10.0,5,16.666666666666664,1,3.3333333333333335,1,3.3333333333333335,1,3.3333333333333335,2.2333333333333334,1.5849991237291654,1.0,2.0,86.66666666666667,90.0,90.0,16,53.333333333333336,1,3.3333333333333335,9,30.0,1,3.3333333333333335,0,0.0,3,10.0
297,True,2.7333333333333334,1.671991493864594,3.0,2.0,76.66666666666667,83.33333333333334,86.66666666666667,10,33.33333333333333,4,13.333333333333334,9,30.0,2,6.666666666666667,1,3.3333333333333335,4,13.333333333333334,2.3333333333333335,1.6599866130651642,2.0,2.0,83.33333333333334,86.66666666666667,86.66666666666667,13,43.333333333333336,7,23.333333333333332,5,16.666666666666664,1,3.3333333333333335,0,0.0,4,13.333333333333334,2.3333333333333335,1.5347819244295118,2.0,2.0,80.0,86.66666666666667,93.33333333333333,12,40.0,8,26.666666666666668,4,13.333333333333334,2,6.666666666666667,2,6.666666666666667,2,6.666666666666667,2.8,1.851125783588643,2.0,3.0,66.66666666666666,76.66666666666667,83.33333333333334,10,33.33333333333333,8,26.666666666666668,2,6.666666666666667,3,10.0,2,6.666666666666667,5,16.666666666666664
298,False,3.2,1.886796226411321,3.0,3.0,63.33333333333333,70.0,76.66666666666667,7,23.333333333333332,7,23.333333333333332,5,16.666666666666664,2,6.666666666666667,2,6.666666666666667,7,23.333333333333332,2.2,1.6812693617224654,1.0,2.0,83.33333333333334,83.33333333333334,90.0,16,53.333333333333336,5,16.666666666666664,4,13.333333333333334,0,0.0,2,6.666666666666667,3,10.0,2.4,1.8547236990991407,1.5,2.0,76.66666666666667,76.66666666666667,86.66666666666667,15,50.0,6,20.0,2,6.666666666666667,0,0.0,3,10.0,4,13.333333333333334,2.7666666666666666,2.027861489900684,2.0,4.0,66.66666666666666,70.0,80.0,13,43.333333333333336,6,20.0,1,3.3333333333333335,1,3.3333333333333335,3,10.0,6,20.0
299,False,2.4,1.7435595774162693,2.0,2.0,76.66666666666667,83.33333333333334,86.66666666666667,13,43.333333333333336,8,26.666666666666668,2,6.666666666666667,2,6.666666666666667,1,3.3333333333333335,4,13.333333333333334,2.0,1.61245154965971,1.0,1.0,86.66666666666667,86.66666666666667,90.0,18,60.0,5,16.666666666666664,3,10.0,0,0.0,1,3.3333333333333335,3,10.0,2.2333333333333334,1.7829438827088444,1.0,2.0,80.0,83.33333333333334,86.66666666666667,17,56.666666666666664,4,13.333333333333334,3,10.0,1,3.3333333333333335,1,3.3333333333333335,4,13.333333333333334,3.0,2.1291625896895083,2.0,5.0,63.33333333333333,70.0,70.0,12,40.0,5,16.666666666666664,2,6.666666666666667,2,6.666666666666667,0,0.0,9,30.0
300,False,2.4,1.624807680927192,2.0,2.0,83.33333333333334,86.66666666666667,86.66666666666667,11,36.666666666666664,9,30.0,5,16.666666666666664,1,3.3333333333333335,0,0.0,4,13.333333333333334,2.1,1.535143858622594,1.5,1.75,86.66666666666667,90.0,90.0,15,50.0,7,23.333333333333332,4,13.333333333333334,1,3.3333333333333335,0,0.0,3,10.0,2.1333333333333333,1.4772346537440224,1.5,2.0,86.66666666666667,90.0,93.33333333333333,15,50.0,5,16.666666666666664,6,20.0,1,3.3333333333333335,1,3.3333333333333335,2,6.666666666666667,2.8666666666666667,2.045048220023729,2.0,4.5,66.66666666666666,73.33333333333333,73.33333333333333,11,36.666666666666664,8,26.666666666666668,1,3.3333333333333335,2,6.666666666666667,0,0.0,8,26.666666666666668
301,False,2.9,1.938212234680884,2.0,3.75,66.66666666666666,73.33333333333333,80.0,11,36.666666666666664,5,16.666666666666664,4,13.333333333333334,2,6.666666666666667,2,6.666666666666667,6,20.0,2.533333333333333,1.8208667044996885,2.0,2.0,76.66666666666667,80.0,83.33333333333334,12,40.0,8,26.666666666666668,3,10.0,1,3.3333333333333335,1,3.3333333333333335,5,16.666666666666664,2.433333333333333,1.5849991237291654,2.0,2.0,80.0,86.66666666666667,90.0,11,36.666666666666664,8,26.666666666666668,5,16.666666666666664,2,6.666666666666667,1,3.3333333333333335,3,10.0,2.6666666666666665,1.6397831834998458,2.0,2.75,73.33333333333333,86.66666666666667,86.66666666666667,9,30.0,8,26.666666666666668,5,16.666666666666664,4,13.333333333333334,0,0.0,4,13.333333333333334
302,False,2.8333333333333335,1.771690968789108,2.0,2.0,70.0,76.66666666666667,83.33333333333334,7,23.333333333333332,12,40.0,2,6.666666666666667,2,6.666666666666667,2,6.666666666666667,5,16.666666666666664,2.2666666666666666,1.6110727964792761,2.0,1.75,86.66666666666667,86.66666666666667,86.66666666666667,12,40.0,10,33.33333333333333,4,13.333333333333334,0,0.0,0,0.0,4,13.333333333333334,2.3333333333333335,1.6193277068654826,2.0,2.0,86.66666666666667,86.66666666666667,86.66666666666667,12,40.0,8,26.666666666666668,6,20.0,0,0.0,0,0.0,4,13.333333333333334,3.1666666666666665,2.034425935955617,2.0,4.5,63.33333333333333,63.33333333333333,73.33333333333333,8,26.666666666666668,9,30.0,2,6.666666666666667,0,0.0,3,10.0,8,26.666666666666668
303,False,2.533333333333333,1.80246744461277,2.0,2.0,76.66666666666667,80.0,83.33333333333334,11,36.666666666666664,10,33.33333333333333,2,6.666666666666667,1,3.3333333333333335,1,3.3333333333333335,5,16.666666666666664,2.2666666666666666,1.8061622912192088,1.0,1.75,80.0,80.0,86.66666666666667,16,53.333333333333336,6,20.0,2,6.666666666666667,0,0.0,2,6.666666666666667,4,13.333333333333334,2.533333333333333,1.978776277287444,1.5,2.75,73.33333333333333,76.66666666666667,80.0,15,50.0,5,16.666666666666664,2,6.666666666666667,1,3.3333333333333335,1,3.3333333333333335,6,20.0,2.6,1.8726095873584188,2.0,2.75,73.33333333333333,76.66666666666667,83.33333333333334,12,40.0,8,26.666666666666668,2,6.666666666666667,1,3.3333333333333335,2,6.666666666666667,5,16.666666666666664
304,False,2.5,1.648231375343482,2.0,2.75,73.33333333333333,86.66666666666667,90.0,12,40.0,6,20.0,4,13.333333333333334,4,13.333333333333334,1,3.3333333333333335,3,10.0,2.2,1.7587874611030558,1.0,1.75,76.66666666666667,86.66666666666667,86.66666666666667,17,56.666666666666664,5,16.666666666666664,1,3.3333333333333335,3,10.0,0,0.0,4,13.333333333333334,2.3333333333333335,1.776388345929897,1.0,2.75,73.33333333333333,86.66666666666667,86.66666666666667,16,53.333333333333336,4,13.333333333333334,2,6.666666666666667,4,13.333333333333334,0,0.0,4,13.333333333333334,3.033333333333333,1.9058389811897076,2.0,3.75,60.0,73.33333333333333,80.0,9,30.0,7,23.333333333333332,2,6.666666666666667,4,13.333333333333334,2,6.666666666666667,6,20.0
305,False,2.7333333333333334,1.7688665548562132,2.0,1.0,76.66666666666667,80.0,80.0,7,23.333333333333332,13,43.333333333333336,3,10.0,1,3.3333333333333335,0,0.0,6,20.0,2.2333333333333334,1.5638272140986536,2.0,1.75,80.0,90.0,90.0,13,43.333333333333336,9,30.0,2,6.666666666666667,3,10.0,0,0.0,3,10.0,2.5,1.6683325008322931,2.0,1.75,76.66666666666667,83.33333333333334,86.66666666666667,9,30.0,13,43.333333333333336,1,3.3333333333333335,2,6.666666666666667,1,3.3333333333333335,4,13.333333333333334,2.3666666666666667,1.6629959577688562,2.0,2.0,80.0,86.66666666666667,86.66666666666667,12,40.0,9,30.0,3,10.0,2,6.666666666666667,0,0.0,4,13.333333333333334
306,False,2.933333333333333,1.9310331143946988,2.0,3.75,63.33333333333333,73.33333333333333,80.0,10,33.33333333333333,7,23.333333333333332,2,6.666666666666667,3,10.0,2,6.666666666666667,6,20.0,2.433333333333333,1.9267128022157902,1.5,2.0,76.66666666666667,80.0,80.0,15,50.0,6,20.0,2,6.666666666666667,1,3.3333333333333335,0,0.0,6,20.0,2.466666666666667,1.8024674446127702,2.0,2.0,76.66666666666667,83.33333333333334,83.33333333333334,13,43.333333333333336,7,23.333333333333332,3,10.0,2,6.666666666666667,0,0.0,5,16.666666666666664,3.1333333333333333,2.186829262247563,2.0,5.0,60.0,60.0,70.0,11,36.666666666666664,7,23.333333333333332,0,0.0,0,0.0,3,10.0,9,30.0
307,False,2.933333333333333,1.9310331143946988,2.0,3.75,70.0,73.33333333333333,76.66666666666667,9,30.0,8,26.666666666666668,4,13.333333333333334,1,3.3333333333333335,1,3.3333333333333335,7,23.333333333333332,2.1,1.7194960502038574,1.0,1.0,80.0,86.66666666666667,86.66666666666667,17,56.666666666666664,7,23.333333333333332,0,0.0,2,6.666666666666667,0,0.0,4,13.333333333333334,2.466666666666667,1.8208667044996885,2.0,2.75,73.33333333333333,83.33333333333334,83.33333333333334,13,43.333333333333336,8,26.666666666666668,1,3.3333333333333335,3,10.0,0,0.0,5,16.666666666666664,3.1333333333333333,2.0773915267843845,2.5,4.75,60.0,66.66666666666666,73.33333333333333,11,36.666666666666664,4,13.333333333333334,3,10.0,2,6.666666666666667,2,6.666666666666667,8,26.666666666666668
308,False,2.7666666666666666,1.8199511592958264,2.0,2.75,73.33333333333333,80.0,80.0,9,30.0,9,30.0,4,13.333333333333334,2,6.666666666666667,0,0.0,6,20.0,2.2666666666666666,1.590248058916875,2.0,2.0,83.33333333333334,86.66666666666667,90.0,13,43.333333333333336,8,26.666666666666668,4,13.333333333333334,1,3.3333333333333335,1,3.3333333333333335,3,10.0,2.5,1.6881943016134133,2.0,2.0,80.0,83.33333333333334,86.66666666666667,11,36.666666666666664,8,26.666666666666668,5,16.666666666666664,1,3.3333333333333335,1,3.3333333333333335,4,13.333333333333334,2.7666666666666666,1.8562207723101138,2.0,2.0,76.66666666666667,76.66666666666667,80.0,10,33.33333333333333,7,23.333333333333332,6,20.0,0,0.0,1,3.3333333333333335,6,20.0
309,False,2.6,1.6041612554021285,2.0,3.0,70.0,83.33333333333334,93.33333333333333,10,33.33333333333333,8,26.666666666666668,3,10.0,4,13.333333333333334,3,10.0,2,6.666666666666667,2.4,1.781385228784985,1.0,3.0,70.0,83.33333333333334,90.0,16,53.333333333333336,3,10.0,2,6.666666666666667,4,13.333333333333334,2,6.666666666666667,3,10.0,2.6666666666666665,1.86785676348292,2.0,3.0,66.66666666666666,76.66666666666667,86.66666666666667,13,43.333333333333336,5,16.666666666666664,2,6.666666666666667,3,10.0,3,10.0,4,13.333333333333334,2.6666666666666665,1.920648038785058,2.0,3.0,63.33333333333333,80.0,83.33333333333334,14,46.666666666666664,4,13.333333333333334,1,3.3333333333333335,5,16.666666666666664,1,3.3333333333333335,5,16.666666666666664
310,False,2.466666666666667,1.6478942792411035,2.0,2.0,80.0,86.66666666666667,86.66666666666667,11,36.666666666666664,8,26.666666666666668,5,16.666666666666664,2,6.666666666666667,0,0.0,4,13.333333333333334,2.0,1.5491933384829668,1.0,1.0,86.66666666666667,90.0,90.0,17,56.666666666666664,6,20.0,3,10.0,1,3.3333333333333335,0,0.0,3,10.0,2.1333333333333333,1.6679994670929073,1.0,1.75,86.66666666666667,86.66666666666667,86.66666666666667,16,53.333333333333336,6,20.0,4,13.333333333333334,0,0.0,0,0.0,4,13.333333333333334,2.4,1.7048949136725893,2.0,2.0,80.0,83.33333333333334,86.66666666666667,12,40.0,9,30.0,3,10.0,1,3.3333333333333335,1,3.3333333333333335,4,13.333333333333334
311,True,2.566666666666667,1.6868774571839993,2.0,2.0,83.33333333333334,83.33333333333334,83.33333333333334,9,30.0,10,33.33333333333333,6,20.0,0,0.0,0,0.0,5,16.666666666666664,2.0,1.5275252316519468,1.0,1.0,86.66666666666667,90.0,90.0,16,53.333333333333336,8,26.666666666666668,2,6.666666666666667,1,3.3333333333333335,0,0.0,3,10.0,2.1333333333333333,1.6069294390925266,1.0,1.75,80.0,90.0,90.0,16,53.333333333333336,6,20.0,2,6.666666666666667,3,10.0,0,0.0,3,10.0,2.466666666666667,1.6679994670929073,2.0,2.0,76.66666666666667,83.33333333333334,90.0,12,40.0,7,23.333333333333332,4,13.333333333333334,2,6.666666666666667,2,6.666666666666667,3,10.0
312,False,2.3333333333333335,1.5986105077709065,2.0,2.0,86.66666666666667,86.66666666666667,86.66666666666667,11,36.666666666666664,10,33.33333333333333,5,16.666666666666664,0,0.0,0,0.0,4,13.333333333333334,2.1666666666666665,1.8272626764887658,1.0,1.75,76.66666666666667,83.33333333333334,86.66666666666667,19,63.33333333333333,3,10.0,1,3.3333333333333335,2,6.666666666666667,1,3.3333333333333335,4,13.333333333333334,2.3,1.9347695814575265,1.0,2.0,76.66666666666667,80.0,83.33333333333334,19,63.33333333333333,1,3.3333333333333335,3,10.0,1,3.3333333333333335,1,3.3333333333333335,5,16.666666666666664,3.3333333333333335,2.180723631172817,3.0,5.0,53.333333333333336,63.33333333333333,66.66666666666666,12,40.0,1,3.3333333333333335,3,10.0,3,10.0,1,3.3333333333333335,10,33.33333333333333
313,True,2.566666666666667,1.6669999666733317,2.0,2.0,80.0,83.33333333333334,86.66666666666667,10,33.33333333333333,8,26.666666666666668,6,20.0,1,3.3333333333333335,1,3.3333333333333335,4,13.333333333333334,2.1666666666666665,1.4851112939963644,1.5,2.0,86.66666666666667,90.0,93.33333333333333,15,50.0,4,13.333333333333334,7,23.333333333333332,1,3.3333333333333335,1,3.3333333333333335,2,6.666666666666667,2.2333333333333334,1.5205992970609392,2.0,2.0,86.66666666666667,86.66666666666667,93.33333333333333,14,46.666666666666664,5,16.666666666666664,7,23.333333333333332,0,0.0,2,6.666666666666667,2,6.666666666666667,3.1,2.0550750189064466,3.0,4.75,63.33333333333333,70.0,73.33333333333333,12,40.0,1,3.3333333333333335,6,20.0,2,6.666666666666667,1,3.3333333333333335,8,26.666666666666668
314,False,2.3,1.5947831618540915,2.0,2.0,80.0,90.0,90.0,14,46.666666666666664,5,16.666666666666664,5,16.666666666666664,3,10.0,0,0.0,3,10.0,2.033333333333333,1.7026123718829513,1.0,1.0,83.33333333333334,86.66666666666667,86.66666666666667,18,60.0,6,20.0,1,3.3333333333333335,1,3.3333333333333335,0,0.0,4,13.333333333333334,2.1666666666666665,1.7336538165261124,1.0,1.75,80.0,86.66666666666667,86.66666666666667,17,56.666666666666664,5,16.666666666666664,2,6.666666666666667,2,6.666666666666667,0,0.0,4,13.333333333333334,3.066666666666667,1.9652537297311565,2.5,4.5,66.66666666666666,73.33333333333333,73.33333333333333,9,30.0,6,20.0,5,16.666666666666664,2,6.666666666666667,0,0.0,8,26.666666666666668
315,False,2.7666666666666666,1.8015425489162213,2.0,2.0,76.66666666666667,80.0,80.0,9,30.0,8,26.666666666666668,6,20.0,1,3.3333333333333335,0,0.0,6,20.0,2.3666666666666667,1.682920741515245,2.0,2.0,80.0,86.66666666666667,86.66666666666667,13,43.333333333333336,7,23.333333333333332,4,13.333333333333334,2,6.666666666666667,0,0.0,4,13.333333333333334,2.5,1.707825127659933,2.0,2.0,80.0,83.33333333333334,86.66666666666667,12,40.0,6,20.0,6,20.0,1,3.3333333333333335,1,3.3333333333333335,4,13.333333333333334,2.6,1.6451950239004087,2.0,2.0,76.66666666666667,86.66666666666667,86.66666666666667,10,33.33333333333333,7,23.333333333333332,6,20.0,3,10.0,0,0.0,4,13.333333333333334
316,False,2.4,1.7813852287849847,2.0,2.0,80.0,83.33333333333334,83.33333333333334,13,43.333333333333336,8,26.666666666666668,3,10.0,1,3.3333333333333335,0,0.0,5,16.666666666666664,2.0,1.7320508075688772,1.0,1.0,83.33333333333334,86.66666666666667,86.66666666666667,20,66.66666666666666,3,10.0,2,6.666666666666667,1,3.3333333333333335,0,0.0,4,13.333333333333334,2.2666666666666666,1.9310331143946988,1.0,2.0,76.66666666666667,80.0,83.33333333333334,19,63.33333333333333,2,6.666666666666667,2,6.666666666666667,1,3.3333333333333335,1,3.3333333333333335,5,16.666666666666664,2.4,1.7625738755203046,1.5,2.75,73.33333333333333,86.66666666666667,86.66666666666667,15,50.0,4,13.333333333333334,3,10.0,4,13.333333333333334,0,0.0,4,13.333333333333334
317,True,2.466666666666667,1.521694961401777,2.0,2.0,83.33333333333334,86.66666666666667,90.0,9,30.0,10,33.33333333333333,6,20.0,1,3.3333333333333335,1,3.3333333333333335,3,10.0,2.066666666666667,1.4126413400278062,1.5,2.0,86.66666666666667,93.33333333333333,93.33333333333333,15,50.0,6,20.0,5,16.666666666666664,2,6.666666666666667,0,0.0,2,6.666666666666667,2.3,1.6360521589077368,2.0,2.0,80.0,86.66666666666667,90.0,14,46.666666666666664,6,20.0,4,13.333333333333334,2,6.666666666666667,1,3.3333333333333335,3,10.0,2.566666666666667,1.7259457954666158,2.0,3.0,70.0,86.66666666666667,86.66666666666667,12,40.0,6,20.0,3,10.0,5,16.666666666666664,0,0.0,4,13.333333333333334
318,True,2.433333333333333,1.7451520150277897,2.0,2.0,76.66666666666667,83.33333333333334,86.66666666666667,13,43.333333333333336,7,23.333333333333332,3,10.0,2,6.666666666666667,1,3.3333333333333335,4,13.333333333333334,2.033333333333333,1.6428295373802142,1.0,1.0,83.33333333333334,86.66666666666667,90.0,18,60.0,5,16.666666666666664,2,6.666666666666667,1,3.3333333333333335,1,3.3333333333333335,3,10.0,2.0,1.4605934866804429,1.0,1.0,86.66666666666667,90.0,93.33333333333333,16,53.333333333333336,7,23.333333333333332,3,10.0,1,3.3333333333333335,1,3.3333333333333335,2,6.666666666666667,2.7,1.9347695814575268,2.0,3.0,66.66666666666666,76.66666666666667,83.33333333333334,14,46.666666666666664,3,10.0,3,10.0,3,10.0,2,6.666666666666667,5,16.666666666666664
319,False,3.066666666666667,1.5040685563571303,3.0,2.0,70.0,83.33333333333334,86.66666666666667,4,13.333333333333334,8,26.666666666666668,9,30.0,4,13.333333333333334,1,3.3333333333333335,4,13.333333333333334,2.566666666666667,1.8381754238616317,2.0,2.75,73.33333333333333,80.0,83.33333333333334,12,40.0,8,26.666666666666668,2,6.666666666666667,2,6.666666666666667,1,3.3333333333333335,5,16.666666666666664,2.8333333333333335,1.8988300491501484,2.0,3.0,66.66666666666666,76.66666666666667,80.0,10,33.33333333333333,8,26.666666666666668,2,6.666666666666667,3,10.0,1,3.3333333333333335,6,20.0,3.0,1.7511900715418263,3.0,2.75,63.33333333333333,80.0,83.33333333333334,8,26.666666666666668,6,20.0,5,16.666666666666664,5,16.666666666666664,1,3.3333333333333335,5,16.666666666666664
320,False,2.1333333333333333,1.5434449203720302,2.0,1.0,83.33333333333334,90.0,90.0,14,46.666666666666664,9,30.0,2,6.666666666666667,2,6.666666666666667,0,0.0,3,10.0,2.2,1.8511257835886428,1.0,1.75,80.0,83.33333333333334,83.33333333333334,18,60.0,4,13.333333333333334,2,6.666666666666667,1,3.3333333333333335,0,0.0,5,16.666666666666664,2.1666666666666665,1.654958878307521,1.0,1.75,80.0,86.66666666666667,90.0,16,53.333333333333336,6,20.0,2,6.666666666666667,2,6.666666666666667,1,3.3333333333333335,3,10.0,2.8333333333333335,1.9677962857527254,2.0,3.0,70.0,76.66666666666667,76.66666666666667,12,40.0,4,13.333333333333334,5,16.666666666666664,2,6.666666666666667,0,0.0,7,23.333333333333332
321,True,1.9333333333333333,1.364632632697248,1.0,1.0,90.0,93.33333333333333,93.33333333333333,16,53.333333333333336,7,23.333333333333332,4,13.333333333333334,1,3.3333333333333335,0,0.0,2,6.666666666666667,1.9333333333333333,1.5477582354991866,1.0,1.75,90.0,90.0,90.0,19,63.33333333333333,3,10.0,5,16.666666666666664,0,0.0,0,0.0,3,10.0,2.1666666666666665,1.827262676488766,1.0,1.75,83.33333333333334,83.33333333333334,83.33333333333334,18,60.0,4,13.333333333333334,3,10.0,0,0.0,0,0.0,5,16.666666666666664,2.2666666666666666,1.6918103387266028,1.5,2.0,83.33333333333334,86.66666666666667,86.66666666666667,15,50.0,5,16.666666666666664,5,16.666666666666664,1,3.3333333333333335,0,0.0,4,13.333333333333334
322,True,2.2333333333333334,1.382831234179436,2.0,2.0,90.0,90.0,93.33333333333333,11,36.666666666666664,9,30.0,7,23.333333333333332,0,0.0,1,3.3333333333333335,2,6.666666666666667,2.066666666666667,1.5260697523012796,1.5,1.0,86.66666666666667,90.0,90.0,15,50.0,8,26.666666666666668,3,10.0,1,3.3333333333333335,0,0.0,3,10.0,2.4,1.7625738755203046,2.0,2.0,83.33333333333334,83.33333333333334,83.33333333333334,13,43.333333333333336,7,23.333333333333332,5,16.666666666666664,0,0.0,0,0.0,5,16.666666666666664,2.3793103448275863,1.648694219018196,2.0,2.0,75.86206896551724,86.20689655172413,89.65517241379311,12,41.37931034482759,8,27.586206896551722,2,6.896551724137931,3,10.344827586206897,1,3.4482758620689653,3,10.344827586206897
323,False,2.8,1.9043809142780934,2.0,3.75,70.0,73.33333333333333,80.0,9,30.0,11,36.666666666666664,1,3.3333333333333335,1,3.3333333333333335,2,6.666666666666667,6,20.0,2.3,1.8284784202536637,1.0,1.75,76.66666666666667,80.0,86.66666666666667,16,53.333333333333336,6,20.0,1,3.3333333333333335,1,3.3333333333333335,2,6.666666666666667,4,13.333333333333334,2.466666666666667,1.9275776393067947,1.5,2.75,73.33333333333333,76.66666666666667,83.33333333333334,15,50.0,6,20.0,1,3.3333333333333335,1,3.3333333333333335,2,6.666666666666667,5,16.666666666666664,2.6333333333333333,1.9745604292826515,2.0,3.5,73.33333333333333,73.33333333333333,80.0,13,43.333333333333336,7,23.333333333333332,2,6.666666666666667,0,0.0,2,6.666666666666667,6,20.0
324,True,2.3666666666666667,1.7603661235347856,1.5,2.75,73.33333333333333,86.66666666666667,86.66666666666667,15,50.0,5,16.666666666666664,2,6.666666666666667,4,13.333333333333334,0,0.0,4,13.333333333333334,1.9333333333333333,1.6918103387266026,1.0,1.0,80.0,86.66666666666667,90.0,21,70.0,3,10.0,0,0.0,2,6.666666666666667,1,3.3333333333333335,3,10.0,1.8666666666666667,1.4772346537440224,1.0,1.0,83.33333333333334,93.33333333333333,93.33333333333333,20,66.66666666666666,3,10.0,2,6.666666666666667,3,10.0,0,0.0,2,6.666666666666667,2.7,1.9857828011475307,2.0,3.0,66.66666666666666,76.66666666666667,80.0,14,46.666666666666664,4,13.333333333333334,2,6.666666666666667,3,10.0,1,3.3333333333333335,6,20.0
325,False,2.3333333333333335,1.4452988925785866,2.0,2.0,86.66666666666667,90.0,90.0,9,30.0,12,40.0,5,16.666666666666664,1,3.3333333333333335,0,0.0,3,10.0,2.1333333333333333,1.4996295838935991,2.0,1.0,86.66666666666667,90.0,90.0,13,43.333333333333336,10,33.33333333333333,3,10.0,1,3.3333333333333335,0,0.0,3,10.0,2.1666666666666665,1.5073892072793351,2.0,1.75,86.66666666666667,90.0,90.0,13,43.333333333333336,9,30.0,4,13.333333333333334,1,3.3333333333333335,0,0.0,3,10.0,2.8,1.7962924780409975,2.0,2.75,73.33333333333333,76.66666666666667,83.33333333333334,9,30.0,8,26.666666666666668,5,16.666666666666664,1,3.3333333333333335,2,6.666666666666667,5,16.666666666666664
326,False,2.7333333333333334,1.590248058916875,2.0,1.75,73.33333333333333,86.66666666666667,86.66666666666667,7,23.333333333333332,10,33.33333333333333,5,16.666666666666664,4,13.333333333333334,0,0.0,4,13.333333333333334,2.1,1.535143858622594,2.0,1.0,83.33333333333334,90.0,90.0,14,46.666666666666664,10,33.33333333333333,1,3.3333333333333335,2,6.666666666666667,0,0.0,3,10.0,2.2333333333333334,1.6058919293927874,2.0,1.75,76.66666666666667,90.0,90.0,14,46.666666666666664,8,26.666666666666668,1,3.3333333333333335,4,13.333333333333334,0,0.0,3,10.0,2.533333333333333,1.6478942792411033,2.0,2.75,73.33333333333333,86.66666666666667,86.66666666666667,9,30.0,12,40.0,1,3.3333333333333335,4,13.333333333333334,0,0.0,4,13.333333333333334
327,False,2.7,1.4177446878757827,2.0,1.75,73.33333333333333,86.66666666666667,93.33333333333333,5,16.666666666666664,13,43.333333333333336,4,13.333333333333334,4,13.333333333333334,2,6.666666666666667,2,6.666666666666667,2.3333333333333335,1.4452988925785866,2.0,1.75,83.33333333333334,86.66666666666667,93.33333333333333,9,30.0,13,43.333333333333336,3,10.0,1,3.3333333333333335,2,6.666666666666667,2,6.666666666666667,2.466666666666667,1.5434449203720302,2.0,1.75,83.33333333333334,83.33333333333334,90.0,8,26.666666666666668,13,43.333333333333336,4,13.333333333333334,0,0.0,2,6.666666666666667,3,10.0,2.8333333333333335,1.7527755766846542,2.0,1.75,73.33333333333333,76.66666666666667,83.33333333333334,7,23.333333333333332,11,36.666666666666664,4,13.333333333333334,1,3.3333333333333335,2,6.666666666666667,5,16.666666666666664
328,False,2.6,1.8903262505010434,2.0,3.0,70.0,76.66666666666667,83.33333333333334,12,40.0,9,30.0,0,0.0,2,6.666666666666667,2,6.666666666666667,5,16.666666666666664,2.3333333333333335,1.920648038785058,1.0,2.5,73.33333333333333,80.0,83.33333333333334,17,56.666666666666664,5,16.666666666666664,0,0.0,2,6.666666666666667,1,3.3333333333333335,5,16.666666666666664,2.3666666666666667,1.8162843634433703,1.5,2.0,76.66666666666667,80.0,86.66666666666667,15,50.0,6,20.0,2,6.666666666666667,1,3.3333333333333335,2,6.666666666666667,4,13.333333333333334,2.566666666666667,1.961008810677697,1.5,3.0,66.66666666666666,76.66666666666667,83.33333333333334,15,50.0,5,16.666666666666664,0,0.0,3,10.0,2,6.666666666666667,5,16.666666666666664
329,False,2.7,1.6563010998406458,2.0,1.0,76.66666666666667,80.0,86.66666666666667,7,23.333333333333332,12,40.0,4,13.333333333333334,1,3.3333333333333335,2,6.666666666666667,4,13.333333333333334,2.2333333333333334,1.5849991237291654,2.0,2.0,80.0,90.0,90.0,14,46.666666666666664,7,23.333333333333332,3,10.0,3,10.0,0,0.0,3,10.0,2.533333333333333,1.8208667044996885,2.0,2.75,73.33333333333333,83.33333333333334,83.33333333333334,13,43.333333333333336,6,20.0,3,10.0,3,10.0,0,0.0,5,16.666666666666664,2.6666666666666665,1.7950549357115013,2.0,3.0,70.0,83.33333333333334,83.33333333333334,11,36.666666666666664,7,23.333333333333332,3,10.0,4,13.333333333333334,0,0.0,5,16.666666666666664
330,False,2.6333333333333333,1.74132771821453,2.0,2.0,76.66666666666667,83.33333333333334,83.33333333333334,10,33.33333333333333,8,26.666666666666668,5,16.666666666666664,2,6.666666666666667,0,0.0,5,16.666666666666664,2.1,1.6401219466856725,1.0,1.75,83.33333333333334,86.66666666666667,90.0,17,56.666666666666664,5,16.666666666666664,3,10.0,1,3.3333333333333335,1,3.3333333333333335,3,10.0,2.1333333333333333,1.564892612574067,1.5,1.75,83.33333333333334,90.0,90.0,15,50.0,7,23.333333333333332,3,10.0,2,6.666666666666667,0,0.0,3,10.0,2.533333333333333,1.7074997966487597,2.0,2.0,76.66666666666667,83.33333333333334,86.66666666666667,11,36.666666666666664,8,26.666666666666668,4,13.333333333333334,2,6.666666666666667,1,3.3333333333333335,4,13.333333333333334
331,False,2.933333333333333,1.8785337071473829,2.0,2.75,70.0,76.66666666666667,76.66666666666667,8,26.666666666666668,9,30.0,4,13.333333333333334,2,6.666666666666667,0,0.0,7,23.333333333333332,2.4,1.7048949136725895,2.0,2.0,76.66666666666667,86.66666666666667,86.66666666666667,13,43.333333333333336,7,23.333333333333332,3,10.0,3,10.0,0,0.0,4,13.333333333333334,2.3333333333333335,1.4220486005134363,2.0,2.0,76.66666666666667,93.33333333333333,93.33333333333333,10,33.33333333333333,11,36.666666666666664,2,6.666666666666667,5,16.666666666666664,0,0.0,2,6.666666666666667,2.466666666666667,1.5648926125740672,2.0,2.75,73.33333333333333,90.0,90.0,10,33.33333333333333,10,33.33333333333333,2,6.666666666666667,5,16.666666666666664,0,0.0,3,10.0
332,False,2.8666666666666667,1.7838784213679537,2.0,2.75,70.0,76.66666666666667,83.33333333333334,8,26.666666666666668,9,30.0,4,13.333333333333334,2,6.666666666666667,2,6.666666666666667,5,16.666666666666664,2.2333333333333334,1.6868774571839993,2.0,1.0,80.0,86.66666666666667,86.66666666666667,14,46.666666666666664,9,30.0,1,3.3333333333333335,2,6.666666666666667,0,0.0,4,13.333333333333334,2.3666666666666667,1.7413277182145301,2.0,1.75,83.33333333333334,83.33333333333334,83.33333333333334,12,40.0,10,33.33333333333333,3,10.0,0,0.0,0,0.0,5,16.666666666666664,3.0,2.1134489978863145,2.0,5.0,66.66666666666666,66.66666666666666,70.0,10,33.33333333333333,9,30.0,1,3.3333333333333335,0,0.0,1,3.3333333333333335,9,30.0
333,True,2.966666666666667,1.7413277182145301,2.5,2.0,70.0,76.66666666666667,83.33333333333334,7,23.333333333333332,8,26.666666666666668,6,20.0,2,6.666666666666667,2,6.666666666666667,5,16.666666666666664,2.4,1.4966629547095764,2.0,2.0,76.66666666666667,90.0,93.33333333333333,11,36.666666666666664,8,26.666666666666668,4,13.333333333333334,4,13.333333333333334,1,3.3333333333333335,2,6.666666666666667,2.533333333333333,1.564892612574067,2.0,2.75,73.33333333333333,90.0,90.0,10,33.33333333333333,8,26.666666666666668,4,13.333333333333334,5,16.666666666666664,0,0.0,3,10.0,2.6,1.518771433319269,2.0,2.75,73.33333333333333,86.66666666666667,93.33333333333333,9,30.0,8,26.666666666666668,5,16.666666666666664,4,13.333333333333334,2,6.666666666666667,2,6.666666666666667
334,False,2.966666666666667,2.024571285208029,2.0,4.75,70.0,70.0,73.33333333333333,10,33.33333333333333,7,23.333333333333332,4,13.333333333333334,0,0.0,1,3.3333333333333335,8,26.666666666666668,2.2666666666666666,1.9652537297311568,1.0,2.0,80.0,80.0,80.0,19,63.33333333333333,2,6.666666666666667,3,10.0,0,0.0,0,0.0,6,20.0,2.3,1.9347695814575265,1.0,1.75,80.0,80.0,80.0,17,56.666666666666664,5,16.666666666666664,2,6.666666666666667,0,0.0,0,0.0,6,20.0,2.566666666666667,1.8199511592958264,2.0,2.0,80.0,80.0,83.33333333333334,13,43.333333333333336,4,13.333333333333334,7,23.333333333333332,0,0.0,1,3.3333333333333335,5,16.666666666666664
335,False,2.8,1.6206994374857624,2.5,2.5,73.33333333333333,80.0,90.0,8,26.666666666666668,7,23.333333333333332,7,23.333333333333332,2,6.666666666666667,3,10.0,3,10.0,2.2666666666666666,1.6918103387266028,1.5,2.0,83.33333333333334,86.66666666666667,86.66666666666667,15,50.0,5,16.666666666666664,5,16.666666666666664,1,3.3333333333333335,0,0.0,4,13.333333333333334,2.5,1.875277757204694,2.0,2.0,80.0,80.0,80.0,13,43.333333333333336,7,23.333333333333332,4,13.333333333333334,0,0.0,0,0.0,6,20.0,2.933333333333333,1.8607047649270485,3.0,3.0,70.0,76.66666666666667,80.0,10,33.33333333333333,4,13.333333333333334,7,23.333333333333332,2,6.666666666666667,1,3.3333333333333335,6,20.0
336,False,2.533333333333333,1.6679994670929073,2.0,2.0,76.66666666666667,86.66666666666667,86.66666666666667,11,36.666666666666664,7,23.333333333333332,5,16.666666666666664,3,10.0,0,0.0,4,13.333333333333334,2.1,1.5989579940281942,1.0,1.0,80.0,90.0,90.0,16,53.333333333333336,7,23.333333333333332,1,3.3333333333333335,3,10.0,0,0.0,3,10.0,2.3333333333333335,1.7950549357115013,2.0,1.75,80.0,83.33333333333334,83.33333333333334,14,46.666666666666664,8,26.666666666666668,2,6.666666666666667,1,3.3333333333333335,0,0.0,5,16.666666666666664,2.3,1.5524174696260025,2.0,2.0,76.66666666666667,90.0,93.33333333333333,14,46.666666666666664,5,16.666666666666664,4,13.333333333333334,4,13.333333333333334,1,3.3333333333333335,2,6.666666666666667
337,False,2.7666666666666666,1.8015425489162211,2.0,2.75,73.33333333333333,76.66666666666667,83.33333333333334,9,30.0,9,30.0,4,13.333333333333334,1,3.3333333333333335,2,6.666666666666667,5,16.666666666666664,2.1,1.57797338380595,1.5,1.0,86.66666666666667,86.66666666666667,90.0,15,50.0,8,26.666666666666668,3,10.0,0,0.0,1,3.3333333333333335,3,10.0,2.1333333333333333,1.6478942792411033,1.5,1.0,86.66666666666667,86.66666666666667,86.66666666666667,15,50.0,8,26.666666666666668,3,10.0,0,0.0,0,0.0,4,13.333333333333334,2.8666666666666667,2.012185103038209,2.0,4.0,70.0,70.0,76.66666666666667,11,36.666666666666664,7,23.333333333333332,3,10.0,0,0.0,2,6.666666666666667,7,23.333333333333332
338,False,2.8333333333333335,1.7527755766846542,2.0,3.0,66.66666666666666,83.33333333333334,83.33333333333334,9,30.0,7,23.333333333333332,4,13.333333333333334,5,16.666666666666664,0,0.0,5,16.666666666666664,2.433333333333333,1.8740923729160797,2.0,2.5,73.33333333333333,80.0,83.33333333333334,14,46.666666666666664,8,26.666666666666668,0,0.0,2,6.666666666666667,1,3.3333333333333335,5,16.666666666666664,2.5,1.857417562100671,2.0,2.75,73.33333333333333,80.0,83.33333333333334,13,43.333333333333336,8,26.666666666666668,1,3.3333333333333335,2,6.666666666666667,1,3.3333333333333335,5,16.666666666666664,3.2333333333333334,2.0113566455394114,3.5,4.0,50.0,70.0,76.66666666666667,11,36.666666666666664,2,6.666666666666667,2,6.666666666666667,6,20.0,2,6.666666666666667,7,23.333333333333332
339,False,2.3333333333333335,1.3984117975602022,2.0,2.0,83.33333333333334,93.33333333333333,93.33333333333333,11,36.666666666666664,7,23.333333333333332,7,23.333333333333332,3,10.0,0,0.0,2,6.666666666666667,2.1666666666666665,1.5509853498842454,1.0,2.0,80.0,90.0,93.33333333333333,16,53.333333333333336,4,13.333333333333334,4,13.333333333333334,3,10.0,1,3.3333333333333335,2,6.666666666666667,2.3333333333333335,1.7384539747207062,1.0,2.0,76.66666666666667,83.33333333333334,90.0,16,53.333333333333336,3,10.0,4,13.333333333333334,2,6.666666666666667,2,6.666666666666667,3,10.0,2.8,1.8147543451754935,2.5,3.0,70.0,80.0,83.33333333333334,11,36.666666666666664,4,13.333333333333334,6,20.0,3,10.0,1,3.3333333333333335,5,16.666666666666664
340,True,2.466666666666667,1.7269111795984824,2.0,2.0,76.66666666666667,83.33333333333334,86.66666666666667,12,40.0,8,26.666666666666668,3,10.0,2,6.666666666666667,1,3.3333333333333335,4,13.333333333333334,2.1333333333333333,1.746106780494506,1.0,1.0,83.33333333333334,83.33333333333334,86.66666666666667,17,56.666666666666664,6,20.0,2,6.666666666666667,0,0.0,1,3.3333333333333335,4,13.333333333333334,2.033333333333333,1.3780017739062924,2.0,1.0,86.66666666666667,93.33333333333333,93.33333333333333,14,46.666666666666664,9,30.0,3,10.0,2,6.666666666666667,0,0.0,2,6.666666666666667,2.3666666666666667,1.6829207415152447,2.0,2.0,83.33333333333334,83.33333333333334,86.66666666666667,12,40.0,9,30.0,4,13.333333333333334,0,0.0,1,3.3333333333333335,4,13.333333333333334
341,True,2.033333333333333,1.1396880664852505,2.0,2.0,93.33333333333333,96.66666666666667,96.66666666666667,12,40.0,9,30.0,7,23.333333333333332,1,3.3333333333333335,0,0.0,1,3.3333333333333335,1.9,1.3503086067019396,1.0,1.0,90.0,93.33333333333333,93.33333333333333,16,53.333333333333336,8,26.666666666666668,3,10.0,1,3.3333333333333335,0,0.0,2,6.666666666666667,2.1333333333333333,1.521694961401777,2.0,1.75,86.66666666666667,90.0,90.0,14,46.666666666666664,8,26.666666666666668,4,13.333333333333334,1,3.3333333333333335,0,0.0,3,10.0,2.3666666666666667,1.642829537380214,2.0,2.0,80.0,83.33333333333334,90.0,12,40.0,9,30.0,3,10.0,1,3.3333333333333335,2,6.666666666666667,3,10.0
342,False,2.3666666666666667,1.6224124698183944,2.0,2.0,76.66666666666667,90.0,90.0,14,46.666666666666664,4,13.333333333333334,5,16.666666666666664,4,13.333333333333334,0,0.0,3,10.0,2.0,1.7320508075688772,1.0,1.0,83.33333333333334,86.66666666666667,86.66666666666667,20,66.66666666666666,3,10.0,2,6.666666666666667,1,3.3333333333333335,0,0.0,4,13.333333333333334,2.1,1.7578395831246947,1.0,1.75,80.0,86.66666666666667,86.66666666666667,19,63.33333333333333,3,10.0,2,6.666666666666667,2,6.666666666666667,0,0.0,4,13.333333333333334,2.466666666666667,1.9275776393067947,1.0,3.0,70.0,80.0,83.33333333333334,16,53.333333333333336,4,13.333333333333334,1,3.3333333333333335,3,10.0,1,3.3333333333333335,5,16.666666666666664
343,False,2.433333333333333,1.7065234314893605,2.0,2.0,80.0,83.33333333333334,86.66666666666667,12,40.0,8,26.666666666666668,4,13.333333333333334,1,3.3333333333333335,1,3.3333333333333335,4,13.333333333333334,2.066666666666667,1.6918103387266028,1.0,1.0,83.33333333333334,86.66666666666667,86.66666666666667,17,56.666666666666664,7,23.333333333333332,1,3.3333333333333335,1,3.3333333333333335,0,0.0,4,13.333333333333334,2.0,1.5491933384829668,1.0,1.0,86.66666666666667,90.0,90.0,17,56.666666666666664,6,20.0,3,10.0,1,3.3333333333333335,0,0.0,3,10.0,2.533333333333333,1.9275776393067947,2.0,2.0,76.66666666666667,76.66666666666667,80.0,13,43.333333333333336,8,26.666666666666668,2,6.666666666666667,0,0.0,1,3.3333333333333335,6,20.0
344,False,2.7333333333333334,1.6110727964792761,2.0,2.0,70.0,86.66666666666667,86.66666666666667,7,23.333333333333332,11,36.666666666666664,3,10.0,5,16.666666666666664,0,0.0,4,13.333333333333334,2.2,1.6411378166788229,1.5,1.75,80.0,86.66666666666667,90.0,15,50.0,7,23.333333333333332,2,6.666666666666667,2,6.666666666666667,1,3.3333333333333335,3,10.0,2.2666666666666666,1.6316317667360556,2.0,2.0,80.0,86.66666666666667,90.0,14,46.666666666666664,7,23.333333333333332,3,10.0,2,6.666666666666667,1,3.3333333333333335,3,10.0,3.1,2.0872629605937694,2.0,4.75,60.0,66.66666666666666,73.33333333333333,11,36.666666666666664,5,16.666666666666664,2,6.666666666666667,2,6.666666666666667,2,6.666666666666667,8,26.666666666666668
345,False,2.8,2.072036035722674,2.0,4.5,70.0,73.33333333333333,73.33333333333333,13,43.333333333333336,5,16.666666666666664,3,10.0,1,3.3333333333333335,0,0.0,8,26.666666666666668,2.1,1.619670748434179,1.0,1.75,80.0,90.0,90.0,17,56.666666666666664,5,16.666666666666664,2,6.666666666666667,3,10.0,0,0.0,3,10.0,2.2666666666666666,1.7113996870657915,1.5,2.0,80.0,86.66666666666667,86.66666666666667,15,50.0,6,20.0,3,10.0,2,6.666666666666667,0,0.0,4,13.333333333333334,2.3666666666666667,1.7220788470785986,2.0,2.0,76.66666666666667,86.66666666666667,86.66666666666667,14,46.666666666666664,6,20.0,3,10.0,3,10.0,0,0.0,4,13.333333333333334
346,True,2.8,1.7204650534085255,3.0,2.75,73.33333333333333,80.0,86.66666666666667,10,33.33333333333333,4,13.333333333333334,8,26.666666666666668,2,6.666666666666667,2,6.666666666666667,4,13.333333333333334,2.4,1.7435595774162693,2.0,2.0,80.0,83.33333333333334,86.66666666666667,14,46.666666666666664,5,16.666666666666664,5,16.666666666666664,1,3.3333333333333335,1,3.3333333333333335,4,13.333333333333334,2.6333333333333333,1.8526257642120336,2.0,3.0,66.66666666666666,80.0,86.66666666666667,14,46.666666666666664,3,10.0,3,10.0,4,13.333333333333334,2,6.666666666666667,4,13.333333333333334,3.2,2.023198787399136,3.0,4.75,56.666666666666664,70.0,73.33333333333333,10,33.33333333333333,4,13.333333333333334,3,10.0,4,13.333333333333334,1,3.3333333333333335,8,26.666666666666668
347,True,2.2,1.4236104336041748,2.0,2.0,86.66666666666667,90.0,93.33333333333333,12,40.0,9,30.0,5,16.666666666666664,1,3.3333333333333335,1,3.3333333333333335,2,6.666666666666667,2.0,1.5275252316519468,1.0,1.75,90.0,90.0,90.0,17,56.666666666666664,5,16.666666666666664,5,16.666666666666664,0,0.0,0,0.0,3,10.0,1.9666666666666666,1.3535960336164634,1.0,2.0,93.33333333333333,93.33333333333333,93.33333333333333,16,53.333333333333336,5,16.666666666666664,7,23.333333333333332,0,0.0,0,0.0,2,6.666666666666667,2.433333333333333,1.7065234314893605,2.0,2.0,76.66666666666667,86.66666666666667,86.66666666666667,13,43.333333333333336,6,20.0,4,13.333333333333334,3,10.0,0,0.0,4,13.333333333333334
348,False,2.433333333333333,1.6868774571839995,2.0,2.0,83.33333333333334,83.33333333333334,86.66666666666667,12,40.0,7,23.333333333333332,6,20.0,0,0.0,1,3.3333333333333335,4,13.333333333333334,2.066666666666667,1.6519348924485158,1.0,1.75,83.33333333333334,86.66666666666667,90.0,18,60.0,4,13.333333333333334,3,10.0,1,3.3333333333333335,1,3.3333333333333335,3,10.0,2.2333333333333334,1.7451520150277902,1.0,2.0,83.33333333333334,83.33333333333334,86.66666666666667,16,53.333333333333336,5,16.666666666666664,4,13.333333333333334,0,0.0,1,3.3333333333333335,4,13.333333333333334,2.533333333333333,1.6679994670929073,2.0,3.0,70.0,83.33333333333334,93.33333333333333,13,43.333333333333336,4,13.333333333333334,4,13.333333333333334,4,13.333333333333334,3,10.0,2,6.666666666666667
349,False,2.3,1.7349351572897471,1.5,2.0,83.33333333333334,83.33333333333334,86.66666666666667,15,50.0,5,16.666666666666664,5,16.666666666666664,0,0.0,1,3.3333333333333335,4,13.333333333333334,1.9333333333333333,1.569146972791976,1.0,1.0,86.66666666666667,90.0,90.0,19,63.33333333333333,4,13.333333333333334,3,10.0,1,3.3333333333333335,0,0.0,3,10.0,2.0,1.4832396974191326,1.0,1.75,86.66666666666667,90.0,93.33333333333333,17,56.666666666666664,5,16.666666666666664,4,13.333333333333334,1,3.3333333333333335,1,3.3333333333333335,2,6.666666666666667,2.8666666666666667,1.9955506062794355,2.0,4.0,66.66666666666666,70.0,80.0,12,40.0,5,16.666666666666664,3,10.0,1,3.3333333333333335,3,10.0,6,20.0
350,False,2.5,1.7654083569153813,2.0,2.0,80.0,83.33333333333334,83.33333333333334,12,40.0,7,23.333333333333332,5,16.666666666666664,1,3.3333333333333335,0,0.0,5,16.666666666666664,2.0,1.5275252316519468,1.0,1.75,90.0,90.0,90.0,17,56.666666666666664,5,16.666666666666664,5,16.666666666666664,0,0.0,0,0.0,3,10.0,2.3666666666666667,1.7603661235347858,2.0,2.0,83.33333333333334,83.33333333333334,83.33333333333334,13,43.333333333333336,8,26.666666666666668,4,13.333333333333334,0,0.0,0,0.0,5,16.666666666666664,2.533333333333333,1.9618585292749549,1.5,2.0,76.66666666666667,76.66666666666667,80.0,15,50.0,4,13.333333333333334,4,13.333333333333334,0,0.0,1,3.3333333333333335,6,20.0
351,False,2.2666666666666666,1.6519348924485158,2.0,1.75,83.33333333333334,86.66666666666667,86.66666666666667,13,43.333333333333336,9,30.0,3,10.0,1,3.3333333333333335,0,0.0,4,13.333333333333334,1.9666666666666666,1.6224124698183946,1.0,1.0,83.33333333333334,86.66666666666667,90.0,18,60.0,7,23.333333333333332,0,0.0,1,3.3333333333333335,1,3.3333333333333335,3,10.0,2.2666666666666666,1.730767331432956,1.0,2.0,80.0,86.66666666666667,86.66666666666667,16,53.333333333333336,4,13.333333333333334,4,13.333333333333334,2,6.666666666666667,0,0.0,4,13.333333333333334,2.3333333333333335,1.8318175552045448,1.0,2.0,76.66666666666667,80.0,86.66666666666667,16,53.333333333333336,5,16.666666666666664,2,6.666666666666667,1,3.3333333333333335,2,6.666666666666667,4,13.333333333333334
352,True,2.8666666666666667,1.4079141387961918,3.0,2.0,70.0,86.66666666666667,93.33333333333333,5,16.666666666666664,9,30.0,7,23.333333333333332,5,16.666666666666664,2,6.666666666666667,2,6.666666666666667,2.4,1.724335620850342,2.0,2.0,76.66666666666667,86.66666666666667,86.66666666666667,14,46.666666666666664,5,16.666666666666664,4,13.333333333333334,3,10.0,0,0.0,4,13.333333333333334,2.6,1.8726095873584185,2.0,2.0,76.66666666666667,80.0,80.0,12,40.0,7,23.333333333333332,4,13.333333333333334,1,3.3333333333333335,0,0.0,6,20.0,2.933333333333333,1.9310331143946986,2.0,4.0,63.33333333333333,70.0,83.33333333333334,11,36.666666666666664,5,16.666666666666664,3,10.0,2,6.666666666666667,4,13.333333333333334,5,16.666666666666664
353,False,2.1666666666666665,1.4624940645653537,2.0,1.0,86.66666666666667,90.0,90.0,11,36.666666666666664,13,43.333333333333336,2,6.666666666666667,1,3.3333333333333335,0,0.0,3,10.0,1.7666666666666666,1.2023125864580957,1.0,1.0,93.33333333333333,93.33333333333333,96.66666666666667,17,56.666666666666664,8,26.666666666666668,3,10.0,0,0.0,1,3.3333333333333335,1,3.3333333333333335,2.2666666666666666,1.9136933459209766,1.0,1.0,80.0,80.0,80.0,16,53.333333333333336,8,26.666666666666668,0,0.0,0,0.0,0,0.0,6,20.0,2.433333333333333,1.8199511592958264,2.0,2.0,80.0,80.0,83.33333333333334,13,43.333333333333336,8,26.666666666666668,3,10.0,0,0.0,1,3.3333333333333335,5,16.666666666666664
354,False,2.8,1.851125783588643,2.0,3.0,70.0,80.0,80.0,10,33.33333333333333,7,23.333333333333332,4,13.333333333333334,3,10.0,0,0.0,6,20.0,2.2666666666666666,1.7688665548562132,1.0,2.0,76.66666666666667,86.66666666666667,86.66666666666667,17,56.666666666666664,3,10.0,3,10.0,3,10.0,0,0.0,4,13.333333333333334,2.566666666666667,1.8917951498216947,2.0,3.0,70.0,80.0,83.33333333333334,14,46.666666666666664,5,16.666666666666664,2,6.666666666666667,3,10.0,1,3.3333333333333335,5,16.666666666666664,3.1333333333333333,2.202019275321833,2.5,5.0,60.0,66.66666666666666,66.66666666666666,13,43.333333333333336,2,6.666666666666667,3,10.0,2,6.666666666666667,0,0.0,10,33.33333333333333
355,False,3.033333333333333,1.87053171287976,2.0,3.0,66.66666666666666,70.0,80.0,7,23.333333333333332,10,33.33333333333333,3,10.0,1,3.3333333333333335,3,10.0,6,20.0,2.3666666666666667,1.7978382080215731,1.5,2.0,80.0,80.0,86.66666666666667,15,50.0,5,16.666666666666664,4,13.333333333333334,0,0.0,2,6.666666666666667,4,13.333333333333334,2.6,1.9252705437591537,2.0,3.0,70.0,76.66666666666667,83.33333333333334,14,46.666666666666664,5,16.666666666666664,2,6.666666666666667,2,6.666666666666667,2,6.666666666666667,5,16.666666666666664,3.3333333333333335,2.165384235854895,3.0,5.0,60.0,63.33333333333333,63.33333333333333,10,33.33333333333333,4,13.333333333333334,4,13.333333333333334,1,3.3333333333333335,0,0.0,11,36.666666666666664
356,False,2.2666666666666666,1.6719914938645934,2.0,2.0,83.33333333333334,86.66666666666667,86.66666666666667,14,46.666666666666664,7,23.333333333333332,4,13.333333333333334,1,3.3333333333333335,0,0.0,4,13.333333333333334,1.8666666666666667,1.6069294390925266,1.0,1.0,86.66666666666667,86.66666666666667,90.0,20,66.66666666666666,5,16.666666666666664,1,3.3333333333333335,0,0.0,1,3.3333333333333335,3,10.0,2.2666666666666666,1.8427033281447005,1.0,1.75,76.66666666666667,80.0,86.66666666666667,17,56.666666666666664,5,16.666666666666664,1,3.3333333333333335,1,3.3333333333333335,2,6.666666666666667,4,13.333333333333334,2.2666666666666666,1.730767331432956,1.0,2.0,76.66666666666667,83.33333333333334,90.0,16,53.333333333333336,5,16.666666666666664,2,6.666666666666667,2,6.666666666666667,2,6.666666666666667,3,10.0
357,False,2.7,1.9347695814575268,2.0,3.5,73.33333333333333,73.33333333333333,80.0,11,36.666666666666664,9,30.0,2,6.666666666666667,0,0.0,2,6.666666666666667,6,20.0,1.9666666666666666,1.601735170231195,1.0,1.0,86.66666666666667,86.66666666666667,90.0,18,60.0,6,20.0,2,6.666666666666667,0,0.0,1,3.3333333333333335,3,10.0,2.066666666666667,1.7113996870657915,1.0,1.0,83.33333333333334,86.66666666666667,86.66666666666667,18,60.0,5,16.666666666666664,2,6.666666666666667,1,3.3333333333333335,0,0.0,4,13.333333333333334,2.2666666666666666,1.730767331432956,1.5,2.0,83.33333333333334,83.33333333333334,86.66666666666667,15,50.0,6,20.0,4,13.333333333333334,0,0.0,1,3.3333333333333335,4,13.333333333333334
358,True,2.6666666666666665,1.920648038785058,2.0,2.0,76.66666666666667,76.66666666666667,76.66666666666667,10,33.33333333333333,11,36.666666666666664,2,6.666666666666667,0,0.0,0,0.0,7,23.333333333333332,2.1,1.6196707484341788,1.0,1.0,83.33333333333334,86.66666666666667,90.0,16,53.333333333333336,7,23.333333333333332,2,6.666666666666667,1,3.3333333333333335,1,3.3333333333333335,3,10.0,2.2666666666666666,1.730767331432956,2.0,1.0,80.0,83.33333333333334,86.66666666666667,14,46.666666666666664,9,30.0,1,3.3333333333333335,1,3.3333333333333335,1,3.3333333333333335,4,13.333333333333334,2.433333333333333,1.6868774571839993,2.0,2.0,83.33333333333334,83.33333333333334,86.66666666666667,12,40.0,7,23.333333333333332,6,20.0,0,0.0,1,3.3333333333333335,4,13.333333333333334
359,False,2.7,1.8823743871327334,2.0,3.0,70.0,76.66666666666667,83.33333333333334,12,40.0,6,20.0,3,10.0,2,6.666666666666667,2,6.666666666666667,5,16.666666666666664,2.2,1.833030277982336,1.0,1.0,80.0,83.33333333333334,83.33333333333334,17,56.666666666666664,6,20.0,1,3.3333333333333335,1,3.3333333333333335,0,0.0,5,16.666666666666664,2.4,1.8000000000000003,1.5,2.75,73.33333333333333,83.33333333333334,86.66666666666667,15,50.0,5,16.666666666666664,2,6.666666666666667,3,10.0,1,3.3333333333333335,4,13.333333333333334,2.6333333333333333,1.7978382080215731,2.0,3.0,66.66666666666666,83.33333333333334,86.66666666666667,13,43.333333333333336,4,13.333333333333334,3,10.0,5,16.666666666666664,1,3.3333333333333335,4,13.333333333333334
360,False,2.466666666666667,1.7269111795984824,2.0,2.0,76.66666666666667,83.33333333333334,86.66666666666667,12,40.0,8,26.666666666666668,3,10.0,2,6.666666666666667,1,3.3333333333333335,4,13.333333333333334,1.9666666666666666,1.4255603186895396,1.0,1.75,86.66666666666667,93.33333333333333,93.33333333333333,17,56.666666666666664,5,16.666666666666664,4,13.333333333333334,2,6.666666666666667,0,0.0,2,6.666666666666667,2.0,1.3662601021279464,2.0,1.0,86.66666666666667,93.33333333333333,93.33333333333333,14,46.666666666666664,10,33.33333333333333,2,6.666666666666667,2,6.666666666666667,0,0.0,2,6.666666666666667,2.6,1.9425069712444623,2.0,2.75,73.33333333333333,76.66666666666667,80.0,13,43.333333333333336,7,23.333333333333332,2,6.666666666666667,1,3.3333333333333335,1,3.3333333333333335,6,20.0
361,False,2.8666666666666667,1.978776277287444,2.0,3.75,66.66666666666666,73.33333333333333,76.66666666666667,10,33.33333333333333,9,30.0,1,3.3333333333333335,2,6.666666666666667,1,3.3333333333333335,7,23.333333333333332,2.0,1.6733200530681511,1.0,1.0,86.66666666666667,86.66666666666667,86.66666666666667,18,60.0,6,20.0,2,6.666666666666667,0,0.0,0,0.0,4,13.333333333333334,2.033333333333333,1.6829207415152452,1.0,1.0,86.66666666666667,86.66666666666667,86.66666666666667,18,60.0,5,16.666666666666664,3,10.0,0,0.0,0,0.0,4,13.333333333333334,2.8,1.9731531449264987,2.0,3.75,66.66666666666666,73.33333333333333,80.0,12,40.0,6,20.0,2,6.666666666666667,2,6.666666666666667,2,6.666666666666667,6,20.0
362,True,2.066666666666667,1.3399834161494522,2.0,1.0,86.66666666666667,93.33333333333333,93.33333333333333,12,40.0,12,40.0,2,6.666666666666667,2,6.666666666666667,0,0.0,2,6.666666666666667,1.9,1.4224392195567912,1.0,1.0,90.0,90.0,93.33333333333333,17,56.666666666666664,7,23.333333333333332,3,10.0,0,0.0,1,3.3333333333333335,2,6.666666666666667,2.033333333333333,1.53803626600791,1.0,1.0,86.66666666666667,90.0,90.0,16,53.333333333333336,7,23.333333333333332,3,10.0,1,3.3333333333333335,0,0.0,3,10.0,2.2333333333333334,1.5849991237291654,2.0,1.75,83.33333333333334,86.66666666666667,90.0,13,43.333333333333336,9,30.0,3,10.0,1,3.3333333333333335,1,3.3333333333333335,3,10.0
363,False,3.0,1.7888543819998317,2.5,2.0,70.0,76.66666666666667,80.0,7,23.333333333333332,8,26.666666666666668,6,20.0,2,6.666666666666667,1,3.3333333333333335,6,20.0,2.433333333333333,1.8381754238616315,2.0,2.0,80.0,80.0,83.33333333333334,14,46.666666666666664,6,20.0,4,13.333333333333334,0,0.0,1,3.3333333333333335,5,16.666666666666664,2.6,1.9765289440498126,2.0,3.0,70.0,76.66666666666667,80.0,14,46.666666666666664,6,20.0,1,3.3333333333333335,2,6.666666666666667,1,3.3333333333333335,6,20.0,3.1,1.9209372712298545,3.0,3.75,63.33333333333333,73.33333333333333,76.66666666666667,9,30.0,5,16.666666666666664,5,16.666666666666664,3,10.0,1,3.3333333333333335,7,23.333333333333332
364,False,2.7,1.636052158907737,2.0,1.0,80.0,80.0,86.66666666666667,7,23.333333333333332,11,36.666666666666664,6,20.0,0,0.0,2,6.666666666666667,4,13.333333333333334,2.2666666666666666,1.4590712418826193,2.0,2.0,83.33333333333334,90.0,93.33333333333333,12,40.0,8,26.666666666666668,5,16.666666666666664,2,6.666666666666667,1,3.3333333333333335,2,6.666666666666667,2.466666666666667,1.687865186822955,2.0,2.75,73.33333333333333,86.66666666666667,86.66666666666667,11,36.666666666666664,10,33.33333333333333,1,3.3333333333333335,4,13.333333333333334,0,0.0,4,13.333333333333334,2.6333333333333333,1.7413277182145301,2.0,2.75,73.33333333333333,80.0,86.66666666666667,10,33.33333333333333,9,30.0,3,10.0,2,6.666666666666667,2,6.666666666666667,4,13.333333333333334
365,False,2.1666666666666665,1.462494064565354,2.0,1.0,86.66666666666667,90.0,90.0,11,36.666666666666664,13,43.333333333333336,2,6.666666666666667,1,3.3333333333333335,0,0.0,3,10.0,2.0,1.6532795690182993,1.0,1.0,86.66666666666667,86.66666666666667,86.66666666666667,17,56.666666666666664,8,26.666666666666668,1,3.3333333333333335,0,0.0,0,0.0,4,13.333333333333334,2.1,1.7,1.0,1.0,83.33333333333334,86.66666666666667,86.66666666666667,17,56.666666666666664,6,20.0,2,6.666666666666667,1,3.3333333333333335,0,0.0,4,13.333333333333334,2.966666666666667,2.0080393975772046,2.0,4.75,70.0,70.0,73.33333333333333,9,30.0,9,30.0,3,10.0,0,0.0,1,3.3333333333333335,8,26.666666666666668
366,False,3.0,1.8257418583505538,2.5,1.75,73.33333333333333,76.66666666666667,76.66666666666667,7,23.333333333333332,8,26.666666666666668,7,23.333333333333332,1,3.3333333333333335,0,0.0,7,23.333333333333332,2.066666666666667,1.5260697523012796,1.0,2.0,83.33333333333334,90.0,93.33333333333333,17,56.666666666666664,4,13.333333333333334,4,13.333333333333334,2,6.666666666666667,1,3.3333333333333335,2,6.666666666666667,2.2333333333333334,1.7259457954666158,1.0,2.0,80.0,86.66666666666667,86.66666666666667,16,53.333333333333336,5,16.666666666666664,3,10.0,2,6.666666666666667,0,0.0,4,13.333333333333334,2.7333333333333334,1.8607047649270485,2.0,3.0,70.0,76.66666666666667,83.33333333333334,11,36.666666666666664,7,23.333333333333332,3,10.0,2,6.666666666666667,2,6.666666666666667,5,16.666666666666664
367,True,2.7333333333333334,1.7688665548562132,2.0,2.0,76.66666666666667,80.0,83.33333333333334,10,33.33333333333333,6,20.0,7,23.333333333333332,1,3.3333333333333335,1,3.3333333333333335,5,16.666666666666664,2.0,1.4832396974191326,1.0,1.75,86.66666666666667,90.0,93.33333333333333,17,56.666666666666664,5,16.666666666666664,4,13.333333333333334,1,3.3333333333333335,1,3.3333333333333335,2,6.666666666666667,2.1666666666666665,1.5509853498842454,1.0,2.0,86.66666666666667,86.66666666666667,93.33333333333333,16,53.333333333333336,3,10.0,7,23.333333333333332,0,0.0,2,6.666666666666667,2,6.666666666666667,2.566666666666667,1.6868774571839995,2.0,2.75,73.33333333333333,83.33333333333334,90.0,12,40.0,5,16.666666666666664,5,16.666666666666664,3,10.0,2,6.666666666666667,3,10.0
368,True,3.1666666666666665,1.7527755766846542,3.0,2.0,66.66666666666666,76.66666666666667,80.0,7,23.333333333333332,4,13.333333333333334,9,30.0,3,10.0,1,3.3333333333333335,6,20.0,2.5,1.8393839548428526,2.0,2.0,76.66666666666667,80.0,83.33333333333334,13,43.333333333333336,7,23.333333333333332,3,10.0,1,3.3333333333333335,1,3.3333333333333335,5,16.666666666666664,2.533333333333333,1.839081896551163,2.0,2.0,76.66666666666667,80.0,83.33333333333334,13,43.333333333333336,6,20.0,4,13.333333333333334,1,3.3333333333333335,1,3.3333333333333335,5,16.666666666666664,2.933333333333333,1.7688665548562135,3.0,3.0,66.66666666666666,76.66666666666667,86.66666666666667,10,33.33333333333333,3,10.0,7,23.333333333333332,3,10.0,3,10.0,4,13.333333333333334
369,False,2.7666666666666666,1.7065234314893605,2.0,1.0,76.66666666666667,80.0,83.33333333333334,7,23.333333333333332,11,36.666666666666664,5,16.666666666666664,1,3.3333333333333335,1,3.3333333333333335,5,16.666666666666664,2.0,1.6733200530681511,1.0,1.0,83.33333333333334,83.33333333333334,90.0,18,60.0,7,23.333333333333332,0,0.0,0,0.0,2,6.666666666666667,3,10.0,2.2333333333333334,1.6868774571839995,2.0,1.0,80.0,86.66666666666667,86.66666666666667,14,46.666666666666664,9,30.0,1,3.3333333333333335,2,6.666666666666667,0,0.0,4,13.333333333333334,2.533333333333333,1.8571184369578826,2.0,2.75,73.33333333333333,80.0,83.33333333333334,13,43.333333333333336,7,23.333333333333332,2,6.666666666666667,2,6.666666666666667,1,3.3333333333333335,5,16.666666666666664
370,False,2.7,1.7349351572897471,2.5,2.0,76.66666666666667,80.0,86.66666666666667,11,36.666666666666664,4,13.333333333333334,8,26.666666666666668,1,3.3333333333333335,2,6.666666666666667,4,13.333333333333334,2.066666666666667,1.4590712418826193,1.5,1.75,86.66666666666667,90.0,93.33333333333333,15,50.0,7,23.333333333333332,4,13.333333333333334,1,3.3333333333333335,1,3.3333333333333335,2,6.666666666666667,2.2333333333333334,1.6868774571839995,1.5,2.0,83.33333333333334,86.66666666666667,86.66666666666667,15,50.0,6,20.0,4,13.333333333333334,1,3.3333333333333335,0,0.0,4,13.333333333333334,2.7666666666666666,1.8740923729160797,2.0,2.75,73.33333333333333,76.66666666666667,80.0,10,33.33333333333333,8,26.666666666666668,4,13.333333333333334,1,3.3333333333333335,1,3.3333333333333335,6,20.0
371,False,2.8,1.7776388834631178,2.0,1.75,76.66666666666667,80.0,80.0,8,26.666666666666668,9,30.0,6,20.0,1,3.3333333333333335,0,0.0,6,20.0,2.2,1.6812693617224654,1.5,1.75,83.33333333333334,86.66666666666667,86.66666666666667,15,50.0,7,23.333333333333332,3,10.0,1,3.3333333333333335,0,0.0,4,13.333333333333334,2.4,1.836663641860788,2.0,2.0,80.0,80.0,83.33333333333334,14,46.666666666666664,7,23.333333333333332,3,10.0,0,0.0,1,3.3333333333333335,5,16.666666666666664,2.8666666666666667,1.9275776393067947,2.0,3.5,73.33333333333333,73.33333333333333,76.66666666666667,9,30.0,9,30.0,4,13.333333333333334,0,0.0,1,3.3333333333333335,7,23.333333333333332
372,False,2.3333333333333335,1.7575235101952087,1.5,2.0,80.0,83.33333333333334,86.66666666666667,15,50.0,5,16.666666666666664,4,13.333333333333334,1,3.3333333333333335,1,3.3333333333333335,4,13.333333333333334,1.9333333333333333,1.7688665548562132,1.0,0.75,80.0,86.66666666666667,86.66666666666667,22,73.33333333333333,2,6.666666666666667,0,0.0,2,6.666666666666667,0,0.0,4,13.333333333333334,2.2666666666666666,1.9310331143946988,1.0,2.0,76.66666666666667,80.0,83.33333333333334,19,63.33333333333333,2,6.666666666666667,2,6.666666666666667,1,3.3333333333333335,1,3.3333333333333335,5,16.666666666666664,2.9,2.0387904911164036,2.0,3.75,63.33333333333333,73.33333333333333,76.66666666666667,13,43.333333333333336,3,10.0,3,10.0,3,10.0,1,3.3333333333333335,7,23.333333333333332
373,False,2.533333333333333,1.765093639316497,2.0,2.0,76.66666666666667,83.33333333333334,83.33333333333334,11,36.666666666666664,9,30.0,3,10.0,2,6.666666666666667,0,0.0,5,16.666666666666664,2.2333333333333334,1.7451520150277897,1.5,1.0,80.0,83.33333333333334,86.66666666666667,15,50.0,8,26.666666666666668,1,3.3333333333333335,1,3.3333333333333335,1,3.3333333333333335,4,13.333333333333334,2.5,1.9450792614526877,1.5,2.75,73.33333333333333,80.0,80.0,15,50.0,5,16.666666666666664,2,6.666666666666667,2,6.666666666666667,0,0.0,6,20.0,2.9,1.9382122346808843,2.0,4.0,70.0,70.0,80.0,10,33.33333333333333,7,23.333333333333332,4,13.333333333333334,0,0.0,3,10.0,6,20.0
374,False,2.6,1.781385228784985,2.0,2.75,73.33333333333333,83.33333333333334,83.33333333333334,11,36.666666666666664,8,26.666666666666668,3,10.0,3,10.0,0,0.0,5,16.666666666666664,1.9333333333333333,1.5040685563571303,1.0,1.0,90.0,90.0,90.0,17,56.666666666666664,7,23.333333333333332,3,10.0,0,0.0,0,0.0,3,10.0,2.1,1.6802777548171413,1.0,1.75,86.66666666666667,86.66666666666667,86.66666666666667,17,56.666666666666664,5,16.666666666666664,4,13.333333333333334,0,0.0,0,0.0,4,13.333333333333334,2.6666666666666665,1.9550504398153572,2.0,3.0,70.0,76.66666666666667,80.0,13,43.333333333333336,6,20.0,2,6.666666666666667,2,6.666666666666667,1,3.3333333333333335,6,20.0
375,False,2.6,1.8184242262647807,2.0,2.0,80.0,80.0,80.0,10,33.33333333333333,10,33.33333333333333,4,13.333333333333334,0,0.0,0,0.0,6,20.0,2.0,1.591644851508443,1.0,1.0,86.66666666666667,86.66666666666667,90.0,17,56.666666666666664,7,23.333333333333332,2,6.666666666666667,0,0.0,1,3.3333333333333335,3,10.0,2.2,1.7009801096230766,1.0,1.75,80.0,83.33333333333334,90.0,16,53.333333333333336,6,20.0,2,6.666666666666667,1,3.3333333333333335,2,6.666666666666667,3,10.0,2.533333333333333,1.7838784213679537,2.0,2.0,76.66666666666667,80.0,86.66666666666667,13,43.333333333333336,5,16.666666666666664,5,16.666666666666664,1,3.3333333333333335,2,6.666666666666667,4,13.333333333333334
376,False,2.9,1.9035055380358978,2.0,3.0,63.33333333333333,76.66666666666667,80.0,10,33.33333333333333,7,23.333333333333332,2,6.666666666666667,4,13.333333333333334,1,3.3333333333333335,6,20.0,2.3,1.8466185312619388,1.0,1.75,76.66666666666667,83.33333333333334,83.33333333333334,16,53.333333333333336,6,20.0,1,3.3333333333333335,2,6.666666666666667,0,0.0,5,16.666666666666664,2.466666666666667,1.961858529274955,1.0,2.75,73.33333333333333,80.0,80.0,16,53.333333333333336,4,13.333333333333334,2,6.666666666666667,2,6.666666666666667,0,0.0,6,20.0,2.966666666666667,2.1367160680716464,2.0,5.0,63.33333333333333,70.0,70.0,12,40.0,6,20.0,1,3.3333333333333335,2,6.666666666666667,0,0.0,9,30.0
377,False,2.7666666666666666,1.7829438827088442,2.0,2.75,66.66666666666666,80.0,83.33333333333334,8,26.666666666666668,12,40.0,0,0.0,4,13.333333333333334,1,3.3333333333333335,5,16.666666666666664,2.3333333333333335,1.699673171197595,2.0,2.0,76.66666666666667,83.33333333333334,90.0,14,46.666666666666664,7,23.333333333333332,2,6.666666666666667,2,6.666666666666667,2,6.666666666666667,3,10.0,2.566666666666667,1.891795149821695,2.0,3.0,70.0,80.0,83.33333333333334,14,46.666666666666664,5,16.666666666666664,2,6.666666666666667,3,10.0,1,3.3333333333333335,5,16.666666666666664,2.8666666666666667,1.8926759422104522,2.0,3.75,70.0,73.33333333333333,80.0,9,30.0,9,30.0,3,10.0,1,3.3333333333333335,2,6.666666666666667,6,20.0
378,False,2.6666666666666665,1.7950549357115013,2.0,2.75,73.33333333333333,80.0,83.33333333333334,10,33.33333333333333,9,30.0,3,10.0,2,6.666666666666667,1,3.3333333333333335,5,16.666666666666664,1.9666666666666666,1.6829207415152452,1.0,1.0,86.66666666666667,86.66666666666667,86.66666666666667,19,63.33333333333333,5,16.666666666666664,2,6.666666666666667,0,0.0,0,0.0,4,13.333333333333334,2.2,1.8511257835886428,1.0,1.75,80.0,83.33333333333334,83.33333333333334,18,60.0,4,13.333333333333334,2,6.666666666666667,1,3.3333333333333335,0,0.0,5,16.666666666666664,2.8666666666666667,2.0773915267843845,2.0,4.75,70.0,70.0,73.33333333333333,12,40.0,6,20.0,3,10.0,0,0.0,1,3.3333333333333335,8,26.666666666666668
379,False,2.4,1.5832456116050555,2.0,2.0,86.66666666666667,86.66666666666667,86.66666666666667,10,33.33333333333333,10,33.33333333333333,6,20.0,0,0.0,0,0.0,4,13.333333333333334,2.1666666666666665,1.7336538165261124,1.0,1.0,83.33333333333334,83.33333333333334,86.66666666666667,16,53.333333333333336,7,23.333333333333332,2,6.666666666666667,0,0.0,1,3.3333333333333335,4,13.333333333333334,2.1333333333333333,1.687865186822955,1.0,1.0,83.33333333333334,86.66666666666667,86.66666666666667,16,53.333333333333336,7,23.333333333333332,2,6.666666666666667,1,3.3333333333333335,0,0.0,4,13.333333333333334,2.8666666666666667,1.9955506062794355,2.0,4.5,70.0,73.33333333333333,73.33333333333333,9,30.0,11,36.666666666666664,1,3.3333333333333335,1,3.3333333333333335,0,0.0,8,26.666666666666668
380,False,2.466666666666667,1.7269111795984824,2.0,2.75,73.33333333333333,86.66666666666667,86.66666666666667,13,43.333333333333336,6,20.0,3,10.0,4,13.333333333333334,0,0.0,4,13.333333333333334,2.2666666666666666,1.6918103387266028,1.5,2.0,83.33333333333334,86.66666666666667,86.66666666666667,15,50.0,5,16.666666666666664,5,16.666666666666664,1,3.3333333333333335,0,0.0,4,13.333333333333334,2.3333333333333335,1.6193277068654823,2.0,2.0,80.0,86.66666666666667,90.0,13,43.333333333333336,7,23.333333333333332,4,13.333333333333334,2,6.666666666666667,1,3.3333333333333335,3,10.0,2.7333333333333334,1.8785337071473829,2.0,3.0,70.0,76.66666666666667,83.33333333333334,12,40.0,5,16.666666666666664,4,13.333333333333334,2,6.666666666666667,2,6.666666666666667,5,16.666666666666664
381,True,2.533333333333333,1.6275407487644937,2.0,2.0,80.0,83.33333333333334,90.0,11,36.666666666666664,6,20.0,7,23.333333333333332,1,3.3333333333333335,2,6.666666666666667,3,10.0,2.2333333333333334,1.5849991237291654,1.5,2.0,80.0,86.66666666666667,93.33333333333333,15,50.0,5,16.666666666666664,4,13.333333333333334,2,6.666666666666667,2,6.666666666666667,2,6.666666666666667,2.3333333333333335,1.679947089113887,2.0,2.0,80.0,83.33333333333334,90.0,14,46.666666666666664,6,20.0,4,13.333333333333334,1,3.3333333333333335,2,6.666666666666667,3,10.0,2.7333333333333334,1.7876116903722563,2.0,3.0,70.0,83.33333333333334,83.33333333333334,11,36.666666666666664,5,16.666666666666664,5,16.666666666666664,4,13.333333333333334,0,0.0,5,16.666666666666664
382,False,2.033333333333333,1.6428295373802144,1.0,1.0,86.66666666666667,86.66666666666667,86.66666666666667,16,53.333333333333336,9,30.0,1,3.3333333333333335,0,0.0,0,0.0,4,13.333333333333334,1.8333333333333333,1.4851112939963644,1.0,1.0,90.0,90.0,90.0,18,60.0,8,26.666666666666668,1,3.3333333333333335,0,0.0,0,0.0,3,10.0,1.9333333333333333,1.5477582354991866,1.0,1.0,86.66666666666667,90.0,90.0,18,60.0,6,20.0,2,6.666666666666667,1,3.3333333333333335,0,0.0,3,10.0,2.1666666666666665,1.7143187827498387,1.0,1.0,80.0,86.66666666666667,86.66666666666667,16,53.333333333333336,7,23.333333333333332,1,3.3333333333333335,2,6.666666666666667,0,0.0,4,13.333333333333334
383,False,2.4,1.854723699099141,2.0,1.75,76.66666666666667,80.0,83.33333333333334,14,46.666666666666664,8,26.666666666666668,1,3.3333333333333335,1,3.3333333333333335,1,3.3333333333333335,5,16.666666666666664,2.1333333333333333,1.7269111795984824,1.0,1.0,83.33333333333334,83.33333333333334,86.66666666666667,16,53.333333333333336,8,26.666666666666668,1,3.3333333333333335,0,0.0,1,3.3333333333333335,4,13.333333333333334,2.3,1.8101565309847285,1.5,1.75,80.0,83.33333333333334,83.33333333333334,15,50.0,7,23.333333333333332,2,6.666666666666667,1,3.3333333333333335,0,0.0,5,16.666666666666664,2.3,1.69607389776114,2.0,1.75,83.33333333333334,83.33333333333334,86.66666666666667,13,43.333333333333336,9,30.0,3,10.0,0,0.0,1,3.3333333333333335,4,13.333333333333334
384,False,2.6333333333333333,1.8705317128797598,2.0,2.0,76.66666666666667,80.0,80.0,12,40.0,6,20.0,5,16.666666666666664,1,3.3333333333333335,0,0.0,6,20.0,2.2666666666666666,1.7499206331208919,1.5,1.75,80.0,83.33333333333334,86.66666666666667,15,50.0,7,23.333333333333332,2,6.666666666666667,1,3.3333333333333335,1,3.3333333333333335,4,13.333333333333334,2.3333333333333335,1.679947089113887,2.0,2.0,80.0,86.66666666666667,86.66666666666667,13,43.333333333333336,8,26.666666666666668,3,10.0,2,6.666666666666667,0,0.0,4,13.333333333333334,2.566666666666667,1.6669999666733315,2.0,2.0,76.66666666666667,86.66666666666667,86.66666666666667,11,36.666666666666664,6,20.0,6,20.0,3,10.0,0,0.0,4,13.333333333333334
385,False,3.0,1.9148542155126762,2.5,3.75,63.33333333333333,73.33333333333333,80.0,10,33.33333333333333,5,16.666666666666664,4,13.333333333333334,3,10.0,2,6.666666666666667,6,20.0,2.1,1.885912687975418,1.0,1.75,80.0,83.33333333333334,83.33333333333334,21,70.0,1,3.3333333333333335,2,6.666666666666667,1,3.3333333333333335,0,0.0,5,16.666666666666664,2.566666666666667,2.0765890836230025,1.0,3.75,70.0,73.33333333333333,80.0,18,60.0,0,0.0,3,10.0,1,3.3333333333333335,2,6.666666666666667,6,20.0,3.206896551724138,2.2495870938344953,3.0,5.0,51.724137931034484,62.06896551724138,68.96551724137932,14,48.275862068965516,0,0.0,1,3.4482758620689653,3,10.344827586206897,2,6.896551724137931,9,31.03448275862069
386,False,2.566666666666667,1.7065234314893605,2.0,2.0,76.66666666666667,83.33333333333334,86.66666666666667,11,36.666666666666664,7,23.333333333333332,5,16.666666666666664,2,6.666666666666667,1,3.3333333333333335,4,13.333333333333334,2.2333333333333334,1.7641491496532322,1.0,1.75,80.0,83.33333333333334,86.66666666666667,16,53.333333333333336,6,20.0,2,6.666666666666667,1,3.3333333333333335,1,3.3333333333333335,4,13.333333333333334,2.3666666666666667,1.7220788470785986,1.5,2.0,76.66666666666667,83.33333333333334,90.0,15,50.0,4,13.333333333333334,4,13.333333333333334,2,6.666666666666667,2,6.666666666666667,3,10.0,2.566666666666667,1.8015425489162216,2.0,2.75,73.33333333333333,80.0,86.66666666666667,13,43.333333333333336,5,16.666666666666664,4,13.333333333333334,2,6.666666666666667,2,6.666666666666667,4,13.333333333333334
387,True,2.3,1.4866068747318506,2.0,1.0,86.66666666666667,86.66666666666667,90.0,9,30.0,14,46.666666666666664,3,10.0,0,0.0,1,3.3333333333333335,3,10.0,2.066666666666667,1.569146972791976,1.5,1.0,86.66666666666667,86.66666666666667,90.0,15,50.0,9,30.0,2,6.666666666666667,0,0.0,1,3.3333333333333335,3,10.0,2.2333333333333334,1.7259457954666158,1.5,1.75,83.33333333333334,83.33333333333334,86.66666666666667,15,50.0,7,23.333333333333332,3,10.0,0,0.0,1,3.3333333333333335,4,13.333333333333334,2.5,1.8027756377319946,2.0,2.0,80.0,80.0,83.33333333333334,12,40.0,8,26.666666666666668,4,13.333333333333334,0,0.0,1,3.3333333333333335,5,16.666666666666664
388,False,2.933333333333333,1.8607047649270485,2.0,2.5,73.33333333333333,76.66666666666667,76.66666666666667,8,26.666666666666668,8,26.666666666666668,6,20.0,1,3.3333333333333335,0,0.0,7,23.333333333333332,2.433333333333333,2.0604745947367453,1.0,2.5,73.33333333333333,76.66666666666667,76.66666666666667,17,56.666666666666664,5,16.666666666666664,0,0.0,1,3.3333333333333335,0,0.0,7,23.333333333333332,2.4,1.8366636418607882,1.5,2.0,76.66666666666667,83.33333333333334,83.33333333333334,15,50.0,5,16.666666666666664,3,10.0,2,6.666666666666667,0,0.0,5,16.666666666666664,3.0,1.9321835661585918,2.0,3.75,66.66666666666666,73.33333333333333,76.66666666666667,9,30.0,7,23.333333333333332,4,13.333333333333334,2,6.666666666666667,1,3.3333333333333335,7,23.333333333333332
389,False,2.7333333333333334,1.671991493864594,2.0,2.75,70.0,83.33333333333334,86.66666666666667,8,26.666666666666668,10,33.33333333333333,3,10.0,4,13.333333333333334,1,3.3333333333333335,4,13.333333333333334,2.1,1.491084616423003,1.5,1.75,83.33333333333334,90.0,93.33333333333333,15,50.0,7,23.333333333333332,3,10.0,2,6.666666666666667,1,3.3333333333333335,2,6.666666666666667,2.3,1.7916472867168918,1.5,1.75,80.0,80.0,86.66666666666667,15,50.0,7,23.333333333333332,2,6.666666666666667,0,0.0,2,6.666666666666667,4,13.333333333333334,2.3,1.508862706367503,2.0,2.0,86.66666666666667,90.0,90.0,12,40.0,7,23.333333333333332,7,23.333333333333332,1,3.3333333333333335,0,0.0,3,10.0
390,False,2.8,1.851125783588643,2.0,2.75,73.33333333333333,76.66666666666667,80.0,9,30.0,9,30.0,4,13.333333333333334,1,3.3333333333333335,1,3.3333333333333335,6,20.0,2.2333333333333334,1.7829438827088444,1.0,1.0,76.66666666666667,83.33333333333334,86.66666666666667,16,53.333333333333336,7,23.333333333333332,0,0.0,2,6.666666666666667,1,3.3333333333333335,4,13.333333333333334,2.5,1.9450792614526877,1.5,3.0,70.0,76.66666666666667,83.33333333333334,15,50.0,6,20.0,0,0.0,2,6.666666666666667,2,6.666666666666667,5,16.666666666666664,2.8333333333333335,2.00138840697041,2.0,3.75,66.66666666666666,73.33333333333333,76.66666666666667,11,36.666666666666664,8,26.666666666666668,1,3.3333333333333335,2,6.666666666666667,1,3.3333333333333335,7,23.333333333333332
391,True,2.7333333333333334,1.8785337071473829,2.0,3.0,66.66666666666666,80.0,83.33333333333334,13,43.333333333333336,3,10.0,4,13.333333333333334,4,13.333333333333334,1,3.3333333333333335,5,16.666666666666664,1.9,1.535143858622594,1.0,1.0,90.0,90.0,90.0,19,63.33333333333333,4,13.333333333333334,4,13.333333333333334,0,0.0,0,0.0,3,10.0,2.033333333333333,1.6224124698183944,1.0,1.75,86.66666666666667,86.66666666666667,90.0,18,60.0,4,13.333333333333334,4,13.333333333333334,0,0.0,1,3.3333333333333335,3,10.0,2.1,1.3988090172238192,1.0,2.0,83.33333333333334,93.33333333333333,96.66666666666667,16,53.333333333333336,3,10.0,6,20.0,3,10.0,1,3.3333333333333335,1,3.3333333333333335
392,False,2.533333333333333,1.7838784213679537,2.0,2.0,80.0,83.33333333333334,83.33333333333334,13,43.333333333333336,4,13.333333333333334,7,23.333333333333332,1,3.3333333333333335,0,0.0,5,16.666666666666664,2.1666666666666665,1.827262676488766,1.0,1.75,83.33333333333334,83.33333333333334,83.33333333333334,18,60.0,4,13.333333333333334,3,10.0,0,0.0,0,0.0,5,16.666666666666664,2.3333333333333335,1.8135294011647256,1.0,2.0,76.66666666666667,83.33333333333334,86.66666666666667,17,56.666666666666664,2,6.666666666666667,4,13.333333333333334,2,6.666666666666667,1,3.3333333333333335,4,13.333333333333334,2.6333333333333333,2.008039397577204,1.5,3.5,73.33333333333333,73.33333333333333,80.0,15,50.0,3,10.0,4,13.333333333333334,0,0.0,2,6.666666666666667,6,20.0
393,False,2.6333333333333333,1.7220788470785986,2.0,2.0,76.66666666666667,83.33333333333334,83.33333333333334,9,30.0,10,33.33333333333333,4,13.333333333333334,2,6.666666666666667,0,0.0,5,16.666666666666664,2.3,1.7916472867168918,2.0,1.0,80.0,83.33333333333334,83.33333333333334,14,46.666666666666664,9,30.0,1,3.3333333333333335,1,3.3333333333333335,0,0.0,5,16.666666666666664,2.4,1.8000000000000003,2.0,1.75,76.66666666666667,83.33333333333334,83.33333333333334,13,43.333333333333336,9,30.0,1,3.3333333333333335,2,6.666666666666667,0,0.0,5,16.666666666666664,2.8333333333333335,2.0013884069704098,2.0,3.75,66.66666666666666,73.33333333333333,76.66666666666667,11,36.666666666666664,8,26.666666666666668,1,3.3333333333333335,2,6.666666666666667,1,3.3333333333333335,7,23.333333333333332
394,False,2.7,1.6155494421403513,2.0,1.0,76.66666666666667,83.33333333333334,86.66666666666667,7,23.333333333333332,11,36.666666666666664,5,16.666666666666664,2,6.666666666666667,1,3.3333333333333335,4,13.333333333333334,2.3,1.8284784202536635,1.0,2.0,80.0,83.33333333333334,83.33333333333334,16,53.333333333333336,5,16.666666666666664,3,10.0,1,3.3333333333333335,0,0.0,5,16.666666666666664,2.5,1.875277757204694,1.5,2.75,73.33333333333333,76.66666666666667,86.66666666666667,15,50.0,4,13.333333333333334,3,10.0,1,3.3333333333333335,3,10.0,4,13.333333333333334,3.033333333333333,1.9232495649002208,2.0,3.75,70.0,70.0,76.66666666666667,8,26.666666666666668,8,26.666666666666668,5,16.666666666666664,0,0.0,2,6.666666666666667,7,23.333333333333332
395,False,2.2666666666666666,1.4817407180595248,2.0,2.0,86.66666666666667,90.0,90.0,11,36.666666666666664,10,33.33333333333333,5,16.666666666666664,1,3.3333333333333335,0,0.0,3,10.0,1.8333333333333333,1.3682917167849196,1.0,1.0,90.0,93.33333333333333,93.33333333333333,18,60.0,6,20.0,3,10.0,1,3.3333333333333335,0,0.0,2,6.666666666666667,1.9333333333333333,1.2092238098144703,1.5,1.75,90.0,96.66666666666667,96.66666666666667,15,50.0,7,23.333333333333332,5,16.666666666666664,2,6.666666666666667,0,0.0,1,3.3333333333333335,2.8333333333333335,1.984663419547226,2.0,3.75,70.0,73.33333333333333,76.66666666666667,11,36.666666666666664,7,23.333333333333332,3,10.0,1,3.3333333333333335,1,3.3333333333333335,7,23.333333333333332
396,False,2.2,1.6812693617224657,1.5,1.75,83.33333333333334,86.66666666666667,86.66666666666667,15,50.0,7,23.333333333333332,3,10.0,1,3.3333333333333335,0,0.0,4,13.333333333333334,1.8333333333333333,1.2931443160847216,1.0,1.0,86.66666666666667,93.33333333333333,96.66666666666667,17,56.666666666666664,8,26.666666666666668,1,3.3333333333333335,2,6.666666666666667,1,3.3333333333333335,1,3.3333333333333335,2.2,1.6812693617224654,1.5,1.75,83.33333333333334,86.66666666666667,86.66666666666667,15,50.0,7,23.333333333333332,3,10.0,1,3.3333333333333335,0,0.0,4,13.333333333333334,2.3666666666666667,1.7792008193443358,2.0,2.5,73.33333333333333,83.33333333333334,86.66666666666667,14,46.666666666666664,8,26.666666666666668,0,0.0,3,10.0,1,3.3333333333333335,4,13.333333333333334
397,False,2.966666666666667,1.8162843634433705,2.0,1.75,73.33333333333333,76.66666666666667,76.66666666666667,6,20.0,11,36.666666666666664,5,16.666666666666664,1,3.3333333333333335,0,0.0,7,23.333333333333332,2.466666666666667,1.8749814813900316,2.0,2.0,80.0,80.0,80.0,13,43.333333333333336,8,26.666666666666668,3,10.0,0,0.0,0,0.0,6,20.0,2.8,1.9899748742132402,2.0,3.0,66.66666666666666,76.66666666666667,76.66666666666667,12,40.0,6,20.0,2,6.666666666666667,3,10.0,0,0.0,7,23.333333333333332,3.1666666666666665,1.8988300491501484,3.0,3.5,60.0,73.33333333333333,76.66666666666667,8,26.666666666666668,6,20.0,4,13.333333333333334,4,13.333333333333334,1,3.3333333333333335,7,23.333333333333332
398,True,2.033333333333333,1.4487542541400487,2.0,1.0,90.0,90.0,90.0,13,43.333333333333336,12,40.0,2,6.666666666666667,0,0.0,0,0.0,3,10.0,1.9333333333333333,1.5040685563571303,1.0,1.0,86.66666666666667,90.0,90.0,16,53.333333333333336,10,33.33333333333333,0,0.0,1,3.3333333333333335,0,0.0,3,10.0,2.2666666666666666,1.7113996870657915,2.0,1.0,76.66666666666667,86.66666666666667,86.66666666666667,14,46.666666666666664,9,30.0,0,0.0,3,10.0,0,0.0,4,13.333333333333334,2.1333333333333333,1.4544949486180951,2.0,1.75,80.0,93.33333333333333,93.33333333333333,14,46.666666666666664,8,26.666666666666668,2,6.666666666666667,4,13.333333333333334,0,0.0,2,6.666666666666667
399,False,3.466666666666667,1.7269111795984824,3.0,3.0,63.33333333333333,66.66666666666666,76.66666666666667,3,10.0,8,26.666666666666668,8,26.666666666666668,1,3.3333333333333335,3,10.0,7,23.333333333333332,2.466666666666667,1.5648926125740672,2.0,2.0,76.66666666666667,86.66666666666667,93.33333333333333,12,40.0,5,16.666666666666664,6,20.0,3,10.0,2,6.666666666666667,2,6.666666666666667,2.5,1.5,2.0,2.0,80.0,86.66666666666667,93.33333333333333,10,33.33333333333333,7,23.333333333333332,7,23.333333333333332,2,6.666666666666667,2,6.666666666666667,2,6.666666666666667,3.066666666666667,1.8061622912192088,3.0,2.75,66.66666666666666,76.66666666666667,80.0,8,26.666666666666668,5,16.666666666666664,7,23.333333333333332,3,10.0,1,3.3333333333333335,6,20.0
400,False,2.7333333333333334,1.8785337071473829,2.0,2.75,73.33333333333333,76.66666666666667,80.0,10,33.33333333333333,9,30.0,3,10.0,1,3.3333333333333335,1,3.3333333333333335,6,20.0,1.9666666666666666,1.6017351702311948,1.0,1.0,86.66666666666667,86.66666666666667,90.0,18,60.0,6,20.0,2,6.666666666666667,0,0.0,1,3.3333333333333335,3,10.0,2.2666666666666666,1.7113996870657915,1.5,2.0,80.0,86.66666666666667,86.66666666666667,15,50.0,6,20.0,3,10.0,2,6.666666666666667,0,0.0,4,13.333333333333334,2.8333333333333335,1.8811934746029948,2.0,3.75,66.66666666666666,73.33333333333333,83.33333333333334,10,33.33333333333333,8,26.666666666666668,2,6.666666666666667,2,6.666666666666667,3,10.0,5,16.666666666666664
401,False,2.533333333333333,1.8749814813900312,2.0,2.0,76.66666666666667,76.66666666666667,83.33333333333334,13,43.333333333333336,7,23.333333333333332,3,10.0,0,0.0,2,6.666666666666667,5,16.666666666666664,2.1333333333333333,1.687865186822955,1.0,1.75,83.33333333333334,83.33333333333334,90.0,17,56.666666666666664,5,16.666666666666664,3,10.0,0,0.0,2,6.666666666666667,3,10.0,2.3666666666666667,1.8162843634433703,1.5,2.0,76.66666666666667,80.0,86.66666666666667,15,50.0,6,20.0,2,6.666666666666667,1,3.3333333333333335,2,6.666666666666667,4,13.333333333333334,2.433333333333333,1.8740923729160797,1.5,2.0,76.66666666666667,80.0,83.33333333333334,15,50.0,5,16.666666666666664,3,10.0,1,3.3333333333333335,1,3.3333333333333335,5,16.666666666666664
402,False,2.6,1.7243356208503418,2.0,2.0,80.0,83.33333333333334,83.33333333333334,10,33.33333333333333,8,26.666666666666668,6,20.0,1,3.3333333333333335,0,0.0,5,16.666666666666664,2.1,1.619670748434179,1.0,1.75,80.0,90.0,90.0,17,56.666666666666664,5,16.666666666666664,2,6.666666666666667,3,10.0,0,0.0,3,10.0,2.2666666666666666,1.730767331432956,1.5,2.0,83.33333333333334,83.33333333333334,86.66666666666667,15,50.0,6,20.0,4,13.333333333333334,0,0.0,1,3.3333333333333335,4,13.333333333333334,2.3666666666666667,1.834545054108935,1.5,2.0,76.66666666666667,83.33333333333334,83.33333333333334,15,50.0,6,20.0,2,6.666666666666667,2,6.666666666666667,0,0.0,5,16.666666666666664
403,False,2.2666666666666666,1.590248058916875,2.0,2.0,83.33333333333334,86.66666666666667,90.0,13,43.333333333333336,8,26.666666666666668,4,13.333333333333334,1,3.3333333333333335,1,3.3333333333333335,3,10.0,1.8,1.3759844960366863,1.0,1.0,90.0,93.33333333333333,93.33333333333333,19,63.33333333333333,5,16.666666666666664,3,10.0,1,3.3333333333333335,0,0.0,2,6.666666666666667,1.9666666666666666,1.601735170231195,1.0,1.0,83.33333333333334,90.0,90.0,19,63.33333333333333,4,13.333333333333334,2,6.666666666666667,2,6.666666666666667,0,0.0,3,10.0,2.2,1.6206994374857624,1.5,2.0,83.33333333333334,86.66666666666667,90.0,15,50.0,6,20.0,4,13.333333333333334,1,3.3333333333333335,1,3.3333333333333335,3,10.0
404,False,2.566666666666667,1.5638272140986533,2.0,0.75,76.66666666666667,86.66666666666667,86.66666666666667,6,20.0,16,53.333333333333336,1,3.3333333333333335,3,10.0,0,0.0,4,13.333333333333334,2.3,1.8101565309847285,1.5,1.75,80.0,83.33333333333334,83.33333333333334,15,50.0,7,23.333333333333332,2,6.666666666666667,1,3.3333333333333335,0,0.0,5,16.666666666666664,2.3333333333333335,1.6599866130651642,2.0,1.75,80.0,86.66666666666667,86.66666666666667,12,40.0,10,33.33333333333333,2,6.666666666666667,2,6.666666666666667,0,0.0,4,13.333333333333334,2.933333333333333,2.0483055327649624,2.0,4.5,63.33333333333333,73.33333333333333,73.33333333333333,11,36.666666666666664,7,23.333333333333332,1,3.3333333333333335,3,10.0,0,0.0,8,26.666666666666668
405,False,2.966666666666667,1.6224124698183944,3.0,2.0,70.0,80.0,86.66666666666667,6,20.0,8,26.666666666666668,7,23.333333333333332,3,10.0,2,6.666666666666667,4,13.333333333333334,2.2,1.5577761927397231,2.0,2.0,83.33333333333334,90.0,90.0,14,46.666666666666664,7,23.333333333333332,4,13.333333333333334,2,6.666666666666667,0,0.0,3,10.0,2.3,1.6563010998406458,2.0,2.0,83.33333333333334,86.66666666666667,86.66666666666667,13,43.333333333333336,8,26.666666666666668,4,13.333333333333334,1,3.3333333333333335,0,0.0,4,13.333333333333334,2.5,1.6683325008322931,2.0,2.0,80.0,86.66666666666667,86.66666666666667,12,40.0,5,16.666666666666664,7,23.333333333333332,2,6.666666666666667,0,0.0,4,13.333333333333334
406,False,2.9,1.9891371663780923,2.0,4.25,73.33333333333333,73.33333333333333,73.33333333333333,10,33.33333333333333,7,23.333333333333332,5,16.666666666666664,0,0.0,0,0.0,8,26.666666666666668,2.2,1.7587874611030558,1.0,2.0,80.0,86.66666666666667,86.66666666666667,18,60.0,2,6.666666666666667,4,13.333333333333334,2,6.666666666666667,0,0.0,4,13.333333333333334,2.3666666666666667,1.8162843634433703,1.0,2.75,73.33333333333333,83.33333333333334,86.66666666666667,16,53.333333333333336,4,13.333333333333334,2,6.666666666666667,3,10.0,1,3.3333333333333335,4,13.333333333333334,2.6,1.818424226264781,2.0,2.75,73.33333333333333,83.33333333333334,83.33333333333334,13,43.333333333333336,4,13.333333333333334,5,16.666666666666664,3,10.0,0,0.0,5,16.666666666666664
407,False,2.6333333333333333,1.682920741515245,2.0,1.75,80.0,83.33333333333334,83.33333333333334,8,26.666666666666668,11,36.666666666666664,5,16.666666666666664,1,3.3333333333333335,0,0.0,5,16.666666666666664,2.0,1.7320508075688772,1.0,1.0,83.33333333333334,86.66666666666667,86.66666666666667,20,66.66666666666666,3,10.0,2,6.666666666666667,1,3.3333333333333335,0,0.0,4,13.333333333333334,2.1333333333333333,1.7074997966487597,1.0,1.75,83.33333333333334,86.66666666666667,86.66666666666667,17,56.666666666666664,5,16.666666666666664,3,10.0,1,3.3333333333333335,0,0.0,4,13.333333333333334,2.6,1.8726095873584188,2.0,2.75,73.33333333333333,76.66666666666667,83.33333333333334,12,40.0,8,26.666666666666668,2,6.666666666666667,1,3.3333333333333335,2,6.666666666666667,5,16.666666666666664
408,False,2.466666666666667,1.627540748764494,2.0,2.0,80.0,86.66666666666667,86.66666666666667,10,33.33333333333333,10,33.33333333333333,4,13.333333333333334,2,6.666666666666667,0,0.0,4,13.333333333333334,1.9,1.3503086067019396,1.0,1.0,90.0,93.33333333333333,93.33333333333333,16,53.333333333333336,8,26.666666666666668,3,10.0,1,3.3333333333333335,0,0.0,2,6.666666666666667,2.066666666666667,1.3888444437333107,2.0,1.75,86.66666666666667,93.33333333333333,93.33333333333333,14,46.666666666666664,8,26.666666666666668,4,13.333333333333334,2,6.666666666666667,0,0.0,2,6.666666666666667,2.4,1.624807680927192,2.0,2.75,73.33333333333333,90.0,90.0,13,43.333333333333336,6,20.0,3,10.0,5,16.666666666666664,0,0.0,3,10.0
409,True,2.6666666666666665,1.776388345929897,2.0,2.75,73.33333333333333,83.33333333333334,83.33333333333334,11,36.666666666666664,6,20.0,5,16.666666666666664,3,10.0,0,0.0,5,16.666666666666664,2.066666666666667,1.4360439485692011,1.5,1.75,83.33333333333334,93.33333333333333,93.33333333333333,15,50.0,7,23.333333333333332,3,10.0,3,10.0,0,0.0,2,6.666666666666667,2.2333333333333334,1.5205992970609392,2.0,2.0,80.0,90.0,93.33333333333333,14,46.666666666666664,6,20.0,4,13.333333333333334,3,10.0,1,3.3333333333333335,2,6.666666666666667,2.5,1.648231375343482,2.0,2.75,73.33333333333333,86.66666666666667,90.0,12,40.0,6,20.0,4,13.333333333333334,4,13.333333333333334,1,3.3333333333333335,3,10.0
410,True,1.8666666666666667,1.0561986345169907,2.0,1.0,90.0,96.66666666666667,100.0,14,46.666666666666664,10,33.33333333333333,3,10.0,2,6.666666666666667,1,3.3333333333333335,0,0.0,1.8666666666666667,1.384035966135113,1.0,1.0,86.66666666666667,93.33333333333333,93.33333333333333,17,56.666666666666664,8,26.666666666666668,1,3.3333333333333335,2,6.666666666666667,0,0.0,2,6.666666666666667,1.8333333333333333,1.1571036638473189,1.0,1.0,93.33333333333333,96.66666666666667,96.66666666666667,16,53.333333333333336,7,23.333333333333332,5,16.666666666666664,1,3.3333333333333335,0,0.0,1,3.3333333333333335,2.7,1.9000000000000001,2.0,3.0,66.66666666666666,80.0,83.33333333333334,14,46.666666666666664,2,6.666666666666667,4,13.333333333333334,4,13.333333333333334,1,3.3333333333333335,5,16.666666666666664
411,False,2.6,1.5832456116050557,2.0,1.75,80.0,86.66666666666667,86.66666666666667,8,26.666666666666668,10,33.33333333333333,6,20.0,2,6.666666666666667,0,0.0,4,13.333333333333334,2.033333333333333,1.5162087220725546,1.5,1.0,86.66666666666667,90.0,90.0,15,50.0,9,30.0,2,6.666666666666667,1,3.3333333333333335,0,0.0,3,10.0,2.3333333333333335,1.8135294011647258,1.5,2.0,80.0,83.33333333333334,83.33333333333334,15,50.0,6,20.0,3,10.0,1,3.3333333333333335,0,0.0,5,16.666666666666664,2.8333333333333335,1.8988300491501484,2.0,2.75,73.33333333333333,76.66666666666667,76.66666666666667,9,30.0,9,30.0,4,13.333333333333334,1,3.3333333333333335,0,0.0,7,23.333333333333332
412,False,3.1333333333333333,1.6878651868229553,3.0,2.0,66.66666666666666,76.66666666666667,83.33333333333334,6,20.0,6,20.0,8,26.666666666666668,3,10.0,2,6.666666666666667,5,16.666666666666664,2.533333333333333,1.7269111795984824,2.0,2.0,76.66666666666667,80.0,86.66666666666667,10,33.33333333333333,11,36.666666666666664,2,6.666666666666667,1,3.3333333333333335,2,6.666666666666667,4,13.333333333333334,2.8,1.869046102516825,2.0,2.75,73.33333333333333,76.66666666666667,80.0,10,33.33333333333333,7,23.333333333333332,5,16.666666666666664,1,3.3333333333333335,1,3.3333333333333335,6,20.0,3.1,1.8138357147217055,3.0,2.75,66.66666666666666,73.33333333333333,80.0,7,23.333333333333332,7,23.333333333333332,6,20.0,2,6.666666666666667,2,6.666666666666667,6,20.0
413,False,2.3,1.6155494421403513,2.0,2.0,80.0,86.66666666666667,90.0,13,43.333333333333336,8,26.666666666666668,3,10.0,2,6.666666666666667,1,3.3333333333333335,3,10.0,2.033333333333333,1.7220788470785986,1.0,1.0,83.33333333333334,86.66666666666667,86.66666666666667,19,63.33333333333333,4,13.333333333333334,2,6.666666666666667,1,3.3333333333333335,0,0.0,4,13.333333333333334,2.1,1.7,1.0,1.0,83.33333333333334,86.66666666666667,86.66666666666667,17,56.666666666666664,6,20.0,2,6.666666666666667,1,3.3333333333333335,0,0.0,4,13.333333333333334,3.1333333333333333,2.2320892057044275,2.0,5.0,60.0,63.33333333333333,66.66666666666666,13,43.333333333333336,3,10.0,2,6.666666666666667,1,3.3333333333333335,1,3.3333333333333335,10,33.33333333333333
414,False,2.966666666666667,1.8526257642120336,2.5,3.0,66.66666666666666,76.66666666666667,80.0,9,30.0,6,20.0,5,16.666666666666664,3,10.0,1,3.3333333333333335,6,20.0,2.3,1.7540429489230491,1.0,2.0,76.66666666666667,86.66666666666667,86.66666666666667,16,53.333333333333336,4,13.333333333333334,3,10.0,3,10.0,0,0.0,4,13.333333333333334,2.4,1.7625738755203049,1.5,2.75,73.33333333333333,86.66666666666667,86.66666666666667,15,50.0,4,13.333333333333334,3,10.0,4,13.333333333333334,0,0.0,4,13.333333333333334,2.8666666666666667,1.9275776393067947,2.0,3.75,63.33333333333333,73.33333333333333,83.33333333333334,12,40.0,4,13.333333333333334,3,10.0,3,10.0,3,10.0,5,16.666666666666664
415,False,2.4,1.4047538337136984,2.0,2.0,86.66666666666667,90.0,93.33333333333333,10,33.33333333333333,7,23.333333333333332,9,30.0,1,3.3333333333333335,1,3.3333333333333335,2,6.666666666666667,2.1333333333333333,1.7269111795984824,1.0,2.0,83.33333333333334,86.66666666666667,86.66666666666667,18,60.0,3,10.0,4,13.333333333333334,1,3.3333333333333335,0,0.0,4,13.333333333333334,2.4,1.854723699099141,1.0,2.0,76.66666666666667,83.33333333333334,83.33333333333334,16,53.333333333333336,3,10.0,4,13.333333333333334,2,6.666666666666667,0,0.0,5,16.666666666666664,2.8333333333333335,1.8811934746029948,2.0,3.75,70.0,73.33333333333333,83.33333333333334,11,36.666666666666664,5,16.666666666666664,5,16.666666666666664,1,3.3333333333333335,3,10.0,5,16.666666666666664
416,True,2.3333333333333335,1.4681810363696828,2.0,2.0,80.0,90.0,93.33333333333333,11,36.666666666666664,9,30.0,4,13.333333333333334,3,10.0,1,3.3333333333333335,2,6.666666666666667,2.0,1.390443574307614,2.0,1.0,90.0,90.0,93.33333333333333,14,46.666666666666664,10,33.33333333333333,3,10.0,0,0.0,1,3.3333333333333335,2,6.666666666666667,2.2,1.6613247725836149,2.0,1.0,83.33333333333334,86.66666666666667,86.66666666666667,14,46.666666666666664,9,30.0,2,6.666666666666667,1,3.3333333333333335,0,0.0,4,13.333333333333334,2.7333333333333334,1.8785337071473829,2.0,3.0,70.0,80.0,80.0,11,36.666666666666664,7,23.333333333333332,3,10.0,3,10.0,0,0.0,6,20.0
417,False,2.3666666666666667,1.7220788470785986,2.0,2.0,80.0,80.0,90.0,14,46.666666666666664,6,20.0,4,13.333333333333334,0,0.0,3,10.0,3,10.0,1.9,1.7194960502038574,1.0,0.75,86.66666666666667,86.66666666666667,86.66666666666667,22,73.33333333333333,1,3.3333333333333335,3,10.0,0,0.0,0,0.0,4,13.333333333333334,2.2333333333333334,1.8015425489162211,1.0,2.0,76.66666666666667,80.0,90.0,18,60.0,3,10.0,2,6.666666666666667,1,3.3333333333333335,3,10.0,3,10.0,2.7,2.0999999999999996,1.5,4.0,70.0,70.0,76.66666666666667,15,50.0,4,13.333333333333334,2,6.666666666666667,0,0.0,2,6.666666666666667,7,23.333333333333332
418,False,2.3333333333333335,1.5986105077709065,2.0,2.0,80.0,86.66666666666667,90.0,12,40.0,9,30.0,3,10.0,2,6.666666666666667,1,3.3333333333333335,3,10.0,2.033333333333333,1.601735170231195,1.0,1.0,80.0,86.66666666666667,93.33333333333333,18,60.0,5,16.666666666666664,1,3.3333333333333335,2,6.666666666666667,2,6.666666666666667,2,6.666666666666667,2.2,1.7962924780409972,1.0,2.0,80.0,83.33333333333334,86.66666666666667,18,60.0,3,10.0,3,10.0,1,3.3333333333333335,1,3.3333333333333335,4,13.333333333333334,2.7,1.985782801147531,2.0,3.0,66.66666666666666,76.66666666666667,80.0,14,46.666666666666664,4,13.333333333333334,2,6.666666666666667,3,10.0,1,3.3333333333333335,6,20.0
419,False,2.9,1.7578395831246947,2.0,1.75,73.33333333333333,80.0,80.0,7,23.333333333333332,9,30.0,6,20.0,2,6.666666666666667,0,0.0,6,20.0,2.5,1.8211717839530315,2.0,2.75,73.33333333333333,80.0,86.66666666666667,14,46.666666666666664,5,16.666666666666664,3,10.0,2,6.666666666666667,2,6.666666666666667,4,13.333333333333334,2.433333333333333,1.6265163865007801,2.0,2.0,76.66666666666667,86.66666666666667,90.0,12,40.0,7,23.333333333333332,4,13.333333333333334,3,10.0,1,3.3333333333333335,3,10.0,2.7666666666666666,1.9779338265529063,2.0,3.75,63.33333333333333,73.33333333333333,83.33333333333334,14,46.666666666666664,3,10.0,2,6.666666666666667,3,10.0,3,10.0,5,16.666666666666664
420,False,2.4,1.624807680927192,2.0,2.0,83.33333333333334,86.66666666666667,86.66666666666667,11,36.666666666666664,9,30.0,5,16.666666666666664,1,3.3333333333333335,0,0.0,4,13.333333333333334,2.1333333333333333,1.6478942792411033,1.0,1.0,80.0,86.66666666666667,90.0,16,53.333333333333336,7,23.333333333333332,1,3.3333333333333335,2,6.666666666666667,1,3.3333333333333335,3,10.0,2.2666666666666666,1.7113996870657915,1.5,2.0,80.0,86.66666666666667,86.66666666666667,15,50.0,6,20.0,3,10.0,2,6.666666666666667,0,0.0,4,13.333333333333334,2.7,1.7729448195962934,2.0,3.0,70.0,80.0,86.66666666666667,11,36.666666666666664,6,20.0,4,13.333333333333334,3,10.0,2,6.666666666666667,4,13.333333333333334
421,True,2.5,1.6072751268321592,2.0,2.0,76.66666666666667,86.66666666666667,90.0,11,36.666666666666664,7,23.333333333333332,5,16.666666666666664,3,10.0,1,3.3333333333333335,3,10.0,1.9333333333333333,1.412641340027806,1.0,1.0,83.33333333333334,93.33333333333333,93.33333333333333,16,53.333333333333336,9,30.0,0,0.0,3,10.0,0,0.0,2,6.666666666666667,2.0,1.5491933384829668,1.0,1.0,83.33333333333334,90.0,90.0,16,53.333333333333336,9,30.0,0,0.0,2,6.666666666666667,0,0.0,3,10.0,2.7666666666666666,1.856220772310114,2.0,3.0,70.0,76.66666666666667,83.33333333333334,11,36.666666666666664,6,20.0,4,13.333333333333334,2,6.666666666666667,2,6.666666666666667,5,16.666666666666664
422,False,2.433333333333333,1.7451520150277902,2.0,2.0,80.0,80.0,86.66666666666667,12,40.0,9,30.0,3,10.0,0,0.0,2,6.666666666666667,4,13.333333333333334,2.066666666666667,1.590248058916875,1.0,1.0,80.0,86.66666666666667,93.33333333333333,17,56.666666666666664,6,20.0,1,3.3333333333333335,2,6.666666666666667,2,6.666666666666667,2,6.666666666666667,2.1333333333333333,1.6478942792411033,1.0,1.0,80.0,86.66666666666667,90.0,16,53.333333333333336,7,23.333333333333332,1,3.3333333333333335,2,6.666666666666667,1,3.3333333333333335,3,10.0,2.533333333333333,1.9618585292749549,1.5,3.5,73.33333333333333,73.33333333333333,83.33333333333334,15,50.0,5,16.666666666666664,2,6.666666666666667,0,0.0,3,10.0,5,16.666666666666664
423,True,2.3,1.530795000427338,2.0,2.0,86.66666666666667,86.66666666666667,90.0,11,36.666666666666664,10,33.33333333333333,5,16.666666666666664,0,0.0,1,3.3333333333333335,3,10.0,2.033333333333333,1.6224124698183944,1.0,1.0,83.33333333333334,86.66666666666667,90.0,17,56.666666666666664,7,23.333333333333332,1,3.3333333333333335,1,3.3333333333333335,1,3.3333333333333335,3,10.0,2.1,1.5989579940281942,1.0,1.75,86.66666666666667,86.66666666666667,90.0,16,53.333333333333336,6,20.0,4,13.333333333333334,0,0.0,1,3.3333333333333335,3,10.0,2.6,1.9252705437591535,2.0,3.0,70.0,76.66666666666667,83.33333333333334,14,46.666666666666664,5,16.666666666666664,2,6.666666666666667,2,6.666666666666667,2,6.666666666666667,5,16.666666666666664
424,False,3.2666666666666666,1.6316317667360556,3.0,2.0,66.66666666666666,76.66666666666667,80.0,3,10.0,9,30.0,8,26.666666666666668,3,10.0,1,3.3333333333333335,6,20.0,2.7,1.7729448195962934,2.0,2.0,76.66666666666667,80.0,83.33333333333334,10,33.33333333333333,7,23.333333333333332,6,20.0,1,3.3333333333333335,1,3.3333333333333335,5,16.666666666666664,2.933333333333333,1.7876116903722563,2.0,2.75,66.66666666666666,76.66666666666667,83.33333333333334,8,26.666666666666668,8,26.666666666666668,4,13.333333333333334,3,10.0,2,6.666666666666667,5,16.666666666666664,3.3666666666666667,1.8526257642120336,3.0,3.0,60.0,66.66666666666666,76.66666666666667,6,20.0,6,20.0,6,20.0,2,6.666666666666667,3,10.0,7,23.333333333333332
425,False,2.533333333333333,1.4544949486180956,2.0,1.0,83.33333333333334,86.66666666666667,90.0,6,20.0,14,46.666666666666664,5,16.666666666666664,1,3.3333333333333335,1,3.3333333333333335,3,10.0,2.3333333333333335,1.8318175552045448,2.0,1.0,80.0,80.0,83.33333333333334,14,46.666666666666664,9,30.0,1,3.3333333333333335,0,0.0,1,3.3333333333333335,5,16.666666666666664,2.3666666666666667,1.7413277182145301,2.0,1.75,83.33333333333334,83.33333333333334,83.33333333333334,12,40.0,10,33.33333333333333,3,10.0,0,0.0,0,0.0,5,16.666666666666664,2.7666666666666666,1.9779338265529063,2.0,3.5,73.33333333333333,73.33333333333333,76.66666666666667,11,36.666666666666664,8,26.666666666666668,3,10.0,0,0.0,1,3.3333333333333335,7,23.333333333333332
426,False,2.7333333333333334,1.7688665548562132,2.0,2.75,73.33333333333333,80.0,83.33333333333334,9,30.0,9,30.0,4,13.333333333333334,2,6.666666666666667,1,3.3333333333333335,5,16.666666666666664,2.3333333333333335,1.699673171197595,2.0,2.0,76.66666666666667,83.33333333333334,90.0,14,46.666666666666664,7,23.333333333333332,2,6.666666666666667,2,6.666666666666667,2,6.666666666666667,3,10.0,2.6,1.8726095873584185,2.0,3.0,70.0,80.0,83.33333333333334,13,43.333333333333336,6,20.0,2,6.666666666666667,3,10.0,1,3.3333333333333335,5,16.666666666666664,3.2333333333333334,2.0278614899006837,2.5,4.75,63.33333333333333,66.66666666666666,70.0,8,26.666666666666668,7,23.333333333333332,4,13.333333333333334,1,3.3333333333333335,1,3.3333333333333335,9,30.0
427,False,2.3,1.7349351572897471,2.0,1.75,80.0,83.33333333333334,86.66666666666667,14,46.666666666666664,8,26.666666666666668,2,6.666666666666667,1,3.3333333333333335,1,3.3333333333333335,4,13.333333333333334,2.1666666666666665,1.9677962857527254,1.0,1.0,80.0,80.0,80.0,20,66.66666666666666,3,10.0,1,3.3333333333333335,0,0.0,0,0.0,6,20.0,2.1333333333333333,1.7074997966487597,1.0,1.75,83.33333333333334,86.66666666666667,86.66666666666667,17,56.666666666666664,5,16.666666666666664,3,10.0,1,3.3333333333333335,0,0.0,4,13.333333333333334,2.533333333333333,2.1561282171728307,1.0,4.25,73.33333333333333,73.33333333333333,73.33333333333333,18,60.0,2,6.666666666666667,2,6.666666666666667,0,0.0,0,0.0,8,26.666666666666668
428,False,2.7333333333333334,1.6519348924485155,2.0,1.0,76.66666666666667,80.0,86.66666666666667,7,23.333333333333332,11,36.666666666666664,5,16.666666666666664,1,3.3333333333333335,2,6.666666666666667,4,13.333333333333334,2.1,1.5132745950421556,2.0,1.0,86.66666666666667,90.0,90.0,14,46.666666666666664,9,30.0,3,10.0,1,3.3333333333333335,0,0.0,3,10.0,2.2333333333333334,1.6669999666733317,2.0,1.75,83.33333333333334,86.66666666666667,86.66666666666667,14,46.666666666666664,8,26.666666666666668,3,10.0,1,3.3333333333333335,0,0.0,4,13.333333333333334,2.8333333333333335,1.827262676488766,2.0,3.0,70.0,80.0,80.0,9,30.0,8,26.666666666666668,4,13.333333333333334,3,10.0,0,0.0,6,20.0
429,False,2.7,1.676305461424021,2.0,2.75,73.33333333333333,83.33333333333334,86.66666666666667,9,30.0,8,26.666666666666668,5,16.666666666666664,3,10.0,1,3.3333333333333335,4,13.333333333333334,2.2333333333333334,1.856220772310114,1.0,2.0,80.0,83.33333333333334,83.33333333333334,18,60.0,3,10.0,3,10.0,1,3.3333333333333335,0,0.0,5,16.666666666666664,2.3666666666666667,1.834545054108935,1.0,2.0,76.66666666666667,80.0,86.66666666666667,16,53.333333333333336,4,13.333333333333334,3,10.0,1,3.3333333333333335,2,6.666666666666667,4,13.333333333333334,2.933333333333333,2.0805982045769644,2.0,4.75,66.66666666666666,70.0,73.33333333333333,12,40.0,5,16.666666666666664,3,10.0,1,3.3333333333333335,1,3.3333333333333335,8,26.666666666666668
430,True,2.5,1.6072751268321592,2.0,2.0,76.66666666666667,83.33333333333334,90.0,9,30.0,12,40.0,2,6.666666666666667,2,6.666666666666667,2,6.666666666666667,3,10.0,2.3,1.6360521589077368,2.0,2.0,80.0,86.66666666666667,90.0,14,46.666666666666664,6,20.0,4,13.333333333333334,2,6.666666666666667,1,3.3333333333333335,3,10.0,2.433333333333333,1.7451520150277897,2.0,2.0,76.66666666666667,83.33333333333334,86.66666666666667,13,43.333333333333336,7,23.333333333333332,3,10.0,2,6.666666666666667,1,3.3333333333333335,4,13.333333333333334,2.7333333333333334,1.8607047649270485,2.0,2.75,73.33333333333333,76.66666666666667,83.33333333333334,12,40.0,4,13.333333333333334,6,20.0,1,3.3333333333333335,2,6.666666666666667,5,16.666666666666664
431,False,2.566666666666667,1.8917951498216947,2.0,2.75,73.33333333333333,80.0,80.0,12,40.0,9,30.0,1,3.3333333333333335,2,6.666666666666667,0,0.0,6,20.0,2.1333333333333333,1.7269111795984824,1.0,1.75,80.0,83.33333333333334,90.0,18,60.0,4,13.333333333333334,2,6.666666666666667,1,3.3333333333333335,2,6.666666666666667,3,10.0,2.3333333333333335,1.8499249234015478,1.0,2.0,76.66666666666667,83.33333333333334,83.33333333333334,16,53.333333333333336,5,16.666666666666664,2,6.666666666666667,2,6.666666666666667,0,0.0,5,16.666666666666664,2.6333333333333333,1.9058389811897074,2.0,2.75,73.33333333333333,80.0,80.0,13,43.333333333333336,5,16.666666666666664,4,13.333333333333334,2,6.666666666666667,0,0.0,6,20.0
432,False,2.3666666666666667,1.7220788470785986,2.0,2.0,80.0,83.33333333333334,86.66666666666667,13,43.333333333333336,8,26.666666666666668,3,10.0,1,3.3333333333333335,1,3.3333333333333335,4,13.333333333333334,1.9666666666666666,1.7792008193443356,1.0,0.75,80.0,86.66666666666667,86.66666666666667,22,73.33333333333333,1,3.3333333333333335,1,3.3333333333333335,2,6.666666666666667,0,0.0,4,13.333333333333334,2.2333333333333334,1.9093337988826249,1.0,1.0,76.66666666666667,80.0,83.33333333333334,18,60.0,5,16.666666666666664,0,0.0,1,3.3333333333333335,1,3.3333333333333335,5,16.666666666666664,2.7,2.035517952102937,2.0,3.0,66.66666666666666,76.66666666666667,76.66666666666667,14,46.666666666666664,5,16.666666666666664,1,3.3333333333333335,3,10.0,0,0.0,7,23.333333333333332
433,False,2.466666666666667,1.8024674446127702,2.0,2.5,73.33333333333333,83.33333333333334,83.33333333333334,12,40.0,10,33.33333333333333,0,0.0,3,10.0,0,0.0,5,16.666666666666664,2.2,1.7397317800933185,1.0,1.0,76.66666666666667,86.66666666666667,86.66666666666667,16,53.333333333333336,7,23.333333333333332,0,0.0,3,10.0,0,0.0,4,13.333333333333334,2.433333333333333,1.8740923729160797,1.5,2.0,76.66666666666667,80.0,83.33333333333334,15,50.0,5,16.666666666666664,3,10.0,1,3.3333333333333335,1,3.3333333333333335,5,16.666666666666664,2.533333333333333,1.839081896551163,2.0,2.75,73.33333333333333,80.0,83.33333333333334,12,40.0,9,30.0,1,3.3333333333333335,2,6.666666666666667,1,3.3333333333333335,5,16.666666666666664
434,False,2.533333333333333,1.687865186822955,2.0,2.0,80.0,83.33333333333334,86.66666666666667,11,36.666666666666664,7,23.333333333333332,6,20.0,1,3.3333333333333335,1,3.3333333333333335,4,13.333333333333334,2.2333333333333334,1.6868774571839993,1.5,1.75,80.0,83.33333333333334,90.0,15,50.0,7,23.333333333333332,2,6.666666666666667,1,3.3333333333333335,2,6.666666666666667,3,10.0,2.433333333333333,1.8015425489162213,2.0,2.0,76.66666666666667,83.33333333333334,83.33333333333334,13,43.333333333333336,8,26.666666666666668,2,6.666666666666667,2,6.666666666666667,0,0.0,5,16.666666666666664,3.3,1.9519221295943137,3.0,3.75,60.0,66.66666666666666,73.33333333333333,7,23.333333333333332,7,23.333333333333332,4,13.333333333333334,2,6.666666666666667,2,6.666666666666667,8,26.666666666666668
435,False,2.6666666666666665,1.7575235101952091,2.0,2.0,76.66666666666667,80.0,83.33333333333334,9,30.0,10,33.33333333333333,4,13.333333333333334,1,3.3333333333333335,1,3.3333333333333335,5,16.666666666666664,2.4,1.9252705437591533,1.0,2.0,80.0,80.0,80.0,16,53.333333333333336,4,13.333333333333334,4,13.333333333333334,0,0.0,0,0.0,6,20.0,2.6,1.9765289440498126,1.5,2.75,73.33333333333333,76.66666666666667,80.0,15,50.0,3,10.0,4,13.333333333333334,1,3.3333333333333335,1,3.3333333333333335,6,20.0,2.8,1.7009801096230763,2.0,2.5,73.33333333333333,83.33333333333334,83.33333333333334,8,26.666666666666668,8,26.666666666666668,6,20.0,3,10.0,0,0.0,5,16.666666666666664
436,False,2.2666666666666666,1.5477582354991866,2.0,2.0,86.66666666666667,86.66666666666667,90.0,12,40.0,9,30.0,5,16.666666666666664,0,0.0,1,3.3333333333333335,3,10.0,1.8333333333333333,1.3186693629901656,1.0,1.0,93.33333333333333,93.33333333333333,93.33333333333333,17,56.666666666666664,7,23.333333333333332,4,13.333333333333334,0,0.0,0,0.0,2,6.666666666666667,1.9666666666666666,1.5162087220725544,1.0,1.0,90.0,90.0,90.0,17,56.666666666666664,6,20.0,4,13.333333333333334,0,0.0,0,0.0,3,10.0,2.566666666666667,1.8199511592958264,2.0,2.0,76.66666666666667,80.0,83.33333333333334,12,40.0,7,23.333333333333332,4,13.333333333333334,1,3.3333333333333335,1,3.3333333333333335,5,16.666666666666664
437,False,2.933333333333333,1.7499206331208919,2.0,2.0,70.0,80.0,80.0,6,20.0,11,36.666666666666664,4,13.333333333333334,3,10.0,0,0.0,6,20.0,2.3666666666666667,1.682920741515245,2.0,2.0,80.0,86.66666666666667,86.66666666666667,13,43.333333333333336,7,23.333333333333332,4,13.333333333333334,2,6.666666666666667,0,0.0,4,13.333333333333334,2.433333333333333,1.6468825769380833,2.0,2.0,80.0,86.66666666666667,86.66666666666667,11,36.666666666666664,9,30.0,4,13.333333333333334,2,6.666666666666667,0,0.0,4,13.333333333333334,2.5,1.5864005379054391,2.0,2.0,76.66666666666667,86.66666666666667,90.0,10,33.33333333333333,9,30.0,4,13.333333333333334,3,10.0,1,3.3333333333333335,3,10.0
438,False,2.6333333333333333,1.6428295373802142,2.0,1.0,83.33333333333334,83.33333333333334,83.33333333333334,7,23.333333333333332,12,40.0,6,20.0,0,0.0,0,0.0,5,16.666666666666664,2.1,1.6603212540549697,1.0,1.0,80.0,86.66666666666667,90.0,17,56.666666666666664,6,20.0,1,3.3333333333333335,2,6.666666666666667,1,3.3333333333333335,3,10.0,2.3333333333333335,1.699673171197595,2.0,2.0,80.0,86.66666666666667,86.66666666666667,14,46.666666666666664,6,20.0,4,13.333333333333334,2,6.666666666666667,0,0.0,4,13.333333333333334,2.8333333333333335,2.0507451220362696,2.0,4.0,66.66666666666666,70.0,76.66666666666667,12,40.0,7,23.333333333333332,1,3.3333333333333335,1,3.3333333333333335,2,6.666666666666667,7,23.333333333333332
439,False,2.466666666666667,1.4996295838935991,2.0,2.0,80.0,86.66666666666667,93.33333333333333,10,33.33333333333333,8,26.666666666666668,6,20.0,2,6.666666666666667,2,6.666666666666667,2,6.666666666666667,2.1,1.7194960502038572,1.0,1.0,80.0,86.66666666666667,86.66666666666667,17,56.666666666666664,7,23.333333333333332,0,0.0,2,6.666666666666667,0,0.0,4,13.333333333333334,2.066666666666667,1.5691469727919762,1.0,1.0,83.33333333333334,90.0,90.0,16,53.333333333333336,7,23.333333333333332,2,6.666666666666667,2,6.666666666666667,0,0.0,3,10.0,2.7333333333333334,1.9988885800753269,2.0,3.0,66.66666666666666,76.66666666666667,76.66666666666667,12,40.0,8,26.666666666666668,0,0.0,3,10.0,0,0.0,7,23.333333333333332
440,False,2.8,1.7962924780409977,2.0,2.5,73.33333333333333,80.0,80.0,8,26.666666666666668,10,33.33333333333333,4,13.333333333333334,2,6.666666666666667,0,0.0,6,20.0,2.3,1.8284784202536635,1.0,2.75,73.33333333333333,83.33333333333334,86.66666666666667,17,56.666666666666664,4,13.333333333333334,1,3.3333333333333335,3,10.0,1,3.3333333333333335,4,13.333333333333334,2.3333333333333335,1.7575235101952091,1.5,2.75,73.33333333333333,86.66666666666667,86.66666666666667,15,50.0,6,20.0,1,3.3333333333333335,4,13.333333333333334,0,0.0,4,13.333333333333334,3.2666666666666666,2.0805982045769644,2.5,5.0,60.0,63.33333333333333,70.0,9,30.0,6,20.0,3,10.0,1,3.3333333333333335,2,6.666666666666667,9,30.0
441,False,2.7,1.9689252567496478,2.0,2.0,76.66666666666667,76.66666666666667,76.66666666666667,13,43.333333333333336,4,13.333333333333334,6,20.0,0,0.0,0,0.0,7,23.333333333333332,2.2666666666666666,1.8785337071473829,1.0,1.75,80.0,80.0,83.33333333333334,17,56.666666666666664,5,16.666666666666664,2,6.666666666666667,0,0.0,1,3.3333333333333335,5,16.666666666666664,2.4,1.854723699099141,1.5,2.0,76.66666666666667,76.66666666666667,86.66666666666667,15,50.0,6,20.0,2,6.666666666666667,0,0.0,3,10.0,4,13.333333333333334,2.8333333333333335,1.9677962857527254,2.0,4.0,63.33333333333333,70.0,83.33333333333334,12,40.0,6,20.0,1,3.3333333333333335,2,6.666666666666667,4,13.333333333333334,5,16.666666666666664
442,False,2.933333333333333,1.6918103387266028,2.0,2.0,70.0,80.0,83.33333333333334,6,20.0,10,33.33333333333333,5,16.666666666666664,3,10.0,1,3.3333333333333335,5,16.666666666666664,2.4,1.6852299546352716,2.0,2.0,76.66666666666667,83.33333333333334,90.0,13,43.333333333333336,7,23.333333333333332,3,10.0,2,6.666666666666667,2,6.666666666666667,3,10.0,2.5,1.6881943016134133,2.0,2.75,73.33333333333333,83.33333333333334,90.0,12,40.0,7,23.333333333333332,3,10.0,3,10.0,2,6.666666666666667,3,10.0,2.7333333333333334,1.7876116903722563,2.0,2.75,73.33333333333333,80.0,83.33333333333334,10,33.33333333333333,7,23.333333333333332,5,16.666666666666664,2,6.666666666666667,1,3.3333333333333335,5,16.666666666666664
443,False,2.4,1.5832456116050555,2.0,1.75,83.33333333333334,86.66666666666667,86.66666666666667,9,30.0,13,43.333333333333336,3,10.0,1,3.3333333333333335,0,0.0,4,13.333333333333334,2.033333333333333,1.5595583420386114,1.0,1.0,83.33333333333334,90.0,90.0,16,53.333333333333336,8,26.666666666666668,1,3.3333333333333335,2,6.666666666666667,0,0.0,3,10.0,2.2,1.6206994374857624,2.0,1.0,80.0,86.66666666666667,90.0,14,46.666666666666664,9,30.0,1,3.3333333333333335,2,6.666666666666667,1,3.3333333333333335,3,10.0,2.7,1.8645821694595994,2.0,3.0,70.0,76.66666666666667,83.33333333333334,11,36.666666666666664,8,26.666666666666668,2,6.666666666666667,2,6.666666666666667,2,6.666666666666667,5,16.666666666666664
444,False,2.1333333333333333,1.3349989596333858,2.0,1.0,86.66666666666667,93.33333333333333,93.33333333333333,11,36.666666666666664,12,40.0,3,10.0,2,6.666666666666667,0,0.0,2,6.666666666666667,1.9,1.3253930234714029,1.5,1.0,90.0,93.33333333333333,93.33333333333333,15,50.0,10,33.33333333333333,2,6.666666666666667,1,3.3333333333333335,0,0.0,2,6.666666666666667,2.3333333333333335,1.7950549357115013,2.0,1.75,80.0,83.33333333333334,83.33333333333334,14,46.666666666666664,8,26.666666666666668,2,6.666666666666667,1,3.3333333333333335,0,0.0,5,16.666666666666664,2.966666666666667,1.9232495649002208,2.0,4.0,66.66666666666666,70.0,80.0,9,30.0,8,26.666666666666668,3,10.0,1,3.3333333333333335,3,10.0,6,20.0
445,False,2.433333333333333,1.382831234179436,2.0,1.0,90.0,90.0,90.0,7,23.333333333333332,12,40.0,8,26.666666666666668,0,0.0,0,0.0,3,10.0,2.2666666666666666,1.9310331143946986,1.0,1.0,80.0,80.0,80.0,17,56.666666666666664,6,20.0,1,3.3333333333333335,0,0.0,0,0.0,6,20.0,2.3666666666666667,1.9405039437103846,1.0,1.75,76.66666666666667,80.0,80.0,16,53.333333333333336,6,20.0,1,3.3333333333333335,1,3.3333333333333335,0,0.0,6,20.0,2.933333333333333,1.896195020443719,2.5,3.75,70.0,73.33333333333333,80.0,10,33.33333333333333,5,16.666666666666664,6,20.0,1,3.3333333333333335,2,6.666666666666667,6,20.0
446,True,2.1666666666666665,1.6749792701868151,1.5,1.0,83.33333333333334,86.66666666666667,86.66666666666667,15,50.0,8,26.666666666666668,2,6.666666666666667,1,3.3333333333333335,0,0.0,4,13.333333333333334,1.8666666666666667,1.6069294390925266,1.0,1.0,86.66666666666667,86.66666666666667,90.0,20,66.66666666666666,5,16.666666666666664,1,3.3333333333333335,0,0.0,1,3.3333333333333335,3,10.0,1.9666666666666666,1.6428295373802142,1.0,1.0,83.33333333333334,86.66666666666667,90.0,19,63.33333333333333,5,16.666666666666664,1,3.3333333333333335,1,3.3333333333333335,1,3.3333333333333335,3,10.0,2.6333333333333333,1.9576062480034697,2.0,3.0,70.0,76.66666666666667,80.0,13,43.333333333333336,7,23.333333333333332,1,3.3333333333333335,2,6.666666666666667,1,3.3333333333333335,6,20.0
447,False,2.5,1.7272328544042153,2.0,2.0,83.33333333333334,83.33333333333334,83.33333333333334,11,36.666666666666664,8,26.666666666666668,6,20.0,0,0.0,0,0.0,5,16.666666666666664,2.1,1.374772708486752,2.0,1.75,86.66666666666667,93.33333333333333,93.33333333333333,13,43.333333333333336,9,30.0,4,13.333333333333334,2,6.666666666666667,0,0.0,2,6.666666666666667,2.433333333333333,1.7065234314893605,2.0,2.0,80.0,83.33333333333334,86.66666666666667,12,40.0,8,26.666666666666668,4,13.333333333333334,1,3.3333333333333335,1,3.3333333333333335,4,13.333333333333334,2.466666666666667,1.6679994670929073,2.0,2.0,76.66666666666667,86.66666666666667,86.66666666666667,11,36.666666666666664,9,30.0,3,10.0,3,10.0,0,0.0,4,13.333333333333334
448,False,2.6666666666666665,1.679947089113887,2.0,2.75,73.33333333333333,83.33333333333334,86.66666666666667,9,30.0,9,30.0,4,13.333333333333334,3,10.0,1,3.3333333333333335,4,13.333333333333334,2.2333333333333334,1.7065234314893603,1.0,2.0,80.0,83.33333333333334,90.0,16,53.333333333333336,5,16.666666666666664,3,10.0,1,3.3333333333333335,2,6.666666666666667,3,10.0,2.566666666666667,2.027861489900684,1.5,2.75,73.33333333333333,76.66666666666667,76.66666666666667,15,50.0,5,16.666666666666664,2,6.666666666666667,1,3.3333333333333335,0,0.0,7,23.333333333333332,2.9,1.9209372712298547,2.0,3.0,70.0,76.66666666666667,76.66666666666667,10,33.33333333333333,6,20.0,5,16.666666666666664,2,6.666666666666667,0,0.0,7,23.333333333333332
449,False,2.8333333333333335,1.7527755766846542,2.0,3.0,70.0,76.66666666666667,86.66666666666667,9,30.0,7,23.333333333333332,5,16.666666666666664,2,6.666666666666667,3,10.0,4,13.333333333333334,2.4,1.9078784028338913,1.5,2.0,80.0,80.0,80.0,15,50.0,6,20.0,3,10.0,0,0.0,0,0.0,6,20.0,2.8,2.0066555924389884,2.0,4.0,66.66666666666666,70.0,80.0,12,40.0,7,23.333333333333332,1,3.3333333333333335,1,3.3333333333333335,3,10.0,6,20.0,3.3,1.9519221295943137,3.0,3.75,60.0,66.66666666666666,73.33333333333333,7,23.333333333333332,7,23.333333333333332,4,13.333333333333334,2,6.666666666666667,2,6.666666666666667,8,26.666666666666668
450,True,2.7,1.5737428845483834,2.0,2.75,70.0,86.66666666666667,90.0,8,26.666666666666668,9,30.0,4,13.333333333333334,5,16.666666666666664,1,3.3333333333333335,3,10.0,1.9333333333333333,1.2364824660660938,2.0,1.0,90.0,93.33333333333333,96.66666666666667,14,46.666666666666664,10,33.33333333333333,3,10.0,1,3.3333333333333335,1,3.3333333333333335,1,3.3333333333333335,2.2666666666666666,1.7113996870657915,2.0,1.75,83.33333333333334,83.33333333333334,86.66666666666667,14,46.666666666666664,8,26.666666666666668,3,10.0,0,0.0,1,3.3333333333333335,4,13.333333333333334,2.8666666666666667,1.7838784213679537,2.0,2.75,70.0,76.66666666666667,83.33333333333334,8,26.666666666666668,9,30.0,4,13.333333333333334,2,6.666666666666667,2,6.666666666666667,5,16.666666666666664
451,False,2.0,1.4832396974191326,1.5,1.0,90.0,90.0,90.0,15,50.0,9,30.0,3,10.0,0,0.0,0,0.0,3,10.0,1.8333333333333333,1.5509853498842459,1.0,1.0,86.66666666666667,90.0,90.0,20,66.66666666666666,5,16.666666666666664,1,3.3333333333333335,1,3.3333333333333335,0,0.0,3,10.0,2.2,1.869046102516825,1.0,1.0,76.66666666666667,83.33333333333334,83.33333333333334,18,60.0,5,16.666666666666664,0,0.0,2,6.666666666666667,0,0.0,5,16.666666666666664,2.6666666666666665,2.1186998109427604,1.0,4.0,70.0,70.0,76.66666666666667,16,53.333333333333336,3,10.0,2,6.666666666666667,0,0.0,2,6.666666666666667,7,23.333333333333332
452,False,2.7333333333333334,1.6918103387266028,2.0,1.75,76.66666666666667,83.33333333333334,83.33333333333334,8,26.666666666666668,9,30.0,6,20.0,2,6.666666666666667,0,0.0,5,16.666666666666664,2.2333333333333334,1.5205992970609392,2.0,2.0,86.66666666666667,90.0,90.0,13,43.333333333333336,7,23.333333333333332,6,20.0,1,3.3333333333333335,0,0.0,3,10.0,2.433333333333333,1.6669999666733315,2.0,2.0,80.0,86.66666666666667,86.66666666666667,12,40.0,7,23.333333333333332,5,16.666666666666664,2,6.666666666666667,0,0.0,4,13.333333333333334,2.8666666666666667,1.8024674446127702,2.5,3.0,66.66666666666666,80.0,83.33333333333334,10,33.33333333333333,5,16.666666666666664,5,16.666666666666664,4,13.333333333333334,1,3.3333333333333335,5,16.666666666666664
453,False,2.466666666666667,1.6679994670929073,2.0,2.0,80.0,83.33333333333334,86.66666666666667,10,33.33333333333333,11,36.666666666666664,3,10.0,1,3.3333333333333335,1,3.3333333333333335,4,13.333333333333334,2.1666666666666665,1.8454147380888546,1.0,1.0,80.0,83.33333333333334,83.33333333333334,18,60.0,5,16.666666666666664,1,3.3333333333333335,1,3.3333333333333335,0,0.0,5,16.666666666666664,2.2666666666666666,1.8785337071473829,1.0,1.75,80.0,80.0,83.33333333333334,17,56.666666666666664,5,16.666666666666664,2,6.666666666666667,0,0.0,1,3.3333333333333335,5,16.666666666666664,2.533333333333333,1.839081896551163,2.0,3.0,70.0,83.33333333333334,83.33333333333334,13,43.333333333333336,7,23.333333333333332,1,3.3333333333333335,4,13.333333333333334,0,0.0,5,16.666666666666664
454,False,2.6333333333333333,1.7978382080215733,2.0,2.0,76.66666666666667,76.66666666666667,83.33333333333334,9,30.0,12,40.0,2,6.666666666666667,0,0.0,2,6.666666666666667,5,16.666666666666664,2.3,1.6960738977611403,2.0,1.75,83.33333333333334,83.33333333333334,86.66666666666667,13,43.333333333333336,9,30.0,3,10.0,0,0.0,1,3.3333333333333335,4,13.333333333333334,2.533333333333333,1.7074997966487597,2.0,2.0,80.0,80.0,86.66666666666667,10,33.33333333333333,10,33.33333333333333,4,13.333333333333334,0,0.0,2,6.666666666666667,4,13.333333333333334,3.1,2.0058248511107175,2.0,4.0,60.0,66.66666666666666,76.66666666666667,9,30.0,8,26.666666666666668,1,3.3333333333333335,2,6.666666666666667,3,10.0,7,23.333333333333332
455,False,3.033333333333333,2.008039397577204,2.0,4.5,63.33333333333333,73.33333333333333,73.33333333333333,10,33.33333333333333,6,20.0,3,10.0,3,10.0,0,0.0,8,26.666666666666668,2.466666666666667,1.8390818965511633,2.0,2.75,73.33333333333333,83.33333333333334,83.33333333333334,14,46.666666666666664,6,20.0,2,6.666666666666667,3,10.0,0,0.0,5,16.666666666666664,2.466666666666667,1.7838784213679537,2.0,2.75,73.33333333333333,83.33333333333334,86.66666666666667,14,46.666666666666664,5,16.666666666666664,3,10.0,3,10.0,1,3.3333333333333335,4,13.333333333333334,2.933333333333333,1.9136933459209768,2.5,3.0,63.33333333333333,76.66666666666667,80.0,11,36.666666666666664,4,13.333333333333334,4,13.333333333333334,4,13.333333333333334,1,3.3333333333333335,6,20.0
456,True,2.566666666666667,1.5849991237291654,2.0,2.0,76.66666666666667,80.0,93.33333333333333,9,30.0,10,33.33333333333333,4,13.333333333333334,1,3.3333333333333335,4,13.333333333333334,2,6.666666666666667,2.3,1.6155494421403511,2.0,2.0,80.0,86.66666666666667,90.0,13,43.333333333333336,8,26.666666666666668,3,10.0,2,6.666666666666667,1,3.3333333333333335,3,10.0,2.4,1.645195023900409,2.0,2.0,76.66666666666667,86.66666666666667,90.0,13,43.333333333333336,6,20.0,4,13.333333333333334,3,10.0,1,3.3333333333333335,3,10.0,2.8666666666666667,1.9955506062794355,2.0,3.75,66.66666666666666,73.33333333333333,76.66666666666667,11,36.666666666666664,7,23.333333333333332,2,6.666666666666667,2,6.666666666666667,1,3.3333333333333335,7,23.333333333333332
457,False,2.433333333333333,1.8562207723101138,1.5,2.0,80.0,80.0,83.33333333333334,15,50.0,4,13.333333333333334,5,16.666666666666664,0,0.0,1,3.3333333333333335,5,16.666666666666664,2.1,1.7,1.0,1.0,83.33333333333334,86.66666666666667,86.66666666666667,17,56.666666666666664,6,20.0,2,6.666666666666667,1,3.3333333333333335,0,0.0,4,13.333333333333334,2.4,1.9765289440498126,1.0,1.75,76.66666666666667,76.66666666666667,80.0,16,53.333333333333336,6,20.0,1,3.3333333333333335,0,0.0,1,3.3333333333333335,6,20.0,2.533333333333333,1.9955506062794355,2.0,2.0,76.66666666666667,76.66666666666667,76.66666666666667,14,46.666666666666664,7,23.333333333333332,2,6.666666666666667,0,0.0,0,0.0,7,23.333333333333332
458,True,2.6333333333333333,1.8162843634433703,2.0,2.0,80.0,80.0,80.0,10,33.33333333333333,9,30.0,5,16.666666666666664,0,0.0,0,0.0,6,20.0,2.066666666666667,1.5260697523012796,1.5,1.0,86.66666666666667,90.0,90.0,15,50.0,8,26.666666666666668,3,10.0,1,3.3333333333333335,0,0.0,3,10.0,2.4,1.854723699099141,1.5,2.75,73.33333333333333,83.33333333333334,83.33333333333334,15,50.0,6,20.0,1,3.3333333333333335,3,10.0,0,0.0,5,16.666666666666664,2.2666666666666666,1.6110727964792764,2.0,2.0,76.66666666666667,90.0,90.0,14,46.666666666666664,7,23.333333333333332,2,6.666666666666667,4,13.333333333333334,0,0.0,3,10.0
459,True,2.3666666666666667,1.6428295373802142,2.0,2.0,76.66666666666667,86.66666666666667,90.0,13,43.333333333333336,7,23.333333333333332,3,10.0,3,10.0,1,3.3333333333333335,3,10.0,2.066666666666667,1.5260697523012796,1.0,1.0,80.0,90.0,93.33333333333333,16,53.333333333333336,7,23.333333333333332,1,3.3333333333333335,3,10.0,1,3.3333333333333335,2,6.666666666666667,2.2666666666666666,1.6918103387266028,2.0,1.75,80.0,86.66666666666667,86.66666666666667,14,46.666666666666664,8,26.666666666666668,2,6.666666666666667,2,6.666666666666667,0,0.0,4,13.333333333333334,2.7333333333333334,1.965253729731157,2.0,3.0,66.66666666666666,76.66666666666667,80.0,13,43.333333333333336,5,16.666666666666664,2,6.666666666666667,3,10.0,1,3.3333333333333335,6,20.0
460,True,2.7666666666666666,1.7065234314893605,2.0,2.5,73.33333333333333,83.33333333333334,83.33333333333334,8,26.666666666666668,9,30.0,5,16.666666666666664,3,10.0,0,0.0,5,16.666666666666664,2.1333333333333333,1.6478942792411033,1.0,1.0,80.0,86.66666666666667,90.0,16,53.333333333333336,7,23.333333333333332,1,3.3333333333333335,2,6.666666666666667,1,3.3333333333333335,3,10.0,2.433333333333333,1.961008810677697,1.5,1.75,76.66666666666667,76.66666666666667,80.0,15,50.0,7,23.333333333333332,1,3.3333333333333335,0,0.0,1,3.3333333333333335,6,20.0,2.9,1.8321208111548395,2.0,3.0,63.33333333333333,76.66666666666667,83.33333333333334,9,30.0,8,26.666666666666668,2,6.666666666666667,4,13.333333333333334,2,6.666666666666667,5,16.666666666666664
461,True,2.3,1.6960738977611403,2.0,1.75,83.33333333333334,83.33333333333334,86.66666666666667,13,43.333333333333336,9,30.0,3,10.0,0,0.0,1,3.3333333333333335,4,13.333333333333334,1.9666666666666666,1.5162087220725544,1.0,1.0,90.0,90.0,90.0,17,56.666666666666664,6,20.0,4,13.333333333333334,0,0.0,0,0.0,3,10.0,2.0,1.5491933384829668,1.0,1.0,86.66666666666667,90.0,90.0,17,56.666666666666664,6,20.0,3,10.0,1,3.3333333333333335,0,0.0,3,10.0,2.1666666666666665,1.674979270186815,1.0,2.0,86.66666666666667,86.66666666666667,86.66666666666667,16,53.333333333333336,5,16.666666666666664,5,16.666666666666664,0,0.0,0,0.0,4,13.333333333333334
462,False,2.8666666666666667,1.9275776393067947,2.0,3.75,66.66666666666666,73.33333333333333,80.0,10,33.33333333333333,8,26.666666666666668,2,6.666666666666667,2,6.666666666666667,2,6.666666666666667,6,20.0,2.1,1.7767010628315238,1.0,1.75,83.33333333333334,83.33333333333334,86.66666666666667,19,63.33333333333333,3,10.0,3,10.0,0,0.0,1,3.3333333333333335,4,13.333333333333334,2.3333333333333335,1.9206480387850577,1.0,2.0,76.66666666666667,80.0,83.33333333333334,18,60.0,2,6.666666666666667,3,10.0,1,3.3333333333333335,1,3.3333333333333335,5,16.666666666666664,2.3,1.7916472867168918,1.0,2.0,76.66666666666667,83.33333333333334,86.66666666666667,16,53.333333333333336,5,16.666666666666664,2,6.666666666666667,2,6.666666666666667,1,3.3333333333333335,4,13.333333333333334
463,False,2.6,1.5620499351813308,2.0,2.5,73.33333333333333,86.66666666666667,90.0,8,26.666666666666668,11,36.666666666666664,3,10.0,4,13.333333333333334,1,3.3333333333333335,3,10.0,2.0,1.61245154965971,1.0,1.75,83.33333333333334,90.0,90.0,19,63.33333333333333,3,10.0,3,10.0,2,6.666666666666667,0,0.0,3,10.0,2.3333333333333335,1.86785676348292,1.0,2.0,80.0,80.0,83.33333333333334,16,53.333333333333336,5,16.666666666666664,3,10.0,0,0.0,1,3.3333333333333335,5,16.666666666666664,2.7666666666666666,1.9267128022157902,2.0,3.0,70.0,76.66666666666667,80.0,12,40.0,5,16.666666666666664,4,13.333333333333334,2,6.666666666666667,1,3.3333333333333335,6,20.0
464,False,2.8666666666666667,1.746106780494506,2.0,1.75,73.33333333333333,76.66666666666667,83.33333333333334,7,23.333333333333332,10,33.33333333333333,5,16.666666666666664,1,3.3333333333333335,2,6.666666666666667,5,16.666666666666664,2.4,1.9425069712444623,1.0,2.0,76.66666666666667,80.0,80.0,16,53.333333333333336,5,16.666666666666664,2,6.666666666666667,1,3.3333333333333335,0,0.0,6,20.0,2.8666666666666667,2.171532996653644,1.5,4.0,63.33333333333333,63.33333333333333,76.66666666666667,15,50.0,3,10.0,1,3.3333333333333335,0,0.0,4,13.333333333333334,7,23.333333333333332,2.933333333333333,2.031966753883756,2.0,4.0,63.33333333333333,70.0,76.66666666666667,11,36.666666666666664,7,23.333333333333332,1,3.3333333333333335,2,6.666666666666667,2,6.666666666666667,7,23.333333333333332
465,False,2.2333333333333334,1.7829438827088444,1.5,1.0,83.33333333333334,83.33333333333334,83.33333333333334,15,50.0,8,26.666666666666668,2,6.666666666666667,0,0.0,0,0.0,5,16.666666666666664,2.1666666666666665,1.790406533599438,1.0,1.75,80.0,83.33333333333334,86.66666666666667,18,60.0,4,13.333333333333334,2,6.666666666666667,1,3.3333333333333335,1,3.3333333333333335,4,13.333333333333334,2.566666666666667,2.011356645539412,1.5,3.5,73.33333333333333,73.33333333333333,80.0,15,50.0,5,16.666666666666664,2,6.666666666666667,0,0.0,2,6.666666666666667,6,20.0,2.6,1.9252705437591535,2.0,2.0,76.66666666666667,76.66666666666667,80.0,13,43.333333333333336,6,20.0,4,13.333333333333334,0,0.0,1,3.3333333333333335,6,20.0
466,False,2.6,1.4966629547095767,2.0,1.0,80.0,86.66666666666667,90.0,7,23.333333333333332,11,36.666666666666664,6,20.0,2,6.666666666666667,1,3.3333333333333335,3,10.0,2.466666666666667,1.892675942210452,1.5,2.75,73.33333333333333,80.0,83.33333333333334,15,50.0,5,16.666666666666664,2,6.666666666666667,2,6.666666666666667,1,3.3333333333333335,5,16.666666666666664,2.5,1.8211717839530315,2.0,2.0,76.66666666666667,83.33333333333334,83.33333333333334,14,46.666666666666664,4,13.333333333333334,5,16.666666666666664,2,6.666666666666667,0,0.0,5,16.666666666666664,3.0,1.8439088914585775,3.0,3.0,66.66666666666666,76.66666666666667,80.0,9,30.0,5,16.666666666666664,6,20.0,3,10.0,1,3.3333333333333335,6,20.0
467,False,2.466666666666667,1.7838784213679537,2.0,2.0,76.66666666666667,80.0,86.66666666666667,13,43.333333333333336,7,23.333333333333332,3,10.0,1,3.3333333333333335,2,6.666666666666667,4,13.333333333333334,2.066666666666667,1.4817407180595248,1.5,1.0,83.33333333333334,90.0,93.33333333333333,15,50.0,8,26.666666666666668,2,6.666666666666667,2,6.666666666666667,1,3.3333333333333335,2,6.666666666666667,2.1333333333333333,1.499629583893599,2.0,1.0,80.0,90.0,93.33333333333333,14,46.666666666666664,9,30.0,1,3.3333333333333335,3,10.0,1,3.3333333333333335,2,6.666666666666667,2.1666666666666665,1.6346933113652304,1.0,1.75,76.66666666666667,90.0,90.0,16,53.333333333333336,6,20.0,1,3.3333333333333335,4,13.333333333333334,0,0.0,3,10.0
468,False,2.6666666666666665,1.8318175552045448,2.0,3.0,70.0,80.0,83.33333333333334,11,36.666666666666664,8,26.666666666666668,2,6.666666666666667,3,10.0,1,3.3333333333333335,5,16.666666666666664,1.9,1.6603212540549697,1.0,1.0,86.66666666666667,86.66666666666667,86.66666666666667,19,63.33333333333333,7,23.333333333333332,0,0.0,0,0.0,0,0.0,4,13.333333333333334,2.066666666666667,1.7307673314329561,1.0,1.0,80.0,86.66666666666667,86.66666666666667,18,60.0,6,20.0,0,0.0,2,6.666666666666667,0,0.0,4,13.333333333333334,3.0,2.1291625896895083,2.0,5.0,66.66666666666666,66.66666666666666,70.0,11,36.666666666666664,7,23.333333333333332,2,6.666666666666667,0,0.0,1,3.3333333333333335,9,30.0
469,False,2.8333333333333335,1.790406533599438,2.0,2.5,73.33333333333333,80.0,80.0,8,26.666666666666668,9,30.0,5,16.666666666666664,2,6.666666666666667,0,0.0,6,20.0,2.0,1.390443574307614,1.5,1.0,86.66666666666667,93.33333333333333,93.33333333333333,15,50.0,8,26.666666666666668,3,10.0,2,6.666666666666667,0,0.0,2,6.666666666666667,2.2666666666666666,1.6110727964792761,1.5,2.0,76.66666666666667,86.66666666666667,93.33333333333333,15,50.0,5,16.666666666666664,3,10.0,3,10.0,2,6.666666666666667,2,6.666666666666667,2.533333333333333,1.80246744461277,2.0,3.0,70.0,83.33333333333334,86.66666666666667,14,46.666666666666664,4,13.333333333333334,3,10.0,4,13.333333333333334,1,3.3333333333333335,4,13.333333333333334
470,True,1.8333333333333333,1.097977939466707,2.0,1.0,93.33333333333333,96.66666666666667,96.66666666666667,14,46.666666666666664,11,36.666666666666664,3,10.0,1,3.3333333333333335,0,0.0,1,3.3333333333333335,2.033333333333333,1.7026123718829513,1.0,1.0,83.33333333333334,86.66666666666667,86.66666666666667,18,60.0,6,20.0,1,3.3333333333333335,1,3.3333333333333335,0,0.0,4,13.333333333333334,2.066666666666667,1.569146972791976,1.0,1.0,83.33333333333334,90.0,90.0,16,53.333333333333336,7,23.333333333333332,2,6.666666666666667,2,6.666666666666667,0,0.0,3,10.0,2.466666666666667,1.9447936194419764,1.5,2.75,73.33333333333333,80.0,80.0,15,50.0,6,20.0,1,3.3333333333333335,2,6.666666666666667,0,0.0,6,20.0
471,False,2.6666666666666665,1.5986105077709065,2.0,1.75,76.66666666666667,86.66666666666667,86.66666666666667,8,26.666666666666668,9,30.0,6,20.0,3,10.0,0,0.0,4,13.333333333333334,2.2666666666666666,1.4817407180595246,2.0,2.0,86.66666666666667,90.0,90.0,11,36.666666666666664,10,33.33333333333333,5,16.666666666666664,1,3.3333333333333335,0,0.0,3,10.0,2.3666666666666667,1.5380362660079103,2.0,2.0,83.33333333333334,86.66666666666667,90.0,10,33.33333333333333,11,36.666666666666664,4,13.333333333333334,1,3.3333333333333335,1,3.3333333333333335,3,10.0,2.8333333333333335,1.7336538165261124,2.0,2.5,73.33333333333333,80.0,83.33333333333334,8,26.666666666666668,8,26.666666666666668,6,20.0,2,6.666666666666667,1,3.3333333333333335,5,16.666666666666664
472,True,2.1666666666666665,1.5509853498842454,2.0,1.75,83.33333333333334,90.0,90.0,14,46.666666666666664,8,26.666666666666668,3,10.0,2,6.666666666666667,0,0.0,3,10.0,2.033333333333333,1.7026123718829513,1.0,1.75,86.66666666666667,86.66666666666667,86.66666666666667,19,63.33333333333333,3,10.0,4,13.333333333333334,0,0.0,0,0.0,4,13.333333333333334,1.9666666666666666,1.53803626600791,1.0,1.75,90.0,90.0,90.0,18,60.0,4,13.333333333333334,5,16.666666666666664,0,0.0,0,0.0,3,10.0,2.6,1.9252705437591535,2.0,2.0,76.66666666666667,76.66666666666667,80.0,13,43.333333333333336,6,20.0,4,13.333333333333334,0,0.0,1,3.3333333333333335,6,20.0
473,False,2.6333333333333333,1.9576062480034697,2.0,2.0,76.66666666666667,76.66666666666667,76.66666666666667,12,40.0,8,26.666666666666668,3,10.0,0,0.0,0,0.0,7,23.333333333333332,2.033333333333333,1.682920741515245,1.0,1.0,80.0,86.66666666666667,90.0,19,63.33333333333333,4,13.333333333333334,1,3.3333333333333335,2,6.666666666666667,1,3.3333333333333335,3,10.0,2.1666666666666665,1.790406533599438,1.0,1.0,83.33333333333334,83.33333333333334,83.33333333333334,16,53.333333333333336,8,26.666666666666668,1,3.3333333333333335,0,0.0,0,0.0,5,16.666666666666664,2.566666666666667,1.9610088106776968,1.5,3.0,66.66666666666666,76.66666666666667,83.33333333333334,15,50.0,5,16.666666666666664,0,0.0,3,10.0,2,6.666666666666667,5,16.666666666666664
474,True,2.2,1.3266499161421599,2.0,2.0,90.0,93.33333333333333,93.33333333333333,11,36.666666666666664,9,30.0,7,23.333333333333332,1,3.3333333333333335,0,0.0,2,6.666666666666667,1.8666666666666667,1.2036980056845192,1.0,2.0,93.33333333333333,96.66666666666667,96.66666666666667,17,56.666666666666664,4,13.333333333333334,7,23.333333333333332,1,3.3333333333333335,0,0.0,1,3.3333333333333335,2.0,1.3662601021279464,1.0,2.0,93.33333333333333,93.33333333333333,93.33333333333333,16,53.333333333333336,4,13.333333333333334,8,26.666666666666668,0,0.0,0,0.0,2,6.666666666666667,2.8333333333333335,1.93362066830309,2.0,3.0,66.66666666666666,76.66666666666667,80.0,12,40.0,4,13.333333333333334,4,13.333333333333334,3,10.0,1,3.3333333333333335,6,20.0
475,False,2.8666666666666667,1.8571184369578826,2.0,3.25,73.33333333333333,73.33333333333333,80.0,8,26.666666666666668,10,33.33333333333333,4,13.333333333333334,0,0.0,2,6.666666666666667,6,20.0,2.2333333333333334,1.5849991237291654,2.0,1.75,83.33333333333334,86.66666666666667,90.0,13,43.333333333333336,9,30.0,3,10.0,1,3.3333333333333335,1,3.3333333333333335,3,10.0,2.3,1.5524174696260022,2.0,2.0,80.0,86.66666666666667,93.33333333333333,13,43.333333333333336,7,23.333333333333332,4,13.333333333333334,2,6.666666666666667,2,6.666666666666667,2,6.666666666666667,2.6666666666666665,1.6193277068654823,2.0,3.0,70.0,80.0,93.33333333333333,9,30.0,9,30.0,3,10.0,3,10.0,4,13.333333333333334,2,6.666666666666667
476,False,2.466666666666667,1.5434449203720302,2.0,1.75,86.66666666666667,86.66666666666667,86.66666666666667,8,26.666666666666668,12,40.0,6,20.0,0,0.0,0,0.0,4,13.333333333333334,2.1666666666666665,1.4851112939963642,2.0,2.0,90.0,90.0,90.0,13,43.333333333333336,8,26.666666666666668,6,20.0,0,0.0,0,0.0,3,10.0,2.3,1.6360521589077368,2.0,1.75,83.33333333333334,86.66666666666667,86.66666666666667,12,40.0,10,33.33333333333333,3,10.0,1,3.3333333333333335,0,0.0,4,13.333333333333334,2.7333333333333334,1.8061622912192088,2.0,2.0,76.66666666666667,80.0,80.0,9,30.0,9,30.0,5,16.666666666666664,1,3.3333333333333335,0,0.0,6,20.0
477,False,2.8,1.6613247725836149,2.0,1.75,73.33333333333333,80.0,86.66666666666667,7,23.333333333333332,10,33.33333333333333,5,16.666666666666664,2,6.666666666666667,2,6.666666666666667,4,13.333333333333334,2.3,1.5088627063675035,2.0,2.0,83.33333333333334,90.0,90.0,11,36.666666666666664,10,33.33333333333333,4,13.333333333333334,2,6.666666666666667,0,0.0,3,10.0,2.4,1.6041612554021285,2.0,2.0,83.33333333333334,86.66666666666667,86.66666666666667,10,33.33333333333333,11,36.666666666666664,4,13.333333333333334,1,3.3333333333333335,0,0.0,4,13.333333333333334,2.9,1.8502252115170559,2.0,3.0,70.0,76.66666666666667,80.0,9,30.0,7,23.333333333333332,5,16.666666666666664,2,6.666666666666667,1,3.3333333333333335,6,20.0
478,False,2.033333333333333,1.4715826703096078,2.0,1.0,90.0,90.0,90.0,14,46.666666666666664,10,33.33333333333333,3,10.0,0,0.0,0,0.0,3,10.0,1.7666666666666666,1.3337499349161706,1.0,1.0,90.0,93.33333333333333,93.33333333333333,18,60.0,8,26.666666666666668,1,3.3333333333333335,1,3.3333333333333335,0,0.0,2,6.666666666666667,1.8333333333333333,1.4851112939963644,1.0,1.0,90.0,90.0,90.0,18,60.0,8,26.666666666666668,1,3.3333333333333335,0,0.0,0,0.0,3,10.0,2.3,1.7156145643277025,2.0,1.0,80.0,83.33333333333334,86.66666666666667,13,43.333333333333336,10,33.33333333333333,1,3.3333333333333335,1,3.3333333333333335,1,3.3333333333333335,4,13.333333333333334
479,False,2.566666666666667,1.7451520150277902,2.0,2.0,76.66666666666667,80.0,86.66666666666667,11,36.666666666666664,8,26.666666666666668,4,13.333333333333334,1,3.3333333333333335,2,6.666666666666667,4,13.333333333333334,2.2666666666666666,1.8245242911205346,1.0,2.0,80.0,80.0,86.66666666666667,17,56.666666666666664,4,13.333333333333334,3,10.0,0,0.0,2,6.666666666666667,4,13.333333333333334,2.2333333333333334,1.7451520150277897,1.0,2.0,83.33333333333334,83.33333333333334,86.66666666666667,16,53.333333333333336,5,16.666666666666664,4,13.333333333333334,0,0.0,1,3.3333333333333335,4,13.333333333333334,2.7666666666666666,2.027861489900684,2.0,3.75,70.0,73.33333333333333,76.66666666666667,13,43.333333333333336,5,16.666666666666664,3,10.0,1,3.3333333333333335,1,3.3333333333333335,7,23.333333333333332
480,False,2.7,2.0024984394500787,2.0,3.5,73.33333333333333,73.33333333333333,76.66666666666667,12,40.0,8,26.666666666666668,2,6.666666666666667,0,0.0,1,3.3333333333333335,7,23.333333333333332,1.8666666666666667,1.521694961401777,1.0,1.0,90.0,90.0,90.0,19,63.33333333333333,5,16.666666666666664,3,10.0,0,0.0,0,0.0,3,10.0,2.033333333333333,1.7220788470785986,1.0,1.0,83.33333333333334,86.66666666666667,86.66666666666667,19,63.33333333333333,4,13.333333333333334,2,6.666666666666667,1,3.3333333333333335,0,0.0,4,13.333333333333334,2.2666666666666666,1.7688665548562132,1.0,2.0,80.0,83.33333333333334,86.66666666666667,16,53.333333333333336,5,16.666666666666664,3,10.0,1,3.3333333333333335,1,3.3333333333333335,4,13.333333333333334
481,False,2.6,1.8366636418607882,2.0,2.0,76.66666666666667,80.0,83.33333333333334,13,43.333333333333336,4,13.333333333333334,6,20.0,1,3.3333333333333335,1,3.3333333333333335,5,16.666666666666664,2.2666666666666666,1.8427033281447005,1.0,2.0,80.0,83.33333333333334,83.33333333333334,17,56.666666666666664,4,13.333333333333334,3,10.0,1,3.3333333333333335,0,0.0,5,16.666666666666664,2.4,1.8903262505010434,1.0,2.0,76.66666666666667,80.0,83.33333333333334,16,53.333333333333336,4,13.333333333333334,3,10.0,1,3.3333333333333335,1,3.3333333333333335,5,16.666666666666664,2.466666666666667,1.7074997966487597,2.0,2.0,76.66666666666667,86.66666666666667,86.66666666666667,13,43.333333333333336,5,16.666666666666664,5,16.666666666666664,3,10.0,0,0.0,4,13.333333333333334
482,False,3.1666666666666665,2.00138840697041,2.0,4.5,63.33333333333333,66.66666666666666,73.33333333333333,8,26.666666666666668,8,26.666666666666668,3,10.0,1,3.3333333333333335,2,6.666666666666667,8,26.666666666666668,2.3,1.7916472867168918,1.0,2.0,76.66666666666667,83.33333333333334,86.66666666666667,16,53.333333333333336,5,16.666666666666664,2,6.666666666666667,2,6.666666666666667,1,3.3333333333333335,4,13.333333333333334,2.3333333333333335,1.7950549357115013,1.0,2.0,76.66666666666667,83.33333333333334,86.66666666666667,16,53.333333333333336,4,13.333333333333334,3,10.0,2,6.666666666666667,1,3.3333333333333335,4,13.333333333333334,2.6333333333333333,1.8162843634433703,2.0,3.0,70.0,80.0,86.66666666666667,13,43.333333333333336,4,13.333333333333334,4,13.333333333333334,3,10.0,2,6.666666666666667,4,13.333333333333334
483,False,3.066666666666667,1.8427033281447003,3.0,2.75,70.0,76.66666666666667,76.66666666666667,8,26.666666666666668,5,16.666666666666664,8,26.666666666666668,2,6.666666666666667,0,0.0,7,23.333333333333332,2.1,1.6603212540549697,1.0,2.0,83.33333333333334,86.66666666666667,90.0,18,60.0,3,10.0,4,13.333333333333334,1,3.3333333333333335,1,3.3333333333333335,3,10.0,2.2,1.7962924780409975,1.0,2.0,80.0,83.33333333333334,86.66666666666667,18,60.0,3,10.0,3,10.0,1,3.3333333333333335,1,3.3333333333333335,4,13.333333333333334,3.033333333333333,2.0733762053445313,2.5,4.75,63.33333333333333,70.0,73.33333333333333,12,40.0,3,10.0,4,13.333333333333334,2,6.666666666666667,1,3.3333333333333335,8,26.666666666666668
484,False,2.8333333333333335,1.9163043135739746,2.0,2.75,73.33333333333333,76.66666666666667,76.66666666666667,10,33.33333333333333,7,23.333333333333332,5,16.666666666666664,1,3.3333333333333335,0,0.0,7,23.333333333333332,2.2666666666666666,1.7688665548562132,1.0,2.0,80.0,83.33333333333334,86.66666666666667,16,53.333333333333336,5,16.666666666666664,3,10.0,1,3.3333333333333335,1,3.3333333333333335,4,13.333333333333334,2.566666666666667,1.9267128022157902,1.5,2.75,73.33333333333333,76.66666666666667,83.33333333333334,15,50.0,3,10.0,4,13.333333333333334,1,3.3333333333333335,2,6.666666666666667,5,16.666666666666664,2.7333333333333334,1.8961950204437188,2.0,3.75,66.66666666666666,73.33333333333333,86.66666666666667,13,43.333333333333336,4,13.333333333333334,3,10.0,2,6.666666666666667,4,13.333333333333334,4,13.333333333333334
485,True,2.433333333333333,1.6468825769380833,2.0,2.0,83.33333333333334,83.33333333333334,86.66666666666667,10,33.33333333333333,11,36.666666666666664,4,13.333333333333334,0,0.0,1,3.3333333333333335,4,13.333333333333334,2.1,1.5989579940281942,1.0,1.75,86.66666666666667,86.66666666666667,90.0,16,53.333333333333336,6,20.0,4,13.333333333333334,0,0.0,1,3.3333333333333335,3,10.0,2.066666666666667,1.3888444437333107,2.0,1.75,86.66666666666667,93.33333333333333,93.33333333333333,14,46.666666666666664,8,26.666666666666668,4,13.333333333333334,2,6.666666666666667,0,0.0,2,6.666666666666667,2.7,1.8101565309847287,2.0,3.0,70.0,76.66666666666667,86.66666666666667,11,36.666666666666664,7,23.333333333333332,3,10.0,2,6.666666666666667,3,10.0,4,13.333333333333334
486,False,2.8333333333333335,1.827262676488766,2.0,3.0,66.66666666666666,76.66666666666667,83.33333333333334,9,30.0,9,30.0,2,6.666666666666667,3,10.0,2,6.666666666666667,5,16.666666666666664,2.3,1.8823743871327334,1.0,1.0,76.66666666666667,80.0,83.33333333333334,16,53.333333333333336,7,23.333333333333332,0,0.0,1,3.3333333333333335,1,3.3333333333333335,5,16.666666666666664,2.3,1.7729448195962934,1.5,1.75,76.66666666666667,83.33333333333334,86.66666666666667,15,50.0,7,23.333333333333332,1,3.3333333333333335,2,6.666666666666667,1,3.3333333333333335,4,13.333333333333334,2.6,1.8366636418607882,2.0,3.0,66.66666666666666,80.0,86.66666666666667,13,43.333333333333336,6,20.0,1,3.3333333333333335,4,13.333333333333334,2,6.666666666666667,4,13.333333333333334
487,False,2.3666666666666667,1.6829207415152447,2.0,2.0,80.0,86.66666666666667,86.66666666666667,13,43.333333333333336,7,23.333333333333332,4,13.333333333333334,2,6.666666666666667,0,0.0,4,13.333333333333334,2.066666666666667,1.4817407180595248,1.5,1.0,83.33333333333334,90.0,93.33333333333333,15,50.0,8,26.666666666666668,2,6.666666666666667,2,6.666666666666667,1,3.3333333333333335,2,6.666666666666667,2.2666666666666666,1.7113996870657915,1.5,2.0,80.0,86.66666666666667,86.66666666666667,15,50.0,6,20.0,3,10.0,2,6.666666666666667,0,0.0,4,13.333333333333334,2.966666666666667,2.089391192561976,2.0,4.75,63.33333333333333,70.0,73.33333333333333,12,40.0,5,16.666666666666664,2,6.666666666666667,2,6.666666666666667,1,3.3333333333333335,8,26.666666666666668
488,False,2.2666666666666666,1.5040685563571303,2.0,2.0,86.66666666666667,90.0,90.0,12,40.0,8,26.666666666666668,6,20.0,1,3.3333333333333335,0,0.0,3,10.0,2.2,1.7009801096230763,1.0,2.0,83.33333333333334,86.66666666666667,86.66666666666667,16,53.333333333333336,5,16.666666666666664,4,13.333333333333334,1,3.3333333333333335,0,0.0,4,13.333333333333334,2.433333333333333,1.7829438827088442,2.0,2.0,80.0,83.33333333333334,83.33333333333334,13,43.333333333333336,7,23.333333333333332,4,13.333333333333334,1,3.3333333333333335,0,0.0,5,16.666666666666664,2.6666666666666665,1.903213656482693,2.0,2.75,73.33333333333333,80.0,80.0,13,43.333333333333336,4,13.333333333333334,5,16.666666666666664,2,6.666666666666667,0,0.0,6,20.0
489,False,2.2,1.7009801096230763,2.0,1.0,83.33333333333334,83.33333333333334,86.66666666666667,14,46.666666666666664,10,33.33333333333333,1,3.3333333333333335,0,0.0,1,3.3333333333333335,4,13.333333333333334,1.9666666666666666,1.5807874268505833,1.0,1.0,86.66666666666667,86.66666666666667,90.0,17,56.666666666666664,8,26.666666666666668,1,3.3333333333333335,0,0.0,1,3.3333333333333335,3,10.0,1.9666666666666666,1.5162087220725544,1.0,1.0,86.66666666666667,90.0,90.0,16,53.333333333333336,9,30.0,1,3.3333333333333335,1,3.3333333333333335,0,0.0,3,10.0,2.433333333333333,1.7451520150277897,2.0,2.75,73.33333333333333,76.66666666666667,93.33333333333333,14,46.666666666666664,6,20.0,2,6.666666666666667,1,3.3333333333333335,5,16.666666666666664,2,6.666666666666667
490,False,2.933333333333333,1.7876116903722563,3.0,3.0,70.0,76.66666666666667,83.33333333333334,9,30.0,5,16.666666666666664,7,23.333333333333332,2,6.666666666666667,2,6.666666666666667,5,16.666666666666664,2.033333333333333,1.5595583420386114,1.0,1.75,86.66666666666667,90.0,90.0,17,56.666666666666664,5,16.666666666666664,4,13.333333333333334,1,3.3333333333333335,0,0.0,3,10.0,2.1333333333333333,1.6069294390925268,1.0,2.0,86.66666666666667,86.66666666666667,90.0,16,53.333333333333336,5,16.666666666666664,5,16.666666666666664,0,0.0,1,3.3333333333333335,3,10.0,2.933333333333333,2.1123972690339814,2.0,4.75,63.33333333333333,70.0,73.33333333333333,13,43.333333333333336,4,13.333333333333334,2,6.666666666666667,2,6.666666666666667,1,3.3333333333333335,8,26.666666666666668
491,False,2.2666666666666666,1.730767331432956,1.5,2.0,83.33333333333334,83.33333333333334,86.66666666666667,15,50.0,6,20.0,4,13.333333333333334,0,0.0,1,3.3333333333333335,4,13.333333333333334,2.033333333333333,1.6629959577688562,1.0,1.75,83.33333333333334,86.66666666666667,90.0,19,63.33333333333333,3,10.0,3,10.0,1,3.3333333333333335,1,3.3333333333333335,3,10.0,2.2333333333333334,1.7641491496532322,1.0,2.0,76.66666666666667,86.66666666666667,86.66666666666667,17,56.666666666666664,4,13.333333333333334,2,6.666666666666667,3,10.0,0,0.0,4,13.333333333333334,1.8666666666666667,1.3097921802925665,1.0,1.75,90.0,93.33333333333333,96.66666666666667,18,60.0,4,13.333333333333334,5,16.666666666666664,1,3.3333333333333335,1,3.3333333333333335,1,3.3333333333333335
492,True,2.066666666666667,1.2364824660660938,2.0,1.0,86.66666666666667,93.33333333333333,96.66666666666667,11,36.666666666666664,13,43.333333333333336,2,6.666666666666667,2,6.666666666666667,1,3.3333333333333335,1,3.3333333333333335,1.8666666666666667,1.3349989596333858,1.0,1.0,90.0,93.33333333333333,93.33333333333333,16,53.333333333333336,9,30.0,2,6.666666666666667,1,3.3333333333333335,0,0.0,2,6.666666666666667,1.9666666666666666,1.4940623220676648,1.0,1.0,90.0,90.0,90.0,16,53.333333333333336,8,26.666666666666668,3,10.0,0,0.0,0,0.0,3,10.0,3.1333333333333333,2.0121851030382096,2.0,4.75,60.0,70.0,73.33333333333333,9,30.0,7,23.333333333333332,2,6.666666666666667,3,10.0,1,3.3333333333333335,8,26.666666666666668
493,False,2.3,1.6563010998406458,1.0,2.0,80.0,83.33333333333334,93.33333333333333,16,53.333333333333336,2,6.666666666666667,6,20.0,1,3.3333333333333335,3,10.0,2,6.666666666666667,2.1,1.7387735140993301,1.0,1.75,80.0,83.33333333333334,90.0,19,63.33333333333333,3,10.0,2,6.666666666666667,1,3.3333333333333335,2,6.666666666666667,3,10.0,2.1666666666666665,1.7527755766846542,1.0,2.0,80.0,86.66666666666667,86.66666666666667,18,60.0,3,10.0,3,10.0,2,6.666666666666667,0,0.0,4,13.333333333333334,2.9,2.0387904911164036,2.0,4.0,60.0,70.0,80.0,13,43.333333333333336,4,13.333333333333334,1,3.3333333333333335,3,10.0,3,10.0,6,20.0
494,False,2.3666666666666667,1.5807874268505835,2.0,1.75,83.33333333333334,83.33333333333334,90.0,10,33.33333333333333,12,40.0,3,10.0,0,0.0,2,6.666666666666667,3,10.0,2.1666666666666665,1.6141733350404335,1.5,1.75,83.33333333333334,86.66666666666667,90.0,15,50.0,7,23.333333333333332,3,10.0,1,3.3333333333333335,1,3.3333333333333335,3,10.0,2.466666666666667,1.839081896551163,2.0,2.0,76.66666666666667,80.0,83.33333333333334,13,43.333333333333336,8,26.666666666666668,2,6.666666666666667,1,3.3333333333333335,1,3.3333333333333335,5,16.666666666666664,2.6666666666666665,1.6799470891138872,2.0,1.75,80.0,83.33333333333334,83.33333333333334,8,26.666666666666668,10,33.33333333333333,6,20.0,1,3.3333333333333335,0,0.0,5,16.666666666666664
495,False,2.6,1.9425069712444623,2.0,2.75,73.33333333333333,76.66666666666667,80.0,13,43.333333333333336,7,23.333333333333332,2,6.666666666666667,1,3.3333333333333335,1,3.3333333333333335,6,20.0,2.2,1.7962924780409975,1.0,1.0,83.33333333333334,83.33333333333334,83.33333333333334,16,53.333333333333336,7,23.333333333333332,2,6.666666666666667,0,0.0,0,0.0,5,16.666666666666664,2.4,1.854723699099141,2.0,1.75,76.66666666666667,80.0,83.33333333333334,14,46.666666666666664,8,26.666666666666668,1,3.3333333333333335,1,3.3333333333333335,1,3.3333333333333335,5,16.666666666666664,2.7666666666666666,2.0765890836230025,2.0,4.5,70.0,73.33333333333333,73.33333333333333,13,43.333333333333336,6,20.0,2,6.666666666666667,1,3.3333333333333335,0,0.0,8,26.666666666666668
496,False,2.2666666666666666,1.569146972791976,2.0,2.0,83.33333333333334,90.0,90.0,14,46.666666666666664,5,16.666666666666664,6,20.0,2,6.666666666666667,0,0.0,3,10.0,1.9,1.5132745950421556,1.0,1.0,90.0,90.0,90.0,18,60.0,6,20.0,3,10.0,0,0.0,0,0.0,3,10.0,2.2,1.7776388834631176,1.0,2.0,76.66666666666667,86.66666666666667,86.66666666666667,18,60.0,3,10.0,2,6.666666666666667,3,10.0,0,0.0,4,13.333333333333334,2.566666666666667,1.9093337988826249,2.0,2.0,76.66666666666667,80.0,80.0,14,46.666666666666664,4,13.333333333333334,5,16.666666666666664,1,3.3333333333333335,0,0.0,6,20.0
497,False,3.1,1.7578395831246947,2.0,2.75,66.66666666666666,73.33333333333333,80.0,4,13.333333333333334,13,43.333333333333336,3,10.0,2,6.666666666666667,2,6.666666666666667,6,20.0,2.533333333333333,1.8208667044996885,2.0,2.75,73.33333333333333,76.66666666666667,86.66666666666667,12,40.0,9,30.0,1,3.3333333333333335,1,3.3333333333333335,3,10.0,4,13.333333333333334,2.7,1.9347695814575268,2.0,3.5,73.33333333333333,73.33333333333333,80.0,11,36.666666666666664,9,30.0,2,6.666666666666667,0,0.0,2,6.666666666666667,6,20.0,3.2666666666666666,2.0483055327649624,2.0,4.75,56.666666666666664,66.66666666666666,70.0,8,26.666666666666668,8,26.666666666666668,1,3.3333333333333335,3,10.0,1,3.3333333333333335,9,30.0
498,True,2.1333333333333333,1.4772346537440226,2.0,1.0,86.66666666666667,90.0,90.0,12,40.0,12,40.0,2,6.666666666666667,1,3.3333333333333335,0,0.0,3,10.0,1.8333333333333333,1.3186693629901658,1.0,1.0,90.0,93.33333333333333,93.33333333333333,16,53.333333333333336,10,33.33333333333333,1,3.3333333333333335,1,3.3333333333333335,0,0.0,2,6.666666666666667,2.0,1.505545305418162,1.0,1.0,90.0,90.0,90.0,16,53.333333333333336,7,23.333333333333332,4,13.333333333333334,0,0.0,0,0.0,3,10.0,2.4,1.6852299546352716,2.0,2.0,76.66666666666667,86.66666666666667,86.66666666666667,12,40.0,9,30.0,2,6.666666666666667,3,10.0,0,0.0,4,13.333333333333334
499,False,2.4,1.451436070471816,2.0,2.0,80.0,90.0,93.33333333333333,10,33.33333333333333,9,30.0,5,16.666666666666664,3,10.0,1,3.3333333333333335,2,6.666666666666667,2.033333333333333,1.4019827229875392,1.5,1.75,86.66666666666667,93.33333333333333,93.33333333333333,15,50.0,7,23.333333333333332,4,13.333333333333334,2,6.666666666666667,0,0.0,2,6.666666666666667,2.2666666666666666,1.671991493864594,2.0,2.0,83.33333333333334,86.66666666666667,86.66666666666667,14,46.666666666666664,7,23.333333333333332,4,13.333333333333334,1,3.3333333333333335,0,0.0,4,13.333333333333334,2.933333333333333,2.0483055327649624,2.0,3.75,60.0,73.33333333333333,76.66666666666667,13,43.333333333333336,3,10.0,2,6.666666666666667,4,13.333333333333334,1,3.3333333333333335,7,23.333333333333332
500,False,1.8666666666666667,1.0873004286866725,2.0,1.0,93.33333333333333,96.66666666666667,96.66666666666667,13,43.333333333333336,12,40.0,3,10.0,1,3.3333333333333335,0,0.0,1,3.3333333333333335,2.033333333333333,1.6629959577688562,1.0,1.0,86.66666666666667,86.66666666666667,86.66666666666667,17,56.666666666666664,7,23.333333333333332,2,6.666666666666667,0,0.0,0,0.0,4,13.333333333333334,2.033333333333333,1.6629959577688562,1.0,1.0,86.66666666666667,86.66666666666667,86.66666666666667,17,56.666666666666664,7,23.333333333333332,2,6.666666666666667,0,0.0,0,0.0,4,13.333333333333334,2.533333333333333,1.746106780494506,2.0,2.0,80.0,83.33333333333334,83.33333333333334,11,36.666666666666664,8,26.666666666666668,5,16.666666666666664,1,3.3333333333333335,0,0.0,5,16.666666666666664
501,False,2.6666666666666665,1.8856180831641267,2.0,2.75,73.33333333333333,80.0,80.0,12,40.0,6,20.0,4,13.333333333333334,2,6.666666666666667,0,0.0,6,20.0,2.033333333333333,1.6629959577688562,1.0,1.0,76.66666666666667,90.0,90.0,19,63.33333333333333,4,13.333333333333334,0,0.0,4,13.333333333333334,0,0.0,3,10.0,2.2333333333333334,1.856220772310114,1.0,2.0,80.0,83.33333333333334,83.33333333333334,18,60.0,3,10.0,3,10.0,1,3.3333333333333335,0,0.0,5,16.666666666666664,2.9,2.180978373727412,2.0,5.0,63.33333333333333,70.0,70.0,14,46.666666666666664,4,13.333333333333334,1,3.3333333333333335,2,6.666666666666667,0,0.0,9,30.0
502,False,2.566666666666667,1.8381754238616317,2.0,2.0,80.0,80.0,80.0,11,36.666666666666664,9,30.0,4,13.333333333333334,0,0.0,0,0.0,6,20.0,1.9333333333333333,1.5040685563571303,1.0,1.0,83.33333333333334,90.0,93.33333333333333,18,60.0,6,20.0,1,3.3333333333333335,2,6.666666666666667,1,3.3333333333333335,2,6.666666666666667,2.033333333333333,1.5595583420386114,1.0,1.75,80.0,90.0,93.33333333333333,18,60.0,4,13.333333333333334,2,6.666666666666667,3,10.0,1,3.3333333333333335,2,6.666666666666667,2.966666666666667,1.9576062480034697,2.0,4.0,63.33333333333333,70.0,80.0,10,33.33333333333333,7,23.333333333333332,2,6.666666666666667,2,6.666666666666667,3,10.0,6,20.0
503,False,3.0,1.7888543819998317,2.0,2.0,66.66666666666666,76.66666666666667,80.0,6,20.0,11,36.666666666666664,3,10.0,3,10.0,1,3.3333333333333335,6,20.0,2.6,1.8726095873584185,2.0,2.75,73.33333333333333,80.0,80.0,11,36.666666666666664,10,33.33333333333333,1,3.3333333333333335,2,6.666666666666667,0,0.0,6,20.0,2.966666666666667,1.8526257642120338,2.0,2.75,63.33333333333333,76.66666666666667,80.0,8,26.666666666666668,9,30.0,2,6.666666666666667,4,13.333333333333334,1,3.3333333333333335,6,20.0,3.1666666666666665,1.8633899812498247,3.0,2.75,63.33333333333333,73.33333333333333,76.66666666666667,7,23.333333333333332,7,23.333333333333332,5,16.666666666666664,3,10.0,1,3.3333333333333335,7,23.333333333333332
504,False,2.3333333333333335,1.5347819244295116,2.0,2.0,83.33333333333334,90.0,90.0,12,40.0,7,23.333333333333332,6,20.0,2,6.666666666666667,0,0.0,3,10.0,1.9333333333333333,1.50406855635713,1.0,1.0,90.0,90.0,90.0,17,56.666666666666664,7,23.333333333333332,3,10.0,0,0.0,0,0.0,3,10.0,1.9666666666666666,1.4940623220676648,1.0,1.0,90.0,90.0,90.0,16,53.333333333333336,8,26.666666666666668,3,10.0,0,0.0,0,0.0,3,10.0,2.533333333333333,1.9447936194419764,1.5,2.75,73.33333333333333,80.0,80.0,15,50.0,4,13.333333333333334,3,10.0,2,6.666666666666667,0,0.0,6,20.0
505,False,2.466666666666667,1.7650936393164969,2.0,2.0,83.33333333333334,83.33333333333334,83.33333333333334,13,43.333333333333336,5,16.666666666666664,7,23.333333333333332,0,0.0,0,0.0,5,16.666666666666664,1.8666666666666667,1.4996295838935991,1.0,1.0,90.0,90.0,90.0,18,60.0,7,23.333333333333332,2,6.666666666666667,0,0.0,0,0.0,3,10.0,2.033333333333333,1.6629959577688562,1.0,1.0,86.66666666666667,86.66666666666667,86.66666666666667,17,56.666666666666664,7,23.333333333333332,2,6.666666666666667,0,0.0,0,0.0,4,13.333333333333334,2.566666666666667,1.9610088106776968,2.0,2.75,73.33333333333333,76.66666666666667,80.0,14,46.666666666666664,6,20.0,2,6.666666666666667,1,3.3333333333333335,1,3.3333333333333335,6,20.0
506,False,2.6666666666666665,1.7384539747207064,2.0,2.0,76.66666666666667,83.33333333333334,83.33333333333334,10,33.33333333333333,7,23.333333333333332,6,20.0,2,6.666666666666667,0,0.0,5,16.666666666666664,2.3,1.676305461424021,2.0,2.0,80.0,83.33333333333334,90.0,14,46.666666666666664,7,23.333333333333332,3,10.0,1,3.3333333333333335,2,6.666666666666667,3,10.0,2.533333333333333,1.839081896551163,2.0,2.0,76.66666666666667,80.0,83.33333333333334,13,43.333333333333336,6,20.0,4,13.333333333333334,1,3.3333333333333335,1,3.3333333333333335,5,16.666666666666664,2.7333333333333334,1.6110727964792761,2.5,2.75,73.33333333333333,83.33333333333334,90.0,9,30.0,6,20.0,7,23.333333333333332,3,10.0,2,6.666666666666667,3,10.0
507,False,2.6333333333333333,1.7603661235347856,2.0,2.75,73.33333333333333,83.33333333333334,83.33333333333334,10,33.33333333333333,9,30.0,3,10.0,3,10.0,0,0.0,5,16.666666666666664,2.1333333333333333,1.6679994670929073,1.0,1.75,80.0,86.66666666666667,90.0,17,56.666666666666664,5,16.666666666666664,2,6.666666666666667,2,6.666666666666667,1,3.3333333333333335,3,10.0,2.2,1.6812693617224654,1.0,1.75,76.66666666666667,86.66666666666667,90.0,16,53.333333333333336,6,20.0,1,3.3333333333333335,3,10.0,1,3.3333333333333335,3,10.0,2.8333333333333335,2.098941532190822,2.0,4.75,70.0,70.0,73.33333333333333,13,43.333333333333336,5,16.666666666666664,3,10.0,0,0.0,1,3.3333333333333335,8,26.666666666666668
508,False,2.5,1.6278820596099706,2.0,2.0,80.0,86.66666666666667,86.66666666666667,10,33.33333333333333,9,30.0,5,16.666666666666664,2,6.666666666666667,0,0.0,4,13.333333333333334,2.2333333333333334,1.6669999666733315,1.5,2.0,83.33333333333334,83.33333333333334,90.0,15,50.0,6,20.0,4,13.333333333333334,0,0.0,2,6.666666666666667,3,10.0,2.6,1.9765289440498124,2.0,3.0,70.0,76.66666666666667,80.0,14,46.666666666666664,6,20.0,1,3.3333333333333335,2,6.666666666666667,1,3.3333333333333335,6,20.0,2.7666666666666666,1.764149149653232,2.0,2.75,73.33333333333333,76.66666666666667,86.66666666666667,10,33.33333333333333,6,20.0,6,20.0,1,3.3333333333333335,3,10.0,4,13.333333333333334
509,True,2.3666666666666667,1.622412469818394,2.0,2.0,83.33333333333334,83.33333333333334,90.0,12,40.0,8,26.666666666666668,5,16.666666666666664,0,0.0,2,6.666666666666667,3,10.0,1.9666666666666666,1.53803626600791,1.0,1.0,86.66666666666667,90.0,90.0,17,56.666666666666664,7,23.333333333333332,2,6.666666666666667,1,3.3333333333333335,0,0.0,3,10.0,2.033333333333333,1.5380362660079103,1.0,1.0,86.66666666666667,90.0,90.0,16,53.333333333333336,7,23.333333333333332,3,10.0,1,3.3333333333333335,0,0.0,3,10.0,1.9666666666666666,1.4255603186895396,1.0,1.0,90.0,90.0,93.33333333333333,16,53.333333333333336,7,23.333333333333332,4,13.333333333333334,0,0.0,1,3.3333333333333335,2,6.666666666666667
510,False,2.2333333333333334,1.6265163865007803,1.5,2.0,83.33333333333334,86.66666666666667,90.0,15,50.0,5,16.666666666666664,5,16.666666666666664,1,3.3333333333333335,1,3.3333333333333335,3,10.0,2.066666666666667,1.6918103387266028,1.0,1.0,83.33333333333334,83.33333333333334,90.0,18,60.0,5,16.666666666666664,2,6.666666666666667,0,0.0,2,6.666666666666667,3,10.0,2.1666666666666665,1.771690968789108,1.0,1.0,80.0,83.33333333333334,86.66666666666667,17,56.666666666666664,6,20.0,1,3.3333333333333335,1,3.3333333333333335,1,3.3333333333333335,4,13.333333333333334,2.1666666666666665,1.4851112939963644,1.5,2.0,80.0,93.33333333333333,93.33333333333333,15,50.0,5,16.666666666666664,4,13.333333333333334,4,13.333333333333334,0,0.0,2,6.666666666666667
511,False,2.966666666666667,1.7603661235347858,3.0,3.0,63.33333333333333,76.66666666666667,86.66666666666667,9,30.0,5,16.666666666666664,5,16.666666666666664,4,13.333333333333334,3,10.0,4,13.333333333333334,2.3666666666666667,1.74132771821453,1.5,2.0,76.66666666666667,86.66666666666667,86.66666666666667,15,50.0,4,13.333333333333334,4,13.333333333333334,3,10.0,0,0.0,4,13.333333333333334,2.8333333333333335,1.9163043135739746,2.0,3.0,63.33333333333333,80.0,80.0,12,40.0,4,13.333333333333334,3,10.0,5,16.666666666666664,0,0.0,6,20.0,2.6551724137931036,1.7864598409639474,2.0,3.0,68.96551724137932,82.75862068965517,86.20689655172413,12,41.37931034482759,4,13.793103448275861,4,13.793103448275861,4,13.793103448275861,1,3.4482758620689653,4,13.793103448275861
512,False,3.1333333333333333,1.9102065042525873,2.5,3.5,66.66666666666666,73.33333333333333,73.33333333333333,7,23.333333333333332,8,26.666666666666668,5,16.666666666666664,2,6.666666666666667,0,0.0,8,26.666666666666668,2.6,1.9933221850301406,1.5,3.75,66.66666666666666,73.33333333333333,83.33333333333334,15,50.0,5,16.666666666666664,0,0.0,2,6.666666666666667,3,10.0,5,16.666666666666664,2.7,2.0518284528683193,2.0,3.75,70.0,73.33333333333333,76.66666666666667,14,46.666666666666664,5,16.666666666666664,2,6.666666666666667,1,3.3333333333333335,1,3.3333333333333335,7,23.333333333333332,2.9,2.0872629605937694,2.0,4.0,60.0,66.66666666666666,80.0,14,46.666666666666664,3,10.0,1,3.3333333333333335,2,6.666666666666667,4,13.333333333333334,6,20.0
513,False,2.7333333333333334,1.5040685563571303,2.0,1.0,80.0,86.66666666666667,86.66666666666667,5,16.666666666666664,12,40.0,7,23.333333333333332,2,6.666666666666667,0,0.0,4,13.333333333333334,2.3333333333333335,1.6397831834998458,2.0,2.0,76.66666666666667,86.66666666666667,90.0,13,43.333333333333336,8,26.666666666666668,2,6.666666666666667,3,10.0,1,3.3333333333333335,3,10.0,2.433333333333333,1.4761059883656353,2.0,2.0,76.66666666666667,90.0,93.33333333333333,10,33.33333333333333,9,30.0,4,13.333333333333334,4,13.333333333333334,1,3.3333333333333335,2,6.666666666666667,2.8333333333333335,1.6947631758514878,2.0,2.75,70.0,80.0,86.66666666666667,8,26.666666666666668,8,26.666666666666668,5,16.666666666666664,3,10.0,2,6.666666666666667,4,13.333333333333334
514,False,3.033333333333333,1.8705317128797598,2.0,2.75,70.0,73.33333333333333,76.66666666666667,7,23.333333333333332,9,30.0,5,16.666666666666664,1,3.3333333333333335,1,3.3333333333333335,7,23.333333333333332,2.1333333333333333,1.6679994670929073,1.0,1.75,86.66666666666667,86.66666666666667,86.66666666666667,16,53.333333333333336,6,20.0,4,13.333333333333334,0,0.0,0,0.0,4,13.333333333333334,2.2333333333333334,1.6468825769380835,2.0,2.0,86.66666666666667,86.66666666666667,86.66666666666667,14,46.666666666666664,7,23.333333333333332,5,16.666666666666664,0,0.0,0,0.0,4,13.333333333333334,2.9,1.9553345834749953,2.0,3.0,66.66666666666666,76.66666666666667,76.66666666666667,11,36.666666666666664,5,16.666666666666664,4,13.333333333333334,3,10.0,0,0.0,7,23.333333333333332
515,True,2.1,1.535143858622594,2.0,1.0,86.66666666666667,86.66666666666667,90.0,13,43.333333333333336,12,40.0,1,3.3333333333333335,0,0.0,1,3.3333333333333335,3,10.0,1.9333333333333333,1.5260697523012794,1.0,1.0,86.66666666666667,90.0,90.0,17,56.666666666666664,8,26.666666666666668,1,3.3333333333333335,1,3.3333333333333335,0,0.0,3,10.0,1.9,1.2999999999999998,2.0,1.0,90.0,93.33333333333333,93.33333333333333,14,46.666666666666664,12,40.0,1,3.3333333333333335,1,3.3333333333333335,0,0.0,2,6.666666666666667,2.033333333333333,1.3535960336164634,2.0,1.0,86.66666666666667,93.33333333333333,93.33333333333333,13,43.333333333333336,11,36.666666666666664,2,6.666666666666667,2,6.666666666666667,0,0.0,2,6.666666666666667
516,False,2.6333333333333333,1.8162843634433703,2.0,2.0,76.66666666666667,80.0,80.0,9,30.0,12,40.0,2,6.666666666666667,1,3.3333333333333335,0,0.0,6,20.0,2.2,1.7962924780409972,1.0,1.0,83.33333333333334,83.33333333333334,83.33333333333334,16,53.333333333333336,7,23.333333333333332,2,6.666666666666667,0,0.0,0,0.0,5,16.666666666666664,2.2333333333333334,1.6669999666733317,2.0,1.75,83.33333333333334,86.66666666666667,86.66666666666667,14,46.666666666666664,8,26.666666666666668,3,10.0,1,3.3333333333333335,0,0.0,4,13.333333333333334,2.433333333333333,1.8562207723101138,2.0,2.0,76.66666666666667,80.0,83.33333333333334,14,46.666666666666664,7,23.333333333333332,2,6.666666666666667,1,3.3333333333333335,1,3.3333333333333335,5,16.666666666666664
517,False,2.566666666666667,1.7641491496532322,2.0,2.0,76.66666666666667,83.33333333333334,83.33333333333334,11,36.666666666666664,8,26.666666666666668,4,13.333333333333334,2,6.666666666666667,0,0.0,5,16.666666666666664,1.9666666666666666,1.7220788470785986,1.0,1.0,83.33333333333334,86.66666666666667,86.66666666666667,20,66.66666666666666,4,13.333333333333334,1,3.3333333333333335,1,3.3333333333333335,0,0.0,4,13.333333333333334,2.3333333333333335,1.9550504398153572,1.0,1.75,76.66666666666667,80.0,80.0,17,56.666666666666664,5,16.666666666666664,1,3.3333333333333335,1,3.3333333333333335,0,0.0,6,20.0,2.3333333333333335,1.679947089113887,1.5,2.0,83.33333333333334,83.33333333333334,90.0,15,50.0,3,10.0,7,23.333333333333332,0,0.0,2,6.666666666666667,3,10.0
518,True,2.033333333333333,1.4715826703096078,2.0,1.0,90.0,90.0,90.0,14,46.666666666666664,10,33.33333333333333,3,10.0,0,0.0,0,0.0,3,10.0,1.8666666666666667,1.521694961401777,1.0,1.0,86.66666666666667,86.66666666666667,93.33333333333333,19,63.33333333333333,6,20.0,1,3.3333333333333335,0,0.0,2,6.666666666666667,2,6.666666666666667,2.2333333333333334,1.8381754238616315,1.0,1.75,80.0,83.33333333333334,83.33333333333334,17,56.666666666666664,5,16.666666666666664,2,6.666666666666667,1,3.3333333333333335,0,0.0,5,16.666666666666664,2.533333333333333,1.9618585292749549,2.0,2.75,73.33333333333333,76.66666666666667,80.0,14,46.666666666666664,7,23.333333333333332,1,3.3333333333333335,1,3.3333333333333335,1,3.3333333333333335,6,20.0
519,False,2.7,1.7729448195962934,2.0,2.0,76.66666666666667,80.0,83.33333333333334,10,33.33333333333333,7,23.333333333333332,6,20.0,1,3.3333333333333335,1,3.3333333333333335,5,16.666666666666664,2.066666666666667,1.5260697523012796,1.0,2.0,83.33333333333334,90.0,93.33333333333333,17,56.666666666666664,4,13.333333333333334,4,13.333333333333334,2,6.666666666666667,1,3.3333333333333335,2,6.666666666666667,2.3333333333333335,1.903213656482693,1.0,2.0,76.66666666666667,80.0,83.33333333333334,17,56.666666666666664,4,13.333333333333334,2,6.666666666666667,1,3.3333333333333335,1,3.3333333333333335,5,16.666666666666664,2.533333333333333,1.7650936393164969,2.0,2.0,76.66666666666667,80.0,86.66666666666667,12,40.0,7,23.333333333333332,4,13.333333333333334,1,3.3333333333333335,2,6.666666666666667,4,13.333333333333334
520,False,2.4,1.8,2.0,1.75,76.66666666666667,83.33333333333334,83.33333333333334,13,43.333333333333336,9,30.0,1,3.3333333333333335,2,6.666666666666667,0,0.0,5,16.666666666666664,1.8,1.514375558880073,1.0,1.0,90.0,90.0,90.0,20,66.66666666666666,5,16.666666666666664,2,6.666666666666667,0,0.0,0,0.0,3,10.0,2.1,1.7767010628315238,1.0,1.0,80.0,83.33333333333334,86.66666666666667,18,60.0,6,20.0,0,0.0,1,3.3333333333333335,1,3.3333333333333335,4,13.333333333333334,2.1666666666666665,1.5723301886761005,1.5,2.0,83.33333333333334,90.0,90.0,15,50.0,6,20.0,4,13.333333333333334,2,6.666666666666667,0,0.0,3,10.0
521,False,3.3333333333333335,1.7575235101952091,3.0,2.75,56.666666666666664,73.33333333333333,80.0,6,20.0,5,16.666666666666664,6,20.0,5,16.666666666666664,2,6.666666666666667,6,20.0,2.566666666666667,2.027861489900684,1.5,2.75,73.33333333333333,76.66666666666667,76.66666666666667,15,50.0,5,16.666666666666664,2,6.666666666666667,1,3.3333333333333335,0,0.0,7,23.333333333333332,2.5,1.91049731745428,2.0,2.0,76.66666666666667,80.0,80.0,14,46.666666666666664,6,20.0,3,10.0,1,3.3333333333333335,0,0.0,6,20.0,3.1,1.9209372712298545,2.0,3.5,60.0,73.33333333333333,76.66666666666667,8,26.666666666666668,8,26.666666666666668,2,6.666666666666667,4,13.333333333333334,1,3.3333333333333335,7,23.333333333333332
522,False,2.1333333333333333,1.4996295838935993,2.0,1.0,86.66666666666667,90.0,90.0,13,43.333333333333336,10,33.33333333333333,3,10.0,1,3.3333333333333335,0,0.0,3,10.0,1.9666666666666666,1.5807874268505833,1.0,1.0,86.66666666666667,86.66666666666667,90.0,17,56.666666666666664,8,26.666666666666668,1,3.3333333333333335,0,0.0,1,3.3333333333333335,3,10.0,2.033333333333333,1.5595583420386114,1.5,1.0,86.66666666666667,86.66666666666667,90.0,15,50.0,10,33.33333333333333,1,3.3333333333333335,0,0.0,1,3.3333333333333335,3,10.0,2.5,1.91049731745428,2.0,2.75,73.33333333333333,76.66666666666667,83.33333333333334,14,46.666666666666664,7,23.333333333333332,1,3.3333333333333335,1,3.3333333333333335,2,6.666666666666667,5,16.666666666666664
523,False,3.1333333333333333,2.0286832072937253,2.0,4.75,63.33333333333333,66.66666666666666,73.33333333333333,9,30.0,7,23.333333333333332,3,10.0,1,3.3333333333333335,2,6.666666666666667,8,26.666666666666668,2.2,1.6206994374857624,1.5,2.0,83.33333333333334,86.66666666666667,90.0,15,50.0,6,20.0,4,13.333333333333334,1,3.3333333333333335,1,3.3333333333333335,3,10.0,2.3,1.676305461424021,1.5,2.0,76.66666666666667,86.66666666666667,90.0,15,50.0,5,16.666666666666664,3,10.0,3,10.0,1,3.3333333333333335,3,10.0,2.7333333333333334,1.7499206331208919,2.0,3.0,70.0,80.0,86.66666666666667,10,33.33333333333333,7,23.333333333333332,4,13.333333333333334,3,10.0,2,6.666666666666667,4,13.333333333333334
524,True,2.3333333333333335,1.5129074290546958,2.0,2.0,86.66666666666667,86.66666666666667,90.0,10,33.33333333333333,11,36.666666666666664,5,16.666666666666664,0,0.0,1,3.3333333333333335,3,10.0,2.1,1.619670748434179,1.0,1.0,83.33333333333334,86.66666666666667,90.0,16,53.333333333333336,7,23.333333333333332,2,6.666666666666667,1,3.3333333333333335,1,3.3333333333333335,3,10.0,2.2666666666666666,1.671991493864594,2.0,2.0,83.33333333333334,86.66666666666667,86.66666666666667,14,46.666666666666664,7,23.333333333333332,4,13.333333333333334,1,3.3333333333333335,0,0.0,4,13.333333333333334,2.433333333333333,1.7829438827088442,2.0,2.0,76.66666666666667,80.0,86.66666666666667,13,43.333333333333336,8,26.666666666666668,2,6.666666666666667,1,3.3333333333333335,2,6.666666666666667,4,13.333333333333334
525,False,2.3,1.4177446878757824,2.0,2.0,86.66666666666667,90.0,93.33333333333333,11,36.666666666666664,8,26.666666666666668,7,23.333333333333332,1,3.3333333333333335,1,3.3333333333333335,2,6.666666666666667,2.033333333333333,1.5380362660079105,1.0,1.0,86.66666666666667,90.0,90.0,16,53.333333333333336,7,23.333333333333332,3,10.0,1,3.3333333333333335,0,0.0,3,10.0,2.3,1.8101565309847285,1.5,1.75,80.0,83.33333333333334,83.33333333333334,15,50.0,7,23.333333333333332,2,6.666666666666667,1,3.3333333333333335,0,0.0,5,16.666666666666664,2.6333333333333333,1.7792008193443358,2.0,2.75,73.33333333333333,83.33333333333334,83.33333333333334,11,36.666666666666664,7,23.333333333333332,4,13.333333333333334,3,10.0,0,0.0,5,16.666666666666664
526,False,2.566666666666667,1.8015425489162213,2.0,2.0,76.66666666666667,80.0,83.33333333333334,11,36.666666666666664,9,30.0,3,10.0,1,3.3333333333333335,1,3.3333333333333335,5,16.666666666666664,2.1666666666666665,1.7143187827498387,1.5,1.0,83.33333333333334,83.33333333333334,86.66666666666667,15,50.0,9,30.0,1,3.3333333333333335,0,0.0,1,3.3333333333333335,4,13.333333333333334,2.1,1.5132745950421556,2.0,1.0,86.66666666666667,90.0,90.0,14,46.666666666666664,9,30.0,3,10.0,1,3.3333333333333335,0,0.0,3,10.0,2.3333333333333335,1.679947089113887,2.0,2.0,80.0,86.66666666666667,86.66666666666667,13,43.333333333333336,8,26.666666666666668,3,10.0,2,6.666666666666667,0,0.0,4,13.333333333333334
527,False,2.466666666666667,1.746106780494506,2.0,2.0,83.33333333333334,83.33333333333334,83.33333333333334,12,40.0,7,23.333333333333332,6,20.0,0,0.0,0,0.0,5,16.666666666666664,2.033333333333333,1.53803626600791,1.0,1.0,86.66666666666667,90.0,90.0,16,53.333333333333336,7,23.333333333333332,3,10.0,1,3.3333333333333335,0,0.0,3,10.0,2.3333333333333335,1.86785676348292,1.0,2.0,80.0,80.0,83.33333333333334,16,53.333333333333336,5,16.666666666666664,3,10.0,0,0.0,1,3.3333333333333335,5,16.666666666666664,2.566666666666667,1.9093337988826249,2.0,2.0,76.66666666666667,80.0,80.0,14,46.666666666666664,4,13.333333333333334,5,16.666666666666664,1,3.3333333333333335,0,0.0,6,20.0
528,False,2.1666666666666665,1.4851112939963642,2.0,1.0,86.66666666666667,90.0,90.0,12,40.0,11,36.666666666666664,3,10.0,1,3.3333333333333335,0,0.0,3,10.0,2.0,1.6733200530681511,1.0,1.0,86.66666666666667,86.66666666666667,86.66666666666667,18,60.0,6,20.0,2,6.666666666666667,0,0.0,0,0.0,4,13.333333333333334,2.433333333333333,1.9779338265529063,1.0,2.0,76.66666666666667,76.66666666666667,80.0,16,53.333333333333336,5,16.666666666666664,2,6.666666666666667,0,0.0,1,3.3333333333333335,6,20.0,2.6333333333333333,1.9058389811897074,2.0,2.75,73.33333333333333,80.0,80.0,13,43.333333333333336,5,16.666666666666664,4,13.333333333333334,2,6.666666666666667,0,0.0,6,20.0
529,True,2.3,1.5307950004273376,2.0,2.0,80.0,86.66666666666667,93.33333333333333,12,40.0,9,30.0,3,10.0,2,6.666666666666667,2,6.666666666666667,2,6.666666666666667,1.8666666666666667,1.4544949486180951,1.0,1.0,86.66666666666667,90.0,93.33333333333333,18,60.0,7,23.333333333333332,1,3.3333333333333335,1,3.3333333333333335,1,3.3333333333333335,2,6.666666666666667,2.033333333333333,1.6224124698183942,1.0,1.0,83.33333333333334,86.66666666666667,90.0,17,56.666666666666664,7,23.333333333333332,1,3.3333333333333335,1,3.3333333333333335,1,3.3333333333333335,3,10.0,2.466666666666667,1.8390818965511633,2.0,2.0,80.0,80.0,83.33333333333334,14,46.666666666666664,5,16.666666666666664,5,16.666666666666664,0,0.0,1,3.3333333333333335,5,16.666666666666664
530,False,2.933333333333333,1.8427033281447005,2.0,2.75,66.66666666666666,76.66666666666667,80.0,8,26.666666666666668,9,30.0,3,10.0,3,10.0,1,3.3333333333333335,6,20.0,2.5,1.8393839548428526,2.0,2.0,76.66666666666667,80.0,83.33333333333334,13,43.333333333333336,7,23.333333333333332,3,10.0,1,3.3333333333333335,1,3.3333333333333335,5,16.666666666666664,2.566666666666667,1.7259457954666158,2.0,2.0,76.66666666666667,80.0,86.66666666666667,10,33.33333333333333,10,33.33333333333333,3,10.0,1,3.3333333333333335,2,6.666666666666667,4,13.333333333333334,2.5,1.7272328544042153,2.0,2.0,76.66666666666667,83.33333333333334,86.66666666666667,12,40.0,7,23.333333333333332,4,13.333333333333334,2,6.666666666666667,1,3.3333333333333335,4,13.333333333333334
531,False,2.1666666666666665,1.5073892072793351,2.0,1.0,86.66666666666667,86.66666666666667,90.0,11,36.666666666666664,14,46.666666666666664,1,3.3333333333333335,0,0.0,1,3.3333333333333335,3,10.0,2.066666666666667,1.671991493864594,1.0,1.0,83.33333333333334,86.66666666666667,86.66666666666667,16,53.333333333333336,9,30.0,0,0.0,1,3.3333333333333335,0,0.0,4,13.333333333333334,2.3333333333333335,1.8135294011647258,2.0,1.0,76.66666666666667,83.33333333333334,83.33333333333334,14,46.666666666666664,9,30.0,0,0.0,2,6.666666666666667,0,0.0,5,16.666666666666664,2.433333333333333,1.8740923729160797,2.0,2.5,73.33333333333333,80.0,83.33333333333334,14,46.666666666666664,8,26.666666666666668,0,0.0,2,6.666666666666667,1,3.3333333333333335,5,16.666666666666664
532,True,2.0,1.4142135623730951,1.5,1.0,90.0,90.0,93.33333333333333,15,50.0,8,26.666666666666668,4,13.333333333333334,0,0.0,1,3.3333333333333335,2,6.666666666666667,1.6333333333333333,1.3034143197344767,1.0,1.0,93.33333333333333,93.33333333333333,93.33333333333333,21,70.0,5,16.666666666666664,2,6.666666666666667,0,0.0,0,0.0,2,6.666666666666667,1.6666666666666667,1.3249737942901194,1.0,1.0,93.33333333333333,93.33333333333333,93.33333333333333,21,70.0,4,13.333333333333334,3,10.0,0,0.0,0,0.0,2,6.666666666666667,1.8333333333333333,1.3186693629901654,1.0,1.0,86.66666666666667,93.33333333333333,96.66666666666667,18,60.0,6,20.0,2,6.666666666666667,2,6.666666666666667,1,3.3333333333333335,1,3.3333333333333335
533,False,2.1333333333333333,1.6069294390925268,1.0,1.75,80.0,90.0,90.0,16,53.333333333333336,6,20.0,2,6.666666666666667,3,10.0,0,0.0,3,10.0,2.066666666666667,1.7499206331208919,1.0,1.0,80.0,86.66666666666667,86.66666666666667,19,63.33333333333333,4,13.333333333333334,1,3.3333333333333335,2,6.666666666666667,0,0.0,4,13.333333333333334,2.066666666666667,1.6316317667360556,1.0,1.75,80.0,90.0,90.0,18,60.0,4,13.333333333333334,2,6.666666666666667,3,10.0,0,0.0,3,10.0,2.6,2.075250988836451,1.5,3.75,70.0,73.33333333333333,76.66666666666667,15,50.0,6,20.0,0,0.0,1,3.3333333333333335,1,3.3333333333333335,7,23.333333333333332
534,False,2.3666666666666667,1.6224124698183942,2.0,2.0,80.0,86.66666666666667,90.0,13,43.333333333333336,6,20.0,5,16.666666666666664,2,6.666666666666667,1,3.3333333333333335,3,10.0,2.033333333333333,1.7026123718829511,1.0,1.75,86.66666666666667,86.66666666666667,86.66666666666667,19,63.33333333333333,3,10.0,4,13.333333333333334,0,0.0,0,0.0,4,13.333333333333334,2.2666666666666666,1.9310331143946986,1.0,1.0,80.0,80.0,80.0,17,56.666666666666664,6,20.0,1,3.3333333333333335,0,0.0,0,0.0,6,20.0,2.433333333333333,1.9093337988826247,1.5,2.0,80.0,80.0,80.0,15,50.0,5,16.666666666666664,4,13.333333333333334,0,0.0,0,0.0,6,20.0
535,False,2.3,1.4866068747318506,2.0,1.0,80.0,86.66666666666667,93.33333333333333,10,33.33333333333333,13,43.333333333333336,1,3.3333333333333335,2,6.666666666666667,2,6.666666666666667,2,6.666666666666667,2.033333333333333,1.6428295373802144,1.0,1.0,86.66666666666667,86.66666666666667,86.66666666666667,16,53.333333333333336,9,30.0,1,3.3333333333333335,0,0.0,0,0.0,4,13.333333333333334,2.2333333333333334,1.7065234314893605,1.5,1.75,80.0,86.66666666666667,86.66666666666667,15,50.0,7,23.333333333333332,2,6.666666666666667,2,6.666666666666667,0,0.0,4,13.333333333333334,2.5,1.6072751268321592,2.0,2.0,76.66666666666667,83.33333333333334,90.0,9,30.0,12,40.0,2,6.666666666666667,2,6.666666666666667,2,6.666666666666667,3,10.0
536,False,2.566666666666667,1.8199511592958264,2.0,2.0,76.66666666666667,80.0,83.33333333333334,12,40.0,7,23.333333333333332,4,13.333333333333334,1,3.3333333333333335,1,3.3333333333333335,5,16.666666666666664,2.066666666666667,1.7113996870657915,1.0,1.0,83.33333333333334,86.66666666666667,86.66666666666667,18,60.0,5,16.666666666666664,2,6.666666666666667,1,3.3333333333333335,0,0.0,4,13.333333333333334,2.5,1.9790570145063195,1.5,2.75,73.33333333333333,76.66666666666667,80.0,15,50.0,6,20.0,1,3.3333333333333335,1,3.3333333333333335,1,3.3333333333333335,6,20.0,2.7,1.9857828011475307,2.0,3.0,66.66666666666666,76.66666666666667,80.0,14,46.666666666666664,4,13.333333333333334,2,6.666666666666667,3,10.0,1,3.3333333333333335,6,20.0
537,False,2.6,1.42828568570857,2.0,1.0,83.33333333333334,86.66666666666667,90.0,5,16.666666666666664,14,46.666666666666664,6,20.0,1,3.3333333333333335,1,3.3333333333333335,3,10.0,2.2,1.514375558880073,2.0,1.0,83.33333333333334,90.0,90.0,12,40.0,11,36.666666666666664,2,6.666666666666667,2,6.666666666666667,0,0.0,3,10.0,2.2666666666666666,1.5040685563571303,2.0,1.75,83.33333333333334,90.0,90.0,11,36.666666666666664,11,36.666666666666664,3,10.0,2,6.666666666666667,0,0.0,3,10.0,3.033333333333333,1.9745604292826515,2.0,4.5,66.66666666666666,73.33333333333333,73.33333333333333,9,30.0,7,23.333333333333332,4,13.333333333333334,2,6.666666666666667,0,0.0,8,26.666666666666668
538,True,2.3333333333333335,1.4681810363696828,2.0,2.0,86.66666666666667,90.0,90.0,10,33.33333333333333,10,33.33333333333333,6,20.0,1,3.3333333333333335,0,0.0,3,10.0,2.033333333333333,1.5162087220725544,1.5,1.0,86.66666666666667,90.0,90.0,15,50.0,9,30.0,2,6.666666666666667,1,3.3333333333333335,0,0.0,3,10.0,2.2,1.5362291495737217,2.0,2.0,86.66666666666667,90.0,90.0,14,46.666666666666664,6,20.0,6,20.0,1,3.3333333333333335,0,0.0,3,10.0,2.3666666666666667,1.4715826703096075,2.0,2.0,80.0,90.0,93.33333333333333,11,36.666666666666664,8,26.666666666666668,5,16.666666666666664,3,10.0,1,3.3333333333333335,2,6.666666666666667
539,True,2.566666666666667,1.4985177861992682,2.5,2.0,86.66666666666667,86.66666666666667,90.0,9,30.0,6,20.0,11,36.666666666666664,0,0.0,1,3.3333333333333335,3,10.0,2.4,1.7243356208503418,2.0,2.0,80.0,83.33333333333334,86.66666666666667,13,43.333333333333336,7,23.333333333333332,4,13.333333333333334,1,3.3333333333333335,1,3.3333333333333335,4,13.333333333333334,2.6,1.8726095873584188,2.0,2.75,73.33333333333333,76.66666666666667,83.33333333333334,12,40.0,8,26.666666666666668,2,6.666666666666667,1,3.3333333333333335,2,6.666666666666667,5,16.666666666666664,2.933333333333333,1.9310331143946988,2.0,3.75,70.0,73.33333333333333,76.66666666666667,9,30.0,8,26.666666666666668,4,13.333333333333334,1,3.3333333333333335,1,3.3333333333333335,7,23.333333333333332
540,True,2.2666666666666666,1.3888444437333105,2.0,2.0,86.66666666666667,90.0,93.33333333333333,10,33.33333333333333,11,36.666666666666664,5,16.666666666666664,1,3.3333333333333335,1,3.3333333333333335,2,6.666666666666667,1.9,1.274100990241093,2.0,1.0,93.33333333333333,93.33333333333333,93.33333333333333,14,46.666666666666664,11,36.666666666666664,3,10.0,0,0.0,0,0.0,2,6.666666666666667,2.0,1.4142135623730951,2.0,1.0,86.66666666666667,90.0,93.33333333333333,14,46.666666666666664,11,36.666666666666664,1,3.3333333333333335,1,3.3333333333333335,1,3.3333333333333335,2,6.666666666666667,2.433333333333333,1.7829438827088442,2.0,2.0,80.0,83.33333333333334,83.33333333333334,13,43.333333333333336,7,23.333333333333332,4,13.333333333333334,1,3.3333333333333335,0,0.0,5,16.666666666666664
541,False,2.8666666666666667,1.746106780494506,2.0,2.75,70.0,80.0,83.33333333333334,8,26.666666666666668,8,26.666666666666668,5,16.666666666666664,3,10.0,1,3.3333333333333335,5,16.666666666666664,2.533333333333333,1.9275776393067947,2.0,2.75,73.33333333333333,80.0,80.0,14,46.666666666666664,6,20.0,2,6.666666666666667,2,6.666666666666667,0,0.0,6,20.0,2.533333333333333,1.746106780494506,2.0,2.75,73.33333333333333,83.33333333333334,86.66666666666667,12,40.0,7,23.333333333333332,3,10.0,3,10.0,1,3.3333333333333335,4,13.333333333333334,2.7,1.8284784202536637,2.0,3.0,70.0,80.0,83.33333333333334,11,36.666666666666664,7,23.333333333333332,3,10.0,3,10.0,1,3.3333333333333335,5,16.666666666666664
542,True,2.5,1.6278820596099706,2.0,2.0,76.66666666666667,86.66666666666667,90.0,12,40.0,5,16.666666666666664,6,20.0,3,10.0,1,3.3333333333333335,3,10.0,2.0,1.5491933384829668,1.0,2.0,90.0,90.0,90.0,18,60.0,3,10.0,6,20.0,0,0.0,0,0.0,3,10.0,2.2,1.7009801096230763,1.0,2.0,86.66666666666667,86.66666666666667,86.66666666666667,17,56.666666666666664,2,6.666666666666667,7,23.333333333333332,0,0.0,0,0.0,4,13.333333333333334,2.4,1.7048949136725897,1.5,2.0,80.0,83.33333333333334,90.0,15,50.0,2,6.666666666666667,7,23.333333333333332,1,3.3333333333333335,2,6.666666666666667,3,10.0
543,False,2.433333333333333,1.7451520150277897,2.0,2.0,83.33333333333334,83.33333333333334,83.33333333333334,12,40.0,8,26.666666666666668,5,16.666666666666664,0,0.0,0,0.0,5,16.666666666666664,1.8666666666666667,1.4079141387961918,1.0,1.0,86.66666666666667,93.33333333333333,93.33333333333333,18,60.0,6,20.0,2,6.666666666666667,2,6.666666666666667,0,0.0,2,6.666666666666667,2.1333333333333333,1.6679994670929073,1.0,1.75,86.66666666666667,86.66666666666667,86.66666666666667,16,53.333333333333336,6,20.0,4,13.333333333333334,0,0.0,0,0.0,4,13.333333333333334,2.2666666666666666,1.590248058916875,2.0,2.0,80.0,90.0,90.0,14,46.666666666666664,6,20.0,4,13.333333333333334,3,10.0,0,0.0,3,10.0
544,False,2.9,1.8681541692269406,2.0,3.5,70.0,73.33333333333333,80.0,8,26.666666666666668,10,33.33333333333333,3,10.0,1,3.3333333333333335,2,6.666666666666667,6,20.0,2.3333333333333335,1.577621275493231,2.0,2.0,80.0,83.33333333333334,93.33333333333333,12,40.0,9,30.0,3,10.0,1,3.3333333333333335,3,10.0,2,6.666666666666667,2.3,1.5088627063675033,2.0,2.0,83.33333333333334,86.66666666666667,93.33333333333333,12,40.0,8,26.666666666666668,5,16.666666666666664,1,3.3333333333333335,2,6.666666666666667,2,6.666666666666667,2.7666666666666666,1.8199511592958264,2.0,2.75,73.33333333333333,76.66666666666667,83.33333333333334,10,33.33333333333333,7,23.333333333333332,5,16.666666666666664,1,3.3333333333333335,2,6.666666666666667,5,16.666666666666664
545,False,2.5,1.648231375343482,2.0,2.0,76.66666666666667,83.33333333333334,90.0,11,36.666666666666664,8,26.666666666666668,4,13.333333333333334,2,6.666666666666667,2,6.666666666666667,3,10.0,2.066666666666667,1.5040685563571303,2.0,1.0,86.66666666666667,90.0,90.0,14,46.666666666666664,10,33.33333333333333,2,6.666666666666667,1,3.3333333333333335,0,0.0,3,10.0,2.3333333333333335,1.757523510195209,2.0,1.75,83.33333333333334,83.33333333333334,83.33333333333334,13,43.333333333333336,9,30.0,3,10.0,0,0.0,0,0.0,5,16.666666666666664,2.566666666666667,1.8015425489162211,2.0,1.75,80.0,80.0,80.0,9,30.0,13,43.333333333333336,2,6.666666666666667,0,0.0,0,0.0,6,20.0
546,False,2.433333333333333,1.7065234314893605,2.0,2.75,73.33333333333333,86.66666666666667,86.66666666666667,12,40.0,9,30.0,1,3.3333333333333335,4,13.333333333333334,0,0.0,4,13.333333333333334,2.2333333333333334,1.9779338265529063,1.0,1.0,76.66666666666667,80.0,80.0,19,63.33333333333333,4,13.333333333333334,0,0.0,1,3.3333333333333335,0,0.0,6,20.0,2.2333333333333334,1.9093337988826249,1.0,1.0,76.66666666666667,80.0,83.33333333333334,18,60.0,5,16.666666666666664,0,0.0,1,3.3333333333333335,1,3.3333333333333335,5,16.666666666666664,3.1,2.0872629605937694,2.0,5.0,60.0,70.0,70.0,10,33.33333333333333,7,23.333333333333332,1,3.3333333333333335,3,10.0,0,0.0,9,30.0
547,False,2.533333333333333,1.892675942210452,2.0,2.75,73.33333333333333,76.66666666666667,83.33333333333334,13,43.333333333333336,8,26.666666666666668,1,3.3333333333333335,1,3.3333333333333335,2,6.666666666666667,5,16.666666666666664,1.8333333333333333,1.462494064565354,1.0,1.0,90.0,90.0,93.33333333333333,20,66.66666666666666,3,10.0,4,13.333333333333334,0,0.0,1,3.3333333333333335,2,6.666666666666667,2.1,1.7767010628315238,1.0,1.75,83.33333333333334,83.33333333333334,86.66666666666667,19,63.33333333333333,3,10.0,3,10.0,0,0.0,1,3.3333333333333335,4,13.333333333333334,2.1,1.7,1.0,2.0,86.66666666666667,86.66666666666667,86.66666666666667,18,60.0,3,10.0,5,16.666666666666664,0,0.0,0,0.0,4,13.333333333333334
548,False,3.1,1.8321208111548395,3.0,3.75,70.0,73.33333333333333,80.0,9,30.0,2,6.666666666666667,10,33.33333333333333,1,3.3333333333333335,2,6.666666666666667,6,20.0,2.2666666666666666,1.671991493864594,1.0,2.0,80.0,86.66666666666667,90.0,16,53.333333333333336,3,10.0,5,16.666666666666664,2,6.666666666666667,1,3.3333333333333335,3,10.0,2.3333333333333335,1.6599866130651642,1.5,2.0,80.0,86.66666666666667,90.0,15,50.0,3,10.0,6,20.0,2,6.666666666666667,1,3.3333333333333335,3,10.0,2.966666666666667,1.9576062480034697,2.5,4.0,66.66666666666666,70.0,80.0,11,36.666666666666664,4,13.333333333333334,5,16.666666666666664,1,3.3333333333333335,3,10.0,6,20.0
549,False,2.566666666666667,1.4761059883656353,2.0,1.0,83.33333333333334,86.66666666666667,90.0,7,23.333333333333332,11,36.666666666666664,7,23.333333333333332,1,3.3333333333333335,1,3.3333333333333335,3,10.0,2.2333333333333334,1.6669999666733315,2.0,1.75,83.33333333333334,86.66666666666667,86.66666666666667,14,46.666666666666664,8,26.666666666666668,3,10.0,1,3.3333333333333335,0,0.0,4,13.333333333333334,2.3666666666666667,1.5595583420386114,2.0,2.0,80.0,90.0,90.0,12,40.0,7,23.333333333333332,5,16.666666666666664,3,10.0,0,0.0,3,10.0,2.9,1.903505538035898,2.0,3.0,70.0,76.66666666666667,76.66666666666667,9,30.0,8,26.666666666666668,4,13.333333333333334,2,6.666666666666667,0,0.0,7,23.333333333333332
550,False,2.7,1.6155494421403511,2.0,2.5,73.33333333333333,86.66666666666667,86.66666666666667,8,26.666666666666668,9,30.0,5,16.666666666666664,4,13.333333333333334,0,0.0,4,13.333333333333334,2.2666666666666666,1.6918103387266028,2.0,1.75,80.0,86.66666666666667,86.66666666666667,14,46.666666666666664,8,26.666666666666668,2,6.666666666666667,2,6.666666666666667,0,0.0,4,13.333333333333334,2.4,1.7435595774162695,2.0,2.75,73.33333333333333,86.66666666666667,86.66666666666667,14,46.666666666666664,6,20.0,2,6.666666666666667,4,13.333333333333334,0,0.0,4,13.333333333333334,2.7333333333333334,1.8245242911205346,2.0,3.0,70.0,80.0,83.33333333333334,11,36.666666666666664,6,20.0,4,13.333333333333334,3,10.0,1,3.3333333333333335,5,16.666666666666664
551,False,2.6333333333333333,1.6428295373802142,2.0,2.75,73.33333333333333,86.66666666666667,86.66666666666667,9,30.0,9,30.0,4,13.333333333333334,4,13.333333333333334,0,0.0,4,13.333333333333334,2.2666666666666666,1.7876116903722563,1.5,1.75,83.33333333333334,83.33333333333334,83.33333333333334,15,50.0,7,23.333333333333332,3,10.0,0,0.0,0,0.0,5,16.666666666666664,2.433333333333333,1.8917951498216947,2.0,2.0,80.0,80.0,80.0,14,46.666666666666664,7,23.333333333333332,3,10.0,0,0.0,0,0.0,6,20.0,2.933333333333333,2.0154955277107964,2.0,4.5,70.0,73.33333333333333,73.33333333333333,11,36.666666666666664,5,16.666666666666664,5,16.666666666666664,1,3.3333333333333335,0,0.0,8,26.666666666666668
552,False,2.6,1.836663641860788,2.0,2.0,76.66666666666667,80.0,80.0,10,33.33333333333333,11,36.666666666666664,2,6.666666666666667,1,3.3333333333333335,0,0.0,6,20.0,2.2333333333333334,1.6265163865007803,1.5,2.0,76.66666666666667,90.0,90.0,15,50.0,6,20.0,2,6.666666666666667,4,13.333333333333334,0,0.0,3,10.0,2.433333333333333,1.92671280221579,1.5,2.0,76.66666666666667,80.0,80.0,15,50.0,6,20.0,2,6.666666666666667,1,3.3333333333333335,0,0.0,6,20.0,2.7333333333333334,1.9652537297311568,2.0,3.0,66.66666666666666,76.66666666666667,80.0,13,43.333333333333336,5,16.666666666666664,2,6.666666666666667,3,10.0,1,3.3333333333333335,6,20.0
553,False,2.8333333333333335,1.6141733350404335,2.0,2.0,66.66666666666666,86.66666666666667,86.66666666666667,7,23.333333333333332,9,30.0,4,13.333333333333334,6,20.0,0,0.0,4,13.333333333333334,2.5,1.91049731745428,2.0,2.0,76.66666666666667,80.0,80.0,14,46.666666666666664,6,20.0,3,10.0,1,3.3333333333333335,0,0.0,6,20.0,2.6,1.6653327995729061,2.0,3.0,70.0,83.33333333333334,90.0,10,33.33333333333333,9,30.0,2,6.666666666666667,4,13.333333333333334,2,6.666666666666667,3,10.0,3.2666666666666666,1.9988885800753264,2.5,4.5,56.666666666666664,66.66666666666666,73.33333333333333,8,26.666666666666668,7,23.333333333333332,2,6.666666666666667,3,10.0,2,6.666666666666667,8,26.666666666666668
554,False,2.3666666666666667,1.32874209519965,2.0,2.0,86.66666666666667,93.33333333333333,93.33333333333333,9,30.0,9,30.0,8,26.666666666666668,2,6.666666666666667,0,0.0,2,6.666666666666667,2.2333333333333334,1.5423647068345698,2.0,2.0,83.33333333333334,90.0,90.0,13,43.333333333333336,8,26.666666666666668,4,13.333333333333334,2,6.666666666666667,0,0.0,3,10.0,2.433333333333333,1.6265163865007801,2.0,2.0,80.0,83.33333333333334,90.0,11,36.666666666666664,9,30.0,4,13.333333333333334,1,3.3333333333333335,2,6.666666666666667,3,10.0,2.9,1.8502252115170557,2.0,3.0,70.0,76.66666666666667,80.0,9,30.0,7,23.333333333333332,5,16.666666666666664,2,6.666666666666667,1,3.3333333333333335,6,20.0
555,False,2.3,1.5524174696260022,2.0,2.0,83.33333333333334,90.0,90.0,13,43.333333333333336,6,20.0,6,20.0,2,6.666666666666667,0,0.0,3,10.0,2.1333333333333333,1.521694961401777,2.0,1.75,86.66666666666667,90.0,90.0,14,46.666666666666664,8,26.666666666666668,4,13.333333333333334,1,3.3333333333333335,0,0.0,3,10.0,2.2666666666666666,1.6110727964792764,2.0,1.75,86.66666666666667,86.66666666666667,86.66666666666667,12,40.0,10,33.33333333333333,4,13.333333333333334,0,0.0,0,0.0,4,13.333333333333334,2.466666666666667,1.8926759422104522,2.0,2.0,80.0,80.0,80.0,14,46.666666666666664,6,20.0,4,13.333333333333334,0,0.0,0,0.0,6,20.0
556,False,2.533333333333333,1.80246744461277,2.0,2.0,76.66666666666667,83.33333333333334,83.33333333333334,13,43.333333333333336,5,16.666666666666664,5,16.666666666666664,2,6.666666666666667,0,0.0,5,16.666666666666664,2.0,1.5491933384829668,1.0,1.0,86.66666666666667,90.0,90.0,17,56.666666666666664,6,20.0,3,10.0,1,3.3333333333333335,0,0.0,3,10.0,2.2333333333333334,1.8381754238616317,1.0,1.75,80.0,83.33333333333334,83.33333333333334,17,56.666666666666664,5,16.666666666666664,2,6.666666666666667,1,3.3333333333333335,0,0.0,5,16.666666666666664,2.2,1.6812693617224654,1.5,1.75,83.33333333333334,86.66666666666667,86.66666666666667,15,50.0,7,23.333333333333332,3,10.0,1,3.3333333333333335,0,0.0,4,13.333333333333334
557,False,2.7333333333333334,1.7307673314329561,2.0,2.75,73.33333333333333,83.33333333333334,83.33333333333334,9,30.0,8,26.666666666666668,5,16.666666666666664,3,10.0,0,0.0,5,16.666666666666664,2.1333333333333333,1.5648926125740668,1.5,1.75,83.33333333333334,90.0,90.0,15,50.0,7,23.333333333333332,3,10.0,2,6.666666666666667,0,0.0,3,10.0,2.466666666666667,1.839081896551163,2.0,2.75,73.33333333333333,83.33333333333334,83.33333333333334,14,46.666666666666664,6,20.0,2,6.666666666666667,3,10.0,0,0.0,5,16.666666666666664,2.6333333333333333,1.9745604292826515,2.0,3.0,70.0,76.66666666666667,80.0,14,46.666666666666664,5,16.666666666666664,2,6.666666666666667,2,6.666666666666667,1,3.3333333333333335,6,20.0
558,True,1.8333333333333333,1.3186693629901656,1.0,1.0,93.33333333333333,93.33333333333333,93.33333333333333,17,56.666666666666664,7,23.333333333333332,4,13.333333333333334,0,0.0,0,0.0,2,6.666666666666667,1.7333333333333334,1.412641340027806,1.0,1.0,90.0,90.0,93.33333333333333,20,66.66666666666666,6,20.0,1,3.3333333333333335,0,0.0,1,3.3333333333333335,2,6.666666666666667,1.7666666666666666,1.4302291968616625,1.0,1.0,90.0,90.0,93.33333333333333,20,66.66666666666666,5,16.666666666666664,2,6.666666666666667,0,0.0,1,3.3333333333333335,2,6.666666666666667,2.6666666666666665,1.9720265943665387,2.0,3.0,70.0,76.66666666666667,80.0,14,46.666666666666664,4,13.333333333333334,3,10.0,2,6.666666666666667,1,3.3333333333333335,6,20.0
559,False,2.2,1.2489995996796797,2.0,1.0,83.33333333333334,93.33333333333333,96.66666666666667,9,30.0,14,46.666666666666664,2,6.666666666666667,3,10.0,1,3.3333333333333335,1,3.3333333333333335,1.9,1.274100990241093,2.0,1.0,93.33333333333333,93.33333333333333,93.33333333333333,14,46.666666666666664,11,36.666666666666664,3,10.0,0,0.0,0,0.0,2,6.666666666666667,2.033333333333333,1.27758452644912,2.0,1.0,86.66666666666667,93.33333333333333,96.66666666666667,13,43.333333333333336,10,33.33333333333333,3,10.0,2,6.666666666666667,1,3.3333333333333335,1,3.3333333333333335,2.466666666666667,1.4996295838935991,2.0,1.75,83.33333333333334,86.66666666666667,90.0,8,26.666666666666668,12,40.0,5,16.666666666666664,1,3.3333333333333335,1,3.3333333333333335,3,10.0
560,False,2.6333333333333333,1.702612371882951,2.0,3.0,70.0,86.66666666666667,86.66666666666667,11,36.666666666666664,6,20.0,4,13.333333333333334,5,16.666666666666664,0,0.0,4,13.333333333333334,2.066666666666667,1.8245242911205346,1.0,1.0,83.33333333333334,83.33333333333334,83.33333333333334,19,63.33333333333333,5,16.666666666666664,1,3.3333333333333335,0,0.0,0,0.0,5,16.666666666666664,2.2,1.7397317800933185,1.0,2.0,80.0,86.66666666666667,86.66666666666667,17,56.666666666666664,4,13.333333333333334,3,10.0,2,6.666666666666667,0,0.0,4,13.333333333333334,2.6666666666666665,1.757523510195209,2.0,3.0,66.66666666666666,80.0,90.0,12,40.0,5,16.666666666666664,3,10.0,4,13.333333333333334,3,10.0,3,10.0
561,False,2.7,1.8101565309847285,2.0,3.0,70.0,80.0,83.33333333333334,10,33.33333333333333,9,30.0,2,6.666666666666667,3,10.0,1,3.3333333333333335,5,16.666666666666664,2.2,1.7009801096230766,1.5,1.0,80.0,86.66666666666667,86.66666666666667,15,50.0,8,26.666666666666668,1,3.3333333333333335,2,6.666666666666667,0,0.0,4,13.333333333333334,2.3,1.7729448195962931,1.5,1.75,76.66666666666667,83.33333333333334,86.66666666666667,15,50.0,7,23.333333333333332,1,3.3333333333333335,2,6.666666666666667,1,3.3333333333333335,4,13.333333333333334,2.933333333333333,2.031966753883756,2.0,4.5,66.66666666666666,73.33333333333333,73.33333333333333,11,36.666666666666664,6,20.0,3,10.0,2,6.666666666666667,0,0.0,8,26.666666666666668
562,True,2.3666666666666667,1.601735170231195,2.0,1.75,83.33333333333334,86.66666666666667,86.66666666666667,10,33.33333333333333,12,40.0,3,10.0,1,3.3333333333333335,0,0.0,4,13.333333333333334,2.1666666666666665,1.654958878307521,1.5,1.75,86.66666666666667,86.66666666666667,86.66666666666667,15,50.0,7,23.333333333333332,4,13.333333333333334,0,0.0,0,0.0,4,13.333333333333334,2.066666666666667,1.4590712418826195,2.0,1.0,90.0,90.0,90.0,13,43.333333333333336,11,36.666666666666664,3,10.0,0,0.0,0,0.0,3,10.0,2.433333333333333,1.8381754238616315,2.0,1.75,76.66666666666667,80.0,83.33333333333334,13,43.333333333333336,9,30.0,1,3.3333333333333335,1,3.3333333333333335,1,3.3333333333333335,5,16.666666666666664
563,False,2.8,1.973153144926499,2.0,3.5,73.33333333333333,73.33333333333333,76.66666666666667,11,36.666666666666664,7,23.333333333333332,4,13.333333333333334,0,0.0,1,3.3333333333333335,7,23.333333333333332,2.1,1.7387735140993301,1.0,2.0,83.33333333333334,86.66666666666667,86.66666666666667,19,63.33333333333333,2,6.666666666666667,4,13.333333333333334,1,3.3333333333333335,0,0.0,4,13.333333333333334,2.5,2.0936411663256274,1.0,3.0,70.0,76.66666666666667,76.66666666666667,18,60.0,2,6.666666666666667,1,3.3333333333333335,2,6.666666666666667,0,0.0,7,23.333333333333332,2.533333333333333,1.9787762772874442,1.0,3.0,70.0,80.0,80.0,16,53.333333333333336,3,10.0,2,6.666666666666667,3,10.0,0,0.0,6,20.0
564,False,2.7333333333333334,1.671991493864594,2.0,1.0,76.66666666666667,83.33333333333334,83.33333333333334,7,23.333333333333332,11,36.666666666666664,5,16.666666666666664,2,6.666666666666667,0,0.0,5,16.666666666666664,2.4,1.624807680927192,2.0,2.0,83.33333333333334,86.66666666666667,86.66666666666667,11,36.666666666666664,9,30.0,5,16.666666666666664,1,3.3333333333333335,0,0.0,4,13.333333333333334,2.533333333333333,1.6275407487644937,2.0,2.0,76.66666666666667,83.33333333333334,90.0,10,33.33333333333333,9,30.0,4,13.333333333333334,2,6.666666666666667,2,6.666666666666667,3,10.0,3.066666666666667,1.6110727964792761,3.0,2.0,63.33333333333333,80.0,86.66666666666667,5,16.666666666666664,9,30.0,5,16.666666666666664,5,16.666666666666664,2,6.666666666666667,4,13.333333333333334
565,False,2.6666666666666665,1.86785676348292,2.0,2.5,73.33333333333333,76.66666666666667,80.0,9,30.0,13,43.333333333333336,0,0.0,1,3.3333333333333335,1,3.3333333333333335,6,20.0,1.9333333333333333,1.339983416149452,1.5,1.0,90.0,93.33333333333333,93.33333333333333,15,50.0,9,30.0,3,10.0,1,3.3333333333333335,0,0.0,2,6.666666666666667,2.1,1.5132745950421556,2.0,1.0,86.66666666666667,90.0,90.0,14,46.666666666666664,9,30.0,3,10.0,1,3.3333333333333335,0,0.0,3,10.0,2.8666666666666667,1.978776277287444,2.0,3.75,70.0,73.33333333333333,76.66666666666667,11,36.666666666666664,6,20.0,4,13.333333333333334,1,3.3333333333333335,1,3.3333333333333335,7,23.333333333333332
566,False,2.8,1.7397317800933183,2.5,2.0,76.66666666666667,80.0,83.33333333333334,9,30.0,6,20.0,8,26.666666666666668,1,3.3333333333333335,1,3.3333333333333335,5,16.666666666666664,2.4,1.685229954635272,2.0,2.0,80.0,86.66666666666667,86.66666666666667,13,43.333333333333336,6,20.0,5,16.666666666666664,2,6.666666666666667,0,0.0,4,13.333333333333334,2.466666666666667,1.6679994670929073,2.0,2.0,80.0,86.66666666666667,86.66666666666667,12,40.0,6,20.0,6,20.0,2,6.666666666666667,0,0.0,4,13.333333333333334,3.1666666666666665,2.0829999733290654,2.5,5.0,63.33333333333333,66.66666666666666,70.0,10,33.33333333333333,5,16.666666666666664,4,13.333333333333334,1,3.3333333333333335,1,3.3333333333333335,9,30.0
567,False,2.8333333333333335,1.790406533599438,2.0,3.0,66.66666666666666,80.0,83.33333333333334,9,30.0,8,26.666666666666668,3,10.0,4,13.333333333333334,1,3.3333333333333335,5,16.666666666666664,2.2,1.886796226411321,1.0,1.0,80.0,80.0,83.33333333333334,18,60.0,5,16.666666666666664,1,3.3333333333333335,0,0.0,1,3.3333333333333335,5,16.666666666666664,2.4,1.9765289440498126,1.0,1.75,76.66666666666667,76.66666666666667,80.0,16,53.333333333333336,6,20.0,1,3.3333333333333335,0,0.0,1,3.3333333333333335,6,20.0,2.7,1.8101565309847285,2.0,3.0,70.0,76.66666666666667,86.66666666666667,11,36.666666666666664,7,23.333333333333332,3,10.0,2,6.666666666666667,3,10.0,4,13.333333333333334
568,False,2.6666666666666665,1.8135294011647258,2.0,2.0,76.66666666666667,76.66666666666667,83.33333333333334,10,33.33333333333333,9,30.0,4,13.333333333333334,0,0.0,2,6.666666666666667,5,16.666666666666664,2.4,1.781385228784985,2.0,2.0,80.0,80.0,86.66666666666667,14,46.666666666666664,6,20.0,4,13.333333333333334,0,0.0,2,6.666666666666667,4,13.333333333333334,2.5,1.7841898254763513,2.0,2.0,76.66666666666667,80.0,86.66666666666667,13,43.333333333333336,6,20.0,4,13.333333333333334,1,3.3333333333333335,2,6.666666666666667,4,13.333333333333334,3.2,2.11974841274462,2.0,5.0,60.0,63.33333333333333,70.0,10,33.33333333333333,6,20.0,2,6.666666666666667,1,3.3333333333333335,2,6.666666666666667,9,30.0
569,False,2.8666666666666667,1.9102065042525873,2.0,3.0,66.66666666666666,76.66666666666667,80.0,11,36.666666666666664,5,16.666666666666664,4,13.333333333333334,3,10.0,1,3.3333333333333335,6,20.0,2.3,1.7349351572897471,1.5,2.0,83.33333333333334,83.33333333333334,86.66666666666667,15,50.0,5,16.666666666666664,5,16.666666666666664,0,0.0,1,3.3333333333333335,4,13.333333333333334,2.466666666666667,1.765093639316497,2.0,2.0,80.0,80.0,86.66666666666667,13,43.333333333333336,6,20.0,5,16.666666666666664,0,0.0,2,6.666666666666667,4,13.333333333333334,2.7333333333333334,1.9136933459209766,2.0,3.5,73.33333333333333,73.33333333333333,83.33333333333334,13,43.333333333333336,3,10.0,6,20.0,0,0.0,3,10.0,5,16.666666666666664
570,False,2.3333333333333335,1.6397831834998458,2.0,2.0,83.33333333333334,86.66666666666667,86.66666666666667,12,40.0,9,30.0,4,13.333333333333334,1,3.3333333333333335,0,0.0,4,13.333333333333334,2.1666666666666665,1.654958878307521,1.0,1.75,80.0,86.66666666666667,90.0,16,53.333333333333336,6,20.0,2,6.666666666666667,2,6.666666666666667,1,3.3333333333333335,3,10.0,2.3666666666666667,1.7792008193443358,2.0,2.0,83.33333333333334,83.33333333333334,83.33333333333334,14,46.666666666666664,6,20.0,5,16.666666666666664,0,0.0,0,0.0,5,16.666666666666664,2.2333333333333334,1.358512258154322,2.0,2.0,86.66666666666667,90.0,96.66666666666667,12,40.0,7,23.333333333333332,7,23.333333333333332,1,3.3333333333333335,2,6.666666666666667,1,3.3333333333333335
571,True,2.7,1.4410644214144859,2.0,1.0,76.66666666666667,90.0,90.0,6,20.0,10,33.33333333333333,7,23.333333333333332,4,13.333333333333334,0,0.0,3,10.0,2.3666666666666667,1.7026123718829513,2.0,2.0,83.33333333333334,83.33333333333334,86.66666666666667,13,43.333333333333336,7,23.333333333333332,5,16.666666666666664,0,0.0,1,3.3333333333333335,4,13.333333333333334,2.3666666666666667,1.5162087220725546,2.0,2.0,83.33333333333334,90.0,90.0,11,36.666666666666664,8,26.666666666666668,6,20.0,2,6.666666666666667,0,0.0,3,10.0,2.7333333333333334,1.5477582354991866,2.5,2.5,73.33333333333333,86.66666666666667,90.0,8,26.666666666666668,7,23.333333333333332,7,23.333333333333332,4,13.333333333333334,1,3.3333333333333335,3,10.0
572,True,2.033333333333333,1.015983376941878,2.0,1.0,90.0,96.66666666666667,100.0,10,33.33333333333333,13,43.333333333333336,4,13.333333333333334,2,6.666666666666667,1,3.3333333333333335,0,0.0,2.066666666666667,1.4817407180595248,1.5,1.0,83.33333333333334,90.0,93.33333333333333,15,50.0,8,26.666666666666668,2,6.666666666666667,2,6.666666666666667,1,3.3333333333333335,2,6.666666666666667,2.4,1.818424226264781,2.0,2.0,76.66666666666667,83.33333333333334,83.33333333333334,14,46.666666666666664,7,23.333333333333332,2,6.666666666666667,2,6.666666666666667,0,0.0,5,16.666666666666664,2.6,1.8366636418607882,2.0,3.0,70.0,80.0,83.33333333333334,11,36.666666666666664,10,33.33333333333333,0,0.0,3,10.0,1,3.3333333333333335,5,16.666666666666664
573,False,2.966666666666667,1.852625764212034,2.5,3.0,66.66666666666666,76.66666666666667,80.0,9,30.0,6,20.0,5,16.666666666666664,3,10.0,1,3.3333333333333335,6,20.0,2.2666666666666666,1.671991493864594,1.0,2.0,80.0,86.66666666666667,90.0,16,53.333333333333336,3,10.0,5,16.666666666666664,2,6.666666666666667,1,3.3333333333333335,3,10.0,2.566666666666667,1.8381754238616315,2.0,2.75,73.33333333333333,83.33333333333334,83.33333333333334,14,46.666666666666664,3,10.0,5,16.666666666666664,3,10.0,0,0.0,5,16.666666666666664,2.933333333333333,1.9136933459209768,3.0,3.75,63.33333333333333,73.33333333333333,83.33333333333334,12,40.0,2,6.666666666666667,5,16.666666666666664,3,10.0,3,10.0,5,16.666666666666664
574,False,2.9,1.7,2.5,1.75,73.33333333333333,80.0,83.33333333333334,7,23.333333333333332,8,26.666666666666668,7,23.333333333333332,2,6.666666666666667,1,3.3333333333333335,5,16.666666666666664,2.6,1.8366636418607882,2.0,2.75,73.33333333333333,80.0,83.33333333333334,12,40.0,7,23.333333333333332,3,10.0,2,6.666666666666667,1,3.3333333333333335,5,16.666666666666664,2.6666666666666665,1.849924923401548,2.0,2.75,73.33333333333333,76.66666666666667,83.33333333333334,11,36.666666666666664,8,26.666666666666668,3,10.0,1,3.3333333333333335,2,6.666666666666667,5,16.666666666666664,2.966666666666667,1.7603661235347858,3.0,3.0,63.33333333333333,76.66666666666667,86.66666666666667,9,30.0,5,16.666666666666664,5,16.666666666666664,4,13.333333333333334,3,10.0,4,13.333333333333334
575,True,2.1666666666666665,1.4851112939963644,2.0,1.0,86.66666666666667,90.0,90.0,12,40.0,11,36.666666666666664,3,10.0,1,3.3333333333333335,0,0.0,3,10.0,1.9666666666666666,1.3034143197344767,1.5,1.0,86.66666666666667,93.33333333333333,96.66666666666667,15,50.0,8,26.666666666666668,3,10.0,2,6.666666666666667,1,3.3333333333333335,1,3.3333333333333335,2.066666666666667,1.3888444437333107,2.0,1.75,86.66666666666667,93.33333333333333,93.33333333333333,14,46.666666666666664,8,26.666666666666668,4,13.333333333333334,2,6.666666666666667,0,0.0,2,6.666666666666667,2.6,1.8903262505010434,2.0,2.75,73.33333333333333,76.66666666666667,83.33333333333334,13,43.333333333333336,6,20.0,3,10.0,1,3.3333333333333335,2,6.666666666666667,5,16.666666666666664
576,True,2.6333333333333333,1.6629959577688562,2.0,2.0,76.66666666666667,83.33333333333334,86.66666666666667,9,30.0,9,30.0,5,16.666666666666664,2,6.666666666666667,1,3.3333333333333335,4,13.333333333333334,2.3333333333333335,1.8135294011647258,1.0,2.75,73.33333333333333,83.33333333333334,86.66666666666667,16,53.333333333333336,5,16.666666666666664,1,3.3333333333333335,3,10.0,1,3.3333333333333335,4,13.333333333333334,2.466666666666667,1.7074997966487597,2.0,2.75,73.33333333333333,86.66666666666667,86.66666666666667,12,40.0,8,26.666666666666668,2,6.666666666666667,4,13.333333333333334,0,0.0,4,13.333333333333334,2.7333333333333334,1.896195020443719,2.0,3.0,66.66666666666666,76.66666666666667,83.33333333333334,12,40.0,6,20.0,2,6.666666666666667,3,10.0,2,6.666666666666667,5,16.666666666666664
577,False,2.4,1.4966629547095764,2.0,2.0,86.66666666666667,86.66666666666667,90.0,9,30.0,11,36.666666666666664,6,20.0,0,0.0,1,3.3333333333333335,3,10.0,2.1333333333333333,1.564892612574067,2.0,1.0,86.66666666666667,86.66666666666667,90.0,14,46.666666666666664,9,30.0,3,10.0,0,0.0,1,3.3333333333333335,3,10.0,2.2,1.6,2.0,1.75,83.33333333333334,86.66666666666667,90.0,14,46.666666666666664,8,26.666666666666668,3,10.0,1,3.3333333333333335,1,3.3333333333333335,3,10.0,2.566666666666667,1.6468825769380833,2.0,2.75,73.33333333333333,83.33333333333334,90.0,10,33.33333333333333,9,30.0,3,10.0,3,10.0,2,6.666666666666667,3,10.0
578,False,2.6333333333333333,1.8526257642120336,2.0,2.75,73.33333333333333,80.0,80.0,10,33.33333333333333,11,36.666666666666664,1,3.3333333333333335,2,6.666666666666667,0,0.0,6,20.0,2.1333333333333333,1.7074997966487597,1.0,1.0,80.0,83.33333333333334,90.0,17,56.666666666666664,6,20.0,1,3.3333333333333335,1,3.3333333333333335,2,6.666666666666667,3,10.0,2.3666666666666667,1.9058389811897076,1.0,2.5,73.33333333333333,80.0,83.33333333333334,16,53.333333333333336,6,20.0,0,0.0,2,6.666666666666667,1,3.3333333333333335,5,16.666666666666664,2.566666666666667,1.9267128022157902,2.0,3.5,73.33333333333333,73.33333333333333,83.33333333333334,13,43.333333333333336,8,26.666666666666668,1,3.3333333333333335,0,0.0,3,10.0,5,16.666666666666664
579,True,2.6666666666666665,1.534781924429512,2.0,1.0,80.0,83.33333333333334,90.0,7,23.333333333333332,10,33.33333333333333,7,23.333333333333332,1,3.3333333333333335,2,6.666666666666667,3,10.0,2.3,1.5524174696260022,2.0,2.0,86.66666666666667,86.66666666666667,90.0,12,40.0,8,26.666666666666668,6,20.0,0,0.0,1,3.3333333333333335,3,10.0,2.533333333333333,1.6478942792411035,2.0,2.0,80.0,83.33333333333334,90.0,12,40.0,4,13.333333333333334,8,26.666666666666668,1,3.3333333333333335,2,6.666666666666667,3,10.0,2.533333333333333,1.564892612574067,2.0,2.0,76.66666666666667,83.33333333333334,93.33333333333333,10,33.33333333333333,8,26.666666666666668,5,16.666666666666664,2,6.666666666666667,3,10.0,2,6.666666666666667
580,False,2.6666666666666665,1.903213656482693,2.0,2.75,73.33333333333333,76.66666666666667,80.0,11,36.666666666666664,9,30.0,2,6.666666666666667,1,3.3333333333333335,1,3.3333333333333335,6,20.0,2.066666666666667,1.590248058916875,1.0,1.75,83.33333333333334,90.0,90.0,17,56.666666666666664,5,16.666666666666664,3,10.0,2,6.666666666666667,0,0.0,3,10.0,2.1,1.6401219466856725,1.0,1.75,83.33333333333334,86.66666666666667,90.0,17,56.666666666666664,5,16.666666666666664,3,10.0,1,3.3333333333333335,1,3.3333333333333335,3,10.0,2.5,1.875277757204694,2.0,2.75,73.33333333333333,80.0,83.33333333333334,14,46.666666666666664,6,20.0,2,6.666666666666667,2,6.666666666666667,1,3.3333333333333335,5,16.666666666666664
581,False,2.8,1.9899748742132402,2.0,3.75,66.66666666666666,73.33333333333333,80.0,13,43.333333333333336,4,13.333333333333334,3,10.0,2,6.666666666666667,2,6.666666666666667,6,20.0,2.3333333333333335,1.8856180831641267,1.0,2.0,80.0,80.0,83.33333333333334,17,56.666666666666664,3,10.0,4,13.333333333333334,0,0.0,1,3.3333333333333335,5,16.666666666666664,2.433333333333333,1.7451520150277897,2.0,2.0,76.66666666666667,80.0,90.0,14,46.666666666666664,5,16.666666666666664,4,13.333333333333334,1,3.3333333333333335,3,10.0,3,10.0,2.3333333333333335,1.7575235101952087,1.5,2.0,80.0,83.33333333333334,86.66666666666667,15,50.0,5,16.666666666666664,4,13.333333333333334,1,3.3333333333333335,1,3.3333333333333335,4,13.333333333333334
582,True,1.8666666666666667,1.4079141387961915,1.0,1.0,86.66666666666667,93.33333333333333,93.33333333333333,18,60.0,6,20.0,2,6.666666666666667,2,6.666666666666667,0,0.0,2,6.666666666666667,1.6666666666666667,1.3249737942901192,1.0,0.75,86.66666666666667,93.33333333333333,96.66666666666667,22,73.33333333333333,3,10.0,1,3.3333333333333335,2,6.666666666666667,1,3.3333333333333335,1,3.3333333333333335,1.8,1.351542328847553,1.0,1.0,86.66666666666667,93.33333333333333,96.66666666666667,20,66.66666666666666,3,10.0,3,10.0,2,6.666666666666667,1,3.3333333333333335,1,3.3333333333333335,2.3333333333333335,1.776388345929897,1.5,2.0,76.66666666666667,83.33333333333334,86.66666666666667,15,50.0,6,20.0,2,6.666666666666667,2,6.666666666666667,1,3.3333333333333335,4,13.333333333333334
583,True,2.3666666666666667,1.622412469818394,2.0,1.0,80.0,86.66666666666667,86.66666666666667,10,33.33333333333333,13,43.333333333333336,1,3.3333333333333335,2,6.666666666666667,0,0.0,4,13.333333333333334,1.8666666666666667,1.4544949486180951,1.0,1.0,86.66666666666667,90.0,93.33333333333333,18,60.0,7,23.333333333333332,1,3.3333333333333335,1,3.3333333333333335,1,3.3333333333333335,2,6.666666666666667,1.8666666666666667,1.3349989596333858,1.0,1.0,90.0,93.33333333333333,93.33333333333333,16,53.333333333333336,9,30.0,2,6.666666666666667,1,3.3333333333333335,0,0.0,2,6.666666666666667,2.6666666666666665,1.8318175552045448,2.0,2.75,73.33333333333333,76.66666666666667,83.33333333333334,10,33.33333333333333,10,33.33333333333333,2,6.666666666666667,1,3.3333333333333335,2,6.666666666666667,5,16.666666666666664
584,False,2.2,1.5362291495737217,2.0,1.75,83.33333333333334,90.0,90.0,13,43.333333333333336,9,30.0,3,10.0,2,6.666666666666667,0,0.0,3,10.0,2.033333333333333,1.601735170231195,1.0,1.0,86.66666666666667,86.66666666666667,90.0,17,56.666666666666664,6,20.0,3,10.0,0,0.0,1,3.3333333333333335,3,10.0,2.1666666666666665,1.5933891203622828,1.5,2.0,86.66666666666667,86.66666666666667,90.0,15,50.0,6,20.0,5,16.666666666666664,0,0.0,1,3.3333333333333335,3,10.0,2.7,1.7349351572897471,2.0,3.0,66.66666666666666,80.0,90.0,11,36.666666666666664,6,20.0,3,10.0,4,13.333333333333334,3,10.0,3,10.0
585,False,2.966666666666667,1.87053171287976,2.0,3.5,66.66666666666666,73.33333333333333,80.0,8,26.666666666666668,9,30.0,3,10.0,2,6.666666666666667,2,6.666666666666667,6,20.0,2.466666666666667,1.765093639316497,2.0,2.0,76.66666666666667,80.0,86.66666666666667,12,40.0,9,30.0,2,6.666666666666667,1,3.3333333333333335,2,6.666666666666667,4,13.333333333333334,2.6,1.7625738755203049,2.0,2.75,73.33333333333333,83.33333333333334,83.33333333333334,10,33.33333333333333,10,33.33333333333333,2,6.666666666666667,3,10.0,0,0.0,5,16.666666666666664,2.6333333333333333,1.6428295373802142,2.0,2.75,73.33333333333333,83.33333333333334,90.0,10,33.33333333333333,7,23.333333333333332,5,16.666666666666664,3,10.0,2,6.666666666666667,3,10.0
586,True,2.1,1.7194960502038572,1.0,1.0,80.0,86.66666666666667,86.66666666666667,17,56.666666666666664,7,23.333333333333332,0,0.0,2,6.666666666666667,0,0.0,4,13.333333333333334,1.7333333333333334,1.5477582354991866,1.0,0.75,86.66666666666667,90.0,90.0,22,73.33333333333333,4,13.333333333333334,0,0.0,1,3.3333333333333335,0,0.0,3,10.0,1.7333333333333334,1.4590712418826193,1.0,0.75,83.33333333333334,93.33333333333333,93.33333333333333,22,73.33333333333333,3,10.0,0,0.0,3,10.0,0,0.0,2,6.666666666666667,2.3,1.8284784202536637,1.0,2.75,73.33333333333333,83.33333333333334,86.66666666666667,17,56.666666666666664,4,13.333333333333334,1,3.3333333333333335,3,10.0,1,3.3333333333333335,4,13.333333333333334
587,False,3.1666666666666665,1.9507833184532708,2.0,4.0,70.0,70.0,70.0,6,20.0,10,33.33333333333333,5,16.666666666666664,0,0.0,0,0.0,9,30.0,2.433333333333333,1.7065234314893605,2.0,2.0,80.0,83.33333333333334,86.66666666666667,12,40.0,8,26.666666666666668,4,13.333333333333334,1,3.3333333333333335,1,3.3333333333333335,4,13.333333333333334,2.6,1.8366636418607882,2.0,2.0,76.66666666666667,76.66666666666667,83.33333333333334,11,36.666666666666664,9,30.0,3,10.0,0,0.0,2,6.666666666666667,5,16.666666666666664,3.033333333333333,1.7220788470785986,2.0,2.75,63.33333333333333,73.33333333333333,86.66666666666667,6,20.0,10,33.33333333333333,3,10.0,3,10.0,4,13.333333333333334,4,13.333333333333334
588,False,2.566666666666667,1.7451520150277897,2.0,2.0,76.66666666666667,83.33333333333334,83.33333333333334,10,33.33333333333333,10,33.33333333333333,3,10.0,2,6.666666666666667,0,0.0,5,16.666666666666664,2.1333333333333333,1.6069294390925266,1.0,1.75,80.0,90.0,90.0,16,53.333333333333336,6,20.0,2,6.666666666666667,3,10.0,0,0.0,3,10.0,2.3333333333333335,1.776388345929897,2.0,2.0,83.33333333333334,83.33333333333334,83.33333333333334,14,46.666666666666664,7,23.333333333333332,4,13.333333333333334,0,0.0,0,0.0,5,16.666666666666664,2.7333333333333334,1.9821424996424675,2.0,3.0,66.66666666666666,76.66666666666667,80.0,14,46.666666666666664,3,10.0,3,10.0,3,10.0,1,3.3333333333333335,6,20.0
589,False,2.1666666666666665,1.1855612829185826,2.0,2.0,93.33333333333333,93.33333333333333,96.66666666666667,10,33.33333333333333,10,33.33333333333333,8,26.666666666666668,0,0.0,1,3.3333333333333335,1,3.3333333333333335,2.2666666666666666,1.7688665548562132,1.0,2.0,80.0,83.33333333333334,86.66666666666667,16,53.333333333333336,5,16.666666666666664,3,10.0,1,3.3333333333333335,1,3.3333333333333335,4,13.333333333333334,2.3666666666666667,1.7978382080215733,2.0,2.0,80.0,83.33333333333334,83.33333333333334,14,46.666666666666664,7,23.333333333333332,3,10.0,1,3.3333333333333335,0,0.0,5,16.666666666666664,2.3,1.6155494421403511,2.0,2.0,86.66666666666667,86.66666666666667,86.66666666666667,12,40.0,9,30.0,5,16.666666666666664,0,0.0,0,0.0,4,13.333333333333334
590,False,2.8666666666666667,1.6069294390925268,2.5,1.0,76.66666666666667,80.0,86.66666666666667,6,20.0,9,30.0,8,26.666666666666668,1,3.3333333333333335,2,6.666666666666667,4,13.333333333333334,2.566666666666667,1.8015425489162213,2.0,2.0,76.66666666666667,83.33333333333334,83.33333333333334,13,43.333333333333336,4,13.333333333333334,6,20.0,2,6.666666666666667,0,0.0,5,16.666666666666664,2.6,1.6451950239004087,2.0,2.0,76.66666666666667,86.66666666666667,86.66666666666667,10,33.33333333333333,7,23.333333333333332,6,20.0,3,10.0,0,0.0,4,13.333333333333334,3.3666666666666667,2.0080393975772037,3.0,4.75,56.666666666666664,66.66666666666666,70.0,8,26.666666666666668,5,16.666666666666664,4,13.333333333333334,3,10.0,1,3.3333333333333335,9,30.0
591,False,2.2666666666666666,1.6519348924485158,2.0,1.75,83.33333333333334,86.66666666666667,86.66666666666667,13,43.333333333333336,9,30.0,3,10.0,1,3.3333333333333335,0,0.0,4,13.333333333333334,2.033333333333333,1.4940623220676645,1.5,1.0,86.66666666666667,86.66666666666667,93.33333333333333,15,50.0,9,30.0,2,6.666666666666667,0,0.0,2,6.666666666666667,2,6.666666666666667,2.2333333333333334,1.6669999666733317,2.0,1.75,83.33333333333334,86.66666666666667,86.66666666666667,14,46.666666666666664,8,26.666666666666668,3,10.0,1,3.3333333333333335,0,0.0,4,13.333333333333334,2.566666666666667,1.8740923729160797,2.0,2.0,76.66666666666667,76.66666666666667,83.33333333333334,13,43.333333333333336,6,20.0,4,13.333333333333334,0,0.0,2,6.666666666666667,5,16.666666666666664
592,True,2.7,1.7729448195962934,2.0,2.0,76.66666666666667,80.0,83.33333333333334,10,33.33333333333333,7,23.333333333333332,6,20.0,1,3.3333333333333335,1,3.3333333333333335,5,16.666666666666664,2.1,1.535143858622594,1.5,1.0,83.33333333333334,86.66666666666667,93.33333333333333,15,50.0,8,26.666666666666668,2,6.666666666666667,1,3.3333333333333335,2,6.666666666666667,2,6.666666666666667,2.2333333333333334,1.6868774571839995,1.5,1.75,80.0,83.33333333333334,90.0,15,50.0,7,23.333333333333332,2,6.666666666666667,1,3.3333333333333335,2,6.666666666666667,3,10.0,2.6333333333333333,1.7603661235347856,2.0,2.75,73.33333333333333,80.0,86.66666666666667,11,36.666666666666664,7,23.333333333333332,4,13.333333333333334,2,6.666666666666667,2,6.666666666666667,4,13.333333333333334
593,True,2.7333333333333334,1.7876116903722563,2.0,2.75,73.33333333333333,80.0,83.33333333333334,10,33.33333333333333,7,23.333333333333332,5,16.666666666666664,2,6.666666666666667,1,3.3333333333333335,5,16.666666666666664,1.9333333333333333,1.5477582354991866,1.0,1.0,86.66666666666667,90.0,90.0,18,60.0,6,20.0,2,6.666666666666667,1,3.3333333333333335,0,0.0,3,10.0,1.9666666666666666,1.5595583420386112,1.0,1.0,86.66666666666667,90.0,90.0,18,60.0,5,16.666666666666664,3,10.0,1,3.3333333333333335,0,0.0,3,10.0,2.533333333333333,1.746106780494506,2.0,2.75,73.33333333333333,80.0,90.0,13,43.333333333333336,5,16.666666666666664,4,13.333333333333334,2,6.666666666666667,3,10.0,3,10.0
594,True,1.7333333333333334,0.7717224601860151,2.0,1.0,96.66666666666667,100.0,100.0,13,43.333333333333336,13,43.333333333333336,3,10.0,1,3.3333333333333335,0,0.0,0,0.0,1.9,1.535143858622594,1.0,1.0,86.66666666666667,90.0,90.0,18,60.0,7,23.333333333333332,1,3.3333333333333335,1,3.3333333333333335,0,0.0,3,10.0,1.8666666666666667,1.3349989596333858,1.0,1.0,90.0,93.33333333333333,93.33333333333333,16,53.333333333333336,9,30.0,2,6.666666666666667,1,3.3333333333333335,0,0.0,2,6.666666666666667,2.6333333333333333,1.8526257642120336,2.0,2.0,76.66666666666667,80.0,80.0,11,36.666666666666664,8,26.666666666666668,4,13.333333333333334,1,3.3333333333333335,0,0.0,6,20.0
595,True,2.3666666666666667,1.6224124698183944,2.0,2.0,86.66666666666667,86.66666666666667,86.66666666666667,12,40.0,7,23.333333333333332,7,23.333333333333332,0,0.0,0,0.0,4,13.333333333333334,2.033333333333333,1.4715826703096078,1.0,1.75,86.66666666666667,90.0,93.33333333333333,16,53.333333333333336,6,20.0,4,13.333333333333334,1,3.3333333333333335,1,3.3333333333333335,2,6.666666666666667,2.2666666666666666,1.7113996870657915,2.0,1.75,83.33333333333334,83.33333333333334,86.66666666666667,14,46.666666666666664,8,26.666666666666668,3,10.0,0,0.0,1,3.3333333333333335,4,13.333333333333334,2.466666666666667,1.7269111795984824,2.0,2.0,80.0,83.33333333333334,86.66666666666667,13,43.333333333333336,5,16.666666666666664,6,20.0,1,3.3333333333333335,1,3.3333333333333335,4,13.333333333333334
596,False,3.2333333333333334,1.8917951498216945,3.0,3.75,63.33333333333333,70.0,76.66666666666667,8,26.666666666666668,4,13.333333333333334,7,23.333333333333332,2,6.666666666666667,2,6.666666666666667,7,23.333333333333332,2.4,1.8726095873584185,1.0,2.75,73.33333333333333,80.0,86.66666666666667,17,56.666666666666664,2,6.666666666666667,3,10.0,2,6.666666666666667,2,6.666666666666667,4,13.333333333333334,2.566666666666667,1.8015425489162211,2.0,3.0,70.0,83.33333333333334,86.66666666666667,14,46.666666666666664,3,10.0,4,13.333333333333334,4,13.333333333333334,1,3.3333333333333335,4,13.333333333333334,2.8666666666666667,1.6069294390925268,3.0,3.0,70.0,83.33333333333334,90.0,9,30.0,3,10.0,9,30.0,4,13.333333333333334,2,6.666666666666667,3,10.0
597,False,2.8,1.7962924780409975,2.0,2.75,70.0,76.66666666666667,83.33333333333334,8,26.666666666666668,11,36.666666666666664,2,6.666666666666667,2,6.666666666666667,2,6.666666666666667,5,16.666666666666664,2.1666666666666665,1.654958878307521,1.0,1.75,80.0,86.66666666666667,90.0,16,53.333333333333336,6,20.0,2,6.666666666666667,2,6.666666666666667,1,3.3333333333333335,3,10.0,2.5,1.8929694486000912,2.0,2.0,76.66666666666667,76.66666666666667,83.33333333333334,14,46.666666666666664,6,20.0,3,10.0,0,0.0,2,6.666666666666667,5,16.666666666666664,2.8,1.7776388834631178,2.0,3.0,70.0,80.0,83.33333333333334,9,30.0,8,26.666666666666668,4,13.333333333333334,3,10.0,1,3.3333333333333335,5,16.666666666666664
598,False,2.3333333333333335,1.6193277068654826,2.0,2.0,86.66666666666667,86.66666666666667,86.66666666666667,12,40.0,8,26.666666666666668,6,20.0,0,0.0,0,0.0,4,13.333333333333334,1.9666666666666666,1.4715826703096075,1.0,1.0,86.66666666666667,90.0,93.33333333333333,17,56.666666666666664,6,20.0,3,10.0,1,3.3333333333333335,1,3.3333333333333335,2,6.666666666666667,2.1666666666666665,1.7143187827498387,1.0,1.75,80.0,83.33333333333334,90.0,17,56.666666666666664,5,16.666666666666664,2,6.666666666666667,1,3.3333333333333335,2,6.666666666666667,3,10.0,2.7666666666666666,1.9093337988826247,2.0,3.0,70.0,76.66666666666667,80.0,11,36.666666666666664,7,23.333333333333332,3,10.0,2,6.666666666666667,1,3.3333333333333335,6,20.0
599,False,2.7333333333333334,1.9136933459209766,2.0,3.0,70.0,76.66666666666667,80.0,11,36.666666666666664,8,26.666666666666668,2,6.666666666666667,2,6.666666666666667,1,3.3333333333333335,6,20.0,2.1,1.7953644012660308,1.0,1.0,80.0,83.33333333333334,86.66666666666667,19,63.33333333333333,4,13.333333333333334,1,3.3333333333333335,1,3.3333333333333335,1,3.3333333333333335,4,13.333333333333334,2.1666666666666665,1.6346933113652304,1.0,2.0,83.33333333333334,86.66666666666667,90.0,16,53.333333333333336,5,16.666666666666664,4,13.333333333333334,1,3.3333333333333335,1,3.3333333333333335,3,10.0,2.6333333333333333,1.8705317128797598,2.0,3.0,70.0,80.0,83.33333333333334,13,43.333333333333336,5,16.666666666666664,3,10.0,3,10.0,1,3.3333333333333335,5,16.666666666666664
600,False,2.7666666666666666,1.6669999666733315,2.5,1.75,80.0,83.33333333333334,83.33333333333334,8,26.666666666666668,7,23.333333333333332,9,30.0,1,3.3333333333333335,0,0.0,5,16.666666666666664,2.3,1.7349351572897471,1.5,2.0,83.33333333333334,83.33333333333334,86.66666666666667,15,50.0,5,16.666666666666664,5,16.666666666666664,0,0.0,1,3.3333333333333335,4,13.333333333333334,2.466666666666667,1.839081896551163,2.0,2.0,80.0,80.0,83.33333333333334,14,46.666666666666664,5,16.666666666666664,5,16.666666666666664,0,0.0,1,3.3333333333333335,5,16.666666666666664,2.7,1.6360521589077368,2.5,2.0,80.0,83.33333333333334,86.66666666666667,9,30.0,6,20.0,9,30.0,1,3.3333333333333335,1,3.3333333333333335,4,13.333333333333334
601,False,2.2333333333333334,1.6265163865007803,1.5,2.0,76.66666666666667,90.0,90.0,15,50.0,6,20.0,2,6.666666666666667,4,13.333333333333334,0,0.0,3,10.0,2.033333333333333,1.7026123718829513,1.0,1.0,83.33333333333334,86.66666666666667,86.66666666666667,18,60.0,6,20.0,1,3.3333333333333335,1,3.3333333333333335,0,0.0,4,13.333333333333334,2.1666666666666665,1.8089284734953512,1.0,1.0,83.33333333333334,83.33333333333334,83.33333333333334,17,56.666666666666664,6,20.0,2,6.666666666666667,0,0.0,0,0.0,5,16.666666666666664,2.433333333333333,1.9610088106776968,1.0,2.75,73.33333333333333,80.0,80.0,16,53.333333333333336,5,16.666666666666664,1,3.3333333333333335,2,6.666666666666667,0,0.0,6,20.0
602,False,2.7666666666666666,1.6669999666733315,2.0,3.0,70.0,80.0,90.0,9,30.0,7,23.333333333333332,5,16.666666666666664,3,10.0,3,10.0,3,10.0,2.2333333333333334,1.8199511592958264,1.0,1.75,80.0,80.0,86.66666666666667,17,56.666666666666664,5,16.666666666666664,2,6.666666666666667,0,0.0,2,6.666666666666667,4,13.333333333333334,2.2666666666666666,1.6918103387266028,1.5,2.0,80.0,83.33333333333334,90.0,15,50.0,6,20.0,3,10.0,1,3.3333333333333335,2,6.666666666666667,3,10.0,2.7666666666666666,2.027861489900684,2.0,3.75,70.0,73.33333333333333,76.66666666666667,13,43.333333333333336,5,16.666666666666664,3,10.0,1,3.3333333333333335,1,3.3333333333333335,7,23.333333333333332
603,False,2.7333333333333334,1.6316317667360556,2.0,1.0,80.0,80.0,83.33333333333334,4,13.333333333333334,17,56.666666666666664,3,10.0,0,0.0,1,3.3333333333333335,5,16.666666666666664,2.2333333333333334,1.4761059883656353,2.0,1.75,86.66666666666667,90.0,90.0,11,36.666666666666664,11,36.666666666666664,4,13.333333333333334,1,3.3333333333333335,0,0.0,3,10.0,2.4,1.5620499351813306,2.0,2.0,80.0,86.66666666666667,90.0,10,33.33333333333333,11,36.666666666666664,3,10.0,2,6.666666666666667,1,3.3333333333333335,3,10.0,3.0,1.7511900715418263,2.0,2.0,70.0,76.66666666666667,80.0,5,16.666666666666664,12,40.0,4,13.333333333333334,2,6.666666666666667,1,3.3333333333333335,6,20.0
604,False,2.5,1.5652475842498528,2.0,1.75,83.33333333333334,86.66666666666667,86.66666666666667,8,26.666666666666668,12,40.0,5,16.666666666666664,1,3.3333333333333335,0,0.0,4,13.333333333333334,2.1,1.445683229480096,2.0,1.0,90.0,90.0,90.0,12,40.0,12,40.0,3,10.0,0,0.0,0,0.0,3,10.0,2.2666666666666666,1.5477582354991866,2.0,1.75,80.0,90.0,90.0,12,40.0,10,33.33333333333333,2,6.666666666666667,3,10.0,0,0.0,3,10.0,2.6666666666666665,1.8318175552045448,2.0,2.0,76.66666666666667,80.0,80.0,10,33.33333333333333,9,30.0,4,13.333333333333334,1,3.3333333333333335,0,0.0,6,20.0
605,False,2.6666666666666665,1.8499249234015478,2.0,2.0,76.66666666666667,76.66666666666667,83.33333333333334,12,40.0,5,16.666666666666664,6,20.0,0,0.0,2,6.666666666666667,5,16.666666666666664,2.3333333333333335,1.8318175552045448,1.0,2.0,80.0,80.0,86.66666666666667,17,56.666666666666664,2,6.666666666666667,5,16.666666666666664,0,0.0,2,6.666666666666667,4,13.333333333333334,2.433333333333333,1.8740923729160794,1.0,2.0,80.0,80.0,83.33333333333334,16,53.333333333333336,2,6.666666666666667,6,20.0,0,0.0,1,3.3333333333333335,5,16.666666666666664,2.6,1.8726095873584188,2.0,2.75,73.33333333333333,80.0,83.33333333333334,14,46.666666666666664,3,10.0,5,16.666666666666664,2,6.666666666666667,1,3.3333333333333335,5,16.666666666666664
606,False,2.6666666666666665,1.5986105077709065,2.0,2.0,70.0,83.33333333333334,90.0,7,23.333333333333332,13,43.333333333333336,1,3.3333333333333335,4,13.333333333333334,2,6.666666666666667,3,10.0,2.033333333333333,1.4715826703096075,1.5,1.0,83.33333333333334,90.0,93.33333333333333,15,50.0,9,30.0,1,3.3333333333333335,2,6.666666666666667,1,3.3333333333333335,2,6.666666666666667,2.3,1.7540429489230491,1.5,2.5,73.33333333333333,86.66666666666667,86.66666666666667,15,50.0,7,23.333333333333332,0,0.0,4,13.333333333333334,0,0.0,4,13.333333333333334,3.033333333333333,2.0572365498945966,2.0,4.75,60.0,70.0,73.33333333333333,10,33.33333333333333,8,26.666666666666668,0,0.0,3,10.0,1,3.3333333333333335,8,26.666666666666668
607,False,2.466666666666667,1.687865186822955,2.0,2.0,80.0,83.33333333333334,86.66666666666667,11,36.666666666666664,9,30.0,4,13.333333333333334,1,3.3333333333333335,1,3.3333333333333335,4,13.333333333333334,2.0,1.632993161855452,1.0,1.0,83.33333333333334,86.66666666666667,90.0,18,60.0,6,20.0,1,3.3333333333333335,1,3.3333333333333335,1,3.3333333333333335,3,10.0,2.066666666666667,1.6110727964792764,1.0,1.75,86.66666666666667,86.66666666666667,90.0,17,56.666666666666664,5,16.666666666666664,4,13.333333333333334,0,0.0,1,3.3333333333333335,3,10.0,3.033333333333333,1.9913702708325127,2.0,4.0,66.66666666666666,66.66666666666666,76.66666666666667,9,30.0,8,26.666666666666668,3,10.0,0,0.0,3,10.0,7,23.333333333333332
608,False,2.533333333333333,1.687865186822955,2.0,2.0,83.33333333333334,83.33333333333334,83.33333333333334,9,30.0,11,36.666666666666664,5,16.666666666666664,0,0.0,0,0.0,5,16.666666666666664,2.1,1.6603212540549697,1.0,1.0,86.66666666666667,86.66666666666667,86.66666666666667,16,53.333333333333336,7,23.333333333333332,3,10.0,0,0.0,0,0.0,4,13.333333333333334,2.2666666666666666,1.8061622912192088,1.0,2.0,83.33333333333334,83.33333333333334,83.33333333333334,16,53.333333333333336,5,16.666666666666664,4,13.333333333333334,0,0.0,0,0.0,5,16.666666666666664,2.566666666666667,1.764149149653232,2.0,2.0,76.66666666666667,83.33333333333334,83.33333333333334,11,36.666666666666664,8,26.666666666666668,4,13.333333333333334,2,6.666666666666667,0,0.0,5,16.666666666666664
609,False,2.8,1.9390719429665317,2.0,2.75,73.33333333333333,76.66666666666667,76.66666666666667,11,36.666666666666664,6,20.0,5,16.666666666666664,1,3.3333333333333335,0,0.0,7,23.333333333333332,2.066666666666667,1.6110727964792764,1.0,1.75,80.0,86.66666666666667,93.33333333333333,18,60.0,4,13.333333333333334,2,6.666666666666667,2,6.666666666666667,2,6.666666666666667,2,6.666666666666667,2.1333333333333333,1.6478942792411033,1.0,2.0,83.33333333333334,86.66666666666667,90.0,17,56.666666666666664,4,13.333333333333334,4,13.333333333333334,1,3.3333333333333335,1,3.3333333333333335,3,10.0,2.466666666666667,1.6069294390925266,2.0,2.75,73.33333333333333,86.66666666666667,93.33333333333333,13,43.333333333333336,4,13.333333333333334,5,16.666666666666664,4,13.333333333333334,2,6.666666666666667,2,6.666666666666667
610,False,2.6666666666666665,1.6193277068654826,2.0,2.0,76.66666666666667,86.66666666666667,86.66666666666667,9,30.0,7,23.333333333333332,7,23.333333333333332,3,10.0,0,0.0,4,13.333333333333334,2.2333333333333334,1.5849991237291654,2.0,2.0,80.0,90.0,90.0,14,46.666666666666664,7,23.333333333333332,3,10.0,3,10.0,0,0.0,3,10.0,2.433333333333333,1.7829438827088444,2.0,2.0,76.66666666666667,80.0,86.66666666666667,13,43.333333333333336,8,26.666666666666668,2,6.666666666666667,1,3.3333333333333335,2,6.666666666666667,4,13.333333333333334,2.8666666666666667,1.6478942792411033,2.0,2.0,70.0,80.0,86.66666666666667,6,20.0,11,36.666666666666664,4,13.333333333333334,3,10.0,2,6.666666666666667,4,13.333333333333334
611,True,2.5,1.5438048235879214,2.0,2.0,83.33333333333334,86.66666666666667,90.0,10,33.33333333333333,7,23.333333333333332,8,26.666666666666668,1,3.3333333333333335,1,3.3333333333333335,3,10.0,2.033333333333333,1.3287420951996498,2.0,1.75,90.0,90.0,96.66666666666667,14,46.666666666666664,8,26.666666666666668,5,16.666666666666664,0,0.0,2,6.666666666666667,1,3.3333333333333335,2.1333333333333333,1.4544949486180951,2.0,2.0,86.66666666666667,90.0,93.33333333333333,14,46.666666666666664,7,23.333333333333332,5,16.666666666666664,1,3.3333333333333335,1,3.3333333333333335,2,6.666666666666667,2.533333333333333,1.7074997966487597,2.0,2.0,76.66666666666667,83.33333333333334,86.66666666666667,11,36.666666666666664,8,26.666666666666668,4,13.333333333333334,2,6.666666666666667,1,3.3333333333333335,4,13.333333333333334
612,True,2.466666666666667,1.910206504252587,2.0,2.0,76.66666666666667,80.0,80.0,14,46.666666666666664,7,23.333333333333332,2,6.666666666666667,1,3.3333333333333335,0,0.0,6,20.0,2.1,1.6802777548171413,1.0,1.75,80.0,86.66666666666667,90.0,18,60.0,4,13.333333333333334,2,6.666666666666667,2,6.666666666666667,1,3.3333333333333335,3,10.0,2.1666666666666665,1.674979270186815,1.5,1.0,83.33333333333334,86.66666666666667,86.66666666666667,15,50.0,8,26.666666666666668,2,6.666666666666667,1,3.3333333333333335,0,0.0,4,13.333333333333334,2.8666666666666667,2.0612833111653743,2.0,4.0,63.33333333333333,70.0,76.66666666666667,12,40.0,7,23.333333333333332,0,0.0,2,6.666666666666667,2,6.666666666666667,7,23.333333333333332
613,True,2.533333333333333,1.586050300449376,2.0,1.0,83.33333333333334,83.33333333333334,86.66666666666667,7,23.333333333333332,14,46.666666666666664,4,13.333333333333334,0,0.0,1,3.3333333333333335,4,13.333333333333334,2.066666666666667,1.364632632697248,2.0,1.0,83.33333333333334,90.0,96.66666666666667,13,43.333333333333336,11,36.666666666666664,1,3.3333333333333335,2,6.666666666666667,2,6.666666666666667,1,3.3333333333333335,2.2666666666666666,1.671991493864594,2.0,1.0,80.0,86.66666666666667,86.66666666666667,13,43.333333333333336,10,33.33333333333333,1,3.3333333333333335,2,6.666666666666667,0,0.0,4,13.333333333333334,2.7333333333333334,1.6719914938645934,2.0,1.75,73.33333333333333,80.0,86.66666666666667,7,23.333333333333332,12,40.0,3,10.0,2,6.666666666666667,2,6.666666666666667,4,13.333333333333334
614,False,2.6,1.854723699099141,2.0,3.0,66.66666666666666,83.33333333333334,83.33333333333334,13,43.333333333333336,6,20.0,1,3.3333333333333335,5,16.666666666666664,0,0.0,5,16.666666666666664,2.3,1.8823743871327334,1.0,2.5,73.33333333333333,83.33333333333334,83.33333333333334,17,56.666666666666664,5,16.666666666666664,0,0.0,3,10.0,0,0.0,5,16.666666666666664,2.5,2.0289570391377603,1.5,2.5,73.33333333333333,76.66666666666667,76.66666666666667,15,50.0,7,23.333333333333332,0,0.0,1,3.3333333333333335,0,0.0,7,23.333333333333332,2.6666666666666665,2.00554786086551,1.5,3.0,66.66666666666666,76.66666666666667,80.0,15,50.0,3,10.0,2,6.666666666666667,3,10.0,1,3.3333333333333335,6,20.0
615,False,2.566666666666667,1.8381754238616317,2.0,2.0,80.0,80.0,80.0,11,36.666666666666664,9,30.0,4,13.333333333333334,0,0.0,0,0.0,6,20.0,2.2,1.6812693617224654,1.5,1.75,83.33333333333334,86.66666666666667,86.66666666666667,15,50.0,7,23.333333333333332,3,10.0,1,3.3333333333333335,0,0.0,4,13.333333333333334,2.3666666666666667,1.6829207415152447,2.0,2.0,80.0,86.66666666666667,86.66666666666667,13,43.333333333333336,7,23.333333333333332,4,13.333333333333334,2,6.666666666666667,0,0.0,4,13.333333333333334,2.3666666666666667,1.7220788470785986,2.0,2.0,76.66666666666667,86.66666666666667,86.66666666666667,14,46.666666666666664,6,20.0,3,10.0,3,10.0,0,0.0,4,13.333333333333334
616,False,2.6333333333333333,1.9405039437103846,2.0,3.5,73.33333333333333,73.33333333333333,83.33333333333334,14,46.666666666666664,4,13.333333333333334,4,13.333333333333334,0,0.0,3,10.0,5,16.666666666666664,2.2666666666666666,1.9988885800753267,1.0,2.5,73.33333333333333,76.66666666666667,83.33333333333334,20,66.66666666666666,2,6.666666666666667,0,0.0,1,3.3333333333333335,2,6.666666666666667,5,16.666666666666664,2.3666666666666667,2.0245712852080286,1.0,3.5,73.33333333333333,73.33333333333333,83.33333333333334,19,63.33333333333333,2,6.666666666666667,1,3.3333333333333335,0,0.0,3,10.0,5,16.666666666666664,2.6666666666666665,2.0548046676563256,1.0,3.75,66.66666666666666,73.33333333333333,80.0,16,53.333333333333336,2,6.666666666666667,2,6.666666666666667,2,6.666666666666667,2,6.666666666666667,6,20.0
617,True,2.8333333333333335,1.752775576684654,2.0,1.75,76.66666666666667,76.66666666666667,83.33333333333334,8,26.666666666666668,8,26.666666666666668,7,23.333333333333332,0,0.0,2,6.666666666666667,5,16.666666666666664,2.4,1.6653327995729061,2.0,2.0,80.0,83.33333333333334,90.0,13,43.333333333333336,6,20.0,5,16.666666666666664,1,3.3333333333333335,2,6.666666666666667,3,10.0,2.6666666666666665,1.8135294011647258,2.0,2.0,76.66666666666667,76.66666666666667,83.33333333333334,10,33.33333333333333,9,30.0,4,13.333333333333334,0,0.0,2,6.666666666666667,5,16.666666666666664,2.7333333333333334,1.6719914938645934,2.0,2.0,76.66666666666667,76.66666666666667,90.0,9,30.0,7,23.333333333333332,7,23.333333333333332,0,0.0,4,13.333333333333334,3,10.0
618,True,2.1666666666666665,1.2671051872498809,2.0,2.0,83.33333333333334,93.33333333333333,100.0,13,43.333333333333336,6,20.0,6,20.0,3,10.0,2,6.666666666666667,0,0.0,1.9666666666666666,1.601735170231195,1.0,1.0,86.66666666666667,86.66666666666667,90.0,18,60.0,6,20.0,2,6.666666666666667,0,0.0,1,3.3333333333333335,3,10.0,2.1333333333333333,1.6478942792411033,1.5,1.0,86.66666666666667,86.66666666666667,86.66666666666667,15,50.0,8,26.666666666666668,3,10.0,0,0.0,0,0.0,4,13.333333333333334,2.2333333333333334,1.7451520150277897,1.0,2.0,83.33333333333334,83.33333333333334,86.66666666666667,16,53.333333333333336,5,16.666666666666664,4,13.333333333333334,0,0.0,1,3.3333333333333335,4,13.333333333333334
619,False,2.0,1.4832396974191326,1.5,1.0,90.0,90.0,90.0,15,50.0,9,30.0,3,10.0,0,0.0,0,0.0,3,10.0,1.8333333333333333,1.416176385749867,1.0,1.0,90.0,90.0,93.33333333333333,18,60.0,7,23.333333333333332,2,6.666666666666667,0,0.0,1,3.3333333333333335,2,6.666666666666667,2.1666666666666665,1.8454147380888544,1.0,1.0,80.0,83.33333333333334,83.33333333333334,18,60.0,5,16.666666666666664,1,3.3333333333333335,1,3.3333333333333335,0,0.0,5,16.666666666666664,2.3,1.7540429489230491,1.5,2.0,80.0,83.33333333333334,86.66666666666667,15,50.0,6,20.0,3,10.0,1,3.3333333333333335,1,3.3333333333333335,4,13.333333333333334
620,False,3.0,1.632993161855452,2.5,2.0,66.66666666666666,83.33333333333334,83.33333333333334,5,16.666666666666664,10,33.33333333333333,5,16.666666666666664,5,16.666666666666664,0,0.0,5,16.666666666666664,2.4,1.7625738755203046,2.0,2.0,76.66666666666667,83.33333333333334,86.66666666666667,14,46.666666666666664,6,20.0,3,10.0,2,6.666666666666667,1,3.3333333333333335,4,13.333333333333334,2.6333333333333333,1.6629959577688562,2.0,2.75,73.33333333333333,83.33333333333334,90.0,11,36.666666666666664,5,16.666666666666664,6,20.0,3,10.0,2,6.666666666666667,3,10.0,3.2,1.9043809142780934,3.0,3.75,60.0,73.33333333333333,76.66666666666667,9,30.0,3,10.0,6,20.0,4,13.333333333333334,1,3.3333333333333335,7,23.333333333333332
621,False,2.533333333333333,1.9102065042525873,2.0,2.0,76.66666666666667,80.0,80.0,14,46.666666666666664,5,16.666666666666664,4,13.333333333333334,1,3.3333333333333335,0,0.0,6,20.0,2.033333333333333,1.7026123718829513,1.0,1.75,80.0,86.66666666666667,90.0,20,66.66666666666666,2,6.666666666666667,2,6.666666666666667,2,6.666666666666667,1,3.3333333333333335,3,10.0,2.1,1.5989579940281942,1.0,1.75,80.0,86.66666666666667,93.33333333333333,17,56.666666666666664,5,16.666666666666664,2,6.666666666666667,2,6.666666666666667,2,6.666666666666667,2,6.666666666666667,2.5,1.9621416870348585,1.0,3.0,70.0,76.66666666666667,83.33333333333334,16,53.333333333333336,4,13.333333333333334,1,3.3333333333333335,2,6.666666666666667,2,6.666666666666667,5,16.666666666666664
622,False,2.7666666666666666,1.7259457954666158,2.0,1.75,76.66666666666667,80.0,83.33333333333334,8,26.666666666666668,9,30.0,6,20.0,1,3.3333333333333335,1,3.3333333333333335,5,16.666666666666664,2.2666666666666666,1.6918103387266028,1.5,2.0,83.33333333333334,86.66666666666667,86.66666666666667,15,50.0,5,16.666666666666664,5,16.666666666666664,1,3.3333333333333335,0,0.0,4,13.333333333333334,2.433333333333333,1.7259457954666158,2.0,2.0,76.66666666666667,86.66666666666667,86.66666666666667,14,46.666666666666664,4,13.333333333333334,5,16.666666666666664,3,10.0,0,0.0,4,13.333333333333334,2.6666666666666665,1.8135294011647258,2.0,2.0,76.66666666666667,80.0,83.33333333333334,12,40.0,4,13.333333333333334,7,23.333333333333332,1,3.3333333333333335,1,3.3333333333333335,5,16.666666666666664
623,False,2.6666666666666665,1.5563490039905004,2.0,2.5,73.33333333333333,86.66666666666667,90.0,8,26.666666666666668,9,30.0,5,16.666666666666664,4,13.333333333333334,1,3.3333333333333335,3,10.0,2.533333333333333,1.839081896551163,2.0,2.75,73.33333333333333,80.0,83.33333333333334,12,40.0,9,30.0,1,3.3333333333333335,2,6.666666666666667,1,3.3333333333333335,5,16.666666666666664,2.6333333333333333,1.8526257642120338,2.0,3.5,73.33333333333333,73.33333333333333,86.66666666666667,12,40.0,7,23.333333333333332,3,10.0,0,0.0,4,13.333333333333334,4,13.333333333333334,3.2,1.9390719429665317,2.5,3.75,60.0,63.33333333333333,80.0,8,26.666666666666668,7,23.333333333333332,3,10.0,1,3.3333333333333335,5,16.666666666666664,6,20.0
624,False,2.533333333333333,1.8926759422104522,2.0,2.0,76.66666666666667,80.0,80.0,13,43.333333333333336,7,23.333333333333332,3,10.0,1,3.3333333333333335,0,0.0,6,20.0,2.1666666666666665,1.771690968789108,1.0,1.0,80.0,83.33333333333334,86.66666666666667,17,56.666666666666664,6,20.0,1,3.3333333333333335,1,3.3333333333333335,1,3.3333333333333335,4,13.333333333333334,2.3,1.8466185312619388,1.0,2.0,76.66666666666667,80.0,86.66666666666667,17,56.666666666666664,4,13.333333333333334,2,6.666666666666667,1,3.3333333333333335,2,6.666666666666667,4,13.333333333333334,2.466666666666667,1.8208667044996885,2.0,2.75,73.33333333333333,80.0,86.66666666666667,14,46.666666666666664,6,20.0,2,6.666666666666667,2,6.666666666666667,2,6.666666666666667,4,13.333333333333334
625,False,2.8333333333333335,1.7336538165261124,2.0,2.75,70.0,76.66666666666667,86.66666666666667,8,26.666666666666668,9,30.0,4,13.333333333333334,2,6.666666666666667,3,10.0,4,13.333333333333334,2.3666666666666667,1.8882678717691395,1.0,2.0,76.66666666666667,80.0,83.33333333333334,16,53.333333333333336,5,16.666666666666664,2,6.666666666666667,1,3.3333333333333335,1,3.3333333333333335,5,16.666666666666664,2.6666666666666665,1.9888578520235065,2.0,3.5,73.33333333333333,73.33333333333333,80.0,14,46.666666666666664,4,13.333333333333334,4,13.333333333333334,0,0.0,2,6.666666666666667,6,20.0,3.033333333333333,1.9576062480034697,2.5,3.75,63.33333333333333,73.33333333333333,76.66666666666667,10,33.33333333333333,5,16.666666666666664,4,13.333333333333334,3,10.0,1,3.3333333333333335,7,23.333333333333332
626,False,2.2333333333333334,1.4302291968616623,2.0,1.75,83.33333333333334,90.0,93.33333333333333,11,36.666666666666664,11,36.666666666666664,3,10.0,2,6.666666666666667,1,3.3333333333333335,2,6.666666666666667,2.0,1.3662601021279464,2.0,1.0,86.66666666666667,93.33333333333333,93.33333333333333,14,46.666666666666664,10,33.33333333333333,2,6.666666666666667,2,6.666666666666667,0,0.0,2,6.666666666666667,2.066666666666667,1.3888444437333107,2.0,1.0,83.33333333333334,93.33333333333333,93.33333333333333,13,43.333333333333336,11,36.666666666666664,1,3.3333333333333335,3,10.0,0,0.0,2,6.666666666666667,2.566666666666667,1.8917951498216947,2.0,2.75,73.33333333333333,80.0,80.0,12,40.0,9,30.0,1,3.3333333333333335,2,6.666666666666667,0,0.0,6,20.0
627,False,3.1666666666666665,1.8633899812498247,3.0,2.75,63.33333333333333,73.33333333333333,76.66666666666667,7,23.333333333333332,7,23.333333333333332,5,16.666666666666664,3,10.0,1,3.3333333333333335,7,23.333333333333332,2.3333333333333335,1.86785676348292,1.0,2.0,76.66666666666667,83.33333333333334,83.33333333333334,17,56.666666666666664,3,10.0,3,10.0,2,6.666666666666667,0,0.0,5,16.666666666666664,2.3333333333333335,1.7575235101952091,1.0,2.0,76.66666666666667,86.66666666666667,86.66666666666667,16,53.333333333333336,3,10.0,4,13.333333333333334,3,10.0,0,0.0,4,13.333333333333334,3.1666666666666665,2.00138840697041,3.0,4.0,53.333333333333336,66.66666666666666,80.0,11,36.666666666666664,3,10.0,2,6.666666666666667,4,13.333333333333334,4,13.333333333333334,6,20.0
628,False,2.2666666666666666,1.7688665548562132,2.0,1.0,83.33333333333334,83.33333333333334,83.33333333333334,14,46.666666666666664,9,30.0,2,6.666666666666667,0,0.0,0,0.0,5,16.666666666666664,1.9,1.57797338380595,1.0,1.0,83.33333333333334,86.66666666666667,93.33333333333333,20,66.66666666666666,4,13.333333333333334,1,3.3333333333333335,1,3.3333333333333335,2,6.666666666666667,2,6.666666666666667,2.1,1.7194960502038572,1.0,1.0,80.0,83.33333333333334,90.0,18,60.0,5,16.666666666666664,1,3.3333333333333335,1,3.3333333333333335,2,6.666666666666667,3,10.0,2.2666666666666666,1.8427033281447003,1.0,1.75,76.66666666666667,80.0,86.66666666666667,17,56.666666666666664,5,16.666666666666664,1,3.3333333333333335,1,3.3333333333333335,2,6.666666666666667,4,13.333333333333334
629,False,2.7,1.8101565309847287,2.0,2.75,73.33333333333333,80.0,83.33333333333334,11,36.666666666666664,6,20.0,5,16.666666666666664,2,6.666666666666667,1,3.3333333333333335,5,16.666666666666664,2.033333333333333,1.7026123718829513,1.0,1.0,83.33333333333334,86.66666666666667,86.66666666666667,18,60.0,6,20.0,1,3.3333333333333335,1,3.3333333333333335,0,0.0,4,13.333333333333334,2.3333333333333335,1.9379255804998177,1.0,2.0,80.0,80.0,80.0,17,56.666666666666664,4,13.333333333333334,3,10.0,0,0.0,0,0.0,6,20.0,2.933333333333333,2.06451500896027,2.0,4.75,66.66666666666666,70.0,73.33333333333333,11,36.666666666666664,7,23.333333333333332,2,6.666666666666667,1,3.3333333333333335,1,3.3333333333333335,8,26.666666666666668
630,False,2.2,1.5362291495737217,2.0,1.75,83.33333333333334,90.0,90.0,13,43.333333333333336,9,30.0,3,10.0,2,6.666666666666667,0,0.0,3,10.0,2.2333333333333334,1.856220772310114,1.0,1.0,76.66666666666667,83.33333333333334,83.33333333333334,17,56.666666666666664,6,20.0,0,0.0,2,6.666666666666667,0,0.0,5,16.666666666666664,2.466666666666667,1.927577639306795,1.5,2.75,73.33333333333333,76.66666666666667,83.33333333333334,15,50.0,6,20.0,1,3.3333333333333335,1,3.3333333333333335,2,6.666666666666667,5,16.666666666666664,2.6333333333333333,2.008039397577204,2.0,3.75,70.0,73.33333333333333,80.0,14,46.666666666666664,6,20.0,1,3.3333333333333335,1,3.3333333333333335,2,6.666666666666667,6,20.0
631,True,2.066666666666667,1.1813363431112902,2.0,2.0,90.0,96.66666666666667,96.66666666666667,12,40.0,9,30.0,6,20.0,2,6.666666666666667,0,0.0,1,3.3333333333333335,2.033333333333333,1.3287420951996498,2.0,2.0,93.33333333333333,93.33333333333333,93.33333333333333,14,46.666666666666664,7,23.333333333333332,7,23.333333333333332,0,0.0,0,0.0,2,6.666666666666667,2.1666666666666665,1.3682917167849193,2.0,2.0,86.66666666666667,93.33333333333333,93.33333333333333,12,40.0,9,30.0,5,16.666666666666664,2,6.666666666666667,0,0.0,2,6.666666666666667,2.1,1.3503086067019396,2.0,2.0,90.0,93.33333333333333,93.33333333333333,13,43.333333333333336,8,26.666666666666668,6,20.0,1,3.3333333333333335,0,0.0,2,6.666666666666667
632,False,2.966666666666667,1.8882678717691395,3.0,3.75,70.0,73.33333333333333,80.0,10,33.33333333333333,4,13.333333333333334,7,23.333333333333332,1,3.3333333333333335,2,6.666666666666667,6,20.0,2.1666666666666665,1.808928473495351,1.0,1.0,83.33333333333334,83.33333333333334,83.33333333333334,17,56.666666666666664,6,20.0,2,6.666666666666667,0,0.0,0,0.0,5,16.666666666666664,2.2333333333333334,1.7641491496532322,1.0,1.75,80.0,83.33333333333334,86.66666666666667,16,53.333333333333336,6,20.0,2,6.666666666666667,1,3.3333333333333335,1,3.3333333333333335,4,13.333333333333334,2.6,1.9425069712444623,2.0,2.0,76.66666666666667,76.66666666666667,80.0,14,46.666666666666664,4,13.333333333333334,5,16.666666666666664,0,0.0,1,3.3333333333333335,6,20.0
633,False,2.1666666666666665,1.4851112939963642,2.0,1.0,86.66666666666667,90.0,90.0,12,40.0,11,36.666666666666664,3,10.0,1,3.3333333333333335,0,0.0,3,10.0,2.2333333333333334,1.8381754238616317,1.0,1.75,80.0,83.33333333333334,83.33333333333334,17,56.666666666666664,5,16.666666666666664,2,6.666666666666667,1,3.3333333333333335,0,0.0,5,16.666666666666664,2.3,1.7916472867168918,2.0,1.0,80.0,83.33333333333334,83.33333333333334,14,46.666666666666664,9,30.0,1,3.3333333333333335,1,3.3333333333333335,0,0.0,5,16.666666666666664,2.533333333333333,1.7838784213679537,2.0,2.0,76.66666666666667,83.33333333333334,83.33333333333334,12,40.0,7,23.333333333333332,4,13.333333333333334,2,6.666666666666667,0,0.0,5,16.666666666666664
634,False,2.3666666666666667,1.4487542541400489,2.0,2.0,86.66666666666667,90.0,90.0,9,30.0,11,36.666666666666664,6,20.0,1,3.3333333333333335,0,0.0,3,10.0,2.0,1.2909944487358056,2.0,1.0,90.0,93.33333333333333,93.33333333333333,12,40.0,13,43.333333333333336,2,6.666666666666667,1,3.3333333333333335,0,0.0,2,6.666666666666667,2.3333333333333335,1.6599866130651644,2.0,1.75,80.0,86.66666666666667,86.66666666666667,12,40.0,10,33.33333333333333,2,6.666666666666667,2,6.666666666666667,0,0.0,4,13.333333333333334,2.7333333333333334,1.691810338726603,2.0,2.5,73.33333333333333,80.0,86.66666666666667,8,26.666666666666668,10,33.33333333333333,4,13.333333333333334,2,6.666666666666667,2,6.666666666666667,4,13.333333333333334
635,False,2.9,1.8681541692269403,2.0,3.0,63.33333333333333,80.0,80.0,10,33.33333333333333,6,20.0,3,10.0,5,16.666666666666664,0,0.0,6,20.0,2.1333333333333333,1.687865186822955,1.0,1.75,83.33333333333334,83.33333333333334,90.0,17,56.666666666666664,5,16.666666666666664,3,10.0,0,0.0,2,6.666666666666667,3,10.0,2.3666666666666667,1.8882678717691395,1.0,2.75,73.33333333333333,83.33333333333334,83.33333333333334,17,56.666666666666664,3,10.0,2,6.666666666666667,3,10.0,0,0.0,5,16.666666666666664,2.6333333333333333,2.0245712852080286,1.5,3.75,70.0,73.33333333333333,80.0,15,50.0,4,13.333333333333334,2,6.666666666666667,1,3.3333333333333335,2,6.666666666666667,6,20.0
636,False,2.8333333333333335,1.9336206683030899,2.0,3.0,70.0,76.66666666666667,76.66666666666667,10,33.33333333333333,8,26.666666666666668,3,10.0,2,6.666666666666667,0,0.0,7,23.333333333333332,2.1,1.7578395831246947,1.0,1.75,80.0,86.66666666666667,86.66666666666667,19,63.33333333333333,3,10.0,2,6.666666666666667,2,6.666666666666667,0,0.0,4,13.333333333333334,2.433333333333333,2.0765890836230025,1.0,2.75,73.33333333333333,76.66666666666667,76.66666666666667,18,60.0,3,10.0,1,3.3333333333333335,1,3.3333333333333335,0,0.0,7,23.333333333333332,2.7333333333333334,1.8245242911205344,2.0,3.0,66.66666666666666,83.33333333333334,83.33333333333334,12,40.0,4,13.333333333333334,4,13.333333333333334,5,16.666666666666664,0,0.0,5,16.666666666666664
637,False,2.3666666666666667,1.662995957768856,2.0,1.0,80.0,83.33333333333334,86.66666666666667,10,33.33333333333333,14,46.666666666666664,0,0.0,1,3.3333333333333335,1,3.3333333333333335,4,13.333333333333334,2.1666666666666665,1.694763175851488,1.5,1.0,80.0,86.66666666666667,86.66666666666667,15,50.0,9,30.0,0,0.0,2,6.666666666666667,0,0.0,4,13.333333333333334,2.2666666666666666,1.730767331432956,2.0,1.0,80.0,83.33333333333334,86.66666666666667,14,46.666666666666664,9,30.0,1,3.3333333333333335,1,3.3333333333333335,1,3.3333333333333335,4,13.333333333333334,2.7,1.9174636024359542,2.0,3.0,70.0,76.66666666666667,80.0,11,36.666666666666664,9,30.0,1,3.3333333333333335,2,6.666666666666667,1,3.3333333333333335,6,20.0
638,False,2.4,1.9252705437591537,1.5,1.75,76.66666666666667,80.0,80.0,15,50.0,7,23.333333333333332,1,3.3333333333333335,1,3.3333333333333335,0,0.0,6,20.0,1.9,1.7387735140993301,1.0,0.75,83.33333333333334,86.66666666666667,86.66666666666667,22,73.33333333333333,2,6.666666666666667,1,3.3333333333333335,1,3.3333333333333335,0,0.0,4,13.333333333333334,2.0,1.7888543819998317,1.0,1.0,83.33333333333334,83.33333333333334,86.66666666666667,21,70.0,2,6.666666666666667,2,6.666666666666667,0,0.0,1,3.3333333333333335,4,13.333333333333334,2.3,1.8466185312619388,1.0,2.0,76.66666666666667,80.0,86.66666666666667,17,56.666666666666664,4,13.333333333333334,2,6.666666666666667,1,3.3333333333333335,2,6.666666666666667,4,13.333333333333334
639,False,3.2,1.9899748742132402,3.0,4.75,66.66666666666666,66.66666666666666,73.33333333333333,9,30.0,4,13.333333333333334,7,23.333333333333332,0,0.0,2,6.666666666666667,8,26.666666666666668,2.3666666666666667,1.8526257642120336,1.5,2.0,80.0,80.0,83.33333333333334,15,50.0,6,20.0,3,10.0,0,0.0,1,3.3333333333333335,5,16.666666666666664,2.6333333333333333,1.9913702708325127,2.0,3.5,73.33333333333333,73.33333333333333,80.0,14,46.666666666666664,5,16.666666666666664,3,10.0,0,0.0,2,6.666666666666667,6,20.0,2.6333333333333333,1.8705317128797598,2.0,2.0,76.66666666666667,76.66666666666667,83.33333333333334,13,43.333333333333336,4,13.333333333333334,6,20.0,0,0.0,2,6.666666666666667,5,16.666666666666664
640,True,2.4,1.6653327995729061,2.0,2.0,80.0,86.66666666666667,86.66666666666667,12,40.0,8,26.666666666666668,4,13.333333333333334,2,6.666666666666667,0,0.0,4,13.333333333333334,2.066666666666667,1.671991493864594,1.0,1.0,86.66666666666667,86.66666666666667,86.66666666666667,17,56.666666666666664,6,20.0,3,10.0,0,0.0,0,0.0,4,13.333333333333334,2.0,1.4375905768565218,1.0,1.75,90.0,90.0,93.33333333333333,16,53.333333333333336,6,20.0,5,16.666666666666664,0,0.0,1,3.3333333333333335,2,6.666666666666667,2.4,1.7435595774162693,1.5,2.0,80.0,80.0,90.0,15,50.0,3,10.0,6,20.0,0,0.0,3,10.0,3,10.0
641,False,2.6,1.9933221850301406,2.0,2.0,76.66666666666667,76.66666666666667,76.66666666666667,14,46.666666666666664,5,16.666666666666664,4,13.333333333333334,0,0.0,0,0.0,7,23.333333333333332,2.1333333333333333,1.839081896551163,1.0,1.75,83.33333333333334,83.33333333333334,83.33333333333334,19,63.33333333333333,3,10.0,3,10.0,0,0.0,0,0.0,5,16.666666666666664,2.033333333333333,1.5595583420386114,1.0,1.75,86.66666666666667,90.0,90.0,17,56.666666666666664,5,16.666666666666664,4,13.333333333333334,1,3.3333333333333335,0,0.0,3,10.0,2.6,1.9933221850301406,1.5,3.0,70.0,76.66666666666667,80.0,15,50.0,4,13.333333333333334,2,6.666666666666667,2,6.666666666666667,1,3.3333333333333335,6,20.0
642,False,2.066666666666667,1.5477582354991868,1.0,2.0,83.33333333333334,90.0,93.33333333333333,18,60.0,2,6.666666666666667,5,16.666666666666664,2,6.666666666666667,1,3.3333333333333335,2,6.666666666666667,1.7666666666666666,1.5849991237291656,1.0,0.0,86.66666666666667,90.0,90.0,23,76.66666666666667,1,3.3333333333333335,2,6.666666666666667,1,3.3333333333333335,0,0.0,3,10.0,2.0,1.8618986725025255,1.0,0.75,83.33333333333334,83.33333333333334,83.33333333333334,22,73.33333333333333,1,3.3333333333333335,2,6.666666666666667,0,0.0,0,0.0,5,16.666666666666664,2.466666666666667,1.9787762772874442,1.0,2.75,73.33333333333333,80.0,80.0,17,56.666666666666664,2,6.666666666666667,3,10.0,2,6.666666666666667,0,0.0,6,20.0
643,False,3.066666666666667,1.9310331143946984,2.5,4.25,70.0,73.33333333333333,73.33333333333333,8,26.666666666666668,7,23.333333333333332,6,20.0,1,3.3333333333333335,0,0.0,8,26.666666666666668,2.3333333333333335,1.6799470891138868,1.0,2.75,73.33333333333333,90.0,90.0,16,53.333333333333336,2,6.666666666666667,4,13.333333333333334,5,16.666666666666664,0,0.0,3,10.0,2.566666666666667,1.8381754238616317,2.0,2.75,73.33333333333333,83.33333333333334,83.33333333333334,14,46.666666666666664,3,10.0,5,16.666666666666664,3,10.0,0,0.0,5,16.666666666666664,2.933333333333333,1.8427033281447005,2.5,3.0,63.33333333333333,76.66666666666667,83.33333333333334,10,33.33333333333333,5,16.666666666666664,4,13.333333333333334,4,13.333333333333334,2,6.666666666666667,5,16.666666666666664
644,False,2.466666666666667,1.7074997966487597,2.0,2.0,76.66666666666667,83.33333333333334,86.66666666666667,11,36.666666666666664,10,33.33333333333333,2,6.666666666666667,2,6.666666666666667,1,3.3333333333333335,4,13.333333333333334,2.3333333333333335,1.7575235101952091,2.0,1.75,76.66666666666667,83.33333333333334,86.66666666666667,14,46.666666666666664,8,26.666666666666668,1,3.3333333333333335,2,6.666666666666667,1,3.3333333333333335,4,13.333333333333334,2.433333333333333,1.7641491496532322,2.0,2.0,80.0,83.33333333333334,83.33333333333334,12,40.0,9,30.0,3,10.0,1,3.3333333333333335,0,0.0,5,16.666666666666664,2.7666666666666666,1.9610088106776968,2.0,2.75,73.33333333333333,76.66666666666667,76.66666666666667,12,40.0,5,16.666666666666664,5,16.666666666666664,1,3.3333333333333335,0,0.0,7,23.333333333333332
645,False,2.6666666666666665,1.699673171197595,2.0,2.0,80.0,80.0,86.66666666666667,10,33.33333333333333,6,20.0,8,26.666666666666668,0,0.0,2,6.666666666666667,4,13.333333333333334,2.2,1.5362291495737217,2.0,1.75,83.33333333333334,90.0,90.0,13,43.333333333333336,9,30.0,3,10.0,2,6.666666666666667,0,0.0,3,10.0,2.2666666666666666,1.569146972791976,2.0,1.75,83.33333333333334,86.66666666666667,90.0,12,40.0,10,33.33333333333333,3,10.0,1,3.3333333333333335,1,3.3333333333333335,3,10.0,2.8333333333333335,1.8272626764887658,2.0,3.0,70.0,76.66666666666667,83.33333333333334,10,33.33333333333333,6,20.0,5,16.666666666666664,2,6.666666666666667,2,6.666666666666667,5,16.666666666666664
646,True,1.9,1.106044001535804,1.5,1.75,90.0,96.66666666666667,100.0,15,50.0,7,23.333333333333332,5,16.666666666666664,2,6.666666666666667,1,3.3333333333333335,0,0.0,1.8333333333333333,1.2671051872498809,1.0,1.0,90.0,93.33333333333333,96.66666666666667,17,56.666666666666664,7,23.333333333333332,3,10.0,1,3.3333333333333335,1,3.3333333333333335,1,3.3333333333333335,1.8333333333333333,1.2405196043952265,1.0,1.0,90.0,93.33333333333333,96.66666666666667,16,53.333333333333336,9,30.0,2,6.666666666666667,1,3.3333333333333335,1,3.3333333333333335,1,3.3333333333333335,2.066666666666667,1.5040685563571303,2.0,1.0,86.66666666666667,90.0,90.0,14,46.666666666666664,10,33.33333333333333,2,6.666666666666667,1,3.3333333333333335,0,0.0,3,10.0
647,False,2.5,1.6278820596099706,2.0,2.0,80.0,86.66666666666667,86.66666666666667,10,33.33333333333333,9,30.0,5,16.666666666666664,2,6.666666666666667,0,0.0,4,13.333333333333334,2.2666666666666666,1.8061622912192088,1.0,2.0,83.33333333333334,83.33333333333334,83.33333333333334,16,53.333333333333336,5,16.666666666666664,4,13.333333333333334,0,0.0,0,0.0,5,16.666666666666664,2.533333333333333,2.0450482200237294,1.0,2.75,73.33333333333333,76.66666666666667,76.66666666666667,16,53.333333333333336,4,13.333333333333334,2,6.666666666666667,1,3.3333333333333335,0,0.0,7,23.333333333333332,2.7666666666666666,1.961008810677697,2.0,3.0,66.66666666666666,76.66666666666667,80.0,13,43.333333333333336,4,13.333333333333334,3,10.0,3,10.0,1,3.3333333333333335,6,20.0
648,True,2.6666666666666665,1.8856180831641267,2.0,2.75,73.33333333333333,76.66666666666667,80.0,10,33.33333333333333,11,36.666666666666664,1,3.3333333333333335,1,3.3333333333333335,1,3.3333333333333335,6,20.0,1.9,1.468559384794046,1.0,1.0,86.66666666666667,90.0,93.33333333333333,18,60.0,6,20.0,2,6.666666666666667,1,3.3333333333333335,1,3.3333333333333335,2,6.666666666666667,1.7666666666666666,1.0225241100118645,1.0,1.0,93.33333333333333,96.66666666666667,100.0,16,53.333333333333336,8,26.666666666666668,4,13.333333333333334,1,3.3333333333333335,1,3.3333333333333335,0,0.0,2.3333333333333335,1.5563490039905001,2.0,2.0,80.0,90.0,90.0,12,40.0,8,26.666666666666668,4,13.333333333333334,3,10.0,0,0.0,3,10.0
649,False,2.7333333333333334,1.6719914938645934,2.0,1.75,80.0,83.33333333333334,83.33333333333334,8,26.666666666666668,8,26.666666666666668,8,26.666666666666668,1,3.3333333333333335,0,0.0,5,16.666666666666664,2.2666666666666666,1.7113996870657915,1.5,2.0,80.0,86.66666666666667,86.66666666666667,15,50.0,6,20.0,3,10.0,2,6.666666666666667,0,0.0,4,13.333333333333334,2.566666666666667,1.7065234314893605,2.0,2.0,76.66666666666667,83.33333333333334,86.66666666666667,11,36.666666666666664,7,23.333333333333332,5,16.666666666666664,2,6.666666666666667,1,3.3333333333333335,4,13.333333333333334,3.033333333333333,2.089391192561976,2.0,5.0,66.66666666666666,70.0,70.0,11,36.666666666666664,5,16.666666666666664,4,13.333333333333334,1,3.3333333333333335,0,0.0,9,30.0
650,False,2.5,1.6072751268321592,2.0,1.75,83.33333333333334,83.33333333333334,86.66666666666667,8,26.666666666666668,13,43.333333333333336,4,13.333333333333334,0,0.0,1,3.3333333333333335,4,13.333333333333334,2.1333333333333333,1.4544949486180954,2.0,1.0,86.66666666666667,86.66666666666667,93.33333333333333,12,40.0,12,40.0,2,6.666666666666667,0,0.0,2,6.666666666666667,2,6.666666666666667,2.466666666666667,1.8024674446127702,2.0,2.0,80.0,80.0,83.33333333333334,12,40.0,9,30.0,3,10.0,0,0.0,1,3.3333333333333335,5,16.666666666666664,2.7666666666666666,1.92671280221579,2.0,3.75,70.0,73.33333333333333,80.0,10,33.33333333333333,10,33.33333333333333,1,3.3333333333333335,1,3.3333333333333335,2,6.666666666666667,6,20.0
651,False,2.6,1.6041612554021285,2.0,1.75,76.66666666666667,86.66666666666667,86.66666666666667,8,26.666666666666668,11,36.666666666666664,4,13.333333333333334,3,10.0,0,0.0,4,13.333333333333334,2.1666666666666665,1.5073892072793351,2.0,1.75,80.0,90.0,93.33333333333333,14,46.666666666666664,8,26.666666666666668,2,6.666666666666667,3,10.0,1,3.3333333333333335,2,6.666666666666667,2.2,1.5790292376436015,2.0,1.75,80.0,90.0,90.0,14,46.666666666666664,8,26.666666666666668,2,6.666666666666667,3,10.0,0,0.0,3,10.0,2.5,1.648231375343482,2.0,3.0,70.0,86.66666666666667,90.0,11,36.666666666666664,9,30.0,1,3.3333333333333335,5,16.666666666666664,1,3.3333333333333335,3,10.0
652,False,2.8333333333333335,1.827262676488766,2.0,2.5,73.33333333333333,76.66666666666667,80.0,8,26.666666666666668,10,33.33333333333333,4,13.333333333333334,1,3.3333333333333335,1,3.3333333333333335,6,20.0,2.3333333333333335,1.8856180831641267,1.0,2.0,80.0,80.0,83.33333333333334,17,56.666666666666664,3,10.0,4,13.333333333333334,0,0.0,1,3.3333333333333335,5,16.666666666666664,2.466666666666667,1.9618585292749549,1.0,2.0,76.66666666666667,80.0,80.0,17,56.666666666666664,1,3.3333333333333335,5,16.666666666666664,1,3.3333333333333335,0,0.0,6,20.0,2.8666666666666667,1.9955506062794355,2.0,3.75,63.33333333333333,73.33333333333333,80.0,13,43.333333333333336,3,10.0,3,10.0,3,10.0,2,6.666666666666667,6,20.0
653,False,2.533333333333333,1.6478942792411033,2.0,2.0,83.33333333333334,83.33333333333334,86.66666666666667,10,33.33333333333333,8,26.666666666666668,7,23.333333333333332,0,0.0,1,3.3333333333333335,4,13.333333333333334,1.8666666666666667,1.2578641509408806,1.0,1.0,86.66666666666667,96.66666666666667,96.66666666666667,17,56.666666666666664,6,20.0,3,10.0,3,10.0,0,0.0,1,3.3333333333333335,2.533333333333333,1.9955506062794355,1.0,2.75,73.33333333333333,76.66666666666667,80.0,16,53.333333333333336,3,10.0,3,10.0,1,3.3333333333333335,1,3.3333333333333335,6,20.0,2.6333333333333333,1.7603661235347856,2.0,2.75,73.33333333333333,83.33333333333334,83.33333333333334,10,33.33333333333333,9,30.0,3,10.0,3,10.0,0,0.0,5,16.666666666666664
654,False,2.3666666666666667,1.662995957768856,2.0,2.0,80.0,83.33333333333334,90.0,13,43.333333333333336,7,23.333333333333332,4,13.333333333333334,1,3.3333333333333335,2,6.666666666666667,3,10.0,2.066666666666667,1.7499206331208919,1.0,1.0,83.33333333333334,83.33333333333334,86.66666666666667,18,60.0,6,20.0,1,3.3333333333333335,0,0.0,1,3.3333333333333335,4,13.333333333333334,2.2,1.833030277982336,1.0,1.0,80.0,83.33333333333334,83.33333333333334,17,56.666666666666664,6,20.0,1,3.3333333333333335,1,3.3333333333333335,0,0.0,5,16.666666666666664,2.566666666666667,2.011356645539412,1.5,3.5,73.33333333333333,73.33333333333333,80.0,15,50.0,5,16.666666666666664,2,6.666666666666667,0,0.0,2,6.666666666666667,6,20.0
655,False,2.2666666666666666,1.6519348924485155,2.0,1.75,83.33333333333334,86.66666666666667,86.66666666666667,13,43.333333333333336,9,30.0,3,10.0,1,3.3333333333333335,0,0.0,4,13.333333333333334,2.1333333333333333,1.6679994670929073,1.0,1.75,86.66666666666667,86.66666666666667,86.66666666666667,16,53.333333333333336,6,20.0,4,13.333333333333334,0,0.0,0,0.0,4,13.333333333333334,2.3333333333333335,1.776388345929897,2.0,2.0,83.33333333333334,83.33333333333334,83.33333333333334,14,46.666666666666664,7,23.333333333333332,4,13.333333333333334,0,0.0,0,0.0,5,16.666666666666664,2.8333333333333335,2.00138840697041,2.0,3.75,70.0,73.33333333333333,76.66666666666667,12,40.0,5,16.666666666666664,4,13.333333333333334,1,3.3333333333333335,1,3.3333333333333335,7,23.333333333333332
656,False,2.2333333333333334,1.6468825769380833,2.0,1.75,83.33333333333334,83.33333333333334,90.0,14,46.666666666666664,8,26.666666666666668,3,10.0,0,0.0,2,6.666666666666667,3,10.0,1.7666666666666666,1.4533486237727762,1.0,1.0,90.0,90.0,93.33333333333333,21,70.0,3,10.0,3,10.0,0,0.0,1,3.3333333333333335,2,6.666666666666667,1.9333333333333333,1.569146972791976,1.0,1.0,86.66666666666667,90.0,90.0,19,63.33333333333333,4,13.333333333333334,3,10.0,1,3.3333333333333335,0,0.0,3,10.0,2.7333333333333334,2.06451500896027,1.5,3.75,70.0,73.33333333333333,76.66666666666667,15,50.0,2,6.666666666666667,4,13.333333333333334,1,3.3333333333333335,1,3.3333333333333335,7,23.333333333333332
657,False,2.8,1.7962924780409972,2.0,1.0,76.66666666666667,76.66666666666667,80.0,7,23.333333333333332,12,40.0,4,13.333333333333334,0,0.0,1,3.3333333333333335,6,20.0,2.3,1.8284784202536637,1.0,1.75,76.66666666666667,80.0,86.66666666666667,16,53.333333333333336,6,20.0,1,3.3333333333333335,1,3.3333333333333335,2,6.666666666666667,4,13.333333333333334,2.466666666666667,2.0450482200237294,1.0,2.5,73.33333333333333,76.66666666666667,76.66666666666667,16,53.333333333333336,6,20.0,0,0.0,1,3.3333333333333335,0,0.0,7,23.333333333333332,3.066666666666667,2.048305532764962,2.0,4.0,60.0,66.66666666666666,76.66666666666667,11,36.666666666666664,5,16.666666666666664,2,6.666666666666667,2,6.666666666666667,3,10.0,7,23.333333333333332
658,False,2.3666666666666667,1.7603661235347856,2.0,2.0,83.33333333333334,83.33333333333334,83.33333333333334,13,43.333333333333336,8,26.666666666666668,4,13.333333333333334,0,0.0,0,0.0,5,16.666666666666664,1.9,1.5132745950421556,1.0,1.0,90.0,90.0,90.0,18,60.0,6,20.0,3,10.0,0,0.0,0,0.0,3,10.0,2.066666666666667,1.6519348924485158,1.0,1.0,86.66666666666667,86.66666666666667,86.66666666666667,16,53.333333333333336,8,26.666666666666668,2,6.666666666666667,0,0.0,0,0.0,4,13.333333333333334,2.6,1.8903262505010434,2.0,2.0,76.66666666666667,80.0,80.0,13,43.333333333333336,5,16.666666666666664,5,16.666666666666664,1,3.3333333333333335,0,0.0,6,20.0
659,True,2.3666666666666667,1.3780017739062924,2.0,2.0,83.33333333333334,86.66666666666667,96.66666666666667,9,30.0,11,36.666666666666664,5,16.666666666666664,1,3.3333333333333335,3,10.0,1,3.3333333333333335,2.2333333333333334,1.7259457954666158,2.0,1.0,80.0,83.33333333333334,86.66666666666667,14,46.666666666666664,10,33.33333333333333,0,0.0,1,3.3333333333333335,1,3.3333333333333335,4,13.333333333333334,2.3666666666666667,1.7220788470785984,2.0,1.75,76.66666666666667,80.0,90.0,13,43.333333333333336,9,30.0,1,3.3333333333333335,1,3.3333333333333335,3,10.0,3,10.0,3.0,1.96638416050035,2.0,4.5,70.0,73.33333333333333,73.33333333333333,9,30.0,7,23.333333333333332,5,16.666666666666664,1,3.3333333333333335,0,0.0,8,26.666666666666668
660,False,2.6333333333333333,1.9405039437103846,2.0,3.0,70.0,80.0,80.0,14,46.666666666666664,4,13.333333333333334,3,10.0,3,10.0,0,0.0,6,20.0,2.1666666666666665,1.6346933113652304,1.0,2.0,83.33333333333334,86.66666666666667,90.0,16,53.333333333333336,5,16.666666666666664,4,13.333333333333334,1,3.3333333333333335,1,3.3333333333333335,3,10.0,2.3333333333333335,1.679947089113887,2.0,2.0,80.0,83.33333333333334,90.0,14,46.666666666666664,6,20.0,4,13.333333333333334,1,3.3333333333333335,2,6.666666666666667,3,10.0,2.3666666666666667,1.702612371882951,2.0,2.0,76.66666666666667,83.33333333333334,90.0,14,46.666666666666664,6,20.0,3,10.0,2,6.666666666666667,2,6.666666666666667,3,10.0
661,True,2.533333333333333,1.6275407487644937,2.0,2.0,80.0,86.66666666666667,86.66666666666667,10,33.33333333333333,8,26.666666666666668,6,20.0,2,6.666666666666667,0,0.0,4,13.333333333333334,2.1666666666666665,1.654958878307521,1.0,1.75,80.0,86.66666666666667,90.0,16,53.333333333333336,6,20.0,2,6.666666666666667,2,6.666666666666667,1,3.3333333333333335,3,10.0,2.3666666666666667,1.834545054108935,1.0,2.0,76.66666666666667,80.0,86.66666666666667,16,53.333333333333336,4,13.333333333333334,3,10.0,1,3.3333333333333335,2,6.666666666666667,4,13.333333333333334,2.8666666666666667,1.8926759422104522,2.0,3.75,70.0,73.33333333333333,80.0,9,30.0,9,30.0,3,10.0,1,3.3333333333333335,2,6.666666666666667,6,20.0
662,False,2.533333333333333,1.7838784213679537,2.0,2.75,73.33333333333333,80.0,86.66666666666667,12,40.0,8,26.666666666666668,2,6.666666666666667,2,6.666666666666667,2,6.666666666666667,4,13.333333333333334,1.8666666666666667,1.3597385369580761,1.0,1.0,90.0,93.33333333333333,93.33333333333333,17,56.666666666666664,7,23.333333333333332,3,10.0,1,3.3333333333333335,0,0.0,2,6.666666666666667,1.9666666666666666,1.5162087220725544,1.0,1.0,90.0,90.0,90.0,17,56.666666666666664,6,20.0,4,13.333333333333334,0,0.0,0,0.0,3,10.0,2.1666666666666665,1.6346933113652304,1.0,2.0,83.33333333333334,86.66666666666667,90.0,16,53.333333333333336,5,16.666666666666664,4,13.333333333333334,1,3.3333333333333335,1,3.3333333333333335,3,10.0
663,False,2.9,1.7578395831246945,2.0,2.5,73.33333333333333,73.33333333333333,83.33333333333334,6,20.0,12,40.0,4,13.333333333333334,0,0.0,3,10.0,5,16.666666666666664,2.3333333333333335,1.6397831834998458,2.0,2.0,83.33333333333334,86.66666666666667,86.66666666666667,12,40.0,9,30.0,4,13.333333333333334,1,3.3333333333333335,0,0.0,4,13.333333333333334,2.3333333333333335,1.5776212754932308,2.0,2.0,83.33333333333334,86.66666666666667,90.0,12,40.0,8,26.666666666666668,5,16.666666666666664,1,3.3333333333333335,1,3.3333333333333335,3,10.0,2.6206896551724137,1.7501486262688992,2.0,2.0,75.86206896551724,79.3103448275862,86.20689655172413,10,34.48275862068966,8,27.586206896551722,4,13.793103448275861,1,3.4482758620689653,2,6.896551724137931,4,13.793103448275861
664,False,2.3666666666666667,1.6428295373802142,2.0,2.0,83.33333333333334,86.66666666666667,86.66666666666667,12,40.0,8,26.666666666666668,5,16.666666666666664,1,3.3333333333333335,0,0.0,4,13.333333333333334,2.1,1.6603212540549694,1.0,1.0,86.66666666666667,86.66666666666667,86.66666666666667,16,53.333333333333336,7,23.333333333333332,3,10.0,0,0.0,0,0.0,4,13.333333333333334,2.2,1.6812693617224654,1.5,1.75,83.33333333333334,86.66666666666667,86.66666666666667,15,50.0,7,23.333333333333332,3,10.0,1,3.3333333333333335,0,0.0,4,13.333333333333334,2.2333333333333334,1.6468825769380835,2.0,2.0,86.66666666666667,86.66666666666667,86.66666666666667,14,46.666666666666664,7,23.333333333333332,5,16.666666666666664,0,0.0,0,0.0,4,13.333333333333334
665,True,2.566666666666667,1.5638272140986533,2.0,2.5,73.33333333333333,86.66666666666667,90.0,8,26.666666666666668,12,40.0,2,6.666666666666667,4,13.333333333333334,1,3.3333333333333335,3,10.0,2.2666666666666666,1.6316317667360556,2.0,1.75,83.33333333333334,83.33333333333334,90.0,13,43.333333333333336,9,30.0,3,10.0,0,0.0,2,6.666666666666667,3,10.0,2.2666666666666666,1.590248058916875,2.0,2.0,83.33333333333334,86.66666666666667,90.0,13,43.333333333333336,8,26.666666666666668,4,13.333333333333334,1,3.3333333333333335,1,3.3333333333333335,3,10.0,2.7666666666666666,1.6868774571839995,2.0,2.75,70.0,76.66666666666667,90.0,8,26.666666666666668,10,33.33333333333333,3,10.0,2,6.666666666666667,4,13.333333333333334,3,10.0
666,True,2.1333333333333333,1.4544949486180951,2.0,1.0,90.0,90.0,90.0,12,40.0,11,36.666666666666664,4,13.333333333333334,0,0.0,0,0.0,3,10.0,2.033333333333333,1.4715826703096075,2.0,1.0,90.0,90.0,90.0,14,46.666666666666664,10,33.33333333333333,3,10.0,0,0.0,0,0.0,3,10.0,2.1,1.445683229480096,2.0,1.0,90.0,90.0,90.0,12,40.0,12,40.0,3,10.0,0,0.0,0,0.0,3,10.0,2.1666666666666665,1.3682917167849196,2.0,1.0,83.33333333333334,93.33333333333333,93.33333333333333,11,36.666666666666664,12,40.0,2,6.666666666666667,3,10.0,0,0.0,2,6.666666666666667
667,False,1.9,1.1357816691600546,2.0,1.0,93.33333333333333,96.66666666666667,96.66666666666667,14,46.666666666666664,9,30.0,5,16.666666666666664,1,3.3333333333333335,0,0.0,1,3.3333333333333335,1.7333333333333334,1.2631530214330944,1.0,1.0,90.0,93.33333333333333,96.66666666666667,19,63.33333333333333,6,20.0,2,6.666666666666667,1,3.3333333333333335,1,3.3333333333333335,1,3.3333333333333335,2.2,1.886796226411321,1.0,1.0,80.0,80.0,83.33333333333334,18,60.0,5,16.666666666666664,1,3.3333333333333335,0,0.0,1,3.3333333333333335,5,16.666666666666664,2.2333333333333334,1.7065234314893605,1.0,2.0,80.0,83.33333333333334,90.0,16,53.333333333333336,5,16.666666666666664,3,10.0,1,3.3333333333333335,2,6.666666666666667,3,10.0
668,True,1.7,1.268857754044952,1.0,1.0,93.33333333333333,93.33333333333333,93.33333333333333,18,60.0,9,30.0,1,3.3333333333333335,0,0.0,0,0.0,2,6.666666666666667,1.6333333333333333,1.2775845264491201,1.0,1.0,93.33333333333333,93.33333333333333,93.33333333333333,20,66.66666666666666,7,23.333333333333332,1,3.3333333333333335,0,0.0,0,0.0,2,6.666666666666667,1.6333333333333333,1.2775845264491201,1.0,1.0,93.33333333333333,93.33333333333333,93.33333333333333,20,66.66666666666666,7,23.333333333333332,1,3.3333333333333335,0,0.0,0,0.0,2,6.666666666666667,2.1,1.6603212540549694,1.0,1.75,80.0,83.33333333333334,93.33333333333333,18,60.0,4,13.333333333333334,2,6.666666666666667,1,3.3333333333333335,3,10.0,2,6.666666666666667
669,False,2.433333333333333,1.5849991237291652,2.0,2.0,86.66666666666667,86.66666666666667,86.66666666666667,10,33.33333333333333,9,30.0,7,23.333333333333332,0,0.0,0,0.0,4,13.333333333333334,2.066666666666667,1.412641340027806,2.0,1.75,90.0,90.0,93.33333333333333,14,46.666666666666664,8,26.666666666666668,5,16.666666666666664,0,0.0,1,3.3333333333333335,2,6.666666666666667,2.3333333333333335,1.7575235101952091,2.0,1.75,83.33333333333334,83.33333333333334,83.33333333333334,13,43.333333333333336,9,30.0,3,10.0,0,0.0,0,0.0,5,16.666666666666664,3.0,1.9493588689617927,2.0,4.0,70.0,70.0,76.66666666666667,9,30.0,7,23.333333333333332,5,16.666666666666664,0,0.0,2,6.666666666666667,7,23.333333333333332
670,True,2.5,1.707825127659933,2.0,1.75,80.0,83.33333333333334,83.33333333333334,9,30.0,13,43.333333333333336,2,6.666666666666667,1,3.3333333333333335,0,0.0,5,16.666666666666664,2.033333333333333,1.5162087220725546,1.0,1.0,80.0,86.66666666666667,96.66666666666667,17,56.666666666666664,6,20.0,1,3.3333333333333335,2,6.666666666666667,3,10.0,1,3.3333333333333335,2.1333333333333333,1.6069294390925264,1.5,1.0,83.33333333333334,86.66666666666667,90.0,15,50.0,8,26.666666666666668,2,6.666666666666667,1,3.3333333333333335,1,3.3333333333333335,3,10.0,2.433333333333333,1.7829438827088442,2.0,2.0,76.66666666666667,80.0,86.66666666666667,13,43.333333333333336,8,26.666666666666668,2,6.666666666666667,1,3.3333333333333335,2,6.666666666666667,4,13.333333333333334
671,False,2.1666666666666665,1.4624940645653537,2.0,1.75,90.0,90.0,90.0,12,40.0,10,33.33333333333333,5,16.666666666666664,0,0.0,0,0.0,3,10.0,1.9666666666666666,1.4940623220676645,1.0,1.0,90.0,90.0,90.0,16,53.333333333333336,8,26.666666666666668,3,10.0,0,0.0,0,0.0,3,10.0,2.1,1.57797338380595,1.5,1.0,86.66666666666667,86.66666666666667,90.0,15,50.0,8,26.666666666666668,3,10.0,0,0.0,1,3.3333333333333335,3,10.0,2.6,1.781385228784985,2.0,2.75,73.33333333333333,80.0,86.66666666666667,12,40.0,6,20.0,4,13.333333333333334,2,6.666666666666667,2,6.666666666666667,4,13.333333333333334
672,False,2.466666666666667,1.687865186822955,2.0,2.0,76.66666666666667,83.33333333333334,90.0,13,43.333333333333336,5,16.666666666666664,5,16.666666666666664,2,6.666666666666667,2,6.666666666666667,3,10.0,2.0,1.5491933384829668,1.0,2.0,83.33333333333334,90.0,93.33333333333333,19,63.33333333333333,2,6.666666666666667,4,13.333333333333334,2,6.666666666666667,1,3.3333333333333335,2,6.666666666666667,2.1666666666666665,1.7527755766846542,1.0,2.0,80.0,86.66666666666667,86.66666666666667,18,60.0,3,10.0,3,10.0,2,6.666666666666667,0,0.0,4,13.333333333333334,2.566666666666667,1.7641491496532322,2.0,2.75,73.33333333333333,83.33333333333334,86.66666666666667,13,43.333333333333336,4,13.333333333333334,5,16.666666666666664,3,10.0,1,3.3333333333333335,4,13.333333333333334
673,False,2.6,1.9425069712444623,2.0,2.75,73.33333333333333,76.66666666666667,80.0,13,43.333333333333336,7,23.333333333333332,2,6.666666666666667,1,3.3333333333333335,1,3.3333333333333335,6,20.0,2.1,1.8321208111548393,1.0,1.0,83.33333333333334,83.33333333333334,83.33333333333334,19,63.33333333333333,4,13.333333333333334,2,6.666666666666667,0,0.0,0,0.0,5,16.666666666666664,2.1666666666666665,1.827262676488766,1.0,1.0,80.0,80.0,86.66666666666667,18,60.0,5,16.666666666666664,1,3.3333333333333335,0,0.0,2,6.666666666666667,4,13.333333333333334,2.7333333333333334,2.0645150089602695,2.0,3.75,66.66666666666666,73.33333333333333,76.66666666666667,14,46.666666666666664,5,16.666666666666664,1,3.3333333333333335,2,6.666666666666667,1,3.3333333333333335,7,23.333333333333332
674,False,2.533333333333333,1.687865186822955,2.0,2.0,80.0,83.33333333333334,86.66666666666667,11,36.666666666666664,7,23.333333333333332,6,20.0,1,3.3333333333333335,1,3.3333333333333335,4,13.333333333333334,2.0,1.5275252316519468,1.0,1.75,90.0,90.0,90.0,17,56.666666666666664,5,16.666666666666664,5,16.666666666666664,0,0.0,0,0.0,3,10.0,2.0,1.3165611772087666,2.0,1.75,93.33333333333333,93.33333333333333,93.33333333333333,14,46.666666666666664,8,26.666666666666668,6,20.0,0,0.0,0,0.0,2,6.666666666666667,2.3,1.69607389776114,2.0,2.0,80.0,86.66666666666667,86.66666666666667,14,46.666666666666664,7,23.333333333333332,3,10.0,2,6.666666666666667,0,0.0,4,13.333333333333334
675,True,3.1,1.8321208111548395,3.0,2.0,66.66666666666666,76.66666666666667,76.66666666666667,7,23.333333333333332,7,23.333333333333332,6,20.0,3,10.0,0,0.0,7,23.333333333333332,2.3666666666666667,1.642829537380214,2.0,2.0,76.66666666666667,86.66666666666667,90.0,13,43.333333333333336,7,23.333333333333332,3,10.0,3,10.0,1,3.3333333333333335,3,10.0,2.5,1.7841898254763513,2.0,2.0,76.66666666666667,80.0,86.66666666666667,13,43.333333333333336,6,20.0,4,13.333333333333334,1,3.3333333333333335,2,6.666666666666667,4,13.333333333333334,2.7333333333333334,1.6918103387266026,2.5,3.0,66.66666666666666,83.33333333333334,90.0,11,36.666666666666664,4,13.333333333333334,5,16.666666666666664,5,16.666666666666664,2,6.666666666666667,3,10.0
676,False,2.566666666666667,1.6868774571839993,2.0,2.0,80.0,83.33333333333334,86.66666666666667,11,36.666666666666664,6,20.0,7,23.333333333333332,1,3.3333333333333335,1,3.3333333333333335,4,13.333333333333334,2.0,1.4375905768565218,1.0,1.75,90.0,90.0,93.33333333333333,16,53.333333333333336,6,20.0,5,16.666666666666664,0,0.0,1,3.3333333333333335,2,6.666666666666667,2.1333333333333333,1.564892612574067,1.0,2.0,83.33333333333334,86.66666666666667,93.33333333333333,16,53.333333333333336,5,16.666666666666664,4,13.333333333333334,1,3.3333333333333335,2,6.666666666666667,2,6.666666666666667,2.6,1.8903262505010434,2.0,3.0,70.0,80.0,83.33333333333334,14,46.666666666666664,4,13.333333333333334,3,10.0,3,10.0,1,3.3333333333333335,5,16.666666666666664
677,False,3.0,1.9148542155126762,2.0,3.5,66.66666666666666,73.33333333333333,76.66666666666667,8,26.666666666666668,9,30.0,3,10.0,2,6.666666666666667,1,3.3333333333333335,7,23.333333333333332,2.2333333333333334,1.7641491496532322,1.0,1.75,80.0,83.33333333333334,86.66666666666667,16,53.333333333333336,6,20.0,2,6.666666666666667,1,3.3333333333333335,1,3.3333333333333335,4,13.333333333333334,2.6333333333333333,1.9745604292826515,1.5,3.75,70.0,73.33333333333333,83.33333333333334,15,50.0,3,10.0,3,10.0,1,3.3333333333333335,3,10.0,5,16.666666666666664,2.8,1.9043809142780934,2.0,3.0,63.33333333333333,76.66666666666667,83.33333333333334,12,40.0,5,16.666666666666664,2,6.666666666666667,4,13.333333333333334,2,6.666666666666667,5,16.666666666666664
678,True,2.433333333333333,1.3085190950927015,2.0,1.0,80.0,90.0,96.66666666666667,7,23.333333333333332,13,43.333333333333336,4,13.333333333333334,3,10.0,2,6.666666666666667,1,3.3333333333333335,2.1,1.535143858622594,1.5,1.75,86.66666666666667,90.0,90.0,15,50.0,7,23.333333333333332,4,13.333333333333334,1,3.3333333333333335,0,0.0,3,10.0,2.433333333333333,1.9093337988826247,2.0,1.75,76.66666666666667,80.0,80.0,14,46.666666666666664,8,26.666666666666668,1,3.3333333333333335,1,3.3333333333333335,0,0.0,6,20.0,2.8,1.8147543451754935,2.0,2.75,73.33333333333333,80.0,80.0,9,30.0,8,26.666666666666668,5,16.666666666666664,2,6.666666666666667,0,0.0,6,20.0
679,False,2.3333333333333335,1.4220486005134363,2.0,2.0,83.33333333333334,90.0,93.33333333333333,10,33.33333333333333,10,33.33333333333333,5,16.666666666666664,2,6.666666666666667,1,3.3333333333333335,2,6.666666666666667,2.1666666666666665,1.7336538165261124,1.0,1.75,80.0,86.66666666666667,86.66666666666667,17,56.666666666666664,5,16.666666666666664,2,6.666666666666667,2,6.666666666666667,0,0.0,4,13.333333333333334,2.566666666666667,2.0765890836230025,1.0,3.5,73.33333333333333,73.33333333333333,76.66666666666667,16,53.333333333333336,4,13.333333333333334,2,6.666666666666667,0,0.0,1,3.3333333333333335,7,23.333333333333332,3.066666666666667,2.2201101073795617,2.0,5.0,60.0,66.66666666666666,66.66666666666666,13,43.333333333333336,4,13.333333333333334,1,3.3333333333333335,2,6.666666666666667,0,0.0,10,33.33333333333333
680,True,2.066666666666667,1.2892719737209144,2.0,1.75,93.33333333333333,93.33333333333333,93.33333333333333,12,40.0,10,33.33333333333333,6,20.0,0,0.0,0,0.0,2,6.666666666666667,1.9,1.4224392195567912,1.0,1.0,90.0,90.0,93.33333333333333,17,56.666666666666664,7,23.333333333333332,3,10.0,0,0.0,1,3.3333333333333335,2,6.666666666666667,2.1,1.6603212540549697,1.0,1.0,86.66666666666667,86.66666666666667,86.66666666666667,16,53.333333333333336,7,23.333333333333332,3,10.0,0,0.0,0,0.0,4,13.333333333333334,2.4,1.7435595774162693,2.0,2.0,76.66666666666667,80.0,90.0,14,46.666666666666664,6,20.0,3,10.0,1,3.3333333333333335,3,10.0,3,10.0
681,False,3.1,2.0872629605937694,2.0,5.0,63.33333333333333,66.66666666666666,70.0,9,30.0,9,30.0,1,3.3333333333333335,1,3.3333333333333335,1,3.3333333333333335,9,30.0,2.3,1.9519221295943134,1.0,1.0,76.66666666666667,80.0,80.0,17,56.666666666666664,6,20.0,0,0.0,1,3.3333333333333335,0,0.0,6,20.0,2.466666666666667,1.8749814813900312,1.5,2.0,76.66666666666667,80.0,83.33333333333334,15,50.0,4,13.333333333333334,4,13.333333333333334,1,3.3333333333333335,1,3.3333333333333335,5,16.666666666666664,2.5,1.8393839548428526,2.0,2.0,76.66666666666667,80.0,83.33333333333334,13,43.333333333333336,7,23.333333333333332,3,10.0,1,3.3333333333333335,1,3.3333333333333335,5,16.666666666666664
682,False,2.2666666666666666,1.6110727964792761,2.0,2.0,76.66666666666667,90.0,90.0,14,46.666666666666664,7,23.333333333333332,2,6.666666666666667,4,13.333333333333334,0,0.0,3,10.0,1.9333333333333333,1.6316317667360556,1.0,1.0,80.0,90.0,90.0,20,66.66666666666666,4,13.333333333333334,0,0.0,3,10.0,0,0.0,3,10.0,2.033333333333333,1.7413277182145304,1.0,1.0,80.0,86.66666666666667,86.66666666666667,19,63.33333333333333,5,16.666666666666664,0,0.0,2,6.666666666666667,0,0.0,4,13.333333333333334,2.6,2.0912516188477497,1.0,3.0,66.66666666666666,76.66666666666667,76.66666666666667,17,56.666666666666664,2,6.666666666666667,1,3.3333333333333335,3,10.0,0,0.0,7,23.333333333333332
683,True,2.2666666666666666,1.6110727964792764,2.0,1.75,80.0,86.66666666666667,90.0,13,43.333333333333336,9,30.0,2,6.666666666666667,2,6.666666666666667,1,3.3333333333333335,3,10.0,1.9666666666666666,1.5595583420386112,1.0,1.0,83.33333333333334,86.66666666666667,93.33333333333333,18,60.0,6,20.0,1,3.3333333333333335,1,3.3333333333333335,2,6.666666666666667,2,6.666666666666667,2.2333333333333334,1.706523431489361,1.0,2.0,80.0,83.33333333333334,90.0,16,53.333333333333336,5,16.666666666666664,3,10.0,1,3.3333333333333335,2,6.666666666666667,3,10.0,2.5,1.8027756377319946,2.0,2.75,73.33333333333333,76.66666666666667,90.0,14,46.666666666666664,5,16.666666666666664,3,10.0,1,3.3333333333333335,4,13.333333333333334,3,10.0
684,False,2.6,1.6451950239004087,2.0,2.75,73.33333333333333,86.66666666666667,86.66666666666667,9,30.0,10,33.33333333333333,3,10.0,4,13.333333333333334,0,0.0,4,13.333333333333334,2.1666666666666665,1.654958878307521,1.0,1.75,80.0,86.66666666666667,90.0,16,53.333333333333336,6,20.0,2,6.666666666666667,2,6.666666666666667,1,3.3333333333333335,3,10.0,2.3,1.7729448195962931,1.5,1.75,76.66666666666667,83.33333333333334,86.66666666666667,15,50.0,7,23.333333333333332,1,3.3333333333333335,2,6.666666666666667,1,3.3333333333333335,4,13.333333333333334,2.6333333333333333,1.9405039437103846,2.0,3.0,66.66666666666666,76.66666666666667,83.33333333333334,14,46.666666666666664,5,16.666666666666664,1,3.3333333333333335,3,10.0,2,6.666666666666667,5,16.666666666666664
685,False,2.533333333333333,1.687865186822955,2.0,2.75,73.33333333333333,83.33333333333334,90.0,12,40.0,6,20.0,4,13.333333333333334,3,10.0,2,6.666666666666667,3,10.0,2.0,1.5491933384829668,1.0,1.0,86.66666666666667,90.0,90.0,17,56.666666666666664,6,20.0,3,10.0,1,3.3333333333333335,0,0.0,3,10.0,2.2,1.6812693617224654,1.0,1.75,76.66666666666667,86.66666666666667,90.0,16,53.333333333333336,6,20.0,1,3.3333333333333335,3,10.0,1,3.3333333333333335,3,10.0,2.533333333333333,1.8208667044996885,2.0,2.0,80.0,80.0,83.33333333333334,13,43.333333333333336,5,16.666666666666664,6,20.0,0,0.0,1,3.3333333333333335,5,16.666666666666664
686,False,2.8,1.758787461103056,2.0,1.75,73.33333333333333,76.66666666666667,83.33333333333334,7,23.333333333333332,12,40.0,3,10.0,1,3.3333333333333335,2,6.666666666666667,5,16.666666666666664,2.2333333333333334,1.7259457954666158,1.0,2.0,80.0,86.66666666666667,86.66666666666667,16,53.333333333333336,5,16.666666666666664,3,10.0,2,6.666666666666667,0,0.0,4,13.333333333333334,2.3,1.7349351572897471,2.0,1.75,80.0,83.33333333333334,86.66666666666667,14,46.666666666666664,8,26.666666666666668,2,6.666666666666667,1,3.3333333333333335,1,3.3333333333333335,4,13.333333333333334,3.033333333333333,2.040969268645551,2.5,4.75,66.66666666666666,70.0,73.33333333333333,11,36.666666666666664,4,13.333333333333334,5,16.666666666666664,1,3.3333333333333335,1,3.3333333333333335,8,26.666666666666668
687,True,2.2,1.4922019523732928,2.0,1.0,83.33333333333334,86.66666666666667,93.33333333333333,12,40.0,11,36.666666666666664,2,6.666666666666667,1,3.3333333333333335,2,6.666666666666667,2,6.666666666666667,1.9666666666666666,1.7026123718829511,1.0,1.0,86.66666666666667,86.66666666666667,86.66666666666667,20,66.66666666666666,3,10.0,3,10.0,0,0.0,0,0.0,4,13.333333333333334,1.9333333333333333,1.5477582354991863,1.0,1.75,90.0,90.0,90.0,19,63.33333333333333,3,10.0,5,16.666666666666664,0,0.0,0,0.0,3,10.0,2.8,2.072036035722674,2.0,4.0,70.0,70.0,76.66666666666667,14,46.666666666666664,3,10.0,4,13.333333333333334,0,0.0,2,6.666666666666667,7,23.333333333333332
688,False,2.7333333333333334,2.0154955277107964,2.0,3.0,66.66666666666666,76.66666666666667,76.66666666666667,13,43.333333333333336,6,20.0,1,3.3333333333333335,3,10.0,0,0.0,7,23.333333333333332,1.9,1.57797338380595,1.0,1.0,83.33333333333334,90.0,90.0,19,63.33333333333333,6,20.0,0,0.0,2,6.666666666666667,0,0.0,3,10.0,2.1,1.8138357147217055,1.0,1.0,83.33333333333334,83.33333333333334,83.33333333333334,18,60.0,6,20.0,1,3.3333333333333335,0,0.0,0,0.0,5,16.666666666666664,2.6666666666666665,1.9550504398153574,2.0,3.0,70.0,76.66666666666667,80.0,13,43.333333333333336,6,20.0,2,6.666666666666667,2,6.666666666666667,1,3.3333333333333335,6,20.0
689,False,2.3333333333333335,1.6193277068654823,2.0,2.0,80.0,86.66666666666667,90.0,13,43.333333333333336,7,23.333333333333332,4,13.333333333333334,2,6.666666666666667,1,3.3333333333333335,3,10.0,2.033333333333333,1.7220788470785986,1.0,1.0,83.33333333333334,86.66666666666667,86.66666666666667,19,63.33333333333333,4,13.333333333333334,2,6.666666666666667,1,3.3333333333333335,0,0.0,4,13.333333333333334,2.1,1.5989579940281942,1.0,2.0,83.33333333333334,90.0,90.0,17,56.666666666666664,4,13.333333333333334,4,13.333333333333334,2,6.666666666666667,0,0.0,3,10.0,2.7666666666666666,2.0925794820959345,2.0,4.5,70.0,73.33333333333333,73.33333333333333,14,46.666666666666664,4,13.333333333333334,3,10.0,1,3.3333333333333335,0,0.0,8,26.666666666666668
690,False,2.966666666666667,1.8345450541089354,3.0,1.75,76.66666666666667,76.66666666666667,76.66666666666667,8,26.666666666666668,6,20.0,9,30.0,0,0.0,0,0.0,7,23.333333333333332,2.4,1.8184242262647807,1.5,2.0,80.0,83.33333333333334,83.33333333333334,15,50.0,4,13.333333333333334,5,16.666666666666664,1,3.3333333333333335,0,0.0,5,16.666666666666664,2.6666666666666665,1.9888578520235065,2.0,2.75,73.33333333333333,76.66666666666667,76.66666666666667,13,43.333333333333336,6,20.0,3,10.0,1,3.3333333333333335,0,0.0,7,23.333333333333332,3.0,1.96638416050035,3.0,3.75,66.66666666666666,73.33333333333333,76.66666666666667,11,36.666666666666664,3,10.0,6,20.0,2,6.666666666666667,1,3.3333333333333335,7,23.333333333333332
691,True,2.2,1.5577761927397231,2.0,1.75,80.0,86.66666666666667,93.33333333333333,14,46.666666666666664,8,26.666666666666668,2,6.666666666666667,2,6.666666666666667,2,6.666666666666667,2,6.666666666666667,2.033333333333333,1.6224124698183944,1.0,1.0,83.33333333333334,86.66666666666667,90.0,17,56.666666666666664,7,23.333333333333332,1,3.3333333333333335,1,3.3333333333333335,1,3.3333333333333335,3,10.0,2.066666666666667,1.6918103387266028,1.0,1.0,83.33333333333334,86.66666666666667,86.66666666666667,17,56.666666666666664,7,23.333333333333332,1,3.3333333333333335,1,3.3333333333333335,0,0.0,4,13.333333333333334,2.3666666666666667,1.834545054108935,2.0,1.75,80.0,80.0,83.33333333333334,14,46.666666666666664,8,26.666666666666668,2,6.666666666666667,0,0.0,1,3.3333333333333335,5,16.666666666666664
692,False,2.6333333333333333,2.008039397577204,2.0,2.75,73.33333333333333,76.66666666666667,76.66666666666667,14,46.666666666666664,5,16.666666666666664,3,10.0,1,3.3333333333333335,0,0.0,7,23.333333333333332,2.033333333333333,1.7220788470785986,1.0,1.0,83.33333333333334,86.66666666666667,86.66666666666667,19,63.33333333333333,4,13.333333333333334,2,6.666666666666667,1,3.3333333333333335,0,0.0,4,13.333333333333334,2.2333333333333334,1.961008810677697,1.0,1.75,80.0,80.0,80.0,19,63.33333333333333,3,10.0,2,6.666666666666667,0,0.0,0,0.0,6,20.0,2.8,2.1664102412362563,1.5,4.75,63.33333333333333,70.0,73.33333333333333,15,50.0,4,13.333333333333334,0,0.0,2,6.666666666666667,1,3.3333333333333335,8,26.666666666666668
693,False,2.8,1.9043809142780934,2.0,2.0,76.66666666666667,76.66666666666667,76.66666666666667,10,33.33333333333333,7,23.333333333333332,6,20.0,0,0.0,0,0.0,7,23.333333333333332,2.1,1.535143858622594,1.5,1.75,86.66666666666667,90.0,90.0,15,50.0,7,23.333333333333332,4,13.333333333333334,1,3.3333333333333335,0,0.0,3,10.0,2.2,1.4696938456699067,2.0,2.0,90.0,90.0,90.0,12,40.0,9,30.0,6,20.0,0,0.0,0,0.0,3,10.0,2.4,1.540562667772179,2.0,2.0,83.33333333333334,86.66666666666667,90.0,10,33.33333333333333,10,33.33333333333333,5,16.666666666666664,1,3.3333333333333335,1,3.3333333333333335,3,10.0
694,False,2.7333333333333334,1.806162291219209,2.0,3.0,70.0,80.0,83.33333333333334,10,33.33333333333333,8,26.666666666666668,3,10.0,3,10.0,1,3.3333333333333335,5,16.666666666666664,2.066666666666667,1.5477582354991866,1.0,1.75,86.66666666666667,90.0,90.0,16,53.333333333333336,6,20.0,4,13.333333333333334,1,3.3333333333333335,0,0.0,3,10.0,2.3,1.676305461424021,2.0,2.0,83.33333333333334,86.66666666666667,86.66666666666667,14,46.666666666666664,6,20.0,5,16.666666666666664,1,3.3333333333333335,0,0.0,4,13.333333333333334,3.1,2.1809783737274118,2.0,5.0,63.33333333333333,66.66666666666666,66.66666666666666,12,40.0,4,13.333333333333334,3,10.0,1,3.3333333333333335,0,0.0,10,33.33333333333333
695,False,2.8333333333333335,1.5509853498842454,2.0,2.0,70.0,83.33333333333334,90.0,6,20.0,10,33.33333333333333,5,16.666666666666664,4,13.333333333333334,2,6.666666666666667,3,10.0,2.2666666666666666,1.5040685563571303,2.0,1.75,83.33333333333334,90.0,90.0,11,36.666666666666664,11,36.666666666666664,3,10.0,2,6.666666666666667,0,0.0,3,10.0,2.433333333333333,1.6868774571839995,2.0,2.0,80.0,83.33333333333334,86.66666666666667,11,36.666666666666664,10,33.33333333333333,3,10.0,1,3.3333333333333335,1,3.3333333333333335,4,13.333333333333334,2.7,1.8645821694595994,2.0,3.0,70.0,80.0,80.0,10,33.33333333333333,10,33.33333333333333,1,3.3333333333333335,3,10.0,0,0.0,6,20.0
696,False,2.4,1.7999999999999998,2.0,1.75,76.66666666666667,83.33333333333334,83.33333333333334,13,43.333333333333336,9,30.0,1,3.3333333333333335,2,6.666666666666667,0,0.0,5,16.666666666666664,2.3,1.8284784202536637,1.5,1.0,76.66666666666667,83.33333333333334,83.33333333333334,15,50.0,8,26.666666666666668,0,0.0,2,6.666666666666667,0,0.0,5,16.666666666666664,2.4,1.8000000000000003,2.0,1.75,76.66666666666667,83.33333333333334,83.33333333333334,13,43.333333333333336,9,30.0,1,3.3333333333333335,2,6.666666666666667,0,0.0,5,16.666666666666664,2.5,1.7272328544042153,2.0,2.75,73.33333333333333,83.33333333333334,86.66666666666667,11,36.666666666666664,10,33.33333333333333,1,3.3333333333333335,3,10.0,1,3.3333333333333335,4,13.333333333333334
697,False,2.466666666666667,1.6478942792411033,2.0,2.0,80.0,86.66666666666667,86.66666666666667,11,36.666666666666664,8,26.666666666666668,5,16.666666666666664,2,6.666666666666667,0,0.0,4,13.333333333333334,2.1666666666666665,1.674979270186815,1.5,1.0,83.33333333333334,86.66666666666667,86.66666666666667,15,50.0,8,26.666666666666668,2,6.666666666666667,1,3.3333333333333335,0,0.0,4,13.333333333333334,2.3333333333333335,1.7384539747207064,2.0,2.0,80.0,83.33333333333334,86.66666666666667,14,46.666666666666664,7,23.333333333333332,3,10.0,1,3.3333333333333335,1,3.3333333333333335,4,13.333333333333334,2.7333333333333334,1.8785337071473829,2.0,3.0,70.0,80.0,80.0,11,36.666666666666664,7,23.333333333333332,3,10.0,3,10.0,0,0.0,6,20.0
698,False,2.966666666666667,1.7413277182145301,2.0,2.0,70.0,80.0,80.0,6,20.0,10,33.33333333333333,5,16.666666666666664,3,10.0,0,0.0,6,20.0,2.433333333333333,1.7065234314893605,2.0,2.75,73.33333333333333,86.66666666666667,86.66666666666667,12,40.0,9,30.0,1,3.3333333333333335,4,13.333333333333334,0,0.0,4,13.333333333333334,2.7333333333333334,1.9482185594936612,2.0,3.0,66.66666666666666,76.66666666666667,80.0,12,40.0,7,23.333333333333332,1,3.3333333333333335,3,10.0,1,3.3333333333333335,6,20.0,3.1333333333333333,2.0286832072937253,2.0,4.75,63.33333333333333,70.0,70.0,8,26.666666666666668,9,30.0,2,6.666666666666667,2,6.666666666666667,0,0.0,9,30.0
699,True,2.066666666666667,1.2631530214330944,2.0,1.0,86.66666666666667,93.33333333333333,96.66666666666667,12,40.0,11,36.666666666666664,3,10.0,2,6.666666666666667,1,3.3333333333333335,1,3.3333333333333335,2.033333333333333,1.5162087220725546,1.5,1.0,86.66666666666667,90.0,90.0,15,50.0,9,30.0,2,6.666666666666667,1,3.3333333333333335,0,0.0,3,10.0,2.3,1.6360521589077368,2.0,1.75,83.33333333333334,86.66666666666667,86.66666666666667,12,40.0,10,33.33333333333333,3,10.0,1,3.3333333333333335,0,0.0,4,13.333333333333334,2.433333333333333,1.8562207723101138,2.0,2.0,76.66666666666667,80.0,83.33333333333334,14,46.666666666666664,7,23.333333333333332,2,6.666666666666667,1,3.3333333333333335,1,3.3333333333333335,5,16.666666666666664
700,False,2.7333333333333334,1.7688665548562132,2.0,3.0,70.0,76.66666666666667,86.66666666666667,9,30.0,10,33.33333333333333,2,6.666666666666667,2,6.666666666666667,3,10.0,4,13.333333333333334,2.3333333333333335,1.8318175552045448,1.5,1.75,76.66666666666667,83.33333333333334,83.33333333333334,15,50.0,7,23.333333333333332,1,3.3333333333333335,2,6.666666666666667,0,0.0,5,16.666666666666664,2.466666666666667,1.910206504252587,1.5,3.0,70.0,80.0,83.33333333333334,15,50.0,6,20.0,0,0.0,3,10.0,1,3.3333333333333335,5,16.666666666666664,2.4,1.7435595774162693,2.0,2.0,76.66666666666667,83.33333333333334,86.66666666666667,13,43.333333333333336,8,26.666666666666668,2,6.666666666666667,2,6.666666666666667,1,3.3333333333333335,4,13.333333333333334
701,False,2.6666666666666665,1.5563490039905004,2.0,1.0,76.66666666666667,86.66666666666667,86.66666666666667,6,20.0,13,43.333333333333336,4,13.333333333333334,3,10.0,0,0.0,4,13.333333333333334,2.2333333333333334,1.6058919293927874,2.0,1.0,80.0,86.66666666666667,90.0,13,43.333333333333336,10,33.33333333333333,1,3.3333333333333335,2,6.666666666666667,1,3.3333333333333335,3,10.0,2.6333333333333333,1.9576062480034697,2.0,2.0,76.66666666666667,76.66666666666667,76.66666666666667,12,40.0,8,26.666666666666668,3,10.0,0,0.0,0,0.0,7,23.333333333333332,2.6333333333333333,1.8705317128797598,2.0,2.75,73.33333333333333,80.0,80.0,11,36.666666666666664,9,30.0,2,6.666666666666667,2,6.666666666666667,0,0.0,6,20.0
702,True,2.066666666666667,1.4817407180595248,2.0,1.0,90.0,90.0,90.0,14,46.666666666666664,9,30.0,4,13.333333333333334,0,0.0,0,0.0,3,10.0,1.7,1.2688577540449522,1.0,1.0,93.33333333333333,93.33333333333333,93.33333333333333,18,60.0,9,30.0,1,3.3333333333333335,0,0.0,0,0.0,2,6.666666666666667,1.7666666666666666,1.3337499349161706,1.0,1.0,90.0,93.33333333333333,93.33333333333333,18,60.0,8,26.666666666666668,1,3.3333333333333335,1,3.3333333333333335,0,0.0,2,6.666666666666667,2.4,1.8903262505010434,2.0,1.75,80.0,80.0,80.0,14,46.666666666666664,8,26.666666666666668,2,6.666666666666667,0,0.0,0,0.0,6,20.0
703,False,2.566666666666667,1.7451520150277897,2.0,2.0,76.66666666666667,80.0,86.66666666666667,11,36.666666666666664,8,26.666666666666668,4,13.333333333333334,1,3.3333333333333335,2,6.666666666666667,4,13.333333333333334,2.3333333333333335,1.8318175552045448,1.0,2.0,76.66666666666667,80.0,86.66666666666667,16,53.333333333333336,5,16.666666666666664,2,6.666666666666667,1,3.3333333333333335,2,6.666666666666667,4,13.333333333333334,2.4,1.8903262505010434,1.0,2.0,76.66666666666667,80.0,83.33333333333334,16,53.333333333333336,4,13.333333333333334,3,10.0,1,3.3333333333333335,1,3.3333333333333335,5,16.666666666666664,2.6,1.7435595774162695,2.0,2.0,76.66666666666667,80.0,86.66666666666667,11,36.666666666666664,7,23.333333333333332,5,16.666666666666664,1,3.3333333333333335,2,6.666666666666667,4,13.333333333333334
704,True,2.4,1.7625738755203046,2.0,2.0,80.0,80.0,86.66666666666667,13,43.333333333333336,8,26.666666666666668,3,10.0,0,0.0,2,6.666666666666667,4,13.333333333333334,2.033333333333333,1.6629959577688562,1.0,1.75,83.33333333333334,86.66666666666667,90.0,19,63.33333333333333,3,10.0,3,10.0,1,3.3333333333333335,1,3.3333333333333335,3,10.0,2.2666666666666666,1.7876116903722563,1.0,2.75,73.33333333333333,83.33333333333334,90.0,18,60.0,2,6.666666666666667,2,6.666666666666667,3,10.0,2,6.666666666666667,3,10.0,2.6,1.854723699099141,2.0,3.75,70.0,73.33333333333333,90.0,14,46.666666666666664,4,13.333333333333334,3,10.0,1,3.3333333333333335,5,16.666666666666664,3,10.0
705,False,2.3333333333333335,1.2736648783028532,2.0,1.0,86.66666666666667,93.33333333333333,93.33333333333333,7,23.333333333333332,14,46.666666666666664,5,16.666666666666664,2,6.666666666666667,0,0.0,2,6.666666666666667,2.2,1.6613247725836149,1.5,2.0,86.66666666666667,86.66666666666667,86.66666666666667,15,50.0,6,20.0,5,16.666666666666664,0,0.0,0,0.0,4,13.333333333333334,2.433333333333333,1.7829438827088444,2.0,2.0,80.0,83.33333333333334,83.33333333333334,13,43.333333333333336,7,23.333333333333332,4,13.333333333333334,1,3.3333333333333335,0,0.0,5,16.666666666666664,2.933333333333333,1.9136933459209764,2.0,3.75,66.66666666666666,73.33333333333333,80.0,10,33.33333333333333,6,20.0,4,13.333333333333334,2,6.666666666666667,2,6.666666666666667,6,20.0
706,False,2.7666666666666666,1.891795149821695,2.0,3.0,70.0,76.66666666666667,80.0,10,33.33333333333333,9,30.0,2,6.666666666666667,2,6.666666666666667,1,3.3333333333333335,6,20.0,2.3,1.6563010998406458,2.0,2.0,83.33333333333334,86.66666666666667,86.66666666666667,13,43.333333333333336,8,26.666666666666668,4,13.333333333333334,1,3.3333333333333335,0,0.0,4,13.333333333333334,2.433333333333333,1.7641491496532322,2.0,2.0,80.0,83.33333333333334,83.33333333333334,12,40.0,9,30.0,3,10.0,1,3.3333333333333335,0,0.0,5,16.666666666666664,2.7,1.7349351572897473,2.0,2.75,73.33333333333333,83.33333333333334,83.33333333333334,9,30.0,9,30.0,4,13.333333333333334,3,10.0,0,0.0,5,16.666666666666664
707,False,2.4,1.4966629547095764,2.0,2.0,76.66666666666667,90.0,93.33333333333333,11,36.666666666666664,8,26.666666666666668,4,13.333333333333334,4,13.333333333333334,1,3.3333333333333335,2,6.666666666666667,2.1666666666666665,1.6141733350404333,1.5,1.75,83.33333333333334,86.66666666666667,90.0,15,50.0,7,23.333333333333332,3,10.0,1,3.3333333333333335,1,3.3333333333333335,3,10.0,2.3666666666666667,1.7603661235347858,2.0,2.0,76.66666666666667,83.33333333333334,86.66666666666667,14,46.666666666666664,7,23.333333333333332,2,6.666666666666667,2,6.666666666666667,1,3.3333333333333335,4,13.333333333333334,2.8333333333333335,1.9163043135739746,2.0,3.0,66.66666666666666,76.66666666666667,80.0,11,36.666666666666664,6,20.0,3,10.0,3,10.0,1,3.3333333333333335,6,20.0
708,False,2.3666666666666667,1.6224124698183942,2.0,2.0,86.66666666666667,86.66666666666667,86.66666666666667,12,40.0,7,23.333333333333332,7,23.333333333333332,0,0.0,0,0.0,4,13.333333333333334,2.033333333333333,1.7220788470785986,1.0,1.0,83.33333333333334,86.66666666666667,86.66666666666667,19,63.33333333333333,4,13.333333333333334,2,6.666666666666667,1,3.3333333333333335,0,0.0,4,13.333333333333334,2.2,1.8147543451754935,1.0,1.75,83.33333333333334,83.33333333333334,83.33333333333334,17,56.666666666666664,5,16.666666666666664,3,10.0,0,0.0,0,0.0,5,16.666666666666664,2.7333333333333334,1.8785337071473827,2.0,3.75,70.0,73.33333333333333,86.66666666666667,13,43.333333333333336,3,10.0,5,16.666666666666664,1,3.3333333333333335,4,13.333333333333334,4,13.333333333333334
709,True,2.6,1.6653327995729064,2.0,2.0,76.66666666666667,86.66666666666667,86.66666666666667,11,36.666666666666664,5,16.666666666666664,7,23.333333333333332,3,10.0,0,0.0,4,13.333333333333334,2.1,1.5132745950421556,1.0,2.0,83.33333333333334,90.0,93.33333333333333,16,53.333333333333336,5,16.666666666666664,4,13.333333333333334,2,6.666666666666667,1,3.3333333333333335,2,6.666666666666667,2.2,1.5362291495737217,1.5,2.0,80.0,90.0,93.33333333333333,15,50.0,5,16.666666666666664,4,13.333333333333334,3,10.0,1,3.3333333333333335,2,6.666666666666667,2.8666666666666667,1.8571184369578826,2.5,3.0,66.66666666666666,76.66666666666667,83.33333333333334,11,36.666666666666664,4,13.333333333333334,5,16.666666666666664,3,10.0,2,6.666666666666667,5,16.666666666666664
710,True,2.433333333333333,1.5849991237291654,2.0,2.0,83.33333333333334,86.66666666666667,86.66666666666667,9,30.0,12,40.0,4,13.333333333333334,1,3.3333333333333335,0,0.0,4,13.333333333333334,2.066666666666667,1.4817407180595248,2.0,1.0,90.0,90.0,90.0,14,46.666666666666664,9,30.0,4,13.333333333333334,0,0.0,0,0.0,3,10.0,2.2,1.5362291495737217,2.0,1.75,83.33333333333334,90.0,90.0,13,43.333333333333336,9,30.0,3,10.0,2,6.666666666666667,0,0.0,3,10.0,2.966666666666667,2.008039397577204,2.0,4.5,66.66666666666666,73.33333333333333,73.33333333333333,10,33.33333333333333,7,23.333333333333332,3,10.0,2,6.666666666666667,0,0.0,8,26.666666666666668
711,False,3.3333333333333335,1.9550504398153574,2.5,3.75,60.0,63.33333333333333,73.33333333333333,6,20.0,9,30.0,3,10.0,1,3.3333333333333335,3,10.0,8,26.666666666666668,2.433333333333333,1.9439364415764442,1.0,3.0,70.0,80.0,83.33333333333334,17,56.666666666666664,3,10.0,1,3.3333333333333335,3,10.0,1,3.3333333333333335,5,16.666666666666664,2.6,1.818424226264781,2.0,3.0,70.0,80.0,86.66666666666667,13,43.333333333333336,5,16.666666666666664,3,10.0,3,10.0,2,6.666666666666667,4,13.333333333333334,3.066666666666667,2.031966753883756,2.5,3.75,53.333333333333336,73.33333333333333,76.66666666666667,12,40.0,3,10.0,1,3.3333333333333335,6,20.0,1,3.3333333333333335,7,23.333333333333332
712,False,3.0,1.7511900715418263,2.5,1.75,73.33333333333333,76.66666666666667,80.0,6,20.0,9,30.0,7,23.333333333333332,1,3.3333333333333335,1,3.3333333333333335,6,20.0,2.3333333333333335,1.8135294011647258,1.5,1.75,76.66666666666667,80.0,86.66666666666667,15,50.0,7,23.333333333333332,1,3.3333333333333335,1,3.3333333333333335,2,6.666666666666667,4,13.333333333333334,2.466666666666667,1.7838784213679537,2.0,2.0,76.66666666666667,80.0,86.66666666666667,13,43.333333333333336,7,23.333333333333332,3,10.0,1,3.3333333333333335,2,6.666666666666667,4,13.333333333333334,2.6333333333333333,1.7413277182145301,2.0,2.75,73.33333333333333,76.66666666666667,90.0,11,36.666666666666664,7,23.333333333333332,4,13.333333333333334,1,3.3333333333333335,4,13.333333333333334,3,10.0
713,False,2.2333333333333334,1.6868774571839995,2.0,1.0,80.0,86.66666666666667,86.66666666666667,14,46.666666666666664,9,30.0,1,3.3333333333333335,2,6.666666666666667,0,0.0,4,13.333333333333334,1.8333333333333333,1.4624940645653537,1.0,1.0,86.66666666666667,90.0,93.33333333333333,19,63.33333333333333,6,20.0,1,3.3333333333333335,1,3.3333333333333335,1,3.3333333333333335,2,6.666666666666667,2.2333333333333334,1.7829438827088442,1.0,2.0,80.0,83.33333333333334,86.66666666666667,17,56.666666666666664,4,13.333333333333334,3,10.0,1,3.3333333333333335,1,3.3333333333333335,4,13.333333333333334,2.6,1.942506971244462,2.0,2.75,73.33333333333333,76.66666666666667,80.0,13,43.333333333333336,7,23.333333333333332,2,6.666666666666667,1,3.3333333333333335,1,3.3333333333333335,6,20.0
714,False,3.2333333333333334,2.0765890836230025,2.0,4.75,63.33333333333333,66.66666666666666,66.66666666666666,8,26.666666666666668,8,26.666666666666668,3,10.0,1,3.3333333333333335,0,0.0,10,33.33333333333333,2.4,1.8000000000000003,2.0,1.75,76.66666666666667,83.33333333333334,83.33333333333334,13,43.333333333333336,9,30.0,1,3.3333333333333335,2,6.666666666666667,0,0.0,5,16.666666666666664,2.5,1.857417562100671,2.0,2.75,73.33333333333333,80.0,83.33333333333334,13,43.333333333333336,8,26.666666666666668,1,3.3333333333333335,2,6.666666666666667,1,3.3333333333333335,5,16.666666666666664,3.033333333333333,2.008039397577204,2.0,4.0,60.0,70.0,76.66666666666667,10,33.33333333333333,7,23.333333333333332,1,3.3333333333333335,3,10.0,2,6.666666666666667,7,23.333333333333332
715,False,2.3333333333333335,1.2736648783028532,2.0,0.75,90.0,90.0,93.33333333333333,6,20.0,16,53.333333333333336,5,16.666666666666664,0,0.0,1,3.3333333333333335,2,6.666666666666667,2.033333333333333,1.4940623220676648,1.5,1.0,90.0,90.0,90.0,15,50.0,8,26.666666666666668,4,13.333333333333334,0,0.0,0,0.0,3,10.0,2.3,1.7540429489230491,2.0,1.0,83.33333333333334,83.33333333333334,83.33333333333334,13,43.333333333333336,10,33.33333333333333,2,6.666666666666667,0,0.0,0,0.0,5,16.666666666666664,2.8333333333333335,1.9677962857527254,2.0,3.5,73.33333333333333,73.33333333333333,76.66666666666667,11,36.666666666666664,6,20.0,5,16.666666666666664,0,0.0,1,3.3333333333333335,7,23.333333333333332
716,False,2.2,1.4696938456699067,2.0,2.0,90.0,90.0,90.0,12,40.0,9,30.0,6,20.0,0,0.0,0,0.0,3,10.0,1.9333333333333333,1.5260697523012796,1.0,1.0,86.66666666666667,90.0,90.0,17,56.666666666666664,8,26.666666666666668,1,3.3333333333333335,1,3.3333333333333335,0,0.0,3,10.0,1.9666666666666666,1.5380362660079103,1.0,1.0,86.66666666666667,90.0,90.0,17,56.666666666666664,7,23.333333333333332,2,6.666666666666667,1,3.3333333333333335,0,0.0,3,10.0,2.3666666666666667,1.682920741515245,2.0,2.0,80.0,86.66666666666667,86.66666666666667,13,43.333333333333336,7,23.333333333333332,4,13.333333333333334,2,6.666666666666667,0,0.0,4,13.333333333333334
717,True,2.466666666666667,1.4996295838935991,2.0,2.0,80.0,90.0,90.0,9,30.0,10,33.33333333333333,5,16.666666666666664,3,10.0,0,0.0,3,10.0,1.9333333333333333,1.18133634311129,2.0,1.0,90.0,96.66666666666667,96.66666666666667,14,46.666666666666664,9,30.0,4,13.333333333333334,2,6.666666666666667,0,0.0,1,3.3333333333333335,2.1,1.4224392195567912,2.0,1.75,83.33333333333334,93.33333333333333,93.33333333333333,14,46.666666666666664,8,26.666666666666668,3,10.0,3,10.0,0,0.0,2,6.666666666666667,2.5,1.6683325008322931,2.0,2.0,80.0,83.33333333333334,86.66666666666667,10,33.33333333333333,10,33.33333333333333,4,13.333333333333334,1,3.3333333333333335,1,3.3333333333333335,4,13.333333333333334
718,False,2.5,1.6683325008322931,2.0,2.0,80.0,86.66666666666667,86.66666666666667,12,40.0,5,16.666666666666664,7,23.333333333333332,2,6.666666666666667,0,0.0,4,13.333333333333334,1.9666666666666666,1.3780017739062924,1.0,1.75,90.0,93.33333333333333,93.33333333333333,16,53.333333333333336,6,20.0,5,16.666666666666664,1,3.3333333333333335,0,0.0,2,6.666666666666667,2.2333333333333334,1.7259457954666158,1.0,2.0,80.0,86.66666666666667,86.66666666666667,16,53.333333333333336,5,16.666666666666664,3,10.0,2,6.666666666666667,0,0.0,4,13.333333333333334,2.1333333333333333,1.4544949486180951,2.0,2.0,86.66666666666667,90.0,93.33333333333333,14,46.666666666666664,7,23.333333333333332,5,16.666666666666664,1,3.3333333333333335,1,3.3333333333333335,2,6.666666666666667
719,False,2.8,1.92180470738661,2.0,2.0,76.66666666666667,76.66666666666667,76.66666666666667,11,36.666666666666664,5,16.666666666666664,7,23.333333333333332,0,0.0,0,0.0,7,23.333333333333332,2.3,1.8645821694595994,1.0,1.75,80.0,80.0,83.33333333333334,16,53.333333333333336,6,20.0,2,6.666666666666667,0,0.0,1,3.3333333333333335,5,16.666666666666664,2.4,1.8000000000000003,2.0,2.0,80.0,83.33333333333334,83.33333333333334,14,46.666666666666664,6,20.0,4,13.333333333333334,1,3.3333333333333335,0,0.0,5,16.666666666666664,2.8666666666666667,1.9447936194419764,2.0,3.0,70.0,76.66666666666667,76.66666666666667,11,36.666666666666664,5,16.666666666666664,5,16.666666666666664,2,6.666666666666667,0,0.0,7,23.333333333333332
720,False,3.1333333333333333,2.0773915267843845,2.0,5.0,63.33333333333333,66.66666666666666,70.0,9,30.0,8,26.666666666666668,2,6.666666666666667,1,3.3333333333333335,1,3.3333333333333335,9,30.0,2.3,1.9689252567496478,1.0,1.75,76.66666666666667,80.0,80.0,18,60.0,4,13.333333333333334,1,3.3333333333333335,1,3.3333333333333335,0,0.0,6,20.0,2.433333333333333,1.9610088106776968,1.0,2.75,73.33333333333333,80.0,80.0,16,53.333333333333336,5,16.666666666666664,1,3.3333333333333335,2,6.666666666666667,0,0.0,6,20.0,3.033333333333333,2.1210584359910714,2.0,4.75,60.0,66.66666666666666,73.33333333333333,12,40.0,5,16.666666666666664,1,3.3333333333333335,2,6.666666666666667,2,6.666666666666667,8,26.666666666666668
721,True,2.433333333333333,1.7259457954666158,2.0,1.75,80.0,80.0,86.66666666666667,11,36.666666666666664,11,36.666666666666664,2,6.666666666666667,0,0.0,2,6.666666666666667,4,13.333333333333334,2.1,1.556705923844749,2.0,1.0,86.66666666666667,86.66666666666667,90.0,14,46.666666666666664,10,33.33333333333333,2,6.666666666666667,0,0.0,1,3.3333333333333335,3,10.0,2.1333333333333333,1.4772346537440226,2.0,1.0,86.66666666666667,86.66666666666667,93.33333333333333,13,43.333333333333336,10,33.33333333333333,3,10.0,0,0.0,2,6.666666666666667,2,6.666666666666667,2.3333333333333335,1.5776212754932308,2.0,1.75,80.0,86.66666666666667,90.0,11,36.666666666666664,11,36.666666666666664,2,6.666666666666667,2,6.666666666666667,1,3.3333333333333335,3,10.0
722,False,3.2,1.8867962264113212,3.0,3.5,66.66666666666666,73.33333333333333,73.33333333333333,7,23.333333333333332,6,20.0,7,23.333333333333332,2,6.666666666666667,0,0.0,8,26.666666666666668,2.533333333333333,1.978776277287444,1.5,2.75,73.33333333333333,76.66666666666667,80.0,15,50.0,5,16.666666666666664,2,6.666666666666667,1,3.3333333333333335,1,3.3333333333333335,6,20.0,2.6666666666666665,1.9379255804998177,2.0,2.75,73.33333333333333,76.66666666666667,80.0,13,43.333333333333336,5,16.666666666666664,4,13.333333333333334,1,3.3333333333333335,1,3.3333333333333335,6,20.0,2.8333333333333335,1.9677962857527254,2.0,3.75,66.66666666666666,73.33333333333333,80.0,12,40.0,5,16.666666666666664,3,10.0,2,6.666666666666667,2,6.666666666666667,6,20.0
723,False,2.433333333333333,1.7259457954666158,2.0,2.0,76.66666666666667,80.0,90.0,13,43.333333333333336,7,23.333333333333332,3,10.0,1,3.3333333333333335,3,10.0,3,10.0,2.0,1.5491933384829668,1.0,1.0,83.33333333333334,86.66666666666667,93.33333333333333,17,56.666666666666664,7,23.333333333333332,1,3.3333333333333335,1,3.3333333333333335,2,6.666666666666667,2,6.666666666666667,2.1,1.7387735140993301,1.0,1.0,83.33333333333334,83.33333333333334,86.66666666666667,17,56.666666666666664,7,23.333333333333332,1,3.3333333333333335,0,0.0,1,3.3333333333333335,4,13.333333333333334,2.2666666666666666,1.590248058916875,2.0,2.0,80.0,90.0,90.0,14,46.666666666666664,6,20.0,4,13.333333333333334,3,10.0,0,0.0,3,10.0
724,False,2.6333333333333333,1.8882678717691392,2.0,2.0,76.66666666666667,76.66666666666667,80.0,11,36.666666666666664,9,30.0,3,10.0,0,0.0,1,3.3333333333333335,6,20.0,2.3,1.8823743871327332,1.0,2.0,80.0,80.0,83.33333333333334,17,56.666666666666664,4,13.333333333333334,3,10.0,0,0.0,1,3.3333333333333335,5,16.666666666666664,2.4,1.9252705437591537,1.0,2.0,76.66666666666667,76.66666666666667,83.33333333333334,16,53.333333333333336,5,16.666666666666664,2,6.666666666666667,0,0.0,2,6.666666666666667,5,16.666666666666664,2.566666666666667,2.0765890836230025,1.0,3.5,73.33333333333333,73.33333333333333,76.66666666666667,16,53.333333333333336,4,13.333333333333334,2,6.666666666666667,0,0.0,1,3.3333333333333335,7,23.333333333333332
725,False,2.533333333333333,1.687865186822955,2.0,2.0,83.33333333333334,83.33333333333334,83.33333333333334,9,30.0,11,36.666666666666664,5,16.666666666666664,0,0.0,0,0.0,5,16.666666666666664,2.1333333333333333,1.521694961401777,2.0,1.75,86.66666666666667,90.0,90.0,14,46.666666666666664,8,26.666666666666668,4,13.333333333333334,1,3.3333333333333335,0,0.0,3,10.0,2.1333333333333333,1.521694961401777,2.0,1.75,86.66666666666667,90.0,90.0,14,46.666666666666664,8,26.666666666666668,4,13.333333333333334,1,3.3333333333333335,0,0.0,3,10.0,2.3333333333333335,1.5347819244295116,2.0,2.0,83.33333333333334,90.0,90.0,12,40.0,7,23.333333333333332,6,20.0,2,6.666666666666667,0,0.0,3,10.0
726,False,2.8666666666666667,1.746106780494506,2.5,3.0,66.66666666666666,83.33333333333334,83.33333333333334,9,30.0,6,20.0,5,16.666666666666664,5,16.666666666666664,0,0.0,5,16.666666666666664,2.3,1.7156145643277028,1.5,2.0,80.0,86.66666666666667,86.66666666666667,15,50.0,5,16.666666666666664,4,13.333333333333334,2,6.666666666666667,0,0.0,4,13.333333333333334,2.533333333333333,1.8208667044996885,2.0,2.75,73.33333333333333,80.0,86.66666666666667,14,46.666666666666664,4,13.333333333333334,4,13.333333333333334,2,6.666666666666667,2,6.666666666666667,4,13.333333333333334,2.933333333333333,1.8245242911205346,2.5,3.0,60.0,80.0,83.33333333333334,10,33.33333333333333,5,16.666666666666664,3,10.0,6,20.0,1,3.3333333333333335,5,16.666666666666664
727,True,2.3666666666666667,1.5595583420386112,2.0,2.0,80.0,83.33333333333334,93.33333333333333,11,36.666666666666664,10,33.33333333333333,3,10.0,1,3.3333333333333335,3,10.0,2,6.666666666666667,2.1333333333333333,1.564892612574067,1.0,2.0,83.33333333333334,86.66666666666667,93.33333333333333,16,53.333333333333336,5,16.666666666666664,4,13.333333333333334,1,3.3333333333333335,2,6.666666666666667,2,6.666666666666667,2.4,1.781385228784985,1.5,2.0,76.66666666666667,83.33333333333334,86.66666666666667,15,50.0,4,13.333333333333334,4,13.333333333333334,2,6.666666666666667,1,3.3333333333333335,4,13.333333333333334,2.6666666666666665,1.903213656482693,2.0,3.0,70.0,76.66666666666667,83.33333333333334,13,43.333333333333336,5,16.666666666666664,3,10.0,2,6.666666666666667,2,6.666666666666667,5,16.666666666666664
728,False,2.6,1.6852299546352718,2.0,2.0,76.66666666666667,83.33333333333334,86.66666666666667,10,33.33333333333333,8,26.666666666666668,5,16.666666666666664,2,6.666666666666667,1,3.3333333333333335,4,13.333333333333334,2.1666666666666665,1.5933891203622825,1.5,1.75,80.0,90.0,90.0,15,50.0,7,23.333333333333332,2,6.666666666666667,3,10.0,0,0.0,3,10.0,2.4,1.7625738755203046,2.0,2.0,76.66666666666667,83.33333333333334,86.66666666666667,14,46.666666666666664,6,20.0,3,10.0,2,6.666666666666667,1,3.3333333333333335,4,13.333333333333334,2.7666666666666666,1.8740923729160794,2.0,3.0,66.66666666666666,76.66666666666667,83.33333333333334,11,36.666666666666664,7,23.333333333333332,2,6.666666666666667,3,10.0,2,6.666666666666667,5,16.666666666666664
729,False,2.9,2.0712315177207983,2.0,4.75,66.66666666666666,70.0,73.33333333333333,11,36.666666666666664,8,26.666666666666668,1,3.3333333333333335,1,3.3333333333333335,1,3.3333333333333335,8,26.666666666666668,2.2333333333333334,1.7065234314893605,2.0,1.0,83.33333333333334,83.33333333333334,86.66666666666667,14,46.666666666666664,9,30.0,2,6.666666666666667,0,0.0,1,3.3333333333333335,4,13.333333333333334,2.2666666666666666,1.7113996870657915,2.0,1.75,83.33333333333334,83.33333333333334,86.66666666666667,14,46.666666666666664,8,26.666666666666668,3,10.0,0,0.0,1,3.3333333333333335,4,13.333333333333334,2.466666666666667,1.6275407487644937,2.0,2.0,80.0,83.33333333333334,90.0,11,36.666666666666664,8,26.666666666666668,5,16.666666666666664,1,3.3333333333333335,2,6.666666666666667,3,10.0
730,False,2.9,1.9891371663780923,2.0,4.5,70.0,73.33333333333333,73.33333333333333,9,30.0,10,33.33333333333333,2,6.666666666666667,1,3.3333333333333335,0,0.0,8,26.666666666666668,2.2666666666666666,1.7688665548562132,1.0,2.0,80.0,83.33333333333334,86.66666666666667,16,53.333333333333336,5,16.666666666666664,3,10.0,1,3.3333333333333335,1,3.3333333333333335,4,13.333333333333334,2.4,1.7435595774162693,2.0,2.0,76.66666666666667,83.33333333333334,86.66666666666667,13,43.333333333333336,8,26.666666666666668,2,6.666666666666667,2,6.666666666666667,1,3.3333333333333335,4,13.333333333333334,2.3666666666666667,1.702612371882951,2.0,2.0,80.0,86.66666666666667,86.66666666666667,14,46.666666666666664,5,16.666666666666664,5,16.666666666666664,2,6.666666666666667,0,0.0,4,13.333333333333334
731,False,3.1333333333333333,1.9955506062794357,2.5,4.75,70.0,70.0,70.0,8,26.666666666666668,7,23.333333333333332,6,20.0,0,0.0,0,0.0,9,30.0,2.1333333333333333,1.7074997966487597,1.0,1.75,83.33333333333334,86.66666666666667,86.66666666666667,17,56.666666666666664,5,16.666666666666664,3,10.0,1,3.3333333333333335,0,0.0,4,13.333333333333334,2.3,1.9347695814575265,1.0,1.75,80.0,80.0,80.0,17,56.666666666666664,5,16.666666666666664,2,6.666666666666667,0,0.0,0,0.0,6,20.0,2.6,2.009975124224178,2.0,2.75,73.33333333333333,76.66666666666667,76.66666666666667,14,46.666666666666664,6,20.0,2,6.666666666666667,1,3.3333333333333335,0,0.0,7,23.333333333333332
732,False,2.566666666666667,1.5423647068345698,2.0,2.0,76.66666666666667,83.33333333333334,93.33333333333333,9,30.0,9,30.0,5,16.666666666666664,2,6.666666666666667,3,10.0,2,6.666666666666667,2.466666666666667,1.7838784213679537,2.0,3.0,70.0,80.0,90.0,14,46.666666666666664,6,20.0,1,3.3333333333333335,3,10.0,3,10.0,3,10.0,2.533333333333333,1.6478942792411033,2.0,2.75,73.33333333333333,83.33333333333334,90.0,10,33.33333333333333,10,33.33333333333333,2,6.666666666666667,3,10.0,2,6.666666666666667,3,10.0,2.6333333333333333,1.5807874268505833,2.0,3.0,70.0,83.33333333333334,93.33333333333333,9,30.0,9,30.0,3,10.0,4,13.333333333333334,3,10.0,2,6.666666666666667
733,False,2.5,1.7272328544042153,2.0,2.0,83.33333333333334,83.33333333333334,83.33333333333334,11,36.666666666666664,8,26.666666666666668,6,20.0,0,0.0,0,0.0,5,16.666666666666664,2.066666666666667,1.7499206331208919,1.0,1.0,83.33333333333334,83.33333333333334,86.66666666666667,18,60.0,6,20.0,1,3.3333333333333335,0,0.0,1,3.3333333333333335,4,13.333333333333334,2.3333333333333335,1.9379255804998177,1.0,2.75,73.33333333333333,80.0,83.33333333333334,18,60.0,3,10.0,1,3.3333333333333335,2,6.666666666666667,1,3.3333333333333335,5,16.666666666666664,2.966666666666667,2.1522597943143906,2.0,5.0,66.66666666666666,66.66666666666666,70.0,12,40.0,6,20.0,2,6.666666666666667,0,0.0,1,3.3333333333333335,9,30.0
734,False,2.5,1.707825127659933,2.0,1.75,80.0,83.33333333333334,83.33333333333334,9,30.0,13,43.333333333333336,2,6.666666666666667,1,3.3333333333333335,0,0.0,5,16.666666666666664,2.2333333333333334,1.5849991237291654,2.0,1.75,83.33333333333334,86.66666666666667,90.0,13,43.333333333333336,9,30.0,3,10.0,1,3.3333333333333335,1,3.3333333333333335,3,10.0,2.3,1.69607389776114,2.0,1.75,83.33333333333334,83.33333333333334,86.66666666666667,13,43.333333333333336,9,30.0,3,10.0,0,0.0,1,3.3333333333333335,4,13.333333333333334,2.6333333333333333,1.7978382080215733,2.0,2.75,73.33333333333333,80.0,83.33333333333334,10,33.33333333333333,10,33.33333333333333,2,6.666666666666667,2,6.666666666666667,1,3.3333333333333335,5,16.666666666666664
735,True,2.9,1.903505538035898,2.0,3.25,73.33333333333333,73.33333333333333,76.66666666666667,8,26.666666666666668,10,33.33333333333333,4,13.333333333333334,0,0.0,1,3.3333333333333335,7,23.333333333333332,2.3666666666666667,1.8882678717691395,1.0,2.0,76.66666666666667,80.0,83.33333333333334,16,53.333333333333336,5,16.666666666666664,2,6.666666666666667,1,3.3333333333333335,1,3.3333333333333335,5,16.666666666666664,2.3,1.7349351572897471,2.0,1.75,80.0,83.33333333333334,86.66666666666667,14,46.666666666666664,8,26.666666666666668,2,6.666666666666667,1,3.3333333333333335,1,3.3333333333333335,4,13.333333333333334,2.8666666666666667,2.045048220023729,2.0,3.75,63.33333333333333,73.33333333333333,76.66666666666667,13,43.333333333333336,4,13.333333333333334,2,6.666666666666667,3,10.0,1,3.3333333333333335,7,23.333333333333332
736,False,2.8333333333333335,1.7143187827498385,2.0,1.75,73.33333333333333,80.0,83.33333333333334,7,23.333333333333332,10,33.33333333333333,5,16.666666666666664,2,6.666666666666667,1,3.3333333333333335,5,16.666666666666664,2.3333333333333335,1.776388345929897,2.0,1.75,80.0,80.0,86.66666666666667,14,46.666666666666664,8,26.666666666666668,2,6.666666666666667,0,0.0,2,6.666666666666667,4,13.333333333333334,2.566666666666667,1.891795149821695,2.0,2.0,76.66666666666667,80.0,80.0,13,43.333333333333336,6,20.0,4,13.333333333333334,1,3.3333333333333335,0,0.0,6,20.0,2.8,1.833030277982336,2.0,3.5,73.33333333333333,73.33333333333333,83.33333333333334,9,30.0,9,30.0,4,13.333333333333334,0,0.0,3,10.0,5,16.666666666666664
737,True,2.1,1.274100990241093,2.0,1.0,90.0,93.33333333333333,93.33333333333333,10,33.33333333333333,14,46.666666666666664,3,10.0,1,3.3333333333333335,0,0.0,2,6.666666666666667,1.9,1.2206555615733703,2.0,1.0,90.0,93.33333333333333,96.66666666666667,14,46.666666666666664,11,36.666666666666664,2,6.666666666666667,1,3.3333333333333335,1,3.3333333333333335,1,3.3333333333333335,2.066666666666667,1.3399834161494522,2.0,1.0,86.66666666666667,93.33333333333333,93.33333333333333,12,40.0,12,40.0,2,6.666666666666667,2,6.666666666666667,0,0.0,2,6.666666666666667,2.8,1.869046102516825,2.0,3.75,70.0,73.33333333333333,83.33333333333334,10,33.33333333333333,8,26.666666666666668,3,10.0,1,3.3333333333333335,3,10.0,5,16.666666666666664
738,True,2.066666666666667,1.2892719737209146,2.0,1.0,90.0,90.0,96.66666666666667,12,40.0,11,36.666666666666664,4,13.333333333333334,0,0.0,2,6.666666666666667,1,3.3333333333333335,2.033333333333333,1.6428295373802142,1.0,1.0,83.33333333333334,86.66666666666667,90.0,18,60.0,5,16.666666666666664,2,6.666666666666667,1,3.3333333333333335,1,3.3333333333333335,3,10.0,2.1666666666666665,1.7336538165261124,1.0,1.0,83.33333333333334,83.33333333333334,86.66666666666667,16,53.333333333333336,7,23.333333333333332,2,6.666666666666667,0,0.0,1,3.3333333333333335,4,13.333333333333334,2.6666666666666665,1.7950549357115013,2.0,3.0,70.0,80.0,86.66666666666667,12,40.0,5,16.666666666666664,4,13.333333333333334,3,10.0,2,6.666666666666667,4,13.333333333333334
739,False,2.433333333333333,1.6468825769380833,2.0,2.0,83.33333333333334,86.66666666666667,86.66666666666667,12,40.0,6,20.0,7,23.333333333333332,1,3.3333333333333335,0,0.0,4,13.333333333333334,2.033333333333333,1.7220788470785986,1.0,1.0,83.33333333333334,86.66666666666667,86.66666666666667,19,63.33333333333333,4,13.333333333333334,2,6.666666666666667,1,3.3333333333333335,0,0.0,4,13.333333333333334,2.1666666666666665,1.827262676488766,1.0,1.75,83.33333333333334,83.33333333333334,83.33333333333334,18,60.0,4,13.333333333333334,3,10.0,0,0.0,0,0.0,5,16.666666666666664,2.5,1.8929694486000912,1.5,2.75,73.33333333333333,80.0,83.33333333333334,15,50.0,4,13.333333333333334,3,10.0,2,6.666666666666667,1,3.3333333333333335,5,16.666666666666664
740,False,2.4,1.6041612554021285,2.0,2.0,83.33333333333334,86.66666666666667,86.66666666666667,10,33.33333333333333,11,36.666666666666664,4,13.333333333333334,1,3.3333333333333335,0,0.0,4,13.333333333333334,2.066666666666667,1.4817407180595248,2.0,1.0,90.0,90.0,90.0,14,46.666666666666664,9,30.0,4,13.333333333333334,0,0.0,0,0.0,3,10.0,2.2666666666666666,1.6316317667360556,2.0,1.75,83.33333333333334,83.33333333333334,90.0,13,43.333333333333336,9,30.0,3,10.0,0,0.0,2,6.666666666666667,3,10.0,2.6,1.9252705437591537,2.0,2.0,76.66666666666667,76.66666666666667,80.0,13,43.333333333333336,6,20.0,4,13.333333333333334,0,0.0,1,3.3333333333333335,6,20.0
741,False,3.0,1.879716290649558,2.0,2.75,66.66666666666666,76.66666666666667,76.66666666666667,8,26.666666666666668,8,26.666666666666668,4,13.333333333333334,3,10.0,0,0.0,7,23.333333333333332,2.1333333333333333,1.5434449203720302,1.5,2.0,86.66666666666667,90.0,90.0,15,50.0,6,20.0,5,16.666666666666664,1,3.3333333333333335,0,0.0,3,10.0,2.3,1.6563010998406458,2.0,2.0,83.33333333333334,86.66666666666667,86.66666666666667,13,43.333333333333336,8,26.666666666666668,4,13.333333333333334,1,3.3333333333333335,0,0.0,4,13.333333333333334,3.066666666666667,2.0154955277107964,2.0,4.75,63.33333333333333,70.0,73.33333333333333,9,30.0,8,26.666666666666668,2,6.666666666666667,2,6.666666666666667,1,3.3333333333333335,8,26.666666666666668
742,False,3.1,1.938212234680884,3.0,4.0,66.66666666666666,70.0,76.66666666666667,9,30.0,5,16.666666666666664,6,20.0,1,3.3333333333333335,2,6.666666666666667,7,23.333333333333332,2.1666666666666665,1.5293426329272617,2.0,1.75,83.33333333333334,86.66666666666667,93.33333333333333,14,46.666666666666664,8,26.666666666666668,3,10.0,1,3.3333333333333335,2,6.666666666666667,2,6.666666666666667,2.4,1.7243356208503418,2.0,2.0,80.0,83.33333333333334,86.66666666666667,13,43.333333333333336,7,23.333333333333332,4,13.333333333333334,1,3.3333333333333335,1,3.3333333333333335,4,13.333333333333334,2.7,1.6563010998406458,2.0,2.75,73.33333333333333,80.0,90.0,9,30.0,8,26.666666666666668,5,16.666666666666664,2,6.666666666666667,3,10.0,3,10.0
743,False,2.6,1.645195023900409,2.0,2.0,76.66666666666667,83.33333333333334,90.0,11,36.666666666666664,5,16.666666666666664,7,23.333333333333332,2,6.666666666666667,2,6.666666666666667,3,10.0,2.0,1.591644851508443,1.0,1.0,83.33333333333334,90.0,90.0,18,60.0,5,16.666666666666664,2,6.666666666666667,2,6.666666666666667,0,0.0,3,10.0,1.9333333333333333,1.412641340027806,1.0,1.0,86.66666666666667,93.33333333333333,93.33333333333333,17,56.666666666666664,6,20.0,3,10.0,2,6.666666666666667,0,0.0,2,6.666666666666667,2.433333333333333,1.6669999666733315,2.0,2.75,73.33333333333333,86.66666666666667,90.0,13,43.333333333333336,6,20.0,3,10.0,4,13.333333333333334,1,3.3333333333333335,3,10.0
744,False,2.5,1.6881943016134133,2.0,1.75,80.0,80.0,86.66666666666667,9,30.0,13,43.333333333333336,2,6.666666666666667,0,0.0,2,6.666666666666667,4,13.333333333333334,1.9666666666666666,1.4019827229875392,1.0,1.0,83.33333333333334,90.0,96.66666666666667,16,53.333333333333336,8,26.666666666666668,1,3.3333333333333335,2,6.666666666666667,2,6.666666666666667,1,3.3333333333333335,2.1,1.5567059238447487,2.0,1.0,83.33333333333334,83.33333333333334,93.33333333333333,14,46.666666666666664,11,36.666666666666664,0,0.0,0,0.0,3,10.0,2,6.666666666666667,2.1666666666666665,1.3186693629901658,2.0,1.0,83.33333333333334,90.0,96.66666666666667,10,33.33333333333333,14,46.666666666666664,1,3.3333333333333335,2,6.666666666666667,2,6.666666666666667,1,3.3333333333333335
745,True,2.7666666666666666,1.6468825769380833,2.0,2.5,73.33333333333333,83.33333333333334,86.66666666666667,8,26.666666666666668,8,26.666666666666668,6,20.0,3,10.0,1,3.3333333333333335,4,13.333333333333334,2.3333333333333335,1.7950549357115013,1.5,2.0,80.0,80.0,86.66666666666667,15,50.0,6,20.0,3,10.0,0,0.0,2,6.666666666666667,4,13.333333333333334,2.4,1.8366636418607882,2.0,2.0,80.0,80.0,83.33333333333334,14,46.666666666666664,7,23.333333333333332,3,10.0,0,0.0,1,3.3333333333333335,5,16.666666666666664,2.7666666666666666,1.7641491496532322,2.5,3.0,70.0,80.0,86.66666666666667,11,36.666666666666664,4,13.333333333333334,6,20.0,3,10.0,2,6.666666666666667,4,13.333333333333334
746,False,2.8,1.8330302779823362,2.0,2.75,73.33333333333333,80.0,80.0,10,33.33333333333333,6,20.0,6,20.0,2,6.666666666666667,0,0.0,6,20.0,2.2333333333333334,1.7065234314893605,1.0,2.0,76.66666666666667,86.66666666666667,90.0,17,56.666666666666664,3,10.0,3,10.0,3,10.0,1,3.3333333333333335,3,10.0,2.3666666666666667,1.7026123718829513,1.5,2.75,73.33333333333333,86.66666666666667,90.0,15,50.0,4,13.333333333333334,3,10.0,4,13.333333333333334,1,3.3333333333333335,3,10.0,2.8333333333333335,2.017974782355375,2.5,3.0,66.66666666666666,76.66666666666667,76.66666666666667,14,46.666666666666664,1,3.3333333333333335,5,16.666666666666664,3,10.0,0,0.0,7,23.333333333333332
747,True,2.5,1.6683325008322931,2.0,2.0,80.0,83.33333333333334,86.66666666666667,10,33.33333333333333,10,33.33333333333333,4,13.333333333333334,1,3.3333333333333335,1,3.3333333333333335,4,13.333333333333334,2.033333333333333,1.5807874268505833,1.0,2.0,86.66666666666667,90.0,90.0,18,60.0,3,10.0,5,16.666666666666664,1,3.3333333333333335,0,0.0,3,10.0,2.1666666666666665,1.674979270186815,1.0,2.0,80.0,86.66666666666667,90.0,17,56.666666666666664,4,13.333333333333334,3,10.0,2,6.666666666666667,1,3.3333333333333335,3,10.0,2.3333333333333335,1.679947089113887,1.5,2.0,76.66666666666667,86.66666666666667,90.0,15,50.0,4,13.333333333333334,4,13.333333333333334,3,10.0,1,3.3333333333333335,3,10.0
748,False,2.8666666666666667,1.9955506062794355,2.0,4.25,73.33333333333333,73.33333333333333,73.33333333333333,10,33.33333333333333,8,26.666666666666668,4,13.333333333333334,0,0.0,0,0.0,8,26.666666666666668,2.1666666666666665,1.694763175851488,1.0,1.75,83.33333333333334,86.66666666666667,86.66666666666667,16,53.333333333333336,6,20.0,3,10.0,1,3.3333333333333335,0,0.0,4,13.333333333333334,2.2333333333333334,1.5205992970609392,2.0,2.0,86.66666666666667,90.0,90.0,13,43.333333333333336,7,23.333333333333332,6,20.0,1,3.3333333333333335,0,0.0,3,10.0,2.6,1.9595917942265426,2.0,2.75,73.33333333333333,76.66666666666667,80.0,14,46.666666666666664,5,16.666666666666664,3,10.0,1,3.3333333333333335,1,3.3333333333333335,6,20.0
749,False,2.533333333333333,1.7838784213679537,2.0,2.0,80.0,80.0,83.33333333333334,11,36.666666666666664,9,30.0,4,13.333333333333334,0,0.0,1,3.3333333333333335,5,16.666666666666664,2.033333333333333,1.5807874268505833,1.0,1.0,86.66666666666667,86.66666666666667,90.0,16,53.333333333333336,8,26.666666666666668,2,6.666666666666667,0,0.0,1,3.3333333333333335,3,10.0,2.3,1.8645821694595994,1.0,1.75,80.0,80.0,83.33333333333334,16,53.333333333333336,6,20.0,2,6.666666666666667,0,0.0,1,3.3333333333333335,5,16.666666666666664,2.7,1.9689252567496478,2.0,3.0,66.66666666666666,76.66666666666667,80.0,13,43.333333333333336,6,20.0,1,3.3333333333333335,3,10.0,1,3.3333333333333335,6,20.0
750,False,2.1666666666666665,1.5073892072793351,2.0,1.75,86.66666666666667,90.0,90.0,13,43.333333333333336,9,30.0,4,13.333333333333334,1,3.3333333333333335,0,0.0,3,10.0,1.9333333333333333,1.5477582354991866,1.0,1.0,86.66666666666667,90.0,90.0,18,60.0,6,20.0,2,6.666666666666667,1,3.3333333333333335,0,0.0,3,10.0,2.033333333333333,1.5595583420386114,1.0,1.75,86.66666666666667,90.0,90.0,17,56.666666666666664,5,16.666666666666664,4,13.333333333333334,1,3.3333333333333335,0,0.0,3,10.0,2.206896551724138,1.5620347107456725,2.0,2.0,82.75862068965517,89.65517241379311,89.65517241379311,13,44.827586206896555,8,27.586206896551722,3,10.344827586206897,2,6.896551724137931,0,0.0,3,10.344827586206897
751,True,2.466666666666667,1.8208667044996885,2.0,2.0,76.66666666666667,83.33333333333334,83.33333333333334,14,46.666666666666664,5,16.666666666666664,4,13.333333333333334,2,6.666666666666667,0,0.0,5,16.666666666666664,2.066666666666667,1.730767331432956,1.0,1.75,76.66666666666667,86.66666666666667,90.0,20,66.66666666666666,2,6.666666666666667,1,3.3333333333333335,3,10.0,1,3.3333333333333335,3,10.0,2.066666666666667,1.7499206331208919,1.0,1.0,80.0,86.66666666666667,86.66666666666667,19,63.33333333333333,4,13.333333333333334,1,3.3333333333333335,2,6.666666666666667,0,0.0,4,13.333333333333334,2.533333333333333,1.839081896551163,1.0,3.0,66.66666666666666,80.0,90.0,16,53.333333333333336,1,3.3333333333333335,3,10.0,4,13.333333333333334,3,10.0,3,10.0
752,True,2.2333333333333334,1.6265163865007801,2.0,1.75,86.66666666666667,86.66666666666667,86.66666666666667,13,43.333333333333336,9,30.0,4,13.333333333333334,0,0.0,0,0.0,4,13.333333333333334,1.9333333333333333,1.5040685563571303,1.0,1.0,83.33333333333334,90.0,93.33333333333333,18,60.0,6,20.0,1,3.3333333333333335,2,6.666666666666667,1,3.3333333333333335,2,6.666666666666667,2.2333333333333334,1.7065234314893605,2.0,1.0,83.33333333333334,83.33333333333334,86.66666666666667,14,46.666666666666664,9,30.0,2,6.666666666666667,0,0.0,1,3.3333333333333335,4,13.333333333333334,2.433333333333333,1.7829438827088442,2.0,2.0,76.66666666666667,80.0,86.66666666666667,13,43.333333333333336,8,26.666666666666668,2,6.666666666666667,1,3.3333333333333335,2,6.666666666666667,4,13.333333333333334
753,True,2.2333333333333334,1.5849991237291654,1.5,2.0,80.0,86.66666666666667,93.33333333333333,15,50.0,5,16.666666666666664,4,13.333333333333334,2,6.666666666666667,2,6.666666666666667,2,6.666666666666667,2.066666666666667,1.7499206331208916,1.0,1.75,80.0,83.33333333333334,90.0,20,66.66666666666666,2,6.666666666666667,2,6.666666666666667,1,3.3333333333333335,2,6.666666666666667,3,10.0,2.1666666666666665,1.654958878307521,1.0,2.0,80.0,83.33333333333334,93.33333333333333,17,56.666666666666664,4,13.333333333333334,3,10.0,1,3.3333333333333335,3,10.0,2,6.666666666666667,2.433333333333333,1.7451520150277897,2.0,2.0,76.66666666666667,80.0,90.0,14,46.666666666666664,5,16.666666666666664,4,13.333333333333334,1,3.3333333333333335,3,10.0,3,10.0
754,False,2.433333333333333,1.7829438827088442,2.0,2.75,73.33333333333333,83.33333333333334,86.66666666666667,14,46.666666666666664,6,20.0,2,6.666666666666667,3,10.0,1,3.3333333333333335,4,13.333333333333334,1.7333333333333334,1.3888444437333107,1.0,1.0,90.0,93.33333333333333,93.33333333333333,21,70.0,3,10.0,3,10.0,1,3.3333333333333335,0,0.0,2,6.666666666666667,2.2333333333333334,1.994715240050291,1.0,1.75,76.66666666666667,80.0,80.0,20,66.66666666666666,2,6.666666666666667,1,3.3333333333333335,1,3.3333333333333335,0,0.0,6,20.0,2.2,1.7776388834631176,1.0,2.0,76.66666666666667,86.66666666666667,86.66666666666667,18,60.0,3,10.0,2,6.666666666666667,3,10.0,0,0.0,4,13.333333333333334
755,True,2.4,1.6653327995729061,2.0,2.0,80.0,86.66666666666667,86.66666666666667,12,40.0,8,26.666666666666668,4,13.333333333333334,2,6.666666666666667,0,0.0,4,13.333333333333334,2.066666666666667,1.6110727964792764,1.0,1.0,80.0,90.0,90.0,17,56.666666666666664,6,20.0,1,3.3333333333333335,3,10.0,0,0.0,3,10.0,2.2333333333333334,1.6868774571839993,2.0,1.0,80.0,86.66666666666667,86.66666666666667,14,46.666666666666664,9,30.0,1,3.3333333333333335,2,6.666666666666667,0,0.0,4,13.333333333333334,2.966666666666667,1.9232495649002208,2.0,3.0,63.33333333333333,76.66666666666667,76.66666666666667,9,30.0,8,26.666666666666668,2,6.666666666666667,4,13.333333333333334,0,0.0,7,23.333333333333332
756,False,3.2,1.7397317800933185,3.0,2.75,66.66666666666666,73.33333333333333,80.0,5,16.666666666666664,8,26.666666666666668,7,23.333333333333332,2,6.666666666666667,2,6.666666666666667,6,20.0,2.533333333333333,2.012185103038209,1.0,3.0,70.0,76.66666666666667,80.0,16,53.333333333333336,4,13.333333333333334,1,3.3333333333333335,2,6.666666666666667,1,3.3333333333333335,6,20.0,2.8,1.973153144926499,2.0,3.75,66.66666666666666,73.33333333333333,80.0,12,40.0,6,20.0,2,6.666666666666667,2,6.666666666666667,2,6.666666666666667,6,20.0,2.466666666666667,1.80246744461277,2.0,2.75,73.33333333333333,80.0,86.66666666666667,13,43.333333333333336,8,26.666666666666668,1,3.3333333333333335,2,6.666666666666667,2,6.666666666666667,4,13.333333333333334
757,False,2.7,1.8284784202536637,2.0,3.0,70.0,76.66666666666667,86.66666666666667,12,40.0,5,16.666666666666664,4,13.333333333333334,2,6.666666666666667,3,10.0,4,13.333333333333334,2.1,1.8138357147217052,1.0,1.75,80.0,83.33333333333334,86.66666666666667,20,66.66666666666666,2,6.666666666666667,2,6.666666666666667,1,3.3333333333333335,1,3.3333333333333335,4,13.333333333333334,2.433333333333333,1.9779338265529063,1.0,2.75,73.33333333333333,80.0,80.0,17,56.666666666666664,3,10.0,2,6.666666666666667,2,6.666666666666667,0,0.0,6,20.0,2.566666666666667,2.0604745947367453,1.0,3.75,70.0,73.33333333333333,80.0,17,56.666666666666664,2,6.666666666666667,2,6.666666666666667,1,3.3333333333333335,2,6.666666666666667,6,20.0
758,True,2.1,1.274100990241093,2.0,1.75,93.33333333333333,93.33333333333333,93.33333333333333,11,36.666666666666664,11,36.666666666666664,6,20.0,0,0.0,0,0.0,2,6.666666666666667,2.0,1.570562531918633,1.0,1.0,86.66666666666667,86.66666666666667,90.0,16,53.333333333333336,9,30.0,1,3.3333333333333335,0,0.0,1,3.3333333333333335,3,10.0,2.3,1.7916472867168918,1.0,2.0,76.66666666666667,83.33333333333334,86.66666666666667,16,53.333333333333336,5,16.666666666666664,2,6.666666666666667,2,6.666666666666667,1,3.3333333333333335,4,13.333333333333334,2.433333333333333,1.6468825769380833,2.0,2.0,80.0,86.66666666666667,86.66666666666667,11,36.666666666666664,9,30.0,4,13.333333333333334,2,6.666666666666667,0,0.0,4,13.333333333333334
759,False,2.5,1.5864005379054391,2.0,1.75,80.0,86.66666666666667,86.66666666666667,8,26.666666666666668,13,43.333333333333336,3,10.0,2,6.666666666666667,0,0.0,4,13.333333333333334,1.9,1.3,2.0,1.0,90.0,93.33333333333333,93.33333333333333,14,46.666666666666664,12,40.0,1,3.3333333333333335,1,3.3333333333333335,0,0.0,2,6.666666666666667,2.2,1.6613247725836149,2.0,1.0,83.33333333333334,86.66666666666667,86.66666666666667,14,46.666666666666664,9,30.0,2,6.666666666666667,1,3.3333333333333335,0,0.0,4,13.333333333333334,2.566666666666667,1.7641491496532322,2.0,2.75,73.33333333333333,83.33333333333334,83.33333333333334,10,33.33333333333333,11,36.666666666666664,1,3.3333333333333335,3,10.0,0,0.0,5,16.666666666666664
760,False,3.066666666666667,1.9310331143946984,2.0,3.5,66.66666666666666,73.33333333333333,73.33333333333333,7,23.333333333333332,10,33.33333333333333,3,10.0,2,6.666666666666667,0,0.0,8,26.666666666666668,2.3,1.7349351572897471,1.5,2.0,76.66666666666667,86.66666666666667,86.66666666666667,15,50.0,6,20.0,2,6.666666666666667,3,10.0,0,0.0,4,13.333333333333334,2.533333333333333,1.8926759422104522,2.0,2.0,76.66666666666667,80.0,80.0,13,43.333333333333336,7,23.333333333333332,3,10.0,1,3.3333333333333335,0,0.0,6,20.0,2.533333333333333,1.8571184369578826,2.0,2.75,73.33333333333333,80.0,83.33333333333334,13,43.333333333333336,7,23.333333333333332,2,6.666666666666667,2,6.666666666666667,1,3.3333333333333335,5,16.666666666666664
761,False,2.3333333333333335,1.6799470891138868,2.0,1.0,80.0,83.33333333333334,86.66666666666667,11,36.666666666666664,13,43.333333333333336,0,0.0,1,3.3333333333333335,1,3.3333333333333335,4,13.333333333333334,2.0,1.61245154965971,1.0,1.0,80.0,90.0,90.0,18,60.0,6,20.0,0,0.0,3,10.0,0,0.0,3,10.0,2.1,1.7387735140993301,1.0,1.0,80.0,86.66666666666667,86.66666666666667,18,60.0,5,16.666666666666664,1,3.3333333333333335,2,6.666666666666667,0,0.0,4,13.333333333333334,2.2666666666666666,1.7113996870657915,2.0,1.0,76.66666666666667,86.66666666666667,86.66666666666667,14,46.666666666666664,9,30.0,0,0.0,3,10.0,0,0.0,4,13.333333333333334
762,True,2.2,1.3266499161421599,2.0,2.0,90.0,93.33333333333333,93.33333333333333,11,36.666666666666664,9,30.0,7,23.333333333333332,1,3.3333333333333335,0,0.0,2,6.666666666666667,2.1,1.7387735140993301,1.0,2.0,83.33333333333334,86.66666666666667,86.66666666666667,19,63.33333333333333,2,6.666666666666667,4,13.333333333333334,1,3.3333333333333335,0,0.0,4,13.333333333333334,2.2333333333333334,1.7259457954666158,1.0,2.0,80.0,86.66666666666667,86.66666666666667,16,53.333333333333336,5,16.666666666666664,3,10.0,2,6.666666666666667,0,0.0,4,13.333333333333334,2.6333333333333333,1.7792008193443356,2.0,2.0,76.66666666666667,83.33333333333334,83.33333333333334,12,40.0,4,13.333333333333334,7,23.333333333333332,2,6.666666666666667,0,0.0,5,16.666666666666664
763,False,2.933333333333333,1.9988885800753269,2.0,3.75,63.33333333333333,73.33333333333333,76.66666666666667,11,36.666666666666664,6,20.0,2,6.666666666666667,3,10.0,1,3.3333333333333335,7,23.333333333333332,2.3666666666666667,1.991370270832513,1.0,2.75,73.33333333333333,80.0,80.0,18,60.0,3,10.0,1,3.3333333333333335,2,6.666666666666667,0,0.0,6,20.0,2.3666666666666667,1.87053171287976,1.0,2.75,73.33333333333333,83.33333333333334,83.33333333333334,16,53.333333333333336,5,16.666666666666664,1,3.3333333333333335,3,10.0,0,0.0,5,16.666666666666664,2.966666666666667,2.105284356618417,2.0,4.75,63.33333333333333,70.0,73.33333333333333,13,43.333333333333336,3,10.0,3,10.0,2,6.666666666666667,1,3.3333333333333335,8,26.666666666666668
764,False,2.5,1.7272328544042153,2.0,2.0,80.0,83.33333333333334,83.33333333333334,10,33.33333333333333,11,36.666666666666664,3,10.0,1,3.3333333333333335,0,0.0,5,16.666666666666664,2.2666666666666666,1.7113996870657915,1.5,2.0,80.0,86.66666666666667,86.66666666666667,15,50.0,6,20.0,3,10.0,2,6.666666666666667,0,0.0,4,13.333333333333334,2.433333333333333,1.8199511592958264,2.0,2.0,76.66666666666667,83.33333333333334,83.33333333333334,14,46.666666666666664,6,20.0,3,10.0,2,6.666666666666667,0,0.0,5,16.666666666666664,3.3,2.131509637166422,3.0,5.0,56.666666666666664,66.66666666666666,66.66666666666666,11,36.666666666666664,2,6.666666666666667,4,13.333333333333334,3,10.0,0,0.0,10,33.33333333333333
765,False,3.066666666666667,1.8785337071473827,2.0,3.25,73.33333333333333,73.33333333333333,73.33333333333333,6,20.0,10,33.33333333333333,6,20.0,0,0.0,0,0.0,8,26.666666666666668,2.433333333333333,1.6468825769380833,2.0,2.0,80.0,86.66666666666667,86.66666666666667,11,36.666666666666664,9,30.0,4,13.333333333333334,2,6.666666666666667,0,0.0,4,13.333333333333334,2.533333333333333,1.7074997966487597,2.0,2.0,76.66666666666667,83.33333333333334,86.66666666666667,11,36.666666666666664,8,26.666666666666668,4,13.333333333333334,2,6.666666666666667,1,3.3333333333333335,4,13.333333333333334,2.7333333333333334,1.8061622912192088,2.0,3.0,70.0,80.0,83.33333333333334,10,33.33333333333333,8,26.666666666666668,3,10.0,3,10.0,1,3.3333333333333335,5,16.666666666666664
766,True,2.7,1.6563010998406458,2.5,2.75,73.33333333333333,86.66666666666667,86.66666666666667,10,33.33333333333333,5,16.666666666666664,7,23.333333333333332,4,13.333333333333334,0,0.0,4,13.333333333333334,2.2666666666666666,1.7499206331208919,1.0,2.0,80.0,86.66666666666667,86.66666666666667,17,56.666666666666664,2,6.666666666666667,5,16.666666666666664,2,6.666666666666667,0,0.0,4,13.333333333333334,2.433333333333333,1.8199511592958264,1.5,2.0,80.0,83.33333333333334,83.33333333333334,15,50.0,3,10.0,6,20.0,1,3.3333333333333335,0,0.0,5,16.666666666666664,2.5,1.8211717839530315,2.0,2.0,76.66666666666667,83.33333333333334,83.33333333333334,14,46.666666666666664,4,13.333333333333334,5,16.666666666666664,2,6.666666666666667,0,0.0,5,16.666666666666664
767,False,2.9,1.556705923844749,2.0,1.0,76.66666666666667,80.0,86.66666666666667,4,13.333333333333334,12,40.0,7,23.333333333333332,1,3.3333333333333335,2,6.666666666666667,4,13.333333333333334,2.5,1.7272328544042153,2.0,2.0,76.66666666666667,83.33333333333334,86.66666666666667,12,40.0,7,23.333333333333332,4,13.333333333333334,2,6.666666666666667,1,3.3333333333333335,4,13.333333333333334,2.6333333333333333,1.7413277182145301,2.0,2.0,76.66666666666667,83.33333333333334,83.33333333333334,10,33.33333333333333,8,26.666666666666668,5,16.666666666666664,2,6.666666666666667,0,0.0,5,16.666666666666664,3.0,1.879716290649558,2.0,4.0,63.33333333333333,70.0,83.33333333333334,9,30.0,7,23.333333333333332,3,10.0,2,6.666666666666667,4,13.333333333333334,5,16.666666666666664
768,False,2.9,1.9209372712298547,2.0,3.5,73.33333333333333,73.33333333333333,76.66666666666667,9,30.0,8,26.666666666666668,5,16.666666666666664,0,0.0,1,3.3333333333333335,7,23.333333333333332,2.433333333333333,1.961008810677697,1.5,1.75,76.66666666666667,76.66666666666667,80.0,15,50.0,7,23.333333333333332,1,3.3333333333333335,0,0.0,1,3.3333333333333335,6,20.0,2.7333333333333334,2.0483055327649624,2.0,4.0,66.66666666666666,70.0,80.0,14,46.666666666666664,5,16.666666666666664,1,3.3333333333333335,1,3.3333333333333335,3,10.0,6,20.0,2.566666666666667,1.7259457954666158,2.0,2.0,80.0,80.0,86.66666666666667,11,36.666666666666664,7,23.333333333333332,6,20.0,0,0.0,2,6.666666666666667,4,13.333333333333334
769,False,2.3666666666666667,1.5162087220725546,2.0,2.0,83.33333333333334,90.0,90.0,11,36.666666666666664,8,26.666666666666668,6,20.0,2,6.666666666666667,0,0.0,3,10.0,2.1333333333333333,1.4996295838935991,1.5,2.0,83.33333333333334,90.0,93.33333333333333,15,50.0,6,20.0,4,13.333333333333334,2,6.666666666666667,1,3.3333333333333335,2,6.666666666666667,2.433333333333333,1.7829438827088444,1.5,2.0,76.66666666666667,83.33333333333334,86.66666666666667,15,50.0,3,10.0,5,16.666666666666664,2,6.666666666666667,1,3.3333333333333335,4,13.333333333333334,2.6,1.7625738755203049,2.0,3.0,70.0,83.33333333333334,86.66666666666667,12,40.0,6,20.0,3,10.0,4,13.333333333333334,1,3.3333333333333335,4,13.333333333333334
770,True,1.5666666666666667,1.0857664983268223,1.0,1.0,93.33333333333333,96.66666666666667,96.66666666666667,20,66.66666666666666,7,23.333333333333332,1,3.3333333333333335,1,3.3333333333333335,0,0.0,1,3.3333333333333335,1.7,1.508862706367503,1.0,0.75,90.0,90.0,90.0,22,73.33333333333333,4,13.333333333333334,1,3.3333333333333335,0,0.0,0,0.0,3,10.0,1.6,1.1135528725660044,1.0,1.0,93.33333333333333,96.66666666666667,96.66666666666667,20,66.66666666666666,6,20.0,2,6.666666666666667,1,3.3333333333333335,0,0.0,1,3.3333333333333335,2.2333333333333334,1.7641491496532322,1.0,2.0,80.0,80.0,90.0,17,56.666666666666664,4,13.333333333333334,3,10.0,0,0.0,3,10.0,3,10.0
771,True,2.8333333333333335,1.674979270186815,2.5,2.5,73.33333333333333,80.0,86.66666666666667,8,26.666666666666668,7,23.333333333333332,7,23.333333333333332,2,6.666666666666667,2,6.666666666666667,4,13.333333333333334,2.2333333333333334,1.7259457954666158,1.5,1.75,83.33333333333334,83.33333333333334,86.66666666666667,15,50.0,7,23.333333333333332,3,10.0,0,0.0,1,3.3333333333333335,4,13.333333333333334,2.5,1.8211717839530315,2.0,2.75,73.33333333333333,83.33333333333334,83.33333333333334,13,43.333333333333336,7,23.333333333333332,2,6.666666666666667,3,10.0,0,0.0,5,16.666666666666664,2.6666666666666665,1.7384539747207062,2.0,3.0,70.0,83.33333333333334,86.66666666666667,11,36.666666666666664,6,20.0,4,13.333333333333334,4,13.333333333333334,1,3.3333333333333335,4,13.333333333333334
772,False,2.6,1.781385228784985,2.0,2.0,80.0,80.0,83.33333333333334,11,36.666666666666664,7,23.333333333333332,6,20.0,0,0.0,1,3.3333333333333335,5,16.666666666666664,2.1,1.491084616423003,1.5,1.75,83.33333333333334,90.0,93.33333333333333,15,50.0,7,23.333333333333332,3,10.0,2,6.666666666666667,1,3.3333333333333335,2,6.666666666666667,2.2,1.6812693617224654,1.5,1.75,83.33333333333334,86.66666666666667,86.66666666666667,15,50.0,7,23.333333333333332,3,10.0,1,3.3333333333333335,0,0.0,4,13.333333333333334,2.2666666666666666,1.5477582354991866,2.0,2.0,83.33333333333334,90.0,90.0,13,43.333333333333336,7,23.333333333333332,5,16.666666666666664,2,6.666666666666667,0,0.0,3,10.0
773,True,2.933333333333333,1.7113996870657915,3.0,3.0,63.33333333333333,76.66666666666667,90.0,9,30.0,5,16.666666666666664,5,16.666666666666664,4,13.333333333333334,4,13.333333333333334,3,10.0,2.2,1.6411378166788229,1.0,2.0,76.66666666666667,86.66666666666667,93.33333333333333,17,56.666666666666664,3,10.0,3,10.0,3,10.0,2,6.666666666666667,2,6.666666666666667,2.3,1.7540429489230491,1.0,2.0,76.66666666666667,86.66666666666667,86.66666666666667,16,53.333333333333336,4,13.333333333333334,3,10.0,3,10.0,0,0.0,4,13.333333333333334,2.6,1.7243356208503418,2.0,3.0,70.0,83.33333333333334,90.0,13,43.333333333333336,3,10.0,5,16.666666666666664,4,13.333333333333334,2,6.666666666666667,3,10.0
774,True,2.3,1.3940349110884325,2.0,2.0,90.0,90.0,93.33333333333333,11,36.666666666666664,7,23.333333333333332,9,30.0,0,0.0,1,3.3333333333333335,2,6.666666666666667,2.2,1.661324772583615,1.5,2.0,86.66666666666667,86.66666666666667,86.66666666666667,15,50.0,6,20.0,5,16.666666666666664,0,0.0,0,0.0,4,13.333333333333334,2.3,1.6360521589077368,2.0,2.0,86.66666666666667,86.66666666666667,86.66666666666667,13,43.333333333333336,7,23.333333333333332,6,20.0,0,0.0,0,0.0,4,13.333333333333334,2.533333333333333,1.4544949486180951,2.0,2.0,83.33333333333334,86.66666666666667,93.33333333333333,9,30.0,7,23.333333333333332,9,30.0,1,3.3333333333333335,2,6.666666666666667,2,6.666666666666667
775,True,2.1333333333333333,1.3349989596333858,2.0,1.0,86.66666666666667,93.33333333333333,93.33333333333333,11,36.666666666666664,12,40.0,3,10.0,2,6.666666666666667,0,0.0,2,6.666666666666667,1.9666666666666666,1.27758452644912,2.0,1.0,93.33333333333333,93.33333333333333,93.33333333333333,13,43.333333333333336,11,36.666666666666664,4,13.333333333333334,0,0.0,0,0.0,2,6.666666666666667,2.2333333333333334,1.4533486237727762,2.0,1.0,86.66666666666667,90.0,90.0,10,33.33333333333333,13,43.333333333333336,3,10.0,1,3.3333333333333335,0,0.0,3,10.0,2.533333333333333,1.6275407487644937,2.0,2.0,80.0,86.66666666666667,86.66666666666667,10,33.33333333333333,8,26.666666666666668,6,20.0,2,6.666666666666667,0,0.0,4,13.333333333333334
776,False,2.7666666666666666,1.5849991237291654,2.0,2.75,66.66666666666666,86.66666666666667,90.0,8,26.666666666666668,8,26.666666666666668,4,13.333333333333334,6,20.0,1,3.3333333333333335,3,10.0,2.3333333333333335,1.757523510195209,1.0,2.75,73.33333333333333,83.33333333333334,90.0,16,53.333333333333336,4,13.333333333333334,2,6.666666666666667,3,10.0,2,6.666666666666667,3,10.0,2.466666666666667,1.9102065042525873,1.0,2.75,73.33333333333333,80.0,83.33333333333334,16,53.333333333333336,3,10.0,3,10.0,2,6.666666666666667,1,3.3333333333333335,5,16.666666666666664,3.3333333333333335,2.1343747458109497,3.0,5.0,56.666666666666664,63.33333333333333,66.66666666666666,10,33.33333333333333,4,13.333333333333334,3,10.0,2,6.666666666666667,1,3.3333333333333335,10,33.33333333333333
777,False,2.433333333333333,1.8015425489162211,2.0,2.0,80.0,83.33333333333334,83.33333333333334,14,46.666666666666664,5,16.666666666666664,5,16.666666666666664,1,3.3333333333333335,0,0.0,5,16.666666666666664,2.1,1.7767010628315238,1.0,1.75,83.33333333333334,83.33333333333334,86.66666666666667,19,63.33333333333333,3,10.0,3,10.0,0,0.0,1,3.3333333333333335,4,13.333333333333334,2.2333333333333334,1.856220772310114,1.0,2.0,80.0,83.33333333333334,83.33333333333334,18,60.0,3,10.0,3,10.0,1,3.3333333333333335,0,0.0,5,16.666666666666664,2.8666666666666667,2.0286832072937253,2.0,4.0,70.0,70.0,76.66666666666667,12,40.0,5,16.666666666666664,4,13.333333333333334,0,0.0,2,6.666666666666667,7,23.333333333333332
778,False,2.3,1.2423096769056148,2.0,0.75,86.66666666666667,90.0,96.66666666666667,7,23.333333333333332,15,50.0,4,13.333333333333334,1,3.3333333333333335,2,6.666666666666667,1,3.3333333333333335,2.2333333333333334,1.7451520150277897,1.5,1.0,80.0,83.33333333333334,86.66666666666667,15,50.0,8,26.666666666666668,1,3.3333333333333335,1,3.3333333333333335,1,3.3333333333333335,4,13.333333333333334,2.2666666666666666,1.7113996870657915,1.5,2.0,80.0,86.66666666666667,86.66666666666667,15,50.0,6,20.0,3,10.0,2,6.666666666666667,0,0.0,4,13.333333333333334,2.7,1.7916472867168918,2.0,2.0,76.66666666666667,76.66666666666667,83.33333333333334,9,30.0,10,33.33333333333333,4,13.333333333333334,0,0.0,2,6.666666666666667,5,16.666666666666664
779,True,1.9666666666666666,1.32874209519965,2.0,1.0,90.0,93.33333333333333,93.33333333333333,14,46.666666666666664,10,33.33333333333333,3,10.0,1,3.3333333333333335,0,0.0,2,6.666666666666667,1.7,1.2948616399703354,1.0,1.0,93.33333333333333,93.33333333333333,93.33333333333333,19,63.33333333333333,7,23.333333333333332,2,6.666666666666667,0,0.0,0,0.0,2,6.666666666666667,1.8333333333333333,1.416176385749867,1.0,1.0,90.0,90.0,93.33333333333333,18,60.0,7,23.333333333333332,2,6.666666666666667,0,0.0,1,3.3333333333333335,2,6.666666666666667,2.066666666666667,1.4590712418826193,1.5,1.75,86.66666666666667,90.0,93.33333333333333,15,50.0,7,23.333333333333332,4,13.333333333333334,1,3.3333333333333335,1,3.3333333333333335,2,6.666666666666667
780,False,2.6666666666666665,1.8135294011647258,2.0,2.25,73.33333333333333,80.0,80.0,8,26.666666666666668,14,46.666666666666664,0,0.0,2,6.666666666666667,0,0.0,6,20.0,2.066666666666667,1.569146972791976,1.0,1.0,83.33333333333334,90.0,90.0,16,53.333333333333336,7,23.333333333333332,2,6.666666666666667,2,6.666666666666667,0,0.0,3,10.0,2.3333333333333335,1.776388345929897,1.5,2.0,76.66666666666667,83.33333333333334,86.66666666666667,15,50.0,6,20.0,2,6.666666666666667,2,6.666666666666667,1,3.3333333333333335,4,13.333333333333334,2.8,2.023198787399136,2.0,3.75,66.66666666666666,73.33333333333333,76.66666666666667,12,40.0,7,23.333333333333332,1,3.3333333333333335,2,6.666666666666667,1,3.3333333333333335,7,23.333333333333332
781,False,2.466666666666667,1.7074997966487597,2.0,2.75,73.33333333333333,86.66666666666667,86.66666666666667,12,40.0,8,26.666666666666668,2,6.666666666666667,4,13.333333333333334,0,0.0,4,13.333333333333334,1.9333333333333333,1.5040685563571303,1.0,1.0,83.33333333333334,90.0,93.33333333333333,18,60.0,6,20.0,1,3.3333333333333335,2,6.666666666666667,1,3.3333333333333335,2,6.666666666666667,2.0,1.632993161855452,1.0,1.0,83.33333333333334,86.66666666666667,90.0,18,60.0,6,20.0,1,3.3333333333333335,1,3.3333333333333335,1,3.3333333333333335,3,10.0,2.7666666666666666,1.8015425489162211,2.0,3.0,63.33333333333333,80.0,86.66666666666667,11,36.666666666666664,6,20.0,2,6.666666666666667,5,16.666666666666664,2,6.666666666666667,4,13.333333333333334
782,False,2.8,1.8330302779823362,2.0,3.5,70.0,73.33333333333333,83.33333333333334,8,26.666666666666668,12,40.0,1,3.3333333333333335,1,3.3333333333333335,3,10.0,5,16.666666666666664,2.5,2.0453198608856593,1.0,2.75,73.33333333333333,76.66666666666667,76.66666666666667,16,53.333333333333336,5,16.666666666666664,1,3.3333333333333335,1,3.3333333333333335,0,0.0,7,23.333333333333332,2.7,2.0840665376454117,1.5,3.75,66.66666666666666,73.33333333333333,76.66666666666667,15,50.0,4,13.333333333333334,1,3.3333333333333335,2,6.666666666666667,1,3.3333333333333335,7,23.333333333333332,3.066666666666667,1.948218559493661,2.0,3.75,63.33333333333333,70.0,76.66666666666667,8,26.666666666666668,9,30.0,2,6.666666666666667,2,6.666666666666667,2,6.666666666666667,7,23.333333333333332
783,False,2.8333333333333335,1.8272626764887656,2.0,3.0,70.0,76.66666666666667,83.33333333333334,10,33.33333333333333,6,20.0,5,16.666666666666664,2,6.666666666666667,2,6.666666666666667,5,16.666666666666664,2.2333333333333334,1.8381754238616317,1.0,1.75,80.0,83.33333333333334,83.33333333333334,17,56.666666666666664,5,16.666666666666664,2,6.666666666666667,1,3.3333333333333335,0,0.0,5,16.666666666666664,2.1333333333333333,1.687865186822955,1.0,1.0,83.33333333333334,86.66666666666667,86.66666666666667,16,53.333333333333336,7,23.333333333333332,2,6.666666666666667,1,3.3333333333333335,0,0.0,4,13.333333333333334,2.966666666666667,2.1522597943143906,2.0,5.0,63.33333333333333,70.0,70.0,13,43.333333333333336,4,13.333333333333334,2,6.666666666666667,2,6.666666666666667,0,0.0,9,30.0
784,False,1.8,1.1944315244779278,1.0,1.0,90.0,96.66666666666667,96.66666666666667,17,56.666666666666664,7,23.333333333333332,3,10.0,2,6.666666666666667,0,0.0,1,3.3333333333333335,1.7666666666666666,1.358512258154322,1.0,1.0,90.0,93.33333333333333,93.33333333333333,19,63.33333333333333,6,20.0,2,6.666666666666667,1,3.3333333333333335,0,0.0,2,6.666666666666667,2.2,1.833030277982336,1.0,1.0,80.0,83.33333333333334,83.33333333333334,17,56.666666666666664,6,20.0,1,3.3333333333333335,1,3.3333333333333335,0,0.0,5,16.666666666666664,2.3666666666666667,1.7792008193443356,2.0,2.0,80.0,80.0,86.66666666666667,14,46.666666666666664,7,23.333333333333332,3,10.0,0,0.0,2,6.666666666666667,4,13.333333333333334
785,True,2.5,1.5864005379054391,2.0,2.0,76.66666666666667,83.33333333333334,93.33333333333333,11,36.666666666666664,7,23.333333333333332,5,16.666666666666664,2,6.666666666666667,3,10.0,2,6.666666666666667,2.033333333333333,1.4715826703096078,1.0,1.75,80.0,90.0,96.66666666666667,17,56.666666666666664,5,16.666666666666664,2,6.666666666666667,3,10.0,2,6.666666666666667,1,3.3333333333333335,2.1666666666666665,1.5723301886761005,1.0,2.0,76.66666666666667,90.0,93.33333333333333,16,53.333333333333336,5,16.666666666666664,2,6.666666666666667,4,13.333333333333334,1,3.3333333333333335,2,6.666666666666667,2.2666666666666666,1.7876116903722565,1.0,2.75,73.33333333333333,86.66666666666667,86.66666666666667,17,56.666666666666664,4,13.333333333333334,1,3.3333333333333335,4,13.333333333333334,0,0.0,4,13.333333333333334
786,False,2.566666666666667,1.6868774571839993,2.0,2.75,73.33333333333333,86.66666666666667,86.66666666666667,11,36.666666666666664,7,23.333333333333332,4,13.333333333333334,4,13.333333333333334,0,0.0,4,13.333333333333334,2.1666666666666665,1.6947631758514883,1.0,1.75,83.33333333333334,86.66666666666667,86.66666666666667,16,53.333333333333336,6,20.0,3,10.0,1,3.3333333333333335,0,0.0,4,13.333333333333334,2.433333333333333,1.9267128022157902,1.5,2.0,76.66666666666667,80.0,80.0,15,50.0,6,20.0,2,6.666666666666667,1,3.3333333333333335,0,0.0,6,20.0,3.2666666666666666,2.128118626601649,2.5,5.0,56.666666666666664,66.66666666666666,66.66666666666666,10,33.33333333333333,5,16.666666666666664,2,6.666666666666667,3,10.0,0,0.0,10,33.33333333333333
787,False,2.566666666666667,1.856220772310114,2.0,2.0,80.0,80.0,80.0,12,40.0,7,23.333333333333332,5,16.666666666666664,0,0.0,0,0.0,6,20.0,1.9666666666666666,1.3780017739062924,1.0,1.75,90.0,93.33333333333333,93.33333333333333,16,53.333333333333336,6,20.0,5,16.666666666666664,1,3.3333333333333335,0,0.0,2,6.666666666666667,2.2666666666666666,1.8245242911205346,1.0,1.75,80.0,83.33333333333334,83.33333333333334,16,53.333333333333336,6,20.0,2,6.666666666666667,1,3.3333333333333335,0,0.0,5,16.666666666666664,2.466666666666667,1.8024674446127702,2.0,2.0,80.0,83.33333333333334,83.33333333333334,14,46.666666666666664,4,13.333333333333334,6,20.0,1,3.3333333333333335,0,0.0,5,16.666666666666664
788,True,2.2666666666666666,1.3148721948877347,2.0,2.0,86.66666666666667,93.33333333333333,93.33333333333333,9,30.0,12,40.0,5,16.666666666666664,2,6.666666666666667,0,0.0,2,6.666666666666667,2.1333333333333333,1.521694961401777,2.0,1.75,86.66666666666667,90.0,90.0,14,46.666666666666664,8,26.666666666666668,4,13.333333333333334,1,3.3333333333333335,0,0.0,3,10.0,2.3,1.7729448195962934,2.0,1.75,83.33333333333334,83.33333333333334,83.33333333333334,14,46.666666666666664,8,26.666666666666668,3,10.0,0,0.0,0,0.0,5,16.666666666666664,2.6666666666666665,1.7950549357115013,2.0,3.0,70.0,80.0,86.66666666666667,12,40.0,5,16.666666666666664,4,13.333333333333334,3,10.0,2,6.666666666666667,4,13.333333333333334
789,False,2.7,1.7349351572897471,2.0,1.75,76.66666666666667,80.0,83.33333333333334,8,26.666666666666668,11,36.666666666666664,4,13.333333333333334,1,3.3333333333333335,1,3.3333333333333335,5,16.666666666666664,2.2,1.7587874611030558,1.0,1.75,76.66666666666667,86.66666666666667,86.66666666666667,17,56.666666666666664,5,16.666666666666664,1,3.3333333333333335,3,10.0,0,0.0,4,13.333333333333334,2.4,1.854723699099141,1.0,2.75,73.33333333333333,80.0,86.66666666666667,16,53.333333333333336,4,13.333333333333334,2,6.666666666666667,2,6.666666666666667,2,6.666666666666667,4,13.333333333333334,2.933333333333333,1.9652537297311565,2.0,4.0,70.0,70.0,76.66666666666667,9,30.0,9,30.0,3,10.0,0,0.0,2,6.666666666666667,7,23.333333333333332
790,True,2.433333333333333,1.6868774571839993,2.0,2.0,80.0,83.33333333333334,86.66666666666667,11,36.666666666666664,10,33.33333333333333,3,10.0,1,3.3333333333333335,1,3.3333333333333335,4,13.333333333333334,1.8666666666666667,1.4313940369055926,1.0,1.0,86.66666666666667,93.33333333333333,93.33333333333333,19,63.33333333333333,4,13.333333333333334,3,10.0,2,6.666666666666667,0,0.0,2,6.666666666666667,1.9666666666666666,1.601735170231195,1.0,1.0,83.33333333333334,90.0,90.0,19,63.33333333333333,4,13.333333333333334,2,6.666666666666667,2,6.666666666666667,0,0.0,3,10.0,2.6666666666666665,1.9888578520235063,2.0,3.0,66.66666666666666,76.66666666666667,80.0,14,46.666666666666664,5,16.666666666666664,1,3.3333333333333335,3,10.0,1,3.3333333333333335,6,20.0
791,False,2.6666666666666665,1.6193277068654823,2.0,1.75,80.0,83.33333333333334,86.66666666666667,8,26.666666666666668,9,30.0,7,23.333333333333332,1,3.3333333333333335,1,3.3333333333333335,4,13.333333333333334,2.1,1.5132745950421556,2.0,1.0,86.66666666666667,90.0,90.0,14,46.666666666666664,9,30.0,3,10.0,1,3.3333333333333335,0,0.0,3,10.0,2.466666666666667,1.8390818965511633,2.0,2.0,76.66666666666667,80.0,83.33333333333334,13,43.333333333333336,8,26.666666666666668,2,6.666666666666667,1,3.3333333333333335,1,3.3333333333333335,5,16.666666666666664,2.6,1.7048949136725897,2.0,2.75,73.33333333333333,80.0,90.0,11,36.666666666666664,7,23.333333333333332,4,13.333333333333334,2,6.666666666666667,3,10.0,3,10.0
792,True,2.3,1.7156145643277025,2.0,1.0,80.0,83.33333333333334,86.66666666666667,13,43.333333333333336,10,33.33333333333333,1,3.3333333333333335,1,3.3333333333333335,1,3.3333333333333335,4,13.333333333333334,1.8666666666666667,1.384035966135113,1.0,1.0,86.66666666666667,93.33333333333333,93.33333333333333,17,56.666666666666664,8,26.666666666666668,1,3.3333333333333335,2,6.666666666666667,0,0.0,2,6.666666666666667,2.2333333333333334,1.8740923729160797,1.0,1.0,80.0,80.0,83.33333333333334,17,56.666666666666664,6,20.0,1,3.3333333333333335,0,0.0,1,3.3333333333333335,5,16.666666666666664,2.5,1.8929694486000912,2.0,2.5,73.33333333333333,76.66666666666667,83.33333333333334,13,43.333333333333336,9,30.0,0,0.0,1,3.3333333333333335,2,6.666666666666667,5,16.666666666666664
793,False,3.433333333333333,2.011356645539412,3.0,4.0,63.33333333333333,63.33333333333333,66.66666666666666,7,23.333333333333332,5,16.666666666666664,7,23.333333333333332,0,0.0,1,3.3333333333333335,10,33.33333333333333,2.533333333333333,1.839081896551163,2.0,2.0,76.66666666666667,80.0,83.33333333333334,13,43.333333333333336,6,20.0,4,13.333333333333334,1,3.3333333333333335,1,3.3333333333333335,5,16.666666666666664,2.533333333333333,1.765093639316497,2.0,2.75,73.33333333333333,83.33333333333334,86.66666666666667,13,43.333333333333336,5,16.666666666666664,4,13.333333333333334,3,10.0,1,3.3333333333333335,4,13.333333333333334,2.6666666666666665,1.776388345929897,2.0,2.75,73.33333333333333,83.33333333333334,83.33333333333334,11,36.666666666666664,6,20.0,5,16.666666666666664,3,10.0,0,0.0,5,16.666666666666664
794,False,2.8666666666666667,1.9447936194419764,2.5,3.75,70.0,73.33333333333333,80.0,12,40.0,3,10.0,6,20.0,1,3.3333333333333335,2,6.666666666666667,6,20.0,2.1666666666666665,1.6749792701868151,1.0,2.0,76.66666666666667,86.66666666666667,93.33333333333333,19,63.33333333333333,0,0.0,4,13.333333333333334,3,10.0,2,6.666666666666667,2,6.666666666666667,2.4,1.8,1.0,2.0,76.66666666666667,83.33333333333334,86.66666666666667,16,53.333333333333336,2,6.666666666666667,5,16.666666666666664,2,6.666666666666667,1,3.3333333333333335,4,13.333333333333334,2.8333333333333335,2.082999973329066,1.5,3.75,63.33333333333333,73.33333333333333,76.66666666666667,15,50.0,1,3.3333333333333335,3,10.0,3,10.0,1,3.3333333333333335,7,23.333333333333332
795,False,2.7,1.7916472867168918,2.0,2.0,76.66666666666667,76.66666666666667,83.33333333333334,9,30.0,10,33.33333333333333,4,13.333333333333334,0,0.0,2,6.666666666666667,5,16.666666666666664,2.1,1.6401219466856725,1.0,1.75,83.33333333333334,86.66666666666667,90.0,17,56.666666666666664,5,16.666666666666664,3,10.0,1,3.3333333333333335,1,3.3333333333333335,3,10.0,2.2,1.7776388834631176,1.0,1.75,80.0,83.33333333333334,86.66666666666667,17,56.666666666666664,5,16.666666666666664,2,6.666666666666667,1,3.3333333333333335,1,3.3333333333333335,4,13.333333333333334,2.8333333333333335,1.9846634195472261,2.0,3.0,66.66666666666666,76.66666666666667,76.66666666666667,12,40.0,5,16.666666666666664,3,10.0,3,10.0,0,0.0,7,23.333333333333332
796,True,2.933333333333333,1.7499206331208919,2.5,2.75,66.66666666666666,80.0,83.33333333333334,8,26.666666666666668,7,23.333333333333332,5,16.666666666666664,4,13.333333333333334,1,3.3333333333333335,5,16.666666666666664,2.3666666666666667,1.7413277182145301,1.5,2.0,76.66666666666667,86.66666666666667,86.66666666666667,15,50.0,4,13.333333333333334,4,13.333333333333334,3,10.0,0,0.0,4,13.333333333333334,2.5,1.7272328544042153,2.0,2.75,73.33333333333333,86.66666666666667,86.66666666666667,13,43.333333333333336,5,16.666666666666664,4,13.333333333333334,4,13.333333333333334,0,0.0,4,13.333333333333334,2.6333333333333333,1.5807874268505835,2.5,3.0,70.0,86.66666666666667,93.33333333333333,11,36.666666666666664,4,13.333333333333334,6,20.0,5,16.666666666666664,2,6.666666666666667,2,6.666666666666667
797,False,2.466666666666667,1.4772346537440226,2.0,1.75,86.66666666666667,86.66666666666667,90.0,8,26.666666666666668,11,36.666666666666664,7,23.333333333333332,0,0.0,1,3.3333333333333335,3,10.0,2.066666666666667,1.6519348924485158,1.0,1.0,86.66666666666667,86.66666666666667,86.66666666666667,16,53.333333333333336,8,26.666666666666668,2,6.666666666666667,0,0.0,0,0.0,4,13.333333333333334,2.2,1.7776388834631176,1.5,1.0,83.33333333333334,83.33333333333334,83.33333333333334,15,50.0,9,30.0,1,3.3333333333333335,0,0.0,0,0.0,5,16.666666666666664,3.0,2.1134489978863145,2.0,4.75,63.33333333333333,66.66666666666666,73.33333333333333,12,40.0,5,16.666666666666664,2,6.666666666666667,1,3.3333333333333335,2,6.666666666666667,8,26.666666666666668
798,False,2.533333333333333,1.8571184369578826,2.0,2.75,73.33333333333333,80.0,83.33333333333334,13,43.333333333333336,7,23.333333333333332,2,6.666666666666667,2,6.666666666666667,1,3.3333333333333335,5,16.666666666666664,1.9666666666666666,1.53803626600791,1.0,1.0,86.66666666666667,90.0,90.0,17,56.666666666666664,7,23.333333333333332,2,6.666666666666667,1,3.3333333333333335,0,0.0,3,10.0,2.2,1.833030277982336,1.0,1.0,80.0,83.33333333333334,83.33333333333334,17,56.666666666666664,6,20.0,1,3.3333333333333335,1,3.3333333333333335,0,0.0,5,16.666666666666664,2.533333333333333,1.8571184369578826,2.0,2.75,73.33333333333333,80.0,83.33333333333334,13,43.333333333333336,7,23.333333333333332,2,6.666666666666667,2,6.666666666666667,1,3.3333333333333335,5,16.666666666666664
799,True,2.566666666666667,1.6265163865007803,2.0,2.0,76.66666666666667,83.33333333333334,90.0,10,33.33333333333333,8,26.666666666666668,5,16.666666666666664,2,6.666666666666667,2,6.666666666666667,3,10.0,2.2666666666666666,1.7688665548562132,1.0,2.0,76.66666666666667,86.66666666666667,86.66666666666667,17,56.666666666666664,3,10.0,3,10.0,3,10.0,0,0.0,4,13.333333333333334,2.3666666666666667,1.8526257642120338,1.0,2.0,76.66666666666667,83.33333333333334,83.33333333333334,16,53.333333333333336,4,13.333333333333334,3,10.0,2,6.666666666666667,0,0.0,5,16.666666666666664,2.533333333333333,1.80246744461277,2.0,3.0,70.0,83.33333333333334,86.66666666666667,14,46.666666666666664,4,13.333333333333334,3,10.0,4,13.333333333333334,1,3.3333333333333335,4,13.333333333333334
800,False,2.3,1.4866068747318506,2.0,1.75,83.33333333333334,90.0,90.0,10,33.33333333333333,12,40.0,3,10.0,2,6.666666666666667,0,0.0,3,10.0,2.1666666666666665,1.7143187827498387,1.0,1.0,80.0,86.66666666666667,86.66666666666667,16,53.333333333333336,7,23.333333333333332,1,3.3333333333333335,2,6.666666666666667,0,0.0,4,13.333333333333334,2.4,1.8903262505010434,2.0,1.75,80.0,80.0,80.0,14,46.666666666666664,8,26.666666666666668,2,6.666666666666667,0,0.0,0,0.0,6,20.0,2.7,1.9174636024359542,2.0,3.0,70.0,76.66666666666667,80.0,11,36.666666666666664,9,30.0,1,3.3333333333333335,2,6.666666666666667,1,3.3333333333333335,6,20.0
801,False,2.7666666666666666,1.9093337988826249,2.0,3.5,73.33333333333333,73.33333333333333,80.0,10,33.33333333333333,9,30.0,3,10.0,0,0.0,2,6.666666666666667,6,20.0,2.2333333333333334,1.6468825769380835,1.5,2.0,80.0,86.66666666666667,90.0,15,50.0,6,20.0,3,10.0,2,6.666666666666667,1,3.3333333333333335,3,10.0,2.6,1.9252705437591535,2.0,3.0,70.0,80.0,80.0,13,43.333333333333336,7,23.333333333333332,1,3.3333333333333335,3,10.0,0,0.0,6,20.0,2.7666666666666666,1.977933826552906,2.0,3.75,70.0,73.33333333333333,80.0,13,43.333333333333336,4,13.333333333333334,4,13.333333333333334,1,3.3333333333333335,2,6.666666666666667,6,20.0
802,False,3.0,1.6733200530681511,2.5,2.0,66.66666666666666,76.66666666666667,86.66666666666667,6,20.0,9,30.0,5,16.666666666666664,3,10.0,3,10.0,4,13.333333333333334,2.466666666666667,1.8208667044996885,2.0,2.75,73.33333333333333,80.0,86.66666666666667,14,46.666666666666664,6,20.0,2,6.666666666666667,2,6.666666666666667,2,6.666666666666667,4,13.333333333333334,2.466666666666667,1.586050300449376,2.0,3.0,70.0,83.33333333333334,96.66666666666667,12,40.0,7,23.333333333333332,2,6.666666666666667,4,13.333333333333334,4,13.333333333333334,1,3.3333333333333335,3.2333333333333334,1.9610088106776968,3.0,4.0,60.0,66.66666666666666,76.66666666666667,9,30.0,4,13.333333333333334,5,16.666666666666664,2,6.666666666666667,3,10.0,7,23.333333333333332
803,False,2.466666666666667,1.4996295838935991,2.0,1.75,83.33333333333334,86.66666666666667,90.0,8,26.666666666666668,12,40.0,5,16.666666666666664,1,3.3333333333333335,1,3.3333333333333335,3,10.0,2.3,1.69607389776114,2.0,1.0,80.0,83.33333333333334,86.66666666666667,12,40.0,12,40.0,0,0.0,1,3.3333333333333335,1,3.3333333333333335,4,13.333333333333334,2.533333333333333,1.7838784213679537,2.0,1.75,76.66666666666667,80.0,83.33333333333334,10,33.33333333333333,12,40.0,1,3.3333333333333335,1,3.3333333333333335,1,3.3333333333333335,5,16.666666666666664,2.793103448275862,1.788455514467578,2.0,2.0,72.41379310344827,75.86206896551724,82.75862068965517,7,24.137931034482758,12,41.37931034482759,2,6.896551724137931,1,3.4482758620689653,2,6.896551724137931,5,17.24137931034483
804,True,2.466666666666667,1.6478942792411033,2.0,2.0,80.0,86.66666666666667,86.66666666666667,11,36.666666666666664,8,26.666666666666668,5,16.666666666666664,2,6.666666666666667,0,0.0,4,13.333333333333334,2.033333333333333,1.4715826703096075,1.0,2.0,83.33333333333334,93.33333333333333,93.33333333333333,17,56.666666666666664,4,13.333333333333334,4,13.333333333333334,3,10.0,0,0.0,2,6.666666666666667,2.2,1.7397317800933187,1.0,1.75,83.33333333333334,83.33333333333334,86.66666666666667,16,53.333333333333336,6,20.0,3,10.0,0,0.0,1,3.3333333333333335,4,13.333333333333334,2.2333333333333334,1.54236470683457,2.0,2.0,83.33333333333334,86.66666666666667,93.33333333333333,14,46.666666666666664,6,20.0,5,16.666666666666664,1,3.3333333333333335,2,6.666666666666667,2,6.666666666666667
805,False,2.3333333333333335,1.5776212754932306,2.0,1.75,86.66666666666667,86.66666666666667,86.66666666666667,10,33.33333333333333,12,40.0,4,13.333333333333334,0,0.0,0,0.0,4,13.333333333333334,2.1333333333333333,1.6478942792411033,1.5,1.0,83.33333333333334,83.33333333333334,90.0,15,50.0,9,30.0,1,3.3333333333333335,0,0.0,2,6.666666666666667,3,10.0,2.2666666666666666,1.6316317667360556,2.0,1.0,83.33333333333334,86.66666666666667,86.66666666666667,12,40.0,11,36.666666666666664,2,6.666666666666667,1,3.3333333333333335,0,0.0,4,13.333333333333334,3.0,2.1291625896895083,2.0,4.75,63.33333333333333,63.33333333333333,73.33333333333333,11,36.666666666666664,8,26.666666666666668,0,0.0,0,0.0,3,10.0,8,26.666666666666668
806,True,2.033333333333333,1.2512216252748973,2.0,1.0,93.33333333333333,93.33333333333333,93.33333333333333,11,36.666666666666664,13,43.333333333333336,4,13.333333333333334,0,0.0,0,0.0,2,6.666666666666667,2.066666666666667,1.569146972791976,1.5,1.0,86.66666666666667,86.66666666666667,90.0,15,50.0,9,30.0,2,6.666666666666667,0,0.0,1,3.3333333333333335,3,10.0,1.9666666666666666,1.3780017739062924,2.0,1.0,90.0,90.0,93.33333333333333,14,46.666666666666664,11,36.666666666666664,2,6.666666666666667,0,0.0,1,3.3333333333333335,2,6.666666666666667,2.1,1.468559384794046,2.0,1.0,86.66666666666667,86.66666666666667,93.33333333333333,13,43.333333333333336,11,36.666666666666664,2,6.666666666666667,0,0.0,2,6.666666666666667,2,6.666666666666667
807,False,2.466666666666667,1.627540748764494,2.0,2.0,83.33333333333334,86.66666666666667,86.66666666666667,11,36.666666666666664,7,23.333333333333332,7,23.333333333333332,1,3.3333333333333335,0,0.0,4,13.333333333333334,2.3,1.8284784202536635,1.0,2.0,80.0,83.33333333333334,83.33333333333334,16,53.333333333333336,5,16.666666666666664,3,10.0,1,3.3333333333333335,0,0.0,5,16.666666666666664,2.5,1.875277757204694,2.0,2.75,73.33333333333333,80.0,83.33333333333334,14,46.666666666666664,6,20.0,2,6.666666666666667,2,6.666666666666667,1,3.3333333333333335,5,16.666666666666664,2.7,2.019075696121041,2.0,3.5,73.33333333333333,73.33333333333333,76.66666666666667,13,43.333333333333336,6,20.0,3,10.0,0,0.0,1,3.3333333333333335,7,23.333333333333332
808,False,2.1333333333333333,1.521694961401777,2.0,1.75,86.66666666666667,90.0,90.0,14,46.666666666666664,8,26.666666666666668,4,13.333333333333334,1,3.3333333333333335,0,0.0,3,10.0,1.9666666666666666,1.4940623220676648,1.0,1.0,83.33333333333334,90.0,93.33333333333333,17,56.666666666666664,7,23.333333333333332,1,3.3333333333333335,2,6.666666666666667,1,3.3333333333333335,2,6.666666666666667,2.033333333333333,1.5595583420386114,1.0,1.0,83.33333333333334,90.0,90.0,16,53.333333333333336,8,26.666666666666668,1,3.3333333333333335,2,6.666666666666667,0,0.0,3,10.0,2.2,1.5790292376436015,1.5,2.0,83.33333333333334,90.0,90.0,15,50.0,5,16.666666666666664,5,16.666666666666664,2,6.666666666666667,0,0.0,3,10.0
809,False,2.566666666666667,1.54236470683457,2.0,1.0,83.33333333333334,86.66666666666667,86.66666666666667,7,23.333333333333332,12,40.0,6,20.0,1,3.3333333333333335,0,0.0,4,13.333333333333334,2.3333333333333335,1.9206480387850577,1.0,1.75,80.0,80.0,80.0,16,53.333333333333336,6,20.0,2,6.666666666666667,0,0.0,0,0.0,6,20.0,2.3,1.69607389776114,2.0,2.0,80.0,86.66666666666667,86.66666666666667,14,46.666666666666664,7,23.333333333333332,3,10.0,2,6.666666666666667,0,0.0,4,13.333333333333334,3.0,2.0976176963403033,2.0,5.0,66.66666666666666,70.0,70.0,11,36.666666666666664,6,20.0,3,10.0,1,3.3333333333333335,0,0.0,9,30.0
810,True,2.1666666666666665,1.5509853498842456,1.5,1.75,80.0,83.33333333333334,96.66666666666667,15,50.0,7,23.333333333333332,2,6.666666666666667,1,3.3333333333333335,4,13.333333333333334,1,3.3333333333333335,2.033333333333333,1.7792008193443358,1.0,1.5,76.66666666666667,80.0,93.33333333333333,22,73.33333333333333,0,0.0,1,3.3333333333333335,1,3.3333333333333335,4,13.333333333333334,2,6.666666666666667,2.0,1.7126976771553504,1.0,1.75,80.0,86.66666666666667,90.0,21,70.0,1,3.3333333333333335,2,6.666666666666667,2,6.666666666666667,1,3.3333333333333335,3,10.0,2.3333333333333335,1.776388345929897,1.0,2.75,73.33333333333333,83.33333333333334,90.0,17,56.666666666666664,2,6.666666666666667,3,10.0,3,10.0,2,6.666666666666667,3,10.0
811,False,2.8666666666666667,1.8571184369578826,2.0,3.0,70.0,76.66666666666667,80.0,9,30.0,8,26.666666666666668,4,13.333333333333334,2,6.666666666666667,1,3.3333333333333335,6,20.0,2.066666666666667,1.569146972791976,1.0,1.0,83.33333333333334,90.0,90.0,16,53.333333333333336,7,23.333333333333332,2,6.666666666666667,2,6.666666666666667,0,0.0,3,10.0,2.2,1.6812693617224654,1.5,1.75,83.33333333333334,86.66666666666667,86.66666666666667,15,50.0,7,23.333333333333332,3,10.0,1,3.3333333333333335,0,0.0,4,13.333333333333334,2.433333333333333,1.7259457954666158,2.0,2.0,80.0,83.33333333333334,86.66666666666667,13,43.333333333333336,6,20.0,5,16.666666666666664,1,3.3333333333333335,1,3.3333333333333335,4,13.333333333333334
812,False,1.8333333333333333,1.4161763857498668,1.0,1.0,90.0,90.0,93.33333333333333,18,60.0,7,23.333333333333332,2,6.666666666666667,0,0.0,1,3.3333333333333335,2,6.666666666666667,1.7,1.345362404707371,1.0,1.0,90.0,93.33333333333333,93.33333333333333,20,66.66666666666666,6,20.0,1,3.3333333333333335,1,3.3333333333333335,0,0.0,2,6.666666666666667,1.7,1.1590225767142472,1.0,1.0,93.33333333333333,96.66666666666667,96.66666666666667,19,63.33333333333333,5,16.666666666666664,4,13.333333333333334,1,3.3333333333333335,0,0.0,1,3.3333333333333335,2.3333333333333335,1.795054935711501,2.0,1.75,80.0,83.33333333333334,83.33333333333334,14,46.666666666666664,8,26.666666666666668,2,6.666666666666667,1,3.3333333333333335,0,0.0,5,16.666666666666664
813,False,2.6333333333333333,1.7792008193443358,2.0,2.0,76.66666666666667,80.0,83.33333333333334,10,33.33333333333333,9,30.0,4,13.333333333333334,1,3.3333333333333335,1,3.3333333333333335,5,16.666666666666664,2.033333333333333,1.5380362660079103,1.0,1.0,86.66666666666667,90.0,90.0,16,53.333333333333336,7,23.333333333333332,3,10.0,1,3.3333333333333335,0,0.0,3,10.0,2.3,1.7540429489230491,1.5,2.0,80.0,83.33333333333334,86.66666666666667,15,50.0,6,20.0,3,10.0,1,3.3333333333333335,1,3.3333333333333335,4,13.333333333333334,2.3,1.6155494421403511,2.0,2.0,76.66666666666667,90.0,90.0,14,46.666666666666664,6,20.0,3,10.0,4,13.333333333333334,0,0.0,3,10.0
814,False,2.7,1.7540429489230491,2.0,2.0,80.0,80.0,83.33333333333334,10,33.33333333333333,6,20.0,8,26.666666666666668,0,0.0,1,3.3333333333333335,5,16.666666666666664,2.0,1.6931233465600393,1.0,1.0,86.66666666666667,86.66666666666667,86.66666666666667,19,63.33333333333333,4,13.333333333333334,3,10.0,0,0.0,0,0.0,4,13.333333333333334,2.1,1.7578395831246945,1.0,1.75,80.0,86.66666666666667,86.66666666666667,19,63.33333333333333,3,10.0,2,6.666666666666667,2,6.666666666666667,0,0.0,4,13.333333333333334,2.533333333333333,1.910206504252587,2.0,2.0,76.66666666666667,80.0,80.0,14,46.666666666666664,5,16.666666666666664,4,13.333333333333334,1,3.3333333333333335,0,0.0,6,20.0
815,False,2.8333333333333335,2.1147629234082532,2.0,5.0,70.0,70.0,70.0,11,36.666666666666664,10,33.33333333333333,0,0.0,0,0.0,0,0.0,9,30.0,2.3666666666666667,2.0893911925619757,1.0,2.5,73.33333333333333,76.66666666666667,76.66666666666667,19,63.33333333333333,3,10.0,0,0.0,1,3.3333333333333335,0,0.0,7,23.333333333333332,2.533333333333333,2.045048220023729,1.0,2.75,73.33333333333333,76.66666666666667,76.66666666666667,16,53.333333333333336,4,13.333333333333334,2,6.666666666666667,1,3.3333333333333335,0,0.0,7,23.333333333333332,2.566666666666667,1.9439364415764442,2.0,2.75,73.33333333333333,76.66666666666667,80.0,13,43.333333333333336,8,26.666666666666668,1,3.3333333333333335,1,3.3333333333333335,1,3.3333333333333335,6,20.0
816,False,1.8,1.2754084313139327,1.0,1.0,93.33333333333333,93.33333333333333,93.33333333333333,16,53.333333333333336,10,33.33333333333333,2,6.666666666666667,0,0.0,0,0.0,2,6.666666666666667,1.8333333333333333,1.4851112939963644,1.0,1.0,90.0,90.0,90.0,18,60.0,8,26.666666666666668,1,3.3333333333333335,0,0.0,0,0.0,3,10.0,1.8666666666666667,1.499629583893599,1.0,1.0,90.0,90.0,90.0,18,60.0,7,23.333333333333332,2,6.666666666666667,0,0.0,0,0.0,3,10.0,2.2,1.6812693617224657,1.5,1.75,83.33333333333334,86.66666666666667,86.66666666666667,15,50.0,7,23.333333333333332,3,10.0,1,3.3333333333333335,0,0.0,4,13.333333333333334
817,True,2.4,1.624807680927192,2.0,2.0,80.0,83.33333333333334,90.0,11,36.666666666666664,10,33.33333333333333,3,10.0,1,3.3333333333333335,2,6.666666666666667,3,10.0,2.0,1.4605934866804429,1.0,1.0,86.66666666666667,90.0,93.33333333333333,16,53.333333333333336,7,23.333333333333332,3,10.0,1,3.3333333333333335,1,3.3333333333333335,2,6.666666666666667,2.1333333333333333,1.5434449203720302,1.5,2.0,86.66666666666667,90.0,90.0,15,50.0,6,20.0,5,16.666666666666664,1,3.3333333333333335,0,0.0,3,10.0,2.8,1.8690461025168248,2.0,3.75,70.0,73.33333333333333,83.33333333333334,10,33.33333333333333,8,26.666666666666668,3,10.0,1,3.3333333333333335,3,10.0,5,16.666666666666664
818,True,2.3333333333333335,1.5563490039905001,2.0,2.0,83.33333333333334,86.66666666666667,90.0,11,36.666666666666664,10,33.33333333333333,4,13.333333333333334,1,3.3333333333333335,1,3.3333333333333335,3,10.0,2.033333333333333,1.6629959577688562,1.0,1.0,86.66666666666667,86.66666666666667,86.66666666666667,17,56.666666666666664,7,23.333333333333332,2,6.666666666666667,0,0.0,0,0.0,4,13.333333333333334,2.066666666666667,1.5691469727919762,1.0,2.0,86.66666666666667,90.0,90.0,17,56.666666666666664,4,13.333333333333334,5,16.666666666666664,1,3.3333333333333335,0,0.0,3,10.0,2.6,1.9078784028338913,2.0,2.0,76.66666666666667,76.66666666666667,80.0,12,40.0,8,26.666666666666668,3,10.0,0,0.0,1,3.3333333333333335,6,20.0
819,False,2.4,1.7435595774162693,2.0,2.0,83.33333333333334,83.33333333333334,83.33333333333334,12,40.0,9,30.0,4,13.333333333333334,0,0.0,0,0.0,5,16.666666666666664,2.2333333333333334,1.7829438827088444,1.5,1.0,83.33333333333334,83.33333333333334,83.33333333333334,15,50.0,8,26.666666666666668,2,6.666666666666667,0,0.0,0,0.0,5,16.666666666666664,2.2666666666666666,1.590248058916875,2.0,2.0,83.33333333333334,86.66666666666667,90.0,13,43.333333333333336,8,26.666666666666668,4,13.333333333333334,1,3.3333333333333335,1,3.3333333333333335,3,10.0,2.6,1.9252705437591535,2.0,2.0,76.66666666666667,76.66666666666667,80.0,13,43.333333333333336,6,20.0,4,13.333333333333334,0,0.0,1,3.3333333333333335,6,20.0
820,True,2.2666666666666666,1.2892719737209144,2.0,1.5,86.66666666666667,93.33333333333333,93.33333333333333,8,26.666666666666668,14,46.666666666666664,4,13.333333333333334,2,6.666666666666667,0,0.0,2,6.666666666666667,2.2666666666666666,1.6719914938645934,2.0,1.75,80.0,83.33333333333334,90.0,14,46.666666666666664,8,26.666666666666668,2,6.666666666666667,1,3.3333333333333335,2,6.666666666666667,3,10.0,2.3,1.6155494421403513,2.0,1.75,83.33333333333334,83.33333333333334,90.0,12,40.0,10,33.33333333333333,3,10.0,0,0.0,2,6.666666666666667,3,10.0,2.5,1.6683325008322931,2.0,2.0,76.66666666666667,83.33333333333334,90.0,12,40.0,6,20.0,5,16.666666666666664,2,6.666666666666667,2,6.666666666666667,3,10.0
821,False,2.6666666666666665,1.8499249234015478,2.0,2.0,76.66666666666667,80.0,80.0,11,36.666666666666664,7,23.333333333333332,5,16.666666666666664,1,3.3333333333333335,0,0.0,6,20.0,2.0,1.505545305418162,1.0,1.0,90.0,90.0,90.0,16,53.333333333333336,7,23.333333333333332,4,13.333333333333334,0,0.0,0,0.0,3,10.0,2.066666666666667,1.4817407180595248,2.0,1.0,90.0,90.0,90.0,14,46.666666666666664,9,30.0,4,13.333333333333334,0,0.0,0,0.0,3,10.0,2.2666666666666666,1.5477582354991866,2.0,2.0,83.33333333333334,90.0,90.0,13,43.333333333333336,7,23.333333333333332,5,16.666666666666664,2,6.666666666666667,0,0.0,3,10.0
822,False,2.566666666666667,1.8199511592958264,2.0,3.0,66.66666666666666,83.33333333333334,86.66666666666667,14,46.666666666666664,4,13.333333333333334,2,6.666666666666667,5,16.666666666666664,1,3.3333333333333335,4,13.333333333333334,1.9666666666666666,1.5162087220725544,1.0,1.0,83.33333333333334,90.0,93.33333333333333,18,60.0,5,16.666666666666664,2,6.666666666666667,2,6.666666666666667,1,3.3333333333333335,2,6.666666666666667,2.066666666666667,1.671991493864594,1.0,1.0,80.0,86.66666666666667,90.0,18,60.0,5,16.666666666666664,1,3.3333333333333335,2,6.666666666666667,1,3.3333333333333335,3,10.0,2.7,1.8101565309847285,2.0,3.0,66.66666666666666,80.0,86.66666666666667,12,40.0,5,16.666666666666664,3,10.0,4,13.333333333333334,2,6.666666666666667,4,13.333333333333334
823,False,2.3666666666666667,1.6224124698183944,2.0,2.0,86.66666666666667,86.66666666666667,86.66666666666667,12,40.0,7,23.333333333333332,7,23.333333333333332,0,0.0,0,0.0,4,13.333333333333334,2.066666666666667,1.7113996870657915,1.0,2.0,86.66666666666667,86.66666666666667,86.66666666666667,19,63.33333333333333,2,6.666666666666667,5,16.666666666666664,0,0.0,0,0.0,4,13.333333333333334,2.2333333333333334,1.8199511592958266,1.0,2.0,83.33333333333334,83.33333333333334,83.33333333333334,17,56.666666666666664,4,13.333333333333334,4,13.333333333333334,0,0.0,0,0.0,5,16.666666666666664,2.6,1.9252705437591537,2.0,2.0,76.66666666666667,76.66666666666667,80.0,13,43.333333333333336,6,20.0,4,13.333333333333334,0,0.0,1,3.3333333333333335,6,20.0
824,False,2.6666666666666665,1.6193277068654826,3.0,2.0,80.0,86.66666666666667,86.66666666666667,10,33.33333333333333,4,13.333333333333334,10,33.33333333333333,2,6.666666666666667,0,0.0,4,13.333333333333334,2.2,1.4922019523732928,2.0,2.0,83.33333333333334,90.0,93.33333333333333,14,46.666666666666664,6,20.0,5,16.666666666666664,2,6.666666666666667,1,3.3333333333333335,2,6.666666666666667,2.566666666666667,1.8199511592958264,2.0,2.0,76.66666666666667,80.0,83.33333333333334,12,40.0,7,23.333333333333332,4,13.333333333333334,1,3.3333333333333335,1,3.3333333333333335,5,16.666666666666664,2.6666666666666665,1.699673171197595,2.0,2.75,73.33333333333333,80.0,90.0,11,36.666666666666664,5,16.666666666666664,6,20.0,2,6.666666666666667,3,10.0,3,10.0
825,False,2.5,1.746424919657298,2.0,2.0,80.0,83.33333333333334,83.33333333333334,11,36.666666666666664,9,30.0,4,13.333333333333334,1,3.3333333333333335,0,0.0,5,16.666666666666664,1.9,1.468559384794046,1.0,1.0,86.66666666666667,90.0,93.33333333333333,18,60.0,6,20.0,2,6.666666666666667,1,3.3333333333333335,1,3.3333333333333335,2,6.666666666666667,2.3,1.7156145643277028,1.0,2.75,73.33333333333333,86.66666666666667,90.0,16,53.333333333333336,4,13.333333333333334,2,6.666666666666667,4,13.333333333333334,1,3.3333333333333335,3,10.0,2.433333333333333,1.8740923729160797,1.5,2.0,76.66666666666667,80.0,83.33333333333334,15,50.0,5,16.666666666666664,3,10.0,1,3.3333333333333335,1,3.3333333333333335,5,16.666666666666664
826,False,3.1,1.9035055380358978,3.0,4.0,63.33333333333333,70.0,80.0,9,30.0,5,16.666666666666664,5,16.666666666666664,2,6.666666666666667,3,10.0,6,20.0,2.4,1.9933221850301406,1.0,2.0,76.66666666666667,76.66666666666667,80.0,17,56.666666666666664,4,13.333333333333334,2,6.666666666666667,0,0.0,1,3.3333333333333335,6,20.0,2.4,1.854723699099141,1.5,2.0,80.0,80.0,83.33333333333334,15,50.0,5,16.666666666666664,4,13.333333333333334,0,0.0,1,3.3333333333333335,5,16.666666666666664,3.1666666666666665,2.0669354663903325,3.0,4.75,60.0,66.66666666666666,73.33333333333333,11,36.666666666666664,3,10.0,4,13.333333333333334,2,6.666666666666667,2,6.666666666666667,8,26.666666666666668
827,False,2.3,1.7349351572897471,2.0,1.75,80.0,83.33333333333334,86.66666666666667,14,46.666666666666664,8,26.666666666666668,2,6.666666666666667,1,3.3333333333333335,1,3.3333333333333335,4,13.333333333333334,1.8,1.446835627614047,1.0,1.0,86.66666666666667,90.0,93.33333333333333,19,63.33333333333333,7,23.333333333333332,0,0.0,1,3.3333333333333335,1,3.3333333333333335,2,6.666666666666667,2.0,1.5491933384829668,1.0,1.0,83.33333333333334,86.66666666666667,93.33333333333333,17,56.666666666666664,7,23.333333333333332,1,3.3333333333333335,1,3.3333333333333335,2,6.666666666666667,2,6.666666666666667,2.3333333333333335,1.7384539747207064,1.5,2.75,73.33333333333333,83.33333333333334,90.0,15,50.0,6,20.0,1,3.3333333333333335,3,10.0,2,6.666666666666667,3,10.0
828,True,2.1,1.5132745950421556,2.0,1.0,86.66666666666667,90.0,90.0,14,46.666666666666664,9,30.0,3,10.0,1,3.3333333333333335,0,0.0,3,10.0,1.9666666666666666,1.5162087220725544,1.0,1.0,83.33333333333334,90.0,93.33333333333333,18,60.0,5,16.666666666666664,2,6.666666666666667,2,6.666666666666667,1,3.3333333333333335,2,6.666666666666667,1.9333333333333333,1.3888444437333105,1.0,1.0,86.66666666666667,93.33333333333333,93.33333333333333,16,53.333333333333336,8,26.666666666666668,2,6.666666666666667,2,6.666666666666667,0,0.0,2,6.666666666666667,2.5,1.7654083569153813,2.0,2.0,76.66666666666667,83.33333333333334,83.33333333333334,11,36.666666666666664,10,33.33333333333333,2,6.666666666666667,2,6.666666666666667,0,0.0,5,16.666666666666664
829,False,2.966666666666667,1.9745604292826517,2.0,4.5,70.0,73.33333333333333,73.33333333333333,9,30.0,8,26.666666666666668,4,13.333333333333334,1,3.3333333333333335,0,0.0,8,26.666666666666668,2.3666666666666667,1.8882678717691395,1.0,2.0,76.66666666666667,80.0,83.33333333333334,16,53.333333333333336,5,16.666666666666664,2,6.666666666666667,1,3.3333333333333335,1,3.3333333333333335,5,16.666666666666664,2.566666666666667,1.891795149821695,2.0,3.0,70.0,80.0,83.33333333333334,14,46.666666666666664,5,16.666666666666664,2,6.666666666666667,3,10.0,1,3.3333333333333335,5,16.666666666666664,3.3333333333333335,2.1343747458109497,3.0,5.0,56.666666666666664,63.33333333333333,66.66666666666666,10,33.33333333333333,4,13.333333333333334,3,10.0,2,6.666666666666667,1,3.3333333333333335,10,33.33333333333333
830,False,2.8,1.6206994374857624,2.0,1.0,76.66666666666667,80.0,86.66666666666667,6,20.0,11,36.666666666666664,6,20.0,1,3.3333333333333335,2,6.666666666666667,4,13.333333333333334,2.2666666666666666,1.6110727964792764,2.0,2.0,83.33333333333334,86.66666666666667,90.0,14,46.666666666666664,6,20.0,5,16.666666666666664,1,3.3333333333333335,1,3.3333333333333335,3,10.0,2.4,1.6852299546352716,2.0,2.0,80.0,86.66666666666667,86.66666666666667,13,43.333333333333336,6,20.0,5,16.666666666666664,2,6.666666666666667,0,0.0,4,13.333333333333334,2.5,1.8211717839530315,2.0,2.0,80.0,80.0,83.33333333333334,13,43.333333333333336,6,20.0,5,16.666666666666664,0,0.0,1,3.3333333333333335,5,16.666666666666664
831,False,2.6,1.8726095873584185,2.0,2.75,73.33333333333333,76.66666666666667,83.33333333333334,12,40.0,8,26.666666666666668,2,6.666666666666667,1,3.3333333333333335,2,6.666666666666667,5,16.666666666666664,2.066666666666667,1.671991493864594,1.0,1.0,83.33333333333334,83.33333333333334,90.0,17,56.666666666666664,7,23.333333333333332,1,3.3333333333333335,0,0.0,2,6.666666666666667,3,10.0,2.033333333333333,1.5380362660079103,1.0,1.0,83.33333333333334,86.66666666666667,93.33333333333333,16,53.333333333333336,8,26.666666666666668,1,3.3333333333333335,1,3.3333333333333335,2,6.666666666666667,2,6.666666666666667,2.7666666666666666,2.027861489900684,2.0,4.0,66.66666666666666,70.0,80.0,13,43.333333333333336,6,20.0,1,3.3333333333333335,1,3.3333333333333335,3,10.0,6,20.0
832,False,2.3333333333333335,1.398411797560202,2.0,2.0,86.66666666666667,90.0,93.33333333333333,10,33.33333333333333,9,30.0,7,23.333333333333332,1,3.3333333333333335,1,3.3333333333333335,2,6.666666666666667,2.066666666666667,1.6719914938645934,1.0,1.0,86.66666666666667,86.66666666666667,86.66666666666667,17,56.666666666666664,6,20.0,3,10.0,0,0.0,0,0.0,4,13.333333333333334,2.2,1.661324772583615,1.0,2.0,80.0,86.66666666666667,90.0,16,53.333333333333336,5,16.666666666666664,3,10.0,2,6.666666666666667,1,3.3333333333333335,3,10.0,2.5,1.9790570145063195,1.5,2.75,73.33333333333333,76.66666666666667,80.0,15,50.0,6,20.0,1,3.3333333333333335,1,3.3333333333333335,1,3.3333333333333335,6,20.0
833,False,2.8,1.5577761927397231,2.5,1.75,73.33333333333333,83.33333333333334,90.0,7,23.333333333333332,8,26.666666666666668,7,23.333333333333332,3,10.0,2,6.666666666666667,3,10.0,2.3333333333333335,1.5986105077709065,2.0,2.0,76.66666666666667,86.66666666666667,93.33333333333333,14,46.666666666666664,5,16.666666666666664,4,13.333333333333334,3,10.0,2,6.666666666666667,2,6.666666666666667,2.5,1.648231375343482,2.0,2.75,73.33333333333333,83.33333333333334,93.33333333333333,13,43.333333333333336,4,13.333333333333334,5,16.666666666666664,3,10.0,3,10.0,2,6.666666666666667,2.9,1.8502252115170557,2.5,3.75,70.0,73.33333333333333,83.33333333333334,10,33.33333333333333,5,16.666666666666664,6,20.0,1,3.3333333333333335,3,10.0,5,16.666666666666664
834,False,3.066666666666667,1.9136933459209762,2.0,3.5,63.33333333333333,73.33333333333333,76.66666666666667,8,26.666666666666668,8,26.666666666666668,3,10.0,3,10.0,1,3.3333333333333335,7,23.333333333333332,2.466666666666667,1.9447936194419766,1.0,2.75,73.33333333333333,76.66666666666667,83.33333333333334,16,53.333333333333336,4,13.333333333333334,2,6.666666666666667,1,3.3333333333333335,2,6.666666666666667,5,16.666666666666664,2.6333333333333333,1.9232495649002208,2.0,3.0,70.0,76.66666666666667,83.33333333333334,14,46.666666666666664,4,13.333333333333334,3,10.0,2,6.666666666666667,2,6.666666666666667,5,16.666666666666664,3.0,1.9148542155126762,2.5,3.75,63.33333333333333,73.33333333333333,80.0,10,33.33333333333333,5,16.666666666666664,4,13.333333333333334,3,10.0,2,6.666666666666667,6,20.0
835,False,2.7,1.9174636024359542,2.0,2.75,73.33333333333333,76.66666666666667,80.0,12,40.0,6,20.0,4,13.333333333333334,1,3.3333333333333335,1,3.3333333333333335,6,20.0,1.9333333333333333,1.5260697523012796,1.0,1.0,86.66666666666667,86.66666666666667,93.33333333333333,18,60.0,6,20.0,2,6.666666666666667,0,0.0,2,6.666666666666667,2,6.666666666666667,2.2666666666666666,1.7876116903722563,1.0,2.0,76.66666666666667,80.0,90.0,17,56.666666666666664,4,13.333333333333334,2,6.666666666666667,1,3.3333333333333335,3,10.0,3,10.0,2.466666666666667,1.9275776393067947,1.0,3.5,73.33333333333333,73.33333333333333,86.66666666666667,16,53.333333333333336,4,13.333333333333334,2,6.666666666666667,0,0.0,4,13.333333333333334,4,13.333333333333334
836,False,1.9,1.3253930234714029,1.0,1.0,93.33333333333333,93.33333333333333,93.33333333333333,16,53.333333333333336,7,23.333333333333332,5,16.666666666666664,0,0.0,0,0.0,2,6.666666666666667,1.7,1.369914839202301,1.0,1.0,90.0,93.33333333333333,93.33333333333333,21,70.0,4,13.333333333333334,2,6.666666666666667,1,3.3333333333333335,0,0.0,2,6.666666666666667,1.9,1.598957994028194,1.0,1.0,86.66666666666667,86.66666666666667,90.0,19,63.33333333333333,6,20.0,1,3.3333333333333335,0,0.0,1,3.3333333333333335,3,10.0,2.433333333333333,1.8015425489162211,2.0,2.0,76.66666666666667,83.33333333333334,83.33333333333334,13,43.333333333333336,8,26.666666666666668,2,6.666666666666667,2,6.666666666666667,0,0.0,5,16.666666666666664
837,False,2.8,1.9561867668161614,2.0,2.75,73.33333333333333,76.66666666666667,76.66666666666667,12,40.0,4,13.333333333333334,6,20.0,1,3.3333333333333335,0,0.0,7,23.333333333333332,2.2666666666666666,1.6316317667360556,1.5,2.0,83.33333333333334,86.66666666666667,90.0,15,50.0,4,13.333333333333334,6,20.0,1,3.3333333333333335,1,3.3333333333333335,3,10.0,2.4,1.6451950239004087,2.0,2.0,76.66666666666667,86.66666666666667,90.0,13,43.333333333333336,6,20.0,4,13.333333333333334,3,10.0,1,3.3333333333333335,3,10.0,2.3666666666666667,1.6829207415152452,2.0,2.0,80.0,86.66666666666667,86.66666666666667,13,43.333333333333336,7,23.333333333333332,4,13.333333333333334,2,6.666666666666667,0,0.0,4,13.333333333333334
838,False,2.433333333333333,1.8917951498216947,2.0,2.0,80.0,80.0,80.0,14,46.666666666666664,7,23.333333333333332,3,10.0,0,0.0,0,0.0,6,20.0,1.9,1.468559384794046,1.0,1.0,86.66666666666667,90.0,93.33333333333333,18,60.0,6,20.0,2,6.666666666666667,1,3.3333333333333335,1,3.3333333333333335,2,6.666666666666667,2.066666666666667,1.7499206331208919,1.0,1.0,83.33333333333334,83.33333333333334,86.66666666666667,18,60.0,6,20.0,1,3.3333333333333335,0,0.0,1,3.3333333333333335,4,13.333333333333334,2.433333333333333,1.8917951498216947,1.5,2.75,73.33333333333333,80.0,83.33333333333334,15,50.0,6,20.0,1,3.3333333333333335,2,6.666666666666667,1,3.3333333333333335,5,16.666666666666664
839,False,2.3,1.7156145643277028,2.0,2.0,83.33333333333334,83.33333333333334,86.66666666666667,14,46.666666666666664,7,23.333333333333332,4,13.333333333333334,0,0.0,1,3.3333333333333335,4,13.333333333333334,1.8666666666666667,1.4996295838935991,1.0,1.0,86.66666666666667,90.0,93.33333333333333,20,66.66666666666666,3,10.0,3,10.0,1,3.3333333333333335,1,3.3333333333333335,2,6.666666666666667,2.1,1.8321208111548393,1.0,1.0,76.66666666666667,83.33333333333334,86.66666666666667,20,66.66666666666666,3,10.0,0,0.0,2,6.666666666666667,1,3.3333333333333335,4,13.333333333333334,2.7,1.9857828011475307,2.0,2.75,73.33333333333333,76.66666666666667,76.66666666666667,13,43.333333333333336,5,16.666666666666664,4,13.333333333333334,1,3.3333333333333335,0,0.0,7,23.333333333333332
840,True,2.8,1.7962924780409975,2.0,2.75,73.33333333333333,76.66666666666667,83.33333333333334,9,30.0,8,26.666666666666668,5,16.666666666666664,1,3.3333333333333335,2,6.666666666666667,5,16.666666666666664,2.1333333333333333,1.6478942792411035,1.0,2.0,83.33333333333334,86.66666666666667,90.0,17,56.666666666666664,4,13.333333333333334,4,13.333333333333334,1,3.3333333333333335,1,3.3333333333333335,3,10.0,2.2333333333333334,1.6868774571839995,1.0,2.0,83.33333333333334,83.33333333333334,90.0,16,53.333333333333336,4,13.333333333333334,5,16.666666666666664,0,0.0,2,6.666666666666667,3,10.0,2.6,1.9252705437591535,1.5,3.0,66.66666666666666,80.0,83.33333333333334,15,50.0,3,10.0,2,6.666666666666667,4,13.333333333333334,1,3.3333333333333335,5,16.666666666666664
841,False,2.466666666666667,1.627540748764494,2.0,2.0,80.0,86.66666666666667,86.66666666666667,10,33.33333333333333,10,33.33333333333333,4,13.333333333333334,2,6.666666666666667,0,0.0,4,13.333333333333334,2.066666666666667,1.3888444437333107,2.0,1.75,86.66666666666667,93.33333333333333,93.33333333333333,14,46.666666666666664,8,26.666666666666668,4,13.333333333333334,2,6.666666666666667,0,0.0,2,6.666666666666667,2.3333333333333335,1.7191729277636836,2.0,1.75,80.0,83.33333333333334,86.66666666666667,13,43.333333333333336,9,30.0,2,6.666666666666667,1,3.3333333333333335,1,3.3333333333333335,4,13.333333333333334,2.3666666666666667,1.6017351702311948,2.0,2.0,80.0,86.66666666666667,90.0,12,40.0,8,26.666666666666668,4,13.333333333333334,2,6.666666666666667,1,3.3333333333333335,3,10.0
842,False,2.566666666666667,1.8381754238616315,2.0,2.75,73.33333333333333,80.0,83.33333333333334,12,40.0,8,26.666666666666668,2,6.666666666666667,2,6.666666666666667,1,3.3333333333333335,5,16.666666666666664,2.0,1.570562531918633,1.0,1.0,83.33333333333334,90.0,90.0,17,56.666666666666664,7,23.333333333333332,1,3.3333333333333335,2,6.666666666666667,0,0.0,3,10.0,2.1666666666666665,1.5933891203622828,1.5,1.75,80.0,90.0,90.0,15,50.0,7,23.333333333333332,2,6.666666666666667,3,10.0,0,0.0,3,10.0,2.3666666666666667,1.7026123718829511,1.0,3.0,66.66666666666666,86.66666666666667,93.33333333333333,16,53.333333333333336,3,10.0,1,3.3333333333333335,6,20.0,2,6.666666666666667,2,6.666666666666667
843,False,3.7333333333333334,1.768866554856213,3.0,4.0,53.333333333333336,63.33333333333333,70.0,3,10.0,6,20.0,7,23.333333333333332,3,10.0,2,6.666666666666667,9,30.0,2.533333333333333,1.9447936194419764,2.0,2.0,76.66666666666667,76.66666666666667,80.0,14,46.666666666666664,6,20.0,3,10.0,0,0.0,1,3.3333333333333335,6,20.0,2.6333333333333333,1.9405039437103846,2.0,3.5,73.33333333333333,73.33333333333333,83.33333333333334,14,46.666666666666664,4,13.333333333333334,4,13.333333333333334,0,0.0,3,10.0,5,16.666666666666664,3.2,2.1039645117412666,2.5,5.0,63.33333333333333,63.33333333333333,70.0,10,33.33333333333333,5,16.666666666666664,4,13.333333333333334,0,0.0,2,6.666666666666667,9,30.0
844,False,2.466666666666667,1.687865186822955,2.0,2.0,76.66666666666667,86.66666666666667,86.66666666666667,12,40.0,7,23.333333333333332,4,13.333333333333334,3,10.0,0,0.0,4,13.333333333333334,2.1333333333333333,1.6478942792411035,1.0,1.75,76.66666666666667,90.0,90.0,17,56.666666666666664,5,16.666666666666664,1,3.3333333333333335,4,13.333333333333334,0,0.0,3,10.0,2.4,1.854723699099141,1.5,2.75,73.33333333333333,83.33333333333334,83.33333333333334,15,50.0,6,20.0,1,3.3333333333333335,3,10.0,0,0.0,5,16.666666666666664,2.8,1.9561867668161614,2.0,3.0,70.0,76.66666666666667,76.66666666666667,11,36.666666666666664,7,23.333333333333332,3,10.0,2,6.666666666666667,0,0.0,7,23.333333333333332
845,False,2.8,1.7776388834631178,2.0,1.75,76.66666666666667,80.0,80.0,8,26.666666666666668,9,30.0,6,20.0,1,3.3333333333333335,0,0.0,6,20.0,2.0,1.2649110640673518,2.0,1.75,90.0,93.33333333333333,96.66666666666667,14,46.666666666666664,8,26.666666666666668,5,16.666666666666664,1,3.3333333333333335,1,3.3333333333333335,1,3.3333333333333335,2.4,1.781385228784985,2.0,2.0,80.0,80.0,86.66666666666667,14,46.666666666666664,6,20.0,4,13.333333333333334,0,0.0,2,6.666666666666667,4,13.333333333333334,2.433333333333333,1.6669999666733317,2.0,2.0,83.33333333333334,83.33333333333334,86.66666666666667,11,36.666666666666664,9,30.0,5,16.666666666666664,0,0.0,1,3.3333333333333335,4,13.333333333333334
846,True,2.4,1.624807680927192,2.0,2.0,76.66666666666667,86.66666666666667,90.0,12,40.0,8,26.666666666666668,3,10.0,3,10.0,1,3.3333333333333335,3,10.0,2.1333333333333333,1.6069294390925268,1.5,1.0,83.33333333333334,86.66666666666667,90.0,15,50.0,8,26.666666666666668,2,6.666666666666667,1,3.3333333333333335,1,3.3333333333333335,3,10.0,2.2666666666666666,1.7876116903722563,1.5,1.75,83.33333333333334,83.33333333333334,83.33333333333334,15,50.0,7,23.333333333333332,3,10.0,0,0.0,0,0.0,5,16.666666666666664,2.2333333333333334,1.6265163865007803,2.0,1.75,80.0,86.66666666666667,90.0,14,46.666666666666664,8,26.666666666666668,2,6.666666666666667,2,6.666666666666667,1,3.3333333333333335,3,10.0
847,False,2.6666666666666665,1.7384539747207062,2.0,2.75,73.33333333333333,83.33333333333334,83.33333333333334,9,30.0,10,33.33333333333333,3,10.0,3,10.0,0,0.0,5,16.666666666666664,2.066666666666667,1.569146972791976,1.0,1.0,83.33333333333334,90.0,90.0,16,53.333333333333336,7,23.333333333333332,2,6.666666666666667,2,6.666666666666667,0,0.0,3,10.0,2.2666666666666666,1.7499206331208919,1.5,1.75,80.0,83.33333333333334,86.66666666666667,15,50.0,7,23.333333333333332,2,6.666666666666667,1,3.3333333333333335,1,3.3333333333333335,4,13.333333333333334,3.033333333333333,1.9405039437103846,2.0,3.75,63.33333333333333,73.33333333333333,76.66666666666667,9,30.0,7,23.333333333333332,3,10.0,3,10.0,1,3.3333333333333335,7,23.333333333333332
848,False,2.5,1.5,2.0,2.75,73.33333333333333,90.0,93.33333333333333,10,33.33333333333333,8,26.666666666666668,4,13.333333333333334,5,16.666666666666664,1,3.3333333333333335,2,6.666666666666667,2.2333333333333334,1.7259457954666158,1.0,2.0,80.0,86.66666666666667,86.66666666666667,16,53.333333333333336,5,16.666666666666664,3,10.0,2,6.666666666666667,0,0.0,4,13.333333333333334,2.3,1.69607389776114,2.0,1.75,76.66666666666667,83.33333333333334,90.0,14,46.666666666666664,8,26.666666666666668,1,3.3333333333333335,2,6.666666666666667,2,6.666666666666667,3,10.0,3.3333333333333335,2.1343747458109497,3.0,5.0,56.666666666666664,63.33333333333333,66.66666666666666,10,33.33333333333333,4,13.333333333333334,3,10.0,2,6.666666666666667,1,3.3333333333333335,10,33.33333333333333
849,False,2.7,1.7349351572897471,2.0,2.0,76.66666666666667,83.33333333333334,83.33333333333334,10,33.33333333333333,6,20.0,7,23.333333333333332,2,6.666666666666667,0,0.0,5,16.666666666666664,2.2333333333333334,1.7641491496532322,1.0,1.75,80.0,83.33333333333334,86.66666666666667,16,53.333333333333336,6,20.0,2,6.666666666666667,1,3.3333333333333335,1,3.3333333333333335,4,13.333333333333334,2.4,1.8903262505010434,1.0,2.0,76.66666666666667,80.0,83.33333333333334,16,53.333333333333336,4,13.333333333333334,3,10.0,1,3.3333333333333335,1,3.3333333333333335,5,16.666666666666664,2.566666666666667,1.6265163865007803,2.0,2.75,73.33333333333333,86.66666666666667,90.0,11,36.666666666666664,6,20.0,5,16.666666666666664,4,13.333333333333334,1,3.3333333333333335,3,10.0
850,True,2.3,1.4866068747318506,2.0,2.0,86.66666666666667,90.0,90.0,11,36.666666666666664,9,30.0,6,20.0,1,3.3333333333333335,0,0.0,3,10.0,2.033333333333333,1.5162087220725546,1.0,1.0,86.66666666666667,86.66666666666667,93.33333333333333,16,53.333333333333336,7,23.333333333333332,3,10.0,0,0.0,2,6.666666666666667,2,6.666666666666667,2.1666666666666665,1.5293426329272615,2.0,1.75,83.33333333333334,86.66666666666667,93.33333333333333,14,46.666666666666664,8,26.666666666666668,3,10.0,1,3.3333333333333335,2,6.666666666666667,2,6.666666666666667,2.1666666666666665,1.6141733350404335,1.5,1.75,83.33333333333334,86.66666666666667,90.0,15,50.0,7,23.333333333333332,3,10.0,1,3.3333333333333335,1,3.3333333333333335,3,10.0
851,False,2.8,1.8147543451754935,2.0,2.75,70.0,80.0,80.0,8,26.666666666666668,11,36.666666666666664,2,6.666666666666667,3,10.0,0,0.0,6,20.0,2.2333333333333334,1.7259457954666158,1.0,2.0,80.0,86.66666666666667,86.66666666666667,16,53.333333333333336,5,16.666666666666664,3,10.0,2,6.666666666666667,0,0.0,4,13.333333333333334,2.466666666666667,1.8024674446127702,2.0,2.0,76.66666666666667,83.33333333333334,83.33333333333334,13,43.333333333333336,7,23.333333333333332,3,10.0,2,6.666666666666667,0,0.0,5,16.666666666666664,2.6666666666666665,1.9888578520235065,2.0,2.75,73.33333333333333,76.66666666666667,76.66666666666667,13,43.333333333333336,6,20.0,3,10.0,1,3.3333333333333335,0,0.0,7,23.333333333333332
852,False,2.4,1.5620499351813306,2.0,2.0,86.66666666666667,86.66666666666667,90.0,12,40.0,5,16.666666666666664,9,30.0,0,0.0,1,3.3333333333333335,3,10.0,2.033333333333333,1.4940623220676645,1.0,2.0,86.66666666666667,90.0,93.33333333333333,17,56.666666666666664,4,13.333333333333334,5,16.666666666666664,1,3.3333333333333335,1,3.3333333333333335,2,6.666666666666667,2.2,1.7204650534085253,1.0,2.0,83.33333333333334,86.66666666666667,86.66666666666667,17,56.666666666666664,3,10.0,5,16.666666666666664,1,3.3333333333333335,0,0.0,4,13.333333333333334,2.7,1.9174636024359542,2.0,3.0,70.0,76.66666666666667,83.33333333333334,14,46.666666666666664,2,6.666666666666667,5,16.666666666666664,2,6.666666666666667,2,6.666666666666667,5,16.666666666666664
853,False,2.7333333333333334,1.7499206331208916,2.0,2.75,73.33333333333333,83.33333333333334,83.33333333333334,10,33.33333333333333,6,20.0,6,20.0,3,10.0,0,0.0,5,16.666666666666664,2.1333333333333333,1.4996295838935991,1.5,2.0,83.33333333333334,90.0,93.33333333333333,15,50.0,6,20.0,4,13.333333333333334,2,6.666666666666667,1,3.3333333333333335,2,6.666666666666667,2.4,1.8366636418607882,1.5,2.0,76.66666666666667,83.33333333333334,83.33333333333334,15,50.0,5,16.666666666666664,3,10.0,2,6.666666666666667,0,0.0,5,16.666666666666664,2.4,1.4966629547095764,2.0,2.0,80.0,90.0,93.33333333333333,12,40.0,5,16.666666666666664,7,23.333333333333332,3,10.0,1,3.3333333333333335,2,6.666666666666667
854,True,2.2,1.2754084313139327,2.0,2.0,86.66666666666667,93.33333333333333,96.66666666666667,11,36.666666666666664,9,30.0,6,20.0,2,6.666666666666667,1,3.3333333333333335,1,3.3333333333333335,2.033333333333333,1.601735170231195,1.0,1.75,83.33333333333334,90.0,90.0,18,60.0,4,13.333333333333334,3,10.0,2,6.666666666666667,0,0.0,3,10.0,2.433333333333333,1.9093337988826249,2.0,1.75,76.66666666666667,80.0,80.0,14,46.666666666666664,8,26.666666666666668,1,3.3333333333333335,1,3.3333333333333335,0,0.0,6,20.0,2.3333333333333335,1.776388345929897,1.5,2.0,76.66666666666667,83.33333333333334,86.66666666666667,15,50.0,6,20.0,2,6.666666666666667,2,6.666666666666667,1,3.3333333333333335,4,13.333333333333334
855,False,3.1,1.8138357147217052,3.0,2.75,66.66666666666666,73.33333333333333,80.0,7,23.333333333333332,7,23.333333333333332,6,20.0,2,6.666666666666667,2,6.666666666666667,6,20.0,2.3666666666666667,1.834545054108935,1.0,2.0,76.66666666666667,80.0,86.66666666666667,16,53.333333333333336,4,13.333333333333334,3,10.0,1,3.3333333333333335,2,6.666666666666667,4,13.333333333333334,2.5,1.8027756377319946,2.0,2.0,76.66666666666667,80.0,86.66666666666667,14,46.666666666666664,4,13.333333333333334,5,16.666666666666664,1,3.3333333333333335,2,6.666666666666667,4,13.333333333333334,3.3,2.06801031589948,3.0,5.0,60.0,63.33333333333333,70.0,9,30.0,5,16.666666666666664,4,13.333333333333334,1,3.3333333333333335,2,6.666666666666667,9,30.0
856,False,2.6333333333333333,1.8705317128797598,2.0,2.75,73.33333333333333,76.66666666666667,83.33333333333334,12,40.0,7,23.333333333333332,3,10.0,1,3.3333333333333335,2,6.666666666666667,5,16.666666666666664,1.9333333333333333,1.569146972791976,1.0,1.0,83.33333333333334,90.0,90.0,18,60.0,7,23.333333333333332,0,0.0,2,6.666666666666667,0,0.0,3,10.0,2.1333333333333333,1.7838784213679537,1.0,1.0,80.0,83.33333333333334,86.66666666666667,18,60.0,5,16.666666666666664,1,3.3333333333333335,1,3.3333333333333335,1,3.3333333333333335,4,13.333333333333334,2.3,1.8823743871327334,1.0,1.0,76.66666666666667,80.0,83.33333333333334,16,53.333333333333336,7,23.333333333333332,0,0.0,1,3.3333333333333335,1,3.3333333333333335,5,16.666666666666664
857,False,2.6,1.7048949136725895,2.0,2.0,80.0,83.33333333333334,83.33333333333334,9,30.0,10,33.33333333333333,5,16.666666666666664,1,3.3333333333333335,0,0.0,5,16.666666666666664,1.9666666666666666,1.401982722987539,1.0,1.0,86.66666666666667,93.33333333333333,93.33333333333333,16,53.333333333333336,7,23.333333333333332,3,10.0,2,6.666666666666667,0,0.0,2,6.666666666666667,2.1333333333333333,1.564892612574067,1.5,1.75,83.33333333333334,90.0,90.0,15,50.0,7,23.333333333333332,3,10.0,2,6.666666666666667,0,0.0,3,10.0,2.6333333333333333,1.8345450541089348,2.0,3.0,70.0,83.33333333333334,83.33333333333334,13,43.333333333333336,4,13.333333333333334,4,13.333333333333334,4,13.333333333333334,0,0.0,5,16.666666666666664
858,True,1.9666666666666666,1.168569876197207,2.0,1.0,86.66666666666667,93.33333333333333,100.0,13,43.333333333333336,11,36.666666666666664,2,6.666666666666667,2,6.666666666666667,2,6.666666666666667,0,0.0,2.066666666666667,1.6110727964792761,1.0,1.0,83.33333333333334,86.66666666666667,90.0,16,53.333333333333336,8,26.666666666666668,1,3.3333333333333335,1,3.3333333333333335,1,3.3333333333333335,3,10.0,2.2,1.7009801096230768,2.0,1.0,83.33333333333334,83.33333333333334,86.66666666666667,14,46.666666666666664,10,33.33333333333333,1,3.3333333333333335,0,0.0,1,3.3333333333333335,4,13.333333333333334,2.533333333333333,1.9447936194419764,2.0,2.0,76.66666666666667,76.66666666666667,80.0,14,46.666666666666664,6,20.0,3,10.0,0,0.0,1,3.3333333333333335,6,20.0
859,False,2.533333333333333,1.5648926125740672,2.0,1.75,83.33333333333334,86.66666666666667,86.66666666666667,8,26.666666666666668,11,36.666666666666664,6,20.0,1,3.3333333333333335,0,0.0,4,13.333333333333334,2.2666666666666666,1.6110727964792761,2.0,1.75,86.66666666666667,86.66666666666667,86.66666666666667,12,40.0,10,33.33333333333333,4,13.333333333333334,0,0.0,0,0.0,4,13.333333333333334,2.4,1.624807680927192,2.0,2.0,83.33333333333334,86.66666666666667,86.66666666666667,11,36.666666666666664,9,30.0,5,16.666666666666664,1,3.3333333333333335,0,0.0,4,13.333333333333334,2.7333333333333334,1.9482185594936612,2.0,2.75,73.33333333333333,76.66666666666667,76.66666666666667,11,36.666666666666664,8,26.666666666666668,3,10.0,1,3.3333333333333335,0,0.0,7,23.333333333333332
860,True,2.3333333333333335,1.349897115421106,2.0,1.75,86.66666666666667,90.0,93.33333333333333,8,26.666666666666668,13,43.333333333333336,5,16.666666666666664,1,3.3333333333333335,1,3.3333333333333335,2,6.666666666666667,2.066666666666667,1.4360439485692011,2.0,1.0,86.66666666666667,90.0,93.33333333333333,14,46.666666666666664,9,30.0,3,10.0,1,3.3333333333333335,1,3.3333333333333335,2,6.666666666666667,2.1,1.3503086067019396,2.0,1.75,86.66666666666667,90.0,96.66666666666667,13,43.333333333333336,9,30.0,4,13.333333333333334,1,3.3333333333333335,2,6.666666666666667,1,3.3333333333333335,2.8,1.6812693617224657,2.0,2.5,73.33333333333333,80.0,86.66666666666667,8,26.666666666666668,8,26.666666666666668,6,20.0,2,6.666666666666667,2,6.666666666666667,4,13.333333333333334
861,False,2.6333333333333333,1.8882678717691392,2.0,2.75,73.33333333333333,76.66666666666667,83.33333333333334,13,43.333333333333336,5,16.666666666666664,4,13.333333333333334,1,3.3333333333333335,2,6.666666666666667,5,16.666666666666664,2.3333333333333335,1.86785676348292,1.0,2.0,80.0,80.0,83.33333333333334,16,53.333333333333336,5,16.666666666666664,3,10.0,0,0.0,1,3.3333333333333335,5,16.666666666666664,2.533333333333333,1.8749814813900312,2.0,2.0,76.66666666666667,76.66666666666667,83.33333333333334,13,43.333333333333336,7,23.333333333333332,3,10.0,0,0.0,2,6.666666666666667,5,16.666666666666664,2.6333333333333333,1.7978382080215731,2.0,2.0,76.66666666666667,76.66666666666667,86.66666666666667,12,40.0,5,16.666666666666664,6,20.0,0,0.0,3,10.0,4,13.333333333333334
862,True,2.066666666666667,1.6316317667360558,1.0,1.0,83.33333333333334,86.66666666666667,90.0,17,56.666666666666664,6,20.0,2,6.666666666666667,1,3.3333333333333335,1,3.3333333333333335,3,10.0,1.7333333333333334,1.5260697523012796,1.0,0.75,90.0,90.0,90.0,22,73.33333333333333,3,10.0,2,6.666666666666667,0,0.0,0,0.0,3,10.0,1.9,1.6802777548171413,1.0,1.0,86.66666666666667,86.66666666666667,86.66666666666667,20,66.66666666666666,5,16.666666666666664,1,3.3333333333333335,0,0.0,0,0.0,4,13.333333333333334,3.1,2.196208854670551,2.0,5.0,60.0,63.33333333333333,70.0,13,43.333333333333336,3,10.0,2,6.666666666666667,1,3.3333333333333335,2,6.666666666666667,9,30.0
863,False,2.6,1.781385228784985,2.0,2.0,80.0,80.0,83.33333333333334,11,36.666666666666664,7,23.333333333333332,6,20.0,0,0.0,1,3.3333333333333335,5,16.666666666666664,2.1666666666666665,1.6346933113652304,1.0,2.0,83.33333333333334,86.66666666666667,90.0,16,53.333333333333336,5,16.666666666666664,4,13.333333333333334,1,3.3333333333333335,1,3.3333333333333335,3,10.0,2.2,1.5362291495737217,2.0,2.0,83.33333333333334,86.66666666666667,93.33333333333333,14,46.666666666666664,7,23.333333333333332,4,13.333333333333334,1,3.3333333333333335,2,6.666666666666667,2,6.666666666666667,3.066666666666667,1.9652537297311565,3.0,4.0,66.66666666666666,70.0,76.66666666666667,10,33.33333333333333,4,13.333333333333334,6,20.0,1,3.3333333333333335,2,6.666666666666667,7,23.333333333333332
864,False,2.7333333333333334,1.730767331432956,2.0,1.75,76.66666666666667,80.0,83.33333333333334,8,26.666666666666668,10,33.33333333333333,5,16.666666666666664,1,3.3333333333333335,1,3.3333333333333335,5,16.666666666666664,2.1333333333333333,1.3349989596333858,2.0,2.0,90.0,93.33333333333333,93.33333333333333,12,40.0,9,30.0,6,20.0,1,3.3333333333333335,0,0.0,2,6.666666666666667,2.1666666666666665,1.3682917167849196,2.0,2.0,86.66666666666667,93.33333333333333,93.33333333333333,12,40.0,9,30.0,5,16.666666666666664,2,6.666666666666667,0,0.0,2,6.666666666666667,2.6666666666666665,1.6599866130651644,2.0,1.75,80.0,80.0,86.66666666666667,8,26.666666666666668,10,33.33333333333333,6,20.0,0,0.0,2,6.666666666666667,4,13.333333333333334
865,False,2.5,1.8027756377319946,2.0,2.0,80.0,80.0,83.33333333333334,12,40.0,8,26.666666666666668,4,13.333333333333334,0,0.0,1,3.3333333333333335,5,16.666666666666664,2.1666666666666665,1.790406533599438,1.0,1.0,83.33333333333334,83.33333333333334,83.33333333333334,16,53.333333333333336,8,26.666666666666668,1,3.3333333333333335,0,0.0,0,0.0,5,16.666666666666664,2.3333333333333335,1.8135294011647258,1.0,2.75,73.33333333333333,83.33333333333334,86.66666666666667,16,53.333333333333336,5,16.666666666666664,1,3.3333333333333335,3,10.0,1,3.3333333333333335,4,13.333333333333334,3.3666666666666667,2.057236549894596,2.5,4.75,53.333333333333336,63.33333333333333,70.0,8,26.666666666666668,7,23.333333333333332,1,3.3333333333333335,3,10.0,2,6.666666666666667,9,30.0
866,True,2.433333333333333,1.5849991237291654,2.0,2.0,80.0,86.66666666666667,90.0,11,36.666666666666664,8,26.666666666666668,5,16.666666666666664,2,6.666666666666667,1,3.3333333333333335,3,10.0,2.3,1.7729448195962931,1.0,2.0,80.0,83.33333333333334,86.66666666666667,16,53.333333333333336,4,13.333333333333334,4,13.333333333333334,1,3.3333333333333335,1,3.3333333333333335,4,13.333333333333334,2.466666666666667,1.7269111795984824,2.0,2.0,76.66666666666667,83.33333333333334,86.66666666666667,12,40.0,8,26.666666666666668,3,10.0,2,6.666666666666667,1,3.3333333333333335,4,13.333333333333334,2.3666666666666667,1.662995957768856,2.0,2.0,76.66666666666667,86.66666666666667,90.0,14,46.666666666666664,5,16.666666666666664,4,13.333333333333334,3,10.0,1,3.3333333333333335,3,10.0
867,False,2.7666666666666666,1.6265163865007803,2.5,1.75,76.66666666666667,83.33333333333334,86.66666666666667,8,26.666666666666668,7,23.333333333333332,8,26.666666666666668,2,6.666666666666667,1,3.3333333333333335,4,13.333333333333334,2.066666666666667,1.7688665548562132,1.0,1.75,80.0,86.66666666666667,86.66666666666667,20,66.66666666666666,2,6.666666666666667,2,6.666666666666667,2,6.666666666666667,0,0.0,4,13.333333333333334,2.4,1.9595917942265426,1.0,2.5,73.33333333333333,80.0,80.0,16,53.333333333333336,6,20.0,0,0.0,2,6.666666666666667,0,0.0,6,20.0,2.8666666666666667,2.093375795747678,2.0,4.5,66.66666666666666,73.33333333333333,73.33333333333333,14,46.666666666666664,2,6.666666666666667,4,13.333333333333334,2,6.666666666666667,0,0.0,8,26.666666666666668
868,True,2.7,1.7540429489230491,2.0,3.0,63.33333333333333,86.66666666666667,86.66666666666667,12,40.0,4,13.333333333333334,3,10.0,7,23.333333333333332,0,0.0,4,13.333333333333334,2.033333333333333,1.5162087220725546,1.0,2.0,80.0,93.33333333333333,93.33333333333333,18,60.0,3,10.0,3,10.0,4,13.333333333333334,0,0.0,2,6.666666666666667,2.466666666666667,1.9447936194419764,1.0,2.0,76.66666666666667,80.0,80.0,16,53.333333333333336,3,10.0,4,13.333333333333334,1,3.3333333333333335,0,0.0,6,20.0,2.4,1.5832456116050557,2.0,2.75,73.33333333333333,90.0,93.33333333333333,14,46.666666666666664,3,10.0,5,16.666666666666664,5,16.666666666666664,1,3.3333333333333335,2,6.666666666666667
869,False,2.8666666666666667,1.7838784213679537,2.0,3.0,66.66666666666666,80.0,83.33333333333334,9,30.0,7,23.333333333333332,4,13.333333333333334,4,13.333333333333334,1,3.3333333333333335,5,16.666666666666664,2.3,1.7349351572897471,1.0,2.0,80.0,86.66666666666667,86.66666666666667,16,53.333333333333336,3,10.0,5,16.666666666666664,2,6.666666666666667,0,0.0,4,13.333333333333334,2.6666666666666665,1.8135294011647258,2.0,3.0,70.0,80.0,86.66666666666667,13,43.333333333333336,3,10.0,5,16.666666666666664,3,10.0,2,6.666666666666667,4,13.333333333333334,3.1666666666666665,2.0829999733290654,3.0,5.0,60.0,70.0,70.0,11,36.666666666666664,3,10.0,4,13.333333333333334,3,10.0,0,0.0,9,30.0
870,False,2.9,2.0223748416156684,2.0,4.5,66.66666666666666,73.33333333333333,73.33333333333333,10,33.33333333333333,9,30.0,1,3.3333333333333335,2,6.666666666666667,0,0.0,8,26.666666666666668,2.3666666666666667,1.9232495649002208,1.5,1.0,76.66666666666667,80.0,80.0,15,50.0,8,26.666666666666668,0,0.0,1,3.3333333333333335,0,0.0,6,20.0,2.433333333333333,1.8199511592958264,2.0,2.75,73.33333333333333,80.0,86.66666666666667,14,46.666666666666664,7,23.333333333333332,1,3.3333333333333335,2,6.666666666666667,2,6.666666666666667,4,13.333333333333334,3.033333333333333,2.183015244004392,2.0,5.0,63.33333333333333,66.66666666666666,66.66666666666666,11,36.666666666666664,8,26.666666666666668,0,0.0,1,3.3333333333333335,0,0.0,10,33.33333333333333
871,False,2.7,1.6563010998406458,2.5,2.75,73.33333333333333,86.66666666666667,86.66666666666667,10,33.33333333333333,5,16.666666666666664,7,23.333333333333332,4,13.333333333333334,0,0.0,4,13.333333333333334,2.1333333333333333,1.6069294390925268,1.0,2.0,86.66666666666667,86.66666666666667,90.0,16,53.333333333333336,5,16.666666666666664,5,16.666666666666664,0,0.0,1,3.3333333333333335,3,10.0,2.3666666666666667,1.7413277182145301,2.0,2.0,80.0,83.33333333333334,86.66666666666667,14,46.666666666666664,6,20.0,4,13.333333333333334,1,3.3333333333333335,1,3.3333333333333335,4,13.333333333333334,2.6666666666666665,1.7191729277636836,2.0,2.0,80.0,83.33333333333334,83.33333333333334,10,33.33333333333333,6,20.0,8,26.666666666666668,1,3.3333333333333335,0,0.0,5,16.666666666666664
872,False,2.966666666666667,1.8882678717691397,2.0,2.75,66.66666666666666,76.66666666666667,76.66666666666667,8,26.666666666666668,9,30.0,3,10.0,3,10.0,0,0.0,7,23.333333333333332,2.3,1.7349351572897471,2.0,1.75,80.0,83.33333333333334,86.66666666666667,14,46.666666666666664,8,26.666666666666668,2,6.666666666666667,1,3.3333333333333335,1,3.3333333333333335,4,13.333333333333334,2.533333333333333,1.8926759422104518,2.0,3.0,70.0,80.0,83.33333333333334,14,46.666666666666664,6,20.0,1,3.3333333333333335,3,10.0,1,3.3333333333333335,5,16.666666666666664,2.8666666666666667,1.9275776393067947,2.0,3.75,66.66666666666666,73.33333333333333,80.0,10,33.33333333333333,8,26.666666666666668,2,6.666666666666667,2,6.666666666666667,2,6.666666666666667,6,20.0
873,True,2.6,1.451436070471816,2.0,1.0,80.0,90.0,90.0,7,23.333333333333332,10,33.33333333333333,7,23.333333333333332,3,10.0,0,0.0,3,10.0,2.2,1.5790292376436015,2.0,2.0,86.66666666666667,86.66666666666667,90.0,14,46.666666666666664,7,23.333333333333332,5,16.666666666666664,0,0.0,1,3.3333333333333335,3,10.0,2.3666666666666667,1.74132771821453,2.0,2.0,80.0,83.33333333333334,86.66666666666667,14,46.666666666666664,6,20.0,4,13.333333333333334,1,3.3333333333333335,1,3.3333333333333335,4,13.333333333333334,2.966666666666667,2.024571285208029,2.0,4.5,66.66666666666666,73.33333333333333,73.33333333333333,11,36.666666666666664,5,16.666666666666664,4,13.333333333333334,2,6.666666666666667,0,0.0,8,26.666666666666668
874,True,2.1,1.3,2.0,2.0,86.66666666666667,93.33333333333333,96.66666666666667,13,43.333333333333336,8,26.666666666666668,5,16.666666666666664,2,6.666666666666667,1,3.3333333333333335,1,3.3333333333333335,1.7666666666666666,1.3585122581543223,1.0,1.0,90.0,93.33333333333333,93.33333333333333,19,63.33333333333333,6,20.0,2,6.666666666666667,1,3.3333333333333335,0,0.0,2,6.666666666666667,1.7666666666666666,1.3585122581543223,1.0,1.0,90.0,93.33333333333333,93.33333333333333,19,63.33333333333333,6,20.0,2,6.666666666666667,1,3.3333333333333335,0,0.0,2,6.666666666666667,2.4,1.7435595774162693,2.0,2.0,80.0,83.33333333333334,86.66666666666667,14,46.666666666666664,5,16.666666666666664,5,16.666666666666664,1,3.3333333333333335,1,3.3333333333333335,4,13.333333333333334
875,False,2.1,1.5132745950421556,2.0,1.0,86.66666666666667,90.0,90.0,14,46.666666666666664,9,30.0,3,10.0,1,3.3333333333333335,0,0.0,3,10.0,2.0,1.632993161855452,1.0,1.0,83.33333333333334,86.66666666666667,90.0,18,60.0,6,20.0,1,3.3333333333333335,1,3.3333333333333335,1,3.3333333333333335,3,10.0,2.066666666666667,1.6110727964792761,1.0,1.75,86.66666666666667,86.66666666666667,90.0,17,56.666666666666664,5,16.666666666666664,4,13.333333333333334,0,0.0,1,3.3333333333333335,3,10.0,2.566666666666667,2.0925794820959345,1.0,3.75,70.0,73.33333333333333,76.66666666666667,16,53.333333333333336,5,16.666666666666664,0,0.0,1,3.3333333333333335,1,3.3333333333333335,7,23.333333333333332
876,False,2.6666666666666665,1.757523510195209,2.0,2.75,73.33333333333333,80.0,86.66666666666667,11,36.666666666666664,6,20.0,5,16.666666666666664,2,6.666666666666667,2,6.666666666666667,4,13.333333333333334,2.3,1.69607389776114,1.5,2.0,80.0,83.33333333333334,90.0,15,50.0,5,16.666666666666664,4,13.333333333333334,1,3.3333333333333335,2,6.666666666666667,3,10.0,2.533333333333333,1.9275776393067947,1.5,2.0,76.66666666666667,80.0,80.0,15,50.0,3,10.0,5,16.666666666666664,1,3.3333333333333335,0,0.0,6,20.0,3.066666666666667,1.948218559493661,3.0,4.0,66.66666666666666,66.66666666666666,80.0,10,33.33333333333333,4,13.333333333333334,6,20.0,0,0.0,4,13.333333333333334,6,20.0
877,False,2.8666666666666667,1.746106780494506,2.0,3.0,63.33333333333333,80.0,86.66666666666667,9,30.0,7,23.333333333333332,3,10.0,5,16.666666666666664,2,6.666666666666667,4,13.333333333333334,2.1333333333333333,1.6069294390925266,1.0,1.75,80.0,90.0,90.0,16,53.333333333333336,6,20.0,2,6.666666666666667,3,10.0,0,0.0,3,10.0,2.3,1.7349351572897471,1.5,2.0,76.66666666666667,86.66666666666667,86.66666666666667,15,50.0,6,20.0,2,6.666666666666667,3,10.0,0,0.0,4,13.333333333333334,2.8333333333333335,1.984663419547226,2.0,3.0,66.66666666666666,76.66666666666667,76.66666666666667,12,40.0,5,16.666666666666664,3,10.0,3,10.0,0,0.0,7,23.333333333333332
878,False,2.3333333333333335,1.757523510195209,1.5,2.0,80.0,83.33333333333334,86.66666666666667,15,50.0,5,16.666666666666664,4,13.333333333333334,1,3.3333333333333335,1,3.3333333333333335,4,13.333333333333334,2.066666666666667,1.6519348924485158,1.0,1.75,83.33333333333334,86.66666666666667,90.0,18,60.0,4,13.333333333333334,3,10.0,1,3.3333333333333335,1,3.3333333333333335,3,10.0,2.2333333333333334,1.6669999666733317,1.0,2.0,80.0,86.66666666666667,90.0,16,53.333333333333336,4,13.333333333333334,4,13.333333333333334,2,6.666666666666667,1,3.3333333333333335,3,10.0,2.566666666666667,1.9093337988826247,2.0,2.75,73.33333333333333,76.66666666666667,83.33333333333334,14,46.666666666666664,5,16.666666666666664,3,10.0,1,3.3333333333333335,2,6.666666666666667,5,16.666666666666664
879,False,2.7,1.69607389776114,2.0,1.75,76.66666666666667,83.33333333333334,83.33333333333334,8,26.666666666666668,10,33.33333333333333,5,16.666666666666664,2,6.666666666666667,0,0.0,5,16.666666666666664,2.1,1.6603212540549694,1.0,1.0,86.66666666666667,86.66666666666667,86.66666666666667,16,53.333333333333336,7,23.333333333333332,3,10.0,0,0.0,0,0.0,4,13.333333333333334,2.1333333333333333,1.6275407487644937,2.0,1.0,86.66666666666667,86.66666666666667,86.66666666666667,14,46.666666666666664,10,33.33333333333333,2,6.666666666666667,0,0.0,0,0.0,4,13.333333333333334,2.7,1.9519221295943134,2.0,3.0,70.0,76.66666666666667,80.0,13,43.333333333333336,5,16.666666666666664,3,10.0,2,6.666666666666667,1,3.3333333333333335,6,20.0
880,False,2.8666666666666667,1.7269111795984826,2.0,2.75,70.0,76.66666666666667,86.66666666666667,8,26.666666666666668,8,26.666666666666668,5,16.666666666666664,2,6.666666666666667,3,10.0,4,13.333333333333334,2.1,1.6196707484341788,1.0,2.0,76.66666666666667,90.0,93.33333333333333,19,63.33333333333333,1,3.3333333333333335,3,10.0,4,13.333333333333334,1,3.3333333333333335,2,6.666666666666667,2.2,1.7009801096230766,1.0,2.0,76.66666666666667,86.66666666666667,90.0,17,56.666666666666664,4,13.333333333333334,2,6.666666666666667,3,10.0,1,3.3333333333333335,3,10.0,3.033333333333333,2.105284356618417,2.5,4.75,60.0,70.0,73.33333333333333,13,43.333333333333336,2,6.666666666666667,3,10.0,3,10.0,1,3.3333333333333335,8,26.666666666666668
881,False,2.566666666666667,1.5638272140986536,2.0,1.75,83.33333333333334,86.66666666666667,86.66666666666667,8,26.666666666666668,10,33.33333333333333,7,23.333333333333332,1,3.3333333333333335,0,0.0,4,13.333333333333334,2.2666666666666666,1.6110727964792764,2.0,1.75,86.66666666666667,86.66666666666667,86.66666666666667,12,40.0,10,33.33333333333333,4,13.333333333333334,0,0.0,0,0.0,4,13.333333333333334,2.566666666666667,1.8381754238616317,2.0,2.0,76.66666666666667,76.66666666666667,83.33333333333334,11,36.666666666666664,10,33.33333333333333,2,6.666666666666667,0,0.0,2,6.666666666666667,5,16.666666666666664,2.7333333333333334,1.7876116903722563,2.0,2.0,76.66666666666667,76.66666666666667,83.33333333333334,9,30.0,9,30.0,5,16.666666666666664,0,0.0,2,6.666666666666667,5,16.666666666666664
882,False,2.3666666666666667,1.6629959577688562,2.0,2.0,86.66666666666667,86.66666666666667,86.66666666666667,14,46.666666666666664,3,10.0,9,30.0,0,0.0,0,0.0,4,13.333333333333334,2.033333333333333,1.6428295373802142,1.0,2.0,86.66666666666667,86.66666666666667,90.0,19,63.33333333333333,2,6.666666666666667,5,16.666666666666664,0,0.0,1,3.3333333333333335,3,10.0,2.1666666666666665,1.6346933113652304,1.0,2.0,83.33333333333334,86.66666666666667,90.0,16,53.333333333333336,5,16.666666666666664,4,13.333333333333334,1,3.3333333333333335,1,3.3333333333333335,3,10.0,2.433333333333333,1.8199511592958264,1.5,2.0,80.0,83.33333333333334,83.33333333333334,15,50.0,3,10.0,6,20.0,1,3.3333333333333335,0,0.0,5,16.666666666666664
883,False,2.3,1.7540429489230491,2.0,1.0,83.33333333333334,83.33333333333334,83.33333333333334,13,43.333333333333336,10,33.33333333333333,2,6.666666666666667,0,0.0,0,0.0,5,16.666666666666664,2.1,1.6603212540549694,1.0,1.0,83.33333333333334,83.33333333333334,90.0,16,53.333333333333336,8,26.666666666666668,1,3.3333333333333335,0,0.0,2,6.666666666666667,3,10.0,2.3666666666666667,1.8526257642120338,1.5,1.75,76.66666666666667,76.66666666666667,86.66666666666667,15,50.0,7,23.333333333333332,1,3.3333333333333335,0,0.0,3,10.0,4,13.333333333333334,2.3666666666666667,1.9058389811897076,1.5,1.0,76.66666666666667,76.66666666666667,83.33333333333334,15,50.0,8,26.666666666666668,0,0.0,0,0.0,2,6.666666666666667,5,16.666666666666664
884,False,2.466666666666667,1.746106780494506,2.0,2.0,76.66666666666667,83.33333333333334,86.66666666666667,13,43.333333333333336,6,20.0,4,13.333333333333334,2,6.666666666666667,1,3.3333333333333335,4,13.333333333333334,2.2,1.6613247725836149,1.0,2.0,80.0,86.66666666666667,90.0,16,53.333333333333336,5,16.666666666666664,3,10.0,2,6.666666666666667,1,3.3333333333333335,3,10.0,2.533333333333333,1.839081896551163,2.0,2.75,73.33333333333333,80.0,83.33333333333334,12,40.0,9,30.0,1,3.3333333333333335,2,6.666666666666667,1,3.3333333333333335,5,16.666666666666664,2.4,1.8,1.0,2.0,76.66666666666667,83.33333333333334,86.66666666666667,16,53.333333333333336,2,6.666666666666667,5,16.666666666666664,2,6.666666666666667,1,3.3333333333333335,4,13.333333333333334
885,True,2.433333333333333,1.6468825769380833,2.0,2.0,80.0,83.33333333333334,90.0,12,40.0,7,23.333333333333332,5,16.666666666666664,1,3.3333333333333335,2,6.666666666666667,3,10.0,2.1,1.6401219466856727,1.0,1.75,83.33333333333334,86.66666666666667,90.0,17,56.666666666666664,5,16.666666666666664,3,10.0,1,3.3333333333333335,1,3.3333333333333335,3,10.0,1.9666666666666666,1.4019827229875392,1.5,1.0,90.0,90.0,93.33333333333333,15,50.0,9,30.0,3,10.0,0,0.0,1,3.3333333333333335,2,6.666666666666667,2.433333333333333,1.7065234314893605,2.0,2.0,80.0,83.33333333333334,86.66666666666667,12,40.0,8,26.666666666666668,4,13.333333333333334,1,3.3333333333333335,1,3.3333333333333335,4,13.333333333333334
886,True,2.433333333333333,1.2565384549980507,2.0,1.0,83.33333333333334,93.33333333333333,93.33333333333333,5,16.666666666666664,16,53.333333333333336,4,13.333333333333334,3,10.0,0,0.0,2,6.666666666666667,2.2333333333333334,1.6868774571839995,1.5,1.75,80.0,83.33333333333334,90.0,15,50.0,7,23.333333333333332,2,6.666666666666667,1,3.3333333333333335,2,6.666666666666667,3,10.0,2.433333333333333,1.7829438827088442,2.0,2.75,73.33333333333333,83.33333333333334,86.66666666666667,14,46.666666666666664,6,20.0,2,6.666666666666667,3,10.0,1,3.3333333333333335,4,13.333333333333334,2.966666666666667,1.9405039437103846,2.0,4.0,63.33333333333333,70.0,80.0,9,30.0,9,30.0,1,3.3333333333333335,2,6.666666666666667,3,10.0,6,20.0
887,True,2.933333333333333,1.5260697523012796,3.0,2.0,70.0,83.33333333333334,90.0,6,20.0,7,23.333333333333332,8,26.666666666666668,4,13.333333333333334,2,6.666666666666667,3,10.0,2.433333333333333,1.7065234314893605,2.0,2.0,76.66666666666667,83.33333333333334,90.0,14,46.666666666666664,4,13.333333333333334,5,16.666666666666664,2,6.666666666666667,2,6.666666666666667,3,10.0,2.566666666666667,1.6868774571839995,2.0,2.0,80.0,80.0,90.0,12,40.0,4,13.333333333333334,8,26.666666666666668,0,0.0,3,10.0,3,10.0,2.6666666666666665,1.5563490039905004,2.5,2.0,76.66666666666667,86.66666666666667,90.0,9,30.0,6,20.0,8,26.666666666666668,3,10.0,1,3.3333333333333335,3,10.0
888,False,2.7666666666666666,1.9267128022157902,2.0,3.5,73.33333333333333,73.33333333333333,80.0,11,36.666666666666664,7,23.333333333333332,4,13.333333333333334,0,0.0,2,6.666666666666667,6,20.0,1.9666666666666666,1.4940623220676645,1.0,1.75,86.66666666666667,90.0,93.33333333333333,18,60.0,4,13.333333333333334,4,13.333333333333334,1,3.3333333333333335,1,3.3333333333333335,2,6.666666666666667,2.2666666666666666,1.8427033281447005,1.0,2.0,80.0,83.33333333333334,83.33333333333334,17,56.666666666666664,4,13.333333333333334,3,10.0,1,3.3333333333333335,0,0.0,5,16.666666666666664,2.466666666666667,1.9447936194419764,1.0,2.75,73.33333333333333,76.66666666666667,83.33333333333334,16,53.333333333333336,4,13.333333333333334,2,6.666666666666667,1,3.3333333333333335,2,6.666666666666667,5,16.666666666666664
889,False,2.3,1.5947831618540915,2.0,1.75,80.0,86.66666666666667,90.0,12,40.0,10,33.33333333333333,2,6.666666666666667,2,6.666666666666667,1,3.3333333333333335,3,10.0,2.2666666666666666,1.7499206331208919,1.5,1.75,80.0,83.33333333333334,86.66666666666667,15,50.0,7,23.333333333333332,2,6.666666666666667,1,3.3333333333333335,1,3.3333333333333335,4,13.333333333333334,2.3,1.7540429489230491,1.5,2.0,80.0,83.33333333333334,86.66666666666667,15,50.0,6,20.0,3,10.0,1,3.3333333333333335,1,3.3333333333333335,4,13.333333333333334,2.7,1.9174636024359542,2.0,2.75,73.33333333333333,76.66666666666667,80.0,12,40.0,6,20.0,4,13.333333333333334,1,3.3333333333333335,1,3.3333333333333335,6,20.0
890,True,2.6666666666666665,1.903213656482693,2.0,2.75,73.33333333333333,76.66666666666667,80.0,11,36.666666666666664,9,30.0,2,6.666666666666667,1,3.3333333333333335,1,3.3333333333333335,6,20.0,1.9666666666666666,1.4940623220676645,1.0,1.0,83.33333333333334,90.0,93.33333333333333,17,56.666666666666664,7,23.333333333333332,1,3.3333333333333335,2,6.666666666666667,1,3.3333333333333335,2,6.666666666666667,2.033333333333333,1.6224124698183942,1.0,1.0,83.33333333333334,86.66666666666667,90.0,17,56.666666666666664,7,23.333333333333332,1,3.3333333333333335,1,3.3333333333333335,1,3.3333333333333335,3,10.0,2.4,1.781385228784985,2.0,2.75,73.33333333333333,83.33333333333334,86.66666666666667,14,46.666666666666664,7,23.333333333333332,1,3.3333333333333335,3,10.0,1,3.3333333333333335,4,13.333333333333334
891,False,2.7666666666666666,1.8740923729160797,2.0,2.75,73.33333333333333,76.66666666666667,80.0,10,33.33333333333333,8,26.666666666666668,4,13.333333333333334,1,3.3333333333333335,1,3.3333333333333335,6,20.0,2.3333333333333335,1.7191729277636836,2.0,2.0,83.33333333333334,83.33333333333334,86.66666666666667,14,46.666666666666664,6,20.0,5,16.666666666666664,0,0.0,1,3.3333333333333335,4,13.333333333333334,2.533333333333333,1.8208667044996885,2.0,2.0,80.0,80.0,83.33333333333334,13,43.333333333333336,5,16.666666666666664,6,20.0,0,0.0,1,3.3333333333333335,5,16.666666666666664,3.2,2.023198787399136,2.5,4.75,60.0,66.66666666666666,73.33333333333333,9,30.0,6,20.0,3,10.0,2,6.666666666666667,2,6.666666666666667,8,26.666666666666668
892,False,2.5,1.8393839548428526,2.0,2.0,76.66666666666667,76.66666666666667,86.66666666666667,14,46.666666666666664,5,16.666666666666664,4,13.333333333333334,0,0.0,3,10.0,4,13.333333333333334,1.9333333333333333,1.6316317667360554,1.0,1.0,86.66666666666667,86.66666666666667,90.0,20,66.66666666666666,3,10.0,3,10.0,0,0.0,1,3.3333333333333335,3,10.0,2.3666666666666667,1.9405039437103846,1.0,2.0,76.66666666666667,76.66666666666667,83.33333333333334,17,56.666666666666664,4,13.333333333333334,2,6.666666666666667,0,0.0,2,6.666666666666667,5,16.666666666666664,2.466666666666667,1.8571184369578826,1.5,3.0,70.0,80.0,86.66666666666667,15,50.0,5,16.666666666666664,1,3.3333333333333335,3,10.0,2,6.666666666666667,4,13.333333333333334
893,False,3.0,1.7888543819998317,2.5,2.0,70.0,76.66666666666667,80.0,7,23.333333333333332,8,26.666666666666668,6,20.0,2,6.666666666666667,1,3.3333333333333335,6,20.0,2.466666666666667,1.910206504252587,1.5,2.0,76.66666666666667,76.66666666666667,83.33333333333334,15,50.0,5,16.666666666666664,3,10.0,0,0.0,2,6.666666666666667,5,16.666666666666664,2.533333333333333,1.8024674446127702,2.0,2.0,80.0,80.0,83.33333333333334,12,40.0,7,23.333333333333332,5,16.666666666666664,0,0.0,1,3.3333333333333335,5,16.666666666666664,2.9,1.9723082923316022,2.0,4.0,66.66666666666666,70.0,80.0,11,36.666666666666664,6,20.0,3,10.0,1,3.3333333333333335,3,10.0,6,20.0
894,False,3.033333333333333,1.7978382080215733,2.5,1.75,73.33333333333333,76.66666666666667,76.66666666666667,6,20.0,9,30.0,7,23.333333333333332,1,3.3333333333333335,0,0.0,7,23.333333333333332,2.433333333333333,1.5205992970609392,2.0,2.0,83.33333333333334,86.66666666666667,90.0,9,30.0,11,36.666666666666664,5,16.666666666666664,1,3.3333333333333335,1,3.3333333333333335,3,10.0,2.6333333333333333,1.6428295373802142,2.0,1.75,76.66666666666667,83.33333333333334,86.66666666666667,8,26.666666666666668,11,36.666666666666664,4,13.333333333333334,2,6.666666666666667,1,3.3333333333333335,4,13.333333333333334,3.0,1.7888543819998317,2.5,2.0,70.0,76.66666666666667,80.0,7,23.333333333333332,8,26.666666666666668,6,20.0,2,6.666666666666667,1,3.3333333333333335,6,20.0
895,False,2.6666666666666665,1.757523510195209,2.0,2.0,80.0,80.0,83.33333333333334,10,33.33333333333333,7,23.333333333333332,7,23.333333333333332,0,0.0,1,3.3333333333333335,5,16.666666666666664,2.1,1.7194960502038572,1.0,1.75,83.33333333333334,86.66666666666667,86.66666666666667,18,60.0,4,13.333333333333334,3,10.0,1,3.3333333333333335,0,0.0,4,13.333333333333334,2.4,1.9252705437591537,1.0,2.0,80.0,80.0,80.0,16,53.333333333333336,4,13.333333333333334,4,13.333333333333334,0,0.0,0,0.0,6,20.0,2.6666666666666665,1.8135294011647258,2.0,2.75,73.33333333333333,80.0,83.33333333333334,11,36.666666666666664,7,23.333333333333332,4,13.333333333333334,2,6.666666666666667,1,3.3333333333333335,5,16.666666666666664
896,True,2.1666666666666665,1.4395215254459457,2.0,1.0,90.0,90.0,90.0,11,36.666666666666664,12,40.0,4,13.333333333333334,0,0.0,0,0.0,3,10.0,2.0,1.4832396974191326,1.0,2.0,83.33333333333334,93.33333333333333,93.33333333333333,18,60.0,3,10.0,4,13.333333333333334,3,10.0,0,0.0,2,6.666666666666667,2.2333333333333334,1.7259457954666158,1.0,2.0,80.0,86.66666666666667,86.66666666666667,16,53.333333333333336,5,16.666666666666664,3,10.0,2,6.666666666666667,0,0.0,4,13.333333333333334,2.4,1.6852299546352716,2.0,2.0,76.66666666666667,83.33333333333334,90.0,13,43.333333333333336,7,23.333333333333332,3,10.0,2,6.666666666666667,2,6.666666666666667,3,10.0
897,False,2.3666666666666667,1.5807874268505835,2.0,2.0,80.0,86.66666666666667,90.0,11,36.666666666666664,10,33.33333333333333,3,10.0,2,6.666666666666667,1,3.3333333333333335,3,10.0,2.0,1.61245154965971,1.0,1.0,86.66666666666667,86.66666666666667,90.0,18,60.0,5,16.666666666666664,3,10.0,0,0.0,1,3.3333333333333335,3,10.0,2.1333333333333333,1.687865186822955,1.0,1.0,80.0,83.33333333333334,90.0,16,53.333333333333336,8,26.666666666666668,0,0.0,1,3.3333333333333335,2,6.666666666666667,3,10.0,2.7666666666666666,2.0442330808615954,2.0,4.25,73.33333333333333,73.33333333333333,73.33333333333333,12,40.0,7,23.333333333333332,3,10.0,0,0.0,0,0.0,8,26.666666666666668
898,False,2.6333333333333333,1.834545054108935,2.0,2.75,73.33333333333333,80.0,83.33333333333334,12,40.0,6,20.0,4,13.333333333333334,2,6.666666666666667,1,3.3333333333333335,5,16.666666666666664,2.2333333333333334,1.6868774571839993,1.5,2.0,83.33333333333334,86.66666666666667,86.66666666666667,15,50.0,6,20.0,4,13.333333333333334,1,3.3333333333333335,0,0.0,4,13.333333333333334,2.4,1.7048949136725897,2.0,2.75,73.33333333333333,83.33333333333334,90.0,13,43.333333333333336,8,26.666666666666668,1,3.3333333333333335,3,10.0,2,6.666666666666667,3,10.0,3.066666666666667,1.9821424996424672,2.5,4.0,56.666666666666664,70.0,80.0,11,36.666666666666664,4,13.333333333333334,2,6.666666666666667,4,13.333333333333334,3,10.0,6,20.0
899,False,3.3,1.8823743871327336,3.0,3.75,63.33333333333333,70.0,73.33333333333333,6,20.0,7,23.333333333333332,6,20.0,2,6.666666666666667,1,3.3333333333333335,8,26.666666666666668,2.466666666666667,1.8926759422104522,1.0,2.75,73.33333333333333,76.66666666666667,86.66666666666667,16,53.333333333333336,3,10.0,3,10.0,1,3.3333333333333335,3,10.0,4,13.333333333333334,2.6666666666666665,1.8135294011647258,2.0,3.0,66.66666666666666,76.66666666666667,90.0,13,43.333333333333336,4,13.333333333333334,3,10.0,3,10.0,4,13.333333333333334,3,10.0,3.066666666666667,1.9988885800753264,3.0,4.0,56.666666666666664,70.0,80.0,12,40.0,2,6.666666666666667,3,10.0,4,13.333333333333334,3,10.0,6,20.0
900,False,2.1,1.5567059238447487,1.5,1.0,83.33333333333334,90.0,90.0,15,50.0,8,26.666666666666668,2,6.666666666666667,2,6.666666666666667,0,0.0,3,10.0,1.8333333333333333,1.5293426329272615,1.0,1.0,86.66666666666667,90.0,90.0,19,63.33333333333333,7,23.333333333333332,0,0.0,1,3.3333333333333335,0,0.0,3,10.0,1.9333333333333333,1.590248058916875,1.0,1.0,83.33333333333334,90.0,90.0,19,63.33333333333333,5,16.666666666666664,1,3.3333333333333335,2,6.666666666666667,0,0.0,3,10.0,2.466666666666667,2.045048220023729,1.0,2.5,73.33333333333333,76.66666666666667,76.66666666666667,16,53.333333333333336,6,20.0,0,0.0,1,3.3333333333333335,0,0.0,7,23.333333333333332
901,False,2.8333333333333335,1.8089284734953512,2.5,2.75,73.33333333333333,76.66666666666667,83.33333333333334,10,33.33333333333333,5,16.666666666666664,7,23.333333333333332,1,3.3333333333333335,2,6.666666666666667,5,16.666666666666664,2.3666666666666667,1.9913702708325127,1.0,1.75,76.66666666666667,76.66666666666667,80.0,17,56.666666666666664,5,16.666666666666664,1,3.3333333333333335,0,0.0,1,3.3333333333333335,6,20.0,2.566666666666667,1.9947152400502908,1.0,2.75,73.33333333333333,76.66666666666667,80.0,16,53.333333333333336,2,6.666666666666667,4,13.333333333333334,1,3.3333333333333335,1,3.3333333333333335,6,20.0,3.0,2.160246899469287,2.0,5.0,66.66666666666666,66.66666666666666,70.0,13,43.333333333333336,3,10.0,4,13.333333333333334,0,0.0,1,3.3333333333333335,9,30.0
902,False,2.3,1.676305461424021,2.0,2.0,83.33333333333334,86.66666666666667,86.66666666666667,14,46.666666666666664,6,20.0,5,16.666666666666664,1,3.3333333333333335,0,0.0,4,13.333333333333334,2.0,1.505545305418162,1.0,2.0,86.66666666666667,90.0,93.33333333333333,18,60.0,3,10.0,5,16.666666666666664,1,3.3333333333333335,1,3.3333333333333335,2,6.666666666666667,2.2333333333333334,1.6868774571839995,1.5,2.0,83.33333333333334,86.66666666666667,86.66666666666667,15,50.0,6,20.0,4,13.333333333333334,1,3.3333333333333335,0,0.0,4,13.333333333333334,2.4,1.8726095873584185,1.0,2.0,80.0,80.0,83.33333333333334,16,53.333333333333336,3,10.0,5,16.666666666666664,0,0.0,1,3.3333333333333335,5,16.666666666666664
903,True,2.1666666666666665,1.4395215254459455,2.0,1.0,90.0,90.0,90.0,11,36.666666666666664,12,40.0,4,13.333333333333334,0,0.0,0,0.0,3,10.0,2.0,1.4605934866804429,2.0,1.0,90.0,90.0,90.0,14,46.666666666666664,11,36.666666666666664,2,6.666666666666667,0,0.0,0,0.0,3,10.0,2.066666666666667,1.4590712418826193,2.0,1.0,90.0,90.0,90.0,13,43.333333333333336,11,36.666666666666664,3,10.0,0,0.0,0,0.0,3,10.0,2.533333333333333,1.6478942792411035,2.0,2.0,80.0,83.33333333333334,86.66666666666667,9,30.0,11,36.666666666666664,4,13.333333333333334,1,3.3333333333333335,1,3.3333333333333335,4,13.333333333333334
904,False,2.433333333333333,2.011356645539412,1.0,2.75,73.33333333333333,76.66666666666667,80.0,17,56.666666666666664,4,13.333333333333334,1,3.3333333333333335,1,3.3333333333333335,1,3.3333333333333335,6,20.0,2.0,1.7126976771553504,1.0,1.0,83.33333333333334,83.33333333333334,90.0,20,66.66666666666666,3,10.0,2,6.666666666666667,0,0.0,2,6.666666666666667,3,10.0,2.1,1.7,1.0,1.75,83.33333333333334,83.33333333333334,90.0,18,60.0,4,13.333333333333334,3,10.0,0,0.0,2,6.666666666666667,3,10.0,2.5,2.0453198608856593,1.0,3.5,73.33333333333333,73.33333333333333,80.0,17,56.666666666666664,3,10.0,2,6.666666666666667,0,0.0,2,6.666666666666667,6,20.0
905,False,2.466666666666667,1.4079141387961918,2.0,1.0,83.33333333333334,86.66666666666667,93.33333333333333,7,23.333333333333332,13,43.333333333333336,5,16.666666666666664,1,3.3333333333333335,2,6.666666666666667,2,6.666666666666667,2.2,1.5143755588800731,2.0,1.0,83.33333333333334,90.0,90.0,12,40.0,11,36.666666666666664,2,6.666666666666667,2,6.666666666666667,0,0.0,3,10.0,2.3333333333333335,1.5129074290546958,2.0,1.75,80.0,90.0,90.0,10,33.33333333333333,12,40.0,2,6.666666666666667,3,10.0,0,0.0,3,10.0,2.7333333333333334,1.7113996870657915,2.0,2.75,73.33333333333333,80.0,86.66666666666667,9,30.0,8,26.666666666666668,5,16.666666666666664,2,6.666666666666667,2,6.666666666666667,4,13.333333333333334
906,False,2.066666666666667,1.590248058916875,1.0,1.0,86.66666666666667,86.66666666666667,90.0,16,53.333333333333336,7,23.333333333333332,3,10.0,0,0.0,1,3.3333333333333335,3,10.0,1.9666666666666666,1.601735170231195,1.0,1.0,86.66666666666667,86.66666666666667,90.0,18,60.0,6,20.0,2,6.666666666666667,0,0.0,1,3.3333333333333335,3,10.0,2.2333333333333334,1.8381754238616317,1.0,1.75,80.0,83.33333333333334,83.33333333333334,17,56.666666666666664,5,16.666666666666664,2,6.666666666666667,1,3.3333333333333335,0,0.0,5,16.666666666666664,2.3333333333333335,1.8318175552045448,1.0,2.0,76.66666666666667,80.0,86.66666666666667,16,53.333333333333336,5,16.666666666666664,2,6.666666666666667,1,3.3333333333333335,2,6.666666666666667,4,13.333333333333334
907,True,2.2,1.3266499161421599,2.0,1.75,86.66666666666667,93.33333333333333,93.33333333333333,10,33.33333333333333,12,40.0,4,13.333333333333334,2,6.666666666666667,0,0.0,2,6.666666666666667,2.066666666666667,1.5260697523012798,1.5,1.0,86.66666666666667,90.0,90.0,15,50.0,8,26.666666666666668,3,10.0,1,3.3333333333333335,0,0.0,3,10.0,1.9333333333333333,1.1234866364235145,2.0,1.0,93.33333333333333,96.66666666666667,96.66666666666667,13,43.333333333333336,10,33.33333333333333,5,16.666666666666664,1,3.3333333333333335,0,0.0,1,3.3333333333333335,2.533333333333333,1.7074997966487597,2.0,2.0,76.66666666666667,80.0,90.0,12,40.0,6,20.0,5,16.666666666666664,1,3.3333333333333335,3,10.0,3,10.0
908,False,1.9666666666666666,1.1396880664852507,2.0,1.0,93.33333333333333,93.33333333333333,96.66666666666667,11,36.666666666666664,14,46.666666666666664,3,10.0,0,0.0,1,3.3333333333333335,1,3.3333333333333335,1.9,1.491084616423003,1.0,1.0,90.0,90.0,90.0,17,56.666666666666664,8,26.666666666666668,2,6.666666666666667,0,0.0,0,0.0,3,10.0,2.033333333333333,1.53803626600791,1.0,1.0,86.66666666666667,90.0,90.0,16,53.333333333333336,7,23.333333333333332,3,10.0,1,3.3333333333333335,0,0.0,3,10.0,2.6,1.7048949136725895,2.0,2.0,76.66666666666667,80.0,86.66666666666667,9,30.0,11,36.666666666666664,3,10.0,1,3.3333333333333335,2,6.666666666666667,4,13.333333333333334
909,True,2.1333333333333333,1.4544949486180951,2.0,1.0,83.33333333333334,90.0,93.33333333333333,13,43.333333333333336,10,33.33333333333333,2,6.666666666666667,2,6.666666666666667,1,3.3333333333333335,2,6.666666666666667,2.066666666666667,1.569146972791976,1.0,1.75,83.33333333333334,86.66666666666667,93.33333333333333,17,56.666666666666664,5,16.666666666666664,3,10.0,1,3.3333333333333335,2,6.666666666666667,2,6.666666666666667,2.1666666666666665,1.6141733350404335,1.0,2.0,80.0,90.0,90.0,16,53.333333333333336,5,16.666666666666664,3,10.0,3,10.0,0,0.0,3,10.0,2.933333333333333,2.0483055327649624,2.0,4.75,70.0,70.0,73.33333333333333,11,36.666666666666664,6,20.0,4,13.333333333333334,0,0.0,1,3.3333333333333335,8,26.666666666666668
910,False,2.8333333333333335,1.7336538165261124,2.0,1.0,80.0,80.0,80.0,7,23.333333333333332,9,30.0,8,26.666666666666668,0,0.0,0,0.0,6,20.0,2.2666666666666666,1.6918103387266028,2.0,1.75,80.0,86.66666666666667,86.66666666666667,14,46.666666666666664,8,26.666666666666668,2,6.666666666666667,2,6.666666666666667,0,0.0,4,13.333333333333334,2.466666666666667,1.8208667044996885,2.0,2.75,73.33333333333333,83.33333333333334,83.33333333333334,13,43.333333333333336,8,26.666666666666668,1,3.3333333333333335,3,10.0,0,0.0,5,16.666666666666664,2.6333333333333333,1.7026123718829513,2.0,3.0,70.0,86.66666666666667,86.66666666666667,11,36.666666666666664,6,20.0,4,13.333333333333334,5,16.666666666666664,0,0.0,4,13.333333333333334
911,False,3.433333333333333,1.8381754238616315,3.0,3.5,56.666666666666664,73.33333333333333,73.33333333333333,7,23.333333333333332,2,6.666666666666667,8,26.666666666666668,5,16.666666666666664,0,0.0,8,26.666666666666668,2.466666666666667,1.9787762772874442,1.0,2.75,73.33333333333333,80.0,80.0,17,56.666666666666664,2,6.666666666666667,3,10.0,2,6.666666666666667,0,0.0,6,20.0,2.6333333333333333,1.9576062480034697,1.5,3.0,70.0,80.0,80.0,15,50.0,2,6.666666666666667,4,13.333333333333334,3,10.0,0,0.0,6,20.0,2.933333333333333,1.9821424996424677,2.5,3.0,63.33333333333333,76.66666666666667,76.66666666666667,12,40.0,3,10.0,4,13.333333333333334,4,13.333333333333334,0,0.0,7,23.333333333333332
912,True,2.3333333333333335,1.5347819244295116,2.0,2.0,83.33333333333334,90.0,90.0,12,40.0,7,23.333333333333332,6,20.0,2,6.666666666666667,0,0.0,3,10.0,2.1,1.3988090172238192,2.0,1.75,90.0,90.0,93.33333333333333,13,43.333333333333336,9,30.0,5,16.666666666666664,0,0.0,1,3.3333333333333335,2,6.666666666666667,2.2666666666666666,1.5477582354991866,2.0,2.0,86.66666666666667,86.66666666666667,90.0,12,40.0,9,30.0,5,16.666666666666664,0,0.0,1,3.3333333333333335,3,10.0,2.3666666666666667,1.5807874268505835,2.0,2.0,80.0,86.66666666666667,90.0,11,36.666666666666664,10,33.33333333333333,3,10.0,2,6.666666666666667,1,3.3333333333333335,3,10.0
913,True,2.466666666666667,1.627540748764494,2.0,2.0,80.0,86.66666666666667,86.66666666666667,10,33.33333333333333,10,33.33333333333333,4,13.333333333333334,2,6.666666666666667,0,0.0,4,13.333333333333334,2.1,1.619670748434179,1.0,1.0,83.33333333333334,86.66666666666667,90.0,16,53.333333333333336,7,23.333333333333332,2,6.666666666666667,1,3.3333333333333335,1,3.3333333333333335,3,10.0,2.2666666666666666,1.730767331432956,1.5,2.0,83.33333333333334,83.33333333333334,86.66666666666667,15,50.0,6,20.0,4,13.333333333333334,0,0.0,1,3.3333333333333335,4,13.333333333333334,2.566666666666667,1.8740923729160797,2.0,2.75,73.33333333333333,80.0,83.33333333333334,14,46.666666666666664,4,13.333333333333334,4,13.333333333333334,2,6.666666666666667,1,3.3333333333333335,5,16.666666666666664
914,False,2.533333333333333,1.6679994670929073,2.0,2.0,76.66666666666667,83.33333333333334,86.66666666666667,9,30.0,12,40.0,2,6.666666666666667,2,6.666666666666667,1,3.3333333333333335,4,13.333333333333334,2.1666666666666665,1.8089284734953512,1.0,1.0,83.33333333333334,83.33333333333334,83.33333333333334,17,56.666666666666664,6,20.0,2,6.666666666666667,0,0.0,0,0.0,5,16.666666666666664,2.2333333333333334,1.7065234314893605,1.5,1.75,80.0,86.66666666666667,86.66666666666667,15,50.0,7,23.333333333333332,2,6.666666666666667,2,6.666666666666667,0,0.0,4,13.333333333333334,2.8666666666666667,1.9787762772874442,2.0,4.0,66.66666666666666,70.0,80.0,11,36.666666666666664,7,23.333333333333332,2,6.666666666666667,1,3.3333333333333335,3,10.0,6,20.0
915,False,2.3333333333333335,1.4681810363696826,2.0,2.0,86.66666666666667,90.0,90.0,10,33.33333333333333,10,33.33333333333333,6,20.0,1,3.3333333333333335,0,0.0,3,10.0,2.3666666666666667,1.834545054108935,2.0,1.75,80.0,80.0,83.33333333333334,14,46.666666666666664,8,26.666666666666668,2,6.666666666666667,0,0.0,1,3.3333333333333335,5,16.666666666666664,2.2,1.5362291495737217,2.0,1.0,86.66666666666667,86.66666666666667,90.0,12,40.0,11,36.666666666666664,3,10.0,0,0.0,1,3.3333333333333335,3,10.0,2.6666666666666665,1.7191729277636836,2.0,1.75,80.0,80.0,83.33333333333334,8,26.666666666666668,11,36.666666666666664,5,16.666666666666664,0,0.0,1,3.3333333333333335,5,16.666666666666664
916,False,2.3666666666666667,1.6629959577688562,2.0,2.0,80.0,83.33333333333334,90.0,13,43.333333333333336,7,23.333333333333332,4,13.333333333333334,1,3.3333333333333335,2,6.666666666666667,3,10.0,2.0,1.632993161855452,1.0,1.0,83.33333333333334,86.66666666666667,90.0,18,60.0,6,20.0,1,3.3333333333333335,1,3.3333333333333335,1,3.3333333333333335,3,10.0,2.2,1.7397317800933183,1.0,1.0,80.0,80.0,90.0,16,53.333333333333336,7,23.333333333333332,1,3.3333333333333335,0,0.0,3,10.0,3,10.0,2.533333333333333,1.8208667044996885,2.0,2.0,76.66666666666667,80.0,83.33333333333334,12,40.0,8,26.666666666666668,3,10.0,1,3.3333333333333335,1,3.3333333333333335,5,16.666666666666664
917,True,1.9333333333333333,1.1527744310527057,2.0,1.0,90.0,96.66666666666667,96.66666666666667,13,43.333333333333336,11,36.666666666666664,3,10.0,2,6.666666666666667,0,0.0,1,3.3333333333333335,1.9333333333333333,1.569146972791976,1.0,1.0,83.33333333333334,86.66666666666667,93.33333333333333,19,63.33333333333333,5,16.666666666666664,1,3.3333333333333335,1,3.3333333333333335,2,6.666666666666667,2,6.666666666666667,2.3,1.8284784202536637,1.0,2.0,80.0,80.0,86.66666666666667,17,56.666666666666664,3,10.0,4,13.333333333333334,0,0.0,2,6.666666666666667,4,13.333333333333334,2.7666666666666666,1.856220772310114,2.0,3.0,70.0,76.66666666666667,83.33333333333334,11,36.666666666666664,6,20.0,4,13.333333333333334,2,6.666666666666667,2,6.666666666666667,5,16.666666666666664
918,False,2.3666666666666667,1.601735170231195,2.0,2.0,86.66666666666667,86.66666666666667,86.66666666666667,11,36.666666666666664,9,30.0,6,20.0,0,0.0,0,0.0,4,13.333333333333334,2.0,1.5275252316519468,1.0,1.0,86.66666666666667,90.0,90.0,16,53.333333333333336,8,26.666666666666668,2,6.666666666666667,1,3.3333333333333335,0,0.0,3,10.0,2.066666666666667,1.5040685563571303,2.0,1.0,86.66666666666667,90.0,90.0,14,46.666666666666664,10,33.33333333333333,2,6.666666666666667,1,3.3333333333333335,0,0.0,3,10.0,2.4,1.8184242262647807,2.0,1.75,80.0,80.0,83.33333333333334,13,43.333333333333336,9,30.0,2,6.666666666666667,0,0.0,1,3.3333333333333335,5,16.666666666666664
919,True,2.6,1.7048949136725895,2.0,2.0,76.66666666666667,83.33333333333334,86.66666666666667,11,36.666666666666664,6,20.0,6,20.0,2,6.666666666666667,1,3.3333333333333335,4,13.333333333333334,1.9666666666666666,1.3287420951996496,1.5,1.0,83.33333333333334,93.33333333333333,96.66666666666667,15,50.0,9,30.0,1,3.3333333333333335,3,10.0,1,3.3333333333333335,1,3.3333333333333335,2.3,1.7349351572897471,2.0,1.75,80.0,83.33333333333334,86.66666666666667,14,46.666666666666664,8,26.666666666666668,2,6.666666666666667,1,3.3333333333333335,1,3.3333333333333335,4,13.333333333333334,2.533333333333333,1.6478942792411035,2.0,3.0,70.0,86.66666666666667,90.0,11,36.666666666666664,8,26.666666666666668,2,6.666666666666667,5,16.666666666666664,1,3.3333333333333335,3,10.0
920,False,1.9333333333333333,1.4360439485692011,1.0,1.0,83.33333333333334,93.33333333333333,93.33333333333333,17,56.666666666666664,7,23.333333333333332,1,3.3333333333333335,3,10.0,0,0.0,2,6.666666666666667,1.8333333333333333,1.5933891203622828,1.0,1.0,86.66666666666667,86.66666666666667,90.0,20,66.66666666666666,6,20.0,0,0.0,0,0.0,1,3.3333333333333335,3,10.0,2.066666666666667,1.7113996870657915,1.0,1.0,80.0,83.33333333333334,90.0,18,60.0,6,20.0,0,0.0,1,3.3333333333333335,2,6.666666666666667,3,10.0,2.6,2.0591260281974,1.5,4.0,70.0,70.0,80.0,15,50.0,6,20.0,0,0.0,0,0.0,3,10.0,6,20.0
921,False,2.9,1.7767010628315238,2.0,2.0,70.0,80.0,80.0,7,23.333333333333332,10,33.33333333333333,4,13.333333333333334,3,10.0,0,0.0,6,20.0,2.3666666666666667,1.9576062480034697,1.0,2.0,76.66666666666667,80.0,80.0,17,56.666666666666664,4,13.333333333333334,2,6.666666666666667,1,3.3333333333333335,0,0.0,6,20.0,2.433333333333333,1.92671280221579,1.5,2.0,76.66666666666667,80.0,80.0,15,50.0,6,20.0,2,6.666666666666667,1,3.3333333333333335,0,0.0,6,20.0,2.933333333333333,1.8607047649270485,2.0,3.0,60.0,76.66666666666667,83.33333333333334,10,33.33333333333333,6,20.0,2,6.666666666666667,5,16.666666666666664,2,6.666666666666667,5,16.666666666666664
922,True,1.9333333333333333,1.4590712418826193,1.5,1.0,90.0,90.0,90.0,15,50.0,11,36.666666666666664,1,3.3333333333333335,0,0.0,0,0.0,3,10.0,1.9333333333333333,1.590248058916875,1.0,1.0,86.66666666666667,86.66666666666667,90.0,18,60.0,7,23.333333333333332,1,3.3333333333333335,0,0.0,1,3.3333333333333335,3,10.0,1.9,1.4224392195567912,1.0,1.0,90.0,90.0,93.33333333333333,17,56.666666666666664,7,23.333333333333332,3,10.0,0,0.0,1,3.3333333333333335,2,6.666666666666667,2.8,2.023198787399136,2.0,3.75,66.66666666666666,73.33333333333333,76.66666666666667,12,40.0,7,23.333333333333332,1,3.3333333333333335,2,6.666666666666667,1,3.3333333333333335,7,23.333333333333332
923,False,2.7666666666666666,1.7259457954666158,2.0,2.75,73.33333333333333,83.33333333333334,83.33333333333334,9,30.0,7,23.333333333333332,6,20.0,3,10.0,0,0.0,5,16.666666666666664,2.2666666666666666,1.7113996870657915,1.5,2.0,80.0,86.66666666666667,86.66666666666667,15,50.0,6,20.0,3,10.0,2,6.666666666666667,0,0.0,4,13.333333333333334,2.533333333333333,1.9447936194419762,1.5,2.75,73.33333333333333,80.0,80.0,15,50.0,4,13.333333333333334,3,10.0,2,6.666666666666667,0,0.0,6,20.0,2.6333333333333333,1.7978382080215733,2.0,3.0,70.0,80.0,86.66666666666667,12,40.0,6,20.0,3,10.0,3,10.0,2,6.666666666666667,4,13.333333333333334
924,False,3.066666666666667,1.8961950204437188,2.5,3.5,66.66666666666666,73.33333333333333,76.66666666666667,8,26.666666666666668,7,23.333333333333332,5,16.666666666666664,2,6.666666666666667,1,3.3333333333333335,7,23.333333333333332,2.1,1.556705923844749,2.0,1.0,86.66666666666667,86.66666666666667,90.0,14,46.666666666666664,10,33.33333333333333,2,6.666666666666667,0,0.0,1,3.3333333333333335,3,10.0,2.2,1.5362291495737217,2.0,1.0,80.0,86.66666666666667,93.33333333333333,13,43.333333333333336,10,33.33333333333333,1,3.3333333333333335,2,6.666666666666667,2,6.666666666666667,2,6.666666666666667,2.533333333333333,1.9447936194419764,2.0,2.5,73.33333333333333,76.66666666666667,80.0,13,43.333333333333336,9,30.0,0,0.0,1,3.3333333333333335,1,3.3333333333333335,6,20.0
925,True,2.2666666666666666,1.6110727964792761,2.0,1.75,80.0,86.66666666666667,90.0,13,43.333333333333336,9,30.0,2,6.666666666666667,2,6.666666666666667,1,3.3333333333333335,3,10.0,1.7666666666666666,1.3337499349161703,1.0,1.0,90.0,93.33333333333333,93.33333333333333,18,60.0,8,26.666666666666668,1,3.3333333333333335,1,3.3333333333333335,0,0.0,2,6.666666666666667,1.8666666666666667,1.521694961401777,1.0,1.0,86.66666666666667,90.0,90.0,18,60.0,8,26.666666666666668,0,0.0,1,3.3333333333333335,0,0.0,3,10.0,2.3,1.69607389776114,2.0,2.0,80.0,86.66666666666667,86.66666666666667,14,46.666666666666664,7,23.333333333333332,3,10.0,2,6.666666666666667,0,0.0,4,13.333333333333334
926,True,2.6666666666666665,1.679947089113887,2.0,2.0,83.33333333333334,83.33333333333334,83.33333333333334,9,30.0,7,23.333333333333332,9,30.0,0,0.0,0,0.0,5,16.666666666666664,2.1666666666666665,1.5933891203622828,2.0,1.0,83.33333333333334,86.66666666666667,90.0,14,46.666666666666664,9,30.0,2,6.666666666666667,1,3.3333333333333335,1,3.3333333333333335,3,10.0,2.2333333333333334,1.5849991237291654,2.0,1.75,83.33333333333334,86.66666666666667,90.0,13,43.333333333333336,9,30.0,3,10.0,1,3.3333333333333335,1,3.3333333333333335,3,10.0,2.7333333333333334,1.8061622912192088,2.0,3.0,70.0,76.66666666666667,86.66666666666667,11,36.666666666666664,6,20.0,4,13.333333333333334,2,6.666666666666667,3,10.0,4,13.333333333333334
927,False,2.933333333333333,2.015495527710797,2.0,4.5,66.66666666666666,73.33333333333333,73.33333333333333,10,33.33333333333333,8,26.666666666666668,2,6.666666666666667,2,6.666666666666667,0,0.0,8,26.666666666666668,2.3333333333333335,1.8856180831641267,1.0,2.75,73.33333333333333,83.33333333333334,83.33333333333334,17,56.666666666666664,4,13.333333333333334,1,3.3333333333333335,3,10.0,0,0.0,5,16.666666666666664,2.466666666666667,1.9102065042525873,1.0,2.75,73.33333333333333,80.0,83.33333333333334,16,53.333333333333336,3,10.0,3,10.0,2,6.666666666666667,1,3.3333333333333335,5,16.666666666666664,2.6,1.8366636418607882,2.0,2.75,73.33333333333333,80.0,83.33333333333334,12,40.0,7,23.333333333333332,3,10.0,2,6.666666666666667,1,3.3333333333333335,5,16.666666666666664
928,False,2.433333333333333,1.6468825769380833,2.0,2.0,80.0,86.66666666666667,86.66666666666667,11,36.666666666666664,9,30.0,4,13.333333333333334,2,6.666666666666667,0,0.0,4,13.333333333333334,2.066666666666667,1.5902480589168753,1.0,1.75,83.33333333333334,90.0,90.0,17,56.666666666666664,5,16.666666666666664,3,10.0,2,6.666666666666667,0,0.0,3,10.0,2.2,1.6613247725836149,1.0,2.0,80.0,86.66666666666667,90.0,16,53.333333333333336,5,16.666666666666664,3,10.0,2,6.666666666666667,1,3.3333333333333335,3,10.0,2.3666666666666667,1.7220788470785986,2.0,2.0,76.66666666666667,86.66666666666667,86.66666666666667,14,46.666666666666664,6,20.0,3,10.0,3,10.0,0,0.0,4,13.333333333333334
929,True,2.6666666666666665,1.699673171197595,2.0,3.0,70.0,86.66666666666667,86.66666666666667,11,36.666666666666664,5,16.666666666666664,5,16.666666666666664,5,16.666666666666664,0,0.0,4,13.333333333333334,2.1,1.6802777548171413,1.0,1.0,83.33333333333334,83.33333333333334,90.0,17,56.666666666666664,6,20.0,2,6.666666666666667,0,0.0,2,6.666666666666667,3,10.0,2.3,1.7156145643277028,2.0,2.0,83.33333333333334,83.33333333333334,86.66666666666667,14,46.666666666666664,7,23.333333333333332,4,13.333333333333334,0,0.0,1,3.3333333333333335,4,13.333333333333334,2.7,1.9857828011475307,2.0,3.0,66.66666666666666,76.66666666666667,80.0,14,46.666666666666664,4,13.333333333333334,2,6.666666666666667,3,10.0,1,3.3333333333333335,6,20.0
930,False,2.566666666666667,1.7065234314893605,2.0,2.75,73.33333333333333,83.33333333333334,86.66666666666667,10,33.33333333333333,10,33.33333333333333,2,6.666666666666667,3,10.0,1,3.3333333333333335,4,13.333333333333334,2.1,1.6196707484341788,1.0,1.0,83.33333333333334,86.66666666666667,90.0,16,53.333333333333336,7,23.333333333333332,2,6.666666666666667,1,3.3333333333333335,1,3.3333333333333335,3,10.0,2.3,1.7916472867168918,1.0,2.0,76.66666666666667,83.33333333333334,86.66666666666667,16,53.333333333333336,5,16.666666666666664,2,6.666666666666667,2,6.666666666666667,1,3.3333333333333335,4,13.333333333333334,2.3,1.6360521589077368,2.0,2.0,83.33333333333334,83.33333333333334,90.0,13,43.333333333333336,8,26.666666666666668,4,13.333333333333334,0,0.0,2,6.666666666666667,3,10.0
931,True,2.3333333333333335,1.5563490039905004,2.0,2.0,80.0,90.0,90.0,12,40.0,8,26.666666666666668,4,13.333333333333334,3,10.0,0,0.0,3,10.0,2.033333333333333,1.5807874268505833,1.0,1.0,83.33333333333334,90.0,90.0,17,56.666666666666664,6,20.0,2,6.666666666666667,2,6.666666666666667,0,0.0,3,10.0,1.9333333333333333,1.2364824660660938,1.0,2.0,90.0,96.66666666666667,96.66666666666667,16,53.333333333333336,5,16.666666666666664,6,20.0,2,6.666666666666667,0,0.0,1,3.3333333333333335,2.566666666666667,1.9267128022157902,2.0,2.75,73.33333333333333,80.0,80.0,14,46.666666666666664,5,16.666666666666664,3,10.0,2,6.666666666666667,0,0.0,6,20.0
932,True,2.6333333333333333,1.6428295373802142,2.0,2.0,80.0,83.33333333333334,86.66666666666667,9,30.0,8,26.666666666666668,7,23.333333333333332,1,3.3333333333333335,1,3.3333333333333335,4,13.333333333333334,2.066666666666667,1.590248058916875,1.0,1.75,83.33333333333334,90.0,90.0,17,56.666666666666664,5,16.666666666666664,3,10.0,2,6.666666666666667,0,0.0,3,10.0,2.2,1.6812693617224657,1.0,2.0,86.66666666666667,86.66666666666667,86.66666666666667,16,53.333333333333336,4,13.333333333333334,6,20.0,0,0.0,0,0.0,4,13.333333333333334,2.6,1.9765289440498126,1.5,2.75,73.33333333333333,76.66666666666667,80.0,15,50.0,3,10.0,4,13.333333333333334,1,3.3333333333333335,1,3.3333333333333335,6,20.0
933,True,2.7333333333333334,1.6110727964792764,2.0,1.0,76.66666666666667,83.33333333333334,86.66666666666667,7,23.333333333333332,10,33.33333333333333,6,20.0,2,6.666666666666667,1,3.3333333333333335,4,13.333333333333334,2.2,1.6,2.0,1.75,83.33333333333334,86.66666666666667,90.0,14,46.666666666666664,8,26.666666666666668,3,10.0,1,3.3333333333333335,1,3.3333333333333335,3,10.0,2.3666666666666667,1.6428295373802142,2.0,2.0,83.33333333333334,86.66666666666667,86.66666666666667,12,40.0,8,26.666666666666668,5,16.666666666666664,1,3.3333333333333335,0,0.0,4,13.333333333333334,2.8333333333333335,2.098941532190822,2.0,4.75,70.0,70.0,73.33333333333333,13,43.333333333333336,5,16.666666666666664,3,10.0,0,0.0,1,3.3333333333333335,8,26.666666666666668
934,True,1.8333333333333333,1.2671051872498809,1.5,1.0,93.33333333333333,93.33333333333333,93.33333333333333,15,50.0,11,36.666666666666664,2,6.666666666666667,0,0.0,0,0.0,2,6.666666666666667,1.5666666666666667,0.8439325934114775,1.0,1.0,93.33333333333333,100.0,100.0,18,60.0,9,30.0,1,3.3333333333333335,2,6.666666666666667,0,0.0,0,0.0,1.9333333333333333,1.590248058916875,1.0,1.0,86.66666666666667,86.66666666666667,90.0,18,60.0,7,23.333333333333332,1,3.3333333333333335,0,0.0,1,3.3333333333333335,3,10.0,2.066666666666667,1.6519348924485158,1.0,1.0,86.66666666666667,86.66666666666667,86.66666666666667,16,53.333333333333336,8,26.666666666666668,2,6.666666666666667,0,0.0,0,0.0,4,13.333333333333334
935,True,2.6333333333333333,1.6629959577688562,2.0,1.75,76.66666666666667,76.66666666666667,90.0,8,26.666666666666668,12,40.0,3,10.0,0,0.0,4,13.333333333333334,3,10.0,2.1,1.5989579940281942,1.0,1.0,83.33333333333334,83.33333333333334,93.33333333333333,16,53.333333333333336,7,23.333333333333332,2,6.666666666666667,0,0.0,3,10.0,2,6.666666666666667,2.3666666666666667,1.7978382080215733,2.0,1.75,76.66666666666667,80.0,86.66666666666667,14,46.666666666666664,8,26.666666666666668,1,3.3333333333333335,1,3.3333333333333335,2,6.666666666666667,4,13.333333333333334,2.566666666666667,1.7451520150277902,2.0,2.0,76.66666666666667,80.0,86.66666666666667,11,36.666666666666664,8,26.666666666666668,4,13.333333333333334,1,3.3333333333333335,2,6.666666666666667,4,13.333333333333334
936,False,2.6333333333333333,1.834545054108935,2.0,2.0,76.66666666666667,80.0,80.0,10,33.33333333333333,10,33.33333333333333,3,10.0,1,3.3333333333333335,0,0.0,6,20.0,2.1333333333333333,1.6679994670929073,1.0,1.75,86.66666666666667,86.66666666666667,86.66666666666667,16,53.333333333333336,6,20.0,4,13.333333333333334,0,0.0,0,0.0,4,13.333333333333334,2.6333333333333333,2.0245712852080286,1.5,3.75,70.0,73.33333333333333,80.0,15,50.0,4,13.333333333333334,2,6.666666666666667,1,3.3333333333333335,2,6.666666666666667,6,20.0,2.433333333333333,1.8015425489162211,2.0,2.0,76.66666666666667,80.0,86.66666666666667,14,46.666666666666664,6,20.0,3,10.0,1,3.3333333333333335,2,6.666666666666667,4,13.333333333333334
937,False,2.566666666666667,1.7641491496532322,2.0,2.0,76.66666666666667,83.33333333333334,83.33333333333334,11,36.666666666666664,8,26.666666666666668,4,13.333333333333334,2,6.666666666666667,0,0.0,5,16.666666666666664,2.2,1.7204650534085253,1.0,1.75,80.0,86.66666666666667,86.66666666666667,16,53.333333333333336,6,20.0,2,6.666666666666667,2,6.666666666666667,0,0.0,4,13.333333333333334,2.2333333333333334,1.7259457954666158,1.0,2.0,80.0,86.66666666666667,86.66666666666667,16,53.333333333333336,5,16.666666666666664,3,10.0,2,6.666666666666667,0,0.0,4,13.333333333333334,2.6,1.8,2.0,3.0,66.66666666666666,83.33333333333334,86.66666666666667,13,43.333333333333336,5,16.666666666666664,2,6.666666666666667,5,16.666666666666664,1,3.3333333333333335,4,13.333333333333334
938,False,2.6333333333333333,1.9576062480034697,2.0,3.0,70.0,76.66666666666667,80.0,13,43.333333333333336,7,23.333333333333332,1,3.3333333333333335,2,6.666666666666667,1,3.3333333333333335,6,20.0,2.1333333333333333,1.6069294390925268,1.0,2.0,80.0,86.66666666666667,93.33333333333333,17,56.666666666666664,4,13.333333333333334,3,10.0,2,6.666666666666667,2,6.666666666666667,2,6.666666666666667,2.2666666666666666,1.730767331432956,1.0,2.0,76.66666666666667,83.33333333333334,90.0,16,53.333333333333336,5,16.666666666666664,2,6.666666666666667,2,6.666666666666667,2,6.666666666666667,3,10.0,2.7333333333333334,1.8607047649270485,2.0,3.0,66.66666666666666,76.66666666666667,86.66666666666667,13,43.333333333333336,3,10.0,4,13.333333333333334,3,10.0,3,10.0,4,13.333333333333334
939,False,2.3666666666666667,1.6428295373802142,2.0,1.75,80.0,86.66666666666667,86.66666666666667,11,36.666666666666664,11,36.666666666666664,2,6.666666666666667,2,6.666666666666667,0,0.0,4,13.333333333333334,2.033333333333333,1.5807874268505835,1.0,1.0,83.33333333333334,90.0,90.0,17,56.666666666666664,6,20.0,2,6.666666666666667,2,6.666666666666667,0,0.0,3,10.0,2.2333333333333334,1.7259457954666158,1.0,2.0,80.0,86.66666666666667,86.66666666666667,16,53.333333333333336,5,16.666666666666664,3,10.0,2,6.666666666666667,0,0.0,4,13.333333333333334,2.5,1.6881943016134133,2.0,2.0,76.66666666666667,83.33333333333334,90.0,13,43.333333333333336,4,13.333333333333334,6,20.0,2,6.666666666666667,2,6.666666666666667,3,10.0
940,False,2.8,1.661324772583615,3.0,2.75,73.33333333333333,83.33333333333334,86.66666666666667,9,30.0,5,16.666666666666664,8,26.666666666666668,3,10.0,1,3.3333333333333335,4,13.333333333333334,2.4,1.7048949136725895,2.0,2.0,76.66666666666667,86.66666666666667,86.66666666666667,13,43.333333333333336,7,23.333333333333332,3,10.0,3,10.0,0,0.0,4,13.333333333333334,2.6666666666666665,1.7384539747207062,2.0,2.75,73.33333333333333,80.0,86.66666666666667,10,33.33333333333333,8,26.666666666666668,4,13.333333333333334,2,6.666666666666667,2,6.666666666666667,4,13.333333333333334,3.1666666666666665,1.8811934746029948,3.0,3.5,63.33333333333333,73.33333333333333,76.66666666666667,8,26.666666666666668,5,16.666666666666664,6,20.0,3,10.0,1,3.3333333333333335,7,23.333333333333332
941,False,3.0,1.9321835661585918,2.0,3.75,66.66666666666666,73.33333333333333,76.66666666666667,9,30.0,7,23.333333333333332,4,13.333333333333334,2,6.666666666666667,1,3.3333333333333335,7,23.333333333333332,2.2333333333333334,1.8199511592958264,1.0,2.0,83.33333333333334,83.33333333333334,83.33333333333334,17,56.666666666666664,4,13.333333333333334,4,13.333333333333334,0,0.0,0,0.0,5,16.666666666666664,2.433333333333333,1.8199511592958264,2.0,2.0,76.66666666666667,83.33333333333334,83.33333333333334,14,46.666666666666664,6,20.0,3,10.0,2,6.666666666666667,0,0.0,5,16.666666666666664,3.1666666666666665,2.2073110841524404,2.0,5.0,60.0,63.33333333333333,66.66666666666666,12,40.0,4,13.333333333333334,2,6.666666666666667,1,3.3333333333333335,1,3.3333333333333335,10,33.33333333333333
942,False,2.7,1.530795000427338,2.0,1.75,73.33333333333333,86.66666666666667,90.0,7,23.333333333333332,10,33.33333333333333,5,16.666666666666664,4,13.333333333333334,1,3.3333333333333335,3,10.0,2.2,1.7009801096230766,1.5,1.0,80.0,86.66666666666667,86.66666666666667,15,50.0,8,26.666666666666668,1,3.3333333333333335,2,6.666666666666667,0,0.0,4,13.333333333333334,2.4,1.7625738755203046,2.0,1.75,80.0,83.33333333333334,83.33333333333334,12,40.0,10,33.33333333333333,2,6.666666666666667,1,3.3333333333333335,0,0.0,5,16.666666666666664,3.033333333333333,1.8705317128797598,2.5,3.0,60.0,76.66666666666667,80.0,9,30.0,6,20.0,3,10.0,5,16.666666666666664,1,3.3333333333333335,6,20.0
943,False,2.533333333333333,1.6679994670929073,2.0,2.0,80.0,83.33333333333334,86.66666666666667,10,33.33333333333333,9,30.0,5,16.666666666666664,1,3.3333333333333335,1,3.3333333333333335,4,13.333333333333334,1.8666666666666667,1.384035966135113,1.0,1.0,90.0,93.33333333333333,93.33333333333333,18,60.0,5,16.666666666666664,4,13.333333333333334,1,3.3333333333333335,0,0.0,2,6.666666666666667,2.433333333333333,1.8199511592958264,1.5,2.0,80.0,83.33333333333334,83.33333333333334,15,50.0,3,10.0,6,20.0,1,3.3333333333333335,0,0.0,5,16.666666666666664,2.6666666666666665,1.8318175552045448,2.0,2.75,73.33333333333333,80.0,83.33333333333334,12,40.0,5,16.666666666666664,5,16.666666666666664,2,6.666666666666667,1,3.3333333333333335,5,16.666666666666664
944,True,2.3333333333333335,1.4907119849998596,2.0,2.0,80.0,90.0,93.33333333333333,12,40.0,7,23.333333333333332,5,16.666666666666664,3,10.0,1,3.3333333333333335,2,6.666666666666667,2.1666666666666665,1.7716909687891083,1.0,1.75,76.66666666666667,86.66666666666667,86.66666666666667,18,60.0,4,13.333333333333334,1,3.3333333333333335,3,10.0,0,0.0,4,13.333333333333334,2.2333333333333334,1.7065234314893605,1.0,2.0,76.66666666666667,86.66666666666667,90.0,17,56.666666666666664,3,10.0,3,10.0,3,10.0,1,3.3333333333333335,3,10.0,2.8333333333333335,2.0179747823553744,2.0,3.0,63.33333333333333,76.66666666666667,76.66666666666667,13,43.333333333333336,4,13.333333333333334,2,6.666666666666667,4,13.333333333333334,0,0.0,7,23.333333333333332
945,True,3.3,1.656301099840646,3.0,2.0,56.666666666666664,76.66666666666667,83.33333333333334,5,16.666666666666664,6,20.0,6,20.0,6,20.0,2,6.666666666666667,5,16.666666666666664,2.3333333333333335,1.6397831834998458,1.5,2.75,73.33333333333333,86.66666666666667,93.33333333333333,15,50.0,4,13.333333333333334,3,10.0,4,13.333333333333334,2,6.666666666666667,2,6.666666666666667,2.533333333333333,1.6069294390925266,2.0,2.75,73.33333333333333,90.0,90.0,12,40.0,4,13.333333333333334,6,20.0,5,16.666666666666664,0,0.0,3,10.0,2.5,1.6072751268321592,2.0,3.0,70.0,86.66666666666667,93.33333333333333,12,40.0,6,20.0,3,10.0,5,16.666666666666664,2,6.666666666666667,2,6.666666666666667
946,False,2.6333333333333333,1.7413277182145301,2.0,2.0,80.0,80.0,83.33333333333334,9,30.0,10,33.33333333333333,5,16.666666666666664,0,0.0,1,3.3333333333333335,5,16.666666666666664,2.066666666666667,1.4817407180595248,2.0,1.0,90.0,90.0,90.0,14,46.666666666666664,9,30.0,4,13.333333333333334,0,0.0,0,0.0,3,10.0,2.1,1.468559384794046,2.0,1.0,90.0,90.0,90.0,13,43.333333333333336,10,33.33333333333333,4,13.333333333333334,0,0.0,0,0.0,3,10.0,2.533333333333333,1.8024674446127702,2.0,2.0,80.0,80.0,83.33333333333334,12,40.0,7,23.333333333333332,5,16.666666666666664,0,0.0,1,3.3333333333333335,5,16.666666666666664
947,False,3.3666666666666667,1.8705317128797596,3.0,3.75,63.33333333333333,70.0,73.33333333333333,7,23.333333333333332,3,10.0,9,30.0,2,6.666666666666667,1,3.3333333333333335,8,26.666666666666668,2.2,1.4922019523732928,1.5,2.0,80.0,93.33333333333333,93.33333333333333,15,50.0,4,13.333333333333334,5,16.666666666666664,4,13.333333333333334,0,0.0,2,6.666666666666667,2.4,1.5832456116050557,2.0,2.0,80.0,90.0,90.0,13,43.333333333333336,4,13.333333333333334,7,23.333333333333332,3,10.0,0,0.0,3,10.0,2.7666666666666666,1.7065234314893605,2.5,3.0,70.0,83.33333333333334,86.66666666666667,10,33.33333333333333,5,16.666666666666664,6,20.0,4,13.333333333333334,1,3.3333333333333335,4,13.333333333333334
948,False,2.1333333333333333,1.4996295838935991,1.5,2.0,83.33333333333334,90.0,93.33333333333333,15,50.0,6,20.0,4,13.333333333333334,2,6.666666666666667,1,3.3333333333333335,2,6.666666666666667,1.8666666666666667,1.4313940369055924,1.0,1.0,86.66666666666667,93.33333333333333,93.33333333333333,19,63.33333333333333,4,13.333333333333334,3,10.0,2,6.666666666666667,0,0.0,2,6.666666666666667,1.9333333333333333,1.5260697523012796,1.0,1.0,83.33333333333334,90.0,93.33333333333333,19,63.33333333333333,4,13.333333333333334,2,6.666666666666667,2,6.666666666666667,1,3.3333333333333335,2,6.666666666666667,2.3333333333333335,1.349897115421106,2.0,2.0,80.0,93.33333333333333,96.66666666666667,11,36.666666666666664,7,23.333333333333332,6,20.0,4,13.333333333333334,1,3.3333333333333335,1,3.3333333333333335
949,False,2.7,1.8101565309847285,2.0,2.0,76.66666666666667,80.0,80.0,9,30.0,10,33.33333333333333,4,13.333333333333334,1,3.3333333333333335,0,0.0,6,20.0,2.2333333333333334,1.5638272140986533,2.0,2.0,83.33333333333334,90.0,90.0,14,46.666666666666664,6,20.0,5,16.666666666666664,2,6.666666666666667,0,0.0,3,10.0,2.3333333333333335,1.5986105077709065,2.0,2.0,76.66666666666667,90.0,90.0,13,43.333333333333336,7,23.333333333333332,3,10.0,4,13.333333333333334,0,0.0,3,10.0,2.6666666666666665,1.6397831834998458,2.5,2.0,76.66666666666667,86.66666666666667,86.66666666666667,10,33.33333333333333,5,16.666666666666664,8,26.666666666666668,3,10.0,0,0.0,4,13.333333333333334
950,True,2.6666666666666665,1.4907119849998598,2.0,1.0,80.0,86.66666666666667,90.0,7,23.333333333333332,9,30.0,8,26.666666666666668,2,6.666666666666667,1,3.3333333333333335,3,10.0,2.1,1.374772708486752,2.0,1.75,86.66666666666667,93.33333333333333,93.33333333333333,13,43.333333333333336,9,30.0,4,13.333333333333334,2,6.666666666666667,0,0.0,2,6.666666666666667,2.1333333333333333,1.384035966135113,2.0,2.0,86.66666666666667,93.33333333333333,93.33333333333333,13,43.333333333333336,8,26.666666666666668,5,16.666666666666664,2,6.666666666666667,0,0.0,2,6.666666666666667,2.8,1.7776388834631178,2.5,3.0,66.66666666666666,80.0,86.66666666666667,11,36.666666666666664,4,13.333333333333334,5,16.666666666666664,4,13.333333333333334,2,6.666666666666667,4,13.333333333333334
951,False,2.7333333333333334,1.5040685563571303,2.5,1.0,76.66666666666667,86.66666666666667,90.0,7,23.333333333333332,8,26.666666666666668,8,26.666666666666668,3,10.0,1,3.3333333333333335,3,10.0,2.533333333333333,1.8571184369578826,2.0,2.0,76.66666666666667,80.0,83.33333333333334,14,46.666666666666664,4,13.333333333333334,5,16.666666666666664,1,3.3333333333333335,1,3.3333333333333335,5,16.666666666666664,2.7666666666666666,2.0604745947367458,2.0,4.25,73.33333333333333,73.33333333333333,73.33333333333333,13,43.333333333333336,5,16.666666666666664,4,13.333333333333334,0,0.0,0,0.0,8,26.666666666666668,2.966666666666667,1.9058389811897074,2.5,3.75,66.66666666666666,73.33333333333333,80.0,10,33.33333333333333,5,16.666666666666664,5,16.666666666666664,2,6.666666666666667,2,6.666666666666667,6,20.0
952,False,3.066666666666667,1.8607047649270483,2.0,2.75,66.66666666666666,73.33333333333333,76.66666666666667,6,20.0,11,36.666666666666664,3,10.0,2,6.666666666666667,1,3.3333333333333335,7,23.333333333333332,2.2,1.7397317800933185,1.0,2.0,80.0,86.66666666666667,86.66666666666667,17,56.666666666666664,4,13.333333333333334,3,10.0,2,6.666666666666667,0,0.0,4,13.333333333333334,2.3,1.69607389776114,2.0,2.0,80.0,86.66666666666667,86.66666666666667,14,46.666666666666664,7,23.333333333333332,3,10.0,2,6.666666666666667,0,0.0,4,13.333333333333334,3.2666666666666666,2.174600857373345,2.5,5.0,63.33333333333333,63.33333333333333,63.33333333333333,10,33.33333333333333,5,16.666666666666664,4,13.333333333333334,0,0.0,0,0.0,11,36.666666666666664
953,False,2.533333333333333,1.8208667044996885,2.0,2.0,76.66666666666667,80.0,83.33333333333334,12,40.0,8,26.666666666666668,3,10.0,1,3.3333333333333335,1,3.3333333333333335,5,16.666666666666664,2.033333333333333,1.6428295373802144,1.0,1.0,83.33333333333334,86.66666666666667,90.0,18,60.0,5,16.666666666666664,2,6.666666666666667,1,3.3333333333333335,1,3.3333333333333335,3,10.0,2.066666666666667,1.569146972791976,1.0,1.0,83.33333333333334,90.0,90.0,16,53.333333333333336,7,23.333333333333332,2,6.666666666666667,2,6.666666666666667,0,0.0,3,10.0,2.4,1.836663641860788,2.0,2.0,80.0,80.0,83.33333333333334,14,46.666666666666664,7,23.333333333333332,3,10.0,0,0.0,1,3.3333333333333335,5,16.666666666666664
954,False,2.7,1.9347695814575268,2.0,2.75,73.33333333333333,76.66666666666667,76.66666666666667,10,33.33333333333333,11,36.666666666666664,1,3.3333333333333335,1,3.3333333333333335,0,0.0,7,23.333333333333332,2.033333333333333,1.6224124698183942,1.5,1.0,86.66666666666667,86.66666666666667,86.66666666666667,15,50.0,11,36.666666666666664,0,0.0,0,0.0,0,0.0,4,13.333333333333334,2.3666666666666667,1.8705317128797603,2.0,1.0,80.0,80.0,80.0,13,43.333333333333336,11,36.666666666666664,0,0.0,0,0.0,0,0.0,6,20.0,3.033333333333333,2.0572365498945966,2.0,4.0,63.33333333333333,63.33333333333333,76.66666666666667,10,33.33333333333333,8,26.666666666666668,1,3.3333333333333335,0,0.0,4,13.333333333333334,7,23.333333333333332
955,True,2.3666666666666667,1.4255603186895398,2.0,1.75,86.66666666666667,90.0,90.0,8,26.666666666666668,13,43.333333333333336,5,16.666666666666664,1,3.3333333333333335,0,0.0,3,10.0,1.9666666666666666,1.27758452644912,1.5,1.0,83.33333333333334,96.66666666666667,96.66666666666667,15,50.0,8,26.666666666666668,2,6.666666666666667,4,13.333333333333334,0,0.0,1,3.3333333333333335,2.2,1.5790292376436015,2.0,1.75,80.0,90.0,90.0,14,46.666666666666664,8,26.666666666666668,2,6.666666666666667,3,10.0,0,0.0,3,10.0,2.3333333333333335,1.4907119849998598,2.0,2.0,83.33333333333334,90.0,90.0,10,33.33333333333333,11,36.666666666666664,4,13.333333333333334,2,6.666666666666667,0,0.0,3,10.0
956,False,2.966666666666667,1.5807874268505835,3.0,1.75,73.33333333333333,80.0,86.66666666666667,5,16.666666666666664,9,30.0,8,26.666666666666668,2,6.666666666666667,2,6.666666666666667,4,13.333333333333334,2.3333333333333335,1.5986105077709065,2.0,1.75,83.33333333333334,83.33333333333334,90.0,11,36.666666666666664,11,36.666666666666664,3,10.0,0,0.0,2,6.666666666666667,3,10.0,2.2666666666666666,1.4817407180595248,2.0,2.0,86.66666666666667,90.0,90.0,11,36.666666666666664,10,33.33333333333333,5,16.666666666666664,1,3.3333333333333335,0,0.0,3,10.0,2.6,1.540562667772179,2.0,1.75,76.66666666666667,86.66666666666667,90.0,8,26.666666666666668,10,33.33333333333333,5,16.666666666666664,3,10.0,1,3.3333333333333335,3,10.0
957,False,2.3333333333333335,1.4452988925785866,2.0,2.0,80.0,93.33333333333333,93.33333333333333,12,40.0,6,20.0,6,20.0,4,13.333333333333334,0,0.0,2,6.666666666666667,2.1333333333333333,1.521694961401777,1.0,2.0,80.0,86.66666666666667,96.66666666666667,16,53.333333333333336,5,16.666666666666664,3,10.0,2,6.666666666666667,3,10.0,1,3.3333333333333335,2.2333333333333334,1.6669999666733315,1.0,2.0,76.66666666666667,83.33333333333334,93.33333333333333,16,53.333333333333336,5,16.666666666666664,2,6.666666666666667,2,6.666666666666667,3,10.0,2,6.666666666666667,2.7333333333333334,1.6918103387266028,2.0,3.0,60.0,86.66666666666667,90.0,11,36.666666666666664,5,16.666666666666664,2,6.666666666666667,8,26.666666666666668,1,3.3333333333333335,3,10.0
958,False,2.8666666666666667,1.8571184369578826,2.0,3.0,63.33333333333333,76.66666666666667,83.33333333333334,10,33.33333333333333,7,23.333333333333332,2,6.666666666666667,4,13.333333333333334,2,6.666666666666667,5,16.666666666666664,2.1,1.6401219466856725,1.0,2.0,80.0,90.0,90.0,18,60.0,3,10.0,3,10.0,3,10.0,0,0.0,3,10.0,2.1666666666666665,1.7527755766846542,1.0,2.0,80.0,86.66666666666667,86.66666666666667,18,60.0,3,10.0,3,10.0,2,6.666666666666667,0,0.0,4,13.333333333333334,2.6,1.8726095873584185,2.0,2.75,73.33333333333333,80.0,83.33333333333334,14,46.666666666666664,3,10.0,5,16.666666666666664,2,6.666666666666667,1,3.3333333333333335,5,16.666666666666664
959,False,2.933333333333333,1.7688665548562132,3.0,2.5,73.33333333333333,80.0,80.0,8,26.666666666666668,6,20.0,8,26.666666666666668,2,6.666666666666667,0,0.0,6,20.0,2.2333333333333334,1.6468825769380833,1.5,2.0,80.0,86.66666666666667,90.0,15,50.0,6,20.0,3,10.0,2,6.666666666666667,1,3.3333333333333335,3,10.0,2.533333333333333,1.8571184369578826,2.0,3.0,70.0,83.33333333333334,83.33333333333334,14,46.666666666666664,5,16.666666666666664,2,6.666666666666667,4,13.333333333333334,0,0.0,5,16.666666666666664,2.7666666666666666,1.9093337988826247,2.0,3.0,63.33333333333333,76.66666666666667,83.33333333333334,12,40.0,6,20.0,1,3.3333333333333335,4,13.333333333333334,2,6.666666666666667,5,16.666666666666664
960,False,2.2666666666666666,1.590248058916875,2.0,2.0,83.33333333333334,86.66666666666667,90.0,13,43.333333333333336,8,26.666666666666668,4,13.333333333333334,1,3.3333333333333335,1,3.3333333333333335,3,10.0,2.033333333333333,1.8526257642120338,1.0,1.0,83.33333333333334,83.33333333333334,83.33333333333334,21,70.0,2,6.666666666666667,2,6.666666666666667,0,0.0,0,0.0,5,16.666666666666664,1.9333333333333333,1.5477582354991866,1.0,1.75,90.0,90.0,90.0,19,63.33333333333333,3,10.0,5,16.666666666666664,0,0.0,0,0.0,3,10.0,2.8666666666666667,1.9955506062794355,2.0,3.75,70.0,73.33333333333333,76.66666666666667,12,40.0,4,13.333333333333334,5,16.666666666666664,1,3.3333333333333335,1,3.3333333333333335,7,23.333333333333332
961,False,2.4,1.6041612554021285,2.0,2.0,83.33333333333334,86.66666666666667,86.66666666666667,10,33.33333333333333,11,36.666666666666664,4,13.333333333333334,1,3.3333333333333335,0,0.0,4,13.333333333333334,2.1333333333333333,1.6069294390925266,1.0,1.75,80.0,90.0,90.0,16,53.333333333333336,6,20.0,2,6.666666666666667,3,10.0,0,0.0,3,10.0,2.2666666666666666,1.7113996870657915,1.5,2.0,80.0,86.66666666666667,86.66666666666667,15,50.0,6,20.0,3,10.0,2,6.666666666666667,0,0.0,4,13.333333333333334,2.533333333333333,1.8571184369578826,2.0,2.75,73.33333333333333,80.0,83.33333333333334,13,43.333333333333336,7,23.333333333333332,2,6.666666666666667,2,6.666666666666667,1,3.3333333333333335,5,16.666666666666664
962,False,2.1333333333333333,1.4996295838935991,2.0,1.0,83.33333333333334,86.66666666666667,93.33333333333333,13,43.333333333333336,11,36.666666666666664,1,3.3333333333333335,1,3.3333333333333335,2,6.666666666666667,2,6.666666666666667,1.8666666666666667,1.54344492037203,1.0,1.0,86.66666666666667,90.0,90.0,19,63.33333333333333,6,20.0,1,3.3333333333333335,1,3.3333333333333335,0,0.0,3,10.0,2.1,1.7,1.0,1.0,83.33333333333334,86.66666666666667,86.66666666666667,17,56.666666666666664,6,20.0,2,6.666666666666667,1,3.3333333333333335,0,0.0,4,13.333333333333334,2.3,1.6155494421403511,2.0,2.0,76.66666666666667,90.0,90.0,14,46.666666666666664,6,20.0,3,10.0,4,13.333333333333334,0,0.0,3,10.0
963,False,2.8666666666666667,1.6069294390925264,2.0,1.75,73.33333333333333,80.0,86.66666666666667,5,16.666666666666664,12,40.0,5,16.666666666666664,2,6.666666666666667,2,6.666666666666667,4,13.333333333333334,2.3333333333333335,1.679947089113887,2.0,2.0,80.0,83.33333333333334,90.0,14,46.666666666666664,6,20.0,4,13.333333333333334,1,3.3333333333333335,2,6.666666666666667,3,10.0,2.5,1.7654083569153813,2.0,2.0,76.66666666666667,80.0,86.66666666666667,12,40.0,8,26.666666666666668,3,10.0,1,3.3333333333333335,2,6.666666666666667,4,13.333333333333334,2.8333333333333335,1.984663419547226,2.0,3.75,70.0,73.33333333333333,76.66666666666667,11,36.666666666666664,7,23.333333333333332,3,10.0,1,3.3333333333333335,1,3.3333333333333335,7,23.333333333333332
964,False,3.033333333333333,2.0080393975772046,2.0,4.75,66.66666666666666,70.0,73.33333333333333,9,30.0,8,26.666666666666668,3,10.0,1,3.3333333333333335,1,3.3333333333333335,8,26.666666666666668,2.4,1.8903262505010434,2.0,1.0,76.66666666666667,76.66666666666667,83.33333333333334,14,46.666666666666664,9,30.0,0,0.0,0,0.0,2,6.666666666666667,5,16.666666666666664,2.466666666666667,1.8571184369578826,2.0,2.5,73.33333333333333,80.0,83.33333333333334,13,43.333333333333336,9,30.0,0,0.0,2,6.666666666666667,1,3.3333333333333335,5,16.666666666666664,2.7666666666666666,1.9947152400502908,2.0,4.0,70.0,70.0,80.0,12,40.0,7,23.333333333333332,2,6.666666666666667,0,0.0,3,10.0,6,20.0
965,False,2.8,1.9731531449264992,2.0,4.0,63.33333333333333,70.0,83.33333333333334,12,40.0,7,23.333333333333332,0,0.0,2,6.666666666666667,4,13.333333333333334,5,16.666666666666664,2.1333333333333333,1.6275407487644937,1.0,1.0,80.0,83.33333333333334,93.33333333333333,16,53.333333333333336,7,23.333333333333332,1,3.3333333333333335,1,3.3333333333333335,3,10.0,2,6.666666666666667,2.2,1.5362291495737217,2.0,2.0,83.33333333333334,86.66666666666667,93.33333333333333,14,46.666666666666664,7,23.333333333333332,4,13.333333333333334,1,3.3333333333333335,2,6.666666666666667,2,6.666666666666667,2.5,1.746424919657298,2.0,3.0,70.0,83.33333333333334,90.0,14,46.666666666666664,4,13.333333333333334,3,10.0,4,13.333333333333334,2,6.666666666666667,3,10.0
966,False,2.7333333333333334,1.8061622912192088,2.0,2.0,80.0,80.0,80.0,10,33.33333333333333,6,20.0,8,26.666666666666668,0,0.0,0,0.0,6,20.0,2.1,1.5132745950421556,1.0,2.0,83.33333333333334,90.0,93.33333333333333,16,53.333333333333336,5,16.666666666666664,4,13.333333333333334,2,6.666666666666667,1,3.3333333333333335,2,6.666666666666667,2.066666666666667,1.364632632697248,2.0,1.0,86.66666666666667,93.33333333333333,93.33333333333333,13,43.333333333333336,10,33.33333333333333,3,10.0,2,6.666666666666667,0,0.0,2,6.666666666666667,2.7,1.8466185312619388,2.0,2.75,73.33333333333333,80.0,80.0,10,33.33333333333333,9,30.0,3,10.0,2,6.666666666666667,0,0.0,6,20.0
967,False,2.7333333333333334,1.9652537297311568,2.0,3.0,70.0,76.66666666666667,76.66666666666667,11,36.666666666666664,9,30.0,1,3.3333333333333335,2,6.666666666666667,0,0.0,7,23.333333333333332,2.3,1.9689252567496478,1.0,1.75,76.66666666666667,80.0,80.0,18,60.0,4,13.333333333333334,1,3.3333333333333335,1,3.3333333333333335,0,0.0,6,20.0,2.3333333333333335,1.8499249234015478,1.0,2.0,76.66666666666667,83.33333333333334,83.33333333333334,16,53.333333333333336,5,16.666666666666664,2,6.666666666666667,2,6.666666666666667,0,0.0,5,16.666666666666664,2.8333333333333335,1.9507833184532708,2.0,3.0,60.0,80.0,80.0,13,43.333333333333336,3,10.0,2,6.666666666666667,6,20.0,0,0.0,6,20.0
968,True,2.7333333333333334,1.569146972791976,2.0,2.75,70.0,86.66666666666667,90.0,8,26.666666666666668,8,26.666666666666668,5,16.666666666666664,5,16.666666666666664,1,3.3333333333333335,3,10.0,2.3333333333333335,1.5986105077709065,2.0,2.0,76.66666666666667,90.0,90.0,13,43.333333333333336,7,23.333333333333332,3,10.0,4,13.333333333333334,0,0.0,3,10.0,2.5,1.6881943016134133,2.0,2.75,73.33333333333333,86.66666666666667,86.66666666666667,11,36.666666666666664,9,30.0,2,6.666666666666667,4,13.333333333333334,0,0.0,4,13.333333333333334,2.966666666666667,1.95760624800347,2.0,3.75,60.0,73.33333333333333,80.0,11,36.666666666666664,5,16.666666666666664,2,6.666666666666667,4,13.333333333333334,2,6.666666666666667,6,20.0
969,False,2.9,1.938212234680884,2.0,3.75,70.0,73.33333333333333,76.66666666666667,9,30.0,9,30.0,3,10.0,1,3.3333333333333335,1,3.3333333333333335,7,23.333333333333332,2.2,1.8511257835886428,1.0,1.75,80.0,83.33333333333334,83.33333333333334,18,60.0,4,13.333333333333334,2,6.666666666666667,1,3.3333333333333335,0,0.0,5,16.666666666666664,2.2333333333333334,1.8015425489162216,1.0,1.75,83.33333333333334,83.33333333333334,83.33333333333334,16,53.333333333333336,6,20.0,3,10.0,0,0.0,0,0.0,5,16.666666666666664,3.066666666666667,2.1123972690339814,2.0,4.75,63.33333333333333,63.33333333333333,73.33333333333333,11,36.666666666666664,6,20.0,2,6.666666666666667,0,0.0,3,10.0,8,26.666666666666668
970,False,2.5,1.8929694486000912,2.0,2.0,76.66666666666667,80.0,80.0,13,43.333333333333336,8,26.666666666666668,2,6.666666666666667,1,3.3333333333333335,0,0.0,6,20.0,2.0,1.6532795690182993,1.0,1.75,80.0,90.0,90.0,20,66.66666666666666,2,6.666666666666667,2,6.666666666666667,3,10.0,0,0.0,3,10.0,2.2,1.8690461025168248,1.0,2.0,80.0,83.33333333333334,83.33333333333334,19,63.33333333333333,2,6.666666666666667,3,10.0,1,3.3333333333333335,0,0.0,5,16.666666666666664,2.7333333333333334,2.0645150089602695,1.5,3.0,63.33333333333333,76.66666666666667,76.66666666666667,15,50.0,3,10.0,1,3.3333333333333335,4,13.333333333333334,0,0.0,7,23.333333333333332
971,False,2.933333333333333,1.9136933459209768,2.0,3.0,66.66666666666666,76.66666666666667,76.66666666666667,9,30.0,8,26.666666666666668,3,10.0,3,10.0,0,0.0,7,23.333333333333332,2.2666666666666666,1.7876116903722563,2.0,1.0,80.0,83.33333333333334,83.33333333333334,14,46.666666666666664,10,33.33333333333333,0,0.0,1,3.3333333333333335,0,0.0,5,16.666666666666664,2.5,1.8393839548428526,2.0,2.0,76.66666666666667,80.0,83.33333333333334,13,43.333333333333336,7,23.333333333333332,3,10.0,1,3.3333333333333335,1,3.3333333333333335,5,16.666666666666664,3.1333333333333333,2.1406125810669763,2.0,5.0,60.0,63.33333333333333,70.0,10,33.33333333333333,8,26.666666666666668,0,0.0,1,3.3333333333333335,2,6.666666666666667,9,30.0
972,False,2.566666666666667,1.6468825769380833,2.0,2.0,76.66666666666667,86.66666666666667,86.66666666666667,10,33.33333333333333,8,26.666666666666668,5,16.666666666666664,3,10.0,0,0.0,4,13.333333333333334,2.2666666666666666,1.7876116903722563,1.0,1.75,76.66666666666667,83.33333333333334,86.66666666666667,16,53.333333333333336,6,20.0,1,3.3333333333333335,2,6.666666666666667,1,3.3333333333333335,4,13.333333333333334,2.4,1.8000000000000003,1.5,2.75,73.33333333333333,83.33333333333334,86.66666666666667,15,50.0,5,16.666666666666664,2,6.666666666666667,3,10.0,1,3.3333333333333335,4,13.333333333333334,2.566666666666667,1.8740923729160797,2.0,3.0,70.0,80.0,83.33333333333334,13,43.333333333333336,7,23.333333333333332,1,3.3333333333333335,3,10.0,1,3.3333333333333335,5,16.666666666666664
973,True,2.7666666666666666,1.8199511592958264,2.0,2.75,73.33333333333333,80.0,80.0,9,30.0,9,30.0,4,13.333333333333334,2,6.666666666666667,0,0.0,6,20.0,2.3666666666666667,1.8162843634433703,1.5,2.0,80.0,83.33333333333334,83.33333333333334,15,50.0,5,16.666666666666664,4,13.333333333333334,1,3.3333333333333335,0,0.0,5,16.666666666666664,2.3333333333333335,1.5986105077709065,2.0,2.0,80.0,90.0,90.0,14,46.666666666666664,4,13.333333333333334,6,20.0,3,10.0,0,0.0,3,10.0,2.7,1.69607389776114,2.0,3.0,66.66666666666666,83.33333333333334,90.0,11,36.666666666666664,5,16.666666666666664,4,13.333333333333334,5,16.666666666666664,2,6.666666666666667,3,10.0
974,False,2.966666666666667,1.5807874268505835,3.0,2.0,66.66666666666666,76.66666666666667,93.33333333333333,7,23.333333333333332,6,20.0,7,23.333333333333332,3,10.0,5,16.666666666666664,2,6.666666666666667,2.433333333333333,1.8917951498216947,1.0,2.0,76.66666666666667,80.0,83.33333333333334,16,53.333333333333336,3,10.0,4,13.333333333333334,1,3.3333333333333335,1,3.3333333333333335,5,16.666666666666664,2.566666666666667,1.8015425489162213,2.0,2.75,73.33333333333333,80.0,86.66666666666667,13,43.333333333333336,5,16.666666666666664,4,13.333333333333334,2,6.666666666666667,2,6.666666666666667,4,13.333333333333334,3.0,1.9148542155126762,3.0,3.0,60.0,76.66666666666667,80.0,11,36.666666666666664,3,10.0,4,13.333333333333334,5,16.666666666666664,1,3.3333333333333335,6,20.0
975,True,2.8,1.661324772583615,2.0,1.0,76.66666666666667,83.33333333333334,83.33333333333334,7,23.333333333333332,9,30.0,7,23.333333333333332,2,6.666666666666667,0,0.0,5,16.666666666666664,2.2666666666666666,1.7688665548562132,1.0,2.0,80.0,83.33333333333334,86.66666666666667,16,53.333333333333336,5,16.666666666666664,3,10.0,1,3.3333333333333335,1,3.3333333333333335,4,13.333333333333334,2.4,1.7048949136725895,2.0,2.0,83.33333333333334,83.33333333333334,86.66666666666667,13,43.333333333333336,6,20.0,6,20.0,0,0.0,1,3.3333333333333335,4,13.333333333333334,2.6666666666666665,1.903213656482693,2.0,2.75,73.33333333333333,80.0,80.0,13,43.333333333333336,4,13.333333333333334,5,16.666666666666664,2,6.666666666666667,0,0.0,6,20.0
976,False,2.533333333333333,1.8926759422104522,2.0,2.0,80.0,80.0,80.0,14,46.666666666666664,4,13.333333333333334,6,20.0,0,0.0,0,0.0,6,20.0,2.2,1.7009801096230766,1.0,2.0,80.0,86.66666666666667,90.0,18,60.0,1,3.3333333333333335,5,16.666666666666664,2,6.666666666666667,1,3.3333333333333335,3,10.0,2.3,1.8645821694595994,1.0,2.0,80.0,83.33333333333334,83.33333333333334,18,60.0,1,3.3333333333333335,5,16.666666666666664,1,3.3333333333333335,0,0.0,5,16.666666666666664,2.6333333333333333,2.008039397577204,1.0,3.0,70.0,76.66666666666667,80.0,16,53.333333333333336,1,3.3333333333333335,4,13.333333333333334,2,6.666666666666667,1,3.3333333333333335,6,20.0
977,False,3.3,1.9000000000000001,3.0,4.0,66.66666666666666,70.0,70.0,5,16.666666666666664,9,30.0,6,20.0,1,3.3333333333333335,0,0.0,9,30.0,2.433333333333333,1.8199511592958264,2.0,2.0,76.66666666666667,83.33333333333334,83.33333333333334,14,46.666666666666664,6,20.0,3,10.0,2,6.666666666666667,0,0.0,5,16.666666666666664,2.5,1.7654083569153813,2.0,2.75,73.33333333333333,83.33333333333334,86.66666666666667,13,43.333333333333336,6,20.0,3,10.0,3,10.0,1,3.3333333333333335,4,13.333333333333334,2.6333333333333333,1.7413277182145301,2.0,2.0,76.66666666666667,83.33333333333334,83.33333333333334,10,33.33333333333333,8,26.666666666666668,5,16.666666666666664,2,6.666666666666667,0,0.0,5,16.666666666666664
978,False,2.533333333333333,1.5434449203720302,2.0,1.75,76.66666666666667,86.66666666666667,90.0,8,26.666666666666668,12,40.0,3,10.0,3,10.0,1,3.3333333333333335,3,10.0,2.2333333333333334,1.7641491496532322,1.0,1.75,80.0,83.33333333333334,86.66666666666667,16,53.333333333333336,6,20.0,2,6.666666666666667,1,3.3333333333333335,1,3.3333333333333335,4,13.333333333333334,2.3,1.6155494421403511,2.0,2.0,80.0,86.66666666666667,90.0,13,43.333333333333336,8,26.666666666666668,3,10.0,2,6.666666666666667,1,3.3333333333333335,3,10.0,2.533333333333333,1.8208667044996885,2.0,2.0,76.66666666666667,80.0,83.33333333333334,12,40.0,8,26.666666666666668,3,10.0,1,3.3333333333333335,1,3.3333333333333335,5,16.666666666666664
979,False,2.066666666666667,1.3888444437333105,2.0,1.0,90.0,90.0,93.33333333333333,13,43.333333333333336,10,33.33333333333333,4,13.333333333333334,0,0.0,1,3.3333333333333335,2,6.666666666666667,1.9333333333333333,1.5040685563571299,1.0,1.0,90.0,90.0,90.0,17,56.666666666666664,7,23.333333333333332,3,10.0,0,0.0,0,0.0,3,10.0,2.2333333333333334,1.7259457954666158,1.5,1.0,80.0,80.0,90.0,15,50.0,8,26.666666666666668,1,3.3333333333333335,0,0.0,3,10.0,3,10.0,2.2666666666666666,1.569146972791976,2.0,1.75,83.33333333333334,86.66666666666667,90.0,12,40.0,10,33.33333333333333,3,10.0,1,3.3333333333333335,1,3.3333333333333335,3,10.0
980,False,2.8,1.9390719429665317,2.0,3.5,73.33333333333333,73.33333333333333,76.66666666666667,9,30.0,11,36.666666666666664,2,6.666666666666667,0,0.0,1,3.3333333333333335,7,23.333333333333332,2.1,1.468559384794046,2.0,1.0,86.66666666666667,90.0,90.0,12,40.0,13,43.333333333333336,1,3.3333333333333335,1,3.3333333333333335,0,0.0,3,10.0,2.2666666666666666,1.590248058916875,2.0,1.0,86.66666666666667,86.66666666666667,86.66666666666667,11,36.666666666666664,12,40.0,3,10.0,0,0.0,0,0.0,4,13.333333333333334,2.3666666666666667,1.7603661235347856,2.0,1.0,80.0,83.33333333333334,83.33333333333334,12,40.0,11,36.666666666666664,1,3.3333333333333335,1,3.3333333333333335,0,0.0,5,16.666666666666664
981,True,2.466666666666667,1.586050300449376,2.0,2.0,83.33333333333334,83.33333333333334,90.0,10,33.33333333333333,9,30.0,6,20.0,0,0.0,2,6.666666666666667,3,10.0,2.1666666666666665,1.6141733350404335,1.5,1.75,83.33333333333334,86.66666666666667,90.0,15,50.0,7,23.333333333333332,3,10.0,1,3.3333333333333335,1,3.3333333333333335,3,10.0,2.1666666666666665,1.5509853498842456,2.0,1.0,86.66666666666667,86.66666666666667,90.0,13,43.333333333333336,10,33.33333333333333,3,10.0,0,0.0,1,3.3333333333333335,3,10.0,2.6666666666666665,1.8135294011647258,2.0,3.0,70.0,76.66666666666667,86.66666666666667,11,36.666666666666664,8,26.666666666666668,2,6.666666666666667,2,6.666666666666667,3,10.0,4,13.333333333333334
982,False,2.1666666666666665,1.3437096247164253,2.0,1.75,86.66666666666667,93.33333333333333,93.33333333333333,11,36.666666666666664,11,36.666666666666664,4,13.333333333333334,2,6.666666666666667,0,0.0,2,6.666666666666667,1.9,1.445683229480096,1.0,1.0,86.66666666666667,90.0,93.33333333333333,17,56.666666666666664,8,26.666666666666668,1,3.3333333333333335,1,3.3333333333333335,1,3.3333333333333335,2,6.666666666666667,2.0,1.5275252316519468,1.0,1.0,86.66666666666667,90.0,90.0,16,53.333333333333336,8,26.666666666666668,2,6.666666666666667,1,3.3333333333333335,0,0.0,3,10.0,2.3333333333333335,1.7384539747207064,2.0,2.0,80.0,83.33333333333334,86.66666666666667,14,46.666666666666664,7,23.333333333333332,3,10.0,1,3.3333333333333335,1,3.3333333333333335,4,13.333333333333334
983,True,2.8333333333333335,1.771690968789108,2.0,1.75,73.33333333333333,80.0,80.0,7,23.333333333333332,11,36.666666666666664,4,13.333333333333334,2,6.666666666666667,0,0.0,6,20.0,2.1666666666666665,1.674979270186815,1.5,1.0,83.33333333333334,86.66666666666667,86.66666666666667,15,50.0,8,26.666666666666668,2,6.666666666666667,1,3.3333333333333335,0,0.0,4,13.333333333333334,2.2666666666666666,1.6519348924485158,2.0,1.75,83.33333333333334,86.66666666666667,86.66666666666667,13,43.333333333333336,9,30.0,3,10.0,1,3.3333333333333335,0,0.0,4,13.333333333333334,2.7,1.8645821694595994,2.0,2.75,73.33333333333333,76.66666666666667,83.33333333333334,12,40.0,5,16.666666666666664,5,16.666666666666664,1,3.3333333333333335,2,6.666666666666667,5,16.666666666666664
984,False,2.7333333333333334,2.031966753883756,2.0,4.25,73.33333333333333,73.33333333333333,73.33333333333333,11,36.666666666666664,10,33.33333333333333,1,3.3333333333333335,0,0.0,0,0.0,8,26.666666666666668,2.1333333333333333,1.7838784213679537,1.0,1.0,83.33333333333334,83.33333333333334,83.33333333333334,16,53.333333333333336,9,30.0,0,0.0,0,0.0,0,0.0,5,16.666666666666664,2.3666666666666667,1.9745604292826515,1.0,1.0,76.66666666666667,76.66666666666667,80.0,16,53.333333333333336,7,23.333333333333332,0,0.0,0,0.0,1,3.3333333333333335,6,20.0,2.9,2.0872629605937694,2.0,4.75,66.66666666666666,70.0,73.33333333333333,12,40.0,6,20.0,2,6.666666666666667,1,3.3333333333333335,1,3.3333333333333335,8,26.666666666666668
985,True,2.466666666666667,1.4079141387961918,2.0,1.75,86.66666666666667,86.66666666666667,93.33333333333333,8,26.666666666666668,10,33.33333333333333,8,26.666666666666668,0,0.0,2,6.666666666666667,2,6.666666666666667,2.1,1.445683229480096,2.0,1.75,86.66666666666667,90.0,93.33333333333333,14,46.666666666666664,8,26.666666666666668,4,13.333333333333334,1,3.3333333333333335,1,3.3333333333333335,2,6.666666666666667,2.1666666666666665,1.3682917167849196,2.0,2.0,80.0,93.33333333333333,96.66666666666667,13,43.333333333333336,8,26.666666666666668,3,10.0,4,13.333333333333334,1,3.3333333333333335,1,3.3333333333333335,2.7333333333333334,1.7499206331208916,2.0,3.0,70.0,80.0,86.66666666666667,10,33.33333333333333,7,23.333333333333332,4,13.333333333333334,3,10.0,2,6.666666666666667,4,13.333333333333334
986,False,2.2,1.5577761927397231,2.0,1.75,86.66666666666667,86.66666666666667,90.0,13,43.333333333333336,9,30.0,4,13.333333333333334,0,0.0,1,3.3333333333333335,3,10.0,1.9333333333333333,1.6719914938645934,1.0,1.0,86.66666666666667,86.66666666666667,86.66666666666667,19,63.33333333333333,6,20.0,1,3.3333333333333335,0,0.0,0,0.0,4,13.333333333333334,2.1666666666666665,1.8454147380888546,1.0,1.0,80.0,83.33333333333334,83.33333333333334,18,60.0,5,16.666666666666664,1,3.3333333333333335,1,3.3333333333333335,0,0.0,5,16.666666666666664,2.8333333333333335,2.017974782355375,2.0,3.75,66.66666666666666,73.33333333333333,76.66666666666667,12,40.0,6,20.0,2,6.666666666666667,2,6.666666666666667,1,3.3333333333333335,7,23.333333333333332
987,False,2.8666666666666667,1.8571184369578828,3.0,3.75,66.66666666666666,73.33333333333333,86.66666666666667,12,40.0,2,6.666666666666667,6,20.0,2,6.666666666666667,4,13.333333333333334,4,13.333333333333334,2.433333333333333,1.9093337988826247,1.0,2.75,73.33333333333333,76.66666666666667,86.66666666666667,17,56.666666666666664,2,6.666666666666667,3,10.0,1,3.3333333333333335,3,10.0,4,13.333333333333334,2.6333333333333333,2.0245712852080286,1.0,4.0,70.0,70.0,83.33333333333334,16,53.333333333333336,2,6.666666666666667,3,10.0,0,0.0,4,13.333333333333334,5,16.666666666666664,2.966666666666667,1.9058389811897074,3.0,4.0,60.0,70.0,86.66666666666667,12,40.0,2,6.666666666666667,4,13.333333333333334,3,10.0,5,16.666666666666664,4,13.333333333333334
988,True,2.6333333333333333,1.8526257642120336,2.0,2.0,76.66666666666667,80.0,80.0,11,36.666666666666664,8,26.666666666666668,4,13.333333333333334,1,3.3333333333333335,0,0.0,6,20.0,2.1,1.5567059238447492,1.0,2.0,86.66666666666667,90.0,90.0,16,53.333333333333336,5,16.666666666666664,5,16.666666666666664,1,3.3333333333333335,0,0.0,3,10.0,2.2333333333333334,1.6868774571839995,1.5,2.0,83.33333333333334,86.66666666666667,86.66666666666667,15,50.0,6,20.0,4,13.333333333333334,1,3.3333333333333335,0,0.0,4,13.333333333333334,2.6333333333333333,1.4940623220676648,2.0,1.75,76.66666666666667,90.0,90.0,8,26.666666666666668,8,26.666666666666668,7,23.333333333333332,4,13.333333333333334,0,0.0,3,10.0
989,False,2.8,1.851125783588643,2.0,3.0,70.0,80.0,80.0,10,33.33333333333333,7,23.333333333333332,4,13.333333333333334,3,10.0,0,0.0,6,20.0,2.2666666666666666,1.896195020443719,1.0,2.0,80.0,80.0,83.33333333333334,18,60.0,3,10.0,3,10.0,0,0.0,1,3.3333333333333335,5,16.666666666666664,2.533333333333333,1.978776277287444,1.5,2.75,73.33333333333333,76.66666666666667,80.0,15,50.0,5,16.666666666666664,2,6.666666666666667,1,3.3333333333333335,1,3.3333333333333335,6,20.0,2.8,1.973153144926499,2.0,3.75,70.0,73.33333333333333,80.0,13,43.333333333333336,3,10.0,5,16.666666666666664,1,3.3333333333333335,2,6.666666666666667,6,20.0
990,False,2.9,1.8138357147217055,2.0,2.0,70.0,76.66666666666667,80.0,7,23.333333333333332,11,36.666666666666664,3,10.0,2,6.666666666666667,1,3.3333333333333335,6,20.0,2.3,1.7916472867168918,1.5,2.0,83.33333333333334,83.33333333333334,83.33333333333334,15,50.0,6,20.0,4,13.333333333333334,0,0.0,0,0.0,5,16.666666666666664,2.2666666666666666,1.730767331432956,1.5,2.0,83.33333333333334,83.33333333333334,86.66666666666667,15,50.0,6,20.0,4,13.333333333333334,0,0.0,1,3.3333333333333335,4,13.333333333333334,2.9,2.071231517720798,2.0,4.75,70.0,70.0,73.33333333333333,12,40.0,5,16.666666666666664,4,13.333333333333334,0,0.0,1,3.3333333333333335,8,26.666666666666668
991,True,2.1666666666666665,1.0671873729054746,2.0,1.75,93.33333333333333,96.66666666666667,96.66666666666667,8,26.666666666666668,13,43.333333333333336,7,23.333333333333332,1,3.3333333333333335,0,0.0,1,3.3333333333333335,2.1,1.598957994028194,1.0,1.0,80.0,90.0,90.0,16,53.333333333333336,7,23.333333333333332,1,3.3333333333333335,3,10.0,0,0.0,3,10.0,2.3,1.7156145643277028,2.0,1.75,76.66666666666667,86.66666666666667,86.66666666666667,14,46.666666666666664,8,26.666666666666668,1,3.3333333333333335,3,10.0,0,0.0,4,13.333333333333334,2.7666666666666666,1.856220772310114,2.0,3.0,70.0,80.0,80.0,10,33.33333333333333,8,26.666666666666668,3,10.0,3,10.0,0,0.0,6,20.0
992,True,2.566666666666667,1.6265163865007801,2.0,1.75,80.0,83.33333333333334,86.66666666666667,8,26.666666666666668,12,40.0,4,13.333333333333334,1,3.3333333333333335,1,3.3333333333333335,4,13.333333333333334,2.1666666666666665,1.7336538165261124,1.0,1.75,80.0,86.66666666666667,86.66666666666667,17,56.666666666666664,5,16.666666666666664,2,6.666666666666667,2,6.666666666666667,0,0.0,4,13.333333333333334,2.4,1.8726095873584188,1.5,2.0,76.66666666666667,80.0,83.33333333333334,15,50.0,6,20.0,2,6.666666666666667,1,3.3333333333333335,1,3.3333333333333335,5,16.666666666666664,2.533333333333333,1.6275407487644937,2.0,2.75,73.33333333333333,83.33333333333334,93.33333333333333,12,40.0,5,16.666666666666664,5,16.666666666666664,3,10.0,3,10.0,2,6.666666666666667
993,True,2.066666666666667,1.0934146311237818,2.0,1.0,90.0,93.33333333333333,100.0,10,33.33333333333333,13,43.333333333333336,4,13.333333333333334,1,3.3333333333333335,2,6.666666666666667,0,0.0,2.033333333333333,1.4019827229875392,2.0,1.0,90.0,90.0,93.33333333333333,14,46.666666666666664,9,30.0,4,13.333333333333334,0,0.0,1,3.3333333333333335,2,6.666666666666667,2.4,1.7435595774162695,2.0,2.0,83.33333333333334,83.33333333333334,83.33333333333334,12,40.0,9,30.0,4,13.333333333333334,0,0.0,0,0.0,5,16.666666666666664,2.7666666666666666,1.9779338265529063,2.0,3.5,73.33333333333333,73.33333333333333,76.66666666666667,11,36.666666666666664,8,26.666666666666668,3,10.0,0,0.0,1,3.3333333333333335,7,23.333333333333332
994,False,2.433333333333333,1.5638272140986536,2.0,2.0,80.0,86.66666666666667,90.0,10,33.33333333333333,10,33.33333333333333,4,13.333333333333334,2,6.666666666666667,1,3.3333333333333335,3,10.0,2.1333333333333333,1.7269111795984824,1.0,1.0,83.33333333333334,83.33333333333334,86.66666666666667,16,53.333333333333336,8,26.666666666666668,1,3.3333333333333335,0,0.0,1,3.3333333333333335,4,13.333333333333334,2.2,1.7397317800933183,1.5,1.0,80.0,83.33333333333334,86.66666666666667,15,50.0,9,30.0,0,0.0,1,3.3333333333333335,1,3.3333333333333335,4,13.333333333333334,2.533333333333333,1.839081896551163,2.0,2.0,76.66666666666667,80.0,83.33333333333334,13,43.333333333333336,6,20.0,4,13.333333333333334,1,3.3333333333333335,1,3.3333333333333335,5,16.666666666666664
995,True,2.3333333333333335,1.422048600513436,2.0,2.0,83.33333333333334,90.0,93.33333333333333,10,33.33333333333333,10,33.33333333333333,5,16.666666666666664,2,6.666666666666667,1,3.3333333333333335,2,6.666666666666667,2.033333333333333,1.6017351702311953,1.0,1.0,80.0,86.66666666666667,93.33333333333333,18,60.0,5,16.666666666666664,1,3.3333333333333335,2,6.666666666666667,2,6.666666666666667,2,6.666666666666667,2.3666666666666667,1.7792008193443358,1.5,2.0,76.66666666666667,83.33333333333334,86.66666666666667,15,50.0,5,16.666666666666664,3,10.0,2,6.666666666666667,1,3.3333333333333335,4,13.333333333333334,2.2666666666666666,1.590248058916875,2.0,2.0,76.66666666666667,86.66666666666667,93.33333333333333,14,46.666666666666664,7,23.333333333333332,2,6.666666666666667,3,10.0,2,6.666666666666667,2,6.666666666666667
996,True,2.6,1.7625738755203049,2.0,2.75,73.33333333333333,83.33333333333334,83.33333333333334,10,33.33333333333333,10,33.33333333333333,2,6.666666666666667,3,10.0,0,0.0,5,16.666666666666664,2.066666666666667,1.6519348924485158,1.0,1.0,80.0,83.33333333333334,93.33333333333333,18,60.0,5,16.666666666666664,1,3.3333333333333335,1,3.3333333333333335,3,10.0,2,6.666666666666667,2.3,1.7349351572897471,1.5,2.0,76.66666666666667,86.66666666666667,86.66666666666667,15,50.0,6,20.0,2,6.666666666666667,3,10.0,0,0.0,4,13.333333333333334,2.8,2.0066555924389884,2.0,3.75,63.33333333333333,73.33333333333333,80.0,13,43.333333333333336,5,16.666666666666664,1,3.3333333333333335,3,10.0,2,6.666666666666667,6,20.0
997,False,2.5,1.8027756377319946,2.0,2.75,73.33333333333333,83.33333333333334,83.33333333333334,12,40.0,9,30.0,1,3.3333333333333335,3,10.0,0,0.0,5,16.666666666666664,2.2,1.9390719429665317,1.0,1.0,80.0,80.0,80.0,18,60.0,6,20.0,0,0.0,0,0.0,0,0.0,6,20.0,2.5,1.9621416870348585,1.5,3.0,70.0,80.0,80.0,15,50.0,6,20.0,0,0.0,3,10.0,0,0.0,6,20.0,2.5,1.8211717839530315,2.0,2.75,73.33333333333333,83.33333333333334,83.33333333333334,13,43.333333333333336,7,23.333333333333332,2,6.666666666666667,3,10.0,0,0.0,5,16.666666666666664
998,False,3.2,1.851125783588643,3.0,3.0,66.66666666666666,70.0,76.66666666666667,6,20.0,8,26.666666666666668,6,20.0,1,3.3333333333333335,2,6.666666666666667,7,23.333333333333332,2.4,1.836663641860788,2.0,2.0,80.0,80.0,83.33333333333334,14,46.666666666666664,7,23.333333333333332,3,10.0,0,0.0,1,3.3333333333333335,5,16.666666666666664,2.466666666666667,1.8024674446127702,2.0,2.0,76.66666666666667,83.33333333333334,83.33333333333334,13,43.333333333333336,7,23.333333333333332,3,10.0,2,6.666666666666667,0,0.0,5,16.666666666666664,3.3,2.0680103158994805,2.5,4.75,60.0,66.66666666666666,66.66666666666666,8,26.666666666666668,7,23.333333333333332,3,10.0,2,6.666666666666667,0,0.0,10,33.33333333333333
999,False,2.6,1.9252705437591535,2.0,2.75,73.33333333333333,80.0,80.0,14,46.666666666666664,4,13.333333333333334,4,13.333333333333334,2,6.666666666666667,0,0.0,6,20.0,2.1,1.7194960502038572,1.0,1.75,83.33333333333334,86.66666666666667,86.66666666666667,18,60.0,4,13.333333333333334,3,10.0,1,3.3333333333333335,0,0.0,4,13.333333333333334,2.2,1.6812693617224654,1.5,1.75,83.33333333333334,86.66666666666667,86.66666666666667,15,50.0,7,23.333333333333332,3,10.0,1,3.3333333333333335,0,0.0,4,13.333333333333334,2.7333333333333334,2.031966753883756,2.0,3.0,66.66666666666666,76.66666666666667,76.66666666666667,14,46.666666666666664,4,13.333333333333334,2,6.666666666666667,3,10.0,0,0.0,7,23.333333333333332
1000,False,2.8,1.777638883463118,2.0,1.75,76.66666666666667,80.0,80.0,8,26.666666666666668,9,30.0,6,20.0,1,3.3333333333333335,0,0.0,6,20.0,2.3666666666666667,1.6829207415152447,2.0,2.0,80.0,86.66666666666667,86.66666666666667,13,43.333333333333336,7,23.333333333333332,4,13.333333333333334,2,6.666666666666667,0,0.0,4,13.333333333333334,2.5,1.8027756377319946,2.0,2.0,76.66666666666667,83.33333333333334,83.33333333333334,13,43.333333333333336,6,20.0,4,13.333333333333334,2,6.666666666666667,0,0.0,5,16.666666666666664,2.7666666666666666,1.9947152400502908,2.0,3.0,70.0,76.66666666666667,76.66666666666667,13,43.333333333333336,4,13.333333333333334,4,13.333333333333334,2,6.666666666666667,0,0.0,7,23.333333333333332
