trial,structurally_viable,fill_first_avg_student_ranking,fill_first_std_student_ranking,fill_first_median_student_ranking,fill_first_iqr_student_ranking,fill_first_student_satisfaction_percent,fill_first_student_satisfaction_top4_percent,fill_first_student_satisfaction_top5_percent,fill_first_students_got_choice_1_count,fill_first_students_got_choice_1_percent,fill_first_students_got_choice_2_count,fill_first_students_got_choice_2_percent,fill_first_students_got_choice_3_count,fill_first_students_got_choice_3_percent,fill_first_students_got_choice_4_count,fill_first_students_got_choice_4_percent,fill_first_students_got_choice_5_count,fill_first_students_got_choice_5_percent,fill_first_students_got_choice_6_count,fill_first_students_got_choice_6_percent,rank_first_avg_student_ranking,rank_first_std_student_ranking,rank_first_median_student_ranking,rank_first_iqr_student_ranking,rank_first_student_satisfaction_percent,rank_first_student_satisfaction_top4_percent,rank_first_student_satisfaction_top5_percent,rank_first_students_got_choice_1_count,rank_first_students_got_choice_1_percent,rank_first_students_got_choice_2_count,rank_first_students_got_choice_2_percent,rank_first_students_got_choice_3_count,rank_first_students_got_choice_3_percent,rank_first_students_got_choice_4_count,rank_first_students_got_choice_4_percent,rank_first_students_got_choice_5_count,rank_first_students_got_choice_5_percent,rank_first_students_got_choice_6_count,rank_first_students_got_choice_6_percent,best_first_avg_student_ranking,best_first_std_student_ranking,best_first_median_student_ranking,best_first_iqr_student_ranking,best_first_student_satisfaction_percent,best_first_student_satisfaction_top4_percent,best_first_student_satisfaction_top5_percent,best_first_students_got_choice_1_count,best_first_students_got_choice_1_percent,best_first_students_got_choice_2_count,best_first_students_got_choice_2_percent,best_first_students_got_choice_3_count,best_first_students_got_choice_3_percent,best_first_students_got_choice_4_count,best_first_students_got_choice_4_percent,best_first_students_got_choice_5_count,best_first_students_got_choice_5_percent,best_first_students_got_choice_6_count,best_first_students_got_choice_6_percent,fragility_mirror_avg_student_ranking,fragility_mirror_std_student_ranking,fragility_mirror_median_student_ranking,fragility_mirror_iqr_student_ranking,fragility_mirror_student_satisfaction_percent,fragility_mirror_student_satisfaction_top4_percent,fragility_mirror_student_satisfaction_top5_percent,fragility_mirror_students_got_choice_1_count,fragility_mirror_students_got_choice_1_percent,fragility_mirror_students_got_choice_2_count,fragility_mirror_students_got_choice_2_percent,fragility_mirror_students_got_choice_3_count,fragility_mirror_students_got_choice_3_percent,fragility_mirror_students_got_choice_4_count,fragility_mirror_students_got_choice_4_percent,fragility_mirror_students_got_choice_5_count,fragility_mirror_students_got_choice_5_percent,fragility_mirror_students_got_choice_6_count,fragility_mirror_students_got_choice_6_percent
1,True,3.1333333333333333,1.627540748764494,3.0,2.0,63.33333333333333,83.33333333333334,83.33333333333334,6,20.0,5,16.666666666666664,8,26.666666666666668,6,20.0,0,0.0,5,16.666666666666664,2.3333333333333335,1.6193277068654823,2.0,2.75,73.33333333333333,86.66666666666667,93.33333333333333,14,46.666666666666664,6,20.0,2,6.666666666666667,4,13.333333333333334,2,6.666666666666667,2,6.666666666666667,2.4,1.5832456116050555,2.0,2.0,76.66666666666667,86.66666666666667,93.33333333333333,13,43.333333333333336,5,16.666666666666664,5,16.666666666666664,3,10.0,2,6.666666666666667,2,6.666666666666667,2.6333333333333333,1.682920741515245,2.0,3.0,66.66666666666666,86.66666666666667,90.0,12,40.0,4,13.333333333333334,4,13.333333333333334,6,20.0,1,3.3333333333333335,3,10.0
2,True,3.0,1.3416407864998738,3.0,2.0,70.0,86.66666666666667,93.33333333333333,4,13.333333333333334,7,23.333333333333332,10,33.33333333333333,5,16.666666666666664,2,6.666666666666667,2,6.666666666666667,2.433333333333333,1.6868774571839993,2.0,2.0,76.66666666666667,86.66666666666667,86.66666666666667,12,40.0,8,26.666666666666668,3,10.0,3,10.0,0,0.0,4,13.333333333333334,2.566666666666667,1.7641491496532322,2.0,2.75,73.33333333333333,80.0,86.66666666666667,11,36.666666666666664,9,30.0,2,6.666666666666667,2,6.666666666666667,2,6.666666666666667,4,13.333333333333334,2.7333333333333334,1.8245242911205346,2.0,3.0,70.0,80.0,83.33333333333334,11,36.666666666666664,6,20.0,4,13.333333333333334,3,10.0,1,3.3333333333333335,5,16.666666666666664
3,True,2.8333333333333335,1.5073892072793351,3.0,1.0,80.0,86.66666666666667,86.66666666666667,6,20.0,7,23.333333333333332,11,36.666666666666664,2,6.666666666666667,0,0.0,4,13.333333333333334,2.2,1.5362291495737217,1.0,2.0,80.0,86.66666666666667,96.66666666666667,16,53.333333333333336,3,10.0,5,16.666666666666664,2,6.666666666666667,3,10.0,1,3.3333333333333335,2.3666666666666667,1.7413277182145301,2.0,2.0,80.0,83.33333333333334,86.66666666666667,14,46.666666666666664,6,20.0,4,13.333333333333334,1,3.3333333333333335,1,3.3333333333333335,4,13.333333333333334,2.7,1.6763054614240211,2.5,3.0,70.0,83.33333333333334,90.0,11,36.666666666666664,4,13.333333333333334,6,20.0,4,13.333333333333334,2,6.666666666666667,3,10.0
4,True,2.7,1.5307950004273378,2.0,2.0,70.0,83.33333333333334,93.33333333333333,7,23.333333333333332,11,36.666666666666664,3,10.0,4,13.333333333333334,3,10.0,2,6.666666666666667,2.2666666666666666,1.5477582354991866,2.0,2.0,80.0,86.66666666666667,93.33333333333333,13,43.333333333333336,8,26.666666666666668,3,10.0,2,6.666666666666667,2,6.666666666666667,2,6.666666666666667,2.3666666666666667,1.7026123718829513,2.0,2.0,83.33333333333334,83.33333333333334,86.66666666666667,13,43.333333333333336,7,23.333333333333332,5,16.666666666666664,0,0.0,1,3.3333333333333335,4,13.333333333333334,2.6,1.781385228784985,2.0,2.0,76.66666666666667,83.33333333333334,83.33333333333334,12,40.0,5,16.666666666666664,6,20.0,2,6.666666666666667,0,0.0,5,16.666666666666664
5,True,3.1,1.6802777548171413,3.0,3.0,60.0,76.66666666666667,90.0,9,30.0,1,3.3333333333333335,8,26.666666666666668,5,16.666666666666664,4,13.333333333333334,3,10.0,2.6666666666666665,1.776388345929897,2.0,3.0,70.0,76.66666666666667,90.0,12,40.0,5,16.666666666666664,4,13.333333333333334,2,6.666666666666667,4,13.333333333333334,3,10.0,2.8333333333333335,1.8454147380888546,2.0,3.5,73.33333333333333,73.33333333333333,83.33333333333334,10,33.33333333333333,6,20.0,6,20.0,0,0.0,3,10.0,5,16.666666666666664,3.3666666666666667,1.9405039437103841,3.0,3.75,56.666666666666664,63.33333333333333,76.66666666666667,8,26.666666666666668,4,13.333333333333334,5,16.666666666666664,2,6.666666666666667,4,13.333333333333334,7,23.333333333333332
6,True,2.2333333333333334,1.256538454998051,2.0,2.0,86.66666666666667,93.33333333333333,96.66666666666667,10,33.33333333333333,10,33.33333333333333,6,20.0,2,6.666666666666667,1,3.3333333333333335,1,3.3333333333333335,2.066666666666667,1.364632632697248,2.0,1.75,86.66666666666667,90.0,96.66666666666667,14,46.666666666666664,8,26.666666666666668,4,13.333333333333334,1,3.3333333333333335,2,6.666666666666667,1,3.3333333333333335,2.3666666666666667,1.7792008193443356,2.0,2.0,80.0,80.0,86.66666666666667,14,46.666666666666664,7,23.333333333333332,3,10.0,0,0.0,2,6.666666666666667,4,13.333333333333334,2.533333333333333,1.765093639316497,2.0,2.0,76.66666666666667,80.0,86.66666666666667,12,40.0,7,23.333333333333332,4,13.333333333333334,1,3.3333333333333335,2,6.666666666666667,4,13.333333333333334
7,True,2.433333333333333,1.430229196861662,2.0,2.0,86.66666666666667,86.66666666666667,93.33333333333333,9,30.0,9,30.0,8,26.666666666666668,0,0.0,2,6.666666666666667,2,6.666666666666667,2.1333333333333333,1.384035966135113,2.0,2.0,86.66666666666667,93.33333333333333,93.33333333333333,13,43.333333333333336,8,26.666666666666668,5,16.666666666666664,2,6.666666666666667,0,0.0,2,6.666666666666667,2.3333333333333335,1.5347819244295116,2.0,2.0,86.66666666666667,86.66666666666667,90.0,11,36.666666666666664,9,30.0,6,20.0,0,0.0,1,3.3333333333333335,3,10.0,2.3333333333333335,1.3249737942901196,2.0,2.0,80.0,93.33333333333333,96.66666666666667,10,33.33333333333333,9,30.0,5,16.666666666666664,4,13.333333333333334,1,3.3333333333333335,1,3.3333333333333335
8,True,3.0,1.3416407864998738,3.0,2.0,63.33333333333333,90.0,93.33333333333333,4,13.333333333333334,8,26.666666666666668,7,23.333333333333332,8,26.666666666666668,1,3.3333333333333335,2,6.666666666666667,2.8,1.7397317800933185,2.0,3.0,70.0,83.33333333333334,83.33333333333334,9,30.0,7,23.333333333333332,5,16.666666666666664,4,13.333333333333334,0,0.0,5,16.666666666666664,2.8333333333333335,1.5933891203622825,2.0,2.0,66.66666666666666,83.33333333333334,90.0,7,23.333333333333332,9,30.0,4,13.333333333333334,5,16.666666666666664,2,6.666666666666667,3,10.0,3.033333333333333,1.7026123718829513,3.0,2.0,66.66666666666666,80.0,83.33333333333334,7,23.333333333333332,6,20.0,7,23.333333333333332,4,13.333333333333334,1,3.3333333333333335,5,16.666666666666664
9,True,3.1333333333333333,1.5648926125740672,3.0,2.0,63.33333333333333,80.0,86.66666666666667,4,13.333333333333334,9,30.0,6,20.0,5,16.666666666666664,2,6.666666666666667,4,13.333333333333334,2.433333333333333,1.5849991237291654,2.0,3.0,70.0,86.66666666666667,96.66666666666667,14,46.666666666666664,3,10.0,4,13.333333333333334,5,16.666666666666664,3,10.0,1,3.3333333333333335,2.6333333333333333,1.7603661235347856,2.0,3.0,70.0,83.33333333333334,86.66666666666667,12,40.0,5,16.666666666666664,4,13.333333333333334,4,13.333333333333334,1,3.3333333333333335,4,13.333333333333334,2.966666666666667,1.601735170231195,3.0,2.75,60.0,80.0,93.33333333333333,8,26.666666666666668,5,16.666666666666664,5,16.666666666666664,6,20.0,4,13.333333333333334,2,6.666666666666667
10,True,2.3,1.5524174696260022,2.0,2.0,80.0,90.0,90.0,12,40.0,9,30.0,3,10.0,3,10.0,0,0.0,3,10.0,1.9333333333333333,1.3148721948877347,1.0,1.0,86.66666666666667,93.33333333333333,96.66666666666667,16,53.333333333333336,7,23.333333333333332,3,10.0,2,6.666666666666667,1,3.3333333333333335,1,3.3333333333333335,2.0,1.3662601021279464,2.0,1.0,86.66666666666667,93.33333333333333,93.33333333333333,14,46.666666666666664,10,33.33333333333333,2,6.666666666666667,2,6.666666666666667,0,0.0,2,6.666666666666667,2.033333333333333,1.3535960336164634,2.0,1.0,86.66666666666667,93.33333333333333,93.33333333333333,13,43.333333333333336,11,36.666666666666664,2,6.666666666666667,2,6.666666666666667,0,0.0,2,6.666666666666667
11,True,2.8,1.2220201853215573,3.0,1.75,73.33333333333333,93.33333333333333,96.66666666666667,5,16.666666666666664,7,23.333333333333332,10,33.33333333333333,6,20.0,1,3.3333333333333335,1,3.3333333333333335,2.566666666666667,1.5423647068345696,2.0,2.0,80.0,86.66666666666667,90.0,9,30.0,8,26.666666666666668,7,23.333333333333332,2,6.666666666666667,1,3.3333333333333335,3,10.0,2.566666666666667,1.498517786199268,2.0,2.0,80.0,90.0,90.0,9,30.0,7,23.333333333333332,8,26.666666666666668,3,10.0,0,0.0,3,10.0,2.9,1.5132745950421556,3.0,1.75,73.33333333333333,83.33333333333334,90.0,6,20.0,7,23.333333333333332,9,30.0,3,10.0,2,6.666666666666667,3,10.0
12,True,2.8666666666666667,1.4772346537440226,2.5,2.0,63.33333333333333,86.66666666666667,93.33333333333333,6,20.0,9,30.0,4,13.333333333333334,7,23.333333333333332,2,6.666666666666667,2,6.666666666666667,2.3,1.5947831618540915,2.0,1.75,80.0,86.66666666666667,90.0,12,40.0,10,33.33333333333333,2,6.666666666666667,2,6.666666666666667,1,3.3333333333333335,3,10.0,2.2666666666666666,1.5040685563571303,2.0,1.75,76.66666666666667,90.0,93.33333333333333,12,40.0,10,33.33333333333333,1,3.3333333333333335,4,13.333333333333334,1,3.3333333333333335,2,6.666666666666667,2.7666666666666666,1.8199511592958262,2.0,3.0,66.66666666666666,80.0,83.33333333333334,10,33.33333333333333,8,26.666666666666668,2,6.666666666666667,4,13.333333333333334,1,3.3333333333333335,5,16.666666666666664
13,True,2.7333333333333334,1.6110727964792764,2.0,1.75,76.66666666666667,80.0,90.0,8,26.666666666666668,8,26.666666666666668,7,23.333333333333332,1,3.3333333333333335,3,10.0,3,10.0,2.3666666666666667,1.6629959577688562,2.0,2.0,76.66666666666667,80.0,93.33333333333333,13,43.333333333333336,8,26.666666666666668,2,6.666666666666667,1,3.3333333333333335,4,13.333333333333334,2,6.666666666666667,2.466666666666667,1.7838784213679537,2.0,2.0,76.66666666666667,80.0,86.66666666666667,13,43.333333333333336,7,23.333333333333332,3,10.0,1,3.3333333333333335,2,6.666666666666667,4,13.333333333333334,2.8666666666666667,1.839081896551163,2.0,3.0,66.66666666666666,76.66666666666667,83.33333333333334,10,33.33333333333333,6,20.0,4,13.333333333333334,3,10.0,2,6.666666666666667,5,16.666666666666664
14,True,2.8333333333333335,1.5293426329272615,3.0,2.0,70.0,86.66666666666667,90.0,7,23.333333333333332,7,23.333333333333332,7,23.333333333333332,5,16.666666666666664,1,3.3333333333333335,3,10.0,2.433333333333333,1.6058919293927874,2.0,2.75,73.33333333333333,90.0,90.0,12,40.0,7,23.333333333333332,3,10.0,5,16.666666666666664,0,0.0,3,10.0,2.6666666666666665,1.6996731711975948,2.0,3.0,66.66666666666666,86.66666666666667,86.66666666666667,10,33.33333333333333,8,26.666666666666668,2,6.666666666666667,6,20.0,0,0.0,4,13.333333333333334,2.433333333333333,1.2827920936595902,2.0,1.75,80.0,93.33333333333333,96.66666666666667,8,26.666666666666668,10,33.33333333333333,6,20.0,4,13.333333333333334,1,3.3333333333333335,1,3.3333333333333335
15,True,3.2333333333333334,1.62651638650078,3.0,2.0,66.66666666666666,76.66666666666667,83.33333333333334,5,16.666666666666664,5,16.666666666666664,10,33.33333333333333,3,10.0,2,6.666666666666667,5,16.666666666666664,2.8,1.6411378166788226,2.5,2.5,73.33333333333333,83.33333333333334,86.66666666666667,8,26.666666666666668,7,23.333333333333332,7,23.333333333333332,3,10.0,1,3.3333333333333335,4,13.333333333333334,2.8666666666666667,1.6679994670929073,3.0,2.5,73.33333333333333,80.0,86.66666666666667,8,26.666666666666668,6,20.0,8,26.666666666666668,2,6.666666666666667,2,6.666666666666667,4,13.333333333333334,3.1,1.535143858622594,3.0,2.0,63.33333333333333,80.0,90.0,5,16.666666666666664,7,23.333333333333332,7,23.333333333333332,5,16.666666666666664,3,10.0,3,10.0
16,True,2.6,1.171893055416463,2.0,1.0,86.66666666666667,90.0,96.66666666666667,4,13.333333333333334,12,40.0,10,33.33333333333333,1,3.3333333333333335,2,6.666666666666667,1,3.3333333333333335,2.4,1.4966629547095767,2.0,2.0,76.66666666666667,90.0,93.33333333333333,11,36.666666666666664,8,26.666666666666668,4,13.333333333333334,4,13.333333333333334,1,3.3333333333333335,2,6.666666666666667,2.6666666666666665,1.86785676348292,2.0,2.75,73.33333333333333,80.0,80.0,11,36.666666666666664,8,26.666666666666668,3,10.0,2,6.666666666666667,0,0.0,6,20.0,2.7333333333333334,1.5477582354991866,2.0,1.0,76.66666666666667,83.33333333333334,90.0,7,23.333333333333332,9,30.0,7,23.333333333333332,2,6.666666666666667,2,6.666666666666667,3,10.0
17,True,2.5,1.7841898254763513,2.0,2.0,80.0,83.33333333333334,83.33333333333334,13,43.333333333333336,5,16.666666666666664,6,20.0,1,3.3333333333333335,0,0.0,5,16.666666666666664,2.0,1.4832396974191326,1.0,1.75,86.66666666666667,90.0,93.33333333333333,17,56.666666666666664,5,16.666666666666664,4,13.333333333333334,1,3.3333333333333335,1,3.3333333333333335,2,6.666666666666667,2.1333333333333333,1.6679994670929073,1.0,1.75,80.0,86.66666666666667,90.0,17,56.666666666666664,5,16.666666666666664,2,6.666666666666667,2,6.666666666666667,1,3.3333333333333335,3,10.0,2.3333333333333335,1.7191729277636836,2.0,2.0,83.33333333333334,83.33333333333334,86.66666666666667,14,46.666666666666664,6,20.0,5,16.666666666666664,0,0.0,1,3.3333333333333335,4,13.333333333333334
18,True,2.433333333333333,1.3337499349161703,2.0,2.0,86.66666666666667,93.33333333333333,93.33333333333333,9,30.0,7,23.333333333333332,10,33.33333333333333,2,6.666666666666667,0,0.0,2,6.666666666666667,2.3333333333333335,1.6193277068654823,2.0,2.0,86.66666666666667,86.66666666666667,86.66666666666667,12,40.0,8,26.666666666666668,6,20.0,0,0.0,0,0.0,4,13.333333333333334,2.4,1.6451950239004087,2.0,2.0,83.33333333333334,86.66666666666667,86.66666666666667,12,40.0,7,23.333333333333332,6,20.0,1,3.3333333333333335,0,0.0,4,13.333333333333334,2.6666666666666665,1.6599866130651644,2.0,2.0,76.66666666666667,83.33333333333334,86.66666666666667,9,30.0,8,26.666666666666668,6,20.0,2,6.666666666666667,1,3.3333333333333335,4,13.333333333333334
19,True,2.566666666666667,1.4533486237727762,2.0,1.75,83.33333333333334,90.0,90.0,8,26.666666666666668,8,26.666666666666668,9,30.0,2,6.666666666666667,0,0.0,3,10.0,2.5,1.9450792614526877,2.0,2.0,76.66666666666667,76.66666666666667,80.0,14,46.666666666666664,7,23.333333333333332,2,6.666666666666667,0,0.0,1,3.3333333333333335,6,20.0,2.433333333333333,1.6265163865007801,2.0,2.0,83.33333333333334,86.66666666666667,86.66666666666667,11,36.666666666666664,8,26.666666666666668,6,20.0,1,3.3333333333333335,0,0.0,4,13.333333333333334,2.6666666666666665,1.5563490039905001,2.0,2.75,73.33333333333333,83.33333333333334,93.33333333333333,9,30.0,7,23.333333333333332,6,20.0,3,10.0,3,10.0,2,6.666666666666667
20,True,2.7,1.5947831618540917,2.0,2.75,66.66666666666666,86.66666666666667,90.0,8,26.666666666666668,10,33.33333333333333,2,6.666666666666667,6,20.0,1,3.3333333333333335,3,10.0,2.4,1.6653327995729064,2.0,2.75,73.33333333333333,86.66666666666667,90.0,13,43.333333333333336,7,23.333333333333332,2,6.666666666666667,4,13.333333333333334,1,3.3333333333333335,3,10.0,2.6666666666666665,1.757523510195209,2.0,3.0,66.66666666666666,83.33333333333334,86.66666666666667,11,36.666666666666664,7,23.333333333333332,2,6.666666666666667,5,16.666666666666664,1,3.3333333333333335,4,13.333333333333334,2.7666666666666666,1.6868774571839993,2.0,3.0,63.33333333333333,83.33333333333334,90.0,10,33.33333333333333,6,20.0,3,10.0,6,20.0,2,6.666666666666667,3,10.0
21,True,2.7,1.5088627063675033,2.0,1.75,73.33333333333333,83.33333333333334,93.33333333333333,7,23.333333333333332,10,33.33333333333333,5,16.666666666666664,3,10.0,3,10.0,2,6.666666666666667,2.433333333333333,1.6868774571839993,2.0,2.0,80.0,83.33333333333334,86.66666666666667,11,36.666666666666664,10,33.33333333333333,3,10.0,1,3.3333333333333335,1,3.3333333333333335,4,13.333333333333334,2.3333333333333335,1.3743685418725535,2.0,2.0,86.66666666666667,86.66666666666667,96.66666666666667,10,33.33333333333333,9,30.0,7,23.333333333333332,0,0.0,3,10.0,1,3.3333333333333335,2.7666666666666666,1.6669999666733315,2.0,1.75,76.66666666666667,80.0,86.66666666666667,8,26.666666666666668,8,26.666666666666668,7,23.333333333333332,1,3.3333333333333335,2,6.666666666666667,4,13.333333333333334
22,True,2.8,1.5790292376436015,3.0,3.0,70.0,86.66666666666667,90.0,9,30.0,4,13.333333333333334,8,26.666666666666668,5,16.666666666666664,1,3.3333333333333335,3,10.0,2.2333333333333334,1.5638272140986533,1.5,2.0,76.66666666666667,90.0,93.33333333333333,15,50.0,5,16.666666666666664,3,10.0,4,13.333333333333334,1,3.3333333333333335,2,6.666666666666667,2.6,1.9595917942265426,2.0,2.75,73.33333333333333,76.66666666666667,80.0,14,46.666666666666664,5,16.666666666666664,3,10.0,1,3.3333333333333335,1,3.3333333333333335,6,20.0,2.4,1.7048949136725895,2.0,2.0,76.66666666666667,83.33333333333334,90.0,14,46.666666666666664,5,16.666666666666664,4,13.333333333333334,2,6.666666666666667,2,6.666666666666667,3,10.0
23,True,2.4,1.3808210118138653,2.0,2.0,86.66666666666667,90.0,93.33333333333333,9,30.0,9,30.0,8,26.666666666666668,1,3.3333333333333335,1,3.3333333333333335,2,6.666666666666667,2.2666666666666666,1.569146972791976,1.5,2.0,76.66666666666667,90.0,93.33333333333333,15,50.0,4,13.333333333333334,4,13.333333333333334,4,13.333333333333334,1,3.3333333333333335,2,6.666666666666667,2.3666666666666667,1.6629959577688562,2.0,2.0,76.66666666666667,86.66666666666667,90.0,14,46.666666666666664,5,16.666666666666664,4,13.333333333333334,3,10.0,1,3.3333333333333335,3,10.0,2.433333333333333,1.5638272140986533,2.0,2.0,76.66666666666667,86.66666666666667,93.33333333333333,12,40.0,6,20.0,5,16.666666666666664,3,10.0,2,6.666666666666667,2,6.666666666666667
24,True,3.1333333333333333,1.6478942792411035,3.0,2.0,53.333333333333336,83.33333333333334,86.66666666666667,7,23.333333333333332,5,16.666666666666664,4,13.333333333333334,9,30.0,1,3.3333333333333335,4,13.333333333333334,2.5,1.8027756377319946,2.0,3.0,66.66666666666666,80.0,90.0,14,46.666666666666664,6,20.0,0,0.0,4,13.333333333333334,3,10.0,3,10.0,2.6666666666666665,1.9379255804998177,2.0,4.0,66.66666666666666,70.0,86.66666666666667,13,43.333333333333336,7,23.333333333333332,0,0.0,1,3.3333333333333335,5,16.666666666666664,4,13.333333333333334,3.0,1.7126976771553504,3.0,2.75,60.0,80.0,86.66666666666667,8,26.666666666666668,6,20.0,4,13.333333333333334,6,20.0,2,6.666666666666667,4,13.333333333333334
25,True,2.4,1.5620499351813306,2.0,2.75,73.33333333333333,90.0,93.33333333333333,13,43.333333333333336,5,16.666666666666664,4,13.333333333333334,5,16.666666666666664,1,3.3333333333333335,2,6.666666666666667,2.2,1.7204650534085255,1.0,2.0,80.0,83.33333333333334,90.0,17,56.666666666666664,4,13.333333333333334,3,10.0,1,3.3333333333333335,2,6.666666666666667,3,10.0,2.066666666666667,1.590248058916875,1.0,1.75,83.33333333333334,90.0,90.0,17,56.666666666666664,5,16.666666666666664,3,10.0,2,6.666666666666667,0,0.0,3,10.0,2.5,1.8393839548428526,2.0,2.75,73.33333333333333,83.33333333333334,83.33333333333334,14,46.666666666666664,5,16.666666666666664,3,10.0,3,10.0,0,0.0,5,16.666666666666664
26,True,2.1,1.1060440015358037,2.0,1.0,90.0,96.66666666666667,96.66666666666667,9,30.0,14,46.666666666666664,4,13.333333333333334,2,6.666666666666667,0,0.0,1,3.3333333333333335,2.033333333333333,1.3780017739062924,2.0,1.0,86.66666666666667,93.33333333333333,93.33333333333333,14,46.666666666666664,9,30.0,3,10.0,2,6.666666666666667,0,0.0,2,6.666666666666667,2.2666666666666666,1.5477582354991866,2.0,2.0,80.0,86.66666666666667,93.33333333333333,13,43.333333333333336,8,26.666666666666668,3,10.0,2,6.666666666666667,2,6.666666666666667,2,6.666666666666667,2.5,1.6278820596099706,2.0,2.0,80.0,86.66666666666667,86.66666666666667,10,33.33333333333333,9,30.0,5,16.666666666666664,2,6.666666666666667,0,0.0,4,13.333333333333334
27,True,2.4,1.3063945294843617,2.0,2.0,76.66666666666667,96.66666666666667,96.66666666666667,10,33.33333333333333,7,23.333333333333332,6,20.0,6,20.0,0,0.0,1,3.3333333333333335,2.3,1.6563010998406458,2.0,1.75,80.0,83.33333333333334,90.0,13,43.333333333333336,9,30.0,2,6.666666666666667,1,3.3333333333333335,2,6.666666666666667,3,10.0,2.3333333333333335,1.6599866130651642,2.0,2.0,80.0,83.33333333333334,90.0,13,43.333333333333336,8,26.666666666666668,3,10.0,1,3.3333333333333335,2,6.666666666666667,3,10.0,2.6333333333333333,1.7413277182145301,2.0,2.75,73.33333333333333,83.33333333333334,83.33333333333334,9,30.0,11,36.666666666666664,2,6.666666666666667,3,10.0,0,0.0,5,16.666666666666664
28,True,3.033333333333333,1.4255603186895398,3.0,2.0,66.66666666666666,86.66666666666667,90.0,4,13.333333333333334,8,26.666666666666668,8,26.666666666666668,6,20.0,1,3.3333333333333335,3,10.0,2.6333333333333333,1.682920741515245,2.0,2.75,73.33333333333333,83.33333333333334,86.66666666666667,9,30.0,10,33.33333333333333,3,10.0,3,10.0,1,3.3333333333333335,4,13.333333333333334,2.7,1.7156145643277028,2.0,2.75,73.33333333333333,80.0,86.66666666666667,9,30.0,9,30.0,4,13.333333333333334,2,6.666666666666667,2,6.666666666666667,4,13.333333333333334,3.1,1.7194960502038574,3.0,2.0,60.0,80.0,83.33333333333334,7,23.333333333333332,6,20.0,5,16.666666666666664,6,20.0,1,3.3333333333333335,5,16.666666666666664
29,True,2.3666666666666667,1.2242911781471304,2.0,2.0,90.0,93.33333333333333,96.66666666666667,9,30.0,7,23.333333333333332,11,36.666666666666664,1,3.3333333333333335,1,3.3333333333333335,1,3.3333333333333335,2.3666666666666667,1.7603661235347858,1.5,2.0,80.0,83.33333333333334,86.66666666666667,15,50.0,4,13.333333333333334,5,16.666666666666664,1,3.3333333333333335,1,3.3333333333333335,4,13.333333333333334,2.2666666666666666,1.569146972791976,2.0,2.0,83.33333333333334,90.0,90.0,14,46.666666666666664,5,16.666666666666664,6,20.0,2,6.666666666666667,0,0.0,3,10.0,2.8666666666666667,1.6679994670929073,2.0,2.0,70.0,80.0,86.66666666666667,7,23.333333333333332,9,30.0,5,16.666666666666664,3,10.0,2,6.666666666666667,4,13.333333333333334
30,True,2.1,1.3,2.0,1.0,90.0,93.33333333333333,93.33333333333333,11,36.666666666666664,12,40.0,4,13.333333333333334,1,3.3333333333333335,0,0.0,2,6.666666666666667,2.0,1.2909944487358056,2.0,1.0,86.66666666666667,93.33333333333333,96.66666666666667,14,46.666666666666664,9,30.0,3,10.0,2,6.666666666666667,1,3.3333333333333335,1,3.3333333333333335,2.2333333333333334,1.5205992970609392,2.0,2.0,83.33333333333334,86.66666666666667,93.33333333333333,13,43.333333333333336,8,26.666666666666668,4,13.333333333333334,1,3.3333333333333335,2,6.666666666666667,2,6.666666666666667,2.3333333333333335,1.5347819244295116,2.0,1.75,83.33333333333334,86.66666666666667,90.0,10,33.33333333333333,12,40.0,3,10.0,1,3.3333333333333335,1,3.3333333333333335,3,10.0
31,True,2.566666666666667,1.4302291968616623,2.0,1.0,83.33333333333334,90.0,90.0,7,23.333333333333332,10,33.33333333333333,8,26.666666666666668,2,6.666666666666667,0,0.0,3,10.0,2.3333333333333335,1.8318175552045448,1.0,2.0,80.0,83.33333333333334,83.33333333333334,16,53.333333333333336,4,13.333333333333334,4,13.333333333333334,1,3.3333333333333335,0,0.0,5,16.666666666666664,2.3333333333333335,1.699673171197595,2.0,2.0,80.0,86.66666666666667,86.66666666666667,14,46.666666666666664,6,20.0,4,13.333333333333334,2,6.666666666666667,0,0.0,4,13.333333333333334,2.2666666666666666,1.6110727964792761,2.0,2.0,83.33333333333334,86.66666666666667,90.0,14,46.666666666666664,6,20.0,5,16.666666666666664,1,3.3333333333333335,1,3.3333333333333335,3,10.0
32,True,2.7666666666666666,1.4533486237727762,2.0,1.0,76.66666666666667,86.66666666666667,90.0,5,16.666666666666664,11,36.666666666666664,7,23.333333333333332,3,10.0,1,3.3333333333333335,3,10.0,2.2666666666666666,1.3399834161494522,2.0,2.0,86.66666666666667,93.33333333333333,93.33333333333333,10,33.33333333333333,10,33.33333333333333,6,20.0,2,6.666666666666667,0,0.0,2,6.666666666666667,2.5,1.6278820596099706,2.0,2.0,80.0,86.66666666666667,86.66666666666667,10,33.33333333333333,9,30.0,5,16.666666666666664,2,6.666666666666667,0,0.0,4,13.333333333333334,2.5,1.2583057392117916,2.0,1.0,86.66666666666667,90.0,96.66666666666667,7,23.333333333333332,9,30.0,10,33.33333333333333,1,3.3333333333333335,2,6.666666666666667,1,3.3333333333333335
33,True,2.933333333333333,1.5040685563571303,3.0,2.0,70.0,83.33333333333334,90.0,5,16.666666666666664,9,30.0,7,23.333333333333332,4,13.333333333333334,2,6.666666666666667,3,10.0,2.566666666666667,1.8562207723101138,2.0,3.0,70.0,76.66666666666667,86.66666666666667,13,43.333333333333336,7,23.333333333333332,1,3.3333333333333335,2,6.666666666666667,3,10.0,4,13.333333333333334,2.466666666666667,1.6069294390925266,2.0,2.0,76.66666666666667,83.33333333333334,93.33333333333333,12,40.0,6,20.0,5,16.666666666666664,2,6.666666666666667,3,10.0,2,6.666666666666667,2.933333333333333,1.8061622912192088,3.0,3.5,73.33333333333333,73.33333333333333,83.33333333333334,9,30.0,5,16.666666666666664,8,26.666666666666668,0,0.0,3,10.0,5,16.666666666666664
34,True,2.6333333333333333,1.5595583420386114,2.0,1.75,80.0,83.33333333333334,90.0,8,26.666666666666668,9,30.0,7,23.333333333333332,1,3.3333333333333335,2,6.666666666666667,3,10.0,2.2666666666666666,1.7688665548562132,2.0,1.0,80.0,80.0,86.66666666666667,14,46.666666666666664,10,33.33333333333333,0,0.0,0,0.0,2,6.666666666666667,4,13.333333333333334,2.1666666666666665,1.507389207279335,2.0,1.0,83.33333333333334,86.66666666666667,93.33333333333333,13,43.333333333333336,10,33.33333333333333,2,6.666666666666667,1,3.3333333333333335,2,6.666666666666667,2,6.666666666666667,2.4,1.7625738755203046,2.0,1.0,76.66666666666667,80.0,86.66666666666667,12,40.0,11,36.666666666666664,0,0.0,1,3.3333333333333335,2,6.666666666666667,4,13.333333333333334
35,True,2.6666666666666665,1.4681810363696828,3.0,2.75,73.33333333333333,90.0,93.33333333333333,9,30.0,5,16.666666666666664,8,26.666666666666668,5,16.666666666666664,1,3.3333333333333335,2,6.666666666666667,2.3666666666666667,1.5807874268505835,2.0,2.0,76.66666666666667,86.66666666666667,93.33333333333333,13,43.333333333333336,6,20.0,4,13.333333333333334,3,10.0,2,6.666666666666667,2,6.666666666666667,2.6333333333333333,1.9405039437103846,2.0,2.75,73.33333333333333,76.66666666666667,80.0,13,43.333333333333336,6,20.0,3,10.0,1,3.3333333333333335,1,3.3333333333333335,6,20.0,2.566666666666667,1.5205992970609392,2.0,2.75,73.33333333333333,83.33333333333334,96.66666666666667,10,33.33333333333333,7,23.333333333333332,5,16.666666666666664,3,10.0,4,13.333333333333334,1,3.3333333333333335
36,True,2.9,1.619670748434179,2.5,1.75,73.33333333333333,80.0,86.66666666666667,6,20.0,9,30.0,7,23.333333333333332,2,6.666666666666667,2,6.666666666666667,4,13.333333333333334,2.4,1.7243356208503415,2.0,2.0,80.0,83.33333333333334,86.66666666666667,13,43.333333333333336,7,23.333333333333332,4,13.333333333333334,1,3.3333333333333335,1,3.3333333333333335,4,13.333333333333334,2.4,1.7243356208503415,2.0,2.0,80.0,83.33333333333334,86.66666666666667,13,43.333333333333336,7,23.333333333333332,4,13.333333333333334,1,3.3333333333333335,1,3.3333333333333335,4,13.333333333333334,2.9,1.885912687975418,2.0,3.75,70.0,73.33333333333333,80.0,9,30.0,8,26.666666666666668,4,13.333333333333334,1,3.3333333333333335,2,6.666666666666667,6,20.0
37,True,2.6666666666666665,1.349897115421106,2.5,1.0,80.0,90.0,93.33333333333333,6,20.0,9,30.0,9,30.0,3,10.0,1,3.3333333333333335,2,6.666666666666667,2.433333333333333,1.430229196861662,2.0,2.0,86.66666666666667,86.66666666666667,93.33333333333333,9,30.0,9,30.0,8,26.666666666666668,0,0.0,2,6.666666666666667,2,6.666666666666667,2.3333333333333335,1.1352924243950933,2.0,2.0,90.0,93.33333333333333,100.0,9,30.0,7,23.333333333333332,11,36.666666666666664,1,3.3333333333333335,2,6.666666666666667,0,0.0,2.7666666666666666,1.4533486237727762,3.0,1.0,80.0,86.66666666666667,90.0,6,20.0,8,26.666666666666668,10,33.33333333333333,2,6.666666666666667,1,3.3333333333333335,3,10.0
38,True,2.533333333333333,1.4313940369055926,2.0,1.0,80.0,90.0,90.0,6,20.0,14,46.666666666666664,4,13.333333333333334,3,10.0,0,0.0,3,10.0,2.033333333333333,1.27758452644912,2.0,2.0,90.0,93.33333333333333,96.66666666666667,14,46.666666666666664,7,23.333333333333332,6,20.0,1,3.3333333333333335,1,3.3333333333333335,1,3.3333333333333335,2.3666666666666667,1.7413277182145301,2.0,2.0,80.0,83.33333333333334,86.66666666666667,14,46.666666666666664,6,20.0,4,13.333333333333334,1,3.3333333333333335,1,3.3333333333333335,4,13.333333333333334,2.466666666666667,1.6679994670929073,2.0,2.0,80.0,86.66666666666667,86.66666666666667,12,40.0,6,20.0,6,20.0,2,6.666666666666667,0,0.0,4,13.333333333333334
39,True,3.3,1.2948616399703354,3.5,1.0,50.0,90.0,93.33333333333333,4,13.333333333333334,3,10.0,8,26.666666666666668,12,40.0,1,3.3333333333333335,2,6.666666666666667,2.8,1.8147543451754937,2.0,3.0,66.66666666666666,80.0,83.33333333333334,10,33.33333333333333,7,23.333333333333332,3,10.0,4,13.333333333333334,1,3.3333333333333335,5,16.666666666666664,2.9,1.7953644012660308,2.0,3.0,63.33333333333333,80.0,83.33333333333334,9,30.0,7,23.333333333333332,3,10.0,5,16.666666666666664,1,3.3333333333333335,5,16.666666666666664,3.2666666666666666,1.6918103387266026,3.0,2.75,60.0,73.33333333333333,83.33333333333334,5,16.666666666666664,7,23.333333333333332,6,20.0,4,13.333333333333334,3,10.0,5,16.666666666666664
40,True,2.7666666666666666,1.5423647068345696,3.0,2.0,76.66666666666667,86.66666666666667,90.0,9,30.0,3,10.0,11,36.666666666666664,3,10.0,1,3.3333333333333335,3,10.0,2.533333333333333,1.8208667044996885,2.0,2.75,73.33333333333333,83.33333333333334,83.33333333333334,13,43.333333333333336,6,20.0,3,10.0,3,10.0,0,0.0,5,16.666666666666664,2.5,1.746424919657298,2.0,2.0,76.66666666666667,83.33333333333334,86.66666666666667,13,43.333333333333336,5,16.666666666666664,5,16.666666666666664,2,6.666666666666667,1,3.3333333333333335,4,13.333333333333334,3.1666666666666665,1.8454147380888546,3.0,3.75,56.666666666666664,70.0,83.33333333333334,8,26.666666666666668,6,20.0,3,10.0,4,13.333333333333334,4,13.333333333333334,5,16.666666666666664
41,True,3.1666666666666665,1.6947631758514883,3.0,2.0,66.66666666666666,80.0,80.0,6,20.0,5,16.666666666666664,9,30.0,4,13.333333333333334,0,0.0,6,20.0,2.466666666666667,1.765093639316497,2.0,2.0,76.66666666666667,83.33333333333334,86.66666666666667,14,46.666666666666664,4,13.333333333333334,5,16.666666666666664,2,6.666666666666667,1,3.3333333333333335,4,13.333333333333334,2.4,1.6653327995729061,2.0,2.0,80.0,83.33333333333334,90.0,13,43.333333333333336,6,20.0,5,16.666666666666664,1,3.3333333333333335,2,6.666666666666667,3,10.0,2.6666666666666665,1.757523510195209,2.0,3.0,70.0,83.33333333333334,86.66666666666667,12,40.0,4,13.333333333333334,5,16.666666666666664,4,13.333333333333334,1,3.3333333333333335,4,13.333333333333334
42,True,2.966666666666667,1.5162087220725546,3.0,2.0,63.33333333333333,83.33333333333334,93.33333333333333,7,23.333333333333332,5,16.666666666666664,7,23.333333333333332,6,20.0,3,10.0,2,6.666666666666667,2.6666666666666665,1.903213656482693,2.0,3.75,66.66666666666666,73.33333333333333,86.66666666666667,13,43.333333333333336,6,20.0,1,3.3333333333333335,2,6.666666666666667,4,13.333333333333334,4,13.333333333333334,2.7,1.7540429489230493,2.0,3.0,66.66666666666666,80.0,90.0,12,40.0,4,13.333333333333334,4,13.333333333333334,4,13.333333333333334,3,10.0,3,10.0,3.1666666666666665,1.771690968789108,3.0,2.75,56.666666666666664,76.66666666666667,83.33333333333334,8,26.666666666666668,4,13.333333333333334,5,16.666666666666664,6,20.0,2,6.666666666666667,5,16.666666666666664
43,True,2.566666666666667,1.6669999666733315,2.0,2.0,76.66666666666667,83.33333333333334,86.66666666666667,9,30.0,11,36.666666666666664,3,10.0,2,6.666666666666667,1,3.3333333333333335,4,13.333333333333334,1.9666666666666666,1.5162087220725544,1.0,1.0,83.33333333333334,90.0,93.33333333333333,18,60.0,5,16.666666666666664,2,6.666666666666667,2,6.666666666666667,1,3.3333333333333335,2,6.666666666666667,2.1,1.6603212540549697,1.0,1.75,80.0,83.33333333333334,93.33333333333333,18,60.0,4,13.333333333333334,2,6.666666666666667,1,3.3333333333333335,3,10.0,2,6.666666666666667,2.3,1.6360521589077368,2.0,2.0,76.66666666666667,83.33333333333334,93.33333333333333,14,46.666666666666664,7,23.333333333333332,2,6.666666666666667,2,6.666666666666667,3,10.0,2,6.666666666666667
44,True,2.066666666666667,1.0934146311237818,2.0,1.75,93.33333333333333,96.66666666666667,96.66666666666667,10,33.33333333333333,12,40.0,6,20.0,1,3.3333333333333335,0,0.0,1,3.3333333333333335,2.066666666666667,1.5260697523012798,1.0,1.0,80.0,90.0,93.33333333333333,16,53.333333333333336,7,23.333333333333332,1,3.3333333333333335,3,10.0,1,3.3333333333333335,2,6.666666666666667,2.2333333333333334,1.7829438827088444,1.0,1.0,76.66666666666667,83.33333333333334,86.66666666666667,16,53.333333333333336,7,23.333333333333332,0,0.0,2,6.666666666666667,1,3.3333333333333335,4,13.333333333333334,2.066666666666667,1.3888444437333107,2.0,1.75,86.66666666666667,93.33333333333333,93.33333333333333,14,46.666666666666664,8,26.666666666666668,4,13.333333333333334,2,6.666666666666667,0,0.0,2,6.666666666666667
45,True,3.033333333333333,1.2242911781471306,3.0,2.0,66.66666666666666,93.33333333333333,93.33333333333333,3,10.0,7,23.333333333333332,10,33.33333333333333,8,26.666666666666668,0,0.0,2,6.666666666666667,2.7666666666666666,1.7641491496532322,2.0,3.0,66.66666666666666,76.66666666666667,90.0,11,36.666666666666664,5,16.666666666666664,4,13.333333333333334,3,10.0,4,13.333333333333334,3,10.0,2.6666666666666665,1.6397831834998458,2.0,3.0,70.0,80.0,93.33333333333333,10,33.33333333333333,7,23.333333333333332,4,13.333333333333334,3,10.0,4,13.333333333333334,2,6.666666666666667,3.1666666666666665,1.7904065335994381,3.0,2.75,56.666666666666664,73.33333333333333,83.33333333333334,7,23.333333333333332,7,23.333333333333332,3,10.0,5,16.666666666666664,3,10.0,5,16.666666666666664
46,True,2.8333333333333335,1.2931443160847214,2.5,1.0,80.0,90.0,90.0,2,6.666666666666667,13,43.333333333333336,9,30.0,3,10.0,0,0.0,3,10.0,2.2666666666666666,1.364632632697248,2.0,2.0,83.33333333333334,90.0,96.66666666666667,11,36.666666666666664,9,30.0,5,16.666666666666664,2,6.666666666666667,2,6.666666666666667,1,3.3333333333333335,2.433333333333333,1.4533486237727762,2.0,2.0,76.66666666666667,90.0,93.33333333333333,9,30.0,11,36.666666666666664,3,10.0,4,13.333333333333334,1,3.3333333333333335,2,6.666666666666667,2.5,1.408308678285174,2.0,1.75,80.0,90.0,93.33333333333333,8,26.666666666666668,10,33.33333333333333,6,20.0,3,10.0,1,3.3333333333333335,2,6.666666666666667
47,True,2.7333333333333334,1.3888444437333105,2.5,1.75,73.33333333333333,90.0,93.33333333333333,6,20.0,9,30.0,7,23.333333333333332,5,16.666666666666664,1,3.3333333333333335,2,6.666666666666667,2.4,1.4966629547095767,2.0,2.0,83.33333333333334,86.66666666666667,93.33333333333333,11,36.666666666666664,7,23.333333333333332,7,23.333333333333332,1,3.3333333333333335,2,6.666666666666667,2,6.666666666666667,2.533333333333333,1.6275407487644937,2.0,2.0,80.0,86.66666666666667,86.66666666666667,10,33.33333333333333,8,26.666666666666668,6,20.0,2,6.666666666666667,0,0.0,4,13.333333333333334,2.566666666666667,1.4302291968616623,2.0,1.75,76.66666666666667,90.0,93.33333333333333,8,26.666666666666668,9,30.0,6,20.0,4,13.333333333333334,1,3.3333333333333335,2,6.666666666666667
48,True,2.8,1.446835627614047,2.0,1.0,76.66666666666667,83.33333333333334,90.0,3,10.0,15,50.0,5,16.666666666666664,2,6.666666666666667,2,6.666666666666667,3,10.0,2.2666666666666666,1.2892719737209144,2.0,1.5,86.66666666666667,93.33333333333333,93.33333333333333,8,26.666666666666668,14,46.666666666666664,4,13.333333333333334,2,6.666666666666667,0,0.0,2,6.666666666666667,2.3333333333333335,1.2736648783028532,2.0,1.0,86.66666666666667,93.33333333333333,93.33333333333333,7,23.333333333333332,14,46.666666666666664,5,16.666666666666664,2,6.666666666666667,0,0.0,2,6.666666666666667,2.433333333333333,1.2827920936595902,2.0,1.0,83.33333333333334,93.33333333333333,93.33333333333333,6,20.0,14,46.666666666666664,5,16.666666666666664,3,10.0,0,0.0,2,6.666666666666667
49,True,3.1,1.6401219466856725,3.0,2.0,56.666666666666664,76.66666666666667,90.0,6,20.0,8,26.666666666666668,3,10.0,6,20.0,4,13.333333333333334,3,10.0,2.433333333333333,1.6265163865007801,2.0,2.0,76.66666666666667,86.66666666666667,90.0,12,40.0,7,23.333333333333332,4,13.333333333333334,3,10.0,1,3.3333333333333335,3,10.0,2.566666666666667,1.6868774571839993,2.0,2.75,73.33333333333333,86.66666666666667,86.66666666666667,11,36.666666666666664,7,23.333333333333332,4,13.333333333333334,4,13.333333333333334,0,0.0,4,13.333333333333334,2.6,1.3808210118138653,2.0,2.5,73.33333333333333,90.0,96.66666666666667,8,26.666666666666668,8,26.666666666666668,6,20.0,5,16.666666666666664,2,6.666666666666667,1,3.3333333333333335
50,True,2.4,1.624807680927192,2.0,2.0,83.33333333333334,86.66666666666667,86.66666666666667,11,36.666666666666664,9,30.0,5,16.666666666666664,1,3.3333333333333335,0,0.0,4,13.333333333333334,2.1,1.4910846164230027,1.0,2.0,80.0,93.33333333333333,93.33333333333333,16,53.333333333333336,5,16.666666666666664,3,10.0,4,13.333333333333334,0,0.0,2,6.666666666666667,2.066666666666667,1.3148721948877347,2.0,2.0,86.66666666666667,93.33333333333333,96.66666666666667,14,46.666666666666664,7,23.333333333333332,5,16.666666666666664,2,6.666666666666667,1,3.3333333333333335,1,3.3333333333333335,2.2333333333333334,1.5205992970609392,1.5,2.0,76.66666666666667,93.33333333333333,93.33333333333333,15,50.0,4,13.333333333333334,4,13.333333333333334,5,16.666666666666664,0,0.0,2,6.666666666666667
51,True,2.3333333333333335,1.2736648783028535,2.0,2.0,80.0,96.66666666666667,96.66666666666667,10,33.33333333333333,8,26.666666666666668,6,20.0,5,16.666666666666664,0,0.0,1,3.3333333333333335,2.433333333333333,1.5849991237291654,2.0,2.0,80.0,86.66666666666667,90.0,11,36.666666666666664,8,26.666666666666668,5,16.666666666666664,2,6.666666666666667,1,3.3333333333333335,3,10.0,2.566666666666667,1.6265163865007801,2.0,2.0,76.66666666666667,86.66666666666667,86.66666666666667,9,30.0,10,33.33333333333333,4,13.333333333333334,3,10.0,0,0.0,4,13.333333333333334,2.8,1.4922019523732928,2.5,2.0,66.66666666666666,86.66666666666667,93.33333333333333,7,23.333333333333332,8,26.666666666666668,5,16.666666666666664,6,20.0,2,6.666666666666667,2,6.666666666666667
52,True,2.7,1.69607389776114,2.0,2.0,80.0,83.33333333333334,83.33333333333334,9,30.0,7,23.333333333333332,8,26.666666666666668,1,3.3333333333333335,0,0.0,5,16.666666666666664,2.1333333333333333,1.564892612574067,1.0,2.0,80.0,90.0,93.33333333333333,17,56.666666666666664,3,10.0,4,13.333333333333334,3,10.0,1,3.3333333333333335,2,6.666666666666667,2.1,1.535143858622594,1.0,2.0,83.33333333333334,90.0,93.33333333333333,17,56.666666666666664,3,10.0,5,16.666666666666664,2,6.666666666666667,1,3.3333333333333335,2,6.666666666666667,2.6,1.6041612554021285,2.0,2.75,73.33333333333333,83.33333333333334,93.33333333333333,11,36.666666666666664,5,16.666666666666664,6,20.0,3,10.0,3,10.0,2,6.666666666666667
53,True,2.8,1.5577761927397231,3.0,1.0,76.66666666666667,86.66666666666667,86.66666666666667,7,23.333333333333332,7,23.333333333333332,9,30.0,3,10.0,0,0.0,4,13.333333333333334,2.6666666666666665,1.699673171197595,2.0,2.75,73.33333333333333,80.0,90.0,11,36.666666666666664,5,16.666666666666664,6,20.0,2,6.666666666666667,3,10.0,3,10.0,2.6333333333333333,1.5807874268505835,2.0,2.0,76.66666666666667,80.0,93.33333333333333,9,30.0,8,26.666666666666668,6,20.0,1,3.3333333333333335,4,13.333333333333334,2,6.666666666666667,2.966666666666667,1.6224124698183944,3.0,2.75,66.66666666666666,80.0,90.0,8,26.666666666666668,4,13.333333333333334,8,26.666666666666668,4,13.333333333333334,3,10.0,3,10.0
54,True,2.6666666666666665,1.5776212754932308,2.0,2.75,70.0,86.66666666666667,90.0,8,26.666666666666668,10,33.33333333333333,3,10.0,5,16.666666666666664,1,3.3333333333333335,3,10.0,2.433333333333333,1.8199511592958264,2.0,2.0,76.66666666666667,83.33333333333334,83.33333333333334,14,46.666666666666664,6,20.0,3,10.0,2,6.666666666666667,0,0.0,5,16.666666666666664,2.4,1.724335620850342,2.0,2.0,76.66666666666667,86.66666666666667,86.66666666666667,14,46.666666666666664,5,16.666666666666664,4,13.333333333333334,3,10.0,0,0.0,4,13.333333333333334,2.6333333333333333,1.6224124698183944,2.0,3.0,70.0,86.66666666666667,90.0,10,33.33333333333333,7,23.333333333333332,4,13.333333333333334,5,16.666666666666664,1,3.3333333333333335,3,10.0
55,True,2.6,1.2806248474865698,2.5,1.0,76.66666666666667,93.33333333333333,96.66666666666667,7,23.333333333333332,8,26.666666666666668,8,26.666666666666668,5,16.666666666666664,1,3.3333333333333335,1,3.3333333333333335,2.4,1.5620499351813308,2.0,2.0,80.0,90.0,90.0,12,40.0,6,20.0,6,20.0,3,10.0,0,0.0,3,10.0,2.566666666666667,1.7451520150277902,2.0,2.0,76.66666666666667,76.66666666666667,90.0,12,40.0,6,20.0,5,16.666666666666664,0,0.0,4,13.333333333333334,3,10.0,2.933333333333333,1.7688665548562132,2.5,2.75,70.0,76.66666666666667,83.33333333333334,8,26.666666666666668,7,23.333333333333332,6,20.0,2,6.666666666666667,2,6.666666666666667,5,16.666666666666664
56,True,2.433333333333333,1.686877457183999,2.0,2.0,80.0,86.66666666666667,86.66666666666667,13,43.333333333333336,5,16.666666666666664,6,20.0,2,6.666666666666667,0,0.0,4,13.333333333333334,2.2,1.6613247725836149,1.0,2.0,80.0,86.66666666666667,90.0,16,53.333333333333336,5,16.666666666666664,3,10.0,2,6.666666666666667,1,3.3333333333333335,3,10.0,2.1333333333333333,1.586050300449376,1.0,2.0,83.33333333333334,90.0,90.0,16,53.333333333333336,5,16.666666666666664,4,13.333333333333334,2,6.666666666666667,0,0.0,3,10.0,2.4,1.5620499351813308,2.0,2.0,76.66666666666667,86.66666666666667,93.33333333333333,12,40.0,7,23.333333333333332,4,13.333333333333334,3,10.0,2,6.666666666666667,2,6.666666666666667
57,True,2.7333333333333334,1.4590712418826193,2.0,1.75,73.33333333333333,90.0,90.0,6,20.0,10,33.33333333333333,6,20.0,5,16.666666666666664,0,0.0,3,10.0,2.4,1.6451950239004087,2.0,2.0,80.0,83.33333333333334,90.0,12,40.0,8,26.666666666666668,4,13.333333333333334,1,3.3333333333333335,2,6.666666666666667,3,10.0,2.5,1.7272328544042153,2.0,2.0,76.66666666666667,76.66666666666667,90.0,11,36.666666666666664,10,33.33333333333333,2,6.666666666666667,0,0.0,4,13.333333333333334,3,10.0,2.8,1.7776388834631176,2.0,3.0,66.66666666666666,76.66666666666667,86.66666666666667,9,30.0,9,30.0,2,6.666666666666667,3,10.0,3,10.0,4,13.333333333333334
58,True,2.6666666666666665,1.6397831834998458,2.0,2.75,73.33333333333333,86.66666666666667,86.66666666666667,9,30.0,8,26.666666666666668,5,16.666666666666664,4,13.333333333333334,0,0.0,4,13.333333333333334,2.1666666666666665,1.3924399049470282,2.0,2.0,80.0,93.33333333333333,96.66666666666667,14,46.666666666666664,6,20.0,4,13.333333333333334,4,13.333333333333334,1,3.3333333333333335,1,3.3333333333333335,2.466666666666667,1.7074997966487597,2.0,2.75,73.33333333333333,86.66666666666667,86.66666666666667,12,40.0,8,26.666666666666668,2,6.666666666666667,4,13.333333333333334,0,0.0,4,13.333333333333334,2.3666666666666667,1.5380362660079103,2.0,2.0,76.66666666666667,90.0,93.33333333333333,13,43.333333333333336,5,16.666666666666664,5,16.666666666666664,4,13.333333333333334,1,3.3333333333333335,2,6.666666666666667
59,True,2.433333333333333,1.2023125864580952,2.0,1.0,80.0,96.66666666666667,96.66666666666667,7,23.333333333333332,11,36.666666666666664,6,20.0,5,16.666666666666664,0,0.0,1,3.3333333333333335,2.1333333333333333,1.384035966135113,2.0,1.75,83.33333333333334,90.0,96.66666666666667,13,43.333333333333336,9,30.0,3,10.0,2,6.666666666666667,2,6.666666666666667,1,3.3333333333333335,2.2333333333333334,1.4067298564006128,2.0,2.0,80.0,90.0,96.66666666666667,12,40.0,9,30.0,3,10.0,3,10.0,2,6.666666666666667,1,3.3333333333333335,2.7,1.7156145643277025,2.0,2.5,73.33333333333333,83.33333333333334,83.33333333333334,8,26.666666666666668,11,36.666666666666664,3,10.0,3,10.0,0,0.0,5,16.666666666666664
60,True,2.6,1.4047538337136984,2.0,1.0,76.66666666666667,86.66666666666667,93.33333333333333,5,16.666666666666664,15,50.0,3,10.0,3,10.0,2,6.666666666666667,2,6.666666666666667,2.3666666666666667,1.7026123718829513,2.0,1.75,80.0,83.33333333333334,86.66666666666667,12,40.0,10,33.33333333333333,2,6.666666666666667,1,3.3333333333333335,1,3.3333333333333335,4,13.333333333333334,2.2666666666666666,1.5040685563571303,2.0,1.75,83.33333333333334,90.0,90.0,11,36.666666666666664,11,36.666666666666664,3,10.0,2,6.666666666666667,0,0.0,3,10.0,2.8666666666666667,1.8749814813900312,2.0,3.0,66.66666666666666,76.66666666666667,80.0,9,30.0,9,30.0,2,6.666666666666667,3,10.0,1,3.3333333333333335,6,20.0
61,True,2.4,1.2543258481484518,2.0,1.0,86.66666666666667,93.33333333333333,93.33333333333333,6,20.0,14,46.666666666666664,6,20.0,2,6.666666666666667,0,0.0,2,6.666666666666667,2.1666666666666665,1.343709624716425,2.0,1.0,83.33333333333334,90.0,96.66666666666667,11,36.666666666666664,12,40.0,2,6.666666666666667,2,6.666666666666667,2,6.666666666666667,1,3.3333333333333335,2.2,1.3515423288475528,2.0,1.75,83.33333333333334,90.0,96.66666666666667,11,36.666666666666664,11,36.666666666666664,3,10.0,2,6.666666666666667,2,6.666666666666667,1,3.3333333333333335,2.3666666666666667,1.5162087220725544,2.0,2.0,80.0,90.0,90.0,10,33.33333333333333,11,36.666666666666664,3,10.0,3,10.0,0,0.0,3,10.0
62,True,3.1333333333333333,1.4996295838935991,3.0,2.0,60.0,86.66666666666667,86.66666666666667,4,13.333333333333334,8,26.666666666666668,6,20.0,8,26.666666666666668,0,0.0,4,13.333333333333334,2.533333333333333,1.7650936393164969,2.0,2.0,76.66666666666667,80.0,86.66666666666667,12,40.0,7,23.333333333333332,4,13.333333333333334,1,3.3333333333333335,2,6.666666666666667,4,13.333333333333334,2.6333333333333333,1.7413277182145301,2.0,2.0,76.66666666666667,83.33333333333334,83.33333333333334,10,33.33333333333333,8,26.666666666666668,5,16.666666666666664,2,6.666666666666667,0,0.0,5,16.666666666666664,2.8333333333333335,1.5723301886761005,3.0,2.75,70.0,80.0,93.33333333333333,8,26.666666666666668,6,20.0,7,23.333333333333332,3,10.0,4,13.333333333333334,2,6.666666666666667
63,True,3.3,1.5947831618540917,3.0,2.0,60.0,80.0,83.33333333333334,5,16.666666666666664,4,13.333333333333334,9,30.0,6,20.0,1,3.3333333333333335,5,16.666666666666664,2.466666666666667,1.4544949486180951,2.0,2.0,76.66666666666667,86.66666666666667,96.66666666666667,10,33.33333333333333,8,26.666666666666668,5,16.666666666666664,3,10.0,3,10.0,1,3.3333333333333335,2.7666666666666666,1.6669999666733317,2.0,3.0,70.0,80.0,90.0,9,30.0,7,23.333333333333332,5,16.666666666666664,3,10.0,3,10.0,3,10.0,2.6,1.4047538337136984,2.0,1.75,76.66666666666667,86.66666666666667,96.66666666666667,8,26.666666666666668,8,26.666666666666668,7,23.333333333333332,3,10.0,3,10.0,1,3.3333333333333335
64,True,3.3333333333333335,1.4907119849998596,3.0,2.0,60.0,83.33333333333334,83.33333333333334,3,10.0,6,20.0,9,30.0,7,23.333333333333332,0,0.0,5,16.666666666666664,2.7333333333333334,1.730767331432956,2.0,3.0,66.66666666666666,83.33333333333334,86.66666666666667,10,33.33333333333333,7,23.333333333333332,3,10.0,5,16.666666666666664,1,3.3333333333333335,4,13.333333333333334,3.066666666666667,1.8427033281447003,2.5,2.75,60.0,76.66666666666667,80.0,8,26.666666666666668,7,23.333333333333332,3,10.0,5,16.666666666666664,1,3.3333333333333335,6,20.0,2.966666666666667,1.5162087220725546,3.0,2.0,70.0,83.33333333333334,90.0,6,20.0,6,20.0,9,30.0,4,13.333333333333334,2,6.666666666666667,3,10.0
65,True,2.566666666666667,1.358512258154322,2.0,1.0,80.0,90.0,93.33333333333333,6,20.0,12,40.0,6,20.0,3,10.0,1,3.3333333333333335,2,6.666666666666667,2.466666666666667,1.7074997966487597,2.0,2.0,76.66666666666667,83.33333333333334,86.66666666666667,11,36.666666666666664,10,33.33333333333333,2,6.666666666666667,2,6.666666666666667,1,3.3333333333333335,4,13.333333333333334,2.533333333333333,1.6069294390925266,2.0,3.0,70.0,83.33333333333334,93.33333333333333,10,33.33333333333333,10,33.33333333333333,1,3.3333333333333335,4,13.333333333333334,3,10.0,2,6.666666666666667,2.8333333333333335,1.654958878307521,2.0,2.75,66.66666666666666,80.0,90.0,8,26.666666666666668,8,26.666666666666668,4,13.333333333333334,4,13.333333333333334,3,10.0,3,10.0
66,True,2.5,1.4776106839534333,2.0,2.0,80.0,83.33333333333334,96.66666666666667,10,33.33333333333333,7,23.333333333333332,7,23.333333333333332,1,3.3333333333333335,4,13.333333333333334,1,3.3333333333333335,2.3333333333333335,1.6599866130651644,2.0,2.0,80.0,83.33333333333334,90.0,13,43.333333333333336,8,26.666666666666668,3,10.0,1,3.3333333333333335,2,6.666666666666667,3,10.0,2.466666666666667,1.8208667044996885,2.0,2.0,80.0,80.0,83.33333333333334,13,43.333333333333336,7,23.333333333333332,4,13.333333333333334,0,0.0,1,3.3333333333333335,5,16.666666666666664,2.7,1.8101565309847285,2.0,2.0,76.66666666666667,76.66666666666667,83.33333333333334,10,33.33333333333333,8,26.666666666666668,5,16.666666666666664,0,0.0,2,6.666666666666667,5,16.666666666666664
67,True,2.6666666666666665,1.5563490039905001,2.5,3.0,70.0,86.66666666666667,93.33333333333333,10,33.33333333333333,5,16.666666666666664,6,20.0,5,16.666666666666664,2,6.666666666666667,2,6.666666666666667,2.466666666666667,1.7269111795984826,2.0,2.0,76.66666666666667,83.33333333333334,86.66666666666667,12,40.0,8,26.666666666666668,3,10.0,2,6.666666666666667,1,3.3333333333333335,4,13.333333333333334,2.6,1.8366636418607882,2.0,2.75,73.33333333333333,80.0,83.33333333333334,12,40.0,7,23.333333333333332,3,10.0,2,6.666666666666667,1,3.3333333333333335,5,16.666666666666664,3.033333333333333,1.834545054108935,3.0,3.75,63.33333333333333,73.33333333333333,83.33333333333334,9,30.0,5,16.666666666666664,5,16.666666666666664,3,10.0,3,10.0,5,16.666666666666664
68,True,2.5,1.1474609652039003,2.0,1.0,83.33333333333334,93.33333333333333,96.66666666666667,4,13.333333333333334,15,50.0,6,20.0,3,10.0,1,3.3333333333333335,1,3.3333333333333335,2.3,1.3203534880225571,2.0,0.0,86.66666666666667,90.0,93.33333333333333,7,23.333333333333332,16,53.333333333333336,3,10.0,1,3.3333333333333335,1,3.3333333333333335,2,6.666666666666667,2.3666666666666667,1.4019827229875395,2.0,0.75,86.66666666666667,90.0,90.0,7,23.333333333333332,15,50.0,4,13.333333333333334,1,3.3333333333333335,0,0.0,3,10.0,2.6666666666666665,1.4452988925785866,2.0,1.0,80.0,86.66666666666667,90.0,5,16.666666666666664,13,43.333333333333336,6,20.0,2,6.666666666666667,1,3.3333333333333335,3,10.0
69,True,2.3666666666666667,1.4019827229875395,2.0,2.0,80.0,93.33333333333333,93.33333333333333,10,33.33333333333333,9,30.0,5,16.666666666666664,4,13.333333333333334,0,0.0,2,6.666666666666667,2.066666666666667,1.4360439485692011,2.0,1.0,86.66666666666667,90.0,93.33333333333333,14,46.666666666666664,9,30.0,3,10.0,1,3.3333333333333335,1,3.3333333333333335,2,6.666666666666667,2.4,1.624807680927192,2.0,2.0,76.66666666666667,86.66666666666667,90.0,12,40.0,8,26.666666666666668,3,10.0,3,10.0,1,3.3333333333333335,3,10.0,2.2666666666666666,1.5260697523012796,2.0,1.75,80.0,86.66666666666667,93.33333333333333,12,40.0,10,33.33333333333333,2,6.666666666666667,2,6.666666666666667,2,6.666666666666667,2,6.666666666666667
70,True,2.6333333333333333,1.4715826703096075,2.0,1.75,76.66666666666667,86.66666666666667,93.33333333333333,8,26.666666666666668,8,26.666666666666668,7,23.333333333333332,3,10.0,2,6.666666666666667,2,6.666666666666667,2.2,1.6,1.0,2.0,80.0,86.66666666666667,93.33333333333333,16,53.333333333333336,4,13.333333333333334,4,13.333333333333334,2,6.666666666666667,2,6.666666666666667,2,6.666666666666667,2.3333333333333335,1.7191729277636836,1.5,2.0,76.66666666666667,83.33333333333334,90.0,15,50.0,5,16.666666666666664,3,10.0,2,6.666666666666667,2,6.666666666666667,3,10.0,2.466666666666667,1.6679994670929073,2.0,2.75,73.33333333333333,86.66666666666667,90.0,13,43.333333333333336,5,16.666666666666664,4,13.333333333333334,4,13.333333333333334,1,3.3333333333333335,3,10.0
71,True,2.7,1.3699148392023013,3.0,1.0,76.66666666666667,86.66666666666667,96.66666666666667,7,23.333333333333332,7,23.333333333333332,9,30.0,3,10.0,3,10.0,1,3.3333333333333335,2.1666666666666665,1.5933891203622825,1.0,2.0,76.66666666666667,90.0,93.33333333333333,17,56.666666666666664,3,10.0,3,10.0,4,13.333333333333334,1,3.3333333333333335,2,6.666666666666667,2.1,1.4224392195567912,1.0,2.75,73.33333333333333,93.33333333333333,100.0,17,56.666666666666664,3,10.0,2,6.666666666666667,6,20.0,2,6.666666666666667,0,0.0,2.4,1.6041612554021285,2.0,2.0,76.66666666666667,90.0,90.0,13,43.333333333333336,5,16.666666666666664,5,16.666666666666664,4,13.333333333333334,0,0.0,3,10.0
72,True,3.1666666666666665,1.4161763857498668,3.0,2.0,70.0,80.0,90.0,3,10.0,7,23.333333333333332,11,36.666666666666664,3,10.0,3,10.0,3,10.0,2.5,1.5864005379054391,2.0,2.75,73.33333333333333,86.66666666666667,93.33333333333333,12,40.0,5,16.666666666666664,5,16.666666666666664,4,13.333333333333334,2,6.666666666666667,2,6.666666666666667,2.7,1.7540429489230491,2.0,2.75,73.33333333333333,80.0,86.66666666666667,11,36.666666666666664,5,16.666666666666664,6,20.0,2,6.666666666666667,2,6.666666666666667,4,13.333333333333334,2.6666666666666665,1.679947089113887,2.5,2.75,73.33333333333333,86.66666666666667,86.66666666666667,11,36.666666666666664,4,13.333333333333334,7,23.333333333333332,4,13.333333333333334,0,0.0,4,13.333333333333334
73,True,1.8666666666666667,1.3097921802925665,1.0,1.0,93.33333333333333,93.33333333333333,93.33333333333333,16,53.333333333333336,8,26.666666666666668,4,13.333333333333334,0,0.0,0,0.0,2,6.666666666666667,1.7666666666666666,1.5205992970609392,1.0,1.0,90.0,90.0,90.0,21,70.0,4,13.333333333333334,2,6.666666666666667,0,0.0,0,0.0,3,10.0,2.0,1.61245154965971,1.0,1.75,83.33333333333334,90.0,90.0,19,63.33333333333333,3,10.0,3,10.0,2,6.666666666666667,0,0.0,3,10.0,1.8,1.1372481406154655,1.0,1.75,96.66666666666667,96.66666666666667,96.66666666666667,17,56.666666666666664,5,16.666666666666664,7,23.333333333333332,0,0.0,0,0.0,1,3.3333333333333335
74,True,2.466666666666667,1.0873004286866725,2.0,1.0,86.66666666666667,96.66666666666667,96.66666666666667,5,16.666666666666664,12,40.0,9,30.0,3,10.0,0,0.0,1,3.3333333333333335,2.3666666666666667,1.6428295373802142,2.0,2.0,80.0,83.33333333333334,90.0,12,40.0,9,30.0,3,10.0,1,3.3333333333333335,2,6.666666666666667,3,10.0,2.4,1.540562667772179,2.0,2.0,76.66666666666667,86.66666666666667,93.33333333333333,11,36.666666666666664,9,30.0,3,10.0,3,10.0,2,6.666666666666667,2,6.666666666666667,3.0,1.7888543819998317,3.0,2.5,73.33333333333333,76.66666666666667,80.0,8,26.666666666666668,5,16.666666666666664,9,30.0,1,3.3333333333333335,1,3.3333333333333335,6,20.0
75,True,2.8666666666666667,1.4772346537440226,2.5,2.0,66.66666666666666,80.0,96.66666666666667,6,20.0,9,30.0,5,16.666666666666664,4,13.333333333333334,5,16.666666666666664,1,3.3333333333333335,2.2333333333333334,1.8015425489162211,1.0,1.75,76.66666666666667,83.33333333333334,86.66666666666667,17,56.666666666666664,5,16.666666666666664,1,3.3333333333333335,2,6.666666666666667,1,3.3333333333333335,4,13.333333333333334,2.566666666666667,1.9779338265529063,1.5,3.75,70.0,73.33333333333333,83.33333333333334,15,50.0,5,16.666666666666664,1,3.3333333333333335,1,3.3333333333333335,3,10.0,5,16.666666666666664,2.566666666666667,1.6868774571839995,2.0,2.75,73.33333333333333,80.0,90.0,10,33.33333333333333,10,33.33333333333333,2,6.666666666666667,2,6.666666666666667,3,10.0,3,10.0
76,True,2.4,1.3316656236958786,2.0,2.0,80.0,93.33333333333333,96.66666666666667,10,33.33333333333333,7,23.333333333333332,7,23.333333333333332,4,13.333333333333334,1,3.3333333333333335,1,3.3333333333333335,2.3,1.6763054614240211,1.5,2.0,76.66666666666667,86.66666666666667,90.0,15,50.0,5,16.666666666666664,3,10.0,3,10.0,1,3.3333333333333335,3,10.0,2.4,1.7625738755203049,2.0,2.0,76.66666666666667,83.33333333333334,86.66666666666667,14,46.666666666666664,6,20.0,3,10.0,2,6.666666666666667,1,3.3333333333333335,4,13.333333333333334,2.5,1.5864005379054391,2.0,2.75,73.33333333333333,86.66666666666667,93.33333333333333,12,40.0,5,16.666666666666664,5,16.666666666666664,4,13.333333333333334,2,6.666666666666667,2,6.666666666666667
77,True,2.6666666666666665,1.4907119849998598,3.0,3.0,70.0,86.66666666666667,96.66666666666667,10,33.33333333333333,4,13.333333333333334,7,23.333333333333332,5,16.666666666666664,3,10.0,1,3.3333333333333335,2.4,1.836663641860788,2.0,2.5,73.33333333333333,83.33333333333334,83.33333333333334,14,46.666666666666664,8,26.666666666666668,0,0.0,3,10.0,0,0.0,5,16.666666666666664,2.5,1.7272328544042153,2.0,2.75,73.33333333333333,86.66666666666667,86.66666666666667,13,43.333333333333336,5,16.666666666666664,4,13.333333333333334,4,13.333333333333334,0,0.0,4,13.333333333333334,2.9,1.7767010628315238,2.0,3.0,63.33333333333333,76.66666666666667,86.66666666666667,9,30.0,7,23.333333333333332,3,10.0,4,13.333333333333334,3,10.0,4,13.333333333333334
78,True,2.6,1.2274635093014645,2.0,1.0,83.33333333333334,90.0,96.66666666666667,5,16.666666666666664,11,36.666666666666664,9,30.0,2,6.666666666666667,2,6.666666666666667,1,3.3333333333333335,2.433333333333333,1.5638272140986533,2.0,2.0,83.33333333333334,83.33333333333334,90.0,9,30.0,12,40.0,4,13.333333333333334,0,0.0,2,6.666666666666667,3,10.0,2.566666666666667,1.6669999666733315,2.0,1.75,80.0,80.0,86.66666666666667,8,26.666666666666668,13,43.333333333333336,3,10.0,0,0.0,2,6.666666666666667,4,13.333333333333334,2.8666666666666667,1.8024674446127702,2.0,1.75,73.33333333333333,76.66666666666667,80.0,7,23.333333333333332,11,36.666666666666664,4,13.333333333333334,1,3.3333333333333335,1,3.3333333333333335,6,20.0
79,True,2.3666666666666667,1.4019827229875395,2.0,2.0,80.0,93.33333333333333,93.33333333333333,10,33.33333333333333,9,30.0,5,16.666666666666664,4,13.333333333333334,0,0.0,2,6.666666666666667,2.1666666666666665,1.4624940645653537,2.0,2.0,80.0,93.33333333333333,93.33333333333333,14,46.666666666666664,7,23.333333333333332,3,10.0,4,13.333333333333334,0,0.0,2,6.666666666666667,2.3666666666666667,1.4715826703096078,2.0,2.0,80.0,90.0,93.33333333333333,11,36.666666666666664,8,26.666666666666668,5,16.666666666666664,3,10.0,1,3.3333333333333335,2,6.666666666666667,2.466666666666667,1.5648926125740672,2.0,2.0,76.66666666666667,83.33333333333334,93.33333333333333,10,33.33333333333333,10,33.33333333333333,3,10.0,2,6.666666666666667,3,10.0,2,6.666666666666667
80,True,2.533333333333333,1.2310790208412925,2.5,1.0,83.33333333333334,93.33333333333333,96.66666666666667,7,23.333333333333332,8,26.666666666666668,10,33.33333333333333,3,10.0,1,3.3333333333333335,1,3.3333333333333335,2.2333333333333334,1.6265163865007803,2.0,1.75,80.0,86.66666666666667,90.0,14,46.666666666666664,8,26.666666666666668,2,6.666666666666667,2,6.666666666666667,1,3.3333333333333335,3,10.0,2.2,1.4696938456699067,2.0,2.0,83.33333333333334,90.0,93.33333333333333,13,43.333333333333336,8,26.666666666666668,4,13.333333333333334,2,6.666666666666667,1,3.3333333333333335,2,6.666666666666667,2.6,1.6852299546352716,2.0,2.0,76.66666666666667,83.33333333333334,86.66666666666667,10,33.33333333333333,8,26.666666666666668,5,16.666666666666664,2,6.666666666666667,1,3.3333333333333335,4,13.333333333333334
81,True,2.3666666666666667,1.32874209519965,2.0,2.0,86.66666666666667,93.33333333333333,93.33333333333333,9,30.0,9,30.0,8,26.666666666666668,2,6.666666666666667,0,0.0,2,6.666666666666667,2.066666666666667,1.3888444437333107,2.0,1.75,86.66666666666667,93.33333333333333,93.33333333333333,14,46.666666666666664,8,26.666666666666668,4,13.333333333333334,2,6.666666666666667,0,0.0,2,6.666666666666667,2.2,1.4696938456699067,2.0,2.0,83.33333333333334,90.0,93.33333333333333,13,43.333333333333336,8,26.666666666666668,4,13.333333333333334,2,6.666666666666667,1,3.3333333333333335,2,6.666666666666667,2.3,1.5947831618540915,2.0,2.0,83.33333333333334,86.66666666666667,90.0,13,43.333333333333336,7,23.333333333333332,5,16.666666666666664,1,3.3333333333333335,1,3.3333333333333335,3,10.0
82,True,2.566666666666667,1.4067298564006128,2.5,2.0,76.66666666666667,93.33333333333333,93.33333333333333,9,30.0,6,20.0,8,26.666666666666668,5,16.666666666666664,0,0.0,2,6.666666666666667,2.2,1.5999999999999999,1.5,2.0,83.33333333333334,83.33333333333334,93.33333333333333,15,50.0,6,20.0,4,13.333333333333334,0,0.0,3,10.0,2,6.666666666666667,2.3666666666666667,1.7792008193443358,2.0,2.0,80.0,80.0,86.66666666666667,14,46.666666666666664,7,23.333333333333332,3,10.0,0,0.0,2,6.666666666666667,4,13.333333333333334,2.7,1.8823743871327334,2.0,3.0,70.0,76.66666666666667,83.33333333333334,12,40.0,6,20.0,3,10.0,2,6.666666666666667,2,6.666666666666667,5,16.666666666666664
83,True,2.6666666666666665,1.247219128924647,3.0,1.0,83.33333333333334,93.33333333333333,93.33333333333333,5,16.666666666666664,9,30.0,11,36.666666666666664,3,10.0,0,0.0,2,6.666666666666667,2.433333333333333,1.7641491496532322,2.0,2.0,83.33333333333334,83.33333333333334,83.33333333333334,13,43.333333333333336,6,20.0,6,20.0,0,0.0,0,0.0,5,16.666666666666664,2.7,1.9347695814575268,2.0,3.75,70.0,73.33333333333333,83.33333333333334,13,43.333333333333336,5,16.666666666666664,3,10.0,1,3.3333333333333335,3,10.0,5,16.666666666666664,2.6666666666666665,1.4452988925785866,2.5,1.75,76.66666666666667,83.33333333333334,96.66666666666667,8,26.666666666666668,7,23.333333333333332,8,26.666666666666668,2,6.666666666666667,4,13.333333333333334,1,3.3333333333333335
84,True,2.8666666666666667,1.4313940369055926,3.0,1.0,80.0,83.33333333333334,90.0,4,13.333333333333334,10,33.33333333333333,10,33.33333333333333,1,3.3333333333333335,2,6.666666666666667,3,10.0,2.3333333333333335,1.5129074290546956,2.0,2.0,83.33333333333334,86.66666666666667,93.33333333333333,12,40.0,7,23.333333333333332,6,20.0,1,3.3333333333333335,2,6.666666666666667,2,6.666666666666667,2.533333333333333,1.687865186822955,2.0,2.0,80.0,83.33333333333334,86.66666666666667,11,36.666666666666664,7,23.333333333333332,6,20.0,1,3.3333333333333335,1,3.3333333333333335,4,13.333333333333334,2.933333333333333,1.730767331432956,3.0,2.75,70.0,80.0,83.33333333333334,8,26.666666666666668,6,20.0,7,23.333333333333332,3,10.0,1,3.3333333333333335,5,16.666666666666664
85,True,2.066666666666667,1.2092238098144703,2.0,1.75,86.66666666666667,96.66666666666667,96.66666666666667,12,40.0,10,33.33333333333333,4,13.333333333333334,3,10.0,0,0.0,1,3.3333333333333335,1.8,1.32664991614216,1.0,1.0,90.0,93.33333333333333,93.33333333333333,17,56.666666666666664,9,30.0,1,3.3333333333333335,1,3.3333333333333335,0,0.0,2,6.666666666666667,2.1666666666666665,1.7527755766846542,1.0,1.0,80.0,83.33333333333334,86.66666666666667,16,53.333333333333336,8,26.666666666666668,0,0.0,1,3.3333333333333335,1,3.3333333333333335,4,13.333333333333334,2.1666666666666665,1.5509853498842456,2.0,1.0,86.66666666666667,86.66666666666667,90.0,13,43.333333333333336,10,33.33333333333333,3,10.0,0,0.0,1,3.3333333333333335,3,10.0
86,True,2.7,1.3203534880225574,3.0,1.0,76.66666666666667,93.33333333333333,93.33333333333333,6,20.0,8,26.666666666666668,9,30.0,5,16.666666666666664,0,0.0,2,6.666666666666667,2.2666666666666666,1.5260697523012796,2.0,2.0,80.0,90.0,93.33333333333333,14,46.666666666666664,5,16.666666666666664,5,16.666666666666664,3,10.0,1,3.3333333333333335,2,6.666666666666667,2.6,1.7625738755203049,2.0,2.0,76.66666666666667,83.33333333333334,83.33333333333334,11,36.666666666666664,7,23.333333333333332,5,16.666666666666664,2,6.666666666666667,0,0.0,5,16.666666666666664,2.7,1.6960738977611403,2.0,2.75,73.33333333333333,83.33333333333334,86.66666666666667,10,33.33333333333333,6,20.0,6,20.0,3,10.0,1,3.3333333333333335,4,13.333333333333334
87,True,2.9,1.619670748434179,3.0,2.75,63.33333333333333,83.33333333333334,90.0,8,26.666666666666668,6,20.0,5,16.666666666666664,6,20.0,2,6.666666666666667,3,10.0,2.4,1.5832456116050557,2.0,3.0,66.66666666666666,93.33333333333333,93.33333333333333,14,46.666666666666664,4,13.333333333333334,2,6.666666666666667,8,26.666666666666668,0,0.0,2,6.666666666666667,2.6,1.8726095873584185,2.0,3.0,66.66666666666666,83.33333333333334,83.33333333333334,14,46.666666666666664,4,13.333333333333334,2,6.666666666666667,5,16.666666666666664,0,0.0,5,16.666666666666664,2.8333333333333335,1.694763175851488,2.5,3.0,66.66666666666666,83.33333333333334,86.66666666666667,9,30.0,6,20.0,5,16.666666666666664,5,16.666666666666664,1,3.3333333333333335,4,13.333333333333334
88,True,2.3666666666666667,1.3780017739062924,2.0,2.0,80.0,93.33333333333333,96.66666666666667,12,40.0,4,13.333333333333334,8,26.666666666666668,4,13.333333333333334,1,3.3333333333333335,1,3.3333333333333335,2.2666666666666666,1.5040685563571303,2.0,2.0,80.0,90.0,93.33333333333333,13,43.333333333333336,7,23.333333333333332,4,13.333333333333334,3,10.0,1,3.3333333333333335,2,6.666666666666667,2.433333333333333,1.7641491496532322,2.0,2.0,80.0,80.0,86.66666666666667,13,43.333333333333336,7,23.333333333333332,4,13.333333333333334,0,0.0,2,6.666666666666667,4,13.333333333333334,2.533333333333333,1.687865186822955,2.0,2.75,73.33333333333333,83.33333333333334,90.0,12,40.0,6,20.0,4,13.333333333333334,3,10.0,2,6.666666666666667,3,10.0
89,True,2.8333333333333335,1.5073892072793351,2.5,1.0,76.66666666666667,86.66666666666667,86.66666666666667,5,16.666666666666664,10,33.33333333333333,8,26.666666666666668,3,10.0,0,0.0,4,13.333333333333334,2.5,1.4548768561863463,2.0,2.0,76.66666666666667,90.0,93.33333333333333,9,30.0,9,30.0,5,16.666666666666664,4,13.333333333333334,1,3.3333333333333335,2,6.666666666666667,2.6,1.518771433319269,2.0,1.75,80.0,86.66666666666667,90.0,8,26.666666666666668,9,30.0,7,23.333333333333332,2,6.666666666666667,1,3.3333333333333335,3,10.0,2.9,1.556705923844749,3.0,1.75,73.33333333333333,80.0,90.0,6,20.0,8,26.666666666666668,8,26.666666666666668,2,6.666666666666667,3,10.0,3,10.0
90,True,2.8666666666666667,1.4079141387961918,3.0,2.0,70.0,90.0,93.33333333333333,7,23.333333333333332,4,13.333333333333334,10,33.33333333333333,6,20.0,1,3.3333333333333335,2,6.666666666666667,2.566666666666667,1.5205992970609392,2.0,2.0,76.66666666666667,86.66666666666667,93.33333333333333,10,33.33333333333333,6,20.0,7,23.333333333333332,3,10.0,2,6.666666666666667,2,6.666666666666667,2.7,1.7349351572897473,2.0,2.0,76.66666666666667,83.33333333333334,83.33333333333334,10,33.33333333333333,6,20.0,7,23.333333333333332,2,6.666666666666667,0,0.0,5,16.666666666666664,2.6666666666666665,1.3249737942901196,3.0,1.0,76.66666666666667,90.0,96.66666666666667,7,23.333333333333332,7,23.333333333333332,9,30.0,4,13.333333333333334,2,6.666666666666667,1,3.3333333333333335
91,True,3.2666666666666666,1.4590712418826193,3.0,2.0,53.333333333333336,83.33333333333334,90.0,4,13.333333333333334,6,20.0,6,20.0,9,30.0,2,6.666666666666667,3,10.0,2.6666666666666665,1.903213656482693,2.0,3.75,66.66666666666666,73.33333333333333,86.66666666666667,13,43.333333333333336,6,20.0,1,3.3333333333333335,2,6.666666666666667,4,13.333333333333334,4,13.333333333333334,2.8333333333333335,1.9507833184532706,2.0,3.75,66.66666666666666,73.33333333333333,80.0,11,36.666666666666664,7,23.333333333333332,2,6.666666666666667,2,6.666666666666667,2,6.666666666666667,6,20.0,3.1333333333333333,1.765093639316497,3.0,2.0,56.666666666666664,76.66666666666667,83.33333333333334,7,23.333333333333332,7,23.333333333333332,3,10.0,6,20.0,2,6.666666666666667,5,16.666666666666664
92,True,2.433333333333333,1.2827920936595905,2.0,1.0,83.33333333333334,90.0,96.66666666666667,7,23.333333333333332,12,40.0,6,20.0,2,6.666666666666667,2,6.666666666666667,1,3.3333333333333335,2.3,1.4177446878757824,2.0,2.0,83.33333333333334,90.0,93.33333333333333,10,33.33333333333333,11,36.666666666666664,4,13.333333333333334,2,6.666666666666667,1,3.3333333333333335,2,6.666666666666667,2.6,1.6852299546352718,2.0,2.0,76.66666666666667,83.33333333333334,86.66666666666667,10,33.33333333333333,8,26.666666666666668,5,16.666666666666664,2,6.666666666666667,1,3.3333333333333335,4,13.333333333333334,2.5,1.5652475842498528,2.0,2.0,80.0,86.66666666666667,90.0,10,33.33333333333333,8,26.666666666666668,6,20.0,2,6.666666666666667,1,3.3333333333333335,3,10.0
93,True,2.566666666666667,1.430229196861662,2.5,1.75,86.66666666666667,90.0,90.0,8,26.666666666666668,7,23.333333333333332,11,36.666666666666664,1,3.3333333333333335,0,0.0,3,10.0,2.3333333333333335,1.5347819244295116,2.0,2.0,80.0,86.66666666666667,93.33333333333333,12,40.0,8,26.666666666666668,4,13.333333333333334,2,6.666666666666667,2,6.666666666666667,2,6.666666666666667,2.466666666666667,1.6478942792411033,2.0,2.0,76.66666666666667,83.33333333333334,90.0,11,36.666666666666664,9,30.0,3,10.0,2,6.666666666666667,2,6.666666666666667,3,10.0,2.6666666666666665,1.6193277068654826,2.0,2.5,73.33333333333333,86.66666666666667,86.66666666666667,8,26.666666666666668,10,33.33333333333333,4,13.333333333333334,4,13.333333333333334,0,0.0,4,13.333333333333334
94,True,2.5,1.4776106839534333,2.0,2.0,76.66666666666667,86.66666666666667,96.66666666666667,11,36.666666666666664,5,16.666666666666664,7,23.333333333333332,3,10.0,3,10.0,1,3.3333333333333335,1.9666666666666666,1.2242911781471304,1.5,2.0,90.0,96.66666666666667,96.66666666666667,15,50.0,6,20.0,6,20.0,2,6.666666666666667,0,0.0,1,3.3333333333333335,2.3333333333333335,1.6193277068654823,2.0,2.0,80.0,86.66666666666667,90.0,13,43.333333333333336,7,23.333333333333332,4,13.333333333333334,2,6.666666666666667,1,3.3333333333333335,3,10.0,2.566666666666667,1.7641491496532322,2.0,2.0,76.66666666666667,83.33333333333334,83.33333333333334,11,36.666666666666664,8,26.666666666666668,4,13.333333333333334,2,6.666666666666667,0,0.0,5,16.666666666666664
95,True,2.2,1.2489995996796794,2.0,2.0,86.66666666666667,93.33333333333333,96.66666666666667,10,33.33333333333333,11,36.666666666666664,5,16.666666666666664,2,6.666666666666667,1,3.3333333333333335,1,3.3333333333333335,2.3,1.7540429489230491,2.0,1.0,83.33333333333334,83.33333333333334,83.33333333333334,13,43.333333333333336,10,33.33333333333333,2,6.666666666666667,0,0.0,0,0.0,5,16.666666666666664,2.6,1.8726095873584185,2.0,2.0,76.66666666666667,80.0,80.0,12,40.0,7,23.333333333333332,4,13.333333333333334,1,3.3333333333333335,0,0.0,6,20.0,2.933333333333333,1.7688665548562132,2.0,1.75,73.33333333333333,76.66666666666667,80.0,6,20.0,11,36.666666666666664,5,16.666666666666664,1,3.3333333333333335,1,3.3333333333333335,6,20.0
96,True,2.433333333333333,1.2023125864580952,2.0,1.75,83.33333333333334,96.66666666666667,96.66666666666667,8,26.666666666666668,8,26.666666666666668,9,30.0,4,13.333333333333334,0,0.0,1,3.3333333333333335,2.2666666666666666,1.5477582354991866,2.0,2.0,83.33333333333334,90.0,90.0,13,43.333333333333336,7,23.333333333333332,5,16.666666666666664,2,6.666666666666667,0,0.0,3,10.0,2.3666666666666667,1.6224124698183944,2.0,2.0,80.0,86.66666666666667,90.0,13,43.333333333333336,6,20.0,5,16.666666666666664,2,6.666666666666667,1,3.3333333333333335,3,10.0,2.8666666666666667,1.839081896551163,2.5,3.0,70.0,80.0,80.0,10,33.33333333333333,5,16.666666666666664,6,20.0,3,10.0,0,0.0,6,20.0
97,True,2.6333333333333333,1.4019827229875395,2.0,1.0,83.33333333333334,90.0,90.0,6,20.0,10,33.33333333333333,9,30.0,2,6.666666666666667,0,0.0,3,10.0,2.3666666666666667,1.6629959577688562,2.0,2.0,76.66666666666667,86.66666666666667,90.0,14,46.666666666666664,5,16.666666666666664,4,13.333333333333334,3,10.0,1,3.3333333333333335,3,10.0,2.466666666666667,1.7074997966487597,2.0,2.75,73.33333333333333,83.33333333333334,90.0,13,43.333333333333336,6,20.0,3,10.0,3,10.0,2,6.666666666666667,3,10.0,2.7333333333333334,1.6918103387266028,2.0,3.0,66.66666666666666,86.66666666666667,86.66666666666667,10,33.33333333333333,6,20.0,4,13.333333333333334,6,20.0,0,0.0,4,13.333333333333334
98,True,2.7666666666666666,1.358512258154322,3.0,2.0,70.0,90.0,96.66666666666667,7,23.333333333333332,6,20.0,8,26.666666666666668,6,20.0,2,6.666666666666667,1,3.3333333333333335,2.466666666666667,1.746106780494506,2.0,2.75,73.33333333333333,86.66666666666667,86.66666666666667,14,46.666666666666664,4,13.333333333333334,4,13.333333333333334,4,13.333333333333334,0,0.0,4,13.333333333333334,2.7,1.9519221295943134,2.0,3.0,70.0,76.66666666666667,80.0,13,43.333333333333336,5,16.666666666666664,3,10.0,2,6.666666666666667,1,3.3333333333333335,6,20.0,2.7333333333333334,1.7499206331208919,2.0,3.0,66.66666666666666,83.33333333333334,86.66666666666667,11,36.666666666666664,5,16.666666666666664,4,13.333333333333334,5,16.666666666666664,1,3.3333333333333335,4,13.333333333333334
99,True,2.2333333333333334,1.4067298564006128,2.0,2.0,83.33333333333334,93.33333333333333,93.33333333333333,12,40.0,8,26.666666666666668,5,16.666666666666664,3,10.0,0,0.0,2,6.666666666666667,2.066666666666667,1.590248058916875,1.0,1.75,83.33333333333334,90.0,90.0,17,56.666666666666664,5,16.666666666666664,3,10.0,2,6.666666666666667,0,0.0,3,10.0,2.3333333333333335,1.8318175552045448,1.0,2.0,80.0,83.33333333333334,83.33333333333334,16,53.333333333333336,4,13.333333333333334,4,13.333333333333334,1,3.3333333333333335,0,0.0,5,16.666666666666664,2.433333333333333,1.7065234314893605,2.0,2.0,80.0,83.33333333333334,86.66666666666667,12,40.0,8,26.666666666666668,4,13.333333333333334,1,3.3333333333333335,1,3.3333333333333335,4,13.333333333333334
100,True,2.8666666666666667,1.384035966135113,3.0,2.0,63.33333333333333,90.0,96.66666666666667,7,23.333333333333332,5,16.666666666666664,7,23.333333333333332,8,26.666666666666668,2,6.666666666666667,1,3.3333333333333335,2.4,1.624807680927192,2.0,2.0,76.66666666666667,83.33333333333334,93.33333333333333,13,43.333333333333336,6,20.0,4,13.333333333333334,2,6.666666666666667,3,10.0,2,6.666666666666667,2.433333333333333,1.5638272140986533,2.0,3.0,70.0,86.66666666666667,96.66666666666667,13,43.333333333333336,5,16.666666666666664,3,10.0,5,16.666666666666664,3,10.0,1,3.3333333333333335,2.8,1.6206994374857624,2.5,3.0,63.33333333333333,86.66666666666667,90.0,9,30.0,6,20.0,4,13.333333333333334,7,23.333333333333332,1,3.3333333333333335,3,10.0
101,True,2.6333333333333333,1.32874209519965,3.0,1.0,80.0,93.33333333333333,93.33333333333333,7,23.333333333333332,7,23.333333333333332,10,33.33333333333333,4,13.333333333333334,0,0.0,2,6.666666666666667,2.5,1.857417562100671,2.0,2.75,73.33333333333333,76.66666666666667,86.66666666666667,14,46.666666666666664,6,20.0,2,6.666666666666667,1,3.3333333333333335,3,10.0,4,13.333333333333334,2.566666666666667,1.7829438827088442,2.0,3.0,70.0,83.33333333333334,86.66666666666667,13,43.333333333333336,5,16.666666666666664,3,10.0,4,13.333333333333334,1,3.3333333333333335,4,13.333333333333334,2.9,1.7387735140993301,3.0,3.0,70.0,76.66666666666667,86.66666666666667,9,30.0,5,16.666666666666664,7,23.333333333333332,2,6.666666666666667,3,10.0,4,13.333333333333334
102,True,2.7,1.5947831618540917,2.0,1.0,80.0,83.33333333333334,86.66666666666667,7,23.333333333333332,10,33.33333333333333,7,23.333333333333332,1,3.3333333333333335,1,3.3333333333333335,4,13.333333333333334,2.3333333333333335,1.7191729277636836,2.0,2.0,83.33333333333334,83.33333333333334,86.66666666666667,14,46.666666666666664,6,20.0,5,16.666666666666664,0,0.0,1,3.3333333333333335,4,13.333333333333334,2.3,1.6155494421403511,2.0,2.0,80.0,83.33333333333334,93.33333333333333,14,46.666666666666664,6,20.0,4,13.333333333333334,1,3.3333333333333335,3,10.0,2,6.666666666666667,2.8,1.886796226411321,2.0,2.75,73.33333333333333,76.66666666666667,80.0,11,36.666666666666664,5,16.666666666666664,6,20.0,1,3.3333333333333335,1,3.3333333333333335,6,20.0
103,True,2.466666666666667,1.586050300449376,2.0,2.0,76.66666666666667,90.0,90.0,12,40.0,5,16.666666666666664,6,20.0,4,13.333333333333334,0,0.0,3,10.0,2.1,1.7953644012660308,1.0,1.75,76.66666666666667,86.66666666666667,86.66666666666667,20,66.66666666666666,2,6.666666666666667,1,3.3333333333333335,3,10.0,0,0.0,4,13.333333333333334,2.1333333333333333,1.7650936393164969,1.0,2.0,80.0,86.66666666666667,86.66666666666667,19,63.33333333333333,2,6.666666666666667,3,10.0,2,6.666666666666667,0,0.0,4,13.333333333333334,2.4,1.8184242262647807,1.0,2.75,73.33333333333333,83.33333333333334,86.66666666666667,16,53.333333333333336,3,10.0,3,10.0,3,10.0,1,3.3333333333333335,4,13.333333333333334
104,True,2.7333333333333334,1.4817407180595246,2.5,1.75,73.33333333333333,90.0,90.0,7,23.333333333333332,8,26.666666666666668,7,23.333333333333332,5,16.666666666666664,0,0.0,3,10.0,2.4,1.781385228784985,2.0,2.0,80.0,83.33333333333334,83.33333333333334,13,43.333333333333336,8,26.666666666666668,3,10.0,1,3.3333333333333335,0,0.0,5,16.666666666666664,2.6666666666666665,1.8135294011647258,2.0,3.0,66.66666666666666,80.0,86.66666666666667,12,40.0,6,20.0,2,6.666666666666667,4,13.333333333333334,2,6.666666666666667,4,13.333333333333334,2.7666666666666666,1.7065234314893605,2.0,3.0,66.66666666666666,83.33333333333334,86.66666666666667,9,30.0,8,26.666666666666668,3,10.0,5,16.666666666666664,1,3.3333333333333335,4,13.333333333333334
105,True,2.7,1.7349351572897471,2.0,2.0,76.66666666666667,83.33333333333334,83.33333333333334,10,33.33333333333333,6,20.0,7,23.333333333333332,2,6.666666666666667,0,0.0,5,16.666666666666664,2.1333333333333333,1.7650936393164969,1.0,1.75,83.33333333333334,83.33333333333334,86.66666666666667,18,60.0,4,13.333333333333334,3,10.0,0,0.0,1,3.3333333333333335,4,13.333333333333334,2.066666666666667,1.691810338726603,1.0,1.75,86.66666666666667,86.66666666666667,86.66666666666667,18,60.0,4,13.333333333333334,4,13.333333333333334,0,0.0,0,0.0,4,13.333333333333334,2.6333333333333333,2.0733762053445313,1.0,3.5,73.33333333333333,73.33333333333333,76.66666666666667,16,53.333333333333336,2,6.666666666666667,4,13.333333333333334,0,0.0,1,3.3333333333333335,7,23.333333333333332
106,True,2.9,1.5132745950421556,3.0,1.75,73.33333333333333,86.66666666666667,86.66666666666667,5,16.666666666666664,9,30.0,8,26.666666666666668,4,13.333333333333334,0,0.0,4,13.333333333333334,2.3666666666666667,1.6629959577688562,2.0,2.0,76.66666666666667,86.66666666666667,90.0,14,46.666666666666664,5,16.666666666666664,4,13.333333333333334,3,10.0,1,3.3333333333333335,3,10.0,2.5,1.7272328544042153,2.0,2.75,73.33333333333333,86.66666666666667,86.66666666666667,13,43.333333333333336,5,16.666666666666664,4,13.333333333333334,4,13.333333333333334,0,0.0,4,13.333333333333334,2.6333333333333333,1.7603661235347856,2.0,2.75,73.33333333333333,80.0,86.66666666666667,11,36.666666666666664,7,23.333333333333332,4,13.333333333333334,2,6.666666666666667,2,6.666666666666667,4,13.333333333333334
107,True,3.0,1.4605934866804429,3.0,1.75,73.33333333333333,86.66666666666667,86.66666666666667,4,13.333333333333334,8,26.666666666666668,10,33.33333333333333,4,13.333333333333334,0,0.0,4,13.333333333333334,2.5,1.648231375343482,2.0,2.0,76.66666666666667,83.33333333333334,90.0,11,36.666666666666664,8,26.666666666666668,4,13.333333333333334,2,6.666666666666667,2,6.666666666666667,3,10.0,2.5,1.5,2.0,2.0,86.66666666666667,86.66666666666667,90.0,9,30.0,8,26.666666666666668,9,30.0,0,0.0,1,3.3333333333333335,3,10.0,2.8333333333333335,1.674979270186815,2.5,3.0,66.66666666666666,80.0,90.0,9,30.0,6,20.0,5,16.666666666666664,4,13.333333333333334,3,10.0,3,10.0
108,True,2.9,1.3,3.0,1.0,76.66666666666667,86.66666666666667,93.33333333333333,3,10.0,10,33.33333333333333,10,33.33333333333333,3,10.0,2,6.666666666666667,2,6.666666666666667,2.7,1.7540429489230493,2.0,3.0,70.0,80.0,86.66666666666667,10,33.33333333333333,8,26.666666666666668,3,10.0,3,10.0,2,6.666666666666667,4,13.333333333333334,2.7333333333333334,1.730767331432956,2.0,3.0,70.0,80.0,86.66666666666667,9,30.0,9,30.0,3,10.0,3,10.0,2,6.666666666666667,4,13.333333333333334,2.7666666666666666,1.6868774571839995,2.0,2.0,70.0,80.0,86.66666666666667,7,23.333333333333332,12,40.0,2,6.666666666666667,3,10.0,2,6.666666666666667,4,13.333333333333334
109,True,2.1333333333333333,1.0873004286866728,2.0,2.0,90.0,96.66666666666667,100.0,11,36.666666666666664,8,26.666666666666668,8,26.666666666666668,2,6.666666666666667,1,3.3333333333333335,0,0.0,2.066666666666667,1.6316317667360556,1.0,1.0,83.33333333333334,86.66666666666667,90.0,17,56.666666666666664,6,20.0,2,6.666666666666667,1,3.3333333333333335,1,3.3333333333333335,3,10.0,2.2333333333333334,1.6868774571839993,1.0,2.0,76.66666666666667,86.66666666666667,90.0,16,53.333333333333336,5,16.666666666666664,2,6.666666666666667,3,10.0,1,3.3333333333333335,3,10.0,2.533333333333333,1.8024674446127702,2.0,2.0,80.0,80.0,83.33333333333334,12,40.0,7,23.333333333333332,5,16.666666666666664,0,0.0,1,3.3333333333333335,5,16.666666666666664
110,True,2.8,1.5790292376436015,2.0,1.0,76.66666666666667,83.33333333333334,86.66666666666667,6,20.0,10,33.33333333333333,7,23.333333333333332,2,6.666666666666667,1,3.3333333333333335,4,13.333333333333334,2.3666666666666667,1.6428295373802142,2.0,2.0,76.66666666666667,83.33333333333334,93.33333333333333,14,46.666666666666664,5,16.666666666666664,4,13.333333333333334,2,6.666666666666667,3,10.0,2,6.666666666666667,2.6666666666666665,1.86785676348292,2.0,2.75,73.33333333333333,76.66666666666667,83.33333333333334,12,40.0,6,20.0,4,13.333333333333334,1,3.3333333333333335,2,6.666666666666667,5,16.666666666666664,2.6666666666666665,1.7384539747207064,2.0,3.0,70.0,83.33333333333334,86.66666666666667,11,36.666666666666664,6,20.0,4,13.333333333333334,4,13.333333333333334,1,3.3333333333333335,4,13.333333333333334
111,True,2.566666666666667,1.382831234179436,2.0,1.0,80.0,90.0,93.33333333333333,7,23.333333333333332,10,33.33333333333333,7,23.333333333333332,3,10.0,1,3.3333333333333335,2,6.666666666666667,2.1333333333333333,1.6069294390925268,1.5,1.0,83.33333333333334,86.66666666666667,90.0,15,50.0,8,26.666666666666668,2,6.666666666666667,1,3.3333333333333335,1,3.3333333333333335,3,10.0,2.2666666666666666,1.671991493864594,1.5,2.0,76.66666666666667,86.66666666666667,90.0,15,50.0,6,20.0,2,6.666666666666667,3,10.0,1,3.3333333333333335,3,10.0,2.4,1.781385228784985,2.0,2.0,80.0,83.33333333333334,83.33333333333334,13,43.333333333333336,8,26.666666666666668,3,10.0,1,3.3333333333333335,0,0.0,5,16.666666666666664
112,True,2.2666666666666666,1.412641340027806,2.0,2.0,80.0,93.33333333333333,93.33333333333333,11,36.666666666666664,10,33.33333333333333,3,10.0,4,13.333333333333334,0,0.0,2,6.666666666666667,2.2333333333333334,1.7451520150277897,1.0,1.75,76.66666666666667,86.66666666666667,86.66666666666667,16,53.333333333333336,6,20.0,1,3.3333333333333335,3,10.0,0,0.0,4,13.333333333333334,2.3666666666666667,1.7413277182145301,2.0,2.75,73.33333333333333,86.66666666666667,86.66666666666667,14,46.666666666666664,7,23.333333333333332,1,3.3333333333333335,4,13.333333333333334,0,0.0,4,13.333333333333334,2.5,1.6683325008322931,2.0,2.75,73.33333333333333,83.33333333333334,90.0,11,36.666666666666664,9,30.0,2,6.666666666666667,3,10.0,2,6.666666666666667,3,10.0
113,True,2.533333333333333,1.1756794725698931,2.0,1.0,80.0,93.33333333333333,96.66666666666667,4,13.333333333333334,15,50.0,5,16.666666666666664,4,13.333333333333334,1,3.3333333333333335,1,3.3333333333333335,2.3333333333333335,1.6193277068654826,2.0,2.0,83.33333333333334,83.33333333333334,90.0,12,40.0,9,30.0,4,13.333333333333334,0,0.0,2,6.666666666666667,3,10.0,2.6,1.7243356208503418,2.0,2.75,73.33333333333333,76.66666666666667,90.0,10,33.33333333333333,10,33.33333333333333,2,6.666666666666667,1,3.3333333333333335,4,13.333333333333334,3,10.0,2.7333333333333334,1.7876116903722563,2.0,2.5,73.33333333333333,76.66666666666667,83.33333333333334,8,26.666666666666668,12,40.0,2,6.666666666666667,1,3.3333333333333335,2,6.666666666666667,5,16.666666666666664
114,True,2.3333333333333335,1.247219128924647,2.0,2.0,80.0,96.66666666666667,96.66666666666667,9,30.0,10,33.33333333333333,5,16.666666666666664,5,16.666666666666664,0,0.0,1,3.3333333333333335,2.2333333333333334,1.7829438827088444,1.0,2.0,80.0,80.0,90.0,18,60.0,2,6.666666666666667,4,13.333333333333334,0,0.0,3,10.0,3,10.0,2.3333333333333335,1.679947089113887,1.5,2.75,73.33333333333333,83.33333333333334,93.33333333333333,15,50.0,5,16.666666666666664,2,6.666666666666667,3,10.0,3,10.0,2,6.666666666666667,2.8666666666666667,1.9102065042525873,2.0,3.0,60.0,76.66666666666667,83.33333333333334,12,40.0,4,13.333333333333334,2,6.666666666666667,5,16.666666666666664,2,6.666666666666667,5,16.666666666666664
115,True,2.7666666666666666,1.2827920936595907,2.5,1.75,73.33333333333333,93.33333333333333,93.33333333333333,4,13.333333333333334,11,36.666666666666664,7,23.333333333333332,6,20.0,0,0.0,2,6.666666666666667,2.566666666666667,1.8740923729160797,2.0,3.5,73.33333333333333,73.33333333333333,86.66666666666667,13,43.333333333333336,7,23.333333333333332,2,6.666666666666667,0,0.0,4,13.333333333333334,4,13.333333333333334,2.5,1.746424919657298,2.0,2.0,76.66666666666667,80.0,86.66666666666667,11,36.666666666666664,10,33.33333333333333,2,6.666666666666667,1,3.3333333333333335,2,6.666666666666667,4,13.333333333333334,2.6666666666666665,1.8135294011647258,2.0,3.0,70.0,76.66666666666667,86.66666666666667,11,36.666666666666664,8,26.666666666666668,2,6.666666666666667,2,6.666666666666667,3,10.0,4,13.333333333333334
116,True,2.6333333333333333,1.6629959577688562,2.0,2.75,73.33333333333333,86.66666666666667,86.66666666666667,10,33.33333333333333,7,23.333333333333332,5,16.666666666666664,4,13.333333333333334,0,0.0,4,13.333333333333334,2.2666666666666666,1.6316317667360556,1.5,2.0,80.0,83.33333333333334,93.33333333333333,15,50.0,5,16.666666666666664,4,13.333333333333334,1,3.3333333333333335,3,10.0,2,6.666666666666667,2.3666666666666667,1.7413277182145301,2.0,2.0,76.66666666666667,80.0,90.0,14,46.666666666666664,7,23.333333333333332,2,6.666666666666667,1,3.3333333333333335,3,10.0,3,10.0,2.6666666666666665,1.86785676348292,2.0,3.0,70.0,80.0,83.33333333333334,13,43.333333333333336,4,13.333333333333334,4,13.333333333333334,3,10.0,1,3.3333333333333335,5,16.666666666666664
117,True,2.433333333333333,1.2023125864580955,2.0,1.75,83.33333333333334,96.66666666666667,96.66666666666667,8,26.666666666666668,8,26.666666666666668,9,30.0,4,13.333333333333334,0,0.0,1,3.3333333333333335,2.3,1.46401275039985,2.0,2.0,76.66666666666667,90.0,96.66666666666667,13,43.333333333333336,6,20.0,4,13.333333333333334,4,13.333333333333334,2,6.666666666666667,1,3.3333333333333335,2.533333333333333,1.7269111795984826,2.0,2.0,76.66666666666667,83.33333333333334,86.66666666666667,12,40.0,6,20.0,5,16.666666666666664,2,6.666666666666667,1,3.3333333333333335,4,13.333333333333334,2.7333333333333334,1.7499206331208919,2.5,2.75,73.33333333333333,80.0,86.66666666666667,11,36.666666666666664,4,13.333333333333334,7,23.333333333333332,2,6.666666666666667,2,6.666666666666667,4,13.333333333333334
118,True,2.7,1.5524174696260025,2.5,1.75,80.0,83.33333333333334,90.0,8,26.666666666666668,7,23.333333333333332,9,30.0,1,3.3333333333333335,2,6.666666666666667,3,10.0,2.2666666666666666,1.7688665548562132,1.0,2.75,73.33333333333333,83.33333333333334,90.0,17,56.666666666666664,4,13.333333333333334,1,3.3333333333333335,3,10.0,2,6.666666666666667,3,10.0,2.3666666666666667,1.81628436344337,1.0,2.75,73.33333333333333,83.33333333333334,86.66666666666667,16,53.333333333333336,4,13.333333333333334,2,6.666666666666667,3,10.0,1,3.3333333333333335,4,13.333333333333334,2.3,1.46401275039985,2.0,2.0,83.33333333333334,90.0,93.33333333333333,12,40.0,7,23.333333333333332,6,20.0,2,6.666666666666667,1,3.3333333333333335,2,6.666666666666667
119,True,2.7,1.69607389776114,2.0,2.0,76.66666666666667,80.0,86.66666666666667,9,30.0,8,26.666666666666668,6,20.0,1,3.3333333333333335,2,6.666666666666667,4,13.333333333333334,2.3333333333333335,1.679947089113887,2.0,2.0,80.0,83.33333333333334,90.0,14,46.666666666666664,6,20.0,4,13.333333333333334,1,3.3333333333333335,2,6.666666666666667,3,10.0,2.2333333333333334,1.5205992970609392,2.0,2.0,83.33333333333334,86.66666666666667,93.33333333333333,13,43.333333333333336,8,26.666666666666668,4,13.333333333333334,1,3.3333333333333335,2,6.666666666666667,2,6.666666666666667,2.7333333333333334,1.6918103387266028,2.0,2.75,73.33333333333333,76.66666666666667,90.0,9,30.0,8,26.666666666666668,5,16.666666666666664,1,3.3333333333333335,4,13.333333333333334,3,10.0
120,True,2.2666666666666666,1.1234866364235145,2.0,1.75,86.66666666666667,93.33333333333333,100.0,8,26.666666666666668,12,40.0,6,20.0,2,6.666666666666667,2,6.666666666666667,0,0.0,2.3333333333333335,1.679947089113887,2.0,2.0,80.0,83.33333333333334,90.0,14,46.666666666666664,6,20.0,4,13.333333333333334,1,3.3333333333333335,2,6.666666666666667,3,10.0,2.433333333333333,1.7641491496532322,2.0,2.0,80.0,80.0,86.66666666666667,13,43.333333333333336,7,23.333333333333332,4,13.333333333333334,0,0.0,2,6.666666666666667,4,13.333333333333334,2.3333333333333335,1.4907119849998598,2.0,2.0,83.33333333333334,86.66666666666667,93.33333333333333,11,36.666666666666664,9,30.0,5,16.666666666666664,1,3.3333333333333335,2,6.666666666666667,2,6.666666666666667
121,True,2.566666666666667,1.4533486237727762,2.0,2.0,76.66666666666667,90.0,93.33333333333333,9,30.0,7,23.333333333333332,7,23.333333333333332,4,13.333333333333334,1,3.3333333333333335,2,6.666666666666667,2.0,1.4375905768565218,1.0,1.0,80.0,86.66666666666667,100.0,17,56.666666666666664,6,20.0,1,3.3333333333333335,2,6.666666666666667,4,13.333333333333334,0,0.0,2.2666666666666666,1.6918103387266028,1.5,2.0,80.0,83.33333333333334,90.0,15,50.0,6,20.0,3,10.0,1,3.3333333333333335,2,6.666666666666667,3,10.0,2.5,1.7654083569153813,2.0,3.0,70.0,80.0,90.0,13,43.333333333333336,7,23.333333333333332,1,3.3333333333333335,3,10.0,3,10.0,3,10.0
122,True,2.966666666666667,1.7978382080215733,3.0,3.0,60.0,76.66666666666667,86.66666666666667,10,33.33333333333333,4,13.333333333333334,4,13.333333333333334,5,16.666666666666664,3,10.0,4,13.333333333333334,2.4,1.7243356208503415,1.5,2.75,73.33333333333333,80.0,93.33333333333333,15,50.0,4,13.333333333333334,3,10.0,2,6.666666666666667,4,13.333333333333334,2,6.666666666666667,2.3666666666666667,1.6629959577688562,2.0,2.75,73.33333333333333,83.33333333333334,93.33333333333333,14,46.666666666666664,6,20.0,2,6.666666666666667,3,10.0,3,10.0,2,6.666666666666667,2.966666666666667,1.8526257642120338,3.0,3.75,66.66666666666666,73.33333333333333,83.33333333333334,10,33.33333333333333,4,13.333333333333334,6,20.0,2,6.666666666666667,3,10.0,5,16.666666666666664
123,True,2.4,1.3063945294843617,2.0,2.0,83.33333333333334,93.33333333333333,96.66666666666667,10,33.33333333333333,6,20.0,9,30.0,3,10.0,1,3.3333333333333335,1,3.3333333333333335,2.466666666666667,1.746106780494506,2.0,2.0,76.66666666666667,83.33333333333334,86.66666666666667,13,43.333333333333336,6,20.0,4,13.333333333333334,2,6.666666666666667,1,3.3333333333333335,4,13.333333333333334,2.5,1.7272328544042153,2.0,2.0,76.66666666666667,83.33333333333334,86.66666666666667,12,40.0,7,23.333333333333332,4,13.333333333333334,2,6.666666666666667,1,3.3333333333333335,4,13.333333333333334,2.966666666666667,1.682920741515245,2.5,2.0,63.33333333333333,80.0,86.66666666666667,7,23.333333333333332,8,26.666666666666668,4,13.333333333333334,5,16.666666666666664,2,6.666666666666667,4,13.333333333333334
124,True,2.8666666666666667,1.586050300449376,2.0,2.0,70.0,80.0,90.0,6,20.0,10,33.33333333333333,5,16.666666666666664,3,10.0,3,10.0,3,10.0,2.466666666666667,1.7650936393164973,2.0,2.0,80.0,83.33333333333334,83.33333333333334,12,40.0,8,26.666666666666668,4,13.333333333333334,1,3.3333333333333335,0,0.0,5,16.666666666666664,2.433333333333333,1.358512258154322,2.0,2.0,80.0,90.0,96.66666666666667,9,30.0,9,30.0,6,20.0,3,10.0,2,6.666666666666667,1,3.3333333333333335,2.8,1.7776388834631178,2.0,3.0,70.0,80.0,83.33333333333334,9,30.0,8,26.666666666666668,4,13.333333333333334,3,10.0,1,3.3333333333333335,5,16.666666666666664
125,True,2.7,1.6155494421403511,2.0,1.75,80.0,83.33333333333334,86.66666666666667,8,26.666666666666668,8,26.666666666666668,8,26.666666666666668,1,3.3333333333333335,1,3.3333333333333335,4,13.333333333333334,2.3,1.5947831618540915,2.0,2.0,80.0,83.33333333333334,93.33333333333333,13,43.333333333333336,8,26.666666666666668,3,10.0,1,3.3333333333333335,3,10.0,2,6.666666666666667,2.433333333333333,1.7259457954666158,2.0,2.0,80.0,83.33333333333334,86.66666666666667,13,43.333333333333336,6,20.0,5,16.666666666666664,1,3.3333333333333335,1,3.3333333333333335,4,13.333333333333334,2.566666666666667,1.7065234314893605,2.0,2.75,73.33333333333333,76.66666666666667,93.33333333333333,12,40.0,6,20.0,4,13.333333333333334,1,3.3333333333333335,5,16.666666666666664,2,6.666666666666667
126,True,2.566666666666667,1.3337499349161703,3.0,2.0,76.66666666666667,93.33333333333333,96.66666666666667,9,30.0,5,16.666666666666664,9,30.0,5,16.666666666666664,1,3.3333333333333335,1,3.3333333333333335,2.2666666666666666,1.671991493864594,1.0,2.0,80.0,86.66666666666667,90.0,16,53.333333333333336,3,10.0,5,16.666666666666664,2,6.666666666666667,1,3.3333333333333335,3,10.0,2.3,1.46401275039985,2.0,2.0,80.0,93.33333333333333,93.33333333333333,13,43.333333333333336,5,16.666666666666664,6,20.0,4,13.333333333333334,0,0.0,2,6.666666666666667,2.6,1.7048949136725895,2.0,2.0,76.66666666666667,80.0,90.0,12,40.0,4,13.333333333333334,7,23.333333333333332,1,3.3333333333333335,3,10.0,3,10.0
127,True,2.933333333333333,1.5260697523012796,3.0,1.75,73.33333333333333,80.0,90.0,5,16.666666666666664,9,30.0,8,26.666666666666668,2,6.666666666666667,3,10.0,3,10.0,2.433333333333333,1.5423647068345698,2.0,2.0,80.0,90.0,90.0,11,36.666666666666664,7,23.333333333333332,6,20.0,3,10.0,0,0.0,3,10.0,2.433333333333333,1.4067298564006128,2.0,2.0,83.33333333333334,90.0,93.33333333333333,9,30.0,9,30.0,7,23.333333333333332,2,6.666666666666667,1,3.3333333333333335,2,6.666666666666667,2.5,1.5438048235879214,2.0,2.0,76.66666666666667,90.0,90.0,10,33.33333333333333,8,26.666666666666668,5,16.666666666666664,4,13.333333333333334,0,0.0,3,10.0
128,True,2.3666666666666667,1.168569876197207,2.0,1.75,76.66666666666667,96.66666666666667,100.0,8,26.666666666666668,11,36.666666666666664,4,13.333333333333334,6,20.0,1,3.3333333333333335,0,0.0,2.466666666666667,1.6679994670929073,2.0,2.0,76.66666666666667,83.33333333333334,90.0,12,40.0,7,23.333333333333332,4,13.333333333333334,2,6.666666666666667,2,6.666666666666667,3,10.0,2.6333333333333333,1.7220788470785986,2.0,2.75,73.33333333333333,83.33333333333334,86.66666666666667,11,36.666666666666664,6,20.0,5,16.666666666666664,3,10.0,1,3.3333333333333335,4,13.333333333333334,2.8333333333333335,1.7527755766846542,2.0,2.75,70.0,80.0,83.33333333333334,8,26.666666666666668,9,30.0,4,13.333333333333334,3,10.0,1,3.3333333333333335,5,16.666666666666664
129,True,2.966666666666667,1.5595583420386114,3.0,2.0,70.0,80.0,90.0,6,20.0,7,23.333333333333332,8,26.666666666666668,3,10.0,3,10.0,3,10.0,2.6,1.8366636418607882,2.0,2.75,73.33333333333333,80.0,83.33333333333334,12,40.0,7,23.333333333333332,3,10.0,2,6.666666666666667,1,3.3333333333333335,5,16.666666666666664,2.7333333333333334,1.7876116903722563,2.0,2.75,73.33333333333333,80.0,83.33333333333334,10,33.33333333333333,7,23.333333333333332,5,16.666666666666664,2,6.666666666666667,1,3.3333333333333335,5,16.666666666666664,3.2666666666666666,1.8607047649270483,3.0,3.75,53.333333333333336,66.66666666666666,83.33333333333334,8,26.666666666666668,5,16.666666666666664,3,10.0,4,13.333333333333334,5,16.666666666666664,5,16.666666666666664
130,True,2.933333333333333,1.4360439485692011,3.0,2.0,66.66666666666666,86.66666666666667,93.33333333333333,6,20.0,6,20.0,8,26.666666666666668,6,20.0,2,6.666666666666667,2,6.666666666666667,2.6,1.8366636418607882,2.0,3.0,70.0,80.0,86.66666666666667,14,46.666666666666664,3,10.0,4,13.333333333333334,3,10.0,2,6.666666666666667,4,13.333333333333334,2.466666666666667,1.6069294390925266,2.0,2.75,73.33333333333333,90.0,90.0,12,40.0,6,20.0,4,13.333333333333334,5,16.666666666666664,0,0.0,3,10.0,3.066666666666667,1.787611690372256,3.0,3.75,60.0,73.33333333333333,86.66666666666667,9,30.0,4,13.333333333333334,5,16.666666666666664,4,13.333333333333334,4,13.333333333333334,4,13.333333333333334
131,True,2.433333333333333,1.382831234179436,2.0,2.0,76.66666666666667,93.33333333333333,96.66666666666667,11,36.666666666666664,5,16.666666666666664,7,23.333333333333332,5,16.666666666666664,1,3.3333333333333335,1,3.3333333333333335,2.2333333333333334,1.5849991237291654,2.0,2.0,80.0,90.0,90.0,14,46.666666666666664,7,23.333333333333332,3,10.0,3,10.0,0,0.0,3,10.0,2.3666666666666667,1.7603661235347856,2.0,2.0,76.66666666666667,83.33333333333334,86.66666666666667,14,46.666666666666664,7,23.333333333333332,2,6.666666666666667,2,6.666666666666667,1,3.3333333333333335,4,13.333333333333334,2.533333333333333,1.687865186822955,2.0,2.75,73.33333333333333,83.33333333333334,90.0,12,40.0,6,20.0,4,13.333333333333334,3,10.0,2,6.666666666666667,3,10.0
132,True,2.3,1.5947831618540915,2.0,2.0,83.33333333333334,86.66666666666667,90.0,13,43.333333333333336,7,23.333333333333332,5,16.666666666666664,1,3.3333333333333335,1,3.3333333333333335,3,10.0,2.2,1.6206994374857624,1.5,1.75,80.0,83.33333333333334,93.33333333333333,15,50.0,7,23.333333333333332,2,6.666666666666667,1,3.3333333333333335,3,10.0,2,6.666666666666667,2.2333333333333334,1.6868774571839993,1.5,1.75,80.0,83.33333333333334,90.0,15,50.0,7,23.333333333333332,2,6.666666666666667,1,3.3333333333333335,2,6.666666666666667,3,10.0,2.3666666666666667,1.6224124698183944,2.0,1.75,80.0,83.33333333333334,90.0,11,36.666666666666664,11,36.666666666666664,2,6.666666666666667,1,3.3333333333333335,2,6.666666666666667,3,10.0
133,True,2.9,1.3253930234714029,3.0,2.0,70.0,93.33333333333333,93.33333333333333,6,20.0,4,13.333333333333334,11,36.666666666666664,7,23.333333333333332,0,0.0,2,6.666666666666667,2.466666666666667,1.6679994670929073,2.0,2.75,73.33333333333333,86.66666666666667,90.0,13,43.333333333333336,5,16.666666666666664,4,13.333333333333334,4,13.333333333333334,1,3.3333333333333335,3,10.0,2.566666666666667,1.6468825769380833,2.0,2.75,73.33333333333333,86.66666666666667,90.0,12,40.0,4,13.333333333333334,6,20.0,4,13.333333333333334,1,3.3333333333333335,3,10.0,2.7666666666666666,1.6058919293927874,3.0,2.75,73.33333333333333,83.33333333333334,90.0,9,30.0,5,16.666666666666664,8,26.666666666666668,3,10.0,2,6.666666666666667,3,10.0
134,True,2.6666666666666665,1.5986105077709065,2.0,1.75,76.66666666666667,86.66666666666667,86.66666666666667,8,26.666666666666668,9,30.0,6,20.0,3,10.0,0,0.0,4,13.333333333333334,2.3333333333333335,1.7384539747207062,2.0,2.0,80.0,83.33333333333334,86.66666666666667,14,46.666666666666664,7,23.333333333333332,3,10.0,1,3.3333333333333335,1,3.3333333333333335,4,13.333333333333334,2.3333333333333335,1.6599866130651642,2.0,2.0,80.0,83.33333333333334,90.0,13,43.333333333333336,8,26.666666666666668,3,10.0,1,3.3333333333333335,2,6.666666666666667,3,10.0,2.6333333333333333,1.6629959577688562,2.0,2.0,80.0,83.33333333333334,86.66666666666667,10,33.33333333333333,6,20.0,8,26.666666666666668,1,3.3333333333333335,1,3.3333333333333335,4,13.333333333333334
135,True,2.3,1.268857754044952,2.0,2.0,80.0,96.66666666666667,96.66666666666667,10,33.33333333333333,9,30.0,5,16.666666666666664,5,16.666666666666664,0,0.0,1,3.3333333333333335,2.3666666666666667,1.8162843634433703,1.5,2.0,76.66666666666667,80.0,86.66666666666667,15,50.0,6,20.0,2,6.666666666666667,1,3.3333333333333335,2,6.666666666666667,4,13.333333333333334,2.4,1.7625738755203049,2.0,2.0,76.66666666666667,83.33333333333334,86.66666666666667,14,46.666666666666664,6,20.0,3,10.0,2,6.666666666666667,1,3.3333333333333335,4,13.333333333333334,2.6333333333333333,1.6224124698183944,2.0,3.0,70.0,86.66666666666667,90.0,10,33.33333333333333,7,23.333333333333332,4,13.333333333333334,5,16.666666666666664,1,3.3333333333333335,3,10.0
136,True,2.8,1.446835627614047,3.0,2.0,66.66666666666666,90.0,93.33333333333333,7,23.333333333333332,7,23.333333333333332,6,20.0,7,23.333333333333332,1,3.3333333333333335,2,6.666666666666667,2.533333333333333,1.7074997966487597,2.0,2.75,73.33333333333333,76.66666666666667,93.33333333333333,12,40.0,7,23.333333333333332,3,10.0,1,3.3333333333333335,5,16.666666666666664,2,6.666666666666667,2.6,1.7625738755203049,2.0,2.75,73.33333333333333,80.0,86.66666666666667,11,36.666666666666664,8,26.666666666666668,3,10.0,2,6.666666666666667,2,6.666666666666667,4,13.333333333333334,2.8333333333333335,1.694763175851488,2.0,2.75,70.0,80.0,86.66666666666667,8,26.666666666666668,8,26.666666666666668,5,16.666666666666664,3,10.0,2,6.666666666666667,4,13.333333333333334
137,True,2.7333333333333334,1.590248058916875,3.0,2.75,73.33333333333333,86.66666666666667,90.0,10,33.33333333333333,3,10.0,9,30.0,4,13.333333333333334,1,3.3333333333333335,3,10.0,2.3333333333333335,1.6599866130651644,2.0,2.0,80.0,83.33333333333334,90.0,13,43.333333333333336,8,26.666666666666668,3,10.0,1,3.3333333333333335,2,6.666666666666667,3,10.0,2.4,1.6451950239004087,2.0,2.0,83.33333333333334,86.66666666666667,86.66666666666667,12,40.0,7,23.333333333333332,6,20.0,1,3.3333333333333335,0,0.0,4,13.333333333333334,2.933333333333333,1.9136933459209766,2.0,3.75,66.66666666666666,73.33333333333333,80.0,10,33.33333333333333,6,20.0,4,13.333333333333334,2,6.666666666666667,2,6.666666666666667,6,20.0
138,True,2.533333333333333,1.6478942792411033,2.0,3.0,70.0,83.33333333333334,93.33333333333333,12,40.0,6,20.0,3,10.0,4,13.333333333333334,3,10.0,2,6.666666666666667,2.2,1.6411378166788229,1.0,2.0,76.66666666666667,90.0,90.0,16,53.333333333333336,5,16.666666666666664,2,6.666666666666667,4,13.333333333333334,0,0.0,3,10.0,2.2666666666666666,1.569146972791976,1.5,2.0,76.66666666666667,90.0,93.33333333333333,15,50.0,4,13.333333333333334,4,13.333333333333334,4,13.333333333333334,1,3.3333333333333335,2,6.666666666666667,2.533333333333333,1.6478942792411033,2.0,3.0,70.0,83.33333333333334,93.33333333333333,12,40.0,6,20.0,3,10.0,4,13.333333333333334,3,10.0,2,6.666666666666667
139,True,2.566666666666667,1.4761059883656353,2.0,1.75,76.66666666666667,86.66666666666667,93.33333333333333,8,26.666666666666668,10,33.33333333333333,5,16.666666666666664,3,10.0,2,6.666666666666667,2,6.666666666666667,2.2,1.6206994374857624,2.0,1.0,86.66666666666667,86.66666666666667,86.66666666666667,13,43.333333333333336,10,33.33333333333333,3,10.0,0,0.0,0,0.0,4,13.333333333333334,2.3,1.69607389776114,2.0,1.75,83.33333333333334,83.33333333333334,86.66666666666667,13,43.333333333333336,9,30.0,3,10.0,0,0.0,1,3.3333333333333335,4,13.333333333333334,2.3666666666666667,1.53803626600791,2.0,2.0,83.33333333333334,86.66666666666667,90.0,10,33.33333333333333,11,36.666666666666664,4,13.333333333333334,1,3.3333333333333335,1,3.3333333333333335,3,10.0
140,True,2.933333333333333,1.6316317667360556,3.0,2.0,66.66666666666666,83.33333333333334,86.66666666666667,7,23.333333333333332,7,23.333333333333332,6,20.0,5,16.666666666666664,1,3.3333333333333335,4,13.333333333333334,2.3333333333333335,1.679947089113887,2.0,2.0,80.0,86.66666666666667,86.66666666666667,13,43.333333333333336,8,26.666666666666668,3,10.0,2,6.666666666666667,0,0.0,4,13.333333333333334,2.533333333333333,1.765093639316497,2.0,2.0,76.66666666666667,80.0,86.66666666666667,12,40.0,7,23.333333333333332,4,13.333333333333334,1,3.3333333333333335,2,6.666666666666667,4,13.333333333333334,2.7333333333333334,1.8785337071473829,2.0,3.0,70.0,76.66666666666667,83.33333333333334,12,40.0,5,16.666666666666664,4,13.333333333333334,2,6.666666666666667,2,6.666666666666667,5,16.666666666666664
141,True,2.9,1.5132745950421556,3.0,2.0,66.66666666666666,86.66666666666667,90.0,6,20.0,8,26.666666666666668,6,20.0,6,20.0,1,3.3333333333333335,3,10.0,2.466666666666667,1.6679994670929073,2.0,2.75,73.33333333333333,86.66666666666667,90.0,13,43.333333333333336,5,16.666666666666664,4,13.333333333333334,4,13.333333333333334,1,3.3333333333333335,3,10.0,2.566666666666667,1.8199511592958264,2.0,2.75,73.33333333333333,83.33333333333334,83.33333333333334,13,43.333333333333336,5,16.666666666666664,4,13.333333333333334,3,10.0,0,0.0,5,16.666666666666664,2.5,1.5438048235879214,2.0,2.75,73.33333333333333,83.33333333333334,96.66666666666667,11,36.666666666666664,7,23.333333333333332,4,13.333333333333334,3,10.0,4,13.333333333333334,1,3.3333333333333335
142,True,2.3,1.4177446878757827,2.0,2.0,80.0,93.33333333333333,93.33333333333333,11,36.666666666666664,9,30.0,4,13.333333333333334,4,13.333333333333334,0,0.0,2,6.666666666666667,2.033333333333333,1.4940623220676648,1.5,1.0,86.66666666666667,86.66666666666667,93.33333333333333,15,50.0,9,30.0,2,6.666666666666667,0,0.0,2,6.666666666666667,2,6.666666666666667,2.033333333333333,1.4487542541400487,1.5,1.0,86.66666666666667,90.0,93.33333333333333,15,50.0,8,26.666666666666668,3,10.0,1,3.3333333333333335,1,3.3333333333333335,2,6.666666666666667,2.2666666666666666,1.4360439485692011,2.0,2.0,80.0,93.33333333333333,93.33333333333333,12,40.0,8,26.666666666666668,4,13.333333333333334,4,13.333333333333334,0,0.0,2,6.666666666666667
143,True,2.6333333333333333,1.5162087220725544,2.0,1.75,80.0,86.66666666666667,90.0,8,26.666666666666668,8,26.666666666666668,8,26.666666666666668,2,6.666666666666667,1,3.3333333333333335,3,10.0,2.1666666666666665,1.7143187827498387,1.0,1.0,80.0,86.66666666666667,86.66666666666667,16,53.333333333333336,7,23.333333333333332,1,3.3333333333333335,2,6.666666666666667,0,0.0,4,13.333333333333334,2.3333333333333335,1.757523510195209,1.5,2.75,73.33333333333333,86.66666666666667,86.66666666666667,15,50.0,6,20.0,1,3.3333333333333335,4,13.333333333333334,0,0.0,4,13.333333333333334,2.533333333333333,1.5434449203720302,2.0,2.75,73.33333333333333,86.66666666666667,93.33333333333333,10,33.33333333333333,8,26.666666666666668,4,13.333333333333334,4,13.333333333333334,2,6.666666666666667,2,6.666666666666667
144,True,2.5,1.2315302134607444,2.0,1.0,80.0,93.33333333333333,96.66666666666667,6,20.0,12,40.0,6,20.0,4,13.333333333333334,1,3.3333333333333335,1,3.3333333333333335,2.433333333333333,1.6868774571839993,2.0,2.0,80.0,83.33333333333334,86.66666666666667,11,36.666666666666664,10,33.33333333333333,3,10.0,1,3.3333333333333335,1,3.3333333333333335,4,13.333333333333334,2.466666666666667,1.687865186822955,2.0,2.0,76.66666666666667,80.0,90.0,11,36.666666666666664,10,33.33333333333333,2,6.666666666666667,1,3.3333333333333335,3,10.0,3,10.0,2.6,1.7048949136725895,2.0,2.0,80.0,83.33333333333334,83.33333333333334,9,30.0,10,33.33333333333333,5,16.666666666666664,1,3.3333333333333335,0,0.0,5,16.666666666666664
145,True,2.533333333333333,1.3349989596333858,2.0,1.0,80.0,93.33333333333333,93.33333333333333,7,23.333333333333332,10,33.33333333333333,7,23.333333333333332,4,13.333333333333334,0,0.0,2,6.666666666666667,2.4,1.7243356208503418,2.0,2.0,80.0,83.33333333333334,86.66666666666667,13,43.333333333333336,7,23.333333333333332,4,13.333333333333334,1,3.3333333333333335,1,3.3333333333333335,4,13.333333333333334,2.2666666666666666,1.5040685563571303,2.0,2.0,83.33333333333334,86.66666666666667,93.33333333333333,12,40.0,9,30.0,4,13.333333333333334,1,3.3333333333333335,2,6.666666666666667,2,6.666666666666667,2.7666666666666666,1.856220772310114,2.0,3.0,70.0,76.66666666666667,83.33333333333334,11,36.666666666666664,6,20.0,4,13.333333333333334,2,6.666666666666667,2,6.666666666666667,5,16.666666666666664
146,True,3.1,1.535143858622594,3.0,2.0,70.0,83.33333333333334,83.33333333333334,3,10.0,10,33.33333333333333,8,26.666666666666668,4,13.333333333333334,0,0.0,5,16.666666666666664,2.566666666666667,1.498517786199268,2.0,2.5,73.33333333333333,86.66666666666667,93.33333333333333,8,26.666666666666668,11,36.666666666666664,3,10.0,4,13.333333333333334,2,6.666666666666667,2,6.666666666666667,2.6666666666666665,1.6599866130651644,2.0,2.5,73.33333333333333,83.33333333333334,86.66666666666667,8,26.666666666666668,11,36.666666666666664,3,10.0,3,10.0,1,3.3333333333333335,4,13.333333333333334,2.7666666666666666,1.3585122581543223,3.0,2.0,70.0,93.33333333333333,93.33333333333333,6,20.0,8,26.666666666666668,7,23.333333333333332,7,23.333333333333332,0,0.0,2,6.666666666666667
147,True,2.2666666666666666,1.4817407180595248,2.0,2.0,86.66666666666667,90.0,90.0,11,36.666666666666664,10,33.33333333333333,5,16.666666666666664,1,3.3333333333333335,0,0.0,3,10.0,2.066666666666667,1.5040685563571303,1.5,1.0,86.66666666666667,86.66666666666667,93.33333333333333,15,50.0,8,26.666666666666668,3,10.0,0,0.0,2,6.666666666666667,2,6.666666666666667,2.033333333333333,1.3780017739062924,2.0,1.0,83.33333333333334,90.0,96.66666666666667,14,46.666666666666664,10,33.33333333333333,1,3.3333333333333335,2,6.666666666666667,2,6.666666666666667,1,3.3333333333333335,2.466666666666667,1.687865186822955,2.0,2.0,76.66666666666667,80.0,90.0,11,36.666666666666664,10,33.33333333333333,2,6.666666666666667,1,3.3333333333333335,3,10.0,3,10.0
148,True,2.7333333333333334,1.569146972791976,2.0,1.0,76.66666666666667,86.66666666666667,86.66666666666667,7,23.333333333333332,9,30.0,7,23.333333333333332,3,10.0,0,0.0,4,13.333333333333334,2.2,1.4922019523732928,2.0,1.75,86.66666666666667,90.0,90.0,12,40.0,10,33.33333333333333,4,13.333333333333334,1,3.3333333333333335,0,0.0,3,10.0,2.3,1.5737428845483834,2.0,2.0,83.33333333333334,86.66666666666667,90.0,12,40.0,9,30.0,4,13.333333333333334,1,3.3333333333333335,1,3.3333333333333335,3,10.0,2.433333333333333,1.4761059883656353,2.0,2.0,76.66666666666667,90.0,93.33333333333333,10,33.33333333333333,9,30.0,4,13.333333333333334,4,13.333333333333334,1,3.3333333333333335,2,6.666666666666667
149,True,2.7666666666666666,1.782943882708844,2.0,3.0,70.0,76.66666666666667,86.66666666666667,10,33.33333333333333,7,23.333333333333332,4,13.333333333333334,2,6.666666666666667,3,10.0,4,13.333333333333334,2.1666666666666665,1.674979270186815,1.5,1.0,83.33333333333334,86.66666666666667,86.66666666666667,15,50.0,8,26.666666666666668,2,6.666666666666667,1,3.3333333333333335,0,0.0,4,13.333333333333334,2.3333333333333335,1.776388345929897,1.5,2.0,76.66666666666667,83.33333333333334,86.66666666666667,15,50.0,6,20.0,2,6.666666666666667,2,6.666666666666667,1,3.3333333333333335,4,13.333333333333334,2.433333333333333,1.6669999666733315,2.0,2.75,73.33333333333333,86.66666666666667,90.0,13,43.333333333333336,6,20.0,3,10.0,4,13.333333333333334,1,3.3333333333333335,3,10.0
150,True,2.8,1.5143755588800731,2.5,2.0,70.0,83.33333333333334,93.33333333333333,7,23.333333333333332,8,26.666666666666668,6,20.0,4,13.333333333333334,3,10.0,2,6.666666666666667,2.566666666666667,1.8917951498216947,2.0,3.0,70.0,80.0,83.33333333333334,14,46.666666666666664,5,16.666666666666664,2,6.666666666666667,3,10.0,1,3.3333333333333335,5,16.666666666666664,2.533333333333333,1.765093639316497,2.0,3.0,70.0,83.33333333333334,86.66666666666667,12,40.0,8,26.666666666666668,1,3.3333333333333335,4,13.333333333333334,1,3.3333333333333335,4,13.333333333333334,2.8333333333333335,1.771690968789108,2.0,3.0,66.66666666666666,76.66666666666667,86.66666666666667,9,30.0,8,26.666666666666668,3,10.0,3,10.0,3,10.0,4,13.333333333333334
151,True,2.3,1.5737428845483834,2.0,2.0,80.0,90.0,90.0,13,43.333333333333336,7,23.333333333333332,4,13.333333333333334,3,10.0,0,0.0,3,10.0,2.066666666666667,1.7688665548562132,1.0,1.0,83.33333333333334,83.33333333333334,86.66666666666667,19,63.33333333333333,4,13.333333333333334,2,6.666666666666667,0,0.0,1,3.3333333333333335,4,13.333333333333334,2.1,1.7953644012660308,1.0,1.0,80.0,83.33333333333334,86.66666666666667,19,63.33333333333333,4,13.333333333333334,1,3.3333333333333335,1,3.3333333333333335,1,3.3333333333333335,4,13.333333333333334,2.1666666666666665,1.6749792701868151,1.0,2.0,80.0,86.66666666666667,90.0,17,56.666666666666664,4,13.333333333333334,3,10.0,2,6.666666666666667,1,3.3333333333333335,3,10.0
152,True,3.1,1.5779733838059498,3.0,2.0,63.33333333333333,80.0,90.0,7,23.333333333333332,3,10.0,9,30.0,5,16.666666666666664,3,10.0,3,10.0,2.533333333333333,1.7074997966487597,2.0,2.75,73.33333333333333,83.33333333333334,90.0,13,43.333333333333336,4,13.333333333333334,5,16.666666666666664,3,10.0,2,6.666666666666667,3,10.0,2.7,1.69607389776114,2.5,3.0,66.66666666666666,80.0,93.33333333333333,12,40.0,3,10.0,5,16.666666666666664,4,13.333333333333334,4,13.333333333333334,2,6.666666666666667,2.966666666666667,1.7413277182145301,3.0,3.0,66.66666666666666,76.66666666666667,86.66666666666667,9,30.0,4,13.333333333333334,7,23.333333333333332,3,10.0,3,10.0,4,13.333333333333334
153,True,2.466666666666667,1.4079141387961918,2.0,1.0,86.66666666666667,90.0,90.0,7,23.333333333333332,12,40.0,7,23.333333333333332,1,3.3333333333333335,0,0.0,3,10.0,2.3,1.5947831618540915,2.0,1.75,80.0,86.66666666666667,90.0,12,40.0,10,33.33333333333333,2,6.666666666666667,2,6.666666666666667,1,3.3333333333333335,3,10.0,2.466666666666667,1.687865186822955,2.0,2.75,73.33333333333333,83.33333333333334,90.0,12,40.0,8,26.666666666666668,2,6.666666666666667,3,10.0,2,6.666666666666667,3,10.0,2.433333333333333,1.5638272140986533,2.0,2.0,80.0,86.66666666666667,90.0,10,33.33333333333333,10,33.33333333333333,4,13.333333333333334,2,6.666666666666667,1,3.3333333333333335,3,10.0
154,True,3.0,1.4375905768565218,3.0,2.0,66.66666666666666,86.66666666666667,90.0,4,13.333333333333334,9,30.0,7,23.333333333333332,6,20.0,1,3.3333333333333335,3,10.0,2.533333333333333,1.627540748764494,2.0,2.0,80.0,86.66666666666667,86.66666666666667,10,33.33333333333333,8,26.666666666666668,6,20.0,2,6.666666666666667,0,0.0,4,13.333333333333334,2.6333333333333333,1.6428295373802142,2.0,1.75,76.66666666666667,83.33333333333334,86.66666666666667,8,26.666666666666668,11,36.666666666666664,4,13.333333333333334,2,6.666666666666667,1,3.3333333333333335,4,13.333333333333334,2.7666666666666666,1.3585122581543223,3.0,1.75,73.33333333333333,86.66666666666667,96.66666666666667,6,20.0,8,26.666666666666668,8,26.666666666666668,4,13.333333333333334,3,10.0,1,3.3333333333333335
155,True,2.7666666666666666,1.54236470683457,2.0,1.75,73.33333333333333,83.33333333333334,90.0,6,20.0,11,36.666666666666664,5,16.666666666666664,3,10.0,2,6.666666666666667,3,10.0,2.2666666666666666,1.4126413400278062,2.0,2.0,80.0,93.33333333333333,93.33333333333333,11,36.666666666666664,10,33.33333333333333,3,10.0,4,13.333333333333334,0,0.0,2,6.666666666666667,2.433333333333333,1.6468825769380835,2.0,2.0,80.0,86.66666666666667,86.66666666666667,11,36.666666666666664,9,30.0,4,13.333333333333334,2,6.666666666666667,0,0.0,4,13.333333333333334,2.433333333333333,1.4533486237727762,2.0,2.0,76.66666666666667,90.0,93.33333333333333,9,30.0,11,36.666666666666664,3,10.0,4,13.333333333333334,1,3.3333333333333335,2,6.666666666666667
156,True,2.9,1.3253930234714029,3.0,1.75,73.33333333333333,90.0,93.33333333333333,5,16.666666666666664,6,20.0,11,36.666666666666664,5,16.666666666666664,1,3.3333333333333335,2,6.666666666666667,2.466666666666667,1.7838784213679537,1.5,2.75,73.33333333333333,80.0,90.0,15,50.0,3,10.0,4,13.333333333333334,2,6.666666666666667,3,10.0,3,10.0,2.8333333333333335,2.0507451220362696,2.0,4.0,63.33333333333333,70.0,80.0,14,46.666666666666664,3,10.0,2,6.666666666666667,2,6.666666666666667,3,10.0,6,20.0,3.1333333333333333,1.961858529274955,3.0,4.0,63.33333333333333,70.0,76.66666666666667,10,33.33333333333333,3,10.0,6,20.0,2,6.666666666666667,2,6.666666666666667,7,23.333333333333332
157,True,2.7,1.6563010998406458,2.5,3.0,70.0,80.0,93.33333333333333,11,36.666666666666664,4,13.333333333333334,6,20.0,3,10.0,4,13.333333333333334,2,6.666666666666667,2.1,1.7194960502038574,1.0,1.75,76.66666666666667,86.66666666666667,90.0,19,63.33333333333333,3,10.0,1,3.3333333333333335,3,10.0,1,3.3333333333333335,3,10.0,2.3333333333333335,1.7384539747207064,1.0,2.75,73.33333333333333,86.66666666666667,90.0,17,56.666666666666664,1,3.3333333333333335,4,13.333333333333334,4,13.333333333333334,1,3.3333333333333335,3,10.0,2.6333333333333333,1.7978382080215733,2.0,3.0,66.66666666666666,83.33333333333334,86.66666666666667,13,43.333333333333336,4,13.333333333333334,3,10.0,5,16.666666666666664,1,3.3333333333333335,4,13.333333333333334
158,True,3.6333333333333333,1.601735170231195,4.0,2.75,43.333333333333336,70.0,83.33333333333334,4,13.333333333333334,4,13.333333333333334,5,16.666666666666664,8,26.666666666666668,4,13.333333333333334,5,16.666666666666664,2.6,1.9425069712444623,2.0,3.5,73.33333333333333,73.33333333333333,83.33333333333334,14,46.666666666666664,5,16.666666666666664,3,10.0,0,0.0,3,10.0,5,16.666666666666664,2.7333333333333334,1.9652537297311568,2.0,4.0,70.0,70.0,83.33333333333334,13,43.333333333333336,5,16.666666666666664,3,10.0,0,0.0,4,13.333333333333334,5,16.666666666666664,3.1,2.0872629605937694,2.0,4.75,60.0,66.66666666666666,73.33333333333333,11,36.666666666666664,5,16.666666666666664,2,6.666666666666667,2,6.666666666666667,2,6.666666666666667,8,26.666666666666668
159,True,2.2333333333333334,1.2297244497131143,2.0,2.0,86.66666666666667,96.66666666666667,96.66666666666667,11,36.666666666666664,7,23.333333333333332,8,26.666666666666668,3,10.0,0,0.0,1,3.3333333333333335,2.2,1.833030277982336,1.0,1.75,80.0,80.0,86.66666666666667,18,60.0,4,13.333333333333334,2,6.666666666666667,0,0.0,2,6.666666666666667,4,13.333333333333334,2.3666666666666667,1.8882678717691392,1.0,3.5,73.33333333333333,73.33333333333333,90.0,17,56.666666666666664,4,13.333333333333334,1,3.3333333333333335,0,0.0,5,16.666666666666664,3,10.0,2.2333333333333334,1.4761059883656353,2.0,2.0,86.66666666666667,90.0,93.33333333333333,14,46.666666666666664,4,13.333333333333334,8,26.666666666666668,1,3.3333333333333335,1,3.3333333333333335,2,6.666666666666667
160,True,2.533333333333333,1.3349989596333858,2.0,1.0,80.0,93.33333333333333,93.33333333333333,7,23.333333333333332,10,33.33333333333333,7,23.333333333333332,4,13.333333333333334,0,0.0,2,6.666666666666667,2.2,1.4696938456699071,2.0,2.0,83.33333333333334,90.0,93.33333333333333,13,43.333333333333336,8,26.666666666666668,4,13.333333333333334,2,6.666666666666667,1,3.3333333333333335,2,6.666666666666667,2.2333333333333334,1.4761059883656353,2.0,2.0,80.0,86.66666666666667,96.66666666666667,13,43.333333333333336,8,26.666666666666668,3,10.0,2,6.666666666666667,3,10.0,1,3.3333333333333335,2.3333333333333335,1.4681810363696828,2.0,2.0,86.66666666666667,90.0,90.0,10,33.33333333333333,10,33.33333333333333,6,20.0,1,3.3333333333333335,0,0.0,3,10.0
161,True,2.8333333333333335,1.5509853498842456,3.0,1.75,73.33333333333333,83.33333333333334,90.0,7,23.333333333333332,7,23.333333333333332,8,26.666666666666668,3,10.0,2,6.666666666666667,3,10.0,2.533333333333333,1.6275407487644937,2.0,2.0,76.66666666666667,83.33333333333334,90.0,10,33.33333333333333,9,30.0,4,13.333333333333334,2,6.666666666666667,2,6.666666666666667,3,10.0,2.566666666666667,1.5638272140986533,2.0,2.0,76.66666666666667,83.33333333333334,93.33333333333333,10,33.33333333333333,7,23.333333333333332,6,20.0,2,6.666666666666667,3,10.0,2,6.666666666666667,2.7666666666666666,1.6058919293927874,2.0,2.75,66.66666666666666,80.0,93.33333333333333,8,26.666666666666668,9,30.0,3,10.0,4,13.333333333333334,4,13.333333333333334,2,6.666666666666667
162,True,2.466666666666667,1.2578641509408806,2.0,1.75,83.33333333333334,93.33333333333333,96.66666666666667,8,26.666666666666668,8,26.666666666666668,9,30.0,3,10.0,1,3.3333333333333335,1,3.3333333333333335,2.2,1.6,1.0,2.0,80.0,86.66666666666667,93.33333333333333,16,53.333333333333336,4,13.333333333333334,4,13.333333333333334,2,6.666666666666667,2,6.666666666666667,2,6.666666666666667,2.2666666666666666,1.6110727964792764,1.5,2.0,76.66666666666667,86.66666666666667,93.33333333333333,15,50.0,5,16.666666666666664,3,10.0,3,10.0,2,6.666666666666667,2,6.666666666666667,2.466666666666667,1.54344492037203,2.0,2.0,80.0,90.0,90.0,11,36.666666666666664,6,20.0,7,23.333333333333332,3,10.0,0,0.0,3,10.0
163,True,2.566666666666667,1.6669999666733315,2.0,2.0,76.66666666666667,86.66666666666667,86.66666666666667,11,36.666666666666664,6,20.0,6,20.0,3,10.0,0,0.0,4,13.333333333333334,2.3,1.7156145643277028,1.5,2.0,76.66666666666667,83.33333333333334,90.0,15,50.0,6,20.0,2,6.666666666666667,2,6.666666666666667,2,6.666666666666667,3,10.0,2.4,1.8366636418607882,1.5,2.75,73.33333333333333,80.0,86.66666666666667,15,50.0,6,20.0,1,3.3333333333333335,2,6.666666666666667,2,6.666666666666667,4,13.333333333333334,2.6333333333333333,1.8345450541089348,2.0,3.0,66.66666666666666,80.0,86.66666666666667,13,43.333333333333336,5,16.666666666666664,2,6.666666666666667,4,13.333333333333334,2,6.666666666666667,4,13.333333333333334
164,True,2.2666666666666666,1.412641340027806,2.0,2.0,83.33333333333334,93.33333333333333,93.33333333333333,12,40.0,7,23.333333333333332,6,20.0,3,10.0,0,0.0,2,6.666666666666667,1.9666666666666666,1.4255603186895396,1.0,1.75,86.66666666666667,93.33333333333333,93.33333333333333,17,56.666666666666664,5,16.666666666666664,4,13.333333333333334,2,6.666666666666667,0,0.0,2,6.666666666666667,2.1333333333333333,1.586050300449376,1.0,2.0,76.66666666666667,90.0,93.33333333333333,17,56.666666666666664,4,13.333333333333334,2,6.666666666666667,4,13.333333333333334,1,3.3333333333333335,2,6.666666666666667,2.3,1.6155494421403511,1.0,2.75,73.33333333333333,90.0,93.33333333333333,16,53.333333333333336,2,6.666666666666667,4,13.333333333333334,5,16.666666666666664,1,3.3333333333333335,2,6.666666666666667
165,True,2.9,1.57797338380595,2.0,1.0,76.66666666666667,83.33333333333334,83.33333333333334,4,13.333333333333334,12,40.0,7,23.333333333333332,2,6.666666666666667,0,0.0,5,16.666666666666664,2.4,1.5620499351813306,2.0,2.0,76.66666666666667,90.0,90.0,11,36.666666666666664,9,30.0,3,10.0,4,13.333333333333334,0,0.0,3,10.0,2.533333333333333,1.6679994670929073,2.0,2.75,73.33333333333333,83.33333333333334,90.0,11,36.666666666666664,8,26.666666666666668,3,10.0,3,10.0,2,6.666666666666667,3,10.0,2.533333333333333,1.6069294390925266,2.0,2.75,73.33333333333333,86.66666666666667,90.0,10,33.33333333333333,9,30.0,3,10.0,4,13.333333333333334,1,3.3333333333333335,3,10.0
166,True,2.8333333333333335,1.7336538165261124,3.0,3.0,70.0,80.0,86.66666666666667,10,33.33333333333333,4,13.333333333333334,7,23.333333333333332,3,10.0,2,6.666666666666667,4,13.333333333333334,2.066666666666667,1.671991493864594,1.0,2.0,83.33333333333334,86.66666666666667,90.0,19,63.33333333333333,2,6.666666666666667,4,13.333333333333334,1,3.3333333333333335,1,3.3333333333333335,3,10.0,2.3333333333333335,1.7950549357115013,1.0,2.0,76.66666666666667,83.33333333333334,86.66666666666667,16,53.333333333333336,4,13.333333333333334,3,10.0,2,6.666666666666667,1,3.3333333333333335,4,13.333333333333334,2.2666666666666666,1.7499206331208916,1.0,2.0,76.66666666666667,83.33333333333334,90.0,17,56.666666666666664,3,10.0,3,10.0,2,6.666666666666667,2,6.666666666666667,3,10.0
167,True,3.3333333333333335,1.4907119849998596,3.0,2.75,60.0,73.33333333333333,90.0,3,10.0,7,23.333333333333332,8,26.666666666666668,4,13.333333333333334,5,16.666666666666664,3,10.0,2.533333333333333,1.586050300449376,2.0,3.0,70.0,90.0,90.0,10,33.33333333333333,9,30.0,2,6.666666666666667,6,20.0,0,0.0,3,10.0,2.6666666666666665,1.699673171197595,2.0,2.75,73.33333333333333,83.33333333333334,86.66666666666667,10,33.33333333333333,7,23.333333333333332,5,16.666666666666664,3,10.0,1,3.3333333333333335,4,13.333333333333334,2.933333333333333,1.768866554856213,2.0,2.0,66.66666666666666,76.66666666666667,83.33333333333334,7,23.333333333333332,10,33.33333333333333,3,10.0,3,10.0,2,6.666666666666667,5,16.666666666666664
168,True,2.6,1.6653327995729061,2.0,2.75,73.33333333333333,86.66666666666667,86.66666666666667,10,33.33333333333333,8,26.666666666666668,4,13.333333333333334,4,13.333333333333334,0,0.0,4,13.333333333333334,2.2666666666666666,1.7113996870657915,1.5,2.0,80.0,86.66666666666667,86.66666666666667,15,50.0,6,20.0,3,10.0,2,6.666666666666667,0,0.0,4,13.333333333333334,2.433333333333333,1.8015425489162211,2.0,2.0,76.66666666666667,80.0,86.66666666666667,14,46.666666666666664,6,20.0,3,10.0,1,3.3333333333333335,2,6.666666666666667,4,13.333333333333334,2.7666666666666666,1.8015425489162211,2.0,3.0,66.66666666666666,76.66666666666667,86.66666666666667,10,33.33333333333333,8,26.666666666666668,2,6.666666666666667,3,10.0,3,10.0,4,13.333333333333334
169,True,2.8333333333333335,1.2931443160847216,3.0,1.75,73.33333333333333,86.66666666666667,96.66666666666667,4,13.333333333333334,10,33.33333333333333,8,26.666666666666668,4,13.333333333333334,3,10.0,1,3.3333333333333335,2.6333333333333333,1.7026123718829513,2.0,2.0,76.66666666666667,83.33333333333334,86.66666666666667,11,36.666666666666664,5,16.666666666666664,7,23.333333333333332,2,6.666666666666667,1,3.3333333333333335,4,13.333333333333334,2.9,1.9035055380358978,2.5,3.0,66.66666666666666,76.66666666666667,80.0,11,36.666666666666664,4,13.333333333333334,5,16.666666666666664,3,10.0,1,3.3333333333333335,6,20.0,3.0,1.8257418583505538,2.5,2.75,66.66666666666666,76.66666666666667,80.0,8,26.666666666666668,7,23.333333333333332,5,16.666666666666664,3,10.0,1,3.3333333333333335,6,20.0
170,True,2.7,1.5088627063675033,3.0,2.75,73.33333333333333,86.66666666666667,93.33333333333333,9,30.0,5,16.666666666666664,8,26.666666666666668,4,13.333333333333334,2,6.666666666666667,2,6.666666666666667,2.466666666666667,1.7074997966487597,2.0,2.0,80.0,83.33333333333334,86.66666666666667,12,40.0,7,23.333333333333332,5,16.666666666666664,1,3.3333333333333335,1,3.3333333333333335,4,13.333333333333334,2.6666666666666665,1.86785676348292,2.0,2.75,73.33333333333333,80.0,80.0,11,36.666666666666664,8,26.666666666666668,3,10.0,2,6.666666666666667,0,0.0,6,20.0,3.0,1.8973665961010275,3.0,3.75,66.66666666666666,73.33333333333333,80.0,10,33.33333333333333,4,13.333333333333334,6,20.0,2,6.666666666666667,2,6.666666666666667,6,20.0
171,True,2.8333333333333335,1.507389207279335,3.0,2.0,70.0,83.33333333333334,93.33333333333333,7,23.333333333333332,7,23.333333333333332,7,23.333333333333332,4,13.333333333333334,3,10.0,2,6.666666666666667,2.3666666666666667,1.4940623220676648,2.0,2.0,80.0,90.0,93.33333333333333,12,40.0,6,20.0,6,20.0,3,10.0,1,3.3333333333333335,2,6.666666666666667,2.7333333333333334,1.8785337071473829,2.0,2.75,73.33333333333333,80.0,80.0,12,40.0,4,13.333333333333334,6,20.0,2,6.666666666666667,0,0.0,6,20.0,2.7,1.5088627063675033,2.0,1.75,73.33333333333333,83.33333333333334,93.33333333333333,7,23.333333333333332,10,33.33333333333333,5,16.666666666666664,3,10.0,3,10.0,2,6.666666666666667
172,True,2.7666666666666666,1.6058919293927874,2.0,1.0,76.66666666666667,83.33333333333334,86.66666666666667,7,23.333333333333332,9,30.0,7,23.333333333333332,2,6.666666666666667,1,3.3333333333333335,4,13.333333333333334,2.1666666666666665,1.507389207279335,2.0,1.75,80.0,90.0,93.33333333333333,14,46.666666666666664,8,26.666666666666668,2,6.666666666666667,3,10.0,1,3.3333333333333335,2,6.666666666666667,2.2666666666666666,1.6110727964792764,2.0,1.75,80.0,86.66666666666667,90.0,13,43.333333333333336,9,30.0,2,6.666666666666667,2,6.666666666666667,1,3.3333333333333335,3,10.0,2.3666666666666667,1.5162087220725546,2.0,2.0,80.0,90.0,90.0,10,33.33333333333333,11,36.666666666666664,3,10.0,3,10.0,0,0.0,3,10.0
173,True,3.2,1.6613247725836149,3.5,2.0,50.0,76.66666666666667,90.0,7,23.333333333333332,5,16.666666666666664,3,10.0,8,26.666666666666668,4,13.333333333333334,3,10.0,2.433333333333333,1.686877457183999,2.0,2.75,73.33333333333333,80.0,93.33333333333333,13,43.333333333333336,7,23.333333333333332,2,6.666666666666667,2,6.666666666666667,4,13.333333333333334,2,6.666666666666667,2.566666666666667,1.7641491496532322,2.0,3.0,66.66666666666666,76.66666666666667,93.33333333333333,13,43.333333333333336,6,20.0,1,3.3333333333333335,3,10.0,5,16.666666666666664,2,6.666666666666667,2.6,1.6653327995729064,2.0,3.0,66.66666666666666,83.33333333333334,93.33333333333333,12,40.0,5,16.666666666666664,3,10.0,5,16.666666666666664,3,10.0,2,6.666666666666667
174,True,2.8666666666666667,1.687865186822955,2.0,1.0,76.66666666666667,76.66666666666667,83.33333333333334,5,16.666666666666664,13,43.333333333333336,5,16.666666666666664,0,0.0,2,6.666666666666667,5,16.666666666666664,2.433333333333333,1.6058919293927871,2.0,2.0,76.66666666666667,83.33333333333334,93.33333333333333,12,40.0,7,23.333333333333332,4,13.333333333333334,2,6.666666666666667,3,10.0,2,6.666666666666667,2.5,1.7272328544042153,2.0,2.0,76.66666666666667,83.33333333333334,86.66666666666667,12,40.0,7,23.333333333333332,4,13.333333333333334,2,6.666666666666667,1,3.3333333333333335,4,13.333333333333334,2.5,1.3354150416006754,2.0,2.75,70.0,90.0,100.0,8,26.666666666666668,11,36.666666666666664,2,6.666666666666667,6,20.0,3,10.0,0,0.0
175,True,2.5,1.4776106839534333,2.0,2.0,83.33333333333334,90.0,90.0,9,30.0,8,26.666666666666668,8,26.666666666666668,2,6.666666666666667,0,0.0,3,10.0,2.033333333333333,1.5595583420386114,1.0,1.75,86.66666666666667,90.0,90.0,17,56.666666666666664,5,16.666666666666664,4,13.333333333333334,1,3.3333333333333335,0,0.0,3,10.0,2.2666666666666666,1.6719914938645934,1.0,2.0,80.0,86.66666666666667,90.0,16,53.333333333333336,3,10.0,5,16.666666666666664,2,6.666666666666667,1,3.3333333333333335,3,10.0,2.2,1.4,2.0,2.0,83.33333333333334,93.33333333333333,93.33333333333333,12,40.0,9,30.0,4,13.333333333333334,3,10.0,0,0.0,2,6.666666666666667
176,True,3.1333333333333333,1.4996295838935991,3.0,2.75,70.0,73.33333333333333,93.33333333333333,5,16.666666666666664,5,16.666666666666664,11,36.666666666666664,1,3.3333333333333335,6,20.0,2,6.666666666666667,2.533333333333333,1.6275407487644937,2.0,2.75,73.33333333333333,86.66666666666667,90.0,11,36.666666666666664,7,23.333333333333332,4,13.333333333333334,4,13.333333333333334,1,3.3333333333333335,3,10.0,2.5,1.6072751268321592,2.0,2.0,76.66666666666667,86.66666666666667,90.0,11,36.666666666666664,7,23.333333333333332,5,16.666666666666664,3,10.0,1,3.3333333333333335,3,10.0,2.8666666666666667,1.627540748764494,2.5,2.0,70.0,83.33333333333334,86.66666666666667,7,23.333333333333332,8,26.666666666666668,6,20.0,4,13.333333333333334,1,3.3333333333333335,4,13.333333333333334
177,True,2.7333333333333334,1.5260697523012796,2.0,1.75,73.33333333333333,86.66666666666667,90.0,7,23.333333333333332,9,30.0,6,20.0,4,13.333333333333334,1,3.3333333333333335,3,10.0,2.5,1.746424919657298,2.0,2.75,73.33333333333333,80.0,90.0,13,43.333333333333336,6,20.0,3,10.0,2,6.666666666666667,3,10.0,3,10.0,2.6,1.7435595774162695,2.0,3.0,70.0,80.0,90.0,12,40.0,6,20.0,3,10.0,3,10.0,3,10.0,3,10.0,2.933333333333333,1.7876116903722565,2.5,3.0,63.33333333333333,80.0,83.33333333333334,9,30.0,6,20.0,4,13.333333333333334,5,16.666666666666664,1,3.3333333333333335,5,16.666666666666664
178,True,3.1666666666666665,1.5073892072793351,3.0,2.0,60.0,80.0,90.0,4,13.333333333333334,8,26.666666666666668,6,20.0,6,20.0,3,10.0,3,10.0,2.6333333333333333,1.834545054108935,2.0,2.75,73.33333333333333,76.66666666666667,86.66666666666667,13,43.333333333333336,4,13.333333333333334,5,16.666666666666664,1,3.3333333333333335,3,10.0,4,13.333333333333334,2.7666666666666666,1.8381754238616317,2.0,2.75,73.33333333333333,76.66666666666667,83.33333333333334,11,36.666666666666664,5,16.666666666666664,6,20.0,1,3.3333333333333335,2,6.666666666666667,5,16.666666666666664,3.033333333333333,1.9058389811897076,2.0,3.5,66.66666666666666,73.33333333333333,76.66666666666667,8,26.666666666666668,8,26.666666666666668,4,13.333333333333334,2,6.666666666666667,1,3.3333333333333335,7,23.333333333333332
179,True,2.466666666666667,1.3840359661351131,2.0,2.0,80.0,93.33333333333333,93.33333333333333,9,30.0,8,26.666666666666668,7,23.333333333333332,4,13.333333333333334,0,0.0,2,6.666666666666667,2.3,1.6155494421403511,2.0,2.0,86.66666666666667,86.66666666666667,86.66666666666667,12,40.0,9,30.0,5,16.666666666666664,0,0.0,0,0.0,4,13.333333333333334,2.4,1.7048949136725895,2.0,2.0,80.0,83.33333333333334,86.66666666666667,12,40.0,9,30.0,3,10.0,1,3.3333333333333335,1,3.3333333333333335,4,13.333333333333334,2.7666666666666666,1.7829438827088444,2.0,2.0,76.66666666666667,76.66666666666667,83.33333333333334,9,30.0,8,26.666666666666668,6,20.0,0,0.0,2,6.666666666666667,5,16.666666666666664
180,True,2.7333333333333334,1.4817407180595246,2.5,1.75,73.33333333333333,90.0,90.0,7,23.333333333333332,8,26.666666666666668,7,23.333333333333332,5,16.666666666666664,0,0.0,3,10.0,2.433333333333333,1.7641491496532322,2.0,2.0,76.66666666666667,83.33333333333334,86.66666666666667,14,46.666666666666664,5,16.666666666666664,4,13.333333333333334,2,6.666666666666667,1,3.3333333333333335,4,13.333333333333334,2.566666666666667,1.7451520150277902,2.0,2.0,76.66666666666667,83.33333333333334,86.66666666666667,13,43.333333333333336,3,10.0,7,23.333333333333332,2,6.666666666666667,1,3.3333333333333335,4,13.333333333333334,2.433333333333333,1.5638272140986533,2.0,2.0,80.0,90.0,90.0,12,40.0,5,16.666666666666664,7,23.333333333333332,3,10.0,0,0.0,3,10.0
181,True,2.933333333333333,1.3399834161494522,3.0,2.0,70.0,90.0,93.33333333333333,5,16.666666666666664,6,20.0,10,33.33333333333333,6,20.0,1,3.3333333333333335,2,6.666666666666667,2.4,1.5405626677721789,2.0,2.0,80.0,90.0,90.0,11,36.666666666666664,8,26.666666666666668,5,16.666666666666664,3,10.0,0,0.0,3,10.0,2.7333333333333334,1.7499206331208919,2.0,2.75,73.33333333333333,83.33333333333334,83.33333333333334,10,33.33333333333333,6,20.0,6,20.0,3,10.0,0,0.0,5,16.666666666666664,2.7333333333333334,1.569146972791976,2.0,2.75,70.0,86.66666666666667,90.0,8,26.666666666666668,8,26.666666666666668,5,16.666666666666664,5,16.666666666666664,1,3.3333333333333335,3,10.0
182,True,2.5,1.284523257866513,2.0,1.0,80.0,90.0,96.66666666666667,6,20.0,13,43.333333333333336,5,16.666666666666664,3,10.0,2,6.666666666666667,1,3.3333333333333335,2.3666666666666667,1.5380362660079103,2.0,0.75,86.66666666666667,86.66666666666667,86.66666666666667,8,26.666666666666668,15,50.0,3,10.0,0,0.0,0,0.0,4,13.333333333333334,2.466666666666667,1.564892612574067,2.0,1.75,83.33333333333334,86.66666666666667,86.66666666666667,8,26.666666666666668,13,43.333333333333336,4,13.333333333333334,1,3.3333333333333335,0,0.0,4,13.333333333333334,3.033333333333333,1.7603661235347858,2.0,2.75,70.0,73.33333333333333,80.0,4,13.333333333333334,14,46.666666666666664,3,10.0,1,3.3333333333333335,2,6.666666666666667,6,20.0
183,True,2.2,1.1944315244779278,2.0,2.0,86.66666666666667,96.66666666666667,96.66666666666667,10,33.33333333333333,10,33.33333333333333,6,20.0,3,10.0,0,0.0,1,3.3333333333333335,2.066666666666667,1.4126413400278062,2.0,1.0,83.33333333333334,93.33333333333333,93.33333333333333,14,46.666666666666664,9,30.0,2,6.666666666666667,3,10.0,0,0.0,2,6.666666666666667,2.2666666666666666,1.6110727964792764,2.0,1.75,80.0,86.66666666666667,90.0,13,43.333333333333336,9,30.0,2,6.666666666666667,2,6.666666666666667,1,3.3333333333333335,3,10.0,2.5,1.6683325008322931,2.0,2.0,76.66666666666667,86.66666666666667,86.66666666666667,11,36.666666666666664,8,26.666666666666668,4,13.333333333333334,3,10.0,0,0.0,4,13.333333333333334
184,True,3.1666666666666665,1.3682917167849193,3.5,2.0,50.0,90.0,93.33333333333333,4,13.333333333333334,7,23.333333333333332,4,13.333333333333334,12,40.0,1,3.3333333333333335,2,6.666666666666667,2.3666666666666667,1.7220788470785986,2.0,2.75,73.33333333333333,83.33333333333334,90.0,14,46.666666666666664,7,23.333333333333332,1,3.3333333333333335,3,10.0,2,6.666666666666667,3,10.0,2.566666666666667,1.8015425489162213,2.0,3.0,70.0,80.0,86.66666666666667,12,40.0,8,26.666666666666668,1,3.3333333333333335,3,10.0,2,6.666666666666667,4,13.333333333333334,2.533333333333333,1.627540748764494,2.0,3.0,70.0,83.33333333333334,93.33333333333333,11,36.666666666666664,8,26.666666666666668,2,6.666666666666667,4,13.333333333333334,3,10.0,2,6.666666666666667
185,True,2.433333333333333,1.4067298564006128,2.0,1.75,90.0,90.0,90.0,8,26.666666666666668,10,33.33333333333333,9,30.0,0,0.0,0,0.0,3,10.0,2.3,1.676305461424021,2.0,2.0,80.0,83.33333333333334,90.0,14,46.666666666666664,7,23.333333333333332,3,10.0,1,3.3333333333333335,2,6.666666666666667,3,10.0,2.3333333333333335,1.4907119849998598,2.0,2.0,83.33333333333334,86.66666666666667,93.33333333333333,11,36.666666666666664,9,30.0,5,16.666666666666664,1,3.3333333333333335,2,6.666666666666667,2,6.666666666666667,2.3333333333333335,1.5776212754932308,2.0,2.0,83.33333333333334,86.66666666666667,90.0,12,40.0,8,26.666666666666668,5,16.666666666666664,1,3.3333333333333335,1,3.3333333333333335,3,10.0
186,True,2.566666666666667,1.430229196861662,2.0,1.0,83.33333333333334,90.0,90.0,7,23.333333333333332,10,33.33333333333333,8,26.666666666666668,2,6.666666666666667,0,0.0,3,10.0,2.2666666666666666,1.6316317667360556,2.0,1.75,83.33333333333334,83.33333333333334,90.0,13,43.333333333333336,9,30.0,3,10.0,0,0.0,2,6.666666666666667,3,10.0,2.1666666666666665,1.4161763857498668,2.0,2.0,86.66666666666667,86.66666666666667,96.66666666666667,13,43.333333333333336,8,26.666666666666668,5,16.666666666666664,0,0.0,3,10.0,1,3.3333333333333335,2.4,1.6041612554021285,2.0,2.0,80.0,86.66666666666667,90.0,12,40.0,7,23.333333333333332,5,16.666666666666664,2,6.666666666666667,1,3.3333333333333335,3,10.0
187,True,2.933333333333333,1.4590712418826193,3.0,1.0,76.66666666666667,86.66666666666667,86.66666666666667,4,13.333333333333334,9,30.0,10,33.33333333333333,3,10.0,0,0.0,4,13.333333333333334,2.4,1.4742229591663987,2.0,2.0,80.0,90.0,93.33333333333333,11,36.666666666666664,7,23.333333333333332,6,20.0,3,10.0,1,3.3333333333333335,2,6.666666666666667,2.7,1.6563010998406458,2.0,3.0,70.0,86.66666666666667,86.66666666666667,9,30.0,8,26.666666666666668,4,13.333333333333334,5,16.666666666666664,0,0.0,4,13.333333333333334,2.7,1.5947831618540915,2.0,1.75,76.66666666666667,86.66666666666667,86.66666666666667,8,26.666666666666668,8,26.666666666666668,7,23.333333333333332,3,10.0,0,0.0,4,13.333333333333334
188,True,2.8666666666666667,1.586050300449376,2.5,2.0,66.66666666666666,83.33333333333334,90.0,7,23.333333333333332,8,26.666666666666668,5,16.666666666666664,5,16.666666666666664,2,6.666666666666667,3,10.0,2.2666666666666666,1.6918103387266028,2.0,1.0,76.66666666666667,83.33333333333334,90.0,14,46.666666666666664,9,30.0,0,0.0,2,6.666666666666667,2,6.666666666666667,3,10.0,2.566666666666667,1.8015425489162213,2.0,3.0,70.0,80.0,86.66666666666667,12,40.0,8,26.666666666666668,1,3.3333333333333335,3,10.0,2,6.666666666666667,4,13.333333333333334,2.433333333333333,1.5638272140986533,2.0,2.0,76.66666666666667,80.0,96.66666666666667,11,36.666666666666664,9,30.0,3,10.0,1,3.3333333333333335,5,16.666666666666664,1,3.3333333333333335
189,True,2.7333333333333334,1.412641340027806,2.0,1.0,76.66666666666667,90.0,90.0,5,16.666666666666664,11,36.666666666666664,7,23.333333333333332,4,13.333333333333334,0,0.0,3,10.0,2.4,1.6041612554021285,2.0,2.0,80.0,86.66666666666667,90.0,12,40.0,7,23.333333333333332,5,16.666666666666664,2,6.666666666666667,1,3.3333333333333335,3,10.0,2.533333333333333,1.586050300449376,2.0,2.75,73.33333333333333,90.0,90.0,11,36.666666666666664,6,20.0,5,16.666666666666664,5,16.666666666666664,0,0.0,3,10.0,2.5,1.5652475842498528,2.0,2.75,73.33333333333333,86.66666666666667,93.33333333333333,11,36.666666666666664,7,23.333333333333332,4,13.333333333333334,4,13.333333333333334,2,6.666666666666667,2,6.666666666666667
190,True,2.466666666666667,1.6679994670929073,2.0,2.0,76.66666666666667,86.66666666666667,86.66666666666667,11,36.666666666666664,9,30.0,3,10.0,3,10.0,0,0.0,4,13.333333333333334,2.0,1.5491933384829668,1.0,1.0,86.66666666666667,90.0,90.0,17,56.666666666666664,6,20.0,3,10.0,1,3.3333333333333335,0,0.0,3,10.0,1.8666666666666667,0.9910712498212337,2.0,1.0,90.0,100.0,100.0,14,46.666666666666664,9,30.0,4,13.333333333333334,3,10.0,0,0.0,0,0.0,2.033333333333333,1.3034143197344767,1.5,2.0,83.33333333333334,96.66666666666667,96.66666666666667,15,50.0,6,20.0,4,13.333333333333334,4,13.333333333333334,0,0.0,1,3.3333333333333335
191,True,2.7666666666666666,1.3337499349161706,3.0,2.0,70.0,90.0,96.66666666666667,6,20.0,8,26.666666666666668,7,23.333333333333332,6,20.0,2,6.666666666666667,1,3.3333333333333335,2.5,1.707825127659933,2.0,2.75,73.33333333333333,83.33333333333334,90.0,13,43.333333333333336,5,16.666666666666664,4,13.333333333333334,3,10.0,2,6.666666666666667,3,10.0,2.533333333333333,1.765093639316497,2.0,2.75,73.33333333333333,83.33333333333334,86.66666666666667,13,43.333333333333336,5,16.666666666666664,4,13.333333333333334,3,10.0,1,3.3333333333333335,4,13.333333333333334,3.2,1.7204650534085255,3.0,2.0,63.33333333333333,76.66666666666667,80.0,5,16.666666666666664,8,26.666666666666668,6,20.0,4,13.333333333333334,1,3.3333333333333335,6,20.0
192,True,2.7333333333333334,1.5902480589168748,2.5,3.0,70.0,86.66666666666667,90.0,9,30.0,6,20.0,6,20.0,5,16.666666666666664,1,3.3333333333333335,3,10.0,2.2333333333333334,1.5849991237291654,1.5,2.0,76.66666666666667,83.33333333333334,96.66666666666667,15,50.0,6,20.0,2,6.666666666666667,2,6.666666666666667,4,13.333333333333334,1,3.3333333333333335,2.566666666666667,1.9093337988826249,1.5,3.0,66.66666666666666,76.66666666666667,86.66666666666667,15,50.0,4,13.333333333333334,1,3.3333333333333335,3,10.0,3,10.0,4,13.333333333333334,2.466666666666667,1.7838784213679537,2.0,3.0,70.0,80.0,90.0,14,46.666666666666664,6,20.0,1,3.3333333333333335,3,10.0,3,10.0,3,10.0
193,True,3.2333333333333334,1.7451520150277897,3.0,2.75,56.666666666666664,73.33333333333333,83.33333333333334,6,20.0,7,23.333333333333332,4,13.333333333333334,5,16.666666666666664,3,10.0,5,16.666666666666664,2.466666666666667,1.6679994670929073,2.0,3.0,70.0,80.0,96.66666666666667,14,46.666666666666664,4,13.333333333333334,3,10.0,3,10.0,5,16.666666666666664,1,3.3333333333333335,2.566666666666667,1.8381754238616315,2.0,2.75,73.33333333333333,76.66666666666667,86.66666666666667,13,43.333333333333336,6,20.0,3,10.0,1,3.3333333333333335,3,10.0,4,13.333333333333334,2.8666666666666667,1.8571184369578826,2.0,3.75,63.33333333333333,73.33333333333333,86.66666666666667,11,36.666666666666664,5,16.666666666666664,3,10.0,3,10.0,4,13.333333333333334,4,13.333333333333334
194,True,2.966666666666667,1.601735170231195,3.0,2.0,70.0,83.33333333333334,86.66666666666667,7,23.333333333333332,5,16.666666666666664,9,30.0,4,13.333333333333334,1,3.3333333333333335,4,13.333333333333334,2.5,1.9621416870348585,1.5,2.0,76.66666666666667,76.66666666666667,80.0,15,50.0,5,16.666666666666664,3,10.0,0,0.0,1,3.3333333333333335,6,20.0,2.566666666666667,1.9439364415764442,1.5,3.0,70.0,76.66666666666667,83.33333333333334,15,50.0,4,13.333333333333334,2,6.666666666666667,2,6.666666666666667,2,6.666666666666667,5,16.666666666666664,2.566666666666667,1.5849991237291654,2.0,2.0,76.66666666666667,83.33333333333334,93.33333333333333,11,36.666666666666664,5,16.666666666666664,7,23.333333333333332,2,6.666666666666667,3,10.0,2,6.666666666666667
195,True,3.2333333333333334,1.5638272140986533,3.0,2.0,60.0,83.33333333333334,83.33333333333334,4,13.333333333333334,7,23.333333333333332,7,23.333333333333332,7,23.333333333333332,0,0.0,5,16.666666666666664,2.466666666666667,1.627540748764494,2.0,2.75,73.33333333333333,83.33333333333334,93.33333333333333,12,40.0,7,23.333333333333332,3,10.0,3,10.0,3,10.0,2,6.666666666666667,2.466666666666667,1.5434449203720302,2.0,2.0,80.0,83.33333333333334,93.33333333333333,10,33.33333333333333,9,30.0,5,16.666666666666664,1,3.3333333333333335,3,10.0,2,6.666666666666667,2.933333333333333,1.7688665548562132,2.0,3.75,63.33333333333333,70.0,90.0,8,26.666666666666668,9,30.0,2,6.666666666666667,2,6.666666666666667,6,20.0,3,10.0
196,True,2.533333333333333,1.3097921802925667,2.0,1.0,86.66666666666667,90.0,93.33333333333333,6,20.0,11,36.666666666666664,9,30.0,1,3.3333333333333335,1,3.3333333333333335,2,6.666666666666667,2.466666666666667,1.746106780494506,2.0,2.0,80.0,83.33333333333334,83.33333333333334,11,36.666666666666664,10,33.33333333333333,3,10.0,1,3.3333333333333335,0,0.0,5,16.666666666666664,2.433333333333333,1.7065234314893605,2.0,1.75,83.33333333333334,83.33333333333334,83.33333333333334,10,33.33333333333333,12,40.0,3,10.0,0,0.0,0,0.0,5,16.666666666666664,2.8,1.851125783588643,2.0,2.75,73.33333333333333,76.66666666666667,80.0,9,30.0,9,30.0,4,13.333333333333334,1,3.3333333333333335,1,3.3333333333333335,6,20.0
197,True,2.6,1.7813852287849852,2.0,2.75,73.33333333333333,83.33333333333334,83.33333333333334,11,36.666666666666664,8,26.666666666666668,3,10.0,3,10.0,0,0.0,5,16.666666666666664,2.0,1.6532795690182993,1.0,1.0,83.33333333333334,86.66666666666667,90.0,19,63.33333333333333,4,13.333333333333334,2,6.666666666666667,1,3.3333333333333335,1,3.3333333333333335,3,10.0,2.0,1.6733200530681511,1.0,1.0,86.66666666666667,86.66666666666667,86.66666666666667,18,60.0,6,20.0,2,6.666666666666667,0,0.0,0,0.0,4,13.333333333333334,2.3666666666666667,1.7792008193443356,1.5,2.75,73.33333333333333,80.0,90.0,15,50.0,6,20.0,1,3.3333333333333335,2,6.666666666666667,3,10.0,3,10.0
198,True,3.0,1.2382783747337807,3.0,1.75,73.33333333333333,90.0,93.33333333333333,3,10.0,7,23.333333333333332,12,40.0,5,16.666666666666664,1,3.3333333333333335,2,6.666666666666667,2.466666666666667,1.6069294390925266,2.0,2.0,76.66666666666667,83.33333333333334,93.33333333333333,12,40.0,6,20.0,5,16.666666666666664,2,6.666666666666667,3,10.0,2,6.666666666666667,2.466666666666667,1.564892612574067,2.0,2.0,80.0,90.0,90.0,12,40.0,4,13.333333333333334,8,26.666666666666668,3,10.0,0,0.0,3,10.0,2.8666666666666667,1.80246744461277,2.0,3.0,63.33333333333333,76.66666666666667,86.66666666666667,10,33.33333333333333,6,20.0,3,10.0,4,13.333333333333334,3,10.0,4,13.333333333333334
199,True,2.433333333333333,1.498517786199268,2.0,2.0,86.66666666666667,86.66666666666667,90.0,9,30.0,10,33.33333333333333,7,23.333333333333332,0,0.0,1,3.3333333333333335,3,10.0,2.066666666666667,1.4360439485692011,1.5,2.0,90.0,90.0,93.33333333333333,15,50.0,6,20.0,6,20.0,0,0.0,1,3.3333333333333335,2,6.666666666666667,2.2,1.5790292376436015,2.0,2.0,86.66666666666667,86.66666666666667,90.0,14,46.666666666666664,7,23.333333333333332,5,16.666666666666664,0,0.0,1,3.3333333333333335,3,10.0,2.6,1.6653327995729064,2.0,2.75,73.33333333333333,83.33333333333334,90.0,11,36.666666666666664,6,20.0,5,16.666666666666664,3,10.0,2,6.666666666666667,3,10.0
200,True,2.7333333333333334,1.4817407180595246,3.0,2.5,73.33333333333333,86.66666666666667,93.33333333333333,8,26.666666666666668,6,20.0,8,26.666666666666668,4,13.333333333333334,2,6.666666666666667,2,6.666666666666667,2.2,1.5790292376436015,1.0,2.0,83.33333333333334,86.66666666666667,93.33333333333333,16,53.333333333333336,3,10.0,6,20.0,1,3.3333333333333335,2,6.666666666666667,2,6.666666666666667,2.3,1.5737428845483834,2.0,2.0,80.0,86.66666666666667,93.33333333333333,14,46.666666666666664,5,16.666666666666664,5,16.666666666666664,2,6.666666666666667,2,6.666666666666667,2,6.666666666666667,2.533333333333333,1.7838784213679535,2.0,3.0,70.0,80.0,90.0,14,46.666666666666664,4,13.333333333333334,3,10.0,3,10.0,3,10.0,3,10.0
201,True,2.7333333333333334,1.6110727964792764,2.0,1.0,80.0,80.0,86.66666666666667,6,20.0,12,40.0,6,20.0,0,0.0,2,6.666666666666667,4,13.333333333333334,2.1666666666666665,1.5293426329272617,2.0,2.0,86.66666666666667,90.0,90.0,14,46.666666666666664,7,23.333333333333332,5,16.666666666666664,1,3.3333333333333335,0,0.0,3,10.0,2.1666666666666665,1.3924399049470282,2.0,2.0,86.66666666666667,93.33333333333333,93.33333333333333,13,43.333333333333336,7,23.333333333333332,6,20.0,2,6.666666666666667,0,0.0,2,6.666666666666667,2.3666666666666667,1.6224124698183944,2.0,2.0,83.33333333333334,86.66666666666667,86.66666666666667,11,36.666666666666664,10,33.33333333333333,4,13.333333333333334,1,3.3333333333333335,0,0.0,4,13.333333333333334
202,True,2.933333333333333,1.4817407180595248,2.5,2.0,70.0,83.33333333333334,90.0,4,13.333333333333334,11,36.666666666666664,6,20.0,4,13.333333333333334,2,6.666666666666667,3,10.0,2.3333333333333335,1.4220486005134363,2.0,2.0,80.0,93.33333333333333,93.33333333333333,11,36.666666666666664,8,26.666666666666668,5,16.666666666666664,4,13.333333333333334,0,0.0,2,6.666666666666667,2.5,1.648231375343482,2.0,2.0,76.66666666666667,86.66666666666667,86.66666666666667,10,33.33333333333333,10,33.33333333333333,3,10.0,3,10.0,0,0.0,4,13.333333333333334,2.6666666666666665,1.5563490039905001,2.0,2.5,73.33333333333333,86.66666666666667,90.0,8,26.666666666666668,9,30.0,5,16.666666666666664,4,13.333333333333334,1,3.3333333333333335,3,10.0
203,True,3.1,1.4456832294800959,3.0,1.75,60.0,86.66666666666667,93.33333333333333,7,23.333333333333332,1,3.3333333333333335,10,33.33333333333333,8,26.666666666666668,2,6.666666666666667,2,6.666666666666667,2.5,1.857417562100671,1.0,2.75,73.33333333333333,80.0,86.66666666666667,16,53.333333333333336,1,3.3333333333333335,5,16.666666666666664,2,6.666666666666667,2,6.666666666666667,4,13.333333333333334,2.8333333333333335,1.808928473495351,2.5,3.0,66.66666666666666,76.66666666666667,86.66666666666667,11,36.666666666666664,4,13.333333333333334,5,16.666666666666664,3,10.0,3,10.0,4,13.333333333333334,3.2,2.08806130178211,3.0,4.75,56.666666666666664,66.66666666666666,73.33333333333333,12,40.0,1,3.3333333333333335,4,13.333333333333334,3,10.0,2,6.666666666666667,8,26.666666666666668
204,True,3.033333333333333,1.682920741515245,3.0,2.0,60.0,80.0,86.66666666666667,7,23.333333333333332,7,23.333333333333332,4,13.333333333333334,6,20.0,2,6.666666666666667,4,13.333333333333334,2.433333333333333,1.7641491496532322,2.0,2.0,76.66666666666667,83.33333333333334,86.66666666666667,14,46.666666666666664,5,16.666666666666664,4,13.333333333333334,2,6.666666666666667,1,3.3333333333333335,4,13.333333333333334,2.433333333333333,1.7451520150277897,2.0,2.0,76.66666666666667,80.0,90.0,14,46.666666666666664,5,16.666666666666664,4,13.333333333333334,1,3.3333333333333335,3,10.0,3,10.0,2.533333333333333,1.5216949614017772,2.0,2.0,76.66666666666667,86.66666666666667,93.33333333333333,10,33.33333333333333,7,23.333333333333332,6,20.0,3,10.0,2,6.666666666666667,2,6.666666666666667
205,True,3.2333333333333334,1.4761059883656353,3.0,2.0,53.333333333333336,80.0,93.33333333333333,5,16.666666666666664,5,16.666666666666664,6,20.0,8,26.666666666666668,4,13.333333333333334,2,6.666666666666667,2.3666666666666667,1.682920741515245,2.0,2.0,76.66666666666667,83.33333333333334,90.0,13,43.333333333333336,8,26.666666666666668,2,6.666666666666667,2,6.666666666666667,2,6.666666666666667,3,10.0,2.6,1.8366636418607882,2.0,2.75,73.33333333333333,80.0,83.33333333333334,12,40.0,7,23.333333333333332,3,10.0,2,6.666666666666667,1,3.3333333333333335,5,16.666666666666664,2.6666666666666665,1.738453974720706,2.0,3.0,66.66666666666666,80.0,90.0,11,36.666666666666664,7,23.333333333333332,2,6.666666666666667,4,13.333333333333334,3,10.0,3,10.0
206,True,1.9666666666666666,1.2242911781471304,2.0,1.0,86.66666666666667,96.66666666666667,96.66666666666667,14,46.666666666666664,9,30.0,3,10.0,3,10.0,0,0.0,1,3.3333333333333335,1.9,1.468559384794046,1.0,1.0,86.66666666666667,90.0,93.33333333333333,18,60.0,6,20.0,2,6.666666666666667,1,3.3333333333333335,1,3.3333333333333335,2,6.666666666666667,1.9666666666666666,1.3287420951996498,1.0,1.75,86.66666666666667,93.33333333333333,96.66666666666667,16,53.333333333333336,6,20.0,4,13.333333333333334,2,6.666666666666667,1,3.3333333333333335,1,3.3333333333333335,2.1333333333333333,1.586050300449376,1.0,1.75,80.0,86.66666666666667,93.33333333333333,16,53.333333333333336,6,20.0,2,6.666666666666667,2,6.666666666666667,2,6.666666666666667,2,6.666666666666667
207,True,2.566666666666667,1.382831234179436,2.5,1.75,83.33333333333334,90.0,93.33333333333333,8,26.666666666666668,7,23.333333333333332,10,33.33333333333333,2,6.666666666666667,1,3.3333333333333335,2,6.666666666666667,2.1333333333333333,1.54344492037203,1.5,1.75,83.33333333333334,86.66666666666667,93.33333333333333,15,50.0,7,23.333333333333332,3,10.0,1,3.3333333333333335,2,6.666666666666667,2,6.666666666666667,2.3666666666666667,1.87053171287976,1.5,1.75,76.66666666666667,80.0,83.33333333333334,15,50.0,7,23.333333333333332,1,3.3333333333333335,1,3.3333333333333335,1,3.3333333333333335,5,16.666666666666664,2.433333333333333,1.5423647068345696,2.0,2.0,83.33333333333334,86.66666666666667,90.0,10,33.33333333333333,9,30.0,6,20.0,1,3.3333333333333335,1,3.3333333333333335,3,10.0
208,True,2.966666666666667,1.3034143197344767,3.0,1.0,76.66666666666667,86.66666666666667,93.33333333333333,4,13.333333333333334,6,20.0,13,43.333333333333336,3,10.0,2,6.666666666666667,2,6.666666666666667,2.6333333333333333,1.8162843634433703,2.0,3.0,70.0,80.0,86.66666666666667,13,43.333333333333336,4,13.333333333333334,4,13.333333333333334,3,10.0,2,6.666666666666667,4,13.333333333333334,2.933333333333333,1.9310331143946988,3.0,3.0,63.33333333333333,76.66666666666667,80.0,12,40.0,2,6.666666666666667,5,16.666666666666664,4,13.333333333333334,1,3.3333333333333335,6,20.0,3.2333333333333334,1.8562207723101136,3.0,3.75,56.666666666666664,73.33333333333333,80.0,9,30.0,2,6.666666666666667,6,20.0,5,16.666666666666664,2,6.666666666666667,6,20.0
209,True,2.7333333333333334,1.364632632697248,3.0,2.5,73.33333333333333,90.0,96.66666666666667,8,26.666666666666668,4,13.333333333333334,10,33.33333333333333,5,16.666666666666664,2,6.666666666666667,1,3.3333333333333335,2.466666666666667,1.765093639316497,2.0,2.75,73.33333333333333,83.33333333333334,86.66666666666667,13,43.333333333333336,7,23.333333333333332,2,6.666666666666667,3,10.0,1,3.3333333333333335,4,13.333333333333334,2.7,1.8284784202536637,2.0,3.0,70.0,80.0,83.33333333333334,11,36.666666666666664,7,23.333333333333332,3,10.0,3,10.0,1,3.3333333333333335,5,16.666666666666664,2.6333333333333333,1.601735170231195,2.0,3.0,70.0,83.33333333333334,93.33333333333333,10,33.33333333333333,7,23.333333333333332,4,13.333333333333334,4,13.333333333333334,3,10.0,2,6.666666666666667
210,True,2.566666666666667,1.4985177861992682,2.0,2.0,76.66666666666667,86.66666666666667,93.33333333333333,9,30.0,8,26.666666666666668,6,20.0,3,10.0,2,6.666666666666667,2,6.666666666666667,2.3333333333333335,1.5563490039905001,2.0,2.0,76.66666666666667,90.0,93.33333333333333,14,46.666666666666664,4,13.333333333333334,5,16.666666666666664,4,13.333333333333334,1,3.3333333333333335,2,6.666666666666667,2.6333333333333333,1.7220788470785986,2.0,2.75,73.33333333333333,83.33333333333334,86.66666666666667,11,36.666666666666664,6,20.0,5,16.666666666666664,3,10.0,1,3.3333333333333335,4,13.333333333333334,2.466666666666667,1.6275407487644937,2.0,2.75,73.33333333333333,90.0,90.0,13,43.333333333333336,4,13.333333333333334,5,16.666666666666664,5,16.666666666666664,0,0.0,3,10.0
211,True,2.566666666666667,1.430229196861662,2.0,1.75,76.66666666666667,90.0,93.33333333333333,8,26.666666666666668,9,30.0,6,20.0,4,13.333333333333334,1,3.3333333333333335,2,6.666666666666667,2.433333333333333,1.8381754238616317,2.0,2.75,73.33333333333333,83.33333333333334,83.33333333333334,14,46.666666666666664,7,23.333333333333332,1,3.3333333333333335,3,10.0,0,0.0,5,16.666666666666664,2.6,1.781385228784985,2.0,3.0,70.0,80.0,86.66666666666667,11,36.666666666666664,9,30.0,1,3.3333333333333335,3,10.0,2,6.666666666666667,4,13.333333333333334,2.8333333333333335,1.827262676488766,2.0,3.0,63.33333333333333,80.0,83.33333333333334,10,33.33333333333333,7,23.333333333333332,2,6.666666666666667,5,16.666666666666664,1,3.3333333333333335,5,16.666666666666664
212,True,2.8333333333333335,1.4395215254459457,3.0,2.0,66.66666666666666,90.0,93.33333333333333,7,23.333333333333332,6,20.0,7,23.333333333333332,7,23.333333333333332,1,3.3333333333333335,2,6.666666666666667,2.6333333333333333,1.834545054108935,2.0,3.0,66.66666666666666,80.0,86.66666666666667,13,43.333333333333336,5,16.666666666666664,2,6.666666666666667,4,13.333333333333334,2,6.666666666666667,4,13.333333333333334,2.566666666666667,1.7065234314893605,2.0,3.0,66.66666666666666,80.0,93.33333333333333,12,40.0,7,23.333333333333332,1,3.3333333333333335,4,13.333333333333334,4,13.333333333333334,2,6.666666666666667,2.7333333333333334,1.7499206331208919,2.0,3.0,70.0,80.0,86.66666666666667,10,33.33333333333333,7,23.333333333333332,4,13.333333333333334,3,10.0,2,6.666666666666667,4,13.333333333333334
213,True,2.966666666666667,1.5595583420386112,3.0,2.0,70.0,80.0,90.0,6,20.0,7,23.333333333333332,8,26.666666666666668,3,10.0,3,10.0,3,10.0,2.533333333333333,1.586050300449376,2.0,2.0,76.66666666666667,86.66666666666667,90.0,10,33.33333333333333,8,26.666666666666668,5,16.666666666666664,3,10.0,1,3.3333333333333335,3,10.0,2.7333333333333334,1.7113996870657915,2.0,3.0,70.0,83.33333333333334,86.66666666666667,10,33.33333333333333,6,20.0,5,16.666666666666664,4,13.333333333333334,1,3.3333333333333335,4,13.333333333333334,2.8,1.5577761927397231,2.5,2.75,66.66666666666666,83.33333333333334,93.33333333333333,8,26.666666666666668,7,23.333333333333332,5,16.666666666666664,5,16.666666666666664,3,10.0,2,6.666666666666667
214,True,2.6666666666666665,1.4220486005134363,3.0,1.75,76.66666666666667,90.0,93.33333333333333,8,26.666666666666668,6,20.0,9,30.0,4,13.333333333333334,1,3.3333333333333335,2,6.666666666666667,2.3,1.6155494421403513,1.5,2.0,76.66666666666667,86.66666666666667,93.33333333333333,15,50.0,4,13.333333333333334,4,13.333333333333334,3,10.0,2,6.666666666666667,2,6.666666666666667,2.3,1.6563010998406458,1.5,2.0,80.0,86.66666666666667,90.0,15,50.0,4,13.333333333333334,5,16.666666666666664,2,6.666666666666667,1,3.3333333333333335,3,10.0,2.6666666666666665,1.6397831834998458,2.5,3.0,70.0,86.66666666666667,90.0,11,36.666666666666664,4,13.333333333333334,6,20.0,5,16.666666666666664,1,3.3333333333333335,3,10.0
215,True,2.6,1.2806248474865698,2.5,1.0,83.33333333333334,93.33333333333333,93.33333333333333,6,20.0,9,30.0,10,33.33333333333333,3,10.0,0,0.0,2,6.666666666666667,2.3333333333333335,1.398411797560202,2.0,2.0,80.0,90.0,96.66666666666667,11,36.666666666666664,8,26.666666666666668,5,16.666666666666664,3,10.0,2,6.666666666666667,1,3.3333333333333335,2.566666666666667,1.498517786199268,2.0,2.0,76.66666666666667,86.66666666666667,93.33333333333333,9,30.0,8,26.666666666666668,6,20.0,3,10.0,2,6.666666666666667,2,6.666666666666667,2.9,1.7,2.5,1.75,73.33333333333333,80.0,83.33333333333334,7,23.333333333333332,8,26.666666666666668,7,23.333333333333332,2,6.666666666666667,1,3.3333333333333335,5,16.666666666666664
216,True,2.933333333333333,1.3399834161494522,3.0,2.0,63.33333333333333,90.0,96.66666666666667,6,20.0,5,16.666666666666664,8,26.666666666666668,8,26.666666666666668,2,6.666666666666667,1,3.3333333333333335,2.6333333333333333,1.6629959577688562,2.0,2.0,76.66666666666667,83.33333333333334,86.66666666666667,9,30.0,9,30.0,5,16.666666666666664,2,6.666666666666667,1,3.3333333333333335,4,13.333333333333334,2.6666666666666665,1.6599866130651642,2.0,2.0,76.66666666666667,83.33333333333334,86.66666666666667,9,30.0,8,26.666666666666668,6,20.0,2,6.666666666666667,1,3.3333333333333335,4,13.333333333333334,2.8,1.4000000000000001,3.0,2.0,70.0,90.0,93.33333333333333,6,20.0,8,26.666666666666668,7,23.333333333333332,6,20.0,1,3.3333333333333335,2,6.666666666666667
217,True,2.966666666666667,1.5162087220725544,3.0,2.0,63.33333333333333,86.66666666666667,90.0,6,20.0,7,23.333333333333332,6,20.0,7,23.333333333333332,1,3.3333333333333335,3,10.0,2.6,1.7435595774162693,2.0,3.0,70.0,80.0,90.0,12,40.0,6,20.0,3,10.0,3,10.0,3,10.0,3,10.0,2.7,1.8101565309847285,2.0,3.0,70.0,76.66666666666667,86.66666666666667,11,36.666666666666664,7,23.333333333333332,3,10.0,2,6.666666666666667,3,10.0,4,13.333333333333334,2.7666666666666666,1.7259457954666158,2.0,3.0,66.66666666666666,76.66666666666667,90.0,9,30.0,9,30.0,2,6.666666666666667,3,10.0,4,13.333333333333334,3,10.0
218,True,2.9,1.4224392195567912,3.0,2.0,66.66666666666666,86.66666666666667,93.33333333333333,5,16.666666666666664,9,30.0,6,20.0,6,20.0,2,6.666666666666667,2,6.666666666666667,2.6,1.9933221850301406,1.0,3.75,70.0,73.33333333333333,83.33333333333334,16,53.333333333333336,2,6.666666666666667,3,10.0,1,3.3333333333333335,3,10.0,5,16.666666666666664,2.7666666666666666,2.0442330808615954,2.0,4.0,66.66666666666666,70.0,80.0,14,46.666666666666664,4,13.333333333333334,2,6.666666666666667,1,3.3333333333333335,3,10.0,6,20.0,2.8666666666666667,1.8208667044996887,2.0,3.75,60.0,73.33333333333333,90.0,11,36.666666666666664,5,16.666666666666664,2,6.666666666666667,4,13.333333333333334,5,16.666666666666664,3,10.0
219,True,2.8666666666666667,1.4079141387961918,3.0,1.75,73.33333333333333,90.0,90.0,5,16.666666666666664,8,26.666666666666668,9,30.0,5,16.666666666666664,0,0.0,3,10.0,2.433333333333333,1.4533486237727762,2.0,2.0,80.0,90.0,93.33333333333333,10,33.33333333333333,8,26.666666666666668,6,20.0,3,10.0,1,3.3333333333333335,2,6.666666666666667,2.6,1.5405626677721789,2.0,2.0,76.66666666666667,83.33333333333334,93.33333333333333,9,30.0,8,26.666666666666668,6,20.0,2,6.666666666666667,3,10.0,2,6.666666666666667,2.566666666666667,1.498517786199268,2.0,2.0,76.66666666666667,86.66666666666667,93.33333333333333,9,30.0,8,26.666666666666668,6,20.0,3,10.0,2,6.666666666666667,2,6.666666666666667
220,True,2.6333333333333333,1.4019827229875397,2.0,2.75,70.0,90.0,96.66666666666667,8,26.666666666666668,8,26.666666666666668,5,16.666666666666664,6,20.0,2,6.666666666666667,1,3.3333333333333335,2.2666666666666666,1.671991493864594,1.5,2.0,76.66666666666667,86.66666666666667,90.0,15,50.0,6,20.0,2,6.666666666666667,3,10.0,1,3.3333333333333335,3,10.0,2.3,1.6360521589077368,1.5,2.75,73.33333333333333,86.66666666666667,93.33333333333333,15,50.0,5,16.666666666666664,2,6.666666666666667,4,13.333333333333334,2,6.666666666666667,2,6.666666666666667,2.533333333333333,1.586050300449376,2.0,3.0,70.0,86.66666666666667,93.33333333333333,11,36.666666666666664,7,23.333333333333332,3,10.0,5,16.666666666666664,2,6.666666666666667,2,6.666666666666667
221,True,2.6666666666666665,1.6599866130651644,2.0,2.0,76.66666666666667,83.33333333333334,86.66666666666667,9,30.0,8,26.666666666666668,6,20.0,2,6.666666666666667,1,3.3333333333333335,4,13.333333333333334,2.2666666666666666,1.5260697523012796,2.0,2.0,80.0,90.0,93.33333333333333,14,46.666666666666664,5,16.666666666666664,5,16.666666666666664,3,10.0,1,3.3333333333333335,2,6.666666666666667,2.533333333333333,1.8749814813900312,2.0,2.75,73.33333333333333,80.0,83.33333333333334,14,46.666666666666664,5,16.666666666666664,3,10.0,2,6.666666666666667,1,3.3333333333333335,5,16.666666666666664,2.3,1.2948616399703354,2.0,2.0,80.0,96.66666666666667,96.66666666666667,11,36.666666666666664,7,23.333333333333332,6,20.0,5,16.666666666666664,0,0.0,1,3.3333333333333335
222,True,2.7666666666666666,1.4761059883656353,3.0,1.0,83.33333333333334,83.33333333333334,90.0,6,20.0,8,26.666666666666668,11,36.666666666666664,0,0.0,2,6.666666666666667,3,10.0,2.4,1.4742229591663987,2.0,2.0,83.33333333333334,90.0,90.0,9,30.0,11,36.666666666666664,5,16.666666666666664,2,6.666666666666667,0,0.0,3,10.0,2.7,1.6563010998406458,2.0,2.75,73.33333333333333,80.0,90.0,9,30.0,8,26.666666666666668,5,16.666666666666664,2,6.666666666666667,3,10.0,3,10.0,2.3666666666666667,1.3034143197344767,2.0,1.75,86.66666666666667,93.33333333333333,93.33333333333333,8,26.666666666666668,11,36.666666666666664,7,23.333333333333332,2,6.666666666666667,0,0.0,2,6.666666666666667
223,True,2.433333333333333,1.6669999666733315,2.0,2.0,83.33333333333334,83.33333333333334,86.66666666666667,11,36.666666666666664,9,30.0,5,16.666666666666664,0,0.0,1,3.3333333333333335,4,13.333333333333334,2.2333333333333334,1.6265163865007803,2.0,1.0,83.33333333333334,83.33333333333334,90.0,13,43.333333333333336,10,33.33333333333333,2,6.666666666666667,0,0.0,2,6.666666666666667,3,10.0,2.1,1.468559384794046,2.0,1.0,86.66666666666667,86.66666666666667,93.33333333333333,13,43.333333333333336,11,36.666666666666664,2,6.666666666666667,0,0.0,2,6.666666666666667,2,6.666666666666667,2.6333333333333333,1.5807874268505835,2.0,2.0,76.66666666666667,80.0,93.33333333333333,9,30.0,8,26.666666666666668,6,20.0,1,3.3333333333333335,4,13.333333333333334,2,6.666666666666667
224,True,2.933333333333333,1.4817407180595246,3.0,2.75,56.666666666666664,86.66666666666667,96.66666666666667,8,26.666666666666668,4,13.333333333333334,5,16.666666666666664,9,30.0,3,10.0,1,3.3333333333333335,2.4,1.6041612554021285,2.0,2.75,73.33333333333333,86.66666666666667,93.33333333333333,13,43.333333333333336,6,20.0,3,10.0,4,13.333333333333334,2,6.666666666666667,2,6.666666666666667,2.7666666666666666,1.856220772310114,2.0,3.0,70.0,76.66666666666667,83.33333333333334,11,36.666666666666664,6,20.0,4,13.333333333333334,2,6.666666666666667,2,6.666666666666667,5,16.666666666666664,2.8,1.7204650534085255,2.5,3.0,66.66666666666666,83.33333333333334,86.66666666666667,10,33.33333333333333,5,16.666666666666664,5,16.666666666666664,5,16.666666666666664,1,3.3333333333333335,4,13.333333333333334
225,True,2.8,1.4236104336041748,3.0,2.0,70.0,90.0,93.33333333333333,7,23.333333333333332,6,20.0,8,26.666666666666668,6,20.0,1,3.3333333333333335,2,6.666666666666667,2.466666666666667,1.765093639316497,2.0,2.0,76.66666666666667,83.33333333333334,86.66666666666667,14,46.666666666666664,4,13.333333333333334,5,16.666666666666664,2,6.666666666666667,1,3.3333333333333335,4,13.333333333333334,2.466666666666667,1.7269111795984828,2.0,2.0,76.66666666666667,86.66666666666667,86.66666666666667,14,46.666666666666664,3,10.0,6,20.0,3,10.0,0,0.0,4,13.333333333333334,3.0,1.8257418583505538,3.0,3.75,70.0,73.33333333333333,83.33333333333334,10,33.33333333333333,2,6.666666666666667,9,30.0,1,3.3333333333333335,3,10.0,5,16.666666666666664
226,True,2.933333333333333,1.569146972791976,3.0,2.0,70.0,80.0,90.0,6,20.0,8,26.666666666666668,7,23.333333333333332,3,10.0,3,10.0,3,10.0,2.3,1.636052158907737,2.0,2.0,76.66666666666667,83.33333333333334,93.33333333333333,14,46.666666666666664,7,23.333333333333332,2,6.666666666666667,2,6.666666666666667,3,10.0,2,6.666666666666667,2.2,1.4696938456699067,2.0,1.75,80.0,86.66666666666667,96.66666666666667,13,43.333333333333336,9,30.0,2,6.666666666666667,2,6.666666666666667,3,10.0,1,3.3333333333333335,2.533333333333333,1.6679994670929073,2.0,2.0,76.66666666666667,80.0,90.0,10,33.33333333333333,10,33.33333333333333,3,10.0,1,3.3333333333333335,3,10.0,3,10.0
227,True,2.933333333333333,1.2631530214330944,3.0,2.0,70.0,93.33333333333333,93.33333333333333,4,13.333333333333334,7,23.333333333333332,10,33.33333333333333,7,23.333333333333332,0,0.0,2,6.666666666666667,2.7333333333333334,1.730767331432956,2.0,2.75,73.33333333333333,80.0,86.66666666666667,10,33.33333333333333,6,20.0,6,20.0,2,6.666666666666667,2,6.666666666666667,4,13.333333333333334,2.6666666666666665,1.5129074290546958,2.5,2.75,73.33333333333333,86.66666666666667,93.33333333333333,9,30.0,6,20.0,7,23.333333333333332,4,13.333333333333334,2,6.666666666666667,2,6.666666666666667,3.1666666666666665,1.8454147380888544,3.0,3.75,66.66666666666666,70.0,80.0,8,26.666666666666668,4,13.333333333333334,8,26.666666666666668,1,3.3333333333333335,3,10.0,6,20.0
228,True,3.2333333333333334,1.5638272140986533,3.0,2.0,53.333333333333336,76.66666666666667,90.0,4,13.333333333333334,9,30.0,3,10.0,7,23.333333333333332,4,13.333333333333334,3,10.0,2.6666666666666665,1.8135294011647258,2.0,3.5,73.33333333333333,73.33333333333333,86.66666666666667,10,33.33333333333333,10,33.33333333333333,2,6.666666666666667,0,0.0,4,13.333333333333334,4,13.333333333333334,2.8333333333333335,1.8811934746029948,2.0,3.75,66.66666666666666,73.33333333333333,83.33333333333334,10,33.33333333333333,8,26.666666666666668,2,6.666666666666667,2,6.666666666666667,3,10.0,5,16.666666666666664,3.033333333333333,1.6224124698183942,2.5,2.75,60.0,73.33333333333333,93.33333333333333,6,20.0,9,30.0,3,10.0,4,13.333333333333334,6,20.0,2,6.666666666666667
229,True,2.9,1.5989579940281942,2.5,1.0,76.66666666666667,83.33333333333334,83.33333333333334,5,16.666666666666664,10,33.33333333333333,8,26.666666666666668,2,6.666666666666667,0,0.0,5,16.666666666666664,2.3666666666666667,1.6629959577688564,2.0,2.0,80.0,83.33333333333334,90.0,13,43.333333333333336,7,23.333333333333332,4,13.333333333333334,1,3.3333333333333335,2,6.666666666666667,3,10.0,2.533333333333333,1.6679994670929073,2.0,2.0,76.66666666666667,83.33333333333334,90.0,12,40.0,5,16.666666666666664,6,20.0,2,6.666666666666667,2,6.666666666666667,3,10.0,2.7,1.6960738977611403,2.0,3.0,70.0,80.0,90.0,10,33.33333333333333,7,23.333333333333332,4,13.333333333333334,3,10.0,3,10.0,3,10.0
230,True,3.2333333333333334,1.6669999666733315,3.0,2.75,56.666666666666664,73.33333333333333,86.66666666666667,5,16.666666666666664,8,26.666666666666668,4,13.333333333333334,5,16.666666666666664,4,13.333333333333334,4,13.333333333333334,2.466666666666667,1.8749814813900312,1.5,2.75,73.33333333333333,76.66666666666667,86.66666666666667,15,50.0,5,16.666666666666664,2,6.666666666666667,1,3.3333333333333335,3,10.0,4,13.333333333333334,2.566666666666667,1.8740923729160797,2.0,3.0,70.0,76.66666666666667,86.66666666666667,14,46.666666666666664,5,16.666666666666664,2,6.666666666666667,2,6.666666666666667,3,10.0,4,13.333333333333334,2.8333333333333335,1.9163043135739746,2.0,3.75,66.66666666666666,73.33333333333333,83.33333333333334,12,40.0,4,13.333333333333334,4,13.333333333333334,2,6.666666666666667,3,10.0,5,16.666666666666664
231,True,2.9,1.3253930234714029,3.0,1.75,73.33333333333333,90.0,93.33333333333333,5,16.666666666666664,6,20.0,11,36.666666666666664,5,16.666666666666664,1,3.3333333333333335,2,6.666666666666667,2.566666666666667,1.7451520150277897,2.0,3.0,70.0,80.0,90.0,12,40.0,7,23.333333333333332,2,6.666666666666667,3,10.0,3,10.0,3,10.0,2.7333333333333334,1.7499206331208919,2.0,3.0,70.0,80.0,86.66666666666667,10,33.33333333333333,7,23.333333333333332,4,13.333333333333334,3,10.0,2,6.666666666666667,4,13.333333333333334,2.8333333333333335,1.6346933113652304,3.0,2.5,73.33333333333333,83.33333333333334,86.66666666666667,8,26.666666666666668,6,20.0,8,26.666666666666668,3,10.0,1,3.3333333333333335,4,13.333333333333334
232,True,2.6,1.518771433319269,2.0,3.0,70.0,90.0,93.33333333333333,10,33.33333333333333,6,20.0,5,16.666666666666664,6,20.0,1,3.3333333333333335,2,6.666666666666667,2.2666666666666666,1.5477582354991866,2.0,2.0,83.33333333333334,90.0,90.0,13,43.333333333333336,7,23.333333333333332,5,16.666666666666664,2,6.666666666666667,0,0.0,3,10.0,2.5,1.875277757204694,2.0,2.0,80.0,80.0,80.0,13,43.333333333333336,7,23.333333333333332,4,13.333333333333334,0,0.0,0,0.0,6,20.0,2.433333333333333,1.6058919293927874,2.0,2.0,83.33333333333334,86.66666666666667,86.66666666666667,10,33.33333333333333,10,33.33333333333333,5,16.666666666666664,1,3.3333333333333335,0,0.0,4,13.333333333333334
233,True,2.533333333333333,1.4544949486180954,2.5,2.75,73.33333333333333,90.0,96.66666666666667,11,36.666666666666664,4,13.333333333333334,7,23.333333333333332,5,16.666666666666664,2,6.666666666666667,1,3.3333333333333335,2.2333333333333334,1.6868774571839995,1.0,2.0,83.33333333333334,83.33333333333334,90.0,16,53.333333333333336,4,13.333333333333334,5,16.666666666666664,0,0.0,2,6.666666666666667,3,10.0,2.4,1.8726095873584185,1.0,2.0,76.66666666666667,76.66666666666667,86.66666666666667,16,53.333333333333336,4,13.333333333333334,3,10.0,0,0.0,3,10.0,4,13.333333333333334,2.6666666666666665,1.8856180831641267,2.0,3.75,70.0,73.33333333333333,86.66666666666667,13,43.333333333333336,5,16.666666666666664,3,10.0,1,3.3333333333333335,4,13.333333333333334,4,13.333333333333334
234,True,2.7333333333333334,1.6110727964792764,2.5,2.75,73.33333333333333,83.33333333333334,90.0,9,30.0,6,20.0,7,23.333333333333332,3,10.0,2,6.666666666666667,3,10.0,2.1666666666666665,1.3924399049470282,2.0,2.0,80.0,93.33333333333333,96.66666666666667,14,46.666666666666664,6,20.0,4,13.333333333333334,4,13.333333333333334,1,3.3333333333333335,1,3.3333333333333335,2.5,1.7272328544042153,2.0,2.75,73.33333333333333,80.0,90.0,12,40.0,8,26.666666666666668,2,6.666666666666667,2,6.666666666666667,3,10.0,3,10.0,2.466666666666667,1.564892612574067,2.0,2.0,80.0,86.66666666666667,90.0,10,33.33333333333333,9,30.0,5,16.666666666666664,2,6.666666666666667,1,3.3333333333333335,3,10.0
235,True,2.6666666666666665,1.5563490039905001,2.0,2.5,73.33333333333333,86.66666666666667,90.0,8,26.666666666666668,9,30.0,5,16.666666666666664,4,13.333333333333334,1,3.3333333333333335,3,10.0,2.3333333333333335,1.577621275493231,2.0,2.0,83.33333333333334,86.66666666666667,90.0,12,40.0,8,26.666666666666668,5,16.666666666666664,1,3.3333333333333335,1,3.3333333333333335,3,10.0,2.6,1.7435595774162693,2.0,2.75,73.33333333333333,83.33333333333334,86.66666666666667,12,40.0,5,16.666666666666664,5,16.666666666666664,3,10.0,1,3.3333333333333335,4,13.333333333333334,2.7,1.7156145643277028,2.0,3.0,70.0,83.33333333333334,86.66666666666667,10,33.33333333333333,7,23.333333333333332,4,13.333333333333334,4,13.333333333333334,1,3.3333333333333335,4,13.333333333333334
236,True,2.2,1.2754084313139324,2.0,2.0,80.0,96.66666666666667,96.66666666666667,11,36.666666666666664,10,33.33333333333333,3,10.0,5,16.666666666666664,0,0.0,1,3.3333333333333335,2.1666666666666665,1.6346933113652304,1.0,2.0,76.66666666666667,86.66666666666667,93.33333333333333,17,56.666666666666664,4,13.333333333333334,2,6.666666666666667,3,10.0,2,6.666666666666667,2,6.666666666666667,2.1333333333333333,1.6069294390925264,1.0,2.5,73.33333333333333,90.0,93.33333333333333,17,56.666666666666664,5,16.666666666666664,0,0.0,5,16.666666666666664,1,3.3333333333333335,2,6.666666666666667,2.433333333333333,1.8015425489162211,2.0,2.0,76.66666666666667,80.0,86.66666666666667,14,46.666666666666664,6,20.0,3,10.0,1,3.3333333333333335,2,6.666666666666667,4,13.333333333333334
237,True,2.5,1.4317821063276353,2.0,2.0,80.0,90.0,93.33333333333333,9,30.0,8,26.666666666666668,7,23.333333333333332,3,10.0,1,3.3333333333333335,2,6.666666666666667,2.2333333333333334,1.54236470683457,2.0,2.0,83.33333333333334,90.0,90.0,13,43.333333333333336,8,26.666666666666668,4,13.333333333333334,2,6.666666666666667,0,0.0,3,10.0,2.3666666666666667,1.5807874268505835,2.0,2.0,83.33333333333334,86.66666666666667,90.0,12,40.0,7,23.333333333333332,6,20.0,1,3.3333333333333335,1,3.3333333333333335,3,10.0,2.466666666666667,1.4544949486180954,2.0,2.0,76.66666666666667,90.0,93.33333333333333,9,30.0,10,33.33333333333333,4,13.333333333333334,4,13.333333333333334,1,3.3333333333333335,2,6.666666666666667
238,True,2.5,1.3601470508735443,2.0,1.75,80.0,93.33333333333333,93.33333333333333,8,26.666666666666668,9,30.0,7,23.333333333333332,4,13.333333333333334,0,0.0,2,6.666666666666667,2.1666666666666665,1.3682917167849196,2.0,1.0,86.66666666666667,86.66666666666667,96.66666666666667,11,36.666666666666664,12,40.0,3,10.0,0,0.0,3,10.0,1,3.3333333333333335,2.4,1.724335620850342,2.0,1.75,83.33333333333334,83.33333333333334,83.33333333333334,11,36.666666666666664,11,36.666666666666664,3,10.0,0,0.0,0,0.0,5,16.666666666666664,2.3,1.4410644214144859,2.0,2.0,86.66666666666667,86.66666666666667,93.33333333333333,10,33.33333333333333,11,36.666666666666664,5,16.666666666666664,0,0.0,2,6.666666666666667,2,6.666666666666667
239,True,2.8333333333333335,1.5073892072793351,3.0,2.75,66.66666666666666,86.66666666666667,93.33333333333333,8,26.666666666666668,5,16.666666666666664,7,23.333333333333332,6,20.0,2,6.666666666666667,2,6.666666666666667,2.466666666666667,1.9447936194419764,1.0,3.0,70.0,80.0,83.33333333333334,17,56.666666666666664,2,6.666666666666667,2,6.666666666666667,3,10.0,1,3.3333333333333335,5,16.666666666666664,2.566666666666667,1.9439364415764444,1.0,3.0,66.66666666666666,80.0,83.33333333333334,16,53.333333333333336,2,6.666666666666667,2,6.666666666666667,4,13.333333333333334,1,3.3333333333333335,5,16.666666666666664,2.9,1.9209372712298547,2.0,3.0,63.33333333333333,76.66666666666667,80.0,11,36.666666666666664,5,16.666666666666664,3,10.0,4,13.333333333333334,1,3.3333333333333335,6,20.0
240,True,2.8,1.5577761927397231,3.0,2.75,70.0,86.66666666666667,90.0,8,26.666666666666668,6,20.0,7,23.333333333333332,5,16.666666666666664,1,3.3333333333333335,3,10.0,2.2666666666666666,1.4817407180595246,2.0,2.0,80.0,86.66666666666667,96.66666666666667,13,43.333333333333336,7,23.333333333333332,4,13.333333333333334,2,6.666666666666667,3,10.0,1,3.3333333333333335,2.433333333333333,1.5638272140986533,2.0,2.75,73.33333333333333,83.33333333333334,96.66666666666667,12,40.0,7,23.333333333333332,3,10.0,3,10.0,4,13.333333333333334,1,3.3333333333333335,2.8666666666666667,1.746106780494506,2.5,3.0,70.0,76.66666666666667,86.66666666666667,9,30.0,6,20.0,6,20.0,2,6.666666666666667,3,10.0,4,13.333333333333334
241,True,2.3666666666666667,1.1967548714010827,2.0,1.0,86.66666666666667,93.33333333333333,96.66666666666667,7,23.333333333333332,12,40.0,7,23.333333333333332,2,6.666666666666667,1,3.3333333333333335,1,3.3333333333333335,2.3333333333333335,1.4907119849998598,2.0,2.0,83.33333333333334,86.66666666666667,93.33333333333333,11,36.666666666666664,9,30.0,5,16.666666666666664,1,3.3333333333333335,2,6.666666666666667,2,6.666666666666667,2.2333333333333334,1.2827920936595907,2.0,2.0,86.66666666666667,93.33333333333333,96.66666666666667,11,36.666666666666664,8,26.666666666666668,7,23.333333333333332,2,6.666666666666667,1,3.3333333333333335,1,3.3333333333333335,2.9,1.7387735140993301,2.5,1.0,76.66666666666667,80.0,80.0,7,23.333333333333332,8,26.666666666666668,8,26.666666666666668,1,3.3333333333333335,0,0.0,6,20.0
242,True,2.8333333333333335,1.4624940645653535,3.0,2.0,70.0,90.0,90.0,6,20.0,8,26.666666666666668,7,23.333333333333332,6,20.0,0,0.0,3,10.0,2.5,1.5652475842498528,2.0,2.75,73.33333333333333,86.66666666666667,93.33333333333333,11,36.666666666666664,7,23.333333333333332,4,13.333333333333334,4,13.333333333333334,2,6.666666666666667,2,6.666666666666667,2.7,1.5524174696260025,2.0,2.5,73.33333333333333,86.66666666666667,90.0,8,26.666666666666668,8,26.666666666666668,6,20.0,4,13.333333333333334,1,3.3333333333333335,3,10.0,3.0,1.879716290649558,2.0,4.0,63.33333333333333,70.0,83.33333333333334,9,30.0,7,23.333333333333332,3,10.0,2,6.666666666666667,4,13.333333333333334,5,16.666666666666664
243,True,2.5,1.5864005379054391,2.0,2.0,83.33333333333334,86.66666666666667,86.66666666666667,9,30.0,10,33.33333333333333,6,20.0,1,3.3333333333333335,0,0.0,4,13.333333333333334,2.066666666666667,1.4817407180595246,1.0,1.75,83.33333333333334,86.66666666666667,96.66666666666667,16,53.333333333333336,6,20.0,3,10.0,1,3.3333333333333335,3,10.0,1,3.3333333333333335,2.1333333333333333,1.687865186822955,1.0,1.0,83.33333333333334,86.66666666666667,86.66666666666667,16,53.333333333333336,7,23.333333333333332,2,6.666666666666667,1,3.3333333333333335,0,0.0,4,13.333333333333334,2.1666666666666665,1.5509853498842454,1.5,2.0,83.33333333333334,86.66666666666667,93.33333333333333,15,50.0,6,20.0,4,13.333333333333334,1,3.3333333333333335,2,6.666666666666667,2,6.666666666666667
244,True,3.033333333333333,1.3535960336164634,3.0,2.0,66.66666666666666,86.66666666666667,93.33333333333333,4,13.333333333333334,7,23.333333333333332,9,30.0,6,20.0,2,6.666666666666667,2,6.666666666666667,2.7666666666666666,1.8740923729160797,2.0,3.75,70.0,73.33333333333333,83.33333333333334,10,33.33333333333333,9,30.0,2,6.666666666666667,1,3.3333333333333335,3,10.0,5,16.666666666666664,2.8,1.758787461103056,2.0,3.0,70.0,76.66666666666667,86.66666666666667,9,30.0,8,26.666666666666668,4,13.333333333333334,2,6.666666666666667,3,10.0,4,13.333333333333334,3.066666666666667,1.8961950204437188,2.0,3.75,63.33333333333333,70.0,80.0,8,26.666666666666668,8,26.666666666666668,3,10.0,2,6.666666666666667,3,10.0,6,20.0
245,True,3.033333333333333,1.4715826703096078,3.0,2.0,63.33333333333333,83.33333333333334,93.33333333333333,6,20.0,5,16.666666666666664,8,26.666666666666668,6,20.0,3,10.0,2,6.666666666666667,2.533333333333333,1.7074997966487597,2.0,2.75,73.33333333333333,80.0,90.0,11,36.666666666666664,9,30.0,2,6.666666666666667,2,6.666666666666667,3,10.0,3,10.0,2.533333333333333,1.6478942792411035,2.0,2.0,76.66666666666667,83.33333333333334,90.0,11,36.666666666666664,7,23.333333333333332,5,16.666666666666664,2,6.666666666666667,2,6.666666666666667,3,10.0,2.6333333333333333,1.6629959577688562,2.0,2.75,73.33333333333333,83.33333333333334,90.0,11,36.666666666666664,5,16.666666666666664,6,20.0,3,10.0,2,6.666666666666667,3,10.0
246,True,2.7666666666666666,1.7065234314893603,2.0,3.0,66.66666666666666,83.33333333333334,86.66666666666667,9,30.0,8,26.666666666666668,3,10.0,5,16.666666666666664,1,3.3333333333333335,4,13.333333333333334,2.3333333333333335,1.6599866130651642,2.0,2.5,73.33333333333333,86.66666666666667,90.0,13,43.333333333333336,9,30.0,0,0.0,4,13.333333333333334,1,3.3333333333333335,3,10.0,2.533333333333333,1.7074997966487597,2.0,2.75,73.33333333333333,86.66666666666667,86.66666666666667,12,40.0,6,20.0,4,13.333333333333334,4,13.333333333333334,0,0.0,4,13.333333333333334,2.7666666666666666,1.8015425489162211,2.0,3.75,63.33333333333333,73.33333333333333,90.0,10,33.33333333333333,9,30.0,0,0.0,3,10.0,5,16.666666666666664,3,10.0
247,True,2.6666666666666665,1.4907119849998596,2.0,2.0,70.0,86.66666666666667,93.33333333333333,7,23.333333333333332,11,36.666666666666664,3,10.0,5,16.666666666666664,2,6.666666666666667,2,6.666666666666667,2.3666666666666667,1.5162087220725546,2.0,1.75,76.66666666666667,86.66666666666667,93.33333333333333,10,33.33333333333333,12,40.0,1,3.3333333333333335,3,10.0,2,6.666666666666667,2,6.666666666666667,2.8333333333333335,1.8454147380888544,2.0,3.5,66.66666666666666,73.33333333333333,83.33333333333334,8,26.666666666666668,12,40.0,0,0.0,2,6.666666666666667,3,10.0,5,16.666666666666664,2.533333333333333,1.4313940369055926,2.0,2.5,73.33333333333333,86.66666666666667,96.66666666666667,8,26.666666666666668,11,36.666666666666664,3,10.0,4,13.333333333333334,3,10.0,1,3.3333333333333335
248,True,2.6333333333333333,1.702612371882951,2.0,2.75,73.33333333333333,80.0,90.0,11,36.666666666666664,6,20.0,5,16.666666666666664,2,6.666666666666667,3,10.0,3,10.0,2.1333333333333333,1.6679994670929073,1.0,1.75,86.66666666666667,86.66666666666667,86.66666666666667,16,53.333333333333336,6,20.0,4,13.333333333333334,0,0.0,0,0.0,4,13.333333333333334,2.3666666666666667,1.8526257642120338,1.5,2.0,80.0,80.0,83.33333333333334,15,50.0,6,20.0,3,10.0,0,0.0,1,3.3333333333333335,5,16.666666666666664,2.533333333333333,1.586050300449376,2.0,3.0,70.0,83.33333333333334,96.66666666666667,12,40.0,5,16.666666666666664,4,13.333333333333334,4,13.333333333333334,4,13.333333333333334,1,3.3333333333333335
249,True,2.7666666666666666,1.5638272140986536,2.5,2.75,70.0,86.66666666666667,90.0,8,26.666666666666668,7,23.333333333333332,6,20.0,5,16.666666666666664,1,3.3333333333333335,3,10.0,2.3666666666666667,1.601735170231195,2.0,2.0,76.66666666666667,83.33333333333334,93.33333333333333,12,40.0,9,30.0,2,6.666666666666667,2,6.666666666666667,3,10.0,2,6.666666666666667,2.433333333333333,1.5638272140986536,2.0,2.0,76.66666666666667,90.0,90.0,11,36.666666666666664,8,26.666666666666668,4,13.333333333333334,4,13.333333333333334,0,0.0,3,10.0,2.7666666666666666,1.6265163865007801,2.0,2.75,66.66666666666666,83.33333333333334,90.0,8,26.666666666666668,9,30.0,3,10.0,5,16.666666666666664,2,6.666666666666667,3,10.0
250,True,2.9,1.7578395831246947,2.0,2.0,70.0,76.66666666666667,83.33333333333334,7,23.333333333333332,10,33.33333333333333,4,13.333333333333334,2,6.666666666666667,2,6.666666666666667,5,16.666666666666664,2.3,1.7916472867168918,2.0,1.0,80.0,83.33333333333334,83.33333333333334,14,46.666666666666664,9,30.0,1,3.3333333333333335,1,3.3333333333333335,0,0.0,5,16.666666666666664,2.2666666666666666,1.671991493864594,2.0,2.0,83.33333333333334,86.66666666666667,86.66666666666667,14,46.666666666666664,7,23.333333333333332,4,13.333333333333334,1,3.3333333333333335,0,0.0,4,13.333333333333334,2.6666666666666665,1.7191729277636836,2.0,2.75,73.33333333333333,80.0,86.66666666666667,9,30.0,10,33.33333333333333,3,10.0,2,6.666666666666667,2,6.666666666666667,4,13.333333333333334
251,True,2.6,1.2543258481484518,2.0,1.0,83.33333333333334,93.33333333333333,93.33333333333333,5,16.666666666666664,11,36.666666666666664,9,30.0,3,10.0,0,0.0,2,6.666666666666667,2.4,1.4047538337136984,2.0,2.0,83.33333333333334,90.0,93.33333333333333,9,30.0,10,33.33333333333333,6,20.0,2,6.666666666666667,1,3.3333333333333335,2,6.666666666666667,2.6,1.6041612554021285,2.0,1.75,83.33333333333334,83.33333333333334,86.66666666666667,8,26.666666666666668,10,33.33333333333333,7,23.333333333333332,0,0.0,1,3.3333333333333335,4,13.333333333333334,2.8,1.3266499161421599,3.0,1.0,76.66666666666667,90.0,93.33333333333333,5,16.666666666666664,8,26.666666666666668,10,33.33333333333333,4,13.333333333333334,1,3.3333333333333335,2,6.666666666666667
252,True,2.566666666666667,1.430229196861662,2.0,1.0,86.66666666666667,86.66666666666667,90.0,6,20.0,12,40.0,8,26.666666666666668,0,0.0,1,3.3333333333333335,3,10.0,2.3,1.69607389776114,2.0,2.0,80.0,86.66666666666667,86.66666666666667,14,46.666666666666664,7,23.333333333333332,3,10.0,2,6.666666666666667,0,0.0,4,13.333333333333334,2.6333333333333333,2.008039397577204,2.0,3.0,70.0,76.66666666666667,76.66666666666667,13,43.333333333333336,8,26.666666666666668,0,0.0,2,6.666666666666667,0,0.0,7,23.333333333333332,2.566666666666667,1.6868774571839993,2.0,2.0,76.66666666666667,83.33333333333334,86.66666666666667,10,33.33333333333333,9,30.0,4,13.333333333333334,2,6.666666666666667,1,3.3333333333333335,4,13.333333333333334
253,True,2.6666666666666665,1.349897115421106,3.0,1.0,76.66666666666667,93.33333333333333,93.33333333333333,7,23.333333333333332,7,23.333333333333332,9,30.0,5,16.666666666666664,0,0.0,2,6.666666666666667,2.466666666666667,1.7269111795984824,2.0,2.75,73.33333333333333,76.66666666666667,93.33333333333333,13,43.333333333333336,7,23.333333333333332,2,6.666666666666667,1,3.3333333333333335,5,16.666666666666664,2,6.666666666666667,2.466666666666667,1.586050300449376,2.0,2.0,76.66666666666667,86.66666666666667,90.0,10,33.33333333333333,10,33.33333333333333,3,10.0,3,10.0,1,3.3333333333333335,3,10.0,2.6666666666666665,1.4452988925785866,2.0,1.0,76.66666666666667,86.66666666666667,93.33333333333333,7,23.333333333333332,9,30.0,7,23.333333333333332,3,10.0,2,6.666666666666667,2,6.666666666666667
254,True,2.933333333333333,1.364632632697248,3.0,1.75,73.33333333333333,90.0,90.0,4,13.333333333333334,8,26.666666666666668,10,33.33333333333333,5,16.666666666666664,0,0.0,3,10.0,2.6333333333333333,1.7220788470785986,2.0,2.75,73.33333333333333,76.66666666666667,90.0,10,33.33333333333333,9,30.0,3,10.0,1,3.3333333333333335,4,13.333333333333334,3,10.0,2.7333333333333334,1.8607047649270485,2.0,3.5,73.33333333333333,73.33333333333333,83.33333333333334,10,33.33333333333333,9,30.0,3,10.0,0,0.0,3,10.0,5,16.666666666666664,2.8666666666666667,1.384035966135113,3.0,2.0,66.66666666666666,86.66666666666667,96.66666666666667,6,20.0,7,23.333333333333332,7,23.333333333333332,6,20.0,3,10.0,1,3.3333333333333335
255,True,2.6,1.540562667772179,2.0,2.75,73.33333333333333,90.0,90.0,9,30.0,8,26.666666666666668,5,16.666666666666664,5,16.666666666666664,0,0.0,3,10.0,2.2666666666666666,1.6519348924485158,2.0,1.0,80.0,83.33333333333334,90.0,13,43.333333333333336,10,33.33333333333333,1,3.3333333333333335,1,3.3333333333333335,2,6.666666666666667,3,10.0,2.433333333333333,1.764149149653232,2.0,2.0,80.0,80.0,86.66666666666667,13,43.333333333333336,7,23.333333333333332,4,13.333333333333334,0,0.0,2,6.666666666666667,4,13.333333333333334,2.2666666666666666,1.3148721948877347,2.0,2.0,80.0,90.0,100.0,11,36.666666666666664,9,30.0,4,13.333333333333334,3,10.0,3,10.0,0,0.0
256,True,2.966666666666667,1.3780017739062924,3.0,2.0,66.66666666666666,86.66666666666667,93.33333333333333,4,13.333333333333334,9,30.0,7,23.333333333333332,6,20.0,2,6.666666666666667,2,6.666666666666667,2.433333333333333,1.5638272140986533,2.0,2.0,76.66666666666667,86.66666666666667,93.33333333333333,12,40.0,6,20.0,5,16.666666666666664,3,10.0,2,6.666666666666667,2,6.666666666666667,2.7333333333333334,1.6719914938645934,2.0,3.0,66.66666666666666,83.33333333333334,90.0,10,33.33333333333333,6,20.0,4,13.333333333333334,5,16.666666666666664,2,6.666666666666667,3,10.0,2.5,1.3844373104863459,2.0,2.75,73.33333333333333,93.33333333333333,96.66666666666667,10,33.33333333333333,6,20.0,6,20.0,6,20.0,1,3.3333333333333335,1,3.3333333333333335
257,True,2.3,1.4866068747318506,2.0,2.0,80.0,90.0,93.33333333333333,12,40.0,8,26.666666666666668,4,13.333333333333334,3,10.0,1,3.3333333333333335,2,6.666666666666667,2.033333333333333,1.5595583420386114,1.0,1.0,83.33333333333334,86.66666666666667,93.33333333333333,17,56.666666666666664,6,20.0,2,6.666666666666667,1,3.3333333333333335,2,6.666666666666667,2,6.666666666666667,2.2,1.833030277982336,1.0,1.0,80.0,83.33333333333334,83.33333333333334,17,56.666666666666664,6,20.0,1,3.3333333333333335,1,3.3333333333333335,0,0.0,5,16.666666666666664,2.3333333333333335,1.6397831834998458,2.0,2.0,80.0,86.66666666666667,90.0,14,46.666666666666664,5,16.666666666666664,5,16.666666666666664,2,6.666666666666667,1,3.3333333333333335,3,10.0
258,True,2.6333333333333333,1.4487542541400489,2.0,1.0,80.0,90.0,90.0,7,23.333333333333332,9,30.0,8,26.666666666666668,3,10.0,0,0.0,3,10.0,2.4,1.7048949136725897,2.0,2.0,76.66666666666667,86.66666666666667,86.66666666666667,13,43.333333333333336,7,23.333333333333332,3,10.0,3,10.0,0,0.0,4,13.333333333333334,2.566666666666667,1.6868774571839995,2.0,2.75,73.33333333333333,80.0,90.0,10,33.33333333333333,10,33.33333333333333,2,6.666666666666667,2,6.666666666666667,3,10.0,3,10.0,2.6666666666666665,1.6996731711975948,2.0,2.75,73.33333333333333,83.33333333333334,86.66666666666667,10,33.33333333333333,7,23.333333333333332,5,16.666666666666664,3,10.0,1,3.3333333333333335,4,13.333333333333334
259,True,2.8666666666666667,1.14697670227235,3.0,1.0,76.66666666666667,93.33333333333333,96.66666666666667,4,13.333333333333334,6,20.0,13,43.333333333333336,5,16.666666666666664,1,3.3333333333333335,1,3.3333333333333335,2.566666666666667,1.8015425489162213,2.0,2.75,73.33333333333333,76.66666666666667,90.0,14,46.666666666666664,3,10.0,5,16.666666666666664,1,3.3333333333333335,4,13.333333333333334,3,10.0,2.8333333333333335,2.0344259359556167,2.0,4.0,66.66666666666666,70.0,80.0,14,46.666666666666664,2,6.666666666666667,4,13.333333333333334,1,3.3333333333333335,3,10.0,6,20.0,3.2,1.869046102516825,3.0,3.5,63.33333333333333,73.33333333333333,76.66666666666667,8,26.666666666666668,4,13.333333333333334,7,23.333333333333332,3,10.0,1,3.3333333333333335,7,23.333333333333332
260,True,3.1666666666666665,1.4851112939963642,3.0,2.0,63.33333333333333,83.33333333333334,86.66666666666667,3,10.0,9,30.0,7,23.333333333333332,6,20.0,1,3.3333333333333335,4,13.333333333333334,2.566666666666667,1.8381754238616317,2.0,2.75,73.33333333333333,76.66666666666667,86.66666666666667,13,43.333333333333336,6,20.0,3,10.0,1,3.3333333333333335,3,10.0,4,13.333333333333334,2.7666666666666666,1.9267128022157902,2.0,3.75,70.0,73.33333333333333,83.33333333333334,13,43.333333333333336,3,10.0,5,16.666666666666664,1,3.3333333333333335,3,10.0,5,16.666666666666664,2.7666666666666666,1.7641491496532322,2.0,2.75,73.33333333333333,76.66666666666667,86.66666666666667,10,33.33333333333333,6,20.0,6,20.0,1,3.3333333333333335,3,10.0,4,13.333333333333334
261,True,2.8333333333333335,1.343709624716425,3.0,1.0,80.0,90.0,90.0,4,13.333333333333334,9,30.0,11,36.666666666666664,3,10.0,0,0.0,3,10.0,2.5,1.6683325008322931,2.0,3.0,70.0,86.66666666666667,90.0,12,40.0,7,23.333333333333332,2,6.666666666666667,5,16.666666666666664,1,3.3333333333333335,3,10.0,2.566666666666667,1.5205992970609392,2.0,2.75,73.33333333333333,86.66666666666667,93.33333333333333,9,30.0,9,30.0,4,13.333333333333334,4,13.333333333333334,2,6.666666666666667,2,6.666666666666667,2.6333333333333333,1.6829207415152447,2.0,3.0,70.0,83.33333333333334,90.0,11,36.666666666666664,6,20.0,4,13.333333333333334,4,13.333333333333334,2,6.666666666666667,3,10.0
262,True,2.8666666666666667,1.4313940369055924,3.0,2.0,70.0,90.0,90.0,5,16.666666666666664,9,30.0,7,23.333333333333332,6,20.0,0,0.0,3,10.0,2.6,1.818424226264781,2.0,3.0,70.0,80.0,86.66666666666667,13,43.333333333333336,5,16.666666666666664,3,10.0,3,10.0,2,6.666666666666667,4,13.333333333333334,2.6333333333333333,1.7026123718829513,2.0,2.75,73.33333333333333,80.0,90.0,11,36.666666666666664,6,20.0,5,16.666666666666664,2,6.666666666666667,3,10.0,3,10.0,3.1,1.7953644012660308,3.0,2.0,63.33333333333333,76.66666666666667,80.0,7,23.333333333333332,7,23.333333333333332,5,16.666666666666664,4,13.333333333333334,1,3.3333333333333335,6,20.0
263,True,2.933333333333333,1.590248058916875,2.5,2.0,63.33333333333333,86.66666666666667,86.66666666666667,6,20.0,9,30.0,4,13.333333333333334,7,23.333333333333332,0,0.0,4,13.333333333333334,2.3,1.6155494421403511,2.0,2.75,73.33333333333333,86.66666666666667,93.33333333333333,14,46.666666666666664,7,23.333333333333332,1,3.3333333333333335,4,13.333333333333334,2,6.666666666666667,2,6.666666666666667,2.6,1.9078784028338913,2.0,3.0,66.66666666666666,80.0,83.33333333333334,14,46.666666666666664,5,16.666666666666664,1,3.3333333333333335,4,13.333333333333334,1,3.3333333333333335,5,16.666666666666664,2.6,1.6041612554021285,2.0,3.0,70.0,86.66666666666667,90.0,9,30.0,10,33.33333333333333,2,6.666666666666667,5,16.666666666666664,1,3.3333333333333335,3,10.0
264,True,3.2,1.5362291495737217,3.0,2.0,60.0,80.0,86.66666666666667,3,10.0,10,33.33333333333333,5,16.666666666666664,6,20.0,2,6.666666666666667,4,13.333333333333334,2.533333333333333,1.6275407487644937,2.0,2.0,76.66666666666667,83.33333333333334,90.0,10,33.33333333333333,9,30.0,4,13.333333333333334,2,6.666666666666667,2,6.666666666666667,3,10.0,2.6666666666666665,1.776388345929897,2.0,2.0,76.66666666666667,80.0,83.33333333333334,10,33.33333333333333,8,26.666666666666668,5,16.666666666666664,1,3.3333333333333335,1,3.3333333333333335,5,16.666666666666664,2.7666666666666666,1.5849991237291654,2.0,2.75,70.0,80.0,93.33333333333333,8,26.666666666666668,8,26.666666666666668,5,16.666666666666664,3,10.0,4,13.333333333333334,2,6.666666666666667
265,True,2.8333333333333335,1.5933891203622825,3.0,2.75,70.0,83.33333333333334,90.0,8,26.666666666666668,6,20.0,7,23.333333333333332,4,13.333333333333334,2,6.666666666666667,3,10.0,2.3,1.7540429489230491,1.0,2.0,76.66666666666667,83.33333333333334,90.0,17,56.666666666666664,2,6.666666666666667,4,13.333333333333334,2,6.666666666666667,2,6.666666666666667,3,10.0,2.466666666666667,1.8571184369578826,1.0,2.75,73.33333333333333,80.0,86.66666666666667,16,53.333333333333336,2,6.666666666666667,4,13.333333333333334,2,6.666666666666667,2,6.666666666666667,4,13.333333333333334,2.6666666666666665,1.757523510195209,2.5,2.0,76.66666666666667,80.0,86.66666666666667,12,40.0,3,10.0,8,26.666666666666668,1,3.3333333333333335,2,6.666666666666667,4,13.333333333333334
266,True,2.8,1.6206994374857624,2.0,1.75,73.33333333333333,83.33333333333334,86.66666666666667,7,23.333333333333332,9,30.0,6,20.0,3,10.0,1,3.3333333333333335,4,13.333333333333334,2.1666666666666665,1.4624940645653535,2.0,2.0,80.0,93.33333333333333,93.33333333333333,14,46.666666666666664,7,23.333333333333332,3,10.0,4,13.333333333333334,0,0.0,2,6.666666666666667,2.3666666666666667,1.6428295373802142,2.0,2.0,76.66666666666667,86.66666666666667,90.0,13,43.333333333333336,7,23.333333333333332,3,10.0,3,10.0,1,3.3333333333333335,3,10.0,2.5,1.6881943016134133,2.0,2.75,73.33333333333333,83.33333333333334,90.0,12,40.0,7,23.333333333333332,3,10.0,3,10.0,2,6.666666666666667,3,10.0
267,True,2.3666666666666667,1.5162087220725546,2.0,2.0,83.33333333333334,90.0,90.0,11,36.666666666666664,8,26.666666666666668,6,20.0,2,6.666666666666667,0,0.0,3,10.0,2.2333333333333334,1.6868774571839995,1.5,2.0,83.33333333333334,86.66666666666667,86.66666666666667,15,50.0,6,20.0,4,13.333333333333334,1,3.3333333333333335,0,0.0,4,13.333333333333334,2.4,1.818424226264781,1.5,2.0,76.66666666666667,80.0,86.66666666666667,15,50.0,5,16.666666666666664,3,10.0,1,3.3333333333333335,2,6.666666666666667,4,13.333333333333334,2.533333333333333,1.5216949614017772,2.0,2.0,76.66666666666667,86.66666666666667,93.33333333333333,10,33.33333333333333,7,23.333333333333332,6,20.0,3,10.0,2,6.666666666666667,2,6.666666666666667
268,True,2.2666666666666666,1.1527744310527055,2.0,2.0,90.0,96.66666666666667,96.66666666666667,9,30.0,9,30.0,9,30.0,2,6.666666666666667,0,0.0,1,3.3333333333333335,2.2666666666666666,1.4360439485692011,2.0,2.0,83.33333333333334,90.0,93.33333333333333,11,36.666666666666664,10,33.33333333333333,4,13.333333333333334,2,6.666666666666667,1,3.3333333333333335,2,6.666666666666667,2.3333333333333335,1.4681810363696828,2.0,2.0,80.0,90.0,93.33333333333333,11,36.666666666666664,9,30.0,4,13.333333333333334,3,10.0,1,3.3333333333333335,2,6.666666666666667,2.5,1.52206000757745,2.0,2.0,83.33333333333334,86.66666666666667,90.0,9,30.0,9,30.0,7,23.333333333333332,1,3.3333333333333335,1,3.3333333333333335,3,10.0
269,True,2.033333333333333,1.2242911781471306,2.0,1.0,90.0,93.33333333333333,96.66666666666667,12,40.0,11,36.666666666666664,4,13.333333333333334,1,3.3333333333333335,1,3.3333333333333335,1,3.3333333333333335,1.8333333333333333,1.1279282877125754,1.5,1.0,93.33333333333333,96.66666666666667,96.66666666666667,15,50.0,9,30.0,4,13.333333333333334,1,3.3333333333333335,0,0.0,1,3.3333333333333335,1.9666666666666666,1.3535960336164634,1.5,1.0,90.0,93.33333333333333,93.33333333333333,15,50.0,8,26.666666666666668,4,13.333333333333334,1,3.3333333333333335,0,0.0,2,6.666666666666667,2.066666666666667,1.4817407180595248,2.0,1.0,90.0,90.0,90.0,14,46.666666666666664,9,30.0,4,13.333333333333334,0,0.0,0,0.0,3,10.0
270,True,3.0,1.4832396974191326,3.0,2.0,66.66666666666666,83.33333333333334,90.0,4,13.333333333333334,10,33.33333333333333,6,20.0,5,16.666666666666664,2,6.666666666666667,3,10.0,2.433333333333333,1.498517786199268,2.0,1.75,83.33333333333334,86.66666666666667,90.0,8,26.666666666666668,13,43.333333333333336,4,13.333333333333334,1,3.3333333333333335,1,3.3333333333333335,3,10.0,2.566666666666667,1.520599297060939,2.0,1.0,76.66666666666667,86.66666666666667,90.0,7,23.333333333333332,13,43.333333333333336,3,10.0,3,10.0,1,3.3333333333333335,3,10.0,2.8,1.5362291495737217,2.0,1.75,73.33333333333333,83.33333333333334,90.0,6,20.0,10,33.33333333333333,6,20.0,3,10.0,2,6.666666666666667,3,10.0
271,True,2.8333333333333335,1.6749792701868151,2.0,3.0,63.33333333333333,76.66666666666667,93.33333333333333,9,30.0,7,23.333333333333332,3,10.0,4,13.333333333333334,5,16.666666666666664,2,6.666666666666667,2.4,1.724335620850342,2.0,2.75,73.33333333333333,83.33333333333334,90.0,14,46.666666666666664,6,20.0,2,6.666666666666667,3,10.0,2,6.666666666666667,3,10.0,2.533333333333333,1.839081896551163,2.0,3.0,70.0,80.0,86.66666666666667,14,46.666666666666664,5,16.666666666666664,2,6.666666666666667,3,10.0,2,6.666666666666667,4,13.333333333333334,2.6333333333333333,1.7026123718829511,2.0,3.0,70.0,76.66666666666667,93.33333333333333,11,36.666666666666664,7,23.333333333333332,3,10.0,2,6.666666666666667,5,16.666666666666664,2,6.666666666666667
272,True,2.8,1.4000000000000001,2.5,1.0,80.0,86.66666666666667,90.0,4,13.333333333333334,11,36.666666666666664,9,30.0,2,6.666666666666667,1,3.3333333333333335,3,10.0,2.3666666666666667,1.4940623220676648,2.0,2.0,86.66666666666667,86.66666666666667,90.0,9,30.0,12,40.0,5,16.666666666666664,0,0.0,1,3.3333333333333335,3,10.0,2.6666666666666665,1.813529401164726,2.0,2.0,76.66666666666667,80.0,80.0,9,30.0,11,36.666666666666664,3,10.0,1,3.3333333333333335,0,0.0,6,20.0,2.6,1.4966629547095767,2.0,1.0,76.66666666666667,86.66666666666667,90.0,6,20.0,14,46.666666666666664,3,10.0,3,10.0,1,3.3333333333333335,3,10.0
273,True,2.7666666666666666,1.4761059883656353,3.0,1.75,73.33333333333333,90.0,90.0,7,23.333333333333332,7,23.333333333333332,8,26.666666666666668,5,16.666666666666664,0,0.0,3,10.0,2.4,1.7625738755203049,2.0,2.0,76.66666666666667,83.33333333333334,86.66666666666667,14,46.666666666666664,6,20.0,3,10.0,2,6.666666666666667,1,3.3333333333333335,4,13.333333333333334,2.7666666666666666,1.9093337988826249,2.0,3.75,70.0,73.33333333333333,83.33333333333334,12,40.0,5,16.666666666666664,4,13.333333333333334,1,3.3333333333333335,3,10.0,5,16.666666666666664,2.566666666666667,1.6265163865007803,2.0,2.75,73.33333333333333,86.66666666666667,90.0,11,36.666666666666664,6,20.0,5,16.666666666666664,4,13.333333333333334,1,3.3333333333333335,3,10.0
274,True,2.6333333333333333,1.601735170231195,2.0,2.5,73.33333333333333,83.33333333333334,90.0,8,26.666666666666668,11,36.666666666666664,3,10.0,3,10.0,2,6.666666666666667,3,10.0,2.1,1.3253930234714029,2.0,1.75,83.33333333333334,93.33333333333333,96.66666666666667,13,43.333333333333336,9,30.0,3,10.0,3,10.0,1,3.3333333333333335,1,3.3333333333333335,2.0,1.1254628677422756,2.0,1.75,86.66666666666667,96.66666666666667,100.0,13,43.333333333333336,9,30.0,4,13.333333333333334,3,10.0,1,3.3333333333333335,0,0.0,2.3666666666666667,1.4019827229875395,2.0,2.0,83.33333333333334,90.0,93.33333333333333,9,30.0,11,36.666666666666664,5,16.666666666666664,2,6.666666666666667,1,3.3333333333333335,2,6.666666666666667
275,True,3.1333333333333333,1.687865186822955,2.0,2.0,66.66666666666666,76.66666666666667,80.0,3,10.0,13,43.333333333333336,4,13.333333333333334,3,10.0,1,3.3333333333333335,6,20.0,2.4,1.3316656236958786,2.0,1.0,80.0,93.33333333333333,93.33333333333333,7,23.333333333333332,14,46.666666666666664,3,10.0,4,13.333333333333334,0,0.0,2,6.666666666666667,2.6,1.6852299546352718,2.0,0.75,76.66666666666667,83.33333333333334,83.33333333333334,7,23.333333333333332,15,50.0,1,3.3333333333333335,2,6.666666666666667,0,0.0,5,16.666666666666664,2.566666666666667,1.4533486237727762,2.0,1.0,76.66666666666667,86.66666666666667,93.33333333333333,7,23.333333333333332,12,40.0,4,13.333333333333334,3,10.0,2,6.666666666666667,2,6.666666666666667
276,True,2.6666666666666665,1.164283279771532,2.5,1.75,73.33333333333333,93.33333333333333,100.0,5,16.666666666666664,10,33.33333333333333,7,23.333333333333332,6,20.0,2,6.666666666666667,0,0.0,2.3,1.715614564327703,1.5,2.0,76.66666666666667,83.33333333333334,90.0,15,50.0,6,20.0,2,6.666666666666667,2,6.666666666666667,2,6.666666666666667,3,10.0,2.433333333333333,1.6868774571839993,2.0,2.0,76.66666666666667,86.66666666666667,86.66666666666667,12,40.0,8,26.666666666666668,3,10.0,3,10.0,0,0.0,4,13.333333333333334,2.8666666666666667,1.8208667044996885,2.0,3.0,66.66666666666666,76.66666666666667,83.33333333333334,9,30.0,8,26.666666666666668,3,10.0,3,10.0,2,6.666666666666667,5,16.666666666666664
277,True,2.2333333333333334,1.3085190950927015,2.0,2.0,83.33333333333334,93.33333333333333,96.66666666666667,11,36.666666666666664,9,30.0,5,16.666666666666664,3,10.0,1,3.3333333333333335,1,3.3333333333333335,2.2333333333333334,1.856220772310114,1.0,2.0,80.0,83.33333333333334,83.33333333333334,18,60.0,3,10.0,3,10.0,1,3.3333333333333335,0,0.0,5,16.666666666666664,2.2333333333333334,1.7259457954666158,1.0,2.0,80.0,86.66666666666667,86.66666666666667,16,53.333333333333336,5,16.666666666666664,3,10.0,2,6.666666666666667,0,0.0,4,13.333333333333334,2.566666666666667,1.9779338265529065,1.5,2.75,73.33333333333333,76.66666666666667,80.0,15,50.0,4,13.333333333333334,3,10.0,1,3.3333333333333335,1,3.3333333333333335,6,20.0
278,True,2.466666666666667,1.384035966135113,2.0,2.75,73.33333333333333,93.33333333333333,96.66666666666667,10,33.33333333333333,7,23.333333333333332,5,16.666666666666664,6,20.0,1,3.3333333333333335,1,3.3333333333333335,2.4,1.7243356208503418,1.5,3.0,70.0,86.66666666666667,90.0,15,50.0,4,13.333333333333334,2,6.666666666666667,5,16.666666666666664,1,3.3333333333333335,3,10.0,2.466666666666667,1.7838784213679537,1.5,3.0,70.0,86.66666666666667,86.66666666666667,15,50.0,3,10.0,3,10.0,5,16.666666666666664,0,0.0,4,13.333333333333334,2.433333333333333,1.520599297060939,2.0,2.0,76.66666666666667,90.0,93.33333333333333,12,40.0,5,16.666666666666664,6,20.0,4,13.333333333333334,1,3.3333333333333335,2,6.666666666666667
279,True,2.3666666666666667,1.4019827229875395,2.0,2.0,83.33333333333334,90.0,93.33333333333333,9,30.0,11,36.666666666666664,5,16.666666666666664,2,6.666666666666667,1,3.3333333333333335,2,6.666666666666667,2.2333333333333334,1.7065234314893605,2.0,1.0,83.33333333333334,83.33333333333334,86.66666666666667,14,46.666666666666664,9,30.0,2,6.666666666666667,0,0.0,1,3.3333333333333335,4,13.333333333333334,2.466666666666667,1.8024674446127702,2.0,2.75,73.33333333333333,80.0,86.66666666666667,13,43.333333333333336,8,26.666666666666668,1,3.3333333333333335,2,6.666666666666667,2,6.666666666666667,4,13.333333333333334,2.533333333333333,1.7269111795984824,2.0,2.75,73.33333333333333,80.0,90.0,12,40.0,7,23.333333333333332,3,10.0,2,6.666666666666667,3,10.0,3,10.0
280,True,2.7666666666666666,1.4761059883656353,3.0,3.0,70.0,90.0,93.33333333333333,9,30.0,3,10.0,9,30.0,6,20.0,1,3.3333333333333335,2,6.666666666666667,2.4,1.8726095873584188,1.0,2.75,73.33333333333333,80.0,86.66666666666667,17,56.666666666666664,2,6.666666666666667,3,10.0,2,6.666666666666667,2,6.666666666666667,4,13.333333333333334,2.4,1.7435595774162695,1.5,2.0,76.66666666666667,86.66666666666667,86.66666666666667,15,50.0,3,10.0,5,16.666666666666664,3,10.0,0,0.0,4,13.333333333333334,2.6666666666666665,1.7384539747207064,2.5,2.75,73.33333333333333,83.33333333333334,86.66666666666667,12,40.0,3,10.0,7,23.333333333333332,3,10.0,1,3.3333333333333335,4,13.333333333333334
281,True,2.933333333333333,1.5260697523012796,3.0,1.75,73.33333333333333,83.33333333333334,90.0,7,23.333333333333332,4,13.333333333333334,11,36.666666666666664,3,10.0,2,6.666666666666667,3,10.0,2.466666666666667,1.564892612574067,2.0,2.0,76.66666666666667,86.66666666666667,93.33333333333333,12,40.0,5,16.666666666666664,6,20.0,3,10.0,2,6.666666666666667,2,6.666666666666667,2.6333333333333333,1.5807874268505833,2.5,2.0,76.66666666666667,86.66666666666667,90.0,10,33.33333333333333,5,16.666666666666664,8,26.666666666666668,3,10.0,1,3.3333333333333335,3,10.0,2.566666666666667,1.5638272140986536,2.0,2.75,73.33333333333333,86.66666666666667,93.33333333333333,11,36.666666666666664,5,16.666666666666664,6,20.0,4,13.333333333333334,2,6.666666666666667,2,6.666666666666667
282,True,2.6666666666666665,1.5563490039905004,2.0,2.5,73.33333333333333,86.66666666666667,90.0,8,26.666666666666668,9,30.0,5,16.666666666666664,4,13.333333333333334,1,3.3333333333333335,3,10.0,2.2333333333333334,1.6265163865007803,1.5,2.5,73.33333333333333,86.66666666666667,93.33333333333333,15,50.0,7,23.333333333333332,0,0.0,4,13.333333333333334,2,6.666666666666667,2,6.666666666666667,2.3666666666666667,1.7026123718829513,2.0,2.0,76.66666666666667,83.33333333333334,90.0,14,46.666666666666664,6,20.0,3,10.0,2,6.666666666666667,2,6.666666666666667,3,10.0,2.6333333333333333,1.6224124698183942,2.0,3.0,66.66666666666666,83.33333333333334,93.33333333333333,10,33.33333333333333,8,26.666666666666668,2,6.666666666666667,5,16.666666666666664,3,10.0,2,6.666666666666667
283,True,2.2333333333333334,1.2023125864580955,2.0,2.0,86.66666666666667,96.66666666666667,96.66666666666667,10,33.33333333333333,9,30.0,7,23.333333333333332,3,10.0,0,0.0,1,3.3333333333333335,2.1,1.7,1.0,1.0,80.0,83.33333333333334,90.0,17,56.666666666666664,7,23.333333333333332,0,0.0,1,3.3333333333333335,2,6.666666666666667,3,10.0,2.1,1.6401219466856725,1.0,1.75,83.33333333333334,86.66666666666667,90.0,17,56.666666666666664,5,16.666666666666664,3,10.0,1,3.3333333333333335,1,3.3333333333333335,3,10.0,2.2333333333333334,1.6669999666733317,1.5,1.75,76.66666666666667,86.66666666666667,90.0,15,50.0,7,23.333333333333332,1,3.3333333333333335,3,10.0,1,3.3333333333333335,3,10.0
284,True,2.933333333333333,1.6316317667360556,3.0,3.0,63.33333333333333,83.33333333333334,90.0,9,30.0,3,10.0,7,23.333333333333332,6,20.0,2,6.666666666666667,3,10.0,2.466666666666667,1.9102065042525873,1.0,2.75,73.33333333333333,80.0,83.33333333333334,16,53.333333333333336,3,10.0,3,10.0,2,6.666666666666667,1,3.3333333333333335,5,16.666666666666664,2.6333333333333333,1.7978382080215733,2.0,2.75,73.33333333333333,80.0,86.66666666666667,13,43.333333333333336,3,10.0,6,20.0,2,6.666666666666667,2,6.666666666666667,4,13.333333333333334,2.6666666666666665,1.86785676348292,2.0,3.0,63.33333333333333,80.0,86.66666666666667,14,46.666666666666664,3,10.0,2,6.666666666666667,5,16.666666666666664,2,6.666666666666667,4,13.333333333333334
285,True,2.8666666666666667,1.4079141387961918,3.0,1.75,73.33333333333333,90.0,90.0,5,16.666666666666664,8,26.666666666666668,9,30.0,5,16.666666666666664,0,0.0,3,10.0,2.3333333333333335,1.679947089113887,2.0,2.0,80.0,83.33333333333334,90.0,14,46.666666666666664,6,20.0,4,13.333333333333334,1,3.3333333333333335,2,6.666666666666667,3,10.0,2.566666666666667,1.856220772310114,2.0,2.0,76.66666666666667,76.66666666666667,83.33333333333334,12,40.0,8,26.666666666666668,3,10.0,0,0.0,2,6.666666666666667,5,16.666666666666664,2.5,1.6072751268321592,2.0,2.0,76.66666666666667,86.66666666666667,90.0,11,36.666666666666664,7,23.333333333333332,5,16.666666666666664,3,10.0,1,3.3333333333333335,3,10.0
286,True,2.6333333333333333,1.5595583420386112,2.0,2.0,76.66666666666667,86.66666666666667,90.0,9,30.0,7,23.333333333333332,7,23.333333333333332,3,10.0,1,3.3333333333333335,3,10.0,2.2,1.758787461103056,1.0,2.0,83.33333333333334,83.33333333333334,86.66666666666667,17,56.666666666666664,4,13.333333333333334,4,13.333333333333334,0,0.0,1,3.3333333333333335,4,13.333333333333334,2.3666666666666667,1.7603661235347858,2.0,2.0,76.66666666666667,83.33333333333334,86.66666666666667,14,46.666666666666664,7,23.333333333333332,2,6.666666666666667,2,6.666666666666667,1,3.3333333333333335,4,13.333333333333334,2.933333333333333,1.9310331143946986,2.0,4.0,63.33333333333333,70.0,83.33333333333334,11,36.666666666666664,5,16.666666666666664,3,10.0,2,6.666666666666667,4,13.333333333333334,5,16.666666666666664
287,True,2.7,1.3453624047073711,3.0,1.0,80.0,90.0,93.33333333333333,6,20.0,8,26.666666666666668,10,33.33333333333333,3,10.0,1,3.3333333333333335,2,6.666666666666667,2.4,1.4966629547095764,2.0,2.0,83.33333333333334,90.0,90.0,10,33.33333333333333,9,30.0,6,20.0,2,6.666666666666667,0,0.0,3,10.0,2.5,1.4548768561863463,2.0,1.75,83.33333333333334,90.0,90.0,8,26.666666666666668,10,33.33333333333333,7,23.333333333333332,2,6.666666666666667,0,0.0,3,10.0,2.466666666666667,1.384035966135113,2.0,1.75,83.33333333333334,90.0,93.33333333333333,8,26.666666666666668,10,33.33333333333333,7,23.333333333333332,2,6.666666666666667,1,3.3333333333333335,2,6.666666666666667
288,True,2.6,1.4742229591663987,2.0,1.75,76.66666666666667,86.66666666666667,93.33333333333333,8,26.666666666666668,9,30.0,6,20.0,3,10.0,2,6.666666666666667,2,6.666666666666667,2.2,1.6812693617224654,1.0,2.0,83.33333333333334,83.33333333333334,90.0,16,53.333333333333336,5,16.666666666666664,4,13.333333333333334,0,0.0,2,6.666666666666667,3,10.0,2.566666666666667,1.9610088106776968,2.0,2.75,73.33333333333333,76.66666666666667,80.0,14,46.666666666666664,6,20.0,2,6.666666666666667,1,3.3333333333333335,1,3.3333333333333335,6,20.0,2.466666666666667,1.6679994670929073,2.0,2.0,76.66666666666667,80.0,93.33333333333333,13,43.333333333333336,5,16.666666666666664,5,16.666666666666664,1,3.3333333333333335,4,13.333333333333334,2,6.666666666666667
289,True,2.3333333333333335,1.1352924243950935,2.0,1.0,86.66666666666667,96.66666666666667,96.66666666666667,7,23.333333333333332,12,40.0,7,23.333333333333332,3,10.0,0,0.0,1,3.3333333333333335,2.2,1.6812693617224654,1.0,2.0,83.33333333333334,83.33333333333334,90.0,16,53.333333333333336,5,16.666666666666664,4,13.333333333333334,0,0.0,2,6.666666666666667,3,10.0,2.1666666666666665,1.674979270186815,1.0,2.0,86.66666666666667,86.66666666666667,86.66666666666667,16,53.333333333333336,5,16.666666666666664,5,16.666666666666664,0,0.0,0,0.0,4,13.333333333333334,2.6333333333333333,1.7978382080215733,2.0,2.0,76.66666666666667,80.0,83.33333333333334,11,36.666666666666664,7,23.333333333333332,5,16.666666666666664,1,3.3333333333333335,1,3.3333333333333335,5,16.666666666666664
290,True,2.0,1.2909944487358056,2.0,1.0,93.33333333333333,93.33333333333333,93.33333333333333,13,43.333333333333336,10,33.33333333333333,5,16.666666666666664,0,0.0,0,0.0,2,6.666666666666667,2.0,1.570562531918633,1.0,1.0,86.66666666666667,86.66666666666667,90.0,16,53.333333333333336,9,30.0,1,3.3333333333333335,0,0.0,1,3.3333333333333335,3,10.0,1.9333333333333333,1.3888444437333105,1.5,1.0,90.0,90.0,93.33333333333333,15,50.0,10,33.33333333333333,2,6.666666666666667,0,0.0,1,3.3333333333333335,2,6.666666666666667,2.0,1.390443574307614,2.0,1.0,90.0,90.0,93.33333333333333,14,46.666666666666664,10,33.33333333333333,3,10.0,0,0.0,1,3.3333333333333335,2,6.666666666666667
291,True,2.6333333333333333,1.4715826703096078,2.0,1.75,76.66666666666667,86.66666666666667,93.33333333333333,8,26.666666666666668,8,26.666666666666668,7,23.333333333333332,3,10.0,2,6.666666666666667,2,6.666666666666667,2.1333333333333333,1.3349989596333858,2.0,2.0,90.0,90.0,96.66666666666667,13,43.333333333333336,7,23.333333333333332,7,23.333333333333332,0,0.0,2,6.666666666666667,1,3.3333333333333335,2.466666666666667,1.7074997966487597,2.0,2.0,80.0,83.33333333333334,86.66666666666667,12,40.0,7,23.333333333333332,5,16.666666666666664,1,3.3333333333333335,1,3.3333333333333335,4,13.333333333333334,2.466666666666667,1.564892612574067,2.0,2.0,80.0,83.33333333333334,93.33333333333333,11,36.666666666666664,7,23.333333333333332,6,20.0,1,3.3333333333333335,3,10.0,2,6.666666666666667
292,True,3.0,1.61245154965971,3.0,2.0,70.0,83.33333333333334,83.33333333333334,5,16.666666666666664,9,30.0,7,23.333333333333332,4,13.333333333333334,0,0.0,5,16.666666666666664,2.2,1.514375558880073,2.0,1.75,83.33333333333334,86.66666666666667,93.33333333333333,13,43.333333333333336,9,30.0,3,10.0,1,3.3333333333333335,2,6.666666666666667,2,6.666666666666667,2.2333333333333334,1.4985177861992682,2.0,1.75,83.33333333333334,86.66666666666667,93.33333333333333,12,40.0,10,33.33333333333333,3,10.0,1,3.3333333333333335,2,6.666666666666667,2,6.666666666666667,2.466666666666667,1.6478942792411035,2.0,2.0,76.66666666666667,83.33333333333334,90.0,11,36.666666666666664,9,30.0,3,10.0,2,6.666666666666667,2,6.666666666666667,3,10.0
293,True,2.5,1.5,2.0,2.0,80.0,90.0,90.0,9,30.0,9,30.0,6,20.0,3,10.0,0,0.0,3,10.0,2.1333333333333333,1.5434449203720297,1.5,1.75,83.33333333333334,86.66666666666667,93.33333333333333,15,50.0,7,23.333333333333332,3,10.0,1,3.3333333333333335,2,6.666666666666667,2,6.666666666666667,2.0,1.390443574307614,1.5,1.0,86.66666666666667,93.33333333333333,93.33333333333333,15,50.0,8,26.666666666666668,3,10.0,2,6.666666666666667,0,0.0,2,6.666666666666667,2.5,1.8393839548428526,2.0,2.0,76.66666666666667,80.0,83.33333333333334,13,43.333333333333336,7,23.333333333333332,3,10.0,1,3.3333333333333335,1,3.3333333333333335,5,16.666666666666664
294,True,2.6333333333333333,1.5807874268505835,2.0,3.0,70.0,90.0,90.0,10,33.33333333333333,6,20.0,5,16.666666666666664,6,20.0,0,0.0,3,10.0,2.2,1.514375558880073,1.5,2.0,76.66666666666667,93.33333333333333,93.33333333333333,15,50.0,5,16.666666666666664,3,10.0,5,16.666666666666664,0,0.0,2,6.666666666666667,2.4,1.7243356208503415,2.0,2.0,76.66666666666667,86.66666666666667,86.66666666666667,14,46.666666666666664,5,16.666666666666664,4,13.333333333333334,3,10.0,0,0.0,4,13.333333333333334,3.066666666666667,1.9988885800753264,2.5,4.5,63.33333333333333,73.33333333333333,73.33333333333333,10,33.33333333333333,5,16.666666666666664,4,13.333333333333334,3,10.0,0,0.0,8,26.666666666666668
295,True,2.033333333333333,1.3034143197344767,1.5,2.0,90.0,93.33333333333333,96.66666666666667,15,50.0,5,16.666666666666664,7,23.333333333333332,1,3.3333333333333335,1,3.3333333333333335,1,3.3333333333333335,2.0,1.505545305418162,1.0,2.0,86.66666666666667,90.0,93.33333333333333,18,60.0,3,10.0,5,16.666666666666664,1,3.3333333333333335,1,3.3333333333333335,2,6.666666666666667,2.066666666666667,1.6110727964792761,1.0,2.0,83.33333333333334,90.0,90.0,18,60.0,3,10.0,4,13.333333333333334,2,6.666666666666667,0,0.0,3,10.0,2.4,1.5832456116050555,2.0,2.0,83.33333333333334,83.33333333333334,93.33333333333333,13,43.333333333333336,4,13.333333333333334,8,26.666666666666668,0,0.0,3,10.0,2,6.666666666666667
296,True,2.2666666666666666,1.4126413400278062,2.0,2.0,80.0,93.33333333333333,96.66666666666667,14,46.666666666666664,3,10.0,7,23.333333333333332,4,13.333333333333334,1,3.3333333333333335,1,3.3333333333333335,2.066666666666667,1.7113996870657915,1.0,1.75,83.33333333333334,83.33333333333334,90.0,19,63.33333333333333,3,10.0,3,10.0,0,0.0,2,6.666666666666667,3,10.0,2.1333333333333333,1.746106780494506,1.0,2.0,80.0,83.33333333333334,90.0,19,63.33333333333333,2,6.666666666666667,3,10.0,1,3.3333333333333335,2,6.666666666666667,3,10.0,2.1666666666666665,1.5073892072793351,1.5,2.0,83.33333333333334,90.0,93.33333333333333,15,50.0,5,16.666666666666664,5,16.666666666666664,2,6.666666666666667,1,3.3333333333333335,2,6.666666666666667
297,True,2.7666666666666666,1.6468825769380833,3.0,2.0,76.66666666666667,83.33333333333334,86.66666666666667,9,30.0,5,16.666666666666664,9,30.0,2,6.666666666666667,1,3.3333333333333335,4,13.333333333333334,2.2333333333333334,1.54236470683457,2.0,2.0,83.33333333333334,86.66666666666667,93.33333333333333,14,46.666666666666664,6,20.0,5,16.666666666666664,1,3.3333333333333335,2,6.666666666666667,2,6.666666666666667,2.4,1.6653327995729064,2.0,2.0,80.0,83.33333333333334,90.0,13,43.333333333333336,6,20.0,5,16.666666666666664,1,3.3333333333333335,2,6.666666666666667,3,10.0,2.4,1.6451950239004087,2.0,2.0,80.0,83.33333333333334,90.0,12,40.0,8,26.666666666666668,4,13.333333333333334,1,3.3333333333333335,2,6.666666666666667,3,10.0
298,True,2.8666666666666667,1.4996295838935991,3.0,2.75,70.0,90.0,90.0,8,26.666666666666668,3,10.0,10,33.33333333333333,6,20.0,0,0.0,3,10.0,2.466666666666667,1.586050300449376,2.0,2.0,76.66666666666667,90.0,90.0,12,40.0,5,16.666666666666664,6,20.0,4,13.333333333333334,0,0.0,3,10.0,2.6666666666666665,1.699673171197595,2.0,2.75,73.33333333333333,83.33333333333334,86.66666666666667,10,33.33333333333333,7,23.333333333333332,5,16.666666666666664,3,10.0,1,3.3333333333333335,4,13.333333333333334,2.6333333333333333,1.53803626600791,2.5,2.75,73.33333333333333,86.66666666666667,93.33333333333333,10,33.33333333333333,5,16.666666666666664,7,23.333333333333332,4,13.333333333333334,2,6.666666666666667,2,6.666666666666667
299,True,3.466666666666667,1.4313940369055929,4.0,2.0,43.333333333333336,80.0,90.0,3,10.0,6,20.0,4,13.333333333333334,11,36.666666666666664,3,10.0,3,10.0,2.5,1.6072751268321592,2.0,3.0,70.0,90.0,90.0,11,36.666666666666664,8,26.666666666666668,2,6.666666666666667,6,20.0,0,0.0,3,10.0,2.6666666666666665,1.7191729277636836,2.0,3.0,66.66666666666666,86.66666666666667,86.66666666666667,11,36.666666666666664,6,20.0,3,10.0,6,20.0,0,0.0,4,13.333333333333334,2.8666666666666667,1.586050300449376,3.0,2.75,63.33333333333333,86.66666666666667,90.0,8,26.666666666666668,6,20.0,5,16.666666666666664,7,23.333333333333332,1,3.3333333333333335,3,10.0
300,True,2.433333333333333,1.430229196861662,2.0,2.0,80.0,90.0,93.33333333333333,9,30.0,10,33.33333333333333,5,16.666666666666664,3,10.0,1,3.3333333333333335,2,6.666666666666667,2.2,1.514375558880073,1.5,2.0,80.0,86.66666666666667,96.66666666666667,15,50.0,5,16.666666666666664,4,13.333333333333334,2,6.666666666666667,3,10.0,1,3.3333333333333335,2.3333333333333335,1.6599866130651644,1.5,2.0,76.66666666666667,83.33333333333334,93.33333333333333,15,50.0,4,13.333333333333334,4,13.333333333333334,2,6.666666666666667,3,10.0,2,6.666666666666667,2.433333333333333,1.764149149653232,2.0,2.0,76.66666666666667,83.33333333333334,86.66666666666667,14,46.666666666666664,5,16.666666666666664,4,13.333333333333334,2,6.666666666666667,1,3.3333333333333335,4,13.333333333333334
301,True,2.5,1.6072751268321592,2.0,2.0,83.33333333333334,86.66666666666667,86.66666666666667,10,33.33333333333333,8,26.666666666666668,7,23.333333333333332,1,3.3333333333333335,0,0.0,4,13.333333333333334,2.2333333333333334,1.5205992970609392,2.0,1.75,83.33333333333334,90.0,90.0,12,40.0,10,33.33333333333333,3,10.0,2,6.666666666666667,0,0.0,3,10.0,2.2333333333333334,1.4533486237727762,2.0,2.0,83.33333333333334,90.0,93.33333333333333,12,40.0,9,30.0,4,13.333333333333334,2,6.666666666666667,1,3.3333333333333335,2,6.666666666666667,2.3,1.3203534880225571,2.0,2.0,80.0,93.33333333333333,96.66666666666667,10,33.33333333333333,10,33.33333333333333,4,13.333333333333334,4,13.333333333333334,1,3.3333333333333335,1,3.3333333333333335
302,True,2.6,1.451436070471816,2.0,1.0,80.0,90.0,90.0,7,23.333333333333332,10,33.33333333333333,7,23.333333333333332,3,10.0,0,0.0,3,10.0,2.1333333333333333,1.3349989596333858,2.0,1.75,86.66666666666667,90.0,96.66666666666667,12,40.0,10,33.33333333333333,4,13.333333333333334,1,3.3333333333333335,2,6.666666666666667,1,3.3333333333333335,2.5,1.7841898254763513,2.0,2.0,76.66666666666667,83.33333333333334,83.33333333333334,12,40.0,8,26.666666666666668,3,10.0,2,6.666666666666667,0,0.0,5,16.666666666666664,2.6,1.724335620850342,2.0,2.0,76.66666666666667,80.0,86.66666666666667,10,33.33333333333333,9,30.0,4,13.333333333333334,1,3.3333333333333335,2,6.666666666666667,4,13.333333333333334
303,True,3.6666666666666665,1.398411797560202,3.0,1.0,56.666666666666664,76.66666666666667,80.0,1,3.3333333333333335,4,13.333333333333334,12,40.0,6,20.0,1,3.3333333333333335,6,20.0,2.6666666666666665,1.577621275493231,2.0,2.75,73.33333333333333,86.66666666666667,90.0,9,30.0,7,23.333333333333332,6,20.0,4,13.333333333333334,1,3.3333333333333335,3,10.0,2.7666666666666666,1.6058919293927874,2.5,3.0,66.66666666666666,86.66666666666667,90.0,9,30.0,6,20.0,5,16.666666666666664,6,20.0,1,3.3333333333333335,3,10.0,3.0,1.6931233465600393,3.0,2.0,66.66666666666666,76.66666666666667,86.66666666666667,7,23.333333333333332,7,23.333333333333332,6,20.0,3,10.0,3,10.0,4,13.333333333333334
304,True,2.8,1.5143755588800731,3.0,2.75,66.66666666666666,86.66666666666667,93.33333333333333,8,26.666666666666668,6,20.0,6,20.0,6,20.0,2,6.666666666666667,2,6.666666666666667,2.5,1.7654083569153813,2.0,2.75,73.33333333333333,80.0,90.0,14,46.666666666666664,4,13.333333333333334,4,13.333333333333334,2,6.666666666666667,3,10.0,3,10.0,2.7666666666666666,1.8199511592958264,2.0,3.0,70.0,80.0,83.33333333333334,11,36.666666666666664,5,16.666666666666664,5,16.666666666666664,3,10.0,1,3.3333333333333335,5,16.666666666666664,3.066666666666667,1.7499206331208916,3.0,3.0,56.666666666666664,83.33333333333334,83.33333333333334,9,30.0,3,10.0,5,16.666666666666664,8,26.666666666666668,0,0.0,5,16.666666666666664
305,True,2.7,1.46401275039985,2.0,1.75,73.33333333333333,86.66666666666667,93.33333333333333,7,23.333333333333332,9,30.0,6,20.0,4,13.333333333333334,2,6.666666666666667,2,6.666666666666667,2.433333333333333,1.6669999666733315,2.0,2.0,83.33333333333334,83.33333333333334,86.66666666666667,11,36.666666666666664,9,30.0,5,16.666666666666664,0,0.0,1,3.3333333333333335,4,13.333333333333334,2.566666666666667,1.7065234314893605,2.0,2.0,80.0,83.33333333333334,83.33333333333334,9,30.0,11,36.666666666666664,4,13.333333333333334,1,3.3333333333333335,0,0.0,5,16.666666666666664,2.7,1.6155494421403513,2.0,1.75,76.66666666666667,80.0,90.0,8,26.666666666666668,9,30.0,6,20.0,1,3.3333333333333335,3,10.0,3,10.0
306,True,3.1,1.6603212540549697,3.0,2.0,60.0,80.0,86.66666666666667,7,23.333333333333332,5,16.666666666666664,6,20.0,6,20.0,2,6.666666666666667,4,13.333333333333334,2.433333333333333,1.5638272140986533,2.0,2.0,76.66666666666667,80.0,96.66666666666667,11,36.666666666666664,9,30.0,3,10.0,1,3.3333333333333335,5,16.666666666666664,1,3.3333333333333335,2.466666666666667,1.6069294390925266,2.0,2.0,80.0,83.33333333333334,90.0,10,33.33333333333333,10,33.33333333333333,4,13.333333333333334,1,3.3333333333333335,2,6.666666666666667,3,10.0,2.5,1.6072751268321592,2.0,2.0,76.66666666666667,80.0,93.33333333333333,10,33.33333333333333,10,33.33333333333333,3,10.0,1,3.3333333333333335,4,13.333333333333334,2,6.666666666666667
307,True,2.7333333333333334,1.6918103387266028,2.0,1.75,76.66666666666667,83.33333333333334,83.33333333333334,8,26.666666666666668,9,30.0,6,20.0,2,6.666666666666667,0,0.0,5,16.666666666666664,2.2333333333333334,1.6265163865007803,1.5,2.0,83.33333333333334,86.66666666666667,90.0,15,50.0,5,16.666666666666664,5,16.666666666666664,1,3.3333333333333335,1,3.3333333333333335,3,10.0,2.4,1.6653327995729061,2.0,2.75,73.33333333333333,86.66666666666667,90.0,13,43.333333333333336,7,23.333333333333332,2,6.666666666666667,4,13.333333333333334,1,3.3333333333333335,3,10.0,2.466666666666667,1.4313940369055926,2.0,2.0,80.0,86.66666666666667,96.66666666666667,10,33.33333333333333,7,23.333333333333332,7,23.333333333333332,2,6.666666666666667,3,10.0,1,3.3333333333333335
308,True,3.0,1.390443574307614,3.0,2.0,56.666666666666664,93.33333333333333,93.33333333333333,6,20.0,5,16.666666666666664,6,20.0,11,36.666666666666664,0,0.0,2,6.666666666666667,2.5,1.648231375343482,2.0,2.75,73.33333333333333,86.66666666666667,90.0,12,40.0,6,20.0,4,13.333333333333334,4,13.333333333333334,1,3.3333333333333335,3,10.0,2.6,1.724335620850342,2.0,3.0,70.0,86.66666666666667,86.66666666666667,12,40.0,5,16.666666666666664,4,13.333333333333334,5,16.666666666666664,0,0.0,4,13.333333333333334,3.2333333333333334,1.6669999666733315,3.0,2.0,56.666666666666664,80.0,83.33333333333334,6,20.0,5,16.666666666666664,6,20.0,7,23.333333333333332,1,3.3333333333333335,5,16.666666666666664
309,True,2.9,1.6401219466856725,3.0,2.75,66.66666666666666,80.0,90.0,8,26.666666666666668,6,20.0,6,20.0,4,13.333333333333334,3,10.0,3,10.0,2.3666666666666667,1.5595583420386114,2.0,2.0,80.0,86.66666666666667,93.33333333333333,13,43.333333333333336,5,16.666666666666664,6,20.0,2,6.666666666666667,2,6.666666666666667,2,6.666666666666667,2.533333333333333,1.6679994670929073,2.0,2.0,76.66666666666667,83.33333333333334,90.0,12,40.0,5,16.666666666666664,6,20.0,2,6.666666666666667,2,6.666666666666667,3,10.0,2.6666666666666665,1.7950549357115013,2.0,3.0,70.0,80.0,86.66666666666667,12,40.0,5,16.666666666666664,4,13.333333333333334,3,10.0,2,6.666666666666667,4,13.333333333333334
310,True,2.533333333333333,1.4996295838935991,2.0,1.75,83.33333333333334,86.66666666666667,90.0,8,26.666666666666668,10,33.33333333333333,7,23.333333333333332,1,3.3333333333333335,1,3.3333333333333335,3,10.0,2.3333333333333335,1.5986105077709065,2.0,2.0,80.0,86.66666666666667,90.0,12,40.0,9,30.0,3,10.0,2,6.666666666666667,1,3.3333333333333335,3,10.0,2.4,1.6041612554021285,2.0,2.0,76.66666666666667,83.33333333333334,93.33333333333333,12,40.0,8,26.666666666666668,3,10.0,2,6.666666666666667,3,10.0,2,6.666666666666667,2.8666666666666667,1.746106780494506,2.0,1.75,73.33333333333333,76.66666666666667,83.33333333333334,7,23.333333333333332,10,33.33333333333333,5,16.666666666666664,1,3.3333333333333335,2,6.666666666666667,5,16.666666666666664
311,True,2.8333333333333335,1.6346933113652304,3.0,2.5,73.33333333333333,83.33333333333334,86.66666666666667,8,26.666666666666668,6,20.0,8,26.666666666666668,3,10.0,1,3.3333333333333335,4,13.333333333333334,2.2666666666666666,1.8607047649270485,1.0,2.5,73.33333333333333,76.66666666666667,90.0,18,60.0,4,13.333333333333334,0,0.0,1,3.3333333333333335,4,13.333333333333334,3,10.0,2.433333333333333,1.9610088106776968,1.0,3.75,70.0,73.33333333333333,86.66666666666667,17,56.666666666666664,4,13.333333333333334,0,0.0,1,3.3333333333333335,4,13.333333333333334,4,13.333333333333334,2.6333333333333333,1.834545054108935,2.0,2.75,73.33333333333333,76.66666666666667,86.66666666666667,13,43.333333333333336,4,13.333333333333334,5,16.666666666666664,1,3.3333333333333335,3,10.0,4,13.333333333333334
312,True,3.0,1.7511900715418263,2.5,2.75,60.0,76.66666666666667,86.66666666666667,8,26.666666666666668,7,23.333333333333332,3,10.0,5,16.666666666666664,3,10.0,4,13.333333333333334,2.4,1.9078784028338915,1.0,3.0,70.0,80.0,86.66666666666667,18,60.0,1,3.3333333333333335,2,6.666666666666667,3,10.0,2,6.666666666666667,4,13.333333333333334,2.433333333333333,1.8381754238616315,1.0,3.0,70.0,83.33333333333334,86.66666666666667,16,53.333333333333336,3,10.0,2,6.666666666666667,4,13.333333333333334,1,3.3333333333333335,4,13.333333333333334,2.8333333333333335,1.752775576684654,2.5,3.0,66.66666666666666,80.0,86.66666666666667,10,33.33333333333333,5,16.666666666666664,5,16.666666666666664,4,13.333333333333334,2,6.666666666666667,4,13.333333333333334
313,True,2.8,1.4000000000000001,2.0,2.0,70.0,86.66666666666667,93.33333333333333,4,13.333333333333334,13,43.333333333333336,4,13.333333333333334,5,16.666666666666664,2,6.666666666666667,2,6.666666666666667,2.3666666666666667,1.7026123718829513,2.0,2.0,76.66666666666667,86.66666666666667,86.66666666666667,13,43.333333333333336,8,26.666666666666668,2,6.666666666666667,3,10.0,0,0.0,4,13.333333333333334,2.5,1.6072751268321592,2.0,2.75,73.33333333333333,83.33333333333334,93.33333333333333,11,36.666666666666664,8,26.666666666666668,3,10.0,3,10.0,3,10.0,2,6.666666666666667,2.7666666666666666,1.8381754238616315,2.0,3.0,66.66666666666666,80.0,83.33333333333334,11,36.666666666666664,6,20.0,3,10.0,4,13.333333333333334,1,3.3333333333333335,5,16.666666666666664
314,True,2.466666666666667,1.3349989596333858,2.0,2.0,76.66666666666667,93.33333333333333,96.66666666666667,9,30.0,8,26.666666666666668,6,20.0,5,16.666666666666664,1,3.3333333333333335,1,3.3333333333333335,2.3666666666666667,1.8705317128797603,1.5,1.75,76.66666666666667,80.0,83.33333333333334,15,50.0,7,23.333333333333332,1,3.3333333333333335,1,3.3333333333333335,1,3.3333333333333335,5,16.666666666666664,2.3333333333333335,1.699673171197595,1.5,2.0,76.66666666666667,80.0,93.33333333333333,15,50.0,5,16.666666666666664,3,10.0,1,3.3333333333333335,4,13.333333333333334,2,6.666666666666667,2.7666666666666666,1.891795149821695,2.0,3.5,73.33333333333333,73.33333333333333,80.0,9,30.0,11,36.666666666666664,2,6.666666666666667,0,0.0,2,6.666666666666667,6,20.0
315,True,2.433333333333333,1.5423647068345698,2.0,2.0,80.0,90.0,90.0,11,36.666666666666664,7,23.333333333333332,6,20.0,3,10.0,0,0.0,3,10.0,2.3333333333333335,1.7191729277636836,2.0,2.0,80.0,80.0,90.0,14,46.666666666666664,7,23.333333333333332,3,10.0,0,0.0,3,10.0,3,10.0,2.433333333333333,1.6058919293927871,2.0,2.0,76.66666666666667,83.33333333333334,93.33333333333333,12,40.0,7,23.333333333333332,4,13.333333333333334,2,6.666666666666667,3,10.0,2,6.666666666666667,2.533333333333333,1.6275407487644937,2.0,2.0,76.66666666666667,83.33333333333334,90.0,10,33.33333333333333,9,30.0,4,13.333333333333334,2,6.666666666666667,2,6.666666666666667,3,10.0
316,True,2.9,1.5132745950421556,3.0,2.0,63.33333333333333,80.0,96.66666666666667,7,23.333333333333332,7,23.333333333333332,5,16.666666666666664,5,16.666666666666664,5,16.666666666666664,1,3.3333333333333335,2.3333333333333335,1.6193277068654826,2.0,2.0,80.0,86.66666666666667,90.0,13,43.333333333333336,7,23.333333333333332,4,13.333333333333334,2,6.666666666666667,1,3.3333333333333335,3,10.0,2.566666666666667,1.8015425489162213,2.0,2.0,76.66666666666667,76.66666666666667,86.66666666666667,12,40.0,7,23.333333333333332,4,13.333333333333334,0,0.0,3,10.0,4,13.333333333333334,2.8,1.661324772583615,2.5,3.0,63.33333333333333,80.0,93.33333333333333,10,33.33333333333333,5,16.666666666666664,4,13.333333333333334,5,16.666666666666664,4,13.333333333333334,2,6.666666666666667
317,True,3.1666666666666665,1.3437096247164249,3.0,2.0,66.66666666666666,86.66666666666667,90.0,3,10.0,6,20.0,11,36.666666666666664,6,20.0,1,3.3333333333333335,3,10.0,2.6333333333333333,1.5380362660079103,3.0,2.0,76.66666666666667,90.0,90.0,10,33.33333333333333,4,13.333333333333334,9,30.0,4,13.333333333333334,0,0.0,3,10.0,2.933333333333333,1.7499206331208919,3.0,3.0,70.0,80.0,83.33333333333334,9,30.0,4,13.333333333333334,8,26.666666666666668,3,10.0,1,3.3333333333333335,5,16.666666666666664,2.966666666666667,1.7792008193443358,3.0,2.75,73.33333333333333,80.0,80.0,9,30.0,3,10.0,10,33.33333333333333,2,6.666666666666667,0,0.0,6,20.0
318,True,3.1,1.7194960502038574,3.0,2.75,60.0,76.66666666666667,86.66666666666667,8,26.666666666666668,4,13.333333333333334,6,20.0,5,16.666666666666664,3,10.0,4,13.333333333333334,2.3333333333333335,1.8499249234015476,1.0,2.0,76.66666666666667,80.0,86.66666666666667,17,56.666666666666664,3,10.0,3,10.0,1,3.3333333333333335,2,6.666666666666667,4,13.333333333333334,2.466666666666667,1.746106780494506,1.5,3.0,70.0,80.0,93.33333333333333,15,50.0,3,10.0,3,10.0,3,10.0,4,13.333333333333334,2,6.666666666666667,2.8333333333333335,2.00138840697041,2.5,3.75,66.66666666666666,73.33333333333333,80.0,14,46.666666666666664,1,3.3333333333333335,5,16.666666666666664,2,6.666666666666667,2,6.666666666666667,6,20.0
319,True,3.1666666666666665,1.3437096247164249,3.0,1.75,73.33333333333333,86.66666666666667,86.66666666666667,2,6.666666666666667,7,23.333333333333332,13,43.333333333333336,4,13.333333333333334,0,0.0,4,13.333333333333334,2.6,1.540562667772179,2.0,1.75,76.66666666666667,86.66666666666667,90.0,8,26.666666666666668,10,33.33333333333333,5,16.666666666666664,3,10.0,1,3.3333333333333335,3,10.0,2.7666666666666666,1.7829438827088444,2.0,1.75,76.66666666666667,80.0,80.0,8,26.666666666666668,10,33.33333333333333,5,16.666666666666664,1,3.3333333333333335,0,0.0,6,20.0,2.7333333333333334,1.412641340027806,2.0,1.75,73.33333333333333,83.33333333333334,96.66666666666667,6,20.0,10,33.33333333333333,6,20.0,3,10.0,4,13.333333333333334,1,3.3333333333333335
320,True,2.4,1.2274635093014648,2.0,1.75,80.0,96.66666666666667,96.66666666666667,8,26.666666666666668,10,33.33333333333333,6,20.0,5,16.666666666666664,0,0.0,1,3.3333333333333335,2.3666666666666667,1.6629959577688562,2.0,2.75,73.33333333333333,83.33333333333334,93.33333333333333,14,46.666666666666664,6,20.0,2,6.666666666666667,3,10.0,3,10.0,2,6.666666666666667,2.466666666666667,1.839081896551163,2.0,2.75,73.33333333333333,83.33333333333334,83.33333333333334,14,46.666666666666664,6,20.0,2,6.666666666666667,3,10.0,0,0.0,5,16.666666666666664,2.6666666666666665,1.699673171197595,2.0,3.0,70.0,80.0,90.0,10,33.33333333333333,8,26.666666666666668,3,10.0,3,10.0,3,10.0,3,10.0
321,True,2.7,1.46401275039985,3.0,1.75,76.66666666666667,86.66666666666667,93.33333333333333,8,26.666666666666668,6,20.0,9,30.0,3,10.0,2,6.666666666666667,2,6.666666666666667,2.3333333333333335,1.7950549357115013,1.0,2.0,76.66666666666667,83.33333333333334,86.66666666666667,16,53.333333333333336,4,13.333333333333334,3,10.0,2,6.666666666666667,1,3.3333333333333335,4,13.333333333333334,2.4,1.685229954635272,2.0,2.75,73.33333333333333,86.66666666666667,90.0,14,46.666666666666664,5,16.666666666666664,3,10.0,4,13.333333333333334,1,3.3333333333333335,3,10.0,3.3,1.9000000000000001,3.0,3.75,63.33333333333333,66.66666666666666,76.66666666666667,8,26.666666666666668,3,10.0,8,26.666666666666668,1,3.3333333333333335,3,10.0,7,23.333333333333332
322,True,2.7666666666666666,1.3828312341794362,2.0,2.0,70.0,83.33333333333334,96.66666666666667,4,13.333333333333334,14,46.666666666666664,3,10.0,4,13.333333333333334,4,13.333333333333334,1,3.3333333333333335,2.466666666666667,1.6275407487644937,2.0,2.75,73.33333333333333,86.66666666666667,90.0,11,36.666666666666664,9,30.0,2,6.666666666666667,4,13.333333333333334,1,3.3333333333333335,3,10.0,2.7,1.8101565309847287,2.0,3.0,63.33333333333333,80.0,86.66666666666667,11,36.666666666666664,8,26.666666666666668,0,0.0,5,16.666666666666664,2,6.666666666666667,4,13.333333333333334,2.7333333333333334,1.7113996870657915,2.0,3.0,63.33333333333333,86.66666666666667,86.66666666666667,10,33.33333333333333,7,23.333333333333332,2,6.666666666666667,7,23.333333333333332,0,0.0,4,13.333333333333334
323,True,2.6333333333333333,1.622412469818394,2.0,1.0,76.66666666666667,83.33333333333334,86.66666666666667,7,23.333333333333332,13,43.333333333333336,3,10.0,2,6.666666666666667,1,3.3333333333333335,4,13.333333333333334,2.2,1.4922019523732928,2.0,1.75,80.0,90.0,93.33333333333333,13,43.333333333333336,9,30.0,2,6.666666666666667,3,10.0,1,3.3333333333333335,2,6.666666666666667,2.1333333333333333,1.384035966135113,2.0,1.0,83.33333333333334,93.33333333333333,93.33333333333333,12,40.0,11,36.666666666666664,2,6.666666666666667,3,10.0,0,0.0,2,6.666666666666667,2.2333333333333334,1.5205992970609392,2.0,1.75,83.33333333333334,90.0,90.0,12,40.0,10,33.33333333333333,3,10.0,2,6.666666666666667,0,0.0,3,10.0
324,True,3.3666666666666667,1.6017351702311948,3.0,3.0,66.66666666666666,70.0,83.33333333333334,3,10.0,7,23.333333333333332,10,33.33333333333333,1,3.3333333333333335,4,13.333333333333334,5,16.666666666666664,2.433333333333333,1.8015425489162211,2.0,2.0,76.66666666666667,80.0,86.66666666666667,14,46.666666666666664,6,20.0,3,10.0,1,3.3333333333333335,2,6.666666666666667,4,13.333333333333334,2.433333333333333,1.7065234314893605,2.0,2.0,80.0,80.0,90.0,13,43.333333333333336,6,20.0,5,16.666666666666664,0,0.0,3,10.0,3,10.0,2.8333333333333335,1.6141733350404335,2.5,1.75,73.33333333333333,83.33333333333334,86.66666666666667,7,23.333333333333332,8,26.666666666666668,7,23.333333333333332,3,10.0,1,3.3333333333333335,4,13.333333333333334
325,True,2.566666666666667,1.358512258154322,2.5,1.75,80.0,93.33333333333333,93.33333333333333,8,26.666666666666668,7,23.333333333333332,9,30.0,4,13.333333333333334,0,0.0,2,6.666666666666667,2.3333333333333335,1.6193277068654826,2.0,2.0,80.0,86.66666666666667,90.0,13,43.333333333333336,7,23.333333333333332,4,13.333333333333334,2,6.666666666666667,1,3.3333333333333335,3,10.0,2.5,1.6881943016134133,2.0,2.0,80.0,83.33333333333334,86.66666666666667,11,36.666666666666664,8,26.666666666666668,5,16.666666666666664,1,3.3333333333333335,1,3.3333333333333335,4,13.333333333333334,2.8,1.777638883463118,2.0,3.0,70.0,80.0,83.33333333333334,9,30.0,8,26.666666666666668,4,13.333333333333334,3,10.0,1,3.3333333333333335,5,16.666666666666664
326,True,2.6666666666666665,1.5563490039905001,2.0,2.5,73.33333333333333,86.66666666666667,90.0,8,26.666666666666668,9,30.0,5,16.666666666666664,4,13.333333333333334,1,3.3333333333333335,3,10.0,2.1333333333333333,1.6275407487644937,1.0,1.0,76.66666666666667,90.0,90.0,16,53.333333333333336,7,23.333333333333332,0,0.0,4,13.333333333333334,0,0.0,3,10.0,2.2,1.6206994374857624,1.5,1.75,76.66666666666667,90.0,90.0,15,50.0,7,23.333333333333332,1,3.3333333333333335,4,13.333333333333334,0,0.0,3,10.0,2.3,1.6155494421403511,2.0,2.5,73.33333333333333,90.0,90.0,13,43.333333333333336,9,30.0,0,0.0,5,16.666666666666664,0,0.0,3,10.0
327,True,2.566666666666667,1.2297244497131141,2.0,1.0,76.66666666666667,90.0,100.0,6,20.0,11,36.666666666666664,6,20.0,4,13.333333333333334,3,10.0,0,0.0,2.3666666666666667,1.6224124698183944,2.0,1.0,80.0,86.66666666666667,86.66666666666667,10,33.33333333333333,13,43.333333333333336,1,3.3333333333333335,2,6.666666666666667,0,0.0,4,13.333333333333334,2.8,1.7776388834631178,2.0,2.5,73.33333333333333,76.66666666666667,83.33333333333334,8,26.666666666666668,10,33.33333333333333,4,13.333333333333334,1,3.3333333333333335,2,6.666666666666667,5,16.666666666666664,2.5,1.4317821063276353,2.0,1.75,76.66666666666667,90.0,93.33333333333333,8,26.666666666666668,11,36.666666666666664,4,13.333333333333334,4,13.333333333333334,1,3.3333333333333335,2,6.666666666666667
328,True,3.033333333333333,1.2242911781471306,3.0,2.0,70.0,90.0,93.33333333333333,2,6.666666666666667,9,30.0,10,33.33333333333333,6,20.0,1,3.3333333333333335,2,6.666666666666667,2.6666666666666665,1.422048600513436,2.0,1.0,76.66666666666667,86.66666666666667,93.33333333333333,6,20.0,11,36.666666666666664,6,20.0,3,10.0,2,6.666666666666667,2,6.666666666666667,2.8333333333333335,1.5509853498842456,2.0,1.0,76.66666666666667,83.33333333333334,86.66666666666667,5,16.666666666666664,11,36.666666666666664,7,23.333333333333332,2,6.666666666666667,1,3.3333333333333335,4,13.333333333333334,3.1333333333333333,1.6069294390925268,3.0,2.0,66.66666666666666,80.0,83.33333333333334,4,13.333333333333334,9,30.0,7,23.333333333333332,4,13.333333333333334,1,3.3333333333333335,5,16.666666666666664
329,True,2.8,1.3759844960366863,3.0,2.0,70.0,93.33333333333333,93.33333333333333,7,23.333333333333332,5,16.666666666666664,9,30.0,7,23.333333333333332,0,0.0,2,6.666666666666667,2.433333333333333,1.54236470683457,2.0,2.0,76.66666666666667,90.0,93.33333333333333,13,43.333333333333336,3,10.0,7,23.333333333333332,4,13.333333333333334,1,3.3333333333333335,2,6.666666666666667,2.6666666666666665,1.8135294011647258,2.0,2.0,76.66666666666667,80.0,83.33333333333334,12,40.0,4,13.333333333333334,7,23.333333333333332,1,3.3333333333333335,1,3.3333333333333335,5,16.666666666666664,3.2333333333333334,1.8917951498216945,3.0,3.5,56.666666666666664,73.33333333333333,76.66666666666667,8,26.666666666666668,5,16.666666666666664,4,13.333333333333334,5,16.666666666666664,1,3.3333333333333335,7,23.333333333333332
330,True,2.7,1.5088627063675033,2.5,2.5,73.33333333333333,90.0,90.0,8,26.666666666666668,7,23.333333333333332,7,23.333333333333332,5,16.666666666666664,0,0.0,3,10.0,2.3,1.8101565309847285,1.0,3.0,70.0,83.33333333333334,90.0,18,60.0,2,6.666666666666667,1,3.3333333333333335,4,13.333333333333334,2,6.666666666666667,3,10.0,2.466666666666667,1.687865186822955,2.0,2.75,73.33333333333333,86.66666666666667,90.0,14,46.666666666666664,3,10.0,5,16.666666666666664,4,13.333333333333334,1,3.3333333333333335,3,10.0,2.8333333333333335,2.0013884069704098,2.0,3.75,63.33333333333333,73.33333333333333,80.0,13,43.333333333333336,4,13.333333333333334,2,6.666666666666667,3,10.0,2,6.666666666666667,6,20.0
331,True,3.1,1.535143858622594,3.0,2.0,63.33333333333333,76.66666666666667,93.33333333333333,6,20.0,5,16.666666666666664,8,26.666666666666668,4,13.333333333333334,5,16.666666666666664,2,6.666666666666667,2.4,1.5620499351813306,2.0,2.0,80.0,90.0,90.0,12,40.0,6,20.0,6,20.0,3,10.0,0,0.0,3,10.0,2.6333333333333333,1.601735170231195,2.0,3.0,70.0,86.66666666666667,90.0,9,30.0,9,30.0,3,10.0,5,16.666666666666664,1,3.3333333333333335,3,10.0,2.7,1.5947831618540917,2.0,1.75,76.66666666666667,86.66666666666667,86.66666666666667,8,26.666666666666668,8,26.666666666666668,7,23.333333333333332,3,10.0,0,0.0,4,13.333333333333334
332,True,2.6666666666666665,1.349897115421106,2.0,1.0,76.66666666666667,90.0,93.33333333333333,5,16.666666666666664,12,40.0,6,20.0,4,13.333333333333334,1,3.3333333333333335,2,6.666666666666667,2.3333333333333335,1.5347819244295118,2.0,2.0,80.0,90.0,90.0,11,36.666666666666664,10,33.33333333333333,3,10.0,3,10.0,0,0.0,3,10.0,2.4,1.5620499351813306,2.0,2.0,80.0,86.66666666666667,90.0,10,33.33333333333333,11,36.666666666666664,3,10.0,2,6.666666666666667,1,3.3333333333333335,3,10.0,2.433333333333333,1.4302291968616623,2.0,2.75,73.33333333333333,93.33333333333333,93.33333333333333,9,30.0,11,36.666666666666664,2,6.666666666666667,6,20.0,0,0.0,2,6.666666666666667
333,True,2.966666666666667,1.834545054108935,2.0,2.75,66.66666666666666,76.66666666666667,80.0,8,26.666666666666668,8,26.666666666666668,4,13.333333333333334,3,10.0,1,3.3333333333333335,6,20.0,2.3333333333333335,1.577621275493231,2.0,2.0,76.66666666666667,86.66666666666667,93.33333333333333,13,43.333333333333336,7,23.333333333333332,3,10.0,3,10.0,2,6.666666666666667,2,6.666666666666667,2.4,1.5620499351813306,2.0,2.0,76.66666666666667,86.66666666666667,93.33333333333333,12,40.0,7,23.333333333333332,4,13.333333333333334,3,10.0,2,6.666666666666667,2,6.666666666666667,2.6666666666666665,1.6996731711975948,2.0,3.0,70.0,80.0,90.0,10,33.33333333333333,8,26.666666666666668,3,10.0,3,10.0,3,10.0,3,10.0
334,True,2.7666666666666666,1.5849991237291656,3.0,3.0,66.66666666666666,90.0,90.0,10,33.33333333333333,3,10.0,7,23.333333333333332,7,23.333333333333332,0,0.0,3,10.0,2.3333333333333335,1.6397831834998458,1.0,2.75,73.33333333333333,83.33333333333334,96.66666666666667,16,53.333333333333336,2,6.666666666666667,4,13.333333333333334,3,10.0,4,13.333333333333334,1,3.3333333333333335,2.533333333333333,1.7650936393164969,1.5,3.0,70.0,83.33333333333334,90.0,15,50.0,1,3.3333333333333335,5,16.666666666666664,4,13.333333333333334,2,6.666666666666667,3,10.0,2.6333333333333333,1.834545054108935,2.0,3.0,70.0,80.0,86.66666666666667,14,46.666666666666664,2,6.666666666666667,5,16.666666666666664,3,10.0,2,6.666666666666667,4,13.333333333333334
335,True,2.6666666666666665,1.4452988925785868,3.0,2.0,76.66666666666667,90.0,93.33333333333333,9,30.0,4,13.333333333333334,10,33.33333333333333,4,13.333333333333334,1,3.3333333333333335,2,6.666666666666667,2.4,1.5405626677721789,2.0,2.0,86.66666666666667,86.66666666666667,90.0,11,36.666666666666664,7,23.333333333333332,8,26.666666666666668,0,0.0,1,3.3333333333333335,3,10.0,2.5,1.5864005379054391,2.0,2.0,83.33333333333334,83.33333333333334,90.0,10,33.33333333333333,8,26.666666666666668,7,23.333333333333332,0,0.0,2,6.666666666666667,3,10.0,2.8666666666666667,1.687865186822955,3.0,3.0,70.0,76.66666666666667,90.0,9,30.0,5,16.666666666666664,7,23.333333333333332,2,6.666666666666667,4,13.333333333333334,3,10.0
336,True,2.6333333333333333,1.32874209519965,3.0,2.5,73.33333333333333,93.33333333333333,96.66666666666667,8,26.666666666666668,6,20.0,8,26.666666666666668,6,20.0,1,3.3333333333333335,1,3.3333333333333335,2.466666666666667,1.746106780494506,2.0,3.0,70.0,83.33333333333334,90.0,14,46.666666666666664,5,16.666666666666664,2,6.666666666666667,4,13.333333333333334,2,6.666666666666667,3,10.0,2.6,1.781385228784985,2.0,2.75,73.33333333333333,80.0,86.66666666666667,12,40.0,6,20.0,4,13.333333333333334,2,6.666666666666667,2,6.666666666666667,4,13.333333333333334,2.8666666666666667,1.7838784213679537,3.0,3.0,70.0,80.0,83.33333333333334,10,33.33333333333333,4,13.333333333333334,7,23.333333333333332,3,10.0,1,3.3333333333333335,5,16.666666666666664
337,True,2.6,1.3316656236958786,2.0,1.0,76.66666666666667,93.33333333333333,93.33333333333333,6,20.0,11,36.666666666666664,6,20.0,5,16.666666666666664,0,0.0,2,6.666666666666667,2.3666666666666667,1.6428295373802142,2.0,2.75,73.33333333333333,83.33333333333334,93.33333333333333,13,43.333333333333336,8,26.666666666666668,1,3.3333333333333335,3,10.0,3,10.0,2,6.666666666666667,2.3,1.5088627063675033,2.0,2.0,76.66666666666667,90.0,93.33333333333333,12,40.0,9,30.0,2,6.666666666666667,4,13.333333333333334,1,3.3333333333333335,2,6.666666666666667,2.6,1.8366636418607882,2.0,3.0,70.0,76.66666666666667,86.66666666666667,12,40.0,8,26.666666666666668,1,3.3333333333333335,2,6.666666666666667,3,10.0,4,13.333333333333334
338,True,3.1333333333333333,1.384035966135113,3.0,1.75,56.666666666666664,90.0,93.33333333333333,6,20.0,2,6.666666666666667,9,30.0,10,33.33333333333333,1,3.3333333333333335,2,6.666666666666667,2.7,1.9347695814575268,2.0,3.0,70.0,76.66666666666667,80.0,12,40.0,7,23.333333333333332,2,6.666666666666667,2,6.666666666666667,1,3.3333333333333335,6,20.0,2.7333333333333334,1.8607047649270485,2.0,3.0,70.0,76.66666666666667,83.33333333333334,11,36.666666666666664,7,23.333333333333332,3,10.0,2,6.666666666666667,2,6.666666666666667,5,16.666666666666664,2.8333333333333335,1.790406533599438,2.5,3.0,70.0,80.0,83.33333333333334,10,33.33333333333333,5,16.666666666666664,6,20.0,3,10.0,1,3.3333333333333335,5,16.666666666666664
339,True,2.8,1.758787461103056,2.0,3.0,66.66666666666666,80.0,86.66666666666667,10,33.33333333333333,6,20.0,4,13.333333333333334,4,13.333333333333334,2,6.666666666666667,4,13.333333333333334,2.3333333333333335,1.7384539747207064,1.5,2.75,73.33333333333333,83.33333333333334,90.0,15,50.0,6,20.0,1,3.3333333333333335,3,10.0,2,6.666666666666667,3,10.0,2.433333333333333,1.8917951498216947,1.5,2.75,73.33333333333333,80.0,83.33333333333334,15,50.0,6,20.0,1,3.3333333333333335,2,6.666666666666667,1,3.3333333333333335,5,16.666666666666664,2.7,1.6960738977611403,2.0,3.0,70.0,80.0,90.0,10,33.33333333333333,7,23.333333333333332,4,13.333333333333334,3,10.0,3,10.0,3,10.0
340,True,3.0,0.8563488385776752,3.0,2.0,63.33333333333333,100.0,100.0,0,0.0,11,36.666666666666664,8,26.666666666666668,11,36.666666666666664,0,0.0,0,0.0,2.8,1.5362291495737217,3.0,2.75,70.0,83.33333333333334,93.33333333333333,8,26.666666666666668,6,20.0,7,23.333333333333332,4,13.333333333333334,3,10.0,2,6.666666666666667,2.7,1.3699148392023013,2.5,1.0,76.66666666666667,90.0,93.33333333333333,6,20.0,9,30.0,8,26.666666666666668,4,13.333333333333334,1,3.3333333333333335,2,6.666666666666667,2.8,1.2220201853215573,3.0,1.0,76.66666666666667,90.0,96.66666666666667,4,13.333333333333334,9,30.0,10,33.33333333333333,4,13.333333333333334,2,6.666666666666667,1,3.3333333333333335
341,True,2.4,1.083205120618128,3.0,2.0,83.33333333333334,100.0,100.0,9,30.0,5,16.666666666666664,11,36.666666666666664,5,16.666666666666664,0,0.0,0,0.0,2.3666666666666667,1.6829207415152454,2.0,2.0,80.0,86.66666666666667,86.66666666666667,13,43.333333333333336,7,23.333333333333332,4,13.333333333333334,2,6.666666666666667,0,0.0,4,13.333333333333334,2.566666666666667,1.7829438827088442,2.0,2.75,73.33333333333333,80.0,86.66666666666667,12,40.0,7,23.333333333333332,3,10.0,2,6.666666666666667,2,6.666666666666667,4,13.333333333333334,2.7,1.7729448195962934,2.0,2.0,76.66666666666667,80.0,83.33333333333334,10,33.33333333333333,7,23.333333333333332,6,20.0,1,3.3333333333333335,1,3.3333333333333335,5,16.666666666666664
342,True,2.8666666666666667,1.4996295838935991,3.0,2.0,66.66666666666666,90.0,90.0,7,23.333333333333332,6,20.0,7,23.333333333333332,7,23.333333333333332,0,0.0,3,10.0,2.433333333333333,1.7641491496532322,1.5,2.75,73.33333333333333,86.66666666666667,86.66666666666667,15,50.0,3,10.0,4,13.333333333333334,4,13.333333333333334,0,0.0,4,13.333333333333334,2.566666666666667,1.8199511592958264,2.0,2.0,76.66666666666667,83.33333333333334,83.33333333333334,14,46.666666666666664,2,6.666666666666667,7,23.333333333333332,2,6.666666666666667,0,0.0,5,16.666666666666664,2.533333333333333,1.564892612574067,2.0,3.0,70.0,90.0,93.33333333333333,12,40.0,4,13.333333333333334,5,16.666666666666664,6,20.0,1,3.3333333333333335,2,6.666666666666667
343,True,2.5,1.4317821063276353,2.5,2.0,83.33333333333334,90.0,93.33333333333333,10,33.33333333333333,5,16.666666666666664,10,33.33333333333333,2,6.666666666666667,1,3.3333333333333335,2,6.666666666666667,2.2333333333333334,1.4985177861992682,2.0,2.0,83.33333333333334,90.0,93.33333333333333,14,46.666666666666664,5,16.666666666666664,6,20.0,2,6.666666666666667,1,3.3333333333333335,2,6.666666666666667,2.2,1.4696938456699067,2.0,2.0,86.66666666666667,90.0,93.33333333333333,14,46.666666666666664,5,16.666666666666664,7,23.333333333333332,1,3.3333333333333335,1,3.3333333333333335,2,6.666666666666667,2.5,1.5438048235879214,2.0,2.0,83.33333333333334,86.66666666666667,90.0,10,33.33333333333333,7,23.333333333333332,8,26.666666666666668,1,3.3333333333333335,1,3.3333333333333335,3,10.0
344,True,2.4,1.42828568570857,2.0,1.75,86.66666666666667,90.0,90.0,8,26.666666666666668,12,40.0,6,20.0,1,3.3333333333333335,0,0.0,3,10.0,2.2333333333333334,1.6468825769380835,1.5,2.0,80.0,86.66666666666667,90.0,15,50.0,6,20.0,3,10.0,2,6.666666666666667,1,3.3333333333333335,3,10.0,2.066666666666667,1.3888444437333107,2.0,1.0,83.33333333333334,90.0,96.66666666666667,14,46.666666666666664,9,30.0,2,6.666666666666667,2,6.666666666666667,2,6.666666666666667,1,3.3333333333333335,2.566666666666667,1.856220772310114,2.0,2.75,73.33333333333333,80.0,83.33333333333334,13,43.333333333333336,6,20.0,3,10.0,2,6.666666666666667,1,3.3333333333333335,5,16.666666666666664
345,True,2.8,1.6,2.0,1.75,73.33333333333333,80.0,90.0,7,23.333333333333332,9,30.0,6,20.0,2,6.666666666666667,3,10.0,3,10.0,2.2333333333333334,1.4067298564006128,2.0,2.0,86.66666666666667,90.0,93.33333333333333,11,36.666666666666664,10,33.33333333333333,5,16.666666666666664,1,3.3333333333333335,1,3.3333333333333335,2,6.666666666666667,2.466666666666667,1.586050300449376,2.0,2.0,86.66666666666667,86.66666666666667,86.66666666666667,10,33.33333333333333,8,26.666666666666668,8,26.666666666666668,0,0.0,0,0.0,4,13.333333333333334,2.2666666666666666,1.18133634311129,2.0,2.0,86.66666666666667,93.33333333333333,100.0,10,33.33333333333333,8,26.666666666666668,8,26.666666666666668,2,6.666666666666667,2,6.666666666666667,0,0.0
346,True,2.7666666666666666,1.6058919293927874,2.0,1.0,76.66666666666667,83.33333333333334,86.66666666666667,7,23.333333333333332,9,30.0,7,23.333333333333332,2,6.666666666666667,1,3.3333333333333335,4,13.333333333333334,2.3,1.5307950004273378,2.0,2.0,83.33333333333334,86.66666666666667,93.33333333333333,13,43.333333333333336,6,20.0,6,20.0,1,3.3333333333333335,2,6.666666666666667,2,6.666666666666667,2.533333333333333,1.6478942792411033,2.0,2.0,83.33333333333334,83.33333333333334,86.66666666666667,10,33.33333333333333,8,26.666666666666668,7,23.333333333333332,0,0.0,1,3.3333333333333335,4,13.333333333333334,2.3,1.4410644214144859,2.0,2.0,83.33333333333334,90.0,93.33333333333333,11,36.666666666666664,9,30.0,5,16.666666666666664,2,6.666666666666667,1,3.3333333333333335,2,6.666666666666667
347,True,2.3666666666666667,1.3535960336164634,2.0,2.0,83.33333333333334,90.0,96.66666666666667,10,33.33333333333333,8,26.666666666666668,7,23.333333333333332,2,6.666666666666667,2,6.666666666666667,1,3.3333333333333335,2.1333333333333333,1.6069294390925266,1.0,2.0,86.66666666666667,86.66666666666667,90.0,16,53.333333333333336,5,16.666666666666664,5,16.666666666666664,0,0.0,1,3.3333333333333335,3,10.0,2.4,1.8184242262647807,1.5,2.0,76.66666666666667,80.0,86.66666666666667,15,50.0,5,16.666666666666664,3,10.0,1,3.3333333333333335,2,6.666666666666667,4,13.333333333333334,2.2333333333333334,1.382831234179436,2.0,2.0,86.66666666666667,93.33333333333333,93.33333333333333,12,40.0,7,23.333333333333332,7,23.333333333333332,2,6.666666666666667,0,0.0,2,6.666666666666667
348,True,2.4,1.3564659966250536,2.0,2.0,86.66666666666667,93.33333333333333,93.33333333333333,10,33.33333333333333,6,20.0,10,33.33333333333333,2,6.666666666666667,0,0.0,2,6.666666666666667,2.1,1.445683229480096,2.0,1.75,86.66666666666667,90.0,93.33333333333333,14,46.666666666666664,8,26.666666666666668,4,13.333333333333334,1,3.3333333333333335,1,3.3333333333333335,2,6.666666666666667,2.1333333333333333,1.384035966135113,2.0,2.0,86.66666666666667,90.0,96.66666666666667,14,46.666666666666664,6,20.0,6,20.0,1,3.3333333333333335,2,6.666666666666667,1,3.3333333333333335,2.433333333333333,1.5638272140986533,2.0,2.0,83.33333333333334,86.66666666666667,90.0,11,36.666666666666664,7,23.333333333333332,7,23.333333333333332,1,3.3333333333333335,1,3.3333333333333335,3,10.0
349,True,2.533333333333333,1.4313940369055926,2.5,2.0,76.66666666666667,93.33333333333333,93.33333333333333,10,33.33333333333333,5,16.666666666666664,8,26.666666666666668,5,16.666666666666664,0,0.0,2,6.666666666666667,2.1666666666666665,1.5509853498842454,1.0,2.0,80.0,90.0,93.33333333333333,16,53.333333333333336,4,13.333333333333334,4,13.333333333333334,3,10.0,1,3.3333333333333335,2,6.666666666666667,2.433333333333333,1.8015425489162211,1.5,2.75,73.33333333333333,83.33333333333334,86.66666666666667,15,50.0,4,13.333333333333334,3,10.0,3,10.0,1,3.3333333333333335,4,13.333333333333334,2.6,1.8726095873584188,2.0,3.0,70.0,80.0,83.33333333333334,13,43.333333333333336,6,20.0,2,6.666666666666667,3,10.0,1,3.3333333333333335,5,16.666666666666664
350,True,2.8333333333333335,1.4161763857498668,3.0,2.0,66.66666666666666,90.0,93.33333333333333,6,20.0,8,26.666666666666668,6,20.0,7,23.333333333333332,1,3.3333333333333335,2,6.666666666666667,2.433333333333333,1.6265163865007801,2.0,2.75,73.33333333333333,83.33333333333334,93.33333333333333,12,40.0,8,26.666666666666668,2,6.666666666666667,3,10.0,3,10.0,2,6.666666666666667,2.5,1.52206000757745,2.0,3.0,70.0,90.0,93.33333333333333,10,33.33333333333333,9,30.0,2,6.666666666666667,6,20.0,1,3.3333333333333335,2,6.666666666666667,2.7666666666666666,1.6669999666733317,2.0,3.0,66.66666666666666,86.66666666666667,86.66666666666667,9,30.0,7,23.333333333333332,4,13.333333333333334,6,20.0,0,0.0,4,13.333333333333334
351,True,2.966666666666667,1.4715826703096078,3.0,2.0,66.66666666666666,86.66666666666667,90.0,5,16.666666666666664,8,26.666666666666668,7,23.333333333333332,6,20.0,1,3.3333333333333335,3,10.0,2.6333333333333333,1.7603661235347856,2.0,3.0,63.33333333333333,86.66666666666667,86.66666666666667,12,40.0,6,20.0,1,3.3333333333333335,7,23.333333333333332,0,0.0,4,13.333333333333334,2.7333333333333334,1.7688665548562132,2.0,3.0,70.0,83.33333333333334,83.33333333333334,10,33.33333333333333,7,23.333333333333332,4,13.333333333333334,4,13.333333333333334,0,0.0,5,16.666666666666664,2.9,1.8681541692269406,2.0,3.0,63.33333333333333,80.0,80.0,10,33.33333333333333,6,20.0,3,10.0,5,16.666666666666664,0,0.0,6,20.0
352,True,2.9,1.491084616423003,3.0,1.0,80.0,86.66666666666667,86.66666666666667,6,20.0,5,16.666666666666664,13,43.333333333333336,2,6.666666666666667,0,0.0,4,13.333333333333334,2.2666666666666666,1.5260697523012796,1.5,2.0,83.33333333333334,90.0,93.33333333333333,15,50.0,2,6.666666666666667,8,26.666666666666668,2,6.666666666666667,1,3.3333333333333335,2,6.666666666666667,2.533333333333333,1.8208667044996885,2.0,2.0,80.0,80.0,83.33333333333334,13,43.333333333333336,5,16.666666666666664,6,20.0,0,0.0,1,3.3333333333333335,5,16.666666666666664,2.6666666666666665,1.6996731711975952,2.5,3.0,70.0,83.33333333333334,90.0,12,40.0,3,10.0,6,20.0,4,13.333333333333334,2,6.666666666666667,3,10.0
353,True,2.066666666666667,1.3888444437333105,2.0,1.0,90.0,90.0,93.33333333333333,13,43.333333333333336,10,33.33333333333333,4,13.333333333333334,0,0.0,1,3.3333333333333335,2,6.666666666666667,1.9,1.4910846164230027,1.0,1.0,90.0,90.0,90.0,17,56.666666666666664,8,26.666666666666668,2,6.666666666666667,0,0.0,0,0.0,3,10.0,1.9666666666666666,1.4715826703096078,1.5,1.0,90.0,90.0,90.0,15,50.0,10,33.33333333333333,2,6.666666666666667,0,0.0,0,0.0,3,10.0,2.1666666666666665,1.4851112939963642,2.0,1.75,86.66666666666667,86.66666666666667,93.33333333333333,13,43.333333333333336,9,30.0,4,13.333333333333334,0,0.0,2,6.666666666666667,2,6.666666666666667
354,True,3.033333333333333,1.5162087220725544,3.0,2.0,56.666666666666664,90.0,90.0,7,23.333333333333332,4,13.333333333333334,6,20.0,10,33.33333333333333,0,0.0,3,10.0,2.5,1.6683325008322931,2.0,2.0,76.66666666666667,83.33333333333334,90.0,12,40.0,6,20.0,5,16.666666666666664,2,6.666666666666667,2,6.666666666666667,3,10.0,2.6666666666666665,1.7384539747207064,2.0,3.0,70.0,83.33333333333334,86.66666666666667,11,36.666666666666664,6,20.0,4,13.333333333333334,4,13.333333333333334,1,3.3333333333333335,4,13.333333333333334,3.033333333333333,1.7413277182145304,3.0,2.75,63.33333333333333,80.0,83.33333333333334,8,26.666666666666668,5,16.666666666666664,6,20.0,5,16.666666666666664,1,3.3333333333333335,5,16.666666666666664
355,True,2.8,1.4922019523732928,3.0,1.0,80.0,83.33333333333334,90.0,6,20.0,8,26.666666666666668,10,33.33333333333333,1,3.3333333333333335,2,6.666666666666667,3,10.0,2.3,1.5524174696260022,2.0,2.0,86.66666666666667,86.66666666666667,90.0,12,40.0,8,26.666666666666668,6,20.0,0,0.0,1,3.3333333333333335,3,10.0,2.4,1.4966629547095764,2.0,2.0,83.33333333333334,86.66666666666667,93.33333333333333,11,36.666666666666664,7,23.333333333333332,7,23.333333333333332,1,3.3333333333333335,2,6.666666666666667,2,6.666666666666667,2.5,1.3844373104863459,2.0,2.0,83.33333333333334,86.66666666666667,96.66666666666667,9,30.0,7,23.333333333333332,9,30.0,1,3.3333333333333335,3,10.0,1,3.3333333333333335
356,True,3.2333333333333334,1.6058919293927871,3.0,2.0,56.666666666666664,80.0,86.66666666666667,6,20.0,4,13.333333333333334,7,23.333333333333332,7,23.333333333333332,2,6.666666666666667,4,13.333333333333334,2.466666666666667,1.8024674446127702,2.0,2.0,76.66666666666667,80.0,86.66666666666667,14,46.666666666666664,5,16.666666666666664,4,13.333333333333334,1,3.3333333333333335,2,6.666666666666667,4,13.333333333333334,2.6666666666666665,1.757523510195209,2.0,3.0,70.0,83.33333333333334,86.66666666666667,12,40.0,4,13.333333333333334,5,16.666666666666664,4,13.333333333333334,1,3.3333333333333335,4,13.333333333333334,2.9,1.9035055380358978,2.0,3.75,63.33333333333333,73.33333333333333,83.33333333333334,11,36.666666666666664,5,16.666666666666664,3,10.0,3,10.0,3,10.0,5,16.666666666666664
357,True,2.8,1.6812693617224657,2.5,3.0,70.0,83.33333333333334,86.66666666666667,9,30.0,6,20.0,6,20.0,4,13.333333333333334,1,3.3333333333333335,4,13.333333333333334,2.1333333333333333,1.521694961401777,1.0,2.0,83.33333333333334,90.0,93.33333333333333,16,53.333333333333336,4,13.333333333333334,5,16.666666666666664,2,6.666666666666667,1,3.3333333333333335,2,6.666666666666667,2.3666666666666667,1.7413277182145301,2.0,2.0,80.0,83.33333333333334,86.66666666666667,14,46.666666666666664,6,20.0,4,13.333333333333334,1,3.3333333333333335,1,3.3333333333333335,4,13.333333333333334,2.2333333333333334,1.4533486237727762,2.0,2.0,80.0,90.0,96.66666666666667,14,46.666666666666664,5,16.666666666666664,5,16.666666666666664,3,10.0,2,6.666666666666667,1,3.3333333333333335
358,True,2.533333333333333,1.521694961401777,2.0,1.75,80.0,86.66666666666667,90.0,8,26.666666666666668,11,36.666666666666664,5,16.666666666666664,2,6.666666666666667,1,3.3333333333333335,3,10.0,2.2666666666666666,1.590248058916875,2.0,1.0,80.0,86.66666666666667,90.0,12,40.0,11,36.666666666666664,1,3.3333333333333335,2,6.666666666666667,1,3.3333333333333335,3,10.0,2.3333333333333335,1.5129074290546958,2.0,2.0,80.0,86.66666666666667,93.33333333333333,11,36.666666666666664,10,33.33333333333333,3,10.0,2,6.666666666666667,2,6.666666666666667,2,6.666666666666667,2.533333333333333,1.6478942792411033,2.0,2.0,80.0,83.33333333333334,86.66666666666667,9,30.0,11,36.666666666666664,4,13.333333333333334,1,3.3333333333333335,1,3.3333333333333335,4,13.333333333333334
359,True,2.7666666666666666,1.3585122581543223,2.0,1.0,76.66666666666667,86.66666666666667,93.33333333333333,4,13.333333333333334,12,40.0,7,23.333333333333332,3,10.0,2,6.666666666666667,2,6.666666666666667,2.466666666666667,1.7074997966487597,2.0,2.0,76.66666666666667,83.33333333333334,86.66666666666667,11,36.666666666666664,10,33.33333333333333,2,6.666666666666667,2,6.666666666666667,1,3.3333333333333335,4,13.333333333333334,2.6,1.7435595774162693,2.0,2.75,73.33333333333333,80.0,86.66666666666667,10,33.33333333333333,10,33.33333333333333,2,6.666666666666667,2,6.666666666666667,2,6.666666666666667,4,13.333333333333334,2.7666666666666666,1.7065234314893605,2.0,2.75,70.0,80.0,86.66666666666667,8,26.666666666666668,10,33.33333333333333,3,10.0,3,10.0,2,6.666666666666667,4,13.333333333333334
360,True,2.2333333333333334,1.2297244497131143,2.0,2.0,90.0,93.33333333333333,96.66666666666667,10,33.33333333333333,9,30.0,8,26.666666666666668,1,3.3333333333333335,1,3.3333333333333335,1,3.3333333333333335,2.1,1.535143858622594,1.5,1.75,86.66666666666667,90.0,90.0,15,50.0,7,23.333333333333332,4,13.333333333333334,1,3.3333333333333335,0,0.0,3,10.0,2.3,1.7540429489230491,2.0,1.0,83.33333333333334,83.33333333333334,83.33333333333334,13,43.333333333333336,10,33.33333333333333,2,6.666666666666667,0,0.0,0,0.0,5,16.666666666666664,2.1,1.325393023471403,2.0,1.75,90.0,93.33333333333333,93.33333333333333,12,40.0,10,33.33333333333333,5,16.666666666666664,1,3.3333333333333335,0,0.0,2,6.666666666666667
361,True,2.4,1.2274635093014648,2.0,2.75,70.0,96.66666666666667,100.0,8,26.666666666666668,12,40.0,1,3.3333333333333335,8,26.666666666666668,1,3.3333333333333335,0,0.0,2.2666666666666666,1.7113996870657915,1.5,1.75,76.66666666666667,83.33333333333334,90.0,15,50.0,7,23.333333333333332,1,3.3333333333333335,2,6.666666666666667,2,6.666666666666667,3,10.0,2.1666666666666665,1.6346933113652304,1.5,1.0,80.0,86.66666666666667,90.0,15,50.0,8,26.666666666666668,1,3.3333333333333335,2,6.666666666666667,1,3.3333333333333335,3,10.0,2.6666666666666665,1.8318175552045448,2.0,3.0,70.0,80.0,83.33333333333334,11,36.666666666666664,8,26.666666666666668,2,6.666666666666667,3,10.0,1,3.3333333333333335,5,16.666666666666664
362,True,2.8333333333333335,1.674979270186815,2.0,2.0,70.0,80.0,86.66666666666667,7,23.333333333333332,10,33.33333333333333,4,13.333333333333334,3,10.0,2,6.666666666666667,4,13.333333333333334,2.2666666666666666,1.6110727964792764,2.0,2.0,76.66666666666667,90.0,90.0,14,46.666666666666664,7,23.333333333333332,2,6.666666666666667,4,13.333333333333334,0,0.0,3,10.0,2.433333333333333,1.7065234314893605,2.0,2.0,76.66666666666667,86.66666666666667,86.66666666666667,13,43.333333333333336,6,20.0,4,13.333333333333334,3,10.0,0,0.0,4,13.333333333333334,2.6333333333333333,1.7220788470785986,2.0,3.0,66.66666666666666,86.66666666666667,86.66666666666667,11,36.666666666666664,7,23.333333333333332,2,6.666666666666667,6,20.0,0,0.0,4,13.333333333333334
363,True,2.9,1.3988090172238192,3.0,2.0,70.0,86.66666666666667,93.33333333333333,5,16.666666666666664,8,26.666666666666668,8,26.666666666666668,5,16.666666666666664,2,6.666666666666667,2,6.666666666666667,2.433333333333333,1.54236470683457,2.0,2.0,76.66666666666667,86.66666666666667,93.33333333333333,11,36.666666666666664,8,26.666666666666668,4,13.333333333333334,3,10.0,2,6.666666666666667,2,6.666666666666667,2.466666666666667,1.5434449203720302,2.0,2.0,76.66666666666667,90.0,90.0,10,33.33333333333333,9,30.0,4,13.333333333333334,4,13.333333333333334,0,0.0,3,10.0,2.533333333333333,1.3840359661351131,2.0,2.0,76.66666666666667,90.0,96.66666666666667,9,30.0,7,23.333333333333332,7,23.333333333333332,4,13.333333333333334,2,6.666666666666667,1,3.3333333333333335
364,True,2.6,1.3316656236958786,2.0,1.0,80.0,90.0,93.33333333333333,5,16.666666666666664,13,43.333333333333336,6,20.0,3,10.0,1,3.3333333333333335,2,6.666666666666667,2.3333333333333335,1.4907119849998596,2.0,2.0,76.66666666666667,90.0,93.33333333333333,11,36.666666666666664,10,33.33333333333333,2,6.666666666666667,4,13.333333333333334,1,3.3333333333333335,2,6.666666666666667,2.4,1.5832456116050557,2.0,2.75,73.33333333333333,90.0,90.0,11,36.666666666666664,10,33.33333333333333,1,3.3333333333333335,5,16.666666666666664,0,0.0,3,10.0,2.7,1.6563010998406458,2.0,2.5,73.33333333333333,83.33333333333334,86.66666666666667,8,26.666666666666668,10,33.33333333333333,4,13.333333333333334,3,10.0,1,3.3333333333333335,4,13.333333333333334
365,True,2.6333333333333333,1.4487542541400489,2.0,1.0,76.66666666666667,86.66666666666667,93.33333333333333,7,23.333333333333332,10,33.33333333333333,6,20.0,3,10.0,2,6.666666666666667,2,6.666666666666667,2.2666666666666666,1.6719914938645934,2.0,1.75,80.0,83.33333333333334,90.0,14,46.666666666666664,8,26.666666666666668,2,6.666666666666667,1,3.3333333333333335,2,6.666666666666667,3,10.0,2.2,1.514375558880073,2.0,2.0,80.0,90.0,93.33333333333333,14,46.666666666666664,7,23.333333333333332,3,10.0,3,10.0,1,3.3333333333333335,2,6.666666666666667,2.2666666666666666,1.364632632697248,2.0,2.0,83.33333333333334,90.0,96.66666666666667,11,36.666666666666664,9,30.0,5,16.666666666666664,2,6.666666666666667,2,6.666666666666667,1,3.3333333333333335
366,True,2.433333333333333,1.430229196861662,2.0,2.0,76.66666666666667,93.33333333333333,93.33333333333333,10,33.33333333333333,8,26.666666666666668,5,16.666666666666664,5,16.666666666666664,0,0.0,2,6.666666666666667,2.3666666666666667,1.7026123718829513,2.0,2.0,80.0,86.66666666666667,86.66666666666667,14,46.666666666666664,5,16.666666666666664,5,16.666666666666664,2,6.666666666666667,0,0.0,4,13.333333333333334,2.4,1.6852299546352716,2.0,2.75,73.33333333333333,86.66666666666667,90.0,14,46.666666666666664,5,16.666666666666664,3,10.0,4,13.333333333333334,1,3.3333333333333335,3,10.0,2.7666666666666666,1.7451520150277902,2.0,3.0,66.66666666666666,76.66666666666667,90.0,10,33.33333333333333,7,23.333333333333332,3,10.0,3,10.0,4,13.333333333333334,3,10.0
367,True,2.8,1.5362291495737217,3.0,2.5,73.33333333333333,86.66666666666667,90.0,8,26.666666666666668,5,16.666666666666664,9,30.0,4,13.333333333333334,1,3.3333333333333335,3,10.0,2.1333333333333333,1.4313940369055922,1.5,2.0,86.66666666666667,93.33333333333333,93.33333333333333,15,50.0,4,13.333333333333334,7,23.333333333333332,2,6.666666666666667,0,0.0,2,6.666666666666667,2.433333333333333,1.8199511592958264,1.5,2.0,80.0,83.33333333333334,83.33333333333334,15,50.0,3,10.0,6,20.0,1,3.3333333333333335,0,0.0,5,16.666666666666664,2.2666666666666666,1.3148721948877347,2.0,2.0,80.0,93.33333333333333,100.0,13,43.333333333333336,4,13.333333333333334,7,23.333333333333332,4,13.333333333333334,2,6.666666666666667,0,0.0
368,True,2.6,1.4742229591663987,3.0,2.0,83.33333333333334,90.0,90.0,9,30.0,5,16.666666666666664,11,36.666666666666664,2,6.666666666666667,0,0.0,3,10.0,2.2666666666666666,1.4590712418826193,2.0,2.0,86.66666666666667,90.0,93.33333333333333,13,43.333333333333336,5,16.666666666666664,8,26.666666666666668,1,3.3333333333333335,1,3.3333333333333335,2,6.666666666666667,2.4,1.624807680927192,2.0,2.0,80.0,86.66666666666667,90.0,13,43.333333333333336,5,16.666666666666664,6,20.0,2,6.666666666666667,1,3.3333333333333335,3,10.0,2.6333333333333333,1.6224124698183942,2.5,2.75,73.33333333333333,86.66666666666667,90.0,11,36.666666666666664,4,13.333333333333334,7,23.333333333333332,4,13.333333333333334,1,3.3333333333333335,3,10.0
369,True,2.6333333333333333,1.32874209519965,2.0,1.75,73.33333333333333,90.0,96.66666666666667,6,20.0,11,36.666666666666664,5,16.666666666666664,5,16.666666666666664,2,6.666666666666667,1,3.3333333333333335,2.533333333333333,1.8208667044996885,2.0,3.0,70.0,80.0,86.66666666666667,13,43.333333333333336,7,23.333333333333332,1,3.3333333333333335,3,10.0,2,6.666666666666667,4,13.333333333333334,2.533333333333333,1.687865186822955,2.0,3.0,70.0,83.33333333333334,90.0,11,36.666666666666664,9,30.0,1,3.3333333333333335,4,13.333333333333334,2,6.666666666666667,3,10.0,2.6,1.6041612554021287,2.0,2.75,73.33333333333333,86.66666666666667,90.0,10,33.33333333333333,7,23.333333333333332,5,16.666666666666664,4,13.333333333333334,1,3.3333333333333335,3,10.0
370,True,2.6666666666666665,1.3984117975602022,3.0,1.75,80.0,90.0,93.33333333333333,8,26.666666666666668,5,16.666666666666664,11,36.666666666666664,3,10.0,1,3.3333333333333335,2,6.666666666666667,2.3666666666666667,1.5807874268505833,2.0,2.0,76.66666666666667,86.66666666666667,93.33333333333333,13,43.333333333333336,6,20.0,4,13.333333333333334,3,10.0,2,6.666666666666667,2,6.666666666666667,2.533333333333333,1.7269111795984824,2.0,2.0,76.66666666666667,83.33333333333334,86.66666666666667,12,40.0,6,20.0,5,16.666666666666664,2,6.666666666666667,1,3.3333333333333335,4,13.333333333333334,2.566666666666667,1.5205992970609392,2.0,2.0,80.0,83.33333333333334,93.33333333333333,9,30.0,8,26.666666666666668,7,23.333333333333332,1,3.3333333333333335,3,10.0,2,6.666666666666667
371,True,2.8333333333333335,1.4851112939963644,3.0,2.75,63.33333333333333,90.0,93.33333333333333,8,26.666666666666668,5,16.666666666666664,6,20.0,8,26.666666666666668,1,3.3333333333333335,2,6.666666666666667,2.566666666666667,1.5849991237291652,2.0,3.0,66.66666666666666,90.0,93.33333333333333,12,40.0,4,13.333333333333334,4,13.333333333333334,7,23.333333333333332,1,3.3333333333333335,2,6.666666666666667,2.6666666666666665,1.7191729277636836,2.5,3.0,70.0,86.66666666666667,86.66666666666667,12,40.0,3,10.0,6,20.0,5,16.666666666666664,0,0.0,4,13.333333333333334,2.7333333333333334,1.4360439485692011,3.0,3.0,70.0,93.33333333333333,93.33333333333333,9,30.0,3,10.0,9,30.0,7,23.333333333333332,0,0.0,2,6.666666666666667
372,True,2.566666666666667,1.4761059883656353,2.0,1.0,83.33333333333334,86.66666666666667,90.0,7,23.333333333333332,11,36.666666666666664,7,23.333333333333332,1,3.3333333333333335,1,3.3333333333333335,3,10.0,2.1333333333333333,1.4544949486180951,2.0,2.0,86.66666666666667,90.0,93.33333333333333,14,46.666666666666664,7,23.333333333333332,5,16.666666666666664,1,3.3333333333333335,1,3.3333333333333335,2,6.666666666666667,2.466666666666667,1.7650936393164969,2.0,2.0,80.0,80.0,86.66666666666667,13,43.333333333333336,6,20.0,5,16.666666666666664,0,0.0,2,6.666666666666667,4,13.333333333333334,2.7666666666666666,1.8740923729160797,2.0,2.75,73.33333333333333,76.66666666666667,80.0,10,33.33333333333333,8,26.666666666666668,4,13.333333333333334,1,3.3333333333333335,1,3.3333333333333335,6,20.0
373,True,2.7,1.530795000427338,2.5,1.75,76.66666666666667,86.66666666666667,90.0,8,26.666666666666668,7,23.333333333333332,8,26.666666666666668,3,10.0,1,3.3333333333333335,3,10.0,2.2666666666666666,1.590248058916875,2.0,2.0,80.0,90.0,90.0,14,46.666666666666664,6,20.0,4,13.333333333333334,3,10.0,0,0.0,3,10.0,2.3333333333333335,1.6193277068654826,2.0,2.0,80.0,86.66666666666667,90.0,13,43.333333333333336,7,23.333333333333332,4,13.333333333333334,2,6.666666666666667,1,3.3333333333333335,3,10.0,2.9,1.9209372712298547,2.0,3.0,70.0,76.66666666666667,76.66666666666667,10,33.33333333333333,6,20.0,5,16.666666666666664,2,6.666666666666667,0,0.0,7,23.333333333333332
374,True,2.7666666666666666,1.5849991237291652,2.0,1.75,73.33333333333333,86.66666666666667,86.66666666666667,7,23.333333333333332,9,30.0,6,20.0,4,13.333333333333334,0,0.0,4,13.333333333333334,2.1333333333333333,1.586050300449376,1.0,2.0,83.33333333333334,90.0,90.0,16,53.333333333333336,5,16.666666666666664,4,13.333333333333334,2,6.666666666666667,0,0.0,3,10.0,2.3,1.7156145643277028,1.5,2.0,80.0,86.66666666666667,86.66666666666667,15,50.0,5,16.666666666666664,4,13.333333333333334,2,6.666666666666667,0,0.0,4,13.333333333333334,2.6333333333333333,1.9745604292826515,2.0,2.0,76.66666666666667,76.66666666666667,76.66666666666667,13,43.333333333333336,6,20.0,4,13.333333333333334,0,0.0,0,0.0,7,23.333333333333332
375,True,2.2333333333333334,1.3337499349161703,2.0,2.0,86.66666666666667,93.33333333333333,93.33333333333333,10,33.33333333333333,11,36.666666666666664,5,16.666666666666664,2,6.666666666666667,0,0.0,2,6.666666666666667,2.033333333333333,1.4255603186895398,1.5,1.0,83.33333333333334,93.33333333333333,93.33333333333333,15,50.0,8,26.666666666666668,2,6.666666666666667,3,10.0,0,0.0,2,6.666666666666667,2.1,1.556705923844749,1.5,1.0,83.33333333333334,90.0,90.0,15,50.0,8,26.666666666666668,2,6.666666666666667,2,6.666666666666667,0,0.0,3,10.0,2.2666666666666666,1.4817407180595246,2.0,2.0,80.0,90.0,93.33333333333333,12,40.0,9,30.0,3,10.0,3,10.0,1,3.3333333333333335,2,6.666666666666667
376,True,2.533333333333333,1.2578641509408806,3.0,2.0,76.66666666666667,93.33333333333333,100.0,9,30.0,5,16.666666666666664,9,30.0,5,16.666666666666664,2,6.666666666666667,0,0.0,2.3333333333333335,1.6193277068654823,2.0,2.0,80.0,86.66666666666667,90.0,13,43.333333333333336,7,23.333333333333332,4,13.333333333333334,2,6.666666666666667,1,3.3333333333333335,3,10.0,2.566666666666667,1.8562207723101138,2.0,2.75,73.33333333333333,80.0,83.33333333333334,13,43.333333333333336,6,20.0,3,10.0,2,6.666666666666667,1,3.3333333333333335,5,16.666666666666664,2.7,1.7540429489230491,2.0,2.75,73.33333333333333,83.33333333333334,83.33333333333334,10,33.33333333333333,7,23.333333333333332,5,16.666666666666664,3,10.0,0,0.0,5,16.666666666666664
377,True,2.6,1.6041612554021285,2.0,1.75,76.66666666666667,86.66666666666667,86.66666666666667,8,26.666666666666668,11,36.666666666666664,4,13.333333333333334,3,10.0,0,0.0,4,13.333333333333334,2.2,1.4922019523732928,2.0,1.75,80.0,90.0,93.33333333333333,13,43.333333333333336,9,30.0,2,6.666666666666667,3,10.0,1,3.3333333333333335,2,6.666666666666667,2.433333333333333,1.8015425489162211,2.0,2.0,76.66666666666667,83.33333333333334,83.33333333333334,13,43.333333333333336,8,26.666666666666668,2,6.666666666666667,2,6.666666666666667,0,0.0,5,16.666666666666664,2.2,1.3515423288475528,2.0,2.0,80.0,93.33333333333333,96.66666666666667,12,40.0,9,30.0,3,10.0,4,13.333333333333334,1,3.3333333333333335,1,3.3333333333333335
378,True,2.3333333333333335,1.5129074290546956,2.0,2.75,73.33333333333333,93.33333333333333,93.33333333333333,13,43.333333333333336,6,20.0,3,10.0,6,20.0,0,0.0,2,6.666666666666667,2.033333333333333,1.8162843634433703,1.0,1.0,80.0,83.33333333333334,86.66666666666667,21,70.0,2,6.666666666666667,1,3.3333333333333335,1,3.3333333333333335,1,3.3333333333333335,4,13.333333333333334,2.1666666666666665,1.771690968789108,1.0,1.75,80.0,80.0,90.0,18,60.0,4,13.333333333333334,2,6.666666666666667,0,0.0,3,10.0,3,10.0,2.3,1.69607389776114,1.5,2.0,76.66666666666667,80.0,93.33333333333333,15,50.0,6,20.0,2,6.666666666666667,1,3.3333333333333335,4,13.333333333333334,2,6.666666666666667
379,True,2.433333333333333,1.5423647068345698,2.0,2.0,83.33333333333334,86.66666666666667,90.0,10,33.33333333333333,9,30.0,6,20.0,1,3.3333333333333335,1,3.3333333333333335,3,10.0,2.066666666666667,1.6918103387266026,1.0,1.0,83.33333333333334,83.33333333333334,90.0,18,60.0,5,16.666666666666664,2,6.666666666666667,0,0.0,2,6.666666666666667,3,10.0,2.1333333333333333,1.8208667044996885,1.0,1.0,83.33333333333334,83.33333333333334,83.33333333333334,18,60.0,5,16.666666666666664,2,6.666666666666667,0,0.0,0,0.0,5,16.666666666666664,2.066666666666667,1.4360439485692011,1.5,1.75,86.66666666666667,86.66666666666667,96.66666666666667,15,50.0,7,23.333333333333332,4,13.333333333333334,0,0.0,3,10.0,1,3.3333333333333335
380,True,2.6,1.451436070471816,2.0,2.75,73.33333333333333,86.66666666666667,96.66666666666667,9,30.0,7,23.333333333333332,6,20.0,4,13.333333333333334,3,10.0,1,3.3333333333333335,2.2333333333333334,1.4067298564006128,2.0,2.0,83.33333333333334,93.33333333333333,93.33333333333333,12,40.0,8,26.666666666666668,5,16.666666666666664,3,10.0,0,0.0,2,6.666666666666667,2.5,1.6683325008322931,2.0,2.0,76.66666666666667,86.66666666666667,86.66666666666667,11,36.666666666666664,8,26.666666666666668,4,13.333333333333334,3,10.0,0,0.0,4,13.333333333333334,2.533333333333333,1.586050300449376,2.0,2.0,76.66666666666667,86.66666666666667,90.0,10,33.33333333333333,8,26.666666666666668,5,16.666666666666664,3,10.0,1,3.3333333333333335,3,10.0
381,True,2.7,1.5524174696260025,3.0,2.75,73.33333333333333,90.0,90.0,10,33.33333333333333,3,10.0,9,30.0,5,16.666666666666664,0,0.0,3,10.0,2.4,1.4742229591663987,2.0,2.0,76.66666666666667,90.0,96.66666666666667,13,43.333333333333336,3,10.0,7,23.333333333333332,4,13.333333333333334,2,6.666666666666667,1,3.3333333333333335,2.6,1.6653327995729064,2.5,2.0,76.66666666666667,83.33333333333334,90.0,12,40.0,3,10.0,8,26.666666666666668,2,6.666666666666667,2,6.666666666666667,3,10.0,2.7,1.5307950004273378,3.0,2.75,73.33333333333333,86.66666666666667,93.33333333333333,10,33.33333333333333,3,10.0,9,30.0,4,13.333333333333334,2,6.666666666666667,2,6.666666666666667
382,True,2.7,1.3940349110884325,3.0,2.75,70.0,90.0,96.66666666666667,8,26.666666666666668,6,20.0,7,23.333333333333332,6,20.0,2,6.666666666666667,1,3.3333333333333335,2.3666666666666667,1.7603661235347858,1.5,2.0,76.66666666666667,80.0,90.0,15,50.0,5,16.666666666666664,3,10.0,1,3.3333333333333335,3,10.0,3,10.0,2.566666666666667,1.8740923729160797,2.0,3.0,66.66666666666666,83.33333333333334,83.33333333333334,14,46.666666666666664,5,16.666666666666664,1,3.3333333333333335,5,16.666666666666664,0,0.0,5,16.666666666666664,2.8,1.92180470738661,2.0,3.75,66.66666666666666,73.33333333333333,83.33333333333334,12,40.0,5,16.666666666666664,3,10.0,2,6.666666666666667,3,10.0,5,16.666666666666664
383,True,2.533333333333333,1.8024674446127702,2.0,2.0,80.0,80.0,83.33333333333334,12,40.0,7,23.333333333333332,5,16.666666666666664,0,0.0,1,3.3333333333333335,5,16.666666666666664,2.033333333333333,1.5595583420386114,1.0,1.0,83.33333333333334,86.66666666666667,93.33333333333333,17,56.666666666666664,6,20.0,2,6.666666666666667,1,3.3333333333333335,2,6.666666666666667,2,6.666666666666667,2.466666666666667,1.9618585292749549,1.5,2.0,76.66666666666667,76.66666666666667,80.0,15,50.0,6,20.0,2,6.666666666666667,0,0.0,1,3.3333333333333335,6,20.0,2.3666666666666667,1.7792008193443358,1.5,2.0,76.66666666666667,83.33333333333334,86.66666666666667,15,50.0,5,16.666666666666664,3,10.0,2,6.666666666666667,1,3.3333333333333335,4,13.333333333333334
384,True,3.1,1.5567059238447487,3.0,2.0,63.33333333333333,83.33333333333334,86.66666666666667,5,16.666666666666664,7,23.333333333333332,7,23.333333333333332,6,20.0,1,3.3333333333333335,4,13.333333333333334,2.5,1.6881943016134133,2.0,2.75,73.33333333333333,83.33333333333334,90.0,12,40.0,7,23.333333333333332,3,10.0,3,10.0,2,6.666666666666667,3,10.0,2.533333333333333,1.6069294390925268,2.0,2.75,73.33333333333333,83.33333333333334,93.33333333333333,11,36.666666666666664,7,23.333333333333332,4,13.333333333333334,3,10.0,3,10.0,2,6.666666666666667,2.9,1.7578395831246947,2.5,3.0,63.33333333333333,83.33333333333334,83.33333333333334,9,30.0,6,20.0,4,13.333333333333334,6,20.0,0,0.0,5,16.666666666666664
385,True,2.8,1.5790292376436015,2.5,1.75,73.33333333333333,86.66666666666667,86.66666666666667,7,23.333333333333332,8,26.666666666666668,7,23.333333333333332,4,13.333333333333334,0,0.0,4,13.333333333333334,2.2666666666666666,1.671991493864594,1.5,2.0,76.66666666666667,86.66666666666667,90.0,15,50.0,6,20.0,2,6.666666666666667,3,10.0,1,3.3333333333333335,3,10.0,2.3666666666666667,1.6629959577688562,2.0,2.0,80.0,83.33333333333334,90.0,13,43.333333333333336,7,23.333333333333332,4,13.333333333333334,1,3.3333333333333335,2,6.666666666666667,3,10.0,2.3666666666666667,1.5380362660079103,2.0,2.0,80.0,90.0,90.0,11,36.666666666666664,9,30.0,4,13.333333333333334,3,10.0,0,0.0,3,10.0
386,True,2.9,1.7,3.0,2.75,70.0,83.33333333333334,83.33333333333334,8,26.666666666666668,6,20.0,7,23.333333333333332,4,13.333333333333334,0,0.0,5,16.666666666666664,2.4,1.6041612554021287,2.0,2.0,76.66666666666667,90.0,90.0,13,43.333333333333336,5,16.666666666666664,5,16.666666666666664,4,13.333333333333334,0,0.0,3,10.0,2.466666666666667,1.6069294390925266,2.0,2.75,73.33333333333333,90.0,90.0,12,40.0,6,20.0,4,13.333333333333334,5,16.666666666666664,0,0.0,3,10.0,2.466666666666667,1.4996295838935993,2.0,2.75,73.33333333333333,93.33333333333333,93.33333333333333,12,40.0,4,13.333333333333334,6,20.0,6,20.0,0,0.0,2,6.666666666666667
387,True,2.433333333333333,1.1455226851626388,2.0,1.0,86.66666666666667,96.66666666666667,96.66666666666667,7,23.333333333333332,9,30.0,10,33.33333333333333,3,10.0,0,0.0,1,3.3333333333333335,2.3666666666666667,1.5807874268505835,2.0,2.0,80.0,83.33333333333334,93.33333333333333,12,40.0,8,26.666666666666668,4,13.333333333333334,1,3.3333333333333335,3,10.0,2,6.666666666666667,2.533333333333333,1.6878651868229548,2.0,2.75,73.33333333333333,83.33333333333334,90.0,12,40.0,6,20.0,4,13.333333333333334,3,10.0,2,6.666666666666667,3,10.0,2.6,1.4742229591663987,2.0,1.75,76.66666666666667,86.66666666666667,93.33333333333333,8,26.666666666666668,9,30.0,6,20.0,3,10.0,2,6.666666666666667,2,6.666666666666667
388,True,2.9,1.57797338380595,3.0,1.75,73.33333333333333,80.0,90.0,7,23.333333333333332,6,20.0,9,30.0,2,6.666666666666667,3,10.0,3,10.0,2.1666666666666665,1.4395215254459457,1.5,2.0,83.33333333333334,90.0,96.66666666666667,15,50.0,4,13.333333333333334,6,20.0,2,6.666666666666667,2,6.666666666666667,1,3.3333333333333335,2.6333333333333333,1.9576062480034697,1.5,3.5,73.33333333333333,73.33333333333333,83.33333333333334,15,50.0,2,6.666666666666667,5,16.666666666666664,0,0.0,3,10.0,5,16.666666666666664,2.4,1.5620499351813308,2.0,2.0,80.0,86.66666666666667,93.33333333333333,13,43.333333333333336,4,13.333333333333334,7,23.333333333333332,2,6.666666666666667,2,6.666666666666667,2,6.666666666666667
389,True,2.6333333333333333,1.5380362660079103,3.0,2.0,76.66666666666667,90.0,90.0,10,33.33333333333333,4,13.333333333333334,9,30.0,4,13.333333333333334,0,0.0,3,10.0,2.2666666666666666,1.7876116903722563,1.0,2.0,80.0,83.33333333333334,86.66666666666667,17,56.666666666666664,3,10.0,4,13.333333333333334,1,3.3333333333333335,1,3.3333333333333335,4,13.333333333333334,2.3333333333333335,1.776388345929897,1.0,2.0,80.0,83.33333333333334,86.66666666666667,16,53.333333333333336,3,10.0,5,16.666666666666664,1,3.3333333333333335,1,3.3333333333333335,4,13.333333333333334,2.466666666666667,1.746106780494506,2.0,2.0,80.0,83.33333333333334,86.66666666666667,14,46.666666666666664,3,10.0,7,23.333333333333332,1,3.3333333333333335,1,3.3333333333333335,4,13.333333333333334
390,True,3.033333333333333,1.5162087220725544,3.0,2.0,66.66666666666666,86.66666666666667,86.66666666666667,5,16.666666666666664,7,23.333333333333332,8,26.666666666666668,6,20.0,0,0.0,4,13.333333333333334,2.7,1.7729448195962934,2.0,2.75,73.33333333333333,76.66666666666667,86.66666666666667,10,33.33333333333333,8,26.666666666666668,4,13.333333333333334,1,3.3333333333333335,3,10.0,4,13.333333333333334,2.9,1.8138357147217052,2.0,3.5,70.0,73.33333333333333,83.33333333333334,8,26.666666666666668,9,30.0,4,13.333333333333334,1,3.3333333333333335,3,10.0,5,16.666666666666664,3.2333333333333334,1.8381754238616315,3.0,3.0,56.666666666666664,66.66666666666666,83.33333333333334,7,23.333333333333332,7,23.333333333333332,3,10.0,3,10.0,5,16.666666666666664,5,16.666666666666664
391,True,2.2333333333333334,1.382831234179436,2.0,2.0,86.66666666666667,93.33333333333333,93.33333333333333,12,40.0,7,23.333333333333332,7,23.333333333333332,2,6.666666666666667,0,0.0,2,6.666666666666667,2.1333333333333333,1.4079141387961915,2.0,2.0,86.66666666666667,93.33333333333333,93.33333333333333,14,46.666666666666664,6,20.0,6,20.0,2,6.666666666666667,0,0.0,2,6.666666666666667,2.4,1.6653327995729064,2.0,2.75,73.33333333333333,86.66666666666667,90.0,13,43.333333333333336,7,23.333333333333332,2,6.666666666666667,4,13.333333333333334,1,3.3333333333333335,3,10.0,2.3,1.268857754044952,2.0,2.0,80.0,96.66666666666667,96.66666666666667,10,33.33333333333333,9,30.0,5,16.666666666666664,5,16.666666666666664,0,0.0,1,3.3333333333333335
392,True,2.7,1.46401275039985,2.5,2.5,73.33333333333333,83.33333333333334,96.66666666666667,8,26.666666666666668,7,23.333333333333332,7,23.333333333333332,3,10.0,4,13.333333333333334,1,3.3333333333333335,2.2333333333333334,1.7065234314893605,1.5,1.75,80.0,86.66666666666667,86.66666666666667,15,50.0,7,23.333333333333332,2,6.666666666666667,2,6.666666666666667,0,0.0,4,13.333333333333334,2.4,1.781385228784985,2.0,2.0,80.0,83.33333333333334,83.33333333333334,13,43.333333333333336,8,26.666666666666668,3,10.0,1,3.3333333333333335,0,0.0,5,16.666666666666664,2.466666666666667,1.7074997966487597,2.0,2.0,80.0,83.33333333333334,86.66666666666667,12,40.0,7,23.333333333333332,5,16.666666666666664,1,3.3333333333333335,1,3.3333333333333335,4,13.333333333333334
393,True,3.3666666666666667,1.6829207415152447,3.0,2.0,56.666666666666664,76.66666666666667,80.0,5,16.666666666666664,5,16.666666666666664,7,23.333333333333332,6,20.0,1,3.3333333333333335,6,20.0,2.466666666666667,1.586050300449376,2.0,2.0,80.0,80.0,93.33333333333333,10,33.33333333333333,10,33.33333333333333,4,13.333333333333334,0,0.0,4,13.333333333333334,2,6.666666666666667,2.7,1.7916472867168918,2.0,2.0,76.66666666666667,76.66666666666667,83.33333333333334,9,30.0,10,33.33333333333333,4,13.333333333333334,0,0.0,2,6.666666666666667,5,16.666666666666664,2.6666666666666665,1.4907119849998596,2.0,2.75,70.0,83.33333333333334,96.66666666666667,8,26.666666666666668,9,30.0,4,13.333333333333334,4,13.333333333333334,4,13.333333333333334,1,3.3333333333333335
394,True,2.8666666666666667,1.7074997966487597,2.0,2.0,66.66666666666666,83.33333333333334,83.33333333333334,7,23.333333333333332,10,33.33333333333333,3,10.0,5,16.666666666666664,0,0.0,5,16.666666666666664,2.2333333333333334,1.6265163865007803,2.0,1.75,80.0,86.66666666666667,90.0,14,46.666666666666664,8,26.666666666666668,2,6.666666666666667,2,6.666666666666667,1,3.3333333333333335,3,10.0,2.466666666666667,1.7269111795984826,2.0,2.0,76.66666666666667,83.33333333333334,86.66666666666667,12,40.0,8,26.666666666666668,3,10.0,2,6.666666666666667,1,3.3333333333333335,4,13.333333333333334,2.7666666666666666,1.92671280221579,2.0,3.75,66.66666666666666,73.33333333333333,83.33333333333334,12,40.0,6,20.0,2,6.666666666666667,2,6.666666666666667,3,10.0,5,16.666666666666664
395,True,2.533333333333333,1.4544949486180951,2.0,2.0,76.66666666666667,86.66666666666667,96.66666666666667,10,33.33333333333333,6,20.0,7,23.333333333333332,3,10.0,3,10.0,1,3.3333333333333335,2.2666666666666666,1.6110727964792764,2.0,2.0,83.33333333333334,86.66666666666667,90.0,14,46.666666666666664,6,20.0,5,16.666666666666664,1,3.3333333333333335,1,3.3333333333333335,3,10.0,2.6666666666666665,1.7950549357115013,2.0,3.0,66.66666666666666,76.66666666666667,90.0,12,40.0,6,20.0,2,6.666666666666667,3,10.0,4,13.333333333333334,3,10.0,2.5,1.648231375343482,2.0,2.0,76.66666666666667,80.0,93.33333333333333,12,40.0,6,20.0,5,16.666666666666664,1,3.3333333333333335,4,13.333333333333334,2,6.666666666666667
396,True,2.8333333333333335,1.6141733350404335,3.0,1.75,76.66666666666667,83.33333333333334,86.66666666666667,8,26.666666666666668,5,16.666666666666664,10,33.33333333333333,2,6.666666666666667,1,3.3333333333333335,4,13.333333333333334,2.533333333333333,1.839081896551163,2.0,2.0,76.66666666666667,80.0,83.33333333333334,13,43.333333333333336,6,20.0,4,13.333333333333334,1,3.3333333333333335,1,3.3333333333333335,5,16.666666666666664,2.7333333333333334,1.8607047649270483,2.0,3.75,70.0,73.33333333333333,86.66666666666667,12,40.0,5,16.666666666666664,4,13.333333333333334,1,3.3333333333333335,4,13.333333333333334,4,13.333333333333334,2.933333333333333,1.8245242911205346,3.0,3.0,66.66666666666666,76.66666666666667,83.33333333333334,10,33.33333333333333,4,13.333333333333334,6,20.0,3,10.0,2,6.666666666666667,5,16.666666666666664
397,True,2.466666666666667,1.2310790208412925,2.0,1.0,76.66666666666667,96.66666666666667,96.66666666666667,7,23.333333333333332,11,36.666666666666664,5,16.666666666666664,6,20.0,0,0.0,1,3.3333333333333335,2.3666666666666667,1.5162087220725546,2.0,1.75,83.33333333333334,86.66666666666667,90.0,9,30.0,13,43.333333333333336,3,10.0,1,3.3333333333333335,1,3.3333333333333335,3,10.0,2.6,1.6041612554021285,2.0,1.75,76.66666666666667,86.66666666666667,86.66666666666667,8,26.666666666666668,11,36.666666666666664,4,13.333333333333334,3,10.0,0,0.0,4,13.333333333333334,3.066666666666667,1.8245242911205344,2.0,2.75,70.0,73.33333333333333,76.66666666666667,5,16.666666666666664,12,40.0,4,13.333333333333334,1,3.3333333333333335,1,3.3333333333333335,7,23.333333333333332
398,True,2.2666666666666666,1.3888444437333107,2.0,2.0,86.66666666666667,90.0,93.33333333333333,10,33.33333333333333,11,36.666666666666664,5,16.666666666666664,1,3.3333333333333335,1,3.3333333333333335,2,6.666666666666667,2.1,1.445683229480096,2.0,1.75,86.66666666666667,90.0,93.33333333333333,14,46.666666666666664,8,26.666666666666668,4,13.333333333333334,1,3.3333333333333335,1,3.3333333333333335,2,6.666666666666667,2.033333333333333,1.1396880664852507,2.0,1.0,90.0,96.66666666666667,96.66666666666667,11,36.666666666666664,12,40.0,4,13.333333333333334,2,6.666666666666667,0,0.0,1,3.3333333333333335,2.1666666666666665,1.2133516482134197,2.0,2.0,83.33333333333334,93.33333333333333,100.0,11,36.666666666666664,10,33.33333333333333,4,13.333333333333334,3,10.0,2,6.666666666666667,0,0.0
399,True,2.966666666666667,1.5595583420386114,2.5,1.75,73.33333333333333,80.0,86.66666666666667,4,13.333333333333334,11,36.666666666666664,7,23.333333333333332,2,6.666666666666667,2,6.666666666666667,4,13.333333333333334,2.3666666666666667,1.3780017739062926,2.0,2.0,76.66666666666667,93.33333333333333,96.66666666666667,11,36.666666666666664,7,23.333333333333332,5,16.666666666666664,5,16.666666666666664,1,3.3333333333333335,1,3.3333333333333335,2.6333333333333333,1.6428295373802142,2.0,2.75,73.33333333333333,86.66666666666667,86.66666666666667,9,30.0,9,30.0,4,13.333333333333334,4,13.333333333333334,0,0.0,4,13.333333333333334,2.8333333333333335,1.654958878307521,2.5,2.75,70.0,83.33333333333334,86.66666666666667,8,26.666666666666668,7,23.333333333333332,6,20.0,4,13.333333333333334,1,3.3333333333333335,4,13.333333333333334
400,True,2.8,1.4236104336041748,3.0,2.0,70.0,90.0,93.33333333333333,7,23.333333333333332,6,20.0,8,26.666666666666668,6,20.0,1,3.3333333333333335,2,6.666666666666667,2.6333333333333333,1.7603661235347858,2.0,2.75,73.33333333333333,80.0,86.66666666666667,11,36.666666666666664,7,23.333333333333332,4,13.333333333333334,2,6.666666666666667,2,6.666666666666667,4,13.333333333333334,2.7333333333333334,1.6519348924485155,2.0,2.75,73.33333333333333,80.0,90.0,9,30.0,7,23.333333333333332,6,20.0,2,6.666666666666667,3,10.0,3,10.0,3.066666666666667,1.8607047649270483,2.5,3.5,63.33333333333333,73.33333333333333,80.0,8,26.666666666666668,7,23.333333333333332,4,13.333333333333334,3,10.0,2,6.666666666666667,6,20.0
401,True,3.0,1.6931233465600393,2.5,2.0,60.0,80.0,86.66666666666667,7,23.333333333333332,8,26.666666666666668,3,10.0,6,20.0,2,6.666666666666667,4,13.333333333333334,2.433333333333333,1.7259457954666155,2.0,2.0,76.66666666666667,80.0,90.0,13,43.333333333333336,7,23.333333333333332,3,10.0,1,3.3333333333333335,3,10.0,3,10.0,2.533333333333333,1.687865186822955,2.0,2.75,73.33333333333333,83.33333333333334,90.0,12,40.0,6,20.0,4,13.333333333333334,3,10.0,2,6.666666666666667,3,10.0,2.6333333333333333,1.5595583420386114,2.0,2.75,73.33333333333333,83.33333333333334,93.33333333333333,9,30.0,8,26.666666666666668,5,16.666666666666664,3,10.0,3,10.0,2,6.666666666666667
402,True,2.8,1.7009801096230763,3.0,3.0,63.33333333333333,83.33333333333334,90.0,11,36.666666666666664,3,10.0,5,16.666666666666664,6,20.0,2,6.666666666666667,3,10.0,2.3666666666666667,1.7413277182145301,1.5,2.75,73.33333333333333,83.33333333333334,90.0,15,50.0,5,16.666666666666664,2,6.666666666666667,3,10.0,2,6.666666666666667,3,10.0,2.466666666666667,1.8208667044996885,2.0,2.75,73.33333333333333,80.0,86.66666666666667,14,46.666666666666664,6,20.0,2,6.666666666666667,2,6.666666666666667,2,6.666666666666667,4,13.333333333333334,2.6,1.6852299546352718,2.0,3.0,66.66666666666666,86.66666666666667,90.0,12,40.0,5,16.666666666666664,3,10.0,6,20.0,1,3.3333333333333335,3,10.0
403,True,2.7,1.3453624047073711,3.0,1.0,76.66666666666667,93.33333333333333,93.33333333333333,7,23.333333333333332,6,20.0,10,33.33333333333333,5,16.666666666666664,0,0.0,2,6.666666666666667,2.3333333333333335,1.6599866130651644,1.5,2.75,73.33333333333333,90.0,90.0,15,50.0,4,13.333333333333334,3,10.0,5,16.666666666666664,0,0.0,3,10.0,2.6,1.8366636418607882,2.0,3.0,70.0,83.33333333333334,83.33333333333334,13,43.333333333333336,5,16.666666666666664,3,10.0,4,13.333333333333334,0,0.0,5,16.666666666666664,2.5,1.7272328544042153,2.0,2.75,73.33333333333333,86.66666666666667,86.66666666666667,13,43.333333333333336,5,16.666666666666664,4,13.333333333333334,4,13.333333333333334,0,0.0,4,13.333333333333334
404,True,2.933333333333333,1.2892719737209146,3.0,1.75,73.33333333333333,86.66666666666667,93.33333333333333,2,6.666666666666667,12,40.0,8,26.666666666666668,4,13.333333333333334,2,6.666666666666667,2,6.666666666666667,2.6666666666666665,1.679947089113887,2.0,1.75,76.66666666666667,80.0,86.66666666666667,8,26.666666666666668,11,36.666666666666664,4,13.333333333333334,1,3.3333333333333335,2,6.666666666666667,4,13.333333333333334,2.8333333333333335,1.8454147380888546,2.0,2.5,73.33333333333333,73.33333333333333,80.0,7,23.333333333333332,13,43.333333333333336,2,6.666666666666667,0,0.0,2,6.666666666666667,6,20.0,2.966666666666667,1.760366123534786,2.0,3.0,66.66666666666666,70.0,86.66666666666667,6,20.0,12,40.0,2,6.666666666666667,1,3.3333333333333335,5,16.666666666666664,4,13.333333333333334
405,True,2.933333333333333,1.412641340027806,2.5,2.0,70.0,86.66666666666667,90.0,3,10.0,12,40.0,6,20.0,5,16.666666666666664,1,3.3333333333333335,3,10.0,2.4,1.6653327995729061,2.0,2.0,80.0,86.66666666666667,86.66666666666667,12,40.0,8,26.666666666666668,4,13.333333333333334,2,6.666666666666667,0,0.0,4,13.333333333333334,2.4,1.624807680927192,2.0,1.75,80.0,86.66666666666667,86.66666666666667,10,33.33333333333333,12,40.0,2,6.666666666666667,2,6.666666666666667,0,0.0,4,13.333333333333334,2.5,1.52206000757745,2.0,2.0,76.66666666666667,90.0,90.0,9,30.0,10,33.33333333333333,4,13.333333333333334,4,13.333333333333334,0,0.0,3,10.0
406,True,2.5,1.5864005379054391,2.0,2.0,76.66666666666667,86.66666666666667,90.0,10,33.33333333333333,9,30.0,4,13.333333333333334,3,10.0,1,3.3333333333333335,3,10.0,2.1,1.7194960502038572,1.0,1.0,80.0,83.33333333333334,90.0,18,60.0,5,16.666666666666664,1,3.3333333333333335,1,3.3333333333333335,2,6.666666666666667,3,10.0,2.1,1.6802777548171413,1.0,1.75,80.0,86.66666666666667,90.0,18,60.0,4,13.333333333333334,2,6.666666666666667,2,6.666666666666667,1,3.3333333333333335,3,10.0,2.566666666666667,1.8015425489162211,2.0,3.0,70.0,80.0,86.66666666666667,12,40.0,8,26.666666666666668,1,3.3333333333333335,3,10.0,2,6.666666666666667,4,13.333333333333334
407,True,2.5,1.1474609652039003,2.0,1.0,80.0,96.66666666666667,96.66666666666667,5,16.666666666666664,13,43.333333333333336,6,20.0,5,16.666666666666664,0,0.0,1,3.3333333333333335,2.3666666666666667,1.6428295373802142,2.0,2.75,73.33333333333333,90.0,90.0,14,46.666666666666664,5,16.666666666666664,3,10.0,5,16.666666666666664,0,0.0,3,10.0,2.6,1.8366636418607882,2.0,3.0,70.0,83.33333333333334,83.33333333333334,13,43.333333333333336,5,16.666666666666664,3,10.0,4,13.333333333333334,0,0.0,5,16.666666666666664,2.7333333333333334,1.6519348924485155,2.0,2.0,70.0,83.33333333333334,86.66666666666667,7,23.333333333333332,12,40.0,2,6.666666666666667,4,13.333333333333334,1,3.3333333333333335,4,13.333333333333334
408,True,2.533333333333333,1.4313940369055926,2.0,1.75,76.66666666666667,90.0,93.33333333333333,8,26.666666666666668,10,33.33333333333333,5,16.666666666666664,4,13.333333333333334,1,3.3333333333333335,2,6.666666666666667,2.3,1.5088627063675035,2.0,2.0,83.33333333333334,86.66666666666667,93.33333333333333,12,40.0,8,26.666666666666668,5,16.666666666666664,1,3.3333333333333335,2,6.666666666666667,2,6.666666666666667,2.566666666666667,1.6669999666733315,2.0,2.0,76.66666666666667,80.0,90.0,10,33.33333333333333,9,30.0,4,13.333333333333334,1,3.3333333333333335,3,10.0,3,10.0,2.5,1.52206000757745,2.0,2.0,76.66666666666667,86.66666666666667,93.33333333333333,10,33.33333333333333,8,26.666666666666668,5,16.666666666666664,3,10.0,2,6.666666666666667,2,6.666666666666667
409,True,2.7333333333333334,1.5040685563571303,2.5,1.0,76.66666666666667,86.66666666666667,90.0,7,23.333333333333332,8,26.666666666666668,8,26.666666666666668,3,10.0,1,3.3333333333333335,3,10.0,2.3666666666666667,1.682920741515245,2.0,2.0,76.66666666666667,83.33333333333334,90.0,13,43.333333333333336,8,26.666666666666668,2,6.666666666666667,2,6.666666666666667,2,6.666666666666667,3,10.0,2.6,1.724335620850342,2.0,2.75,73.33333333333333,83.33333333333334,86.66666666666667,11,36.666666666666664,7,23.333333333333332,4,13.333333333333334,3,10.0,1,3.3333333333333335,4,13.333333333333334,2.6666666666666665,1.903213656482693,2.0,3.0,70.0,80.0,80.0,12,40.0,7,23.333333333333332,2,6.666666666666667,3,10.0,0,0.0,6,20.0
410,True,2.7,1.242309676905615,3.0,1.0,76.66666666666667,93.33333333333333,96.66666666666667,6,20.0,7,23.333333333333332,10,33.33333333333333,5,16.666666666666664,1,3.3333333333333335,1,3.3333333333333335,2.5,1.6881943016134133,2.0,2.75,73.33333333333333,83.33333333333334,90.0,12,40.0,7,23.333333333333332,3,10.0,3,10.0,2,6.666666666666667,3,10.0,2.5,1.6072751268321592,2.0,3.0,70.0,86.66666666666667,93.33333333333333,12,40.0,6,20.0,3,10.0,5,16.666666666666664,2,6.666666666666667,2,6.666666666666667,2.9,1.8502252115170554,3.0,3.0,66.66666666666666,76.66666666666667,83.33333333333334,11,36.666666666666664,3,10.0,6,20.0,3,10.0,2,6.666666666666667,5,16.666666666666664
411,True,2.8666666666666667,1.4996295838935991,3.0,2.75,66.66666666666666,86.66666666666667,93.33333333333333,8,26.666666666666668,4,13.333333333333334,8,26.666666666666668,6,20.0,2,6.666666666666667,2,6.666666666666667,2.5,1.6072751268321592,2.0,2.0,76.66666666666667,83.33333333333334,93.33333333333333,12,40.0,5,16.666666666666664,6,20.0,2,6.666666666666667,3,10.0,2,6.666666666666667,2.7333333333333334,1.8061622912192088,2.0,2.75,73.33333333333333,80.0,83.33333333333334,11,36.666666666666664,5,16.666666666666664,6,20.0,2,6.666666666666667,1,3.3333333333333335,5,16.666666666666664,3.033333333333333,1.5162087220725546,3.0,2.0,63.33333333333333,83.33333333333334,90.0,5,16.666666666666664,8,26.666666666666668,6,20.0,6,20.0,2,6.666666666666667,3,10.0
412,True,2.933333333333333,1.5260697523012796,3.0,1.75,73.33333333333333,83.33333333333334,90.0,7,23.333333333333332,4,13.333333333333334,11,36.666666666666664,3,10.0,2,6.666666666666667,3,10.0,2.5,1.5438048235879214,2.0,2.0,80.0,83.33333333333334,93.33333333333333,10,33.33333333333333,8,26.666666666666668,6,20.0,1,3.3333333333333335,3,10.0,2,6.666666666666667,2.9,1.8681541692269406,2.0,3.5,73.33333333333333,73.33333333333333,80.0,9,30.0,7,23.333333333333332,6,20.0,0,0.0,2,6.666666666666667,6,20.0,2.7333333333333334,1.569146972791976,2.0,2.5,73.33333333333333,80.0,93.33333333333333,8,26.666666666666668,8,26.666666666666668,6,20.0,2,6.666666666666667,4,13.333333333333334,2,6.666666666666667
413,True,2.7,1.5737428845483834,2.5,3.0,66.66666666666666,86.66666666666667,93.33333333333333,10,33.33333333333333,5,16.666666666666664,5,16.666666666666664,6,20.0,2,6.666666666666667,2,6.666666666666667,2.2666666666666666,1.7876116903722563,1.0,2.0,76.66666666666667,80.0,90.0,17,56.666666666666664,4,13.333333333333334,2,6.666666666666667,1,3.3333333333333335,3,10.0,3,10.0,2.433333333333333,1.8381754238616315,2.0,2.0,76.66666666666667,76.66666666666667,86.66666666666667,14,46.666666666666664,7,23.333333333333332,2,6.666666666666667,0,0.0,3,10.0,4,13.333333333333334,2.7333333333333334,1.8785337071473829,2.0,3.0,70.0,76.66666666666667,83.33333333333334,12,40.0,5,16.666666666666664,4,13.333333333333334,2,6.666666666666667,2,6.666666666666667,5,16.666666666666664
414,True,2.7333333333333334,1.1813363431112898,3.0,2.0,70.0,93.33333333333333,100.0,5,16.666666666666664,9,30.0,7,23.333333333333332,7,23.333333333333332,2,6.666666666666667,0,0.0,2.6666666666666665,1.5776212754932308,3.0,3.0,70.0,86.66666666666667,93.33333333333333,11,36.666666666666664,3,10.0,7,23.333333333333332,5,16.666666666666664,2,6.666666666666667,2,6.666666666666667,2.7666666666666666,1.6468825769380835,3.0,2.75,73.33333333333333,86.66666666666667,86.66666666666667,10,33.33333333333333,3,10.0,9,30.0,4,13.333333333333334,0,0.0,4,13.333333333333334,3.066666666666667,1.6316317667360554,3.0,2.75,56.666666666666664,86.66666666666667,86.66666666666667,8,26.666666666666668,3,10.0,6,20.0,9,30.0,0,0.0,4,13.333333333333334
415,True,2.8666666666666667,1.2578641509408803,3.0,2.0,66.66666666666666,93.33333333333333,96.66666666666667,5,16.666666666666664,7,23.333333333333332,8,26.666666666666668,8,26.666666666666668,1,3.3333333333333335,1,3.3333333333333335,2.5,1.6881943016134133,2.0,2.75,73.33333333333333,86.66666666666667,90.0,14,46.666666666666664,2,6.666666666666667,6,20.0,4,13.333333333333334,1,3.3333333333333335,3,10.0,2.6,1.8,2.0,3.0,70.0,83.33333333333334,86.66666666666667,14,46.666666666666664,2,6.666666666666667,5,16.666666666666664,4,13.333333333333334,1,3.3333333333333335,4,13.333333333333334,2.9,1.7953644012660308,3.0,3.0,66.66666666666666,80.0,83.33333333333334,10,33.33333333333333,4,13.333333333333334,6,20.0,4,13.333333333333334,1,3.3333333333333335,5,16.666666666666664
416,True,2.933333333333333,1.6110727964792764,3.0,2.0,66.66666666666666,80.0,90.0,7,23.333333333333332,7,23.333333333333332,6,20.0,4,13.333333333333334,3,10.0,3,10.0,2.2666666666666666,1.4590712418826193,2.0,2.0,80.0,86.66666666666667,96.66666666666667,12,40.0,9,30.0,3,10.0,2,6.666666666666667,3,10.0,1,3.3333333333333335,2.433333333333333,1.6265163865007801,2.0,2.0,80.0,83.33333333333334,90.0,11,36.666666666666664,9,30.0,4,13.333333333333334,1,3.3333333333333335,2,6.666666666666667,3,10.0,2.566666666666667,1.6265163865007803,2.0,2.75,73.33333333333333,86.66666666666667,90.0,11,36.666666666666664,6,20.0,5,16.666666666666664,4,13.333333333333334,1,3.3333333333333335,3,10.0
417,True,2.3666666666666667,1.5595583420386112,2.0,2.0,83.33333333333334,86.66666666666667,90.0,11,36.666666666666664,9,30.0,5,16.666666666666664,1,3.3333333333333335,1,3.3333333333333335,3,10.0,2.2,1.7962924780409975,1.0,2.0,80.0,83.33333333333334,86.66666666666667,18,60.0,3,10.0,3,10.0,1,3.3333333333333335,1,3.3333333333333335,4,13.333333333333334,2.2,1.661324772583615,1.0,2.0,80.0,86.66666666666667,90.0,16,53.333333333333336,5,16.666666666666664,3,10.0,2,6.666666666666667,1,3.3333333333333335,3,10.0,2.3666666666666667,1.7413277182145301,2.0,2.0,80.0,83.33333333333334,86.66666666666667,14,46.666666666666664,6,20.0,4,13.333333333333334,1,3.3333333333333335,1,3.3333333333333335,4,13.333333333333334
418,True,2.6,1.5620499351813308,2.0,2.5,73.33333333333333,86.66666666666667,90.0,8,26.666666666666668,11,36.666666666666664,3,10.0,4,13.333333333333334,1,3.3333333333333335,3,10.0,2.1333333333333333,1.7074997966487597,1.0,1.75,83.33333333333334,86.66666666666667,86.66666666666667,17,56.666666666666664,5,16.666666666666664,3,10.0,1,3.3333333333333335,0,0.0,4,13.333333333333334,2.3333333333333335,1.8135294011647258,1.5,2.0,80.0,83.33333333333334,83.33333333333334,15,50.0,6,20.0,3,10.0,1,3.3333333333333335,0,0.0,5,16.666666666666664,2.566666666666667,1.7641491496532322,2.0,3.0,70.0,83.33333333333334,86.66666666666667,12,40.0,7,23.333333333333332,2,6.666666666666667,4,13.333333333333334,1,3.3333333333333335,4,13.333333333333334
419,True,2.6333333333333333,1.4255603186895398,2.0,1.0,76.66666666666667,83.33333333333334,96.66666666666667,7,23.333333333333332,10,33.33333333333333,6,20.0,2,6.666666666666667,4,13.333333333333334,1,3.3333333333333335,2.533333333333333,1.6679994670929073,2.0,2.75,73.33333333333333,83.33333333333334,90.0,11,36.666666666666664,8,26.666666666666668,3,10.0,3,10.0,2,6.666666666666667,3,10.0,2.6333333333333333,1.682920741515245,2.0,2.0,76.66666666666667,83.33333333333334,86.66666666666667,10,33.33333333333333,7,23.333333333333332,6,20.0,2,6.666666666666667,1,3.3333333333333335,4,13.333333333333334,2.6333333333333333,1.4715826703096078,2.5,3.0,66.66666666666666,90.0,96.66666666666667,10,33.33333333333333,5,16.666666666666664,5,16.666666666666664,7,23.333333333333332,2,6.666666666666667,1,3.3333333333333335
420,True,3.2333333333333334,1.3337499349161703,3.0,1.0,63.33333333333333,83.33333333333334,93.33333333333333,4,13.333333333333334,3,10.0,12,40.0,6,20.0,3,10.0,2,6.666666666666667,2.9,1.7194960502038572,2.0,2.0,70.0,80.0,83.33333333333334,7,23.333333333333332,9,30.0,5,16.666666666666664,3,10.0,1,3.3333333333333335,5,16.666666666666664,3.066666666666667,1.7499206331208916,3.0,3.0,66.66666666666666,70.0,86.66666666666667,7,23.333333333333332,7,23.333333333333332,6,20.0,1,3.3333333333333335,5,16.666666666666664,4,13.333333333333334,3.2,1.6411378166788229,3.0,2.0,60.0,80.0,83.33333333333334,5,16.666666666666664,7,23.333333333333332,6,20.0,6,20.0,1,3.3333333333333335,5,16.666666666666664
421,True,2.566666666666667,1.54236470683457,2.5,3.0,66.66666666666666,93.33333333333333,93.33333333333333,12,40.0,3,10.0,5,16.666666666666664,8,26.666666666666668,0,0.0,2,6.666666666666667,2.2,1.5790292376436015,1.0,2.0,76.66666666666667,90.0,93.33333333333333,16,53.333333333333336,4,13.333333333333334,3,10.0,4,13.333333333333334,1,3.3333333333333335,2,6.666666666666667,2.6,1.9252705437591537,1.5,3.0,66.66666666666666,80.0,83.33333333333334,15,50.0,3,10.0,2,6.666666666666667,4,13.333333333333334,1,3.3333333333333335,5,16.666666666666664,2.7333333333333334,1.7688665548562132,2.0,3.0,70.0,80.0,86.66666666666667,11,36.666666666666664,5,16.666666666666664,5,16.666666666666664,3,10.0,2,6.666666666666667,4,13.333333333333334
422,True,2.466666666666667,1.1756794725698931,2.0,1.0,80.0,96.66666666666667,96.66666666666667,6,20.0,12,40.0,6,20.0,5,16.666666666666664,0,0.0,1,3.3333333333333335,2.566666666666667,1.8199511592958264,2.0,2.0,76.66666666666667,80.0,83.33333333333334,12,40.0,7,23.333333333333332,4,13.333333333333334,1,3.3333333333333335,1,3.3333333333333335,5,16.666666666666664,2.533333333333333,1.746106780494506,2.0,2.75,73.33333333333333,83.33333333333334,86.66666666666667,12,40.0,7,23.333333333333332,3,10.0,3,10.0,1,3.3333333333333335,4,13.333333333333334,3.1666666666666665,2.034425935955617,2.5,5.0,63.33333333333333,70.0,70.0,9,30.0,6,20.0,4,13.333333333333334,2,6.666666666666667,0,0.0,9,30.0
423,True,2.4,1.2543258481484518,2.0,1.0,86.66666666666667,93.33333333333333,93.33333333333333,6,20.0,14,46.666666666666664,6,20.0,2,6.666666666666667,0,0.0,2,6.666666666666667,2.2333333333333334,1.5638272140986536,2.0,1.0,83.33333333333334,86.66666666666667,90.0,12,40.0,11,36.666666666666664,2,6.666666666666667,1,3.3333333333333335,1,3.3333333333333335,3,10.0,2.3666666666666667,1.6428295373802142,2.0,1.0,83.33333333333334,83.33333333333334,86.66666666666667,10,33.33333333333333,13,43.333333333333336,2,6.666666666666667,0,0.0,1,3.3333333333333335,4,13.333333333333334,2.7333333333333334,1.7688665548562132,2.0,1.75,76.66666666666667,76.66666666666667,83.33333333333334,8,26.666666666666668,11,36.666666666666664,4,13.333333333333334,0,0.0,2,6.666666666666667,5,16.666666666666664
424,True,2.6666666666666665,1.2995725793078619,2.5,1.0,83.33333333333334,90.0,93.33333333333333,5,16.666666666666664,10,33.33333333333333,10,33.33333333333333,2,6.666666666666667,1,3.3333333333333335,2,6.666666666666667,2.433333333333333,1.5205992970609392,2.0,2.0,80.0,86.66666666666667,93.33333333333333,11,36.666666666666664,7,23.333333333333332,6,20.0,2,6.666666666666667,2,6.666666666666667,2,6.666666666666667,2.9,1.9553345834749951,2.0,4.0,66.66666666666666,70.0,80.0,10,33.33333333333333,8,26.666666666666668,2,6.666666666666667,1,3.3333333333333335,3,10.0,6,20.0,2.8,1.6206994374857624,2.0,1.75,73.33333333333333,83.33333333333334,86.66666666666667,7,23.333333333333332,9,30.0,6,20.0,3,10.0,1,3.3333333333333335,4,13.333333333333334
425,True,2.7,1.2151817422372124,3.0,1.0,76.66666666666667,93.33333333333333,96.66666666666667,5,16.666666666666664,9,30.0,9,30.0,5,16.666666666666664,1,3.3333333333333335,1,3.3333333333333335,2.6666666666666665,1.86785676348292,2.0,3.0,66.66666666666666,80.0,83.33333333333334,12,40.0,7,23.333333333333332,1,3.3333333333333335,4,13.333333333333334,1,3.3333333333333335,5,16.666666666666664,3.0,1.983263304085802,2.5,3.75,63.33333333333333,73.33333333333333,76.66666666666667,11,36.666666666666664,4,13.333333333333334,4,13.333333333333334,3,10.0,1,3.3333333333333335,7,23.333333333333332,3.3,2.0024984394500787,3.0,4.75,56.666666666666664,66.66666666666666,73.33333333333333,9,30.0,4,13.333333333333334,4,13.333333333333334,3,10.0,2,6.666666666666667,8,26.666666666666668
426,True,2.8333333333333335,1.3924399049470282,3.0,1.0,76.66666666666667,86.66666666666667,93.33333333333333,6,20.0,6,20.0,11,36.666666666666664,3,10.0,2,6.666666666666667,2,6.666666666666667,2.466666666666667,1.586050300449376,2.0,2.0,80.0,86.66666666666667,90.0,11,36.666666666666664,7,23.333333333333332,6,20.0,2,6.666666666666667,1,3.3333333333333335,3,10.0,2.5,1.5652475842498528,2.0,2.0,80.0,86.66666666666667,90.0,10,33.33333333333333,8,26.666666666666668,6,20.0,2,6.666666666666667,1,3.3333333333333335,3,10.0,2.7,1.6563010998406458,2.0,2.75,73.33333333333333,80.0,90.0,9,30.0,8,26.666666666666668,5,16.666666666666664,2,6.666666666666667,3,10.0,3,10.0
427,True,2.5,1.3601470508735443,2.0,2.75,73.33333333333333,93.33333333333333,96.66666666666667,9,30.0,8,26.666666666666668,5,16.666666666666664,6,20.0,1,3.3333333333333335,1,3.3333333333333335,2.1333333333333333,1.5860503004493758,1.0,2.0,76.66666666666667,90.0,93.33333333333333,17,56.666666666666664,4,13.333333333333334,2,6.666666666666667,4,13.333333333333334,1,3.3333333333333335,2,6.666666666666667,2.1666666666666665,1.5723301886761007,1.0,2.0,76.66666666666667,90.0,93.33333333333333,16,53.333333333333336,5,16.666666666666664,2,6.666666666666667,4,13.333333333333334,1,3.3333333333333335,2,6.666666666666667,2.1333333333333333,1.586050300449376,1.0,2.0,76.66666666666667,90.0,93.33333333333333,17,56.666666666666664,4,13.333333333333334,2,6.666666666666667,4,13.333333333333334,1,3.3333333333333335,2,6.666666666666667
428,True,3.0,1.7126976771553504,2.5,2.0,63.33333333333333,76.66666666666667,86.66666666666667,7,23.333333333333332,8,26.666666666666668,4,13.333333333333334,4,13.333333333333334,3,10.0,4,13.333333333333334,2.4,1.5832456116050555,2.0,2.0,80.0,86.66666666666667,90.0,11,36.666666666666664,9,30.0,4,13.333333333333334,2,6.666666666666667,1,3.3333333333333335,3,10.0,2.6666666666666665,1.8499249234015478,2.0,2.75,73.33333333333333,80.0,80.0,10,33.33333333333333,10,33.33333333333333,2,6.666666666666667,2,6.666666666666667,0,0.0,6,20.0,3.033333333333333,1.7978382080215733,2.5,2.75,60.0,76.66666666666667,83.33333333333334,8,26.666666666666668,7,23.333333333333332,3,10.0,5,16.666666666666664,2,6.666666666666667,5,16.666666666666664
429,True,2.8333333333333335,1.4161763857498668,2.0,2.0,70.0,90.0,90.0,4,13.333333333333334,12,40.0,5,16.666666666666664,6,20.0,0,0.0,3,10.0,2.1666666666666665,1.5509853498842454,2.0,1.0,86.66666666666667,86.66666666666667,90.0,13,43.333333333333336,10,33.33333333333333,3,10.0,0,0.0,1,3.3333333333333335,3,10.0,2.1666666666666665,1.5509853498842454,2.0,1.0,86.66666666666667,86.66666666666667,90.0,13,43.333333333333336,10,33.33333333333333,3,10.0,0,0.0,1,3.3333333333333335,3,10.0,2.6333333333333333,1.7220788470785984,2.0,2.75,73.33333333333333,80.0,86.66666666666667,9,30.0,11,36.666666666666664,2,6.666666666666667,2,6.666666666666667,2,6.666666666666667,4,13.333333333333334
430,True,2.433333333333333,1.4302291968616623,2.0,2.0,76.66666666666667,86.66666666666667,96.66666666666667,9,30.0,11,36.666666666666664,3,10.0,3,10.0,3,10.0,1,3.3333333333333335,2.3333333333333335,1.679947089113887,1.5,2.0,76.66666666666667,86.66666666666667,90.0,15,50.0,4,13.333333333333334,4,13.333333333333334,3,10.0,1,3.3333333333333335,3,10.0,2.4,1.7048949136725895,2.0,2.0,76.66666666666667,83.33333333333334,90.0,14,46.666666666666664,5,16.666666666666664,4,13.333333333333334,2,6.666666666666667,2,6.666666666666667,3,10.0,2.7,1.8284784202536637,2.0,2.75,73.33333333333333,80.0,83.33333333333334,12,40.0,4,13.333333333333334,6,20.0,2,6.666666666666667,1,3.3333333333333335,5,16.666666666666664
431,True,2.1666666666666665,1.4161763857498668,2.0,2.0,83.33333333333334,93.33333333333333,93.33333333333333,13,43.333333333333336,8,26.666666666666668,4,13.333333333333334,3,10.0,0,0.0,2,6.666666666666667,1.9333333333333333,1.5260697523012796,1.0,1.0,90.0,90.0,90.0,18,60.0,5,16.666666666666664,4,13.333333333333334,0,0.0,0,0.0,3,10.0,2.1,1.7,1.0,1.75,83.33333333333334,83.33333333333334,90.0,18,60.0,4,13.333333333333334,3,10.0,0,0.0,2,6.666666666666667,3,10.0,2.2666666666666666,1.5477582354991866,2.0,2.0,83.33333333333334,90.0,90.0,13,43.333333333333336,7,23.333333333333332,5,16.666666666666664,2,6.666666666666667,0,0.0,3,10.0
432,True,2.3666666666666667,1.5380362660079103,2.0,2.0,83.33333333333334,86.66666666666667,90.0,10,33.33333333333333,11,36.666666666666664,4,13.333333333333334,1,3.3333333333333335,1,3.3333333333333335,3,10.0,2.1666666666666665,1.7527755766846542,1.0,2.0,80.0,86.66666666666667,86.66666666666667,18,60.0,3,10.0,3,10.0,2,6.666666666666667,0,0.0,4,13.333333333333334,2.2,1.6206994374857624,1.5,1.75,76.66666666666667,90.0,90.0,15,50.0,7,23.333333333333332,1,3.3333333333333335,4,13.333333333333334,0,0.0,3,10.0,2.1,1.374772708486752,2.0,1.75,86.66666666666667,93.33333333333333,93.33333333333333,13,43.333333333333336,9,30.0,4,13.333333333333334,2,6.666666666666667,0,0.0,2,6.666666666666667
433,True,2.6333333333333333,1.5807874268505835,2.0,3.0,66.66666666666666,86.66666666666667,93.33333333333333,10,33.33333333333333,7,23.333333333333332,3,10.0,6,20.0,2,6.666666666666667,2,6.666666666666667,2.2333333333333334,1.5849991237291654,2.0,2.0,80.0,90.0,90.0,14,46.666666666666664,7,23.333333333333332,3,10.0,3,10.0,0,0.0,3,10.0,2.3333333333333335,1.7191729277636836,2.0,1.75,80.0,83.33333333333334,86.66666666666667,13,43.333333333333336,9,30.0,2,6.666666666666667,1,3.3333333333333335,1,3.3333333333333335,4,13.333333333333334,2.466666666666667,1.4996295838935991,2.0,2.75,73.33333333333333,90.0,93.33333333333333,10,33.33333333333333,9,30.0,3,10.0,5,16.666666666666664,1,3.3333333333333335,2,6.666666666666667
434,True,2.6,1.518771433319269,2.0,2.0,76.66666666666667,90.0,90.0,9,30.0,7,23.333333333333332,7,23.333333333333332,4,13.333333333333334,0,0.0,3,10.0,2.3333333333333335,1.6397831834998458,2.0,2.0,76.66666666666667,86.66666666666667,90.0,13,43.333333333333336,8,26.666666666666668,2,6.666666666666667,3,10.0,1,3.3333333333333335,3,10.0,2.433333333333333,1.7641491496532322,2.0,2.75,73.33333333333333,83.33333333333334,86.66666666666667,13,43.333333333333336,8,26.666666666666668,1,3.3333333333333335,3,10.0,1,3.3333333333333335,4,13.333333333333334,3.2333333333333334,1.9779338265529058,2.0,3.75,60.0,66.66666666666666,73.33333333333333,7,23.333333333333332,9,30.0,2,6.666666666666667,2,6.666666666666667,2,6.666666666666667,8,26.666666666666668
435,True,2.7666666666666666,1.453348623772776,3.0,1.0,80.0,83.33333333333334,93.33333333333333,7,23.333333333333332,6,20.0,11,36.666666666666664,1,3.3333333333333335,3,10.0,2,6.666666666666667,2.3666666666666667,1.5807874268505835,2.0,2.0,83.33333333333334,86.66666666666667,90.0,12,40.0,7,23.333333333333332,6,20.0,1,3.3333333333333335,1,3.3333333333333335,3,10.0,2.4,1.624807680927192,2.0,2.0,86.66666666666667,86.66666666666667,86.66666666666667,12,40.0,6,20.0,8,26.666666666666668,0,0.0,0,0.0,4,13.333333333333334,2.7333333333333334,1.7307673314329561,2.0,2.0,80.0,80.0,83.33333333333334,9,30.0,7,23.333333333333332,8,26.666666666666668,0,0.0,1,3.3333333333333335,5,16.666666666666664
436,True,2.533333333333333,1.6069294390925266,2.0,2.0,80.0,86.66666666666667,86.66666666666667,9,30.0,10,33.33333333333333,5,16.666666666666664,2,6.666666666666667,0,0.0,4,13.333333333333334,1.9333333333333333,1.3148721948877347,1.0,1.0,86.66666666666667,93.33333333333333,96.66666666666667,16,53.333333333333336,7,23.333333333333332,3,10.0,2,6.666666666666667,1,3.3333333333333335,1,3.3333333333333335,2.3333333333333335,1.8135294011647258,1.5,1.75,76.66666666666667,80.0,86.66666666666667,15,50.0,7,23.333333333333332,1,3.3333333333333335,1,3.3333333333333335,2,6.666666666666667,4,13.333333333333334,2.3333333333333335,1.7191729277636834,2.0,1.75,80.0,83.33333333333334,86.66666666666667,13,43.333333333333336,9,30.0,2,6.666666666666667,1,3.3333333333333335,1,3.3333333333333335,4,13.333333333333334
437,True,2.7333333333333334,1.412641340027806,2.0,1.75,73.33333333333333,90.0,90.0,4,13.333333333333334,14,46.666666666666664,4,13.333333333333334,5,16.666666666666664,0,0.0,3,10.0,2.2,1.3012814197295424,2.0,1.75,86.66666666666667,90.0,96.66666666666667,10,33.33333333333333,12,40.0,4,13.333333333333334,1,3.3333333333333335,2,6.666666666666667,1,3.3333333333333335,2.533333333333333,1.6478942792411035,2.0,2.0,80.0,83.33333333333334,86.66666666666667,9,30.0,11,36.666666666666664,4,13.333333333333334,1,3.3333333333333335,1,3.3333333333333335,4,13.333333333333334,2.2333333333333334,1.2023125864580957,2.0,1.5,86.66666666666667,93.33333333333333,96.66666666666667,8,26.666666666666668,14,46.666666666666664,4,13.333333333333334,2,6.666666666666667,1,3.3333333333333335,1,3.3333333333333335
438,True,2.933333333333333,1.2892719737209146,3.0,2.0,70.0,86.66666666666667,96.66666666666667,4,13.333333333333334,8,26.666666666666668,9,30.0,5,16.666666666666664,3,10.0,1,3.3333333333333335,2.6666666666666665,1.6599866130651642,2.0,2.75,73.33333333333333,80.0,90.0,9,30.0,9,30.0,4,13.333333333333334,2,6.666666666666667,3,10.0,3,10.0,2.933333333333333,1.8427033281447005,2.0,2.75,66.66666666666666,76.66666666666667,80.0,8,26.666666666666668,9,30.0,3,10.0,3,10.0,1,3.3333333333333335,6,20.0,3.066666666666667,1.7499206331208916,2.0,3.0,63.33333333333333,70.0,86.66666666666667,6,20.0,10,33.33333333333333,3,10.0,2,6.666666666666667,5,16.666666666666664,4,13.333333333333334
439,True,2.533333333333333,1.3097921802925665,2.0,1.75,76.66666666666667,93.33333333333333,96.66666666666667,8,26.666666666666668,8,26.666666666666668,7,23.333333333333332,5,16.666666666666664,1,3.3333333333333335,1,3.3333333333333335,2.433333333333333,1.6669999666733315,2.0,2.75,73.33333333333333,86.66666666666667,90.0,13,43.333333333333336,6,20.0,3,10.0,4,13.333333333333334,1,3.3333333333333335,3,10.0,2.3666666666666667,1.6224124698183944,2.0,2.0,76.66666666666667,86.66666666666667,90.0,12,40.0,9,30.0,2,6.666666666666667,3,10.0,1,3.3333333333333335,3,10.0,2.6666666666666665,1.7950549357115013,2.0,2.0,76.66666666666667,80.0,83.33333333333334,11,36.666666666666664,6,20.0,6,20.0,1,3.3333333333333335,1,3.3333333333333335,5,16.666666666666664
440,True,2.466666666666667,1.4544949486180954,2.0,2.0,80.0,90.0,93.33333333333333,10,33.33333333333333,7,23.333333333333332,7,23.333333333333332,3,10.0,1,3.3333333333333335,2,6.666666666666667,2.2,1.5790292376436015,1.5,2.0,80.0,86.66666666666667,93.33333333333333,15,50.0,6,20.0,3,10.0,2,6.666666666666667,2,6.666666666666667,2,6.666666666666667,2.3,1.7349351572897471,1.5,2.0,76.66666666666667,86.66666666666667,86.66666666666667,15,50.0,6,20.0,2,6.666666666666667,3,10.0,0,0.0,4,13.333333333333334,2.6666666666666665,1.8499249234015478,2.0,2.75,73.33333333333333,76.66666666666667,83.33333333333334,11,36.666666666666664,8,26.666666666666668,3,10.0,1,3.3333333333333335,2,6.666666666666667,5,16.666666666666664
441,True,2.466666666666667,1.564892612574067,2.0,2.0,76.66666666666667,83.33333333333334,93.33333333333333,10,33.33333333333333,10,33.33333333333333,3,10.0,2,6.666666666666667,3,10.0,2,6.666666666666667,2.2333333333333334,1.7641491496532322,1.0,1.75,80.0,83.33333333333334,86.66666666666667,16,53.333333333333336,6,20.0,2,6.666666666666667,1,3.3333333333333335,1,3.3333333333333335,4,13.333333333333334,2.2666666666666666,1.671991493864594,2.0,1.75,80.0,83.33333333333334,90.0,14,46.666666666666664,8,26.666666666666668,2,6.666666666666667,1,3.3333333333333335,2,6.666666666666667,3,10.0,2.533333333333333,1.8571184369578824,2.0,2.75,73.33333333333333,80.0,83.33333333333334,13,43.333333333333336,7,23.333333333333332,2,6.666666666666667,2,6.666666666666667,1,3.3333333333333335,5,16.666666666666664
442,True,2.8333333333333335,1.5509853498842454,2.5,1.75,73.33333333333333,86.66666666666667,86.66666666666667,6,20.0,9,30.0,7,23.333333333333332,4,13.333333333333334,0,0.0,4,13.333333333333334,2.3666666666666667,1.5595583420386114,2.0,2.0,76.66666666666667,86.66666666666667,93.33333333333333,12,40.0,8,26.666666666666668,3,10.0,3,10.0,2,6.666666666666667,2,6.666666666666667,2.6,1.8184242262647807,2.0,2.75,73.33333333333333,76.66666666666667,86.66666666666667,12,40.0,7,23.333333333333332,3,10.0,1,3.3333333333333335,3,10.0,4,13.333333333333334,2.6666666666666665,1.776388345929897,2.0,3.0,70.0,80.0,86.66666666666667,11,36.666666666666664,7,23.333333333333332,3,10.0,3,10.0,2,6.666666666666667,4,13.333333333333334
443,True,2.433333333333333,1.1160446028522137,2.0,1.0,80.0,96.66666666666667,100.0,7,23.333333333333332,10,33.33333333333333,7,23.333333333333332,5,16.666666666666664,1,3.3333333333333335,0,0.0,2.4,1.8184242262647807,2.0,2.0,76.66666666666667,83.33333333333334,83.33333333333334,14,46.666666666666664,7,23.333333333333332,2,6.666666666666667,2,6.666666666666667,0,0.0,5,16.666666666666664,2.5,1.7841898254763513,2.0,2.75,73.33333333333333,83.33333333333334,86.66666666666667,14,46.666666666666664,4,13.333333333333334,4,13.333333333333334,3,10.0,1,3.3333333333333335,4,13.333333333333334,2.6333333333333333,1.6224124698183944,2.0,2.0,76.66666666666667,86.66666666666667,86.66666666666667,9,30.0,8,26.666666666666668,6,20.0,3,10.0,0,0.0,4,13.333333333333334
444,True,2.9,1.6603212540549697,2.5,2.75,63.33333333333333,80.0,90.0,8,26.666666666666668,7,23.333333333333332,4,13.333333333333334,5,16.666666666666664,3,10.0,3,10.0,2.3666666666666667,1.8526257642120336,2.0,1.0,76.66666666666667,80.0,83.33333333333334,14,46.666666666666664,9,30.0,0,0.0,1,3.3333333333333335,1,3.3333333333333335,5,16.666666666666664,2.7,1.8645821694595996,2.0,3.0,66.66666666666666,80.0,83.33333333333334,12,40.0,6,20.0,2,6.666666666666667,4,13.333333333333334,1,3.3333333333333335,5,16.666666666666664,2.8333333333333335,1.7527755766846542,2.0,3.75,60.0,73.33333333333333,93.33333333333333,10,33.33333333333333,7,23.333333333333332,1,3.3333333333333335,4,13.333333333333334,6,20.0,2,6.666666666666667
445,True,2.6,1.42828568570857,2.0,1.75,76.66666666666667,90.0,93.33333333333333,8,26.666666666666668,8,26.666666666666668,7,23.333333333333332,4,13.333333333333334,1,3.3333333333333335,2,6.666666666666667,2.2333333333333334,1.7641491496532322,1.0,2.0,76.66666666666667,86.66666666666667,86.66666666666667,17,56.666666666666664,4,13.333333333333334,2,6.666666666666667,3,10.0,0,0.0,4,13.333333333333334,2.3333333333333335,1.8499249234015476,1.0,2.0,80.0,83.33333333333334,83.33333333333334,17,56.666666666666664,2,6.666666666666667,5,16.666666666666664,1,3.3333333333333335,0,0.0,5,16.666666666666664,2.5,1.5652475842498528,2.0,2.75,73.33333333333333,86.66666666666667,93.33333333333333,11,36.666666666666664,7,23.333333333333332,4,13.333333333333334,4,13.333333333333334,2,6.666666666666667,2,6.666666666666667
446,True,2.7333333333333334,1.3148721948877347,3.0,1.0,80.0,90.0,93.33333333333333,5,16.666666666666664,9,30.0,10,33.33333333333333,3,10.0,1,3.3333333333333335,2,6.666666666666667,2.4,1.7048949136725895,2.0,2.0,76.66666666666667,83.33333333333334,90.0,14,46.666666666666664,5,16.666666666666664,4,13.333333333333334,2,6.666666666666667,2,6.666666666666667,3,10.0,2.466666666666667,1.7269111795984824,2.0,2.0,76.66666666666667,80.0,90.0,13,43.333333333333336,6,20.0,4,13.333333333333334,1,3.3333333333333335,3,10.0,3,10.0,2.566666666666667,1.6265163865007801,2.0,2.0,76.66666666666667,83.33333333333334,90.0,10,33.33333333333333,8,26.666666666666668,5,16.666666666666664,2,6.666666666666667,2,6.666666666666667,3,10.0
447,True,2.7333333333333334,1.339983416149452,3.0,1.0,83.33333333333334,86.66666666666667,93.33333333333333,5,16.666666666666664,9,30.0,11,36.666666666666664,1,3.3333333333333335,2,6.666666666666667,2,6.666666666666667,2.3333333333333335,1.4220486005134358,2.0,2.0,83.33333333333334,90.0,93.33333333333333,10,33.33333333333333,10,33.33333333333333,5,16.666666666666664,2,6.666666666666667,1,3.3333333333333335,2,6.666666666666667,2.7333333333333334,1.7499206331208919,2.0,2.5,73.33333333333333,80.0,83.33333333333334,8,26.666666666666668,11,36.666666666666664,3,10.0,2,6.666666666666667,1,3.3333333333333335,5,16.666666666666664,2.566666666666667,1.3337499349161703,2.5,1.0,86.66666666666667,90.0,93.33333333333333,7,23.333333333333332,8,26.666666666666668,11,36.666666666666664,1,3.3333333333333335,1,3.3333333333333335,2,6.666666666666667
448,True,2.966666666666667,1.5807874268505835,3.0,2.0,70.0,80.0,90.0,7,23.333333333333332,5,16.666666666666664,9,30.0,3,10.0,3,10.0,3,10.0,2.3666666666666667,1.7792008193443358,2.0,1.75,80.0,83.33333333333334,83.33333333333334,13,43.333333333333336,9,30.0,2,6.666666666666667,1,3.3333333333333335,0,0.0,5,16.666666666666664,2.6333333333333333,1.9232495649002208,2.0,2.75,73.33333333333333,76.66666666666667,80.0,12,40.0,8,26.666666666666668,2,6.666666666666667,1,3.3333333333333335,1,3.3333333333333335,6,20.0,2.8333333333333335,1.8272626764887658,2.0,3.0,70.0,80.0,80.0,9,30.0,8,26.666666666666668,4,13.333333333333334,3,10.0,0,0.0,6,20.0
449,True,3.7333333333333334,1.339983416149452,3.0,1.75,53.333333333333336,73.33333333333333,83.33333333333334,1,3.3333333333333335,3,10.0,12,40.0,6,20.0,3,10.0,5,16.666666666666664,2.933333333333333,1.7113996870657915,2.0,2.75,60.0,76.66666666666667,90.0,8,26.666666666666668,8,26.666666666666668,2,6.666666666666667,5,16.666666666666664,4,13.333333333333334,3,10.0,3.0,1.632993161855452,3.0,2.0,66.66666666666666,80.0,86.66666666666667,6,20.0,8,26.666666666666668,6,20.0,4,13.333333333333334,2,6.666666666666667,4,13.333333333333334,3.066666666666667,1.569146972791976,3.0,2.0,60.0,76.66666666666667,93.33333333333333,6,20.0,7,23.333333333333332,5,16.666666666666664,5,16.666666666666664,5,16.666666666666664,2,6.666666666666667
450,True,2.6666666666666665,1.5129074290546956,2.0,2.0,66.66666666666666,86.66666666666667,93.33333333333333,7,23.333333333333332,12,40.0,1,3.3333333333333335,6,20.0,2,6.666666666666667,2,6.666666666666667,2.2333333333333334,1.6868774571839993,2.0,1.0,83.33333333333334,83.33333333333334,86.66666666666667,13,43.333333333333336,11,36.666666666666664,1,3.3333333333333335,0,0.0,1,3.3333333333333335,4,13.333333333333334,2.3333333333333335,1.7575235101952091,2.0,1.0,80.0,80.0,86.66666666666667,13,43.333333333333336,10,33.33333333333333,1,3.3333333333333335,0,0.0,2,6.666666666666667,4,13.333333333333334,2.533333333333333,1.687865186822955,2.0,2.75,73.33333333333333,80.0,90.0,10,33.33333333333333,11,36.666666666666664,1,3.3333333333333335,2,6.666666666666667,3,10.0,3,10.0
451,True,2.3333333333333335,1.4681810363696828,2.0,2.0,76.66666666666667,93.33333333333333,93.33333333333333,12,40.0,7,23.333333333333332,4,13.333333333333334,5,16.666666666666664,0,0.0,2,6.666666666666667,2.2,1.5577761927397231,1.0,2.75,73.33333333333333,93.33333333333333,93.33333333333333,16,53.333333333333336,4,13.333333333333334,2,6.666666666666667,6,20.0,0,0.0,2,6.666666666666667,2.2,1.6411378166788229,1.0,2.0,76.66666666666667,90.0,90.0,16,53.333333333333336,5,16.666666666666664,2,6.666666666666667,4,13.333333333333334,0,0.0,3,10.0,2.6333333333333333,1.7413277182145301,2.0,3.0,70.0,80.0,90.0,12,40.0,5,16.666666666666664,4,13.333333333333334,3,10.0,3,10.0,3,10.0
452,True,3.1,1.491084616423003,3.0,2.0,60.0,80.0,93.33333333333333,5,16.666666666666664,7,23.333333333333332,6,20.0,6,20.0,4,13.333333333333334,2,6.666666666666667,2.7,1.9000000000000001,2.0,2.75,73.33333333333333,76.66666666666667,80.0,11,36.666666666666664,8,26.666666666666668,3,10.0,1,3.3333333333333335,1,3.3333333333333335,6,20.0,3.0,2.0,2.0,3.75,60.0,73.33333333333333,76.66666666666667,11,36.666666666666664,5,16.666666666666664,2,6.666666666666667,4,13.333333333333334,1,3.3333333333333335,7,23.333333333333332,3.466666666666667,1.9618585292749546,3.0,4.0,56.666666666666664,63.33333333333333,70.0,6,20.0,7,23.333333333333332,4,13.333333333333334,2,6.666666666666667,2,6.666666666666667,9,30.0
453,True,2.6333333333333333,1.5162087220725546,2.5,3.0,70.0,90.0,93.33333333333333,10,33.33333333333333,5,16.666666666666664,6,20.0,6,20.0,1,3.3333333333333335,2,6.666666666666667,2.5,1.8929694486000912,1.0,3.0,66.66666666666666,80.0,86.66666666666667,16,53.333333333333336,3,10.0,1,3.3333333333333335,4,13.333333333333334,2,6.666666666666667,4,13.333333333333334,2.533333333333333,1.839081896551163,1.5,3.0,66.66666666666666,83.33333333333334,86.66666666666667,15,50.0,3,10.0,2,6.666666666666667,5,16.666666666666664,1,3.3333333333333335,4,13.333333333333334,3.3333333333333335,2.086996778999804,3.0,4.75,53.333333333333336,60.0,73.33333333333333,10,33.33333333333333,4,13.333333333333334,2,6.666666666666667,2,6.666666666666667,4,13.333333333333334,8,26.666666666666668
454,True,2.566666666666667,1.5423647068345698,2.0,1.0,83.33333333333334,86.66666666666667,86.66666666666667,7,23.333333333333332,12,40.0,6,20.0,1,3.3333333333333335,0,0.0,4,13.333333333333334,2.2,1.514375558880073,2.0,1.75,83.33333333333334,86.66666666666667,93.33333333333333,13,43.333333333333336,9,30.0,3,10.0,1,3.3333333333333335,2,6.666666666666667,2,6.666666666666667,2.6,1.854723699099141,2.0,2.0,76.66666666666667,80.0,80.0,11,36.666666666666664,9,30.0,3,10.0,1,3.3333333333333335,0,0.0,6,20.0,2.4,1.5187714333192688,2.0,2.0,76.66666666666667,83.33333333333334,96.66666666666667,11,36.666666666666664,9,30.0,3,10.0,2,6.666666666666667,4,13.333333333333334,1,3.3333333333333335
455,True,2.7333333333333334,1.339983416149452,2.0,2.0,70.0,86.66666666666667,96.66666666666667,4,13.333333333333334,14,46.666666666666664,3,10.0,5,16.666666666666664,3,10.0,1,3.3333333333333335,2.5,1.3844373104863459,2.0,1.0,76.66666666666667,86.66666666666667,96.66666666666667,7,23.333333333333332,13,43.333333333333336,3,10.0,3,10.0,3,10.0,1,3.3333333333333335,2.566666666666667,1.498517786199268,2.0,1.0,76.66666666666667,83.33333333333334,93.33333333333333,7,23.333333333333332,13,43.333333333333336,3,10.0,2,6.666666666666667,3,10.0,2,6.666666666666667,2.7333333333333334,1.590248058916875,2.0,2.0,70.0,83.33333333333334,90.0,7,23.333333333333332,11,36.666666666666664,3,10.0,4,13.333333333333334,2,6.666666666666667,3,10.0
456,True,2.933333333333333,1.412641340027806,3.0,2.0,70.0,86.66666666666667,93.33333333333333,6,20.0,5,16.666666666666664,10,33.33333333333333,5,16.666666666666664,2,6.666666666666667,2,6.666666666666667,2.6333333333333333,1.7220788470785986,2.0,3.0,70.0,80.0,90.0,11,36.666666666666664,7,23.333333333333332,3,10.0,3,10.0,3,10.0,3,10.0,2.7,1.7729448195962934,2.0,3.0,70.0,80.0,86.66666666666667,11,36.666666666666664,6,20.0,4,13.333333333333334,3,10.0,2,6.666666666666667,4,13.333333333333334,2.933333333333333,1.7688665548562132,2.5,3.0,63.33333333333333,76.66666666666667,86.66666666666667,9,30.0,6,20.0,4,13.333333333333334,4,13.333333333333334,3,10.0,4,13.333333333333334
457,True,2.7333333333333334,1.0934146311237813,3.0,1.0,80.0,96.66666666666667,96.66666666666667,4,13.333333333333334,8,26.666666666666668,12,40.0,5,16.666666666666664,0,0.0,1,3.3333333333333335,2.466666666666667,1.6478942792411033,2.0,2.75,73.33333333333333,86.66666666666667,90.0,12,40.0,7,23.333333333333332,3,10.0,4,13.333333333333334,1,3.3333333333333335,3,10.0,2.6333333333333333,1.7978382080215733,2.0,3.0,70.0,80.0,86.66666666666667,12,40.0,6,20.0,3,10.0,3,10.0,2,6.666666666666667,4,13.333333333333334,2.6,1.4742229591663987,2.0,2.75,73.33333333333333,90.0,93.33333333333333,9,30.0,7,23.333333333333332,6,20.0,5,16.666666666666664,1,3.3333333333333335,2,6.666666666666667
458,True,2.7666666666666666,1.4302291968616625,3.0,1.0,76.66666666666667,90.0,90.0,6,20.0,8,26.666666666666668,9,30.0,4,13.333333333333334,0,0.0,3,10.0,2.5,1.648231375343482,2.0,2.0,80.0,86.66666666666667,86.66666666666667,11,36.666666666666664,7,23.333333333333332,6,20.0,2,6.666666666666667,0,0.0,4,13.333333333333334,2.5,1.5864005379054391,2.0,2.75,73.33333333333333,90.0,90.0,11,36.666666666666664,7,23.333333333333332,4,13.333333333333334,5,16.666666666666664,0,0.0,3,10.0,2.8333333333333335,1.5933891203622825,2.5,1.75,73.33333333333333,80.0,90.0,7,23.333333333333332,8,26.666666666666668,7,23.333333333333332,2,6.666666666666667,3,10.0,3,10.0
459,True,2.466666666666667,1.3349989596333858,2.5,2.0,80.0,93.33333333333333,96.66666666666667,10,33.33333333333333,5,16.666666666666664,9,30.0,4,13.333333333333334,1,3.3333333333333335,1,3.3333333333333335,2.2,1.661324772583615,2.0,1.0,83.33333333333334,86.66666666666667,86.66666666666667,14,46.666666666666664,9,30.0,2,6.666666666666667,1,3.3333333333333335,0,0.0,4,13.333333333333334,2.1333333333333333,1.5434449203720302,2.0,1.0,83.33333333333334,90.0,90.0,14,46.666666666666664,9,30.0,2,6.666666666666667,2,6.666666666666667,0,0.0,3,10.0,2.466666666666667,1.6478942792411033,2.0,3.0,70.0,83.33333333333334,93.33333333333333,12,40.0,8,26.666666666666668,1,3.3333333333333335,4,13.333333333333334,3,10.0,2,6.666666666666667
460,True,2.5,1.0878112581387147,2.0,1.0,86.66666666666667,96.66666666666667,96.66666666666667,5,16.666666666666664,11,36.666666666666664,10,33.33333333333333,3,10.0,0,0.0,1,3.3333333333333335,2.3333333333333335,1.5129074290546956,2.0,2.0,83.33333333333334,90.0,90.0,11,36.666666666666664,9,30.0,5,16.666666666666664,2,6.666666666666667,0,0.0,3,10.0,2.3,1.4866068747318506,2.0,2.0,86.66666666666667,90.0,90.0,11,36.666666666666664,9,30.0,6,20.0,1,3.3333333333333335,0,0.0,3,10.0,2.533333333333333,1.4772346537440226,2.0,1.75,80.0,90.0,90.0,8,26.666666666666668,10,33.33333333333333,6,20.0,3,10.0,0,0.0,3,10.0
461,True,2.3,1.4177446878757824,2.0,2.0,83.33333333333334,93.33333333333333,93.33333333333333,12,40.0,6,20.0,7,23.333333333333332,3,10.0,0,0.0,2,6.666666666666667,2.1,1.374772708486752,2.0,2.0,90.0,93.33333333333333,93.33333333333333,14,46.666666666666664,6,20.0,7,23.333333333333332,1,3.3333333333333335,0,0.0,2,6.666666666666667,2.3333333333333335,1.6599866130651644,2.0,2.0,83.33333333333334,86.66666666666667,86.66666666666667,13,43.333333333333336,7,23.333333333333332,5,16.666666666666664,1,3.3333333333333335,0,0.0,4,13.333333333333334,2.433333333333333,1.5423647068345698,2.0,2.0,76.66666666666667,90.0,93.33333333333333,13,43.333333333333336,3,10.0,7,23.333333333333332,4,13.333333333333334,1,3.3333333333333335,2,6.666666666666667
462,True,2.6333333333333333,1.53803626600791,2.0,1.0,80.0,83.33333333333334,90.0,7,23.333333333333332,11,36.666666666666664,6,20.0,1,3.3333333333333335,2,6.666666666666667,3,10.0,2.2333333333333334,1.7259457954666158,1.0,2.0,80.0,83.33333333333334,90.0,17,56.666666666666664,3,10.0,4,13.333333333333334,1,3.3333333333333335,2,6.666666666666667,3,10.0,2.2,1.6812693617224654,1.0,1.75,76.66666666666667,86.66666666666667,90.0,16,53.333333333333336,6,20.0,1,3.3333333333333335,3,10.0,1,3.3333333333333335,3,10.0,2.533333333333333,1.6679994670929073,2.0,2.75,73.33333333333333,83.33333333333334,90.0,11,36.666666666666664,8,26.666666666666668,3,10.0,3,10.0,2,6.666666666666667,3,10.0
463,True,2.8666666666666667,1.5648926125740668,2.5,2.0,70.0,86.66666666666667,86.66666666666667,6,20.0,9,30.0,6,20.0,5,16.666666666666664,0,0.0,4,13.333333333333334,2.3333333333333335,1.776388345929897,1.0,2.0,80.0,83.33333333333334,86.66666666666667,16,53.333333333333336,3,10.0,5,16.666666666666664,1,3.3333333333333335,1,3.3333333333333335,4,13.333333333333334,2.4,1.7243356208503418,2.0,2.0,80.0,80.0,90.0,14,46.666666666666664,5,16.666666666666664,5,16.666666666666664,0,0.0,3,10.0,3,10.0,2.5,1.5652475842498528,2.0,2.0,76.66666666666667,86.66666666666667,93.33333333333333,12,40.0,4,13.333333333333334,7,23.333333333333332,3,10.0,2,6.666666666666667,2,6.666666666666667
464,True,2.6666666666666665,1.3743685418725535,2.0,1.0,76.66666666666667,90.0,93.33333333333333,6,20.0,10,33.33333333333333,7,23.333333333333332,4,13.333333333333334,1,3.3333333333333335,2,6.666666666666667,2.3,1.4866068747318506,2.0,2.0,80.0,90.0,93.33333333333333,12,40.0,8,26.666666666666668,4,13.333333333333334,3,10.0,1,3.3333333333333335,2,6.666666666666667,2.6666666666666665,1.86785676348292,2.0,2.75,73.33333333333333,80.0,80.0,11,36.666666666666664,8,26.666666666666668,3,10.0,2,6.666666666666667,0,0.0,6,20.0,2.2,1.3012814197295421,2.0,2.0,83.33333333333334,93.33333333333333,96.66666666666667,11,36.666666666666664,10,33.33333333333333,4,13.333333333333334,3,10.0,1,3.3333333333333335,1,3.3333333333333335
465,True,2.6,1.6451950239004087,2.0,1.75,76.66666666666667,83.33333333333334,86.66666666666667,8,26.666666666666668,12,40.0,3,10.0,2,6.666666666666667,1,3.3333333333333335,4,13.333333333333334,2.2333333333333334,1.6058919293927874,2.0,2.0,83.33333333333334,86.66666666666667,90.0,14,46.666666666666664,7,23.333333333333332,4,13.333333333333334,1,3.3333333333333335,1,3.3333333333333335,3,10.0,2.3666666666666667,1.5807874268505833,2.0,2.0,80.0,86.66666666666667,90.0,11,36.666666666666664,10,33.33333333333333,3,10.0,2,6.666666666666667,1,3.3333333333333335,3,10.0,2.4,1.6041612554021285,2.0,2.0,76.66666666666667,83.33333333333334,93.33333333333333,12,40.0,8,26.666666666666668,3,10.0,2,6.666666666666667,3,10.0,2,6.666666666666667
466,True,2.5,1.408308678285174,2.0,2.0,83.33333333333334,90.0,93.33333333333333,9,30.0,7,23.333333333333332,9,30.0,2,6.666666666666667,1,3.3333333333333335,2,6.666666666666667,2.2333333333333334,1.6058919293927874,1.5,2.0,83.33333333333334,83.33333333333334,93.33333333333333,15,50.0,5,16.666666666666664,5,16.666666666666664,0,0.0,3,10.0,2,6.666666666666667,2.3333333333333335,1.7191729277636836,2.0,2.0,83.33333333333334,83.33333333333334,86.66666666666667,14,46.666666666666664,6,20.0,5,16.666666666666664,0,0.0,1,3.3333333333333335,4,13.333333333333334,2.6,1.724335620850342,2.0,2.0,76.66666666666667,83.33333333333334,86.66666666666667,12,40.0,4,13.333333333333334,7,23.333333333333332,2,6.666666666666667,1,3.3333333333333335,4,13.333333333333334
467,True,3.033333333333333,1.5807874268505833,3.0,2.0,70.0,80.0,86.66666666666667,5,16.666666666666664,8,26.666666666666668,8,26.666666666666668,3,10.0,2,6.666666666666667,4,13.333333333333334,2.3666666666666667,1.7026123718829513,2.0,1.75,80.0,83.33333333333334,86.66666666666667,12,40.0,10,33.33333333333333,2,6.666666666666667,1,3.3333333333333335,1,3.3333333333333335,4,13.333333333333334,2.433333333333333,1.6669999666733315,2.0,2.0,76.66666666666667,83.33333333333334,90.0,12,40.0,8,26.666666666666668,3,10.0,2,6.666666666666667,2,6.666666666666667,3,10.0,2.533333333333333,1.7269111795984824,2.0,2.75,73.33333333333333,83.33333333333334,86.66666666666667,11,36.666666666666664,9,30.0,2,6.666666666666667,3,10.0,1,3.3333333333333335,4,13.333333333333334
468,True,2.433333333333333,1.5638272140986533,2.0,3.0,66.66666666666666,93.33333333333333,93.33333333333333,13,43.333333333333336,5,16.666666666666664,2,6.666666666666667,8,26.666666666666668,0,0.0,2,6.666666666666667,1.9333333333333333,1.4590712418826193,1.0,1.0,83.33333333333334,93.33333333333333,93.33333333333333,18,60.0,5,16.666666666666664,2,6.666666666666667,3,10.0,0,0.0,2,6.666666666666667,2.3333333333333335,1.757523510195209,1.5,2.75,73.33333333333333,86.66666666666667,86.66666666666667,15,50.0,6,20.0,1,3.3333333333333335,4,13.333333333333334,0,0.0,4,13.333333333333334,2.3,1.6563010998406458,2.0,2.0,76.66666666666667,86.66666666666667,90.0,14,46.666666666666664,7,23.333333333333332,2,6.666666666666667,3,10.0,1,3.3333333333333335,3,10.0
469,True,2.8666666666666667,1.4313940369055924,2.5,1.75,73.33333333333333,86.66666666666667,90.0,4,13.333333333333334,11,36.666666666666664,7,23.333333333333332,4,13.333333333333334,1,3.3333333333333335,3,10.0,2.2333333333333334,1.5205992970609392,2.0,2.0,83.33333333333334,86.66666666666667,93.33333333333333,13,43.333333333333336,8,26.666666666666668,4,13.333333333333334,1,3.3333333333333335,2,6.666666666666667,2,6.666666666666667,2.2,1.4,2.0,2.0,86.66666666666667,86.66666666666667,96.66666666666667,12,40.0,9,30.0,5,16.666666666666664,0,0.0,3,10.0,1,3.3333333333333335,2.5,1.7841898254763513,2.0,2.0,76.66666666666667,80.0,86.66666666666667,13,43.333333333333336,6,20.0,4,13.333333333333334,1,3.3333333333333335,2,6.666666666666667,4,13.333333333333334
470,True,2.9,1.5989579940281942,2.5,2.0,70.0,83.33333333333334,86.66666666666667,6,20.0,9,30.0,6,20.0,4,13.333333333333334,1,3.3333333333333335,4,13.333333333333334,2.3666666666666667,1.6224124698183944,2.0,2.0,76.66666666666667,83.33333333333334,93.33333333333333,13,43.333333333333336,7,23.333333333333332,3,10.0,2,6.666666666666667,3,10.0,2,6.666666666666667,2.433333333333333,1.5849991237291654,2.0,2.0,76.66666666666667,90.0,90.0,12,40.0,6,20.0,5,16.666666666666664,4,13.333333333333334,0,0.0,3,10.0,2.566666666666667,1.54236470683457,2.0,2.0,76.66666666666667,83.33333333333334,93.33333333333333,9,30.0,9,30.0,5,16.666666666666664,2,6.666666666666667,3,10.0,2,6.666666666666667
471,True,2.3,1.0376254944182255,2.5,2.0,93.33333333333333,96.66666666666667,100.0,9,30.0,6,20.0,13,43.333333333333336,1,3.3333333333333335,1,3.3333333333333335,0,0.0,2.466666666666667,1.687865186822955,2.0,2.0,80.0,83.33333333333334,86.66666666666667,11,36.666666666666664,9,30.0,4,13.333333333333334,1,3.3333333333333335,1,3.3333333333333335,4,13.333333333333334,2.6666666666666665,1.813529401164726,2.0,2.0,76.66666666666667,76.66666666666667,83.33333333333334,10,33.33333333333333,9,30.0,4,13.333333333333334,0,0.0,2,6.666666666666667,5,16.666666666666664,3.066666666666667,1.9482185594936607,2.5,4.0,66.66666666666666,70.0,76.66666666666667,9,30.0,6,20.0,5,16.666666666666664,1,3.3333333333333335,2,6.666666666666667,7,23.333333333333332
472,True,2.7666666666666666,1.4761059883656353,3.0,2.75,66.66666666666666,90.0,93.33333333333333,8,26.666666666666668,6,20.0,6,20.0,7,23.333333333333332,1,3.3333333333333335,2,6.666666666666667,2.5,1.7654083569153813,2.0,3.0,70.0,86.66666666666667,86.66666666666667,14,46.666666666666664,4,13.333333333333334,3,10.0,5,16.666666666666664,0,0.0,4,13.333333333333334,2.533333333333333,1.7650936393164969,2.0,2.75,73.33333333333333,83.33333333333334,86.66666666666667,13,43.333333333333336,5,16.666666666666664,4,13.333333333333334,3,10.0,1,3.3333333333333335,4,13.333333333333334,2.8,1.7587874611030558,2.5,3.0,70.0,83.33333333333334,83.33333333333334,10,33.33333333333333,5,16.666666666666664,6,20.0,4,13.333333333333334,0,0.0,5,16.666666666666664
473,True,2.6,1.4742229591663987,2.0,1.0,76.66666666666667,90.0,90.0,7,23.333333333333332,11,36.666666666666664,5,16.666666666666664,4,13.333333333333334,0,0.0,3,10.0,2.3666666666666667,1.8345450541089352,1.0,3.0,70.0,83.33333333333334,86.66666666666667,16,53.333333333333336,5,16.666666666666664,0,0.0,4,13.333333333333334,1,3.3333333333333335,4,13.333333333333334,2.2,1.5577761927397231,2.0,1.75,80.0,86.66666666666667,93.33333333333333,14,46.666666666666664,8,26.666666666666668,2,6.666666666666667,2,6.666666666666667,2,6.666666666666667,2,6.666666666666667,2.6666666666666665,1.8499249234015476,2.0,3.0,70.0,80.0,83.33333333333334,12,40.0,6,20.0,3,10.0,3,10.0,1,3.3333333333333335,5,16.666666666666664
474,True,2.3666666666666667,1.4715826703096078,2.0,2.0,80.0,90.0,93.33333333333333,11,36.666666666666664,8,26.666666666666668,5,16.666666666666664,3,10.0,1,3.3333333333333335,2,6.666666666666667,2.0,1.4832396974191326,1.0,1.75,86.66666666666667,90.0,93.33333333333333,17,56.666666666666664,5,16.666666666666664,4,13.333333333333334,1,3.3333333333333335,1,3.3333333333333335,2,6.666666666666667,2.033333333333333,1.5380362660079103,1.0,1.75,86.66666666666667,86.66666666666667,93.33333333333333,17,56.666666666666664,5,16.666666666666664,4,13.333333333333334,0,0.0,2,6.666666666666667,2,6.666666666666667,2.1333333333333333,1.564892612574067,1.0,2.0,83.33333333333334,86.66666666666667,93.33333333333333,16,53.333333333333336,5,16.666666666666664,4,13.333333333333334,1,3.3333333333333335,2,6.666666666666667,2,6.666666666666667
475,True,2.5,1.5438048235879214,2.0,2.0,80.0,86.66666666666667,90.0,9,30.0,10,33.33333333333333,5,16.666666666666664,2,6.666666666666667,1,3.3333333333333335,3,10.0,2.1333333333333333,1.4544949486180951,1.5,2.0,83.33333333333334,93.33333333333333,93.33333333333333,15,50.0,5,16.666666666666664,5,16.666666666666664,3,10.0,0,0.0,2,6.666666666666667,2.3666666666666667,1.7413277182145301,1.5,2.75,73.33333333333333,83.33333333333334,90.0,15,50.0,5,16.666666666666664,2,6.666666666666667,3,10.0,2,6.666666666666667,3,10.0,2.3666666666666667,1.5595583420386114,2.0,2.0,80.0,90.0,90.0,12,40.0,7,23.333333333333332,5,16.666666666666664,3,10.0,0,0.0,3,10.0
476,True,2.1666666666666665,1.2931443160847216,2.0,2.0,90.0,93.33333333333333,96.66666666666667,13,43.333333333333336,5,16.666666666666664,9,30.0,1,3.3333333333333335,1,3.3333333333333335,1,3.3333333333333335,2.2333333333333334,1.7259457954666158,1.0,2.0,80.0,86.66666666666667,86.66666666666667,16,53.333333333333336,5,16.666666666666664,3,10.0,2,6.666666666666667,0,0.0,4,13.333333333333334,2.3,1.6563010998406458,2.0,2.0,86.66666666666667,86.66666666666667,86.66666666666667,14,46.666666666666664,5,16.666666666666664,7,23.333333333333332,0,0.0,0,0.0,4,13.333333333333334,2.533333333333333,1.586050300449376,2.0,2.0,80.0,86.66666666666667,90.0,11,36.666666666666664,5,16.666666666666664,8,26.666666666666668,2,6.666666666666667,1,3.3333333333333335,3,10.0
477,True,2.7333333333333334,1.5040685563571303,3.0,2.5,73.33333333333333,90.0,90.0,8,26.666666666666668,6,20.0,8,26.666666666666668,5,16.666666666666664,0,0.0,3,10.0,2.466666666666667,1.6275407487644937,2.0,2.75,73.33333333333333,86.66666666666667,90.0,11,36.666666666666664,9,30.0,2,6.666666666666667,4,13.333333333333334,1,3.3333333333333335,3,10.0,2.6333333333333333,1.6428295373802142,2.0,2.75,73.33333333333333,86.66666666666667,86.66666666666667,9,30.0,9,30.0,4,13.333333333333334,4,13.333333333333334,0,0.0,4,13.333333333333334,2.466666666666667,1.4772346537440226,2.0,2.75,73.33333333333333,93.33333333333333,93.33333333333333,11,36.666666666666664,6,20.0,5,16.666666666666664,6,20.0,0,0.0,2,6.666666666666667
478,True,1.8,1.0770329614269007,1.5,1.0,96.66666666666667,96.66666666666667,96.66666666666667,15,50.0,9,30.0,5,16.666666666666664,0,0.0,0,0.0,1,3.3333333333333335,1.8333333333333333,1.5293426329272617,1.0,1.0,90.0,90.0,90.0,20,66.66666666666666,4,13.333333333333334,3,10.0,0,0.0,0,0.0,3,10.0,1.7333333333333334,1.3148721948877347,1.0,1.0,93.33333333333333,93.33333333333333,93.33333333333333,19,63.33333333333333,6,20.0,3,10.0,0,0.0,0,0.0,2,6.666666666666667,2.2333333333333334,1.7065234314893605,2.0,1.0,83.33333333333334,83.33333333333334,86.66666666666667,14,46.666666666666664,9,30.0,2,6.666666666666667,0,0.0,1,3.3333333333333335,4,13.333333333333334
479,True,2.3666666666666667,1.4487542541400484,2.0,2.0,83.33333333333334,90.0,93.33333333333333,11,36.666666666666664,7,23.333333333333332,7,23.333333333333332,2,6.666666666666667,1,3.3333333333333335,2,6.666666666666667,2.066666666666667,1.5477582354991866,1.0,1.75,86.66666666666667,90.0,90.0,16,53.333333333333336,6,20.0,4,13.333333333333334,1,3.3333333333333335,0,0.0,3,10.0,2.2333333333333334,1.7641491496532322,1.0,1.75,80.0,83.33333333333334,86.66666666666667,16,53.333333333333336,6,20.0,2,6.666666666666667,1,3.3333333333333335,1,3.3333333333333335,4,13.333333333333334,2.6,1.6852299546352718,2.0,2.0,76.66666666666667,80.0,90.0,11,36.666666666666664,6,20.0,6,20.0,1,3.3333333333333335,3,10.0,3,10.0
480,True,3.0,1.632993161855452,3.0,2.0,66.66666666666666,80.0,86.66666666666667,6,20.0,8,26.666666666666668,6,20.0,4,13.333333333333334,2,6.666666666666667,4,13.333333333333334,2.3333333333333335,1.4220486005134363,2.0,2.0,80.0,93.33333333333333,93.33333333333333,11,36.666666666666664,8,26.666666666666668,5,16.666666666666664,4,13.333333333333334,0,0.0,2,6.666666666666667,2.466666666666667,1.4996295838935991,2.0,2.75,73.33333333333333,86.66666666666667,96.66666666666667,11,36.666666666666664,7,23.333333333333332,4,13.333333333333334,4,13.333333333333334,3,10.0,1,3.3333333333333335,2.8333333333333335,1.6141733350404335,3.0,2.5,73.33333333333333,80.0,90.0,8,26.666666666666668,6,20.0,8,26.666666666666668,2,6.666666666666667,3,10.0,3,10.0
481,True,3.1,1.535143858622594,3.0,2.0,60.0,80.0,93.33333333333333,7,23.333333333333332,3,10.0,8,26.666666666666668,6,20.0,4,13.333333333333334,2,6.666666666666667,2.8,1.9390719429665317,2.0,3.0,66.66666666666666,76.66666666666667,80.0,12,40.0,5,16.666666666666664,3,10.0,3,10.0,1,3.3333333333333335,6,20.0,2.966666666666667,1.923249564900221,2.5,3.0,66.66666666666666,76.66666666666667,76.66666666666667,10,33.33333333333333,5,16.666666666666664,5,16.666666666666664,3,10.0,0,0.0,7,23.333333333333332,3.1,1.7387735140993301,3.0,2.75,60.0,80.0,83.33333333333334,8,26.666666666666668,4,13.333333333333334,6,20.0,6,20.0,1,3.3333333333333335,5,16.666666666666664
482,True,2.7,1.46401275039985,2.0,1.0,76.66666666666667,83.33333333333334,93.33333333333333,6,20.0,11,36.666666666666664,6,20.0,2,6.666666666666667,3,10.0,2,6.666666666666667,2.2666666666666666,1.5040685563571303,2.0,2.0,83.33333333333334,86.66666666666667,93.33333333333333,12,40.0,9,30.0,4,13.333333333333334,1,3.3333333333333335,2,6.666666666666667,2,6.666666666666667,2.6,1.8726095873584188,2.0,2.75,73.33333333333333,76.66666666666667,83.33333333333334,12,40.0,8,26.666666666666668,2,6.666666666666667,1,3.3333333333333335,2,6.666666666666667,5,16.666666666666664,2.7666666666666666,1.7451520150277897,2.0,3.5,73.33333333333333,73.33333333333333,90.0,10,33.33333333333333,6,20.0,6,20.0,0,0.0,5,16.666666666666664,3,10.0
483,True,2.5,1.284523257866513,2.0,2.75,73.33333333333333,93.33333333333333,100.0,9,30.0,7,23.333333333333332,6,20.0,6,20.0,2,6.666666666666667,0,0.0,2.4,1.7048949136725895,2.0,2.0,80.0,86.66666666666667,86.66666666666667,14,46.666666666666664,4,13.333333333333334,6,20.0,2,6.666666666666667,0,0.0,4,13.333333333333334,2.533333333333333,1.7838784213679537,2.0,2.75,73.33333333333333,83.33333333333334,86.66666666666667,14,46.666666666666664,3,10.0,5,16.666666666666664,3,10.0,1,3.3333333333333335,4,13.333333333333334,2.7333333333333334,1.9136933459209768,2.0,3.0,70.0,80.0,80.0,13,43.333333333333336,3,10.0,5,16.666666666666664,3,10.0,0,0.0,6,20.0
484,True,2.533333333333333,1.4313940369055926,2.0,1.0,83.33333333333334,90.0,90.0,7,23.333333333333332,11,36.666666666666664,7,23.333333333333332,2,6.666666666666667,0,0.0,3,10.0,2.3666666666666667,1.6428295373802142,2.0,2.0,83.33333333333334,83.33333333333334,90.0,13,43.333333333333336,6,20.0,6,20.0,0,0.0,2,6.666666666666667,3,10.0,2.433333333333333,1.7259457954666158,2.0,2.0,80.0,83.33333333333334,86.66666666666667,13,43.333333333333336,6,20.0,5,16.666666666666664,1,3.3333333333333335,1,3.3333333333333335,4,13.333333333333334,2.3666666666666667,1.4019827229875392,2.0,2.0,80.0,90.0,96.66666666666667,11,36.666666666666664,7,23.333333333333332,6,20.0,3,10.0,2,6.666666666666667,1,3.3333333333333335
485,True,2.3666666666666667,1.4255603186895398,2.0,1.75,86.66666666666667,90.0,90.0,8,26.666666666666668,13,43.333333333333336,5,16.666666666666664,1,3.3333333333333335,0,0.0,3,10.0,2.1333333333333333,1.6275407487644937,2.0,1.0,86.66666666666667,86.66666666666667,86.66666666666667,14,46.666666666666664,10,33.33333333333333,2,6.666666666666667,0,0.0,0,0.0,4,13.333333333333334,2.1666666666666665,1.5509853498842456,2.0,1.0,86.66666666666667,86.66666666666667,90.0,13,43.333333333333336,10,33.33333333333333,3,10.0,0,0.0,1,3.3333333333333335,3,10.0,2.5,1.648231375343482,2.0,2.0,80.0,80.0,90.0,10,33.33333333333333,10,33.33333333333333,4,13.333333333333334,0,0.0,3,10.0,3,10.0
486,True,2.466666666666667,1.627540748764494,2.0,2.0,76.66666666666667,86.66666666666667,90.0,12,40.0,6,20.0,5,16.666666666666664,3,10.0,1,3.3333333333333335,3,10.0,2.2666666666666666,1.8427033281447005,1.0,1.75,76.66666666666667,80.0,86.66666666666667,17,56.666666666666664,5,16.666666666666664,1,3.3333333333333335,1,3.3333333333333335,2,6.666666666666667,4,13.333333333333334,2.5,1.9450792614526877,1.5,2.75,73.33333333333333,80.0,80.0,15,50.0,5,16.666666666666664,2,6.666666666666667,2,6.666666666666667,0,0.0,6,20.0,2.6333333333333333,1.7978382080215733,2.0,2.75,73.33333333333333,83.33333333333334,83.33333333333334,12,40.0,5,16.666666666666664,5,16.666666666666664,3,10.0,0,0.0,5,16.666666666666664
487,True,2.8666666666666667,1.7269111795984826,2.5,3.0,66.66666666666666,80.0,86.66666666666667,9,30.0,6,20.0,5,16.666666666666664,4,13.333333333333334,2,6.666666666666667,4,13.333333333333334,2.466666666666667,1.8208667044996885,2.0,2.75,73.33333333333333,80.0,86.66666666666667,14,46.666666666666664,6,20.0,2,6.666666666666667,2,6.666666666666667,2,6.666666666666667,4,13.333333333333334,2.6333333333333333,1.834545054108935,2.0,2.75,73.33333333333333,76.66666666666667,86.66666666666667,13,43.333333333333336,4,13.333333333333334,5,16.666666666666664,1,3.3333333333333335,3,10.0,4,13.333333333333334,2.966666666666667,1.9405039437103844,2.5,3.75,63.33333333333333,73.33333333333333,80.0,11,36.666666666666664,4,13.333333333333334,4,13.333333333333334,3,10.0,2,6.666666666666667,6,20.0
488,True,2.533333333333333,1.4544949486180951,2.0,1.0,80.0,90.0,90.0,7,23.333333333333332,12,40.0,5,16.666666666666664,3,10.0,0,0.0,3,10.0,2.433333333333333,1.7451520150277897,2.0,2.0,76.66666666666667,83.33333333333334,86.66666666666667,13,43.333333333333336,7,23.333333333333332,3,10.0,2,6.666666666666667,1,3.3333333333333335,4,13.333333333333334,2.6333333333333333,1.7978382080215733,2.0,2.75,73.33333333333333,80.0,83.33333333333334,10,33.33333333333333,10,33.33333333333333,2,6.666666666666667,2,6.666666666666667,1,3.3333333333333335,5,16.666666666666664,2.7,1.754042948923049,2.0,3.0,70.0,80.0,86.66666666666667,10,33.33333333333333,8,26.666666666666668,3,10.0,3,10.0,2,6.666666666666667,4,13.333333333333334
489,True,2.8666666666666667,1.687865186822955,2.5,2.75,70.0,80.0,86.66666666666667,8,26.666666666666668,7,23.333333333333332,6,20.0,3,10.0,2,6.666666666666667,4,13.333333333333334,2.2333333333333334,1.6265163865007801,1.5,2.0,80.0,83.33333333333334,93.33333333333333,15,50.0,6,20.0,3,10.0,1,3.3333333333333335,3,10.0,2,6.666666666666667,2.466666666666667,1.80246744461277,2.0,2.75,73.33333333333333,76.66666666666667,90.0,14,46.666666666666664,6,20.0,2,6.666666666666667,1,3.3333333333333335,4,13.333333333333334,3,10.0,2.533333333333333,1.6069294390925266,2.0,2.0,76.66666666666667,80.0,93.33333333333333,10,33.33333333333333,9,30.0,4,13.333333333333334,1,3.3333333333333335,4,13.333333333333334,2,6.666666666666667
490,True,2.6,1.2806248474865698,2.0,1.75,73.33333333333333,93.33333333333333,96.66666666666667,6,20.0,11,36.666666666666664,5,16.666666666666664,6,20.0,1,3.3333333333333335,1,3.3333333333333335,2.466666666666667,1.586050300449376,2.0,2.0,76.66666666666667,83.33333333333334,93.33333333333333,11,36.666666666666664,8,26.666666666666668,4,13.333333333333334,2,6.666666666666667,3,10.0,2,6.666666666666667,2.533333333333333,1.6478942792411033,2.0,2.0,80.0,83.33333333333334,86.66666666666667,9,30.0,11,36.666666666666664,4,13.333333333333334,1,3.3333333333333335,1,3.3333333333333335,4,13.333333333333334,2.9,1.6401219466856725,2.5,1.75,73.33333333333333,83.33333333333334,83.33333333333334,6,20.0,9,30.0,7,23.333333333333332,3,10.0,0,0.0,5,16.666666666666664
491,True,2.533333333333333,1.4079141387961918,2.0,1.75,76.66666666666667,86.66666666666667,96.66666666666667,8,26.666666666666668,10,33.33333333333333,5,16.666666666666664,3,10.0,3,10.0,1,3.3333333333333335,2.3,1.7916472867168918,1.0,2.0,76.66666666666667,83.33333333333334,86.66666666666667,16,53.333333333333336,5,16.666666666666664,2,6.666666666666667,2,6.666666666666667,1,3.3333333333333335,4,13.333333333333334,2.2333333333333334,1.6265163865007803,2.0,1.75,80.0,86.66666666666667,90.0,14,46.666666666666664,8,26.666666666666668,2,6.666666666666667,2,6.666666666666667,1,3.3333333333333335,3,10.0,2.5,1.8211717839530315,1.5,3.0,70.0,83.33333333333334,86.66666666666667,15,50.0,3,10.0,3,10.0,4,13.333333333333334,1,3.3333333333333335,4,13.333333333333334
492,True,3.2333333333333334,1.7259457954666155,3.5,2.75,50.0,76.66666666666667,86.66666666666667,8,26.666666666666668,3,10.0,4,13.333333333333334,8,26.666666666666668,3,10.0,4,13.333333333333334,2.6333333333333333,1.8162843634433703,2.0,3.0,70.0,83.33333333333334,83.33333333333334,12,40.0,6,20.0,3,10.0,4,13.333333333333334,0,0.0,5,16.666666666666664,2.6333333333333333,1.8162843634433703,2.0,3.0,70.0,83.33333333333334,83.33333333333334,12,40.0,6,20.0,3,10.0,4,13.333333333333334,0,0.0,5,16.666666666666664,3.033333333333333,1.8162843634433703,2.5,3.75,56.666666666666664,73.33333333333333,86.66666666666667,9,30.0,6,20.0,2,6.666666666666667,5,16.666666666666664,4,13.333333333333334,4,13.333333333333334
493,True,3.033333333333333,1.3034143197344765,3.0,2.0,66.66666666666666,90.0,93.33333333333333,4,13.333333333333334,6,20.0,10,33.33333333333333,7,23.333333333333332,1,3.3333333333333335,2,6.666666666666667,2.6,1.5832456116050557,2.0,2.0,76.66666666666667,86.66666666666667,90.0,10,33.33333333333333,6,20.0,7,23.333333333333332,3,10.0,1,3.3333333333333335,3,10.0,2.6666666666666665,1.6193277068654826,2.0,2.0,76.66666666666667,86.66666666666667,86.66666666666667,9,30.0,7,23.333333333333332,7,23.333333333333332,3,10.0,0,0.0,4,13.333333333333334,2.8666666666666667,1.5434449203720302,3.0,2.0,66.66666666666666,86.66666666666667,90.0,7,23.333333333333332,7,23.333333333333332,6,20.0,6,20.0,1,3.3333333333333335,3,10.0
494,True,3.066666666666667,1.671991493864594,3.0,2.75,60.0,76.66666666666667,90.0,8,26.666666666666668,4,13.333333333333334,6,20.0,5,16.666666666666664,4,13.333333333333334,3,10.0,2.466666666666667,1.7269111795984824,2.0,2.75,73.33333333333333,83.33333333333334,90.0,14,46.666666666666664,4,13.333333333333334,4,13.333333333333334,3,10.0,2,6.666666666666667,3,10.0,2.6333333333333333,1.7978382080215733,2.0,3.0,70.0,76.66666666666667,90.0,13,43.333333333333336,4,13.333333333333334,4,13.333333333333334,2,6.666666666666667,4,13.333333333333334,3,10.0,2.533333333333333,1.4996295838935993,2.0,2.75,73.33333333333333,90.0,93.33333333333333,10,33.33333333333333,7,23.333333333333332,5,16.666666666666664,5,16.666666666666664,1,3.3333333333333335,2,6.666666666666667
495,True,3.3666666666666667,1.4487542541400489,3.0,1.75,53.333333333333336,80.0,90.0,4,13.333333333333334,4,13.333333333333334,8,26.666666666666668,8,26.666666666666668,3,10.0,3,10.0,2.8,1.851125783588643,2.0,4.0,66.66666666666666,70.0,90.0,12,40.0,4,13.333333333333334,4,13.333333333333334,1,3.3333333333333335,6,20.0,3,10.0,2.9,1.7578395831246945,3.0,3.0,63.33333333333333,80.0,86.66666666666667,10,33.33333333333333,4,13.333333333333334,5,16.666666666666664,5,16.666666666666664,2,6.666666666666667,4,13.333333333333334,2.966666666666667,1.7978382080215736,3.0,3.0,66.66666666666666,76.66666666666667,83.33333333333334,9,30.0,5,16.666666666666664,6,20.0,3,10.0,2,6.666666666666667,5,16.666666666666664
496,True,2.3,1.187434208703792,2.0,2.0,86.66666666666667,96.66666666666667,96.66666666666667,9,30.0,9,30.0,8,26.666666666666668,3,10.0,0,0.0,1,3.3333333333333335,2.2,1.7009801096230763,1.5,1.0,80.0,86.66666666666667,86.66666666666667,15,50.0,8,26.666666666666668,1,3.3333333333333335,2,6.666666666666667,0,0.0,4,13.333333333333334,2.1,1.5132745950421556,2.0,1.0,86.66666666666667,90.0,90.0,14,46.666666666666664,9,30.0,3,10.0,1,3.3333333333333335,0,0.0,3,10.0,2.1666666666666665,1.4624940645653535,2.0,1.75,90.0,90.0,90.0,12,40.0,10,33.33333333333333,5,16.666666666666664,0,0.0,0,0.0,3,10.0
497,True,2.7,0.971253485622231,3.0,1.0,83.33333333333334,93.33333333333333,100.0,2,6.666666666666667,12,40.0,11,36.666666666666664,3,10.0,2,6.666666666666667,0,0.0,2.3666666666666667,1.4255603186895398,2.0,1.75,86.66666666666667,90.0,90.0,8,26.666666666666668,13,43.333333333333336,5,16.666666666666664,1,3.3333333333333335,0,0.0,3,10.0,2.5,1.5652475842498528,2.0,1.75,83.33333333333334,86.66666666666667,86.66666666666667,8,26.666666666666668,12,40.0,5,16.666666666666664,1,3.3333333333333335,0,0.0,4,13.333333333333334,2.8,1.5577761927397231,2.0,2.0,70.0,83.33333333333334,90.0,6,20.0,11,36.666666666666664,4,13.333333333333334,4,13.333333333333334,2,6.666666666666667,3,10.0
498,True,2.433333333333333,1.3337499349161703,2.0,1.75,83.33333333333334,93.33333333333333,93.33333333333333,8,26.666666666666668,10,33.33333333333333,7,23.333333333333332,3,10.0,0,0.0,2,6.666666666666667,2.1333333333333333,1.4544949486180951,2.0,2.0,86.66666666666667,90.0,93.33333333333333,14,46.666666666666664,7,23.333333333333332,5,16.666666666666664,1,3.3333333333333335,1,3.3333333333333335,2,6.666666666666667,2.466666666666667,1.687865186822955,2.0,2.75,73.33333333333333,83.33333333333334,90.0,12,40.0,8,26.666666666666668,2,6.666666666666667,3,10.0,2,6.666666666666667,3,10.0,2.3333333333333335,1.4220486005134363,2.0,2.0,80.0,93.33333333333333,93.33333333333333,11,36.666666666666664,8,26.666666666666668,5,16.666666666666664,4,13.333333333333334,0,0.0,2,6.666666666666667
499,True,2.8,1.4922019523732928,3.0,1.0,76.66666666666667,86.66666666666667,90.0,7,23.333333333333332,6,20.0,10,33.33333333333333,3,10.0,1,3.3333333333333335,3,10.0,2.433333333333333,1.6669999666733315,2.0,2.0,76.66666666666667,83.33333333333334,90.0,12,40.0,8,26.666666666666668,3,10.0,2,6.666666666666667,2,6.666666666666667,3,10.0,2.5,1.707825127659933,2.0,2.0,76.66666666666667,83.33333333333334,86.66666666666667,11,36.666666666666664,9,30.0,3,10.0,2,6.666666666666667,1,3.3333333333333335,4,13.333333333333334,2.6333333333333333,1.6829207415152447,2.0,3.0,70.0,83.33333333333334,90.0,11,36.666666666666664,6,20.0,4,13.333333333333334,4,13.333333333333334,2,6.666666666666667,3,10.0
500,True,2.466666666666667,1.2840906856172147,2.0,1.0,86.66666666666667,93.33333333333333,93.33333333333333,7,23.333333333333332,10,33.33333333333333,9,30.0,2,6.666666666666667,0,0.0,2,6.666666666666667,2.3333333333333335,1.7950549357115013,1.5,2.0,80.0,80.0,86.66666666666667,15,50.0,6,20.0,3,10.0,0,0.0,2,6.666666666666667,4,13.333333333333334,2.433333333333333,1.7641491496532322,2.0,2.0,83.33333333333334,83.33333333333334,83.33333333333334,13,43.333333333333336,6,20.0,6,20.0,0,0.0,0,0.0,5,16.666666666666664,2.5,1.6881943016134133,2.0,2.0,80.0,83.33333333333334,86.66666666666667,11,36.666666666666664,8,26.666666666666668,5,16.666666666666664,1,3.3333333333333335,1,3.3333333333333335,4,13.333333333333334
501,True,3.0,1.4142135623730951,3.0,2.0,70.0,83.33333333333334,93.33333333333333,5,16.666666666666664,6,20.0,10,33.33333333333333,4,13.333333333333334,3,10.0,2,6.666666666666667,2.6,1.7243356208503418,2.0,2.75,73.33333333333333,80.0,90.0,12,40.0,5,16.666666666666664,5,16.666666666666664,2,6.666666666666667,3,10.0,3,10.0,2.8333333333333335,1.7527755766846542,3.0,3.0,66.66666666666666,76.66666666666667,90.0,11,36.666666666666664,3,10.0,6,20.0,3,10.0,4,13.333333333333334,3,10.0,2.8333333333333335,1.507389207279335,3.0,2.0,70.0,83.33333333333334,93.33333333333333,7,23.333333333333332,7,23.333333333333332,7,23.333333333333332,4,13.333333333333334,3,10.0,2,6.666666666666667
502,True,2.5,1.3354150416006754,2.0,1.0,90.0,90.0,90.0,5,16.666666666666664,14,46.666666666666664,8,26.666666666666668,0,0.0,0,0.0,3,10.0,2.3333333333333335,1.699673171197595,1.5,2.0,76.66666666666667,80.0,93.33333333333333,15,50.0,5,16.666666666666664,3,10.0,1,3.3333333333333335,4,13.333333333333334,2,6.666666666666667,2.5,1.6072751268321592,2.0,2.75,73.33333333333333,83.33333333333334,93.33333333333333,11,36.666666666666664,8,26.666666666666668,3,10.0,3,10.0,3,10.0,2,6.666666666666667,2.7,1.6563010998406458,2.0,2.75,73.33333333333333,80.0,90.0,9,30.0,8,26.666666666666668,5,16.666666666666664,2,6.666666666666667,3,10.0,3,10.0
503,True,2.7666666666666666,1.3828312341794362,2.0,1.0,80.0,86.66666666666667,90.0,3,10.0,14,46.666666666666664,7,23.333333333333332,2,6.666666666666667,1,3.3333333333333335,3,10.0,2.433333333333333,1.5205992970609392,2.0,1.5,80.0,86.66666666666667,90.0,8,26.666666666666668,14,46.666666666666664,2,6.666666666666667,2,6.666666666666667,1,3.3333333333333335,3,10.0,2.6,1.5187714333192688,2.0,2.5,73.33333333333333,80.0,96.66666666666667,8,26.666666666666668,11,36.666666666666664,3,10.0,2,6.666666666666667,5,16.666666666666664,1,3.3333333333333335,2.533333333333333,1.3840359661351131,2.0,1.0,76.66666666666667,90.0,93.33333333333333,6,20.0,14,46.666666666666664,3,10.0,4,13.333333333333334,1,3.3333333333333335,2,6.666666666666667
504,True,2.8,1.4236104336041748,3.0,1.0,76.66666666666667,90.0,90.0,6,20.0,7,23.333333333333332,10,33.33333333333333,4,13.333333333333334,0,0.0,3,10.0,2.5,1.6881943016134133,2.0,2.75,73.33333333333333,83.33333333333334,90.0,12,40.0,7,23.333333333333332,3,10.0,3,10.0,2,6.666666666666667,3,10.0,2.5,1.7654083569153813,2.0,2.0,76.66666666666667,80.0,86.66666666666667,12,40.0,8,26.666666666666668,3,10.0,1,3.3333333333333335,2,6.666666666666667,4,13.333333333333334,2.7,1.656301099840646,2.0,3.0,70.0,83.33333333333334,90.0,10,33.33333333333333,6,20.0,5,16.666666666666664,4,13.333333333333334,2,6.666666666666667,3,10.0
505,True,2.3666666666666667,1.3780017739062924,2.0,2.0,83.33333333333334,93.33333333333333,93.33333333333333,10,33.33333333333333,8,26.666666666666668,7,23.333333333333332,3,10.0,0,0.0,2,6.666666666666667,2.1666666666666665,1.3682917167849193,2.0,2.0,86.66666666666667,93.33333333333333,93.33333333333333,12,40.0,9,30.0,5,16.666666666666664,2,6.666666666666667,0,0.0,2,6.666666666666667,2.4,1.645195023900409,2.0,2.0,80.0,86.66666666666667,86.66666666666667,11,36.666666666666664,10,33.33333333333333,3,10.0,2,6.666666666666667,0,0.0,4,13.333333333333334,2.4,1.3808210118138653,2.0,2.0,76.66666666666667,90.0,96.66666666666667,9,30.0,11,36.666666666666664,3,10.0,4,13.333333333333334,2,6.666666666666667,1,3.3333333333333335
506,True,3.1333333333333333,1.6679994670929073,3.0,2.0,66.66666666666666,80.0,83.33333333333334,7,23.333333333333332,3,10.0,10,33.33333333333333,4,13.333333333333334,1,3.3333333333333335,5,16.666666666666664,2.3666666666666667,1.6629959577688562,2.0,2.0,83.33333333333334,86.66666666666667,86.66666666666667,13,43.333333333333336,6,20.0,6,20.0,1,3.3333333333333335,0,0.0,4,13.333333333333334,2.6666666666666665,1.7950549357115013,2.0,2.75,73.33333333333333,76.66666666666667,86.66666666666667,11,36.666666666666664,7,23.333333333333332,4,13.333333333333334,1,3.3333333333333335,3,10.0,4,13.333333333333334,2.9,1.7767010628315238,2.0,2.75,70.0,76.66666666666667,83.33333333333334,8,26.666666666666668,8,26.666666666666668,5,16.666666666666664,2,6.666666666666667,2,6.666666666666667,5,16.666666666666664
507,True,3.1333333333333333,1.8024674446127702,3.0,2.0,60.0,76.66666666666667,80.0,7,23.333333333333332,7,23.333333333333332,4,13.333333333333334,5,16.666666666666664,1,3.3333333333333335,6,20.0,2.466666666666667,1.7838784213679537,2.0,2.0,83.33333333333334,83.33333333333334,83.33333333333334,14,46.666666666666664,3,10.0,8,26.666666666666668,0,0.0,0,0.0,5,16.666666666666664,2.6333333333333333,1.7413277182145301,2.0,3.0,70.0,80.0,90.0,12,40.0,5,16.666666666666664,4,13.333333333333334,3,10.0,3,10.0,3,10.0,2.689655172413793,1.7040205656008052,3.0,2.0,75.86206896551724,79.3103448275862,89.65517241379311,11,37.93103448275862,3,10.344827586206897,8,27.586206896551722,1,3.4482758620689653,3,10.344827586206897,3,10.344827586206897
508,True,2.7333333333333334,1.6918103387266028,2.5,2.75,73.33333333333333,83.33333333333334,86.66666666666667,10,33.33333333333333,5,16.666666666666664,7,23.333333333333332,3,10.0,1,3.3333333333333335,4,13.333333333333334,2.3333333333333335,1.7950549357115013,1.5,2.0,80.0,80.0,86.66666666666667,15,50.0,6,20.0,3,10.0,0,0.0,2,6.666666666666667,4,13.333333333333334,2.3666666666666667,1.7026123718829513,2.0,2.0,76.66666666666667,83.33333333333334,90.0,14,46.666666666666664,6,20.0,3,10.0,2,6.666666666666667,2,6.666666666666667,3,10.0,2.566666666666667,1.5205992970609392,2.0,2.0,80.0,83.33333333333334,93.33333333333333,9,30.0,8,26.666666666666668,7,23.333333333333332,1,3.3333333333333335,3,10.0,2,6.666666666666667
509,True,2.3666666666666667,1.4487542541400487,2.0,2.0,86.66666666666667,86.66666666666667,93.33333333333333,10,33.33333333333333,9,30.0,7,23.333333333333332,0,0.0,2,6.666666666666667,2,6.666666666666667,1.9,1.2206555615733703,1.0,1.75,90.0,96.66666666666667,96.66666666666667,16,53.333333333333336,6,20.0,5,16.666666666666664,2,6.666666666666667,0,0.0,1,3.3333333333333335,2.1666666666666665,1.4624940645653537,1.5,2.0,83.33333333333334,93.33333333333333,93.33333333333333,15,50.0,4,13.333333333333334,6,20.0,3,10.0,0,0.0,2,6.666666666666667,2.1333333333333333,1.4544949486180951,1.5,2.0,83.33333333333334,93.33333333333333,93.33333333333333,15,50.0,5,16.666666666666664,5,16.666666666666664,3,10.0,0,0.0,2,6.666666666666667
510,True,2.7666666666666666,1.3337499349161703,3.0,1.0,83.33333333333334,90.0,90.0,4,13.333333333333334,10,33.33333333333333,11,36.666666666666664,2,6.666666666666667,0,0.0,3,10.0,2.566666666666667,1.5638272140986533,2.0,2.0,76.66666666666667,86.66666666666667,90.0,9,30.0,9,30.0,5,16.666666666666664,3,10.0,1,3.3333333333333335,3,10.0,2.7666666666666666,1.7641491496532324,2.0,2.75,73.33333333333333,80.0,83.33333333333334,9,30.0,8,26.666666666666668,5,16.666666666666664,2,6.666666666666667,1,3.3333333333333335,5,16.666666666666664,2.8333333333333335,1.5723301886761007,2.5,2.0,70.0,83.33333333333334,90.0,7,23.333333333333332,8,26.666666666666668,6,20.0,4,13.333333333333334,2,6.666666666666667,3,10.0
511,True,2.966666666666667,1.702612371882951,3.0,2.75,70.0,76.66666666666667,86.66666666666667,8,26.666666666666668,5,16.666666666666664,8,26.666666666666668,2,6.666666666666667,3,10.0,4,13.333333333333334,2.433333333333333,1.686877457183999,2.0,2.0,76.66666666666667,83.33333333333334,90.0,13,43.333333333333336,6,20.0,4,13.333333333333334,2,6.666666666666667,2,6.666666666666667,3,10.0,2.566666666666667,1.7259457954666158,2.0,2.75,73.33333333333333,80.0,90.0,12,40.0,6,20.0,4,13.333333333333334,2,6.666666666666667,3,10.0,3,10.0,2.5,1.648231375343482,2.0,2.75,73.33333333333333,86.66666666666667,90.0,12,40.0,6,20.0,4,13.333333333333334,4,13.333333333333334,1,3.3333333333333335,3,10.0
512,True,2.5,1.2583057392117916,2.5,1.75,83.33333333333334,93.33333333333333,96.66666666666667,8,26.666666666666668,7,23.333333333333332,10,33.33333333333333,3,10.0,1,3.3333333333333335,1,3.3333333333333335,2.2333333333333334,1.4302291968616623,2.0,2.0,86.66666666666667,90.0,93.33333333333333,12,40.0,8,26.666666666666668,6,20.0,1,3.3333333333333335,1,3.3333333333333335,2,6.666666666666667,2.533333333333333,1.8571184369578826,2.0,2.0,80.0,80.0,80.0,12,40.0,8,26.666666666666668,4,13.333333333333334,0,0.0,0,0.0,6,20.0,2.7,1.7729448195962934,2.0,2.0,76.66666666666667,76.66666666666667,86.66666666666667,11,36.666666666666664,5,16.666666666666664,7,23.333333333333332,0,0.0,3,10.0,4,13.333333333333334
513,True,2.4,1.2806248474865696,2.0,2.0,83.33333333333334,93.33333333333333,96.66666666666667,9,30.0,8,26.666666666666668,8,26.666666666666668,3,10.0,1,3.3333333333333335,1,3.3333333333333335,2.2,1.32664991614216,2.0,2.0,80.0,96.66666666666667,96.66666666666667,13,43.333333333333336,6,20.0,5,16.666666666666664,5,16.666666666666664,0,0.0,1,3.3333333333333335,2.4,1.645195023900409,2.0,2.0,76.66666666666667,86.66666666666667,90.0,13,43.333333333333336,6,20.0,4,13.333333333333334,3,10.0,1,3.3333333333333335,3,10.0,2.3333333333333335,1.2736648783028535,2.0,2.0,80.0,96.66666666666667,96.66666666666667,10,33.33333333333333,8,26.666666666666668,6,20.0,5,16.666666666666664,0,0.0,1,3.3333333333333335
514,True,2.1666666666666665,1.2405196043952265,2.0,2.0,86.66666666666667,96.66666666666667,96.66666666666667,12,40.0,7,23.333333333333332,7,23.333333333333332,3,10.0,0,0.0,1,3.3333333333333335,2.066666666666667,1.4360439485692011,1.5,2.0,90.0,90.0,93.33333333333333,15,50.0,6,20.0,6,20.0,0,0.0,1,3.3333333333333335,2,6.666666666666667,2.3333333333333335,1.7191729277636836,2.0,2.0,83.33333333333334,83.33333333333334,86.66666666666667,14,46.666666666666664,6,20.0,5,16.666666666666664,0,0.0,1,3.3333333333333335,4,13.333333333333334,2.3666666666666667,1.6629959577688562,2.0,2.0,83.33333333333334,86.66666666666667,86.66666666666667,13,43.333333333333336,6,20.0,6,20.0,1,3.3333333333333335,0,0.0,4,13.333333333333334
515,True,2.433333333333333,1.4067298564006128,2.0,1.75,86.66666666666667,86.66666666666667,93.33333333333333,8,26.666666666666668,11,36.666666666666664,7,23.333333333333332,0,0.0,2,6.666666666666667,2,6.666666666666667,2.1333333333333333,1.4996295838935991,2.0,1.75,86.66666666666667,86.66666666666667,93.33333333333333,14,46.666666666666664,8,26.666666666666668,4,13.333333333333334,0,0.0,2,6.666666666666667,2,6.666666666666667,2.2,1.4696938456699067,2.0,2.0,83.33333333333334,86.66666666666667,96.66666666666667,14,46.666666666666664,6,20.0,5,16.666666666666664,1,3.3333333333333335,3,10.0,1,3.3333333333333335,2.566666666666667,1.6265163865007801,2.0,1.75,80.0,83.33333333333334,86.66666666666667,8,26.666666666666668,12,40.0,4,13.333333333333334,1,3.3333333333333335,1,3.3333333333333335,4,13.333333333333334
516,True,2.6,1.451436070471816,2.0,1.0,80.0,90.0,90.0,7,23.333333333333332,10,33.33333333333333,7,23.333333333333332,3,10.0,0,0.0,3,10.0,2.1,1.374772708486752,2.0,1.0,90.0,90.0,93.33333333333333,12,40.0,11,36.666666666666664,4,13.333333333333334,0,0.0,1,3.3333333333333335,2,6.666666666666667,2.033333333333333,1.27758452644912,2.0,1.0,93.33333333333333,93.33333333333333,93.33333333333333,12,40.0,11,36.666666666666664,5,16.666666666666664,0,0.0,0,0.0,2,6.666666666666667,2.5,1.7272328544042153,2.0,2.0,80.0,80.0,86.66666666666667,11,36.666666666666664,9,30.0,4,13.333333333333334,0,0.0,2,6.666666666666667,4,13.333333333333334
517,True,2.7,1.5307950004273376,2.5,3.0,70.0,86.66666666666667,93.33333333333333,9,30.0,6,20.0,6,20.0,5,16.666666666666664,2,6.666666666666667,2,6.666666666666667,2.3333333333333335,1.86785676348292,1.0,2.0,76.66666666666667,83.33333333333334,83.33333333333334,17,56.666666666666664,3,10.0,3,10.0,2,6.666666666666667,0,0.0,5,16.666666666666664,2.2333333333333334,1.54236470683457,1.5,2.0,80.0,90.0,93.33333333333333,15,50.0,4,13.333333333333334,5,16.666666666666664,3,10.0,1,3.3333333333333335,2,6.666666666666667,2.6333333333333333,1.622412469818394,2.0,2.0,76.66666666666667,83.33333333333334,90.0,10,33.33333333333333,6,20.0,7,23.333333333333332,2,6.666666666666667,2,6.666666666666667,3,10.0
518,True,2.3,1.1874342087037917,2.0,2.0,83.33333333333334,96.66666666666667,100.0,11,36.666666666666664,5,16.666666666666664,9,30.0,4,13.333333333333334,1,3.3333333333333335,0,0.0,2.2666666666666666,1.6918103387266028,1.0,2.0,76.66666666666667,83.33333333333334,93.33333333333333,17,56.666666666666664,2,6.666666666666667,4,13.333333333333334,2,6.666666666666667,3,10.0,2,6.666666666666667,2.3666666666666667,1.7603661235347858,1.5,2.0,80.0,83.33333333333334,86.66666666666667,15,50.0,4,13.333333333333334,5,16.666666666666664,1,3.3333333333333335,1,3.3333333333333335,4,13.333333333333334,2.3666666666666667,1.3780017739062924,2.0,2.0,80.0,93.33333333333333,96.66666666666667,12,40.0,4,13.333333333333334,8,26.666666666666668,4,13.333333333333334,1,3.3333333333333335,1,3.3333333333333335
519,True,2.2666666666666666,1.18133634311129,2.0,2.0,83.33333333333334,93.33333333333333,100.0,9,30.0,11,36.666666666666664,5,16.666666666666664,3,10.0,2,6.666666666666667,0,0.0,2.033333333333333,1.2242911781471304,2.0,1.0,90.0,93.33333333333333,96.66666666666667,12,40.0,11,36.666666666666664,4,13.333333333333334,1,3.3333333333333335,1,3.3333333333333335,1,3.3333333333333335,2.4,1.685229954635272,2.0,2.0,76.66666666666667,86.66666666666667,86.66666666666667,12,40.0,9,30.0,2,6.666666666666667,3,10.0,0,0.0,4,13.333333333333334,2.1333333333333333,1.14697670227235,2.0,2.0,90.0,96.66666666666667,96.66666666666667,10,33.33333333333333,11,36.666666666666664,6,20.0,2,6.666666666666667,0,0.0,1,3.3333333333333335
520,True,2.5,1.408308678285174,2.0,2.0,80.0,86.66666666666667,96.66666666666667,9,30.0,8,26.666666666666668,7,23.333333333333332,2,6.666666666666667,3,10.0,1,3.3333333333333335,2.1,1.445683229480096,2.0,1.75,86.66666666666667,90.0,93.33333333333333,14,46.666666666666664,8,26.666666666666668,4,13.333333333333334,1,3.3333333333333335,1,3.3333333333333335,2,6.666666666666667,2.1,1.4224392195567914,2.0,1.75,83.33333333333334,93.33333333333333,93.33333333333333,14,46.666666666666664,8,26.666666666666668,3,10.0,3,10.0,0,0.0,2,6.666666666666667,2.3,1.6155494421403513,2.0,2.0,80.0,86.66666666666667,90.0,13,43.333333333333336,8,26.666666666666668,3,10.0,2,6.666666666666667,1,3.3333333333333335,3,10.0
521,True,2.6,1.5187714333192688,2.0,3.0,70.0,90.0,93.33333333333333,10,33.33333333333333,6,20.0,5,16.666666666666664,6,20.0,1,3.3333333333333335,2,6.666666666666667,2.2,1.6411378166788229,1.5,1.75,80.0,86.66666666666667,90.0,15,50.0,7,23.333333333333332,2,6.666666666666667,2,6.666666666666667,1,3.3333333333333335,3,10.0,2.466666666666667,1.8208667044996885,2.0,2.75,73.33333333333333,80.0,86.66666666666667,14,46.666666666666664,6,20.0,2,6.666666666666667,2,6.666666666666667,2,6.666666666666667,4,13.333333333333334,2.6666666666666665,1.6996731711975948,2.0,3.0,63.33333333333333,83.33333333333334,90.0,10,33.33333333333333,9,30.0,0,0.0,6,20.0,2,6.666666666666667,3,10.0
522,True,2.466666666666667,1.4079141387961918,2.0,1.0,86.66666666666667,90.0,90.0,7,23.333333333333332,12,40.0,7,23.333333333333332,1,3.3333333333333335,0,0.0,3,10.0,2.2666666666666666,1.7499206331208919,1.0,2.0,76.66666666666667,86.66666666666667,86.66666666666667,16,53.333333333333336,5,16.666666666666664,2,6.666666666666667,3,10.0,0,0.0,4,13.333333333333334,2.3333333333333335,1.776388345929897,2.0,1.0,80.0,83.33333333333334,83.33333333333334,13,43.333333333333336,10,33.33333333333333,1,3.3333333333333335,1,3.3333333333333335,0,0.0,5,16.666666666666664,2.1,1.3988090172238192,2.0,1.0,83.33333333333334,93.33333333333333,93.33333333333333,13,43.333333333333336,10,33.33333333333333,2,6.666666666666667,3,10.0,0,0.0,2,6.666666666666667
523,True,2.533333333333333,1.4313940369055926,2.0,1.0,83.33333333333334,90.0,90.0,7,23.333333333333332,11,36.666666666666664,7,23.333333333333332,2,6.666666666666667,0,0.0,3,10.0,2.2333333333333334,1.54236470683457,2.0,2.0,86.66666666666667,90.0,90.0,14,46.666666666666664,5,16.666666666666664,7,23.333333333333332,1,3.3333333333333335,0,0.0,3,10.0,2.433333333333333,1.7451520150277897,2.0,2.0,80.0,83.33333333333334,86.66666666666667,14,46.666666666666664,4,13.333333333333334,6,20.0,1,3.3333333333333335,1,3.3333333333333335,4,13.333333333333334,2.5,1.5652475842498528,2.0,2.0,80.0,86.66666666666667,90.0,10,33.33333333333333,8,26.666666666666668,6,20.0,2,6.666666666666667,1,3.3333333333333335,3,10.0
524,True,2.4,1.4047538337136984,2.0,2.0,80.0,93.33333333333333,93.33333333333333,10,33.33333333333333,8,26.666666666666668,6,20.0,4,13.333333333333334,0,0.0,2,6.666666666666667,2.2333333333333334,1.6468825769380835,1.5,2.0,80.0,86.66666666666667,90.0,15,50.0,6,20.0,3,10.0,2,6.666666666666667,1,3.3333333333333335,3,10.0,2.5,1.707825127659933,2.0,2.0,76.66666666666667,83.33333333333334,86.66666666666667,11,36.666666666666664,9,30.0,3,10.0,2,6.666666666666667,1,3.3333333333333335,4,13.333333333333334,2.8,2.023198787399136,2.0,3.75,66.66666666666666,73.33333333333333,76.66666666666667,12,40.0,7,23.333333333333332,1,3.3333333333333335,2,6.666666666666667,1,3.3333333333333335,7,23.333333333333332
525,True,2.6333333333333333,1.3780017739062926,3.0,2.0,76.66666666666667,86.66666666666667,100.0,10,33.33333333333333,2,6.666666666666667,11,36.666666666666664,3,10.0,4,13.333333333333334,0,0.0,2.3333333333333335,1.7191729277636836,1.0,2.0,76.66666666666667,80.0,93.33333333333333,16,53.333333333333336,3,10.0,4,13.333333333333334,1,3.3333333333333335,4,13.333333333333334,2,6.666666666666667,2.533333333333333,1.687865186822955,2.0,2.75,73.33333333333333,80.0,93.33333333333333,13,43.333333333333336,4,13.333333333333334,5,16.666666666666664,2,6.666666666666667,4,13.333333333333334,2,6.666666666666667,2.6333333333333333,1.8882678717691395,2.0,2.75,73.33333333333333,76.66666666666667,83.33333333333334,13,43.333333333333336,5,16.666666666666664,4,13.333333333333334,1,3.3333333333333335,2,6.666666666666667,5,16.666666666666664
526,True,2.966666666666667,1.4715826703096078,3.0,2.0,66.66666666666666,86.66666666666667,90.0,5,16.666666666666664,8,26.666666666666668,7,23.333333333333332,6,20.0,1,3.3333333333333335,3,10.0,2.466666666666667,1.7269111795984826,2.0,2.75,73.33333333333333,86.66666666666667,86.66666666666667,13,43.333333333333336,6,20.0,3,10.0,4,13.333333333333334,0,0.0,4,13.333333333333334,2.5,1.707825127659933,2.0,2.75,73.33333333333333,86.66666666666667,86.66666666666667,12,40.0,7,23.333333333333332,3,10.0,4,13.333333333333334,0,0.0,4,13.333333333333334,2.6333333333333333,1.601735170231195,2.0,3.0,66.66666666666666,90.0,90.0,10,33.33333333333333,7,23.333333333333332,3,10.0,7,23.333333333333332,0,0.0,3,10.0
527,True,2.4,1.5405626677721789,2.0,2.0,80.0,90.0,90.0,11,36.666666666666664,8,26.666666666666668,5,16.666666666666664,3,10.0,0,0.0,3,10.0,2.033333333333333,1.4487542541400487,1.5,1.0,86.66666666666667,90.0,93.33333333333333,15,50.0,8,26.666666666666668,3,10.0,1,3.3333333333333335,1,3.3333333333333335,2,6.666666666666667,2.2333333333333334,1.6468825769380835,1.5,2.0,80.0,86.66666666666667,90.0,15,50.0,6,20.0,3,10.0,2,6.666666666666667,1,3.3333333333333335,3,10.0,2.2333333333333334,1.5638272140986533,2.0,1.75,80.0,90.0,90.0,13,43.333333333333336,9,30.0,2,6.666666666666667,3,10.0,0,0.0,3,10.0
528,True,2.7,1.5088627063675033,2.0,2.5,73.33333333333333,80.0,96.66666666666667,8,26.666666666666668,8,26.666666666666668,6,20.0,2,6.666666666666667,5,16.666666666666664,1,3.3333333333333335,2.2666666666666666,1.8245242911205346,1.0,2.0,76.66666666666667,83.33333333333334,86.66666666666667,18,60.0,2,6.666666666666667,3,10.0,2,6.666666666666667,1,3.3333333333333335,4,13.333333333333334,2.466666666666667,1.8390818965511633,1.5,2.75,73.33333333333333,80.0,86.66666666666667,15,50.0,4,13.333333333333334,3,10.0,2,6.666666666666667,2,6.666666666666667,4,13.333333333333334,2.433333333333333,1.8381754238616317,1.5,2.0,76.66666666666667,83.33333333333334,83.33333333333334,15,50.0,4,13.333333333333334,4,13.333333333333334,2,6.666666666666667,0,0.0,5,16.666666666666664
529,True,2.533333333333333,1.4544949486180951,2.0,1.0,76.66666666666667,86.66666666666667,93.33333333333333,7,23.333333333333332,13,43.333333333333336,3,10.0,3,10.0,2,6.666666666666667,2,6.666666666666667,2.1,1.57797338380595,1.0,1.0,80.0,86.66666666666667,93.33333333333333,16,53.333333333333336,7,23.333333333333332,1,3.3333333333333335,2,6.666666666666667,2,6.666666666666667,2,6.666666666666667,2.1666666666666665,1.5723301886761005,1.5,1.75,80.0,86.66666666666667,93.33333333333333,15,50.0,7,23.333333333333332,2,6.666666666666667,2,6.666666666666667,2,6.666666666666667,2,6.666666666666667,2.1333333333333333,1.3349989596333858,2.0,2.0,83.33333333333334,93.33333333333333,96.66666666666667,13,43.333333333333336,8,26.666666666666668,4,13.333333333333334,3,10.0,1,3.3333333333333335,1,3.3333333333333335
530,True,3.1666666666666665,1.2405196043952265,3.0,2.0,60.0,86.66666666666667,96.66666666666667,3,10.0,6,20.0,9,30.0,8,26.666666666666668,3,10.0,1,3.3333333333333335,2.6666666666666665,1.7191729277636836,2.0,3.0,70.0,76.66666666666667,90.0,9,30.0,11,36.666666666666664,1,3.3333333333333335,2,6.666666666666667,4,13.333333333333334,3,10.0,2.8,1.8147543451754935,2.0,3.0,70.0,76.66666666666667,83.33333333333334,9,30.0,9,30.0,3,10.0,2,6.666666666666667,2,6.666666666666667,5,16.666666666666664,3.2,1.7776388834631176,3.0,3.0,53.333333333333336,70.0,86.66666666666667,7,23.333333333333332,7,23.333333333333332,2,6.666666666666667,5,16.666666666666664,5,16.666666666666664,4,13.333333333333334
531,True,2.8666666666666667,1.521694961401777,3.0,1.75,73.33333333333333,83.33333333333334,90.0,6,20.0,8,26.666666666666668,8,26.666666666666668,3,10.0,2,6.666666666666667,3,10.0,2.4,1.645195023900409,2.0,3.0,70.0,86.66666666666667,93.33333333333333,14,46.666666666666664,5,16.666666666666664,2,6.666666666666667,5,16.666666666666664,2,6.666666666666667,2,6.666666666666667,2.8333333333333335,1.9677962857527254,2.0,3.0,70.0,76.66666666666667,76.66666666666667,12,40.0,4,13.333333333333334,5,16.666666666666664,2,6.666666666666667,0,0.0,7,23.333333333333332,3.1333333333333333,1.7838784213679537,3.0,2.75,60.0,73.33333333333333,83.33333333333334,7,23.333333333333332,7,23.333333333333332,4,13.333333333333334,4,13.333333333333334,3,10.0,5,16.666666666666664
532,True,2.566666666666667,1.382831234179436,3.0,2.0,80.0,93.33333333333333,93.33333333333333,9,30.0,5,16.666666666666664,10,33.33333333333333,4,13.333333333333334,0,0.0,2,6.666666666666667,2.2333333333333334,1.430229196861662,2.0,2.0,83.33333333333334,90.0,96.66666666666667,14,46.666666666666664,4,13.333333333333334,7,23.333333333333332,2,6.666666666666667,2,6.666666666666667,1,3.3333333333333335,2.533333333333333,1.7074997966487597,2.0,2.0,76.66666666666667,86.66666666666667,86.66666666666667,13,43.333333333333336,3,10.0,7,23.333333333333332,3,10.0,0,0.0,4,13.333333333333334,2.8,1.6812693617224659,3.0,3.0,70.0,80.0,90.0,10,33.33333333333333,4,13.333333333333334,7,23.333333333333332,3,10.0,3,10.0,3,10.0
533,True,2.466666666666667,1.3840359661351131,2.0,2.0,80.0,93.33333333333333,93.33333333333333,9,30.0,8,26.666666666666668,7,23.333333333333332,4,13.333333333333334,0,0.0,2,6.666666666666667,2.3666666666666667,1.6629959577688562,2.0,3.0,70.0,90.0,90.0,14,46.666666666666664,6,20.0,1,3.3333333333333335,6,20.0,0,0.0,3,10.0,2.5,1.7654083569153813,2.0,2.75,73.33333333333333,83.33333333333334,86.66666666666667,13,43.333333333333336,6,20.0,3,10.0,3,10.0,1,3.3333333333333335,4,13.333333333333334,2.7,1.7540429489230491,2.0,3.0,63.33333333333333,86.66666666666667,86.66666666666667,12,40.0,4,13.333333333333334,3,10.0,7,23.333333333333332,0,0.0,4,13.333333333333334
534,True,2.8,1.446835627614047,3.0,1.75,73.33333333333333,90.0,90.0,6,20.0,8,26.666666666666668,8,26.666666666666668,5,16.666666666666664,0,0.0,3,10.0,2.3666666666666667,1.7220788470785986,2.0,2.0,76.66666666666667,86.66666666666667,86.66666666666667,14,46.666666666666664,6,20.0,3,10.0,3,10.0,0,0.0,4,13.333333333333334,2.433333333333333,1.6868774571839995,2.0,2.0,76.66666666666667,86.66666666666667,86.66666666666667,12,40.0,8,26.666666666666668,3,10.0,3,10.0,0,0.0,4,13.333333333333334,2.6666666666666665,1.7384539747207062,2.0,3.0,70.0,83.33333333333334,86.66666666666667,11,36.666666666666664,6,20.0,4,13.333333333333334,4,13.333333333333334,1,3.3333333333333335,4,13.333333333333334
535,True,2.7333333333333334,1.3148721948877347,2.0,2.0,70.0,90.0,96.66666666666667,5,16.666666666666664,11,36.666666666666664,5,16.666666666666664,6,20.0,2,6.666666666666667,1,3.3333333333333335,2.3333333333333335,1.5347819244295118,2.0,2.0,83.33333333333334,86.66666666666667,93.33333333333333,13,43.333333333333336,5,16.666666666666664,7,23.333333333333332,1,3.3333333333333335,2,6.666666666666667,2,6.666666666666667,2.6,1.6653327995729061,2.0,2.75,73.33333333333333,83.33333333333334,90.0,11,36.666666666666664,6,20.0,5,16.666666666666664,3,10.0,2,6.666666666666667,3,10.0,2.7,1.6563010998406458,2.0,2.0,76.66666666666667,83.33333333333334,86.66666666666667,9,30.0,7,23.333333333333332,7,23.333333333333332,2,6.666666666666667,1,3.3333333333333335,4,13.333333333333334
536,True,2.8,1.446835627614047,3.0,1.0,80.0,86.66666666666667,90.0,6,20.0,7,23.333333333333332,11,36.666666666666664,2,6.666666666666667,1,3.3333333333333335,3,10.0,2.433333333333333,1.5205992970609392,2.0,2.75,73.33333333333333,90.0,93.33333333333333,11,36.666666666666664,8,26.666666666666668,3,10.0,5,16.666666666666664,1,3.3333333333333335,2,6.666666666666667,2.8333333333333335,1.8089284734953512,2.0,3.0,70.0,76.66666666666667,83.33333333333334,9,30.0,8,26.666666666666668,4,13.333333333333334,2,6.666666666666667,2,6.666666666666667,5,16.666666666666664,2.966666666666667,1.7792008193443358,3.0,3.0,63.33333333333333,80.0,83.33333333333334,9,30.0,5,16.666666666666664,5,16.666666666666664,5,16.666666666666664,1,3.3333333333333335,5,16.666666666666664
537,True,2.533333333333333,1.2036980056845192,3.0,1.0,86.66666666666667,93.33333333333333,96.66666666666667,7,23.333333333333332,7,23.333333333333332,12,40.0,2,6.666666666666667,1,3.3333333333333335,1,3.3333333333333335,2.2666666666666666,1.6918103387266028,1.5,2.0,80.0,83.33333333333334,90.0,15,50.0,6,20.0,3,10.0,1,3.3333333333333335,2,6.666666666666667,3,10.0,2.3666666666666667,1.7978382080215733,1.5,2.0,80.0,80.0,86.66666666666667,15,50.0,5,16.666666666666664,4,13.333333333333334,0,0.0,2,6.666666666666667,4,13.333333333333334,2.7333333333333334,1.8427033281447005,2.5,2.0,76.66666666666667,76.66666666666667,83.33333333333334,12,40.0,3,10.0,8,26.666666666666668,0,0.0,2,6.666666666666667,5,16.666666666666664
538,True,3.466666666666667,1.4772346537440226,3.0,1.75,53.333333333333336,76.66666666666667,86.66666666666667,3,10.0,5,16.666666666666664,8,26.666666666666668,7,23.333333333333332,3,10.0,4,13.333333333333334,2.566666666666667,1.6058919293927874,2.0,2.0,80.0,83.33333333333334,90.0,10,33.33333333333333,7,23.333333333333332,7,23.333333333333332,1,3.3333333333333335,2,6.666666666666667,3,10.0,2.7666666666666666,1.6669999666733317,2.0,1.75,76.66666666666667,80.0,86.66666666666667,8,26.666666666666668,8,26.666666666666668,7,23.333333333333332,1,3.3333333333333335,2,6.666666666666667,4,13.333333333333334,3.2666666666666666,1.7688665548562132,3.0,3.75,56.666666666666664,63.33333333333333,90.0,8,26.666666666666668,3,10.0,6,20.0,2,6.666666666666667,8,26.666666666666668,3,10.0
539,True,2.466666666666667,1.4313940369055926,2.0,2.0,80.0,90.0,93.33333333333333,9,30.0,9,30.0,6,20.0,3,10.0,1,3.3333333333333335,2,6.666666666666667,2.2,1.4236104336041748,2.0,2.0,86.66666666666667,90.0,93.33333333333333,12,40.0,9,30.0,5,16.666666666666664,1,3.3333333333333335,1,3.3333333333333335,2,6.666666666666667,2.433333333333333,1.7259457954666158,2.0,2.0,76.66666666666667,83.33333333333334,86.66666666666667,12,40.0,9,30.0,2,6.666666666666667,2,6.666666666666667,1,3.3333333333333335,4,13.333333333333334,2.3,1.3203534880225574,2.0,2.0,86.66666666666667,93.33333333333333,93.33333333333333,9,30.0,11,36.666666666666664,6,20.0,2,6.666666666666667,0,0.0,2,6.666666666666667
540,True,2.7,1.6360521589077368,2.0,3.0,70.0,83.33333333333334,90.0,9,30.0,8,26.666666666666668,4,13.333333333333334,4,13.333333333333334,2,6.666666666666667,3,10.0,2.1333333333333333,1.521694961401777,2.0,1.0,83.33333333333334,90.0,90.0,13,43.333333333333336,11,36.666666666666664,1,3.3333333333333335,2,6.666666666666667,0,0.0,3,10.0,2.1666666666666665,1.5293426329272615,2.0,1.0,83.33333333333334,90.0,90.0,13,43.333333333333336,10,33.33333333333333,2,6.666666666666667,2,6.666666666666667,0,0.0,3,10.0,2.566666666666667,1.8199511592958264,2.0,2.0,76.66666666666667,80.0,83.33333333333334,12,40.0,7,23.333333333333332,4,13.333333333333334,1,3.3333333333333335,1,3.3333333333333335,5,16.666666666666664
541,True,2.6666666666666665,1.4452988925785866,2.0,1.0,76.66666666666667,86.66666666666667,93.33333333333333,7,23.333333333333332,9,30.0,7,23.333333333333332,3,10.0,2,6.666666666666667,2,6.666666666666667,2.2333333333333334,1.406729856400613,2.0,2.0,83.33333333333334,93.33333333333333,93.33333333333333,12,40.0,8,26.666666666666668,5,16.666666666666664,3,10.0,0,0.0,2,6.666666666666667,2.533333333333333,1.7269111795984824,2.0,2.75,73.33333333333333,80.0,90.0,12,40.0,7,23.333333333333332,3,10.0,2,6.666666666666667,3,10.0,3,10.0,2.3666666666666667,1.5162087220725544,2.0,2.0,80.0,86.66666666666667,93.33333333333333,11,36.666666666666664,9,30.0,4,13.333333333333334,2,6.666666666666667,2,6.666666666666667,2,6.666666666666667
542,True,3.3,1.6155494421403511,3.5,2.0,50.0,80.0,86.66666666666667,6,20.0,4,13.333333333333334,5,16.666666666666664,9,30.0,2,6.666666666666667,4,13.333333333333334,2.5,1.7654083569153813,2.0,2.75,73.33333333333333,80.0,90.0,14,46.666666666666664,4,13.333333333333334,4,13.333333333333334,2,6.666666666666667,3,10.0,3,10.0,2.5,1.7654083569153813,2.0,2.75,73.33333333333333,80.0,90.0,14,46.666666666666664,4,13.333333333333334,4,13.333333333333334,2,6.666666666666667,3,10.0,3,10.0,2.8666666666666667,1.839081896551163,2.5,3.75,66.66666666666666,73.33333333333333,86.66666666666667,11,36.666666666666664,4,13.333333333333334,5,16.666666666666664,2,6.666666666666667,4,13.333333333333334,4,13.333333333333334
543,True,2.566666666666667,1.3337499349161706,2.0,1.0,76.66666666666667,93.33333333333333,93.33333333333333,6,20.0,12,40.0,5,16.666666666666664,5,16.666666666666664,0,0.0,2,6.666666666666667,2.2666666666666666,1.5477582354991866,2.0,2.0,80.0,86.66666666666667,93.33333333333333,13,43.333333333333336,8,26.666666666666668,3,10.0,2,6.666666666666667,2,6.666666666666667,2,6.666666666666667,2.3333333333333335,1.4907119849998598,2.0,2.0,83.33333333333334,86.66666666666667,93.33333333333333,11,36.666666666666664,9,30.0,5,16.666666666666664,1,3.3333333333333335,2,6.666666666666667,2,6.666666666666667,2.1666666666666665,1.21335164821342,2.0,2.0,83.33333333333334,93.33333333333333,100.0,11,36.666666666666664,10,33.33333333333333,4,13.333333333333334,3,10.0,2,6.666666666666667,0,0.0
544,True,2.6,1.518771433319269,2.0,1.75,80.0,86.66666666666667,90.0,8,26.666666666666668,9,30.0,7,23.333333333333332,2,6.666666666666667,1,3.3333333333333335,3,10.0,2.1666666666666665,1.416176385749867,2.0,1.75,86.66666666666667,90.0,93.33333333333333,12,40.0,10,33.33333333333333,4,13.333333333333334,1,3.3333333333333335,1,3.3333333333333335,2,6.666666666666667,2.3333333333333335,1.679947089113887,2.0,1.75,83.33333333333334,83.33333333333334,86.66666666666667,12,40.0,10,33.33333333333333,3,10.0,0,0.0,1,3.3333333333333335,4,13.333333333333334,2.4,1.4742229591663987,2.0,2.0,83.33333333333334,86.66666666666667,93.33333333333333,10,33.33333333333333,9,30.0,6,20.0,1,3.3333333333333335,2,6.666666666666667,2,6.666666666666667
545,True,2.566666666666667,1.2827920936595905,2.0,1.0,76.66666666666667,93.33333333333333,96.66666666666667,7,23.333333333333332,9,30.0,7,23.333333333333332,5,16.666666666666664,1,3.3333333333333335,1,3.3333333333333335,2.4,1.624807680927192,2.0,2.0,83.33333333333334,83.33333333333334,90.0,12,40.0,7,23.333333333333332,6,20.0,0,0.0,2,6.666666666666667,3,10.0,2.433333333333333,1.6265163865007801,2.0,2.0,76.66666666666667,86.66666666666667,90.0,12,40.0,7,23.333333333333332,4,13.333333333333334,3,10.0,1,3.3333333333333335,3,10.0,2.7333333333333334,1.6519348924485158,2.0,2.75,73.33333333333333,80.0,90.0,9,30.0,7,23.333333333333332,6,20.0,2,6.666666666666667,3,10.0,3,10.0
546,True,2.6,1.5832456116050557,2.0,3.0,70.0,90.0,90.0,10,33.33333333333333,7,23.333333333333332,4,13.333333333333334,6,20.0,0,0.0,3,10.0,2.0,1.591644851508443,1.0,1.0,80.0,86.66666666666667,93.33333333333333,18,60.0,6,20.0,0,0.0,2,6.666666666666667,2,6.666666666666667,2,6.666666666666667,2.1666666666666665,1.7336538165261126,1.0,1.0,76.66666666666667,83.33333333333334,90.0,17,56.666666666666664,6,20.0,0,0.0,2,6.666666666666667,2,6.666666666666667,3,10.0,2.466666666666667,1.6878651868229548,2.0,3.0,70.0,86.66666666666667,90.0,13,43.333333333333336,6,20.0,2,6.666666666666667,5,16.666666666666664,1,3.3333333333333335,3,10.0
547,True,2.566666666666667,1.382831234179436,2.0,1.0,80.0,90.0,93.33333333333333,7,23.333333333333332,10,33.33333333333333,7,23.333333333333332,3,10.0,1,3.3333333333333335,2,6.666666666666667,2.2666666666666666,1.6519348924485158,2.0,2.0,83.33333333333334,83.33333333333334,90.0,14,46.666666666666664,7,23.333333333333332,4,13.333333333333334,0,0.0,2,6.666666666666667,3,10.0,2.3,1.6360521589077368,2.0,2.0,76.66666666666667,83.33333333333334,93.33333333333333,14,46.666666666666664,7,23.333333333333332,2,6.666666666666667,2,6.666666666666667,3,10.0,2,6.666666666666667,2.466666666666667,1.687865186822955,2.0,2.0,80.0,83.33333333333334,86.66666666666667,11,36.666666666666664,9,30.0,4,13.333333333333334,1,3.3333333333333335,1,3.3333333333333335,4,13.333333333333334
548,True,2.6333333333333333,1.4019827229875397,3.0,1.0,86.66666666666667,90.0,90.0,7,23.333333333333332,7,23.333333333333332,12,40.0,1,3.3333333333333335,0,0.0,3,10.0,2.3333333333333335,1.6397831834998458,2.0,2.0,80.0,86.66666666666667,90.0,14,46.666666666666664,5,16.666666666666664,5,16.666666666666664,2,6.666666666666667,1,3.3333333333333335,3,10.0,2.566666666666667,1.8015425489162211,2.0,2.0,80.0,80.0,83.33333333333334,12,40.0,6,20.0,6,20.0,0,0.0,1,3.3333333333333335,5,16.666666666666664,2.6666666666666665,1.6397831834998458,3.0,2.0,76.66666666666667,83.33333333333334,90.0,11,36.666666666666664,3,10.0,9,30.0,2,6.666666666666667,2,6.666666666666667,3,10.0
549,True,2.466666666666667,1.4079141387961918,2.0,2.0,76.66666666666667,93.33333333333333,93.33333333333333,9,30.0,9,30.0,5,16.666666666666664,5,16.666666666666664,0,0.0,2,6.666666666666667,2.533333333333333,1.839081896551163,2.0,2.0,76.66666666666667,80.0,83.33333333333334,13,43.333333333333336,6,20.0,4,13.333333333333334,1,3.3333333333333335,1,3.3333333333333335,5,16.666666666666664,2.3333333333333335,1.6193277068654823,2.0,2.0,80.0,86.66666666666667,90.0,13,43.333333333333336,7,23.333333333333332,4,13.333333333333334,2,6.666666666666667,1,3.3333333333333335,3,10.0,2.6666666666666665,1.776388345929897,2.0,3.0,70.0,80.0,86.66666666666667,11,36.666666666666664,7,23.333333333333332,3,10.0,3,10.0,2,6.666666666666667,4,13.333333333333334
550,True,2.433333333333333,1.358512258154322,2.0,2.0,83.33333333333334,93.33333333333333,93.33333333333333,9,30.0,8,26.666666666666668,8,26.666666666666668,3,10.0,0,0.0,2,6.666666666666667,2.3333333333333335,1.679947089113887,2.0,2.0,83.33333333333334,86.66666666666667,86.66666666666667,14,46.666666666666664,5,16.666666666666664,6,20.0,1,3.3333333333333335,0,0.0,4,13.333333333333334,2.3666666666666667,1.601735170231195,2.0,2.0,83.33333333333334,86.66666666666667,90.0,13,43.333333333333336,5,16.666666666666664,7,23.333333333333332,1,3.3333333333333335,1,3.3333333333333335,3,10.0,2.6,1.518771433319269,2.0,2.0,80.0,83.33333333333334,93.33333333333333,9,30.0,7,23.333333333333332,8,26.666666666666668,1,3.3333333333333335,3,10.0,2,6.666666666666667
551,True,3.066666666666667,1.4817407180595248,3.0,2.0,63.33333333333333,80.0,93.33333333333333,5,16.666666666666664,7,23.333333333333332,7,23.333333333333332,5,16.666666666666664,4,13.333333333333334,2,6.666666666666667,2.4,1.42828568570857,2.0,2.0,76.66666666666667,90.0,96.66666666666667,11,36.666666666666664,7,23.333333333333332,5,16.666666666666664,4,13.333333333333334,2,6.666666666666667,1,3.3333333333333335,2.7333333333333334,1.7688665548562132,2.0,3.0,70.0,80.0,86.66666666666667,11,36.666666666666664,5,16.666666666666664,5,16.666666666666664,3,10.0,2,6.666666666666667,4,13.333333333333334,3.1,1.8321208111548393,3.0,2.0,66.66666666666666,76.66666666666667,76.66666666666667,7,23.333333333333332,7,23.333333333333332,6,20.0,3,10.0,0,0.0,7,23.333333333333332
552,True,2.7666666666666666,1.3828312341794362,3.0,1.75,73.33333333333333,90.0,93.33333333333333,6,20.0,8,26.666666666666668,8,26.666666666666668,5,16.666666666666664,1,3.3333333333333335,2,6.666666666666667,2.3,1.3699148392023013,2.0,1.75,83.33333333333334,86.66666666666667,96.66666666666667,9,30.0,13,43.333333333333336,3,10.0,1,3.3333333333333335,3,10.0,1,3.3333333333333335,2.3,1.2948616399703354,2.0,2.0,83.33333333333334,86.66666666666667,100.0,9,30.0,12,40.0,4,13.333333333333334,1,3.3333333333333335,4,13.333333333333334,0,0.0,2.566666666666667,1.453348623772776,2.0,1.0,80.0,90.0,90.0,7,23.333333333333332,11,36.666666666666664,6,20.0,3,10.0,0,0.0,3,10.0
553,True,2.7333333333333334,1.4817407180595248,2.0,1.0,76.66666666666667,86.66666666666667,90.0,6,20.0,10,33.33333333333333,7,23.333333333333332,3,10.0,1,3.3333333333333335,3,10.0,2.433333333333333,1.6669999666733317,2.0,2.0,83.33333333333334,83.33333333333334,86.66666666666667,11,36.666666666666664,9,30.0,5,16.666666666666664,0,0.0,1,3.3333333333333335,4,13.333333333333334,2.7,1.7729448195962934,2.0,2.75,73.33333333333333,76.66666666666667,86.66666666666667,10,33.33333333333333,8,26.666666666666668,4,13.333333333333334,1,3.3333333333333335,3,10.0,4,13.333333333333334,2.566666666666667,1.5849991237291654,2.0,2.0,76.66666666666667,86.66666666666667,90.0,10,33.33333333333333,7,23.333333333333332,6,20.0,3,10.0,1,3.3333333333333335,3,10.0
554,True,2.6333333333333333,1.196754871401083,2.5,1.75,73.33333333333333,93.33333333333333,100.0,6,20.0,9,30.0,7,23.333333333333332,6,20.0,2,6.666666666666667,0,0.0,2.533333333333333,1.627540748764494,2.0,2.75,73.33333333333333,86.66666666666667,90.0,11,36.666666666666664,7,23.333333333333332,4,13.333333333333334,4,13.333333333333334,1,3.3333333333333335,3,10.0,2.6,1.624807680927192,2.0,3.0,70.0,86.66666666666667,90.0,10,33.33333333333333,8,26.666666666666668,3,10.0,5,16.666666666666664,1,3.3333333333333335,3,10.0,2.6333333333333333,1.5807874268505833,2.0,2.75,73.33333333333333,86.66666666666667,90.0,9,30.0,8,26.666666666666668,5,16.666666666666664,4,13.333333333333334,1,3.3333333333333335,3,10.0
555,True,2.8666666666666667,1.4313940369055926,3.0,2.75,66.66666666666666,86.66666666666667,96.66666666666667,8,26.666666666666668,3,10.0,9,30.0,6,20.0,3,10.0,1,3.3333333333333335,2.6333333333333333,1.7603661235347856,2.0,3.0,70.0,83.33333333333334,86.66666666666667,12,40.0,5,16.666666666666664,4,13.333333333333334,4,13.333333333333334,1,3.3333333333333335,4,13.333333333333334,2.8,1.8867962264113212,2.0,3.0,66.66666666666666,80.0,80.0,11,36.666666666666664,6,20.0,3,10.0,4,13.333333333333334,0,0.0,6,20.0,3.1666666666666665,1.6346933113652304,3.0,2.0,60.0,80.0,86.66666666666667,7,23.333333333333332,3,10.0,8,26.666666666666668,6,20.0,2,6.666666666666667,4,13.333333333333334
556,True,3.0,1.632993161855452,3.0,2.0,66.66666666666666,80.0,86.66666666666667,6,20.0,8,26.666666666666668,6,20.0,4,13.333333333333334,2,6.666666666666667,4,13.333333333333334,2.433333333333333,1.7065234314893605,2.0,2.0,76.66666666666667,86.66666666666667,86.66666666666667,13,43.333333333333336,6,20.0,4,13.333333333333334,3,10.0,0,0.0,4,13.333333333333334,2.566666666666667,1.6058919293927874,2.0,2.75,73.33333333333333,86.66666666666667,90.0,10,33.33333333333333,8,26.666666666666668,4,13.333333333333334,4,13.333333333333334,1,3.3333333333333335,3,10.0,2.7,1.8823743871327334,2.0,3.0,70.0,80.0,80.0,11,36.666666666666664,8,26.666666666666668,2,6.666666666666667,3,10.0,0,0.0,6,20.0
557,True,3.1666666666666665,1.5933891203622825,3.0,2.0,63.33333333333333,83.33333333333334,83.33333333333334,5,16.666666666666664,6,20.0,8,26.666666666666668,6,20.0,0,0.0,5,16.666666666666664,2.5,1.6072751268321592,2.0,2.0,80.0,83.33333333333334,90.0,10,33.33333333333333,9,30.0,5,16.666666666666664,1,3.3333333333333335,2,6.666666666666667,3,10.0,2.7666666666666666,1.856220772310114,2.0,2.0,76.66666666666667,76.66666666666667,80.0,10,33.33333333333333,7,23.333333333333332,6,20.0,0,0.0,1,3.3333333333333335,6,20.0,2.933333333333333,1.7876116903722563,2.0,2.75,66.66666666666666,76.66666666666667,83.33333333333334,8,26.666666666666668,8,26.666666666666668,4,13.333333333333334,3,10.0,2,6.666666666666667,5,16.666666666666664
558,True,2.3666666666666667,1.27758452644912,2.0,2.0,83.33333333333334,93.33333333333333,96.66666666666667,9,30.0,9,30.0,7,23.333333333333332,3,10.0,1,3.3333333333333335,1,3.3333333333333335,2.433333333333333,1.7065234314893605,2.0,2.75,73.33333333333333,80.0,93.33333333333333,14,46.666666666666664,5,16.666666666666664,3,10.0,2,6.666666666666667,4,13.333333333333334,2,6.666666666666667,2.6333333333333333,1.8526257642120338,2.0,3.0,70.0,76.66666666666667,86.66666666666667,13,43.333333333333336,5,16.666666666666664,3,10.0,2,6.666666666666667,3,10.0,4,13.333333333333334,2.7666666666666666,1.7829438827088444,2.0,3.0,66.66666666666666,80.0,86.66666666666667,11,36.666666666666664,5,16.666666666666664,4,13.333333333333334,4,13.333333333333334,2,6.666666666666667,4,13.333333333333334
559,True,2.7333333333333334,1.3148721948877347,2.0,1.0,76.66666666666667,90.0,93.33333333333333,4,13.333333333333334,12,40.0,7,23.333333333333332,4,13.333333333333334,1,3.3333333333333335,2,6.666666666666667,2.2333333333333334,1.54236470683457,2.0,1.0,83.33333333333334,83.33333333333334,93.33333333333333,12,40.0,11,36.666666666666664,2,6.666666666666667,0,0.0,3,10.0,2,6.666666666666667,2.533333333333333,1.6679994670929073,2.0,2.0,80.0,80.0,90.0,11,36.666666666666664,7,23.333333333333332,6,20.0,0,0.0,3,10.0,3,10.0,2.6,1.7048949136725897,2.0,2.0,76.66666666666667,80.0,86.66666666666667,9,30.0,11,36.666666666666664,3,10.0,1,3.3333333333333335,2,6.666666666666667,4,13.333333333333334
560,True,2.466666666666667,1.5648926125740672,2.0,2.0,76.66666666666667,90.0,90.0,11,36.666666666666664,7,23.333333333333332,5,16.666666666666664,4,13.333333333333334,0,0.0,3,10.0,2.033333333333333,1.6428295373802142,1.0,1.0,83.33333333333334,86.66666666666667,90.0,18,60.0,5,16.666666666666664,2,6.666666666666667,1,3.3333333333333335,1,3.3333333333333335,3,10.0,2.433333333333333,2.011356645539412,1.0,2.75,73.33333333333333,76.66666666666667,80.0,17,56.666666666666664,4,13.333333333333334,1,3.3333333333333335,1,3.3333333333333335,1,3.3333333333333335,6,20.0,2.3666666666666667,1.53803626600791,2.0,3.0,70.0,90.0,96.66666666666667,14,46.666666666666664,4,13.333333333333334,3,10.0,6,20.0,2,6.666666666666667,1,3.3333333333333335
561,True,2.6333333333333333,1.4487542541400489,2.5,2.75,73.33333333333333,86.66666666666667,96.66666666666667,9,30.0,6,20.0,7,23.333333333333332,4,13.333333333333334,3,10.0,1,3.3333333333333335,2.466666666666667,1.9102065042525873,2.0,2.5,73.33333333333333,76.66666666666667,83.33333333333334,14,46.666666666666664,8,26.666666666666668,0,0.0,1,3.3333333333333335,2,6.666666666666667,5,16.666666666666664,2.6,1.8903262505010434,2.0,3.75,70.0,73.33333333333333,86.66666666666667,13,43.333333333333336,7,23.333333333333332,1,3.3333333333333335,1,3.3333333333333335,4,13.333333333333334,4,13.333333333333334,2.4,1.7243356208503418,2.0,2.0,76.66666666666667,80.0,90.0,13,43.333333333333336,8,26.666666666666668,2,6.666666666666667,1,3.3333333333333335,3,10.0,3,10.0
562,True,2.533333333333333,1.024152766382481,2.5,1.0,90.0,96.66666666666667,96.66666666666667,4,13.333333333333334,11,36.666666666666664,12,40.0,2,6.666666666666667,0,0.0,1,3.3333333333333335,2.3666666666666667,1.5380362660079103,2.0,2.0,80.0,90.0,90.0,11,36.666666666666664,9,30.0,4,13.333333333333334,3,10.0,0,0.0,3,10.0,2.566666666666667,1.6868774571839993,2.0,2.0,76.66666666666667,83.33333333333334,86.66666666666667,10,33.33333333333333,9,30.0,4,13.333333333333334,2,6.666666666666667,1,3.3333333333333335,4,13.333333333333334,3.1333333333333333,1.8926759422104522,3.0,3.5,63.33333333333333,73.33333333333333,76.66666666666667,8,26.666666666666668,6,20.0,5,16.666666666666664,3,10.0,1,3.3333333333333335,7,23.333333333333332
563,True,2.6666666666666665,1.192569587999888,3.0,1.0,76.66666666666667,96.66666666666667,96.66666666666667,6,20.0,7,23.333333333333332,10,33.33333333333333,6,20.0,0,0.0,1,3.3333333333333335,2.566666666666667,1.6468825769380835,3.0,2.0,76.66666666666667,86.66666666666667,90.0,13,43.333333333333336,1,3.3333333333333335,9,30.0,3,10.0,1,3.3333333333333335,3,10.0,2.6333333333333333,1.601735170231195,3.0,2.0,76.66666666666667,86.66666666666667,90.0,11,36.666666666666664,3,10.0,9,30.0,3,10.0,1,3.3333333333333335,3,10.0,2.7666666666666666,1.5205992970609392,3.0,3.0,70.0,86.66666666666667,93.33333333333333,9,30.0,4,13.333333333333334,8,26.666666666666668,5,16.666666666666664,2,6.666666666666667,2,6.666666666666667
564,True,2.533333333333333,1.2578641509408806,2.0,1.0,76.66666666666667,93.33333333333333,96.66666666666667,6,20.0,12,40.0,5,16.666666666666664,5,16.666666666666664,1,3.3333333333333335,1,3.3333333333333335,2.533333333333333,1.4996295838935991,2.0,1.0,80.0,86.66666666666667,90.0,7,23.333333333333332,13,43.333333333333336,4,13.333333333333334,2,6.666666666666667,1,3.3333333333333335,3,10.0,2.7333333333333334,1.6316317667360556,2.0,1.0,76.66666666666667,80.0,86.66666666666667,6,20.0,13,43.333333333333336,4,13.333333333333334,1,3.3333333333333335,2,6.666666666666667,4,13.333333333333334,2.7666666666666666,1.5849991237291654,2.0,1.75,73.33333333333333,83.33333333333334,86.66666666666667,5,16.666666666666664,14,46.666666666666664,3,10.0,3,10.0,1,3.3333333333333335,4,13.333333333333334
565,True,2.966666666666667,1.5162087220725544,3.0,1.75,73.33333333333333,83.33333333333334,86.66666666666667,4,13.333333333333334,10,33.33333333333333,8,26.666666666666668,3,10.0,1,3.3333333333333335,4,13.333333333333334,2.3333333333333335,1.4452988925785866,2.0,2.0,83.33333333333334,90.0,93.33333333333333,11,36.666666666666664,8,26.666666666666668,6,20.0,2,6.666666666666667,1,3.3333333333333335,2,6.666666666666667,2.3,1.369914839202301,2.0,2.0,86.66666666666667,93.33333333333333,93.33333333333333,11,36.666666666666664,7,23.333333333333332,8,26.666666666666668,2,6.666666666666667,0,0.0,2,6.666666666666667,2.9,1.7767010628315238,3.0,2.75,73.33333333333333,76.66666666666667,83.33333333333334,9,30.0,5,16.666666666666664,8,26.666666666666668,1,3.3333333333333335,2,6.666666666666667,5,16.666666666666664
566,True,3.0,1.570562531918633,3.0,2.0,70.0,80.0,90.0,7,23.333333333333332,4,13.333333333333334,10,33.33333333333333,3,10.0,3,10.0,3,10.0,2.533333333333333,1.7074997966487597,2.0,2.0,80.0,83.33333333333334,86.66666666666667,12,40.0,5,16.666666666666664,7,23.333333333333332,1,3.3333333333333335,1,3.3333333333333335,4,13.333333333333334,2.6666666666666665,1.776388345929897,2.0,2.0,76.66666666666667,76.66666666666667,86.66666666666667,11,36.666666666666664,6,20.0,6,20.0,0,0.0,3,10.0,4,13.333333333333334,2.933333333333333,1.7113996870657915,3.0,2.75,70.0,76.66666666666667,86.66666666666667,8,26.666666666666668,6,20.0,7,23.333333333333332,2,6.666666666666667,3,10.0,4,13.333333333333334
567,True,2.8666666666666667,1.3349989596333858,3.0,1.75,73.33333333333333,90.0,93.33333333333333,5,16.666666666666664,7,23.333333333333332,10,33.33333333333333,5,16.666666666666664,1,3.3333333333333335,2,6.666666666666667,2.3,1.5737428845483834,2.0,2.0,80.0,86.66666666666667,93.33333333333333,14,46.666666666666664,5,16.666666666666664,5,16.666666666666664,2,6.666666666666667,2,6.666666666666667,2,6.666666666666667,2.7333333333333334,1.9988885800753267,2.0,3.75,70.0,73.33333333333333,80.0,14,46.666666666666664,3,10.0,4,13.333333333333334,1,3.3333333333333335,2,6.666666666666667,6,20.0,2.8333333333333335,1.8633899812498247,2.0,3.0,66.66666666666666,76.66666666666667,83.33333333333334,11,36.666666666666664,5,16.666666666666664,4,13.333333333333334,3,10.0,2,6.666666666666667,5,16.666666666666664
568,True,2.8666666666666667,1.5434449203720302,3.0,1.75,73.33333333333333,83.33333333333334,90.0,7,23.333333333333332,6,20.0,9,30.0,3,10.0,2,6.666666666666667,3,10.0,2.433333333333333,1.6058919293927871,2.0,2.0,83.33333333333334,83.33333333333334,90.0,11,36.666666666666664,8,26.666666666666668,6,20.0,0,0.0,2,6.666666666666667,3,10.0,2.5,1.5438048235879214,2.0,2.0,83.33333333333334,86.66666666666667,90.0,10,33.33333333333333,7,23.333333333333332,8,26.666666666666668,1,3.3333333333333335,1,3.3333333333333335,3,10.0,2.6666666666666665,1.4907119849998598,2.0,1.0,86.66666666666667,86.66666666666667,86.66666666666667,6,20.0,10,33.33333333333333,10,33.33333333333333,0,0.0,0,0.0,4,13.333333333333334
569,True,2.8666666666666667,1.2036980056845192,3.0,1.0,76.66666666666667,90.0,96.66666666666667,4,13.333333333333334,7,23.333333333333332,12,40.0,4,13.333333333333334,2,6.666666666666667,1,3.3333333333333335,2.5,1.6683325008322931,2.0,2.0,83.33333333333334,83.33333333333334,86.66666666666667,11,36.666666666666664,7,23.333333333333332,7,23.333333333333332,0,0.0,1,3.3333333333333335,4,13.333333333333334,2.7,1.7729448195962934,2.5,2.0,80.0,80.0,83.33333333333334,11,36.666666666666664,4,13.333333333333334,9,30.0,0,0.0,1,3.3333333333333335,5,16.666666666666664,3.066666666666667,1.8061622912192088,3.0,2.75,70.0,73.33333333333333,80.0,7,23.333333333333332,7,23.333333333333332,7,23.333333333333332,1,3.3333333333333335,2,6.666666666666667,6,20.0
570,True,2.3333333333333335,1.1642832797715321,2.0,1.75,83.33333333333334,93.33333333333333,100.0,8,26.666666666666668,11,36.666666666666664,6,20.0,3,10.0,2,6.666666666666667,0,0.0,2.3,1.6563010998406458,2.0,1.75,80.0,83.33333333333334,90.0,13,43.333333333333336,9,30.0,2,6.666666666666667,1,3.3333333333333335,2,6.666666666666667,3,10.0,2.433333333333333,1.7641491496532322,2.0,2.75,73.33333333333333,83.33333333333334,86.66666666666667,13,43.333333333333336,8,26.666666666666668,1,3.3333333333333335,3,10.0,1,3.3333333333333335,4,13.333333333333334,2.3666666666666667,1.4255603186895398,2.0,2.0,83.33333333333334,90.0,93.33333333333333,10,33.33333333333333,9,30.0,6,20.0,2,6.666666666666667,1,3.3333333333333335,2,6.666666666666667
571,True,2.566666666666667,1.2297244497131143,2.0,1.0,86.66666666666667,93.33333333333333,93.33333333333333,5,16.666666666666664,11,36.666666666666664,10,33.33333333333333,2,6.666666666666667,0,0.0,2,6.666666666666667,2.533333333333333,1.687865186822955,2.0,2.0,76.66666666666667,86.66666666666667,86.66666666666667,12,40.0,5,16.666666666666664,6,20.0,3,10.0,0,0.0,4,13.333333333333334,2.6666666666666665,1.7191729277636836,2.0,3.0,70.0,80.0,90.0,11,36.666666666666664,6,20.0,4,13.333333333333334,3,10.0,3,10.0,3,10.0,2.7666666666666666,1.6669999666733315,2.0,3.0,66.66666666666666,86.66666666666667,86.66666666666667,9,30.0,7,23.333333333333332,4,13.333333333333334,6,20.0,0,0.0,4,13.333333333333334
572,True,2.466666666666667,1.4544949486180951,2.0,1.75,83.33333333333334,90.0,90.0,8,26.666666666666668,11,36.666666666666664,6,20.0,2,6.666666666666667,0,0.0,3,10.0,2.2,1.7009801096230763,1.0,2.0,83.33333333333334,86.66666666666667,86.66666666666667,16,53.333333333333336,5,16.666666666666664,4,13.333333333333334,1,3.3333333333333335,0,0.0,4,13.333333333333334,2.2333333333333334,1.7641491496532324,1.0,1.75,80.0,83.33333333333334,86.66666666666667,16,53.333333333333336,6,20.0,2,6.666666666666667,1,3.3333333333333335,1,3.3333333333333335,4,13.333333333333334,2.2333333333333334,1.6058919293927874,2.0,1.75,80.0,83.33333333333334,93.33333333333333,14,46.666666666666664,8,26.666666666666668,2,6.666666666666667,1,3.3333333333333335,3,10.0,2,6.666666666666667
573,True,2.933333333333333,1.3148721948877347,3.0,1.0,76.66666666666667,86.66666666666667,93.33333333333333,4,13.333333333333334,7,23.333333333333332,12,40.0,3,10.0,2,6.666666666666667,2,6.666666666666667,2.7666666666666666,1.6669999666733317,2.0,1.75,76.66666666666667,80.0,86.66666666666667,8,26.666666666666668,8,26.666666666666668,7,23.333333333333332,1,3.3333333333333335,2,6.666666666666667,4,13.333333333333334,3.066666666666667,1.7688665548562132,2.5,3.0,63.33333333333333,70.0,86.66666666666667,7,23.333333333333332,8,26.666666666666668,4,13.333333333333334,2,6.666666666666667,5,16.666666666666664,4,13.333333333333334,2.933333333333333,1.4360439485692011,3.0,2.0,70.0,80.0,96.66666666666667,6,20.0,6,20.0,9,30.0,3,10.0,5,16.666666666666664,1,3.3333333333333335
574,True,3.4,1.3564659966250534,3.0,1.0,53.333333333333336,83.33333333333334,90.0,3,10.0,4,13.333333333333334,9,30.0,9,30.0,2,6.666666666666667,3,10.0,2.7,1.5947831618540913,2.0,3.0,66.66666666666666,83.33333333333334,93.33333333333333,9,30.0,8,26.666666666666668,3,10.0,5,16.666666666666664,3,10.0,2,6.666666666666667,2.8666666666666667,1.7074997966487597,2.0,2.75,66.66666666666666,80.0,86.66666666666667,8,26.666666666666668,8,26.666666666666668,4,13.333333333333334,4,13.333333333333334,2,6.666666666666667,4,13.333333333333334,2.7666666666666666,1.6058919293927874,2.0,2.75,70.0,83.33333333333334,90.0,8,26.666666666666668,8,26.666666666666668,5,16.666666666666664,4,13.333333333333334,2,6.666666666666667,3,10.0
575,True,3.066666666666667,1.569146972791976,3.0,2.0,56.666666666666664,83.33333333333334,90.0,6,20.0,7,23.333333333333332,4,13.333333333333334,8,26.666666666666668,2,6.666666666666667,3,10.0,2.6333333333333333,1.6629959577688562,2.0,3.0,63.33333333333333,83.33333333333334,93.33333333333333,11,36.666666666666664,7,23.333333333333332,1,3.3333333333333335,6,20.0,3,10.0,2,6.666666666666667,2.8,1.886796226411321,2.0,3.0,63.33333333333333,76.66666666666667,83.33333333333334,11,36.666666666666664,7,23.333333333333332,1,3.3333333333333335,4,13.333333333333334,2,6.666666666666667,5,16.666666666666664,2.7,1.5088627063675035,2.0,2.75,66.66666666666666,83.33333333333334,96.66666666666667,8,26.666666666666668,9,30.0,3,10.0,5,16.666666666666664,4,13.333333333333334,1,3.3333333333333335
576,True,3.1,1.398809017223819,3.0,2.0,66.66666666666666,86.66666666666667,90.0,4,13.333333333333334,6,20.0,10,33.33333333333333,6,20.0,1,3.3333333333333335,3,10.0,2.3,1.6563010998406458,2.0,1.75,80.0,83.33333333333334,90.0,13,43.333333333333336,9,30.0,2,6.666666666666667,1,3.3333333333333335,2,6.666666666666667,3,10.0,2.466666666666667,1.6478942792411035,2.0,2.75,73.33333333333333,86.66666666666667,90.0,12,40.0,7,23.333333333333332,3,10.0,4,13.333333333333334,1,3.3333333333333335,3,10.0,2.8666666666666667,1.6478942792411035,2.5,2.75,66.66666666666666,80.0,90.0,8,26.666666666666668,7,23.333333333333332,5,16.666666666666664,4,13.333333333333334,3,10.0,3,10.0
577,True,2.2,1.1661903789690602,2.0,2.0,90.0,96.66666666666667,96.66666666666667,10,33.33333333333333,9,30.0,8,26.666666666666668,2,6.666666666666667,0,0.0,1,3.3333333333333335,2.033333333333333,1.4019827229875395,1.5,1.75,86.66666666666667,93.33333333333333,93.33333333333333,15,50.0,7,23.333333333333332,4,13.333333333333334,2,6.666666666666667,0,0.0,2,6.666666666666667,2.2666666666666666,1.6316317667360556,1.5,2.0,76.66666666666667,90.0,90.0,15,50.0,5,16.666666666666664,3,10.0,4,13.333333333333334,0,0.0,3,10.0,2.2333333333333334,1.5423647068345698,2.0,2.0,83.33333333333334,90.0,90.0,13,43.333333333333336,8,26.666666666666668,4,13.333333333333334,2,6.666666666666667,0,0.0,3,10.0
578,True,2.933333333333333,1.364632632697248,3.0,2.0,70.0,90.0,93.33333333333333,6,20.0,4,13.333333333333334,11,36.666666666666664,6,20.0,1,3.3333333333333335,2,6.666666666666667,2.466666666666667,1.687865186822955,2.0,2.0,80.0,86.66666666666667,86.66666666666667,13,43.333333333333336,4,13.333333333333334,7,23.333333333333332,2,6.666666666666667,0,0.0,4,13.333333333333334,2.7,1.8284784202536637,2.0,2.75,73.33333333333333,80.0,83.33333333333334,12,40.0,4,13.333333333333334,6,20.0,2,6.666666666666667,1,3.3333333333333335,5,16.666666666666664,2.7666666666666666,1.7259457954666158,2.5,2.75,73.33333333333333,80.0,86.66666666666667,10,33.33333333333333,5,16.666666666666664,7,23.333333333333332,2,6.666666666666667,2,6.666666666666667,4,13.333333333333334
579,True,2.2666666666666666,1.2631530214330944,2.0,1.5,86.66666666666667,90.0,96.66666666666667,8,26.666666666666668,14,46.666666666666664,4,13.333333333333334,1,3.3333333333333335,2,6.666666666666667,1,3.3333333333333335,2.0,1.2110601416389966,2.0,1.0,86.66666666666667,96.66666666666667,96.66666666666667,13,43.333333333333336,10,33.33333333333333,3,10.0,3,10.0,0,0.0,1,3.3333333333333335,2.433333333333333,1.8381754238616315,2.0,1.75,76.66666666666667,80.0,83.33333333333334,13,43.333333333333336,9,30.0,1,3.3333333333333335,1,3.3333333333333335,1,3.3333333333333335,5,16.666666666666664,2.1666666666666665,1.4395215254459457,2.0,1.0,83.33333333333334,90.0,93.33333333333333,12,40.0,11,36.666666666666664,2,6.666666666666667,2,6.666666666666667,1,3.3333333333333335,2,6.666666666666667
580,True,2.6,1.2274635093014645,3.0,1.0,83.33333333333334,93.33333333333333,96.66666666666667,7,23.333333333333332,6,20.0,12,40.0,3,10.0,1,3.3333333333333335,1,3.3333333333333335,2.2333333333333334,1.4761059883656353,2.0,2.0,83.33333333333334,90.0,93.33333333333333,13,43.333333333333336,7,23.333333333333332,5,16.666666666666664,2,6.666666666666667,1,3.3333333333333335,2,6.666666666666667,2.3,1.3940349110884325,2.0,2.0,83.33333333333334,93.33333333333333,93.33333333333333,11,36.666666666666664,8,26.666666666666668,6,20.0,3,10.0,0,0.0,2,6.666666666666667,2.6,1.5187714333192688,2.0,2.0,76.66666666666667,90.0,90.0,9,30.0,7,23.333333333333332,7,23.333333333333332,4,13.333333333333334,0,0.0,3,10.0
581,True,2.566666666666667,1.5205992970609392,2.0,2.75,73.33333333333333,86.66666666666667,93.33333333333333,9,30.0,9,30.0,4,13.333333333333334,4,13.333333333333334,2,6.666666666666667,2,6.666666666666667,2.3,1.6563010998406458,2.0,1.75,80.0,83.33333333333334,90.0,13,43.333333333333336,9,30.0,2,6.666666666666667,1,3.3333333333333335,2,6.666666666666667,3,10.0,2.533333333333333,1.8208667044996885,2.0,2.0,76.66666666666667,80.0,83.33333333333334,12,40.0,8,26.666666666666668,3,10.0,1,3.3333333333333335,1,3.3333333333333335,5,16.666666666666664,2.6,1.6451950239004087,2.0,2.0,80.0,83.33333333333334,86.66666666666667,9,30.0,9,30.0,6,20.0,1,3.3333333333333335,1,3.3333333333333335,4,13.333333333333334
582,True,2.2,1.4696938456699067,2.0,2.0,76.66666666666667,90.0,96.66666666666667,14,46.666666666666664,7,23.333333333333332,2,6.666666666666667,4,13.333333333333334,2,6.666666666666667,1,3.3333333333333335,1.9666666666666666,1.6629959577688562,1.0,1.0,83.33333333333334,86.66666666666667,90.0,20,66.66666666666666,3,10.0,2,6.666666666666667,1,3.3333333333333335,1,3.3333333333333335,3,10.0,2.1666666666666665,1.7143187827498387,1.0,1.75,80.0,83.33333333333334,90.0,17,56.666666666666664,5,16.666666666666664,2,6.666666666666667,1,3.3333333333333335,2,6.666666666666667,3,10.0,2.3,1.7729448195962934,1.5,1.75,76.66666666666667,83.33333333333334,86.66666666666667,15,50.0,7,23.333333333333332,1,3.3333333333333335,2,6.666666666666667,1,3.3333333333333335,4,13.333333333333334
583,True,2.5,1.408308678285174,2.0,1.0,76.66666666666667,90.0,93.33333333333333,7,23.333333333333332,13,43.333333333333336,3,10.0,4,13.333333333333334,1,3.3333333333333335,2,6.666666666666667,2.2666666666666666,1.6719914938645934,1.0,2.0,76.66666666666667,83.33333333333334,93.33333333333333,16,53.333333333333336,4,13.333333333333334,3,10.0,2,6.666666666666667,3,10.0,2,6.666666666666667,2.433333333333333,1.7451520150277897,2.0,3.0,70.0,83.33333333333334,90.0,14,46.666666666666664,6,20.0,1,3.3333333333333335,4,13.333333333333334,2,6.666666666666667,3,10.0,2.6333333333333333,1.682920741515245,2.0,2.75,73.33333333333333,80.0,90.0,10,33.33333333333333,8,26.666666666666668,4,13.333333333333334,2,6.666666666666667,3,10.0,3,10.0
584,True,2.1333333333333333,1.1756794725698931,2.0,2.0,83.33333333333334,96.66666666666667,100.0,12,40.0,8,26.666666666666668,5,16.666666666666664,4,13.333333333333334,1,3.3333333333333335,0,0.0,2.2,1.7962924780409972,1.0,2.0,80.0,83.33333333333334,86.66666666666667,18,60.0,3,10.0,3,10.0,1,3.3333333333333335,1,3.3333333333333335,4,13.333333333333334,2.1333333333333333,1.6478942792411033,1.0,2.0,83.33333333333334,86.66666666666667,90.0,17,56.666666666666664,4,13.333333333333334,4,13.333333333333334,1,3.3333333333333335,1,3.3333333333333335,3,10.0,2.533333333333333,1.7269111795984824,2.0,3.0,70.0,83.33333333333334,90.0,13,43.333333333333336,5,16.666666666666664,3,10.0,4,13.333333333333334,2,6.666666666666667,3,10.0
585,True,2.6666666666666665,1.3984117975602022,2.0,1.75,73.33333333333333,86.66666666666667,96.66666666666667,7,23.333333333333332,9,30.0,6,20.0,4,13.333333333333334,3,10.0,1,3.3333333333333335,2.466666666666667,1.6069294390925266,2.0,2.0,80.0,83.33333333333334,90.0,10,33.33333333333333,10,33.33333333333333,4,13.333333333333334,1,3.3333333333333335,2,6.666666666666667,3,10.0,2.5,1.5864005379054391,2.0,2.0,83.33333333333334,86.66666666666667,86.66666666666667,9,30.0,10,33.33333333333333,6,20.0,1,3.3333333333333335,0,0.0,4,13.333333333333334,2.7,1.6155494421403511,2.0,2.75,73.33333333333333,83.33333333333334,90.0,9,30.0,7,23.333333333333332,6,20.0,3,10.0,2,6.666666666666667,3,10.0
586,True,2.066666666666667,1.2364824660660938,2.0,2.0,86.66666666666667,96.66666666666667,96.66666666666667,13,43.333333333333336,8,26.666666666666668,5,16.666666666666664,3,10.0,0,0.0,1,3.3333333333333335,2.1333333333333333,1.7838784213679537,1.0,1.75,76.66666666666667,86.66666666666667,86.66666666666667,19,63.33333333333333,3,10.0,1,3.3333333333333335,3,10.0,0,0.0,4,13.333333333333334,2.6666666666666665,1.9720265943665385,1.5,3.0,63.33333333333333,76.66666666666667,83.33333333333334,15,50.0,3,10.0,1,3.3333333333333335,4,13.333333333333334,2,6.666666666666667,5,16.666666666666664,2.2666666666666666,1.6110727964792761,2.0,2.0,76.66666666666667,90.0,90.0,14,46.666666666666664,7,23.333333333333332,2,6.666666666666667,4,13.333333333333334,0,0.0,3,10.0
587,True,2.6666666666666665,1.3249737942901194,3.0,1.0,80.0,93.33333333333333,93.33333333333333,7,23.333333333333332,6,20.0,11,36.666666666666664,4,13.333333333333334,0,0.0,2,6.666666666666667,2.4,1.7048949136725895,2.0,2.0,83.33333333333334,83.33333333333334,86.66666666666667,13,43.333333333333336,6,20.0,6,20.0,0,0.0,1,3.3333333333333335,4,13.333333333333334,2.433333333333333,1.6868774571839993,2.0,2.0,83.33333333333334,83.33333333333334,86.66666666666667,12,40.0,7,23.333333333333332,6,20.0,0,0.0,1,3.3333333333333335,4,13.333333333333334,2.9,1.6401219466856725,2.5,2.0,70.0,76.66666666666667,90.0,7,23.333333333333332,8,26.666666666666668,6,20.0,2,6.666666666666667,4,13.333333333333334,3,10.0
588,True,3.066666666666667,1.5040685563571303,3.0,2.0,56.666666666666664,86.66666666666667,90.0,5,16.666666666666664,8,26.666666666666668,4,13.333333333333334,9,30.0,1,3.3333333333333335,3,10.0,2.5,1.746424919657298,2.0,2.75,73.33333333333333,80.0,90.0,13,43.333333333333336,6,20.0,3,10.0,2,6.666666666666667,3,10.0,3,10.0,2.533333333333333,1.6275407487644937,2.0,2.75,73.33333333333333,86.66666666666667,90.0,11,36.666666666666664,7,23.333333333333332,4,13.333333333333334,4,13.333333333333334,1,3.3333333333333335,3,10.0,2.7,1.6360521589077368,2.0,3.0,60.0,86.66666666666667,93.33333333333333,11,36.666666666666664,5,16.666666666666664,2,6.666666666666667,8,26.666666666666668,2,6.666666666666667,2,6.666666666666667
589,True,2.3,1.3453624047073711,2.0,2.0,86.66666666666667,93.33333333333333,93.33333333333333,10,33.33333333333333,9,30.0,7,23.333333333333332,2,6.666666666666667,0,0.0,2,6.666666666666667,2.2333333333333334,1.7641491496532322,1.0,1.75,80.0,83.33333333333334,86.66666666666667,16,53.333333333333336,6,20.0,2,6.666666666666667,1,3.3333333333333335,1,3.3333333333333335,4,13.333333333333334,2.433333333333333,1.8381754238616315,1.5,2.75,73.33333333333333,80.0,86.66666666666667,15,50.0,5,16.666666666666664,2,6.666666666666667,2,6.666666666666667,2,6.666666666666667,4,13.333333333333334,2.433333333333333,1.6669999666733315,2.0,2.0,76.66666666666667,86.66666666666667,90.0,14,46.666666666666664,3,10.0,6,20.0,3,10.0,1,3.3333333333333335,3,10.0
590,True,2.8333333333333335,1.3924399049470282,3.0,1.0,76.66666666666667,86.66666666666667,93.33333333333333,6,20.0,6,20.0,11,36.666666666666664,3,10.0,2,6.666666666666667,2,6.666666666666667,2.433333333333333,1.6058919293927874,2.0,2.0,83.33333333333334,86.66666666666667,90.0,13,43.333333333333336,3,10.0,9,30.0,1,3.3333333333333335,1,3.3333333333333335,3,10.0,2.6333333333333333,1.834545054108935,2.0,2.0,76.66666666666667,80.0,83.33333333333334,13,43.333333333333336,3,10.0,7,23.333333333333332,1,3.3333333333333335,1,3.3333333333333335,5,16.666666666666664,2.7333333333333334,1.7499206331208919,2.0,2.75,73.33333333333333,83.33333333333334,83.33333333333334,10,33.33333333333333,6,20.0,6,20.0,3,10.0,0,0.0,5,16.666666666666664
591,True,2.5,1.5652475842498528,2.0,2.75,73.33333333333333,86.66666666666667,93.33333333333333,11,36.666666666666664,7,23.333333333333332,4,13.333333333333334,4,13.333333333333334,2,6.666666666666667,2,6.666666666666667,2.2666666666666666,1.590248058916875,2.0,2.0,80.0,90.0,90.0,14,46.666666666666664,6,20.0,4,13.333333333333334,3,10.0,0,0.0,3,10.0,2.466666666666667,1.7074997966487597,2.0,2.0,76.66666666666667,86.66666666666667,86.66666666666667,13,43.333333333333336,5,16.666666666666664,5,16.666666666666664,3,10.0,0,0.0,4,13.333333333333334,2.9,1.776701062831524,3.0,2.75,73.33333333333333,76.66666666666667,83.33333333333334,9,30.0,5,16.666666666666664,8,26.666666666666668,1,3.3333333333333335,2,6.666666666666667,5,16.666666666666664
592,True,2.433333333333333,1.4067298564006128,2.0,2.0,86.66666666666667,90.0,93.33333333333333,10,33.33333333333333,6,20.0,10,33.33333333333333,1,3.3333333333333335,1,3.3333333333333335,2,6.666666666666667,2.066666666666667,1.364632632697248,2.0,2.0,90.0,93.33333333333333,93.33333333333333,14,46.666666666666664,7,23.333333333333332,6,20.0,1,3.3333333333333335,0,0.0,2,6.666666666666667,2.1666666666666665,1.4624940645653537,2.0,2.0,86.66666666666667,90.0,93.33333333333333,14,46.666666666666664,6,20.0,6,20.0,1,3.3333333333333335,1,3.3333333333333335,2,6.666666666666667,2.3666666666666667,1.4487542541400487,2.0,2.0,83.33333333333334,90.0,93.33333333333333,11,36.666666666666664,7,23.333333333333332,7,23.333333333333332,2,6.666666666666667,1,3.3333333333333335,2,6.666666666666667
593,True,2.7333333333333334,1.6519348924485158,2.0,3.0,66.66666666666666,80.0,93.33333333333333,10,33.33333333333333,6,20.0,4,13.333333333333334,4,13.333333333333334,4,13.333333333333334,2,6.666666666666667,2.2333333333333334,1.4761059883656353,2.0,2.0,80.0,86.66666666666667,96.66666666666667,13,43.333333333333336,8,26.666666666666668,3,10.0,2,6.666666666666667,3,10.0,1,3.3333333333333335,2.3666666666666667,1.5807874268505833,2.0,2.0,76.66666666666667,86.66666666666667,93.33333333333333,13,43.333333333333336,6,20.0,4,13.333333333333334,3,10.0,2,6.666666666666667,2,6.666666666666667,2.7,1.5737428845483836,2.5,2.75,73.33333333333333,86.66666666666667,90.0,9,30.0,6,20.0,7,23.333333333333332,4,13.333333333333334,1,3.3333333333333335,3,10.0
594,True,2.433333333333333,1.382831234179436,2.0,2.0,76.66666666666667,93.33333333333333,96.66666666666667,11,36.666666666666664,5,16.666666666666664,7,23.333333333333332,5,16.666666666666664,1,3.3333333333333335,1,3.3333333333333335,2.2666666666666666,1.8607047649270485,1.0,1.75,76.66666666666667,83.33333333333334,83.33333333333334,17,56.666666666666664,5,16.666666666666664,1,3.3333333333333335,2,6.666666666666667,0,0.0,5,16.666666666666664,2.433333333333333,1.8562207723101138,1.0,2.75,73.33333333333333,80.0,86.66666666666667,16,53.333333333333336,3,10.0,3,10.0,2,6.666666666666667,2,6.666666666666667,4,13.333333333333334,2.533333333333333,1.5434449203720302,2.0,2.0,76.66666666666667,86.66666666666667,93.33333333333333,11,36.666666666666664,5,16.666666666666664,7,23.333333333333332,3,10.0,2,6.666666666666667,2,6.666666666666667
595,True,2.8,1.514375558880073,2.5,1.0,76.66666666666667,83.33333333333334,90.0,6,20.0,9,30.0,8,26.666666666666668,2,6.666666666666667,2,6.666666666666667,3,10.0,2.3666666666666667,1.6629959577688562,2.0,2.0,80.0,83.33333333333334,90.0,13,43.333333333333336,7,23.333333333333332,4,13.333333333333334,1,3.3333333333333335,2,6.666666666666667,3,10.0,2.533333333333333,1.839081896551163,2.0,2.75,73.33333333333333,76.66666666666667,86.66666666666667,13,43.333333333333336,7,23.333333333333332,2,6.666666666666667,1,3.3333333333333335,3,10.0,4,13.333333333333334,2.7,1.8466185312619388,2.0,3.5,73.33333333333333,73.33333333333333,86.66666666666667,12,40.0,5,16.666666666666664,5,16.666666666666664,0,0.0,4,13.333333333333334,4,13.333333333333334
596,True,3.066666666666667,1.4360439485692011,3.0,2.0,63.33333333333333,83.33333333333334,93.33333333333333,5,16.666666666666664,6,20.0,8,26.666666666666668,6,20.0,3,10.0,2,6.666666666666667,2.533333333333333,1.7269111795984826,2.0,2.75,73.33333333333333,80.0,90.0,12,40.0,7,23.333333333333332,3,10.0,2,6.666666666666667,3,10.0,3,10.0,2.7666666666666666,1.9093337988826249,2.0,3.0,70.0,76.66666666666667,80.0,11,36.666666666666664,7,23.333333333333332,3,10.0,2,6.666666666666667,1,3.3333333333333335,6,20.0,2.8333333333333335,1.6346933113652302,2.0,2.75,66.66666666666666,76.66666666666667,93.33333333333333,8,26.666666666666668,8,26.666666666666668,4,13.333333333333334,3,10.0,5,16.666666666666664,2,6.666666666666667
597,True,2.566666666666667,1.382831234179436,2.0,2.5,73.33333333333333,90.0,96.66666666666667,8,26.666666666666668,9,30.0,5,16.666666666666664,5,16.666666666666664,2,6.666666666666667,1,3.3333333333333335,2.066666666666667,1.5040685563571303,1.0,1.75,83.33333333333334,90.0,93.33333333333333,16,53.333333333333336,6,20.0,3,10.0,2,6.666666666666667,1,3.3333333333333335,2,6.666666666666667,2.1,1.3503086067019396,2.0,2.0,83.33333333333334,93.33333333333333,96.66666666666667,14,46.666666666666664,7,23.333333333333332,4,13.333333333333334,3,10.0,1,3.3333333333333335,1,3.3333333333333335,2.1666666666666665,1.3924399049470282,2.0,2.0,86.66666666666667,93.33333333333333,93.33333333333333,13,43.333333333333336,7,23.333333333333332,6,20.0,2,6.666666666666667,0,0.0,2,6.666666666666667
598,True,2.533333333333333,1.3597385369580761,2.0,1.75,76.66666666666667,90.0,96.66666666666667,8,26.666666666666668,9,30.0,6,20.0,4,13.333333333333334,2,6.666666666666667,1,3.3333333333333335,2.4,1.6041612554021285,2.0,2.75,73.33333333333333,86.66666666666667,93.33333333333333,13,43.333333333333336,6,20.0,3,10.0,4,13.333333333333334,2,6.666666666666667,2,6.666666666666667,2.6,1.8,2.0,3.0,66.66666666666666,83.33333333333334,86.66666666666667,13,43.333333333333336,5,16.666666666666664,2,6.666666666666667,5,16.666666666666664,1,3.3333333333333335,4,13.333333333333334,2.966666666666667,1.7220788470785986,2.5,2.0,66.66666666666666,80.0,83.33333333333334,7,23.333333333333332,8,26.666666666666668,5,16.666666666666664,4,13.333333333333334,1,3.3333333333333335,5,16.666666666666664
599,True,2.9,1.468559384794046,3.0,1.0,76.66666666666667,80.0,93.33333333333333,6,20.0,6,20.0,11,36.666666666666664,1,3.3333333333333335,4,13.333333333333334,2,6.666666666666667,2.3,1.5088627063675035,2.0,2.0,83.33333333333334,90.0,93.33333333333333,14,46.666666666666664,3,10.0,8,26.666666666666668,2,6.666666666666667,1,3.3333333333333335,2,6.666666666666667,2.3,1.4177446878757827,2.0,2.0,83.33333333333334,90.0,96.66666666666667,13,43.333333333333336,4,13.333333333333334,8,26.666666666666668,2,6.666666666666667,2,6.666666666666667,1,3.3333333333333335,2.9,1.7387735140993301,3.0,3.0,66.66666666666666,80.0,86.66666666666667,10,33.33333333333333,3,10.0,7,23.333333333333332,4,13.333333333333334,2,6.666666666666667,4,13.333333333333334
600,True,2.433333333333333,1.2023125864580955,2.0,1.75,83.33333333333334,96.66666666666667,96.66666666666667,8,26.666666666666668,8,26.666666666666668,9,30.0,4,13.333333333333334,0,0.0,1,3.3333333333333335,2.1666666666666665,1.3186693629901654,2.0,2.0,86.66666666666667,93.33333333333333,96.66666666666667,13,43.333333333333336,6,20.0,7,23.333333333333332,2,6.666666666666667,1,3.3333333333333335,1,3.3333333333333335,2.1666666666666665,1.3186693629901654,2.0,2.0,86.66666666666667,93.33333333333333,96.66666666666667,13,43.333333333333336,6,20.0,7,23.333333333333332,2,6.666666666666667,1,3.3333333333333335,1,3.3333333333333335,2.2333333333333334,1.2023125864580955,2.0,2.0,90.0,96.66666666666667,96.66666666666667,11,36.666666666666664,6,20.0,10,33.33333333333333,2,6.666666666666667,0,0.0,1,3.3333333333333335
601,True,2.7333333333333334,1.730767331432956,2.0,3.0,66.66666666666666,83.33333333333334,86.66666666666667,10,33.33333333333333,7,23.333333333333332,3,10.0,5,16.666666666666664,1,3.3333333333333335,4,13.333333333333334,2.1,1.7578395831246945,1.0,1.0,83.33333333333334,83.33333333333334,86.66666666666667,18,60.0,5,16.666666666666664,2,6.666666666666667,0,0.0,1,3.3333333333333335,4,13.333333333333334,2.1666666666666665,1.7336538165261124,1.0,1.0,83.33333333333334,83.33333333333334,86.66666666666667,16,53.333333333333336,7,23.333333333333332,2,6.666666666666667,0,0.0,1,3.3333333333333335,4,13.333333333333334,2.533333333333333,1.9102065042525873,2.0,2.75,73.33333333333333,76.66666666666667,83.33333333333334,14,46.666666666666664,6,20.0,2,6.666666666666667,1,3.3333333333333335,2,6.666666666666667,5,16.666666666666664
602,True,3.1666666666666665,1.5073892072793351,3.0,2.0,63.33333333333333,83.33333333333334,86.66666666666667,4,13.333333333333334,7,23.333333333333332,8,26.666666666666668,6,20.0,1,3.3333333333333335,4,13.333333333333334,2.6,1.8366636418607882,2.0,3.75,70.0,73.33333333333333,90.0,13,43.333333333333336,6,20.0,2,6.666666666666667,1,3.3333333333333335,5,16.666666666666664,3,10.0,2.533333333333333,1.7074997966487597,2.0,2.75,73.33333333333333,76.66666666666667,93.33333333333333,12,40.0,7,23.333333333333332,3,10.0,1,3.3333333333333335,5,16.666666666666664,2,6.666666666666667,2.8,1.7204650534085255,2.0,3.75,66.66666666666666,73.33333333333333,93.33333333333333,10,33.33333333333333,6,20.0,4,13.333333333333334,2,6.666666666666667,6,20.0,2,6.666666666666667
603,True,2.6,1.451436070471816,2.0,1.75,80.0,86.66666666666667,93.33333333333333,8,26.666666666666668,8,26.666666666666668,8,26.666666666666668,2,6.666666666666667,2,6.666666666666667,2,6.666666666666667,2.2,1.4000000000000001,2.0,2.0,86.66666666666667,93.33333333333333,93.33333333333333,13,43.333333333333336,6,20.0,7,23.333333333333332,2,6.666666666666667,0,0.0,2,6.666666666666667,2.3333333333333335,1.5347819244295116,2.0,2.0,76.66666666666667,90.0,93.33333333333333,13,43.333333333333336,6,20.0,4,13.333333333333334,4,13.333333333333334,1,3.3333333333333335,2,6.666666666666667,2.6,1.7435595774162693,2.0,2.0,80.0,83.33333333333334,83.33333333333334,11,36.666666666666664,6,20.0,7,23.333333333333332,1,3.3333333333333335,0,0.0,5,16.666666666666664
604,False,2.966666666666667,1.6428295373802142,3.0,2.75,63.33333333333333,80.0,90.0,8,26.666666666666668,5,16.666666666666664,6,20.0,5,16.666666666666664,3,10.0,3,10.0,2.3666666666666667,1.7413277182145301,1.5,2.75,73.33333333333333,83.33333333333334,90.0,15,50.0,5,16.666666666666664,2,6.666666666666667,3,10.0,2,6.666666666666667,3,10.0,2.7333333333333334,1.9310331143946986,2.0,3.75,63.33333333333333,73.33333333333333,86.66666666666667,14,46.666666666666664,3,10.0,2,6.666666666666667,3,10.0,4,13.333333333333334,4,13.333333333333334,2.6551724137931036,1.6871903203758711,3.0,3.0,72.41379310344827,79.3103448275862,93.10344827586206,12,41.37931034482759,2,6.896551724137931,7,24.137931034482758,2,6.896551724137931,4,13.793103448275861,2,6.896551724137931
605,True,2.8666666666666667,1.521694961401777,3.0,2.0,70.0,86.66666666666667,90.0,7,23.333333333333332,6,20.0,8,26.666666666666668,5,16.666666666666664,1,3.3333333333333335,3,10.0,2.566666666666667,1.7065234314893605,2.0,2.75,73.33333333333333,86.66666666666667,86.66666666666667,12,40.0,5,16.666666666666664,5,16.666666666666664,4,13.333333333333334,0,0.0,4,13.333333333333334,2.566666666666667,1.5849991237291652,2.0,2.75,73.33333333333333,90.0,90.0,11,36.666666666666664,5,16.666666666666664,6,20.0,5,16.666666666666664,0,0.0,3,10.0,3.0,1.632993161855452,3.0,3.0,56.666666666666664,80.0,93.33333333333333,9,30.0,3,10.0,5,16.666666666666664,7,23.333333333333332,4,13.333333333333334,2,6.666666666666667
606,True,2.966666666666667,1.5162087220725544,3.0,2.0,63.33333333333333,83.33333333333334,93.33333333333333,7,23.333333333333332,5,16.666666666666664,7,23.333333333333332,6,20.0,3,10.0,2,6.666666666666667,2.3,1.5737428845483834,2.0,2.0,80.0,86.66666666666667,93.33333333333333,14,46.666666666666664,5,16.666666666666664,5,16.666666666666664,2,6.666666666666667,2,6.666666666666667,2,6.666666666666667,2.5,1.8211717839530315,2.0,2.0,76.66666666666667,83.33333333333334,83.33333333333334,14,46.666666666666664,4,13.333333333333334,5,16.666666666666664,2,6.666666666666667,0,0.0,5,16.666666666666664,2.966666666666667,1.9058389811897076,3.0,3.0,63.33333333333333,76.66666666666667,80.0,11,36.666666666666664,3,10.0,5,16.666666666666664,4,13.333333333333334,1,3.3333333333333335,6,20.0
607,True,2.6333333333333333,1.3780017739062926,3.0,1.75,80.0,86.66666666666667,96.66666666666667,8,26.666666666666668,6,20.0,10,33.33333333333333,2,6.666666666666667,3,10.0,1,3.3333333333333335,2.3333333333333335,1.4452988925785866,2.0,2.0,80.0,93.33333333333333,93.33333333333333,12,40.0,6,20.0,6,20.0,4,13.333333333333334,0,0.0,2,6.666666666666667,2.966666666666667,1.834545054108935,3.0,3.0,70.0,76.66666666666667,80.0,9,30.0,5,16.666666666666664,7,23.333333333333332,2,6.666666666666667,1,3.3333333333333335,6,20.0,2.413793103448276,1.1895302283214029,2.0,2.0,82.75862068965517,93.10344827586206,100.0,8,27.586206896551722,8,27.586206896551722,8,27.586206896551722,3,10.344827586206897,2,6.896551724137931,0,0.0
608,True,2.8,1.4000000000000001,3.0,1.0,76.66666666666667,90.0,90.0,5,16.666666666666664,9,30.0,9,30.0,4,13.333333333333334,0,0.0,3,10.0,2.466666666666667,1.746106780494506,2.0,2.75,73.33333333333333,80.0,90.0,13,43.333333333333336,7,23.333333333333332,2,6.666666666666667,2,6.666666666666667,3,10.0,3,10.0,2.566666666666667,1.6868774571839995,2.0,3.0,70.0,83.33333333333334,90.0,11,36.666666666666664,8,26.666666666666668,2,6.666666666666667,4,13.333333333333334,2,6.666666666666667,3,10.0,2.8,1.6411378166788229,2.5,2.5,73.33333333333333,83.33333333333334,86.66666666666667,8,26.666666666666668,7,23.333333333333332,7,23.333333333333332,3,10.0,1,3.3333333333333335,4,13.333333333333334
609,True,2.6333333333333333,1.5595583420386112,2.0,1.0,80.0,80.0,90.0,6,20.0,14,46.666666666666664,4,13.333333333333334,0,0.0,3,10.0,3,10.0,2.066666666666667,1.2892719737209146,2.0,1.75,86.66666666666667,93.33333333333333,96.66666666666667,13,43.333333333333336,9,30.0,4,13.333333333333334,2,6.666666666666667,1,3.3333333333333335,1,3.3333333333333335,2.533333333333333,1.8208667044996885,2.0,2.75,73.33333333333333,76.66666666666667,86.66666666666667,12,40.0,9,30.0,1,3.3333333333333335,1,3.3333333333333335,3,10.0,4,13.333333333333334,2.7333333333333334,1.7688665548562132,2.0,3.0,70.0,76.66666666666667,86.66666666666667,9,30.0,10,33.33333333333333,2,6.666666666666667,2,6.666666666666667,3,10.0,4,13.333333333333334
610,True,2.8,1.4236104336041748,3.0,1.0,76.66666666666667,90.0,90.0,6,20.0,7,23.333333333333332,10,33.33333333333333,4,13.333333333333334,0,0.0,3,10.0,2.4,1.6852299546352716,2.0,2.0,76.66666666666667,83.33333333333334,90.0,13,43.333333333333336,7,23.333333333333332,3,10.0,2,6.666666666666667,2,6.666666666666667,3,10.0,2.6333333333333333,1.8882678717691395,2.0,3.0,66.66666666666666,80.0,83.33333333333334,13,43.333333333333336,6,20.0,1,3.3333333333333335,4,13.333333333333334,1,3.3333333333333335,5,16.666666666666664,2.6666666666666665,1.5563490039905001,2.0,1.0,76.66666666666667,83.33333333333334,90.0,7,23.333333333333332,11,36.666666666666664,5,16.666666666666664,2,6.666666666666667,2,6.666666666666667,3,10.0
611,True,2.533333333333333,1.1175369742826806,3.0,1.75,83.33333333333334,96.66666666666667,100.0,8,26.666666666666668,4,13.333333333333334,13,43.333333333333336,4,13.333333333333334,1,3.3333333333333335,0,0.0,2.3333333333333335,1.6193277068654823,2.0,2.0,76.66666666666667,90.0,90.0,14,46.666666666666664,5,16.666666666666664,4,13.333333333333334,4,13.333333333333334,0,0.0,3,10.0,2.466666666666667,1.687865186822955,2.0,2.0,80.0,86.66666666666667,86.66666666666667,13,43.333333333333336,4,13.333333333333334,7,23.333333333333332,2,6.666666666666667,0,0.0,4,13.333333333333334,2.6666666666666665,1.6397831834998455,2.5,3.0,70.0,86.66666666666667,90.0,11,36.666666666666664,4,13.333333333333334,6,20.0,5,16.666666666666664,1,3.3333333333333335,3,10.0
612,True,3.1,1.6401219466856725,3.0,2.0,63.33333333333333,76.66666666666667,86.66666666666667,5,16.666666666666664,9,30.0,5,16.666666666666664,4,13.333333333333334,3,10.0,4,13.333333333333334,2.566666666666667,1.6265163865007803,2.0,2.75,73.33333333333333,80.0,93.33333333333333,10,33.33333333333333,9,30.0,3,10.0,2,6.666666666666667,4,13.333333333333334,2,6.666666666666667,2.566666666666667,1.5638272140986536,2.0,2.0,76.66666666666667,86.66666666666667,90.0,9,30.0,9,30.0,5,16.666666666666664,3,10.0,1,3.3333333333333335,3,10.0,3.066666666666667,1.7499206331208914,3.0,3.0,66.66666666666666,70.0,86.66666666666667,7,23.333333333333332,7,23.333333333333332,6,20.0,1,3.3333333333333335,5,16.666666666666664,4,13.333333333333334
613,True,2.6666666666666665,1.4220486005134363,2.0,1.0,83.33333333333334,86.66666666666667,90.0,5,16.666666666666664,12,40.0,8,26.666666666666668,1,3.3333333333333335,1,3.3333333333333335,3,10.0,2.1666666666666665,1.6141733350404335,2.0,1.0,80.0,86.66666666666667,90.0,14,46.666666666666664,10,33.33333333333333,0,0.0,2,6.666666666666667,1,3.3333333333333335,3,10.0,2.1666666666666665,1.5509853498842456,2.0,1.0,80.0,86.66666666666667,93.33333333333333,14,46.666666666666664,9,30.0,1,3.3333333333333335,2,6.666666666666667,2,6.666666666666667,2,6.666666666666667,2.7,1.676305461424021,2.0,3.0,70.0,80.0,90.0,9,30.0,9,30.0,3,10.0,3,10.0,3,10.0,3,10.0
614,True,2.433333333333333,1.453348623772776,2.0,2.0,76.66666666666667,90.0,93.33333333333333,9,30.0,11,36.666666666666664,3,10.0,4,13.333333333333334,1,3.3333333333333335,2,6.666666666666667,2.2,1.6206994374857624,2.0,1.0,80.0,86.66666666666667,90.0,14,46.666666666666664,9,30.0,1,3.3333333333333335,2,6.666666666666667,1,3.3333333333333335,3,10.0,2.1333333333333333,1.521694961401777,2.0,1.0,83.33333333333334,90.0,90.0,13,43.333333333333336,11,36.666666666666664,1,3.3333333333333335,2,6.666666666666667,0,0.0,3,10.0,2.3333333333333335,1.577621275493231,2.0,2.0,76.66666666666667,90.0,90.0,12,40.0,9,30.0,2,6.666666666666667,4,13.333333333333334,0,0.0,3,10.0
615,True,3.2666666666666666,1.339983416149452,3.0,2.0,66.66666666666666,83.33333333333334,86.66666666666667,0,0.0,11,36.666666666666664,9,30.0,5,16.666666666666664,1,3.3333333333333335,4,13.333333333333334,2.7,1.6960738977611403,2.0,2.75,73.33333333333333,76.66666666666667,90.0,9,30.0,9,30.0,4,13.333333333333334,1,3.3333333333333335,4,13.333333333333334,3,10.0,2.8,1.758787461103056,2.0,3.25,73.33333333333333,73.33333333333333,86.66666666666667,8,26.666666666666668,10,33.33333333333333,4,13.333333333333334,0,0.0,4,13.333333333333334,4,13.333333333333334,2.966666666666667,1.6428295373802142,2.0,2.0,70.0,76.66666666666667,86.66666666666667,5,16.666666666666664,11,36.666666666666664,5,16.666666666666664,2,6.666666666666667,3,10.0,4,13.333333333333334
616,True,2.966666666666667,1.7603661235347858,3.0,3.0,66.66666666666666,80.0,83.33333333333334,9,30.0,4,13.333333333333334,7,23.333333333333332,4,13.333333333333334,1,3.3333333333333335,5,16.666666666666664,2.2333333333333334,1.7451520150277902,1.0,2.0,76.66666666666667,83.33333333333334,90.0,17,56.666666666666664,4,13.333333333333334,2,6.666666666666667,2,6.666666666666667,2,6.666666666666667,3,10.0,2.3,1.7729448195962931,1.0,2.0,76.66666666666667,80.0,90.0,16,53.333333333333336,5,16.666666666666664,2,6.666666666666667,1,3.3333333333333335,3,10.0,3,10.0,2.8333333333333335,1.9846634195472261,2.0,3.75,66.66666666666666,73.33333333333333,80.0,13,43.333333333333336,3,10.0,4,13.333333333333334,2,6.666666666666667,2,6.666666666666667,6,20.0
617,True,3.033333333333333,1.32874209519965,3.0,2.0,70.0,86.66666666666667,93.33333333333333,4,13.333333333333334,6,20.0,11,36.666666666666664,5,16.666666666666664,2,6.666666666666667,2,6.666666666666667,2.6,1.624807680927192,2.0,2.0,76.66666666666667,83.33333333333334,90.0,10,33.33333333333333,7,23.333333333333332,6,20.0,2,6.666666666666667,2,6.666666666666667,3,10.0,2.8333333333333335,1.5933891203622828,2.0,1.75,73.33333333333333,83.33333333333334,86.66666666666667,6,20.0,10,33.33333333333333,6,20.0,3,10.0,1,3.3333333333333335,4,13.333333333333334,2.933333333333333,1.7499206331208919,3.0,3.0,66.66666666666666,76.66666666666667,86.66666666666667,9,30.0,5,16.666666666666664,6,20.0,3,10.0,3,10.0,4,13.333333333333334
618,True,2.1666666666666665,1.529342632927262,2.0,1.0,83.33333333333334,90.0,90.0,13,43.333333333333336,10,33.33333333333333,2,6.666666666666667,2,6.666666666666667,0,0.0,3,10.0,1.8,1.351542328847553,1.0,1.0,90.0,93.33333333333333,93.33333333333333,18,60.0,7,23.333333333333332,2,6.666666666666667,1,3.3333333333333335,0,0.0,2,6.666666666666667,2.066666666666667,1.6110727964792764,1.0,1.75,86.66666666666667,86.66666666666667,90.0,17,56.666666666666664,5,16.666666666666664,4,13.333333333333334,0,0.0,1,3.3333333333333335,3,10.0,2.033333333333333,1.5162087220725546,1.5,1.0,86.66666666666667,90.0,90.0,15,50.0,9,30.0,2,6.666666666666667,1,3.3333333333333335,0,0.0,3,10.0
619,True,2.533333333333333,1.4996295838935991,2.0,2.0,80.0,86.66666666666667,93.33333333333333,10,33.33333333333333,6,20.0,8,26.666666666666668,2,6.666666666666667,2,6.666666666666667,2,6.666666666666667,2.2,1.6812693617224654,1.0,1.75,76.66666666666667,86.66666666666667,90.0,16,53.333333333333336,6,20.0,1,3.3333333333333335,3,10.0,1,3.3333333333333335,3,10.0,2.2333333333333334,1.6058919293927874,1.0,2.75,73.33333333333333,90.0,93.33333333333333,16,53.333333333333336,4,13.333333333333334,2,6.666666666666667,5,16.666666666666664,1,3.3333333333333335,2,6.666666666666667,2.3,1.6563010998406458,2.0,2.0,76.66666666666667,86.66666666666667,90.0,14,46.666666666666664,7,23.333333333333332,2,6.666666666666667,3,10.0,1,3.3333333333333335,3,10.0
620,True,2.7333333333333334,1.2892719737209144,2.0,1.0,76.66666666666667,90.0,93.33333333333333,3,10.0,14,46.666666666666664,6,20.0,4,13.333333333333334,1,3.3333333333333335,2,6.666666666666667,2.433333333333333,1.5423647068345698,2.0,2.0,76.66666666666667,86.66666666666667,93.33333333333333,11,36.666666666666664,8,26.666666666666668,4,13.333333333333334,3,10.0,2,6.666666666666667,2,6.666666666666667,2.7,1.7729448195962934,2.0,3.0,70.0,83.33333333333334,83.33333333333334,10,33.33333333333333,8,26.666666666666668,3,10.0,4,13.333333333333334,0,0.0,5,16.666666666666664,2.7,1.5307950004273378,2.0,2.75,70.0,90.0,90.0,8,26.666666666666668,8,26.666666666666668,5,16.666666666666664,6,20.0,0,0.0,3,10.0
621,True,2.6333333333333333,1.4940623220676648,2.5,2.0,76.66666666666667,86.66666666666667,93.33333333333333,9,30.0,6,20.0,8,26.666666666666668,3,10.0,2,6.666666666666667,2,6.666666666666667,2.1333333333333333,1.521694961401777,1.0,2.0,83.33333333333334,90.0,93.33333333333333,16,53.333333333333336,4,13.333333333333334,5,16.666666666666664,2,6.666666666666667,1,3.3333333333333335,2,6.666666666666667,2.2666666666666666,1.5477582354991866,2.0,2.0,80.0,83.33333333333334,96.66666666666667,14,46.666666666666664,6,20.0,4,13.333333333333334,1,3.3333333333333335,4,13.333333333333334,1,3.3333333333333335,2.6,1.7048949136725895,2.0,3.0,70.0,83.33333333333334,90.0,12,40.0,5,16.666666666666664,4,13.333333333333334,4,13.333333333333334,2,6.666666666666667,3,10.0
622,True,2.5,1.6683325008322931,2.0,2.0,80.0,83.33333333333334,86.66666666666667,10,33.33333333333333,10,33.33333333333333,4,13.333333333333334,1,3.3333333333333335,1,3.3333333333333335,4,13.333333333333334,2.1,1.5989579940281944,1.0,2.0,83.33333333333334,90.0,90.0,17,56.666666666666664,4,13.333333333333334,4,13.333333333333334,2,6.666666666666667,0,0.0,3,10.0,2.066666666666667,1.364632632697248,1.5,2.0,83.33333333333334,93.33333333333333,96.66666666666667,15,50.0,6,20.0,4,13.333333333333334,3,10.0,1,3.3333333333333335,1,3.3333333333333335,2.2333333333333334,1.498517786199268,2.0,2.0,80.0,90.0,93.33333333333333,13,43.333333333333336,8,26.666666666666668,3,10.0,3,10.0,1,3.3333333333333335,2,6.666666666666667
623,True,2.933333333333333,1.5040685563571303,3.0,2.0,70.0,83.33333333333334,90.0,5,16.666666666666664,9,30.0,7,23.333333333333332,4,13.333333333333334,2,6.666666666666667,3,10.0,2.3,1.5524174696260022,2.0,1.75,83.33333333333334,86.66666666666667,90.0,11,36.666666666666664,11,36.666666666666664,3,10.0,1,3.3333333333333335,1,3.3333333333333335,3,10.0,2.5,1.7272328544042153,2.0,2.0,83.33333333333334,83.33333333333334,83.33333333333334,11,36.666666666666664,8,26.666666666666668,6,20.0,0,0.0,0,0.0,5,16.666666666666664,2.566666666666667,1.5205992970609392,2.0,2.75,73.33333333333333,86.66666666666667,93.33333333333333,9,30.0,9,30.0,4,13.333333333333334,4,13.333333333333334,2,6.666666666666667,2,6.666666666666667
624,True,2.2,1.375984496036686,2.0,2.0,90.0,90.0,93.33333333333333,11,36.666666666666664,10,33.33333333333333,6,20.0,0,0.0,1,3.3333333333333335,2,6.666666666666667,1.9,1.2999999999999998,1.5,1.0,93.33333333333333,93.33333333333333,93.33333333333333,15,50.0,9,30.0,4,13.333333333333334,0,0.0,0,0.0,2,6.666666666666667,1.9,1.2999999999999998,1.5,1.0,93.33333333333333,93.33333333333333,93.33333333333333,15,50.0,9,30.0,4,13.333333333333334,0,0.0,0,0.0,2,6.666666666666667,2.0,1.2382783747337807,2.0,1.0,90.0,93.33333333333333,96.66666666666667,13,43.333333333333336,10,33.33333333333333,4,13.333333333333334,1,3.3333333333333335,1,3.3333333333333335,1,3.3333333333333335
625,True,2.533333333333333,1.586050300449376,2.0,2.0,76.66666666666667,86.66666666666667,90.0,10,33.33333333333333,8,26.666666666666668,5,16.666666666666664,3,10.0,1,3.3333333333333335,3,10.0,2.1,1.374772708486752,2.0,1.75,86.66666666666667,93.33333333333333,93.33333333333333,13,43.333333333333336,9,30.0,4,13.333333333333334,2,6.666666666666667,0,0.0,2,6.666666666666667,2.1333333333333333,1.4313940369055924,2.0,1.75,86.66666666666667,90.0,93.33333333333333,13,43.333333333333336,9,30.0,4,13.333333333333334,1,3.3333333333333335,1,3.3333333333333335,2,6.666666666666667,2.3333333333333335,1.5129074290546958,2.0,2.0,83.33333333333334,90.0,90.0,11,36.666666666666664,9,30.0,5,16.666666666666664,2,6.666666666666667,0,0.0,3,10.0
626,True,2.433333333333333,1.453348623772776,2.0,2.0,76.66666666666667,86.66666666666667,96.66666666666667,10,33.33333333333333,9,30.0,4,13.333333333333334,3,10.0,3,10.0,1,3.3333333333333335,2.1666666666666665,1.593389120362283,2.0,1.0,80.0,83.33333333333334,93.33333333333333,14,46.666666666666664,10,33.33333333333333,0,0.0,1,3.3333333333333335,3,10.0,2,6.666666666666667,2.2333333333333334,1.6669999666733317,2.0,1.0,80.0,83.33333333333334,90.0,14,46.666666666666664,9,30.0,1,3.3333333333333335,1,3.3333333333333335,2,6.666666666666667,3,10.0,2.8333333333333335,1.9677962857527254,2.0,4.0,66.66666666666666,70.0,80.0,10,33.33333333333333,10,33.33333333333333,0,0.0,1,3.3333333333333335,3,10.0,6,20.0
627,True,3.033333333333333,1.7026123718829511,3.0,2.75,60.0,80.0,86.66666666666667,8,26.666666666666668,5,16.666666666666664,5,16.666666666666664,6,20.0,2,6.666666666666667,4,13.333333333333334,2.3333333333333335,1.7384539747207064,1.5,2.0,76.66666666666667,86.66666666666667,86.66666666666667,15,50.0,5,16.666666666666664,3,10.0,3,10.0,0,0.0,4,13.333333333333334,2.433333333333333,1.7065234314893605,2.0,3.0,70.0,86.66666666666667,90.0,14,46.666666666666664,5,16.666666666666664,2,6.666666666666667,5,16.666666666666664,1,3.3333333333333335,3,10.0,2.8333333333333335,1.7527755766846542,2.0,3.0,63.33333333333333,76.66666666666667,90.0,10,33.33333333333333,6,20.0,3,10.0,4,13.333333333333334,4,13.333333333333334,3,10.0
628,True,2.466666666666667,1.3349989596333858,2.5,2.0,86.66666666666667,93.33333333333333,93.33333333333333,9,30.0,6,20.0,11,36.666666666666664,2,6.666666666666667,0,0.0,2,6.666666666666667,2.3333333333333335,1.679947089113887,2.0,2.0,83.33333333333334,86.66666666666667,86.66666666666667,14,46.666666666666664,5,16.666666666666664,6,20.0,1,3.3333333333333335,0,0.0,4,13.333333333333334,2.3666666666666667,1.5595583420386112,2.0,2.0,80.0,86.66666666666667,93.33333333333333,13,43.333333333333336,5,16.666666666666664,6,20.0,2,6.666666666666667,2,6.666666666666667,2,6.666666666666667,2.566666666666667,1.8015425489162213,2.0,2.0,76.66666666666667,83.33333333333334,83.33333333333334,13,43.333333333333336,4,13.333333333333334,6,20.0,2,6.666666666666667,0,0.0,5,16.666666666666664
629,True,2.6333333333333333,1.32874209519965,3.0,1.75,80.0,90.0,96.66666666666667,8,26.666666666666668,5,16.666666666666664,11,36.666666666666664,3,10.0,2,6.666666666666667,1,3.3333333333333335,2.2333333333333334,1.5849991237291654,1.0,2.0,83.33333333333334,86.66666666666667,93.33333333333333,16,53.333333333333336,2,6.666666666666667,7,23.333333333333332,1,3.3333333333333335,2,6.666666666666667,2,6.666666666666667,2.3666666666666667,1.682920741515245,1.5,2.0,76.66666666666667,86.66666666666667,90.0,15,50.0,3,10.0,5,16.666666666666664,3,10.0,1,3.3333333333333335,3,10.0,2.6333333333333333,1.6428295373802142,2.0,3.0,70.0,86.66666666666667,90.0,11,36.666666666666664,5,16.666666666666664,5,16.666666666666664,5,16.666666666666664,1,3.3333333333333335,3,10.0
630,True,2.4,1.451436070471816,2.0,2.0,83.33333333333334,90.0,93.33333333333333,11,36.666666666666664,6,20.0,8,26.666666666666668,2,6.666666666666667,1,3.3333333333333335,2,6.666666666666667,2.3,1.7156145643277025,1.5,2.0,80.0,86.66666666666667,86.66666666666667,15,50.0,5,16.666666666666664,4,13.333333333333334,2,6.666666666666667,0,0.0,4,13.333333333333334,2.533333333333333,1.8749814813900312,2.0,2.75,73.33333333333333,80.0,83.33333333333334,14,46.666666666666664,5,16.666666666666664,3,10.0,2,6.666666666666667,1,3.3333333333333335,5,16.666666666666664,2.3666666666666667,1.4940623220676648,2.0,2.0,83.33333333333334,86.66666666666667,93.33333333333333,11,36.666666666666664,8,26.666666666666668,6,20.0,1,3.3333333333333335,2,6.666666666666667,2,6.666666666666667
631,True,2.533333333333333,1.384035966135113,2.0,1.75,83.33333333333334,90.0,93.33333333333333,8,26.666666666666668,8,26.666666666666668,9,30.0,2,6.666666666666667,1,3.3333333333333335,2,6.666666666666667,2.1666666666666665,1.5509853498842456,2.0,1.75,83.33333333333334,90.0,90.0,14,46.666666666666664,8,26.666666666666668,3,10.0,2,6.666666666666667,0,0.0,3,10.0,2.3,1.5088627063675033,2.0,2.0,83.33333333333334,90.0,90.0,11,36.666666666666664,10,33.33333333333333,4,13.333333333333334,2,6.666666666666667,0,0.0,3,10.0,2.3,1.1590225767142475,2.0,2.0,80.0,96.66666666666667,100.0,9,30.0,10,33.33333333333333,5,16.666666666666664,5,16.666666666666664,1,3.3333333333333335,0,0.0
632,True,2.7666666666666666,1.382831234179436,3.0,1.75,73.33333333333333,86.66666666666667,96.66666666666667,7,23.333333333333332,6,20.0,9,30.0,4,13.333333333333334,3,10.0,1,3.3333333333333335,2.433333333333333,1.8562207723101138,1.5,2.0,80.0,80.0,83.33333333333334,15,50.0,4,13.333333333333334,5,16.666666666666664,0,0.0,1,3.3333333333333335,5,16.666666666666664,2.466666666666667,1.687865186822955,2.0,2.0,83.33333333333334,83.33333333333334,86.66666666666667,12,40.0,6,20.0,7,23.333333333333332,0,0.0,1,3.3333333333333335,4,13.333333333333334,2.8333333333333335,1.8454147380888546,2.5,3.0,70.0,76.66666666666667,83.33333333333334,11,36.666666666666664,4,13.333333333333334,6,20.0,2,6.666666666666667,2,6.666666666666667,5,16.666666666666664
633,True,2.933333333333333,1.6110727964792761,3.0,3.0,63.33333333333333,80.0,93.33333333333333,9,30.0,3,10.0,7,23.333333333333332,5,16.666666666666664,4,13.333333333333334,2,6.666666666666667,2.433333333333333,1.8917951498216947,1.0,2.0,76.66666666666667,80.0,83.33333333333334,16,53.333333333333336,3,10.0,4,13.333333333333334,1,3.3333333333333335,1,3.3333333333333335,5,16.666666666666664,2.466666666666667,1.9275776393067947,1.5,2.0,76.66666666666667,80.0,80.0,15,50.0,5,16.666666666666664,3,10.0,1,3.3333333333333335,0,0.0,6,20.0,2.6666666666666665,1.8499249234015476,2.0,3.0,70.0,80.0,83.33333333333334,12,40.0,6,20.0,3,10.0,3,10.0,1,3.3333333333333335,5,16.666666666666664
634,True,3.0,1.4375905768565218,3.0,2.0,70.0,83.33333333333334,90.0,3,10.0,11,36.666666666666664,7,23.333333333333332,4,13.333333333333334,2,6.666666666666667,3,10.0,2.566666666666667,1.6058919293927874,2.0,2.0,76.66666666666667,83.33333333333334,90.0,9,30.0,10,33.33333333333333,4,13.333333333333334,2,6.666666666666667,2,6.666666666666667,3,10.0,2.7,1.676305461424021,2.0,1.75,76.66666666666667,80.0,86.66666666666667,8,26.666666666666668,10,33.33333333333333,5,16.666666666666664,1,3.3333333333333335,2,6.666666666666667,4,13.333333333333334,2.9,1.7,2.0,2.0,70.0,76.66666666666667,86.66666666666667,7,23.333333333333332,9,30.0,5,16.666666666666664,2,6.666666666666667,3,10.0,4,13.333333333333334
635,True,2.533333333333333,1.6478942792411033,2.0,2.75,73.33333333333333,86.66666666666667,90.0,12,40.0,5,16.666666666666664,5,16.666666666666664,4,13.333333333333334,1,3.3333333333333335,3,10.0,2.2666666666666666,1.671991493864594,1.5,2.0,76.66666666666667,86.66666666666667,90.0,15,50.0,6,20.0,2,6.666666666666667,3,10.0,1,3.3333333333333335,3,10.0,2.3666666666666667,1.7603661235347858,1.5,2.0,76.66666666666667,80.0,90.0,15,50.0,5,16.666666666666664,3,10.0,1,3.3333333333333335,3,10.0,3,10.0,2.9,1.885912687975418,2.0,3.0,60.0,76.66666666666667,83.33333333333334,11,36.666666666666664,5,16.666666666666664,2,6.666666666666667,5,16.666666666666664,2,6.666666666666667,5,16.666666666666664
636,True,2.3333333333333335,1.3984117975602022,2.0,2.0,86.66666666666667,90.0,93.33333333333333,10,33.33333333333333,9,30.0,7,23.333333333333332,1,3.3333333333333335,1,3.3333333333333335,2,6.666666666666667,2.2333333333333334,1.6058919293927874,2.0,2.0,83.33333333333334,86.66666666666667,90.0,14,46.666666666666664,7,23.333333333333332,4,13.333333333333334,1,3.3333333333333335,1,3.3333333333333335,3,10.0,2.2666666666666666,1.5477582354991866,2.0,2.0,83.33333333333334,90.0,90.0,13,43.333333333333336,7,23.333333333333332,5,16.666666666666664,2,6.666666666666667,0,0.0,3,10.0,2.7666666666666666,1.8740923729160794,2.0,3.0,70.0,76.66666666666667,83.33333333333334,12,40.0,4,13.333333333333334,5,16.666666666666664,2,6.666666666666667,2,6.666666666666667,5,16.666666666666664
637,True,2.3333333333333335,1.0434983894999017,2.0,1.0,90.0,96.66666666666667,96.66666666666667,5,16.666666666666664,15,50.0,7,23.333333333333332,2,6.666666666666667,0,0.0,1,3.3333333333333335,2.3,1.4866068747318506,2.0,1.75,83.33333333333334,90.0,90.0,10,33.33333333333333,12,40.0,3,10.0,2,6.666666666666667,0,0.0,3,10.0,2.3333333333333335,1.5347819244295118,2.0,1.75,83.33333333333334,86.66666666666667,90.0,10,33.33333333333333,12,40.0,3,10.0,1,3.3333333333333335,1,3.3333333333333335,3,10.0,2.3666666666666667,1.3780017739062924,2.0,1.75,83.33333333333334,90.0,93.33333333333333,8,26.666666666666668,13,43.333333333333336,4,13.333333333333334,2,6.666666666666667,1,3.3333333333333335,2,6.666666666666667
638,True,2.466666666666667,1.3097921802925665,2.0,1.0,80.0,93.33333333333333,93.33333333333333,6,20.0,14,46.666666666666664,4,13.333333333333334,4,13.333333333333334,0,0.0,2,6.666666666666667,2.1666666666666665,1.654958878307521,1.0,2.5,73.33333333333333,86.66666666666667,93.33333333333333,17,56.666666666666664,5,16.666666666666664,0,0.0,4,13.333333333333334,2,6.666666666666667,2,6.666666666666667,2.2666666666666666,1.6316317667360556,2.0,2.5,73.33333333333333,90.0,90.0,14,46.666666666666664,8,26.666666666666668,0,0.0,5,16.666666666666664,0,0.0,3,10.0,2.5,1.857417562100671,2.0,2.75,73.33333333333333,80.0,83.33333333333334,13,43.333333333333336,8,26.666666666666668,1,3.3333333333333335,2,6.666666666666667,1,3.3333333333333335,5,16.666666666666664
639,True,3.1,1.4224392195567912,3.0,2.0,66.66666666666666,86.66666666666667,90.0,5,16.666666666666664,4,13.333333333333334,11,36.666666666666664,6,20.0,1,3.3333333333333335,3,10.0,2.4,1.4966629547095767,2.0,2.0,76.66666666666667,86.66666666666667,96.66666666666667,12,40.0,6,20.0,5,16.666666666666664,3,10.0,3,10.0,1,3.3333333333333335,2.6333333333333333,1.7978382080215733,2.0,2.75,73.33333333333333,83.33333333333334,83.33333333333334,12,40.0,5,16.666666666666664,5,16.666666666666664,3,10.0,0,0.0,5,16.666666666666664,2.7333333333333334,1.6519348924485158,2.5,3.0,70.0,83.33333333333334,90.0,10,33.33333333333333,5,16.666666666666664,6,20.0,4,13.333333333333334,2,6.666666666666667,3,10.0
640,True,2.5,1.6881943016134133,2.0,2.0,80.0,83.33333333333334,86.66666666666667,11,36.666666666666664,8,26.666666666666668,5,16.666666666666664,1,3.3333333333333335,1,3.3333333333333335,4,13.333333333333334,2.0,1.61245154965971,1.0,1.0,86.66666666666667,86.66666666666667,90.0,18,60.0,5,16.666666666666664,3,10.0,0,0.0,1,3.3333333333333335,3,10.0,1.9333333333333333,1.4360439485692011,1.0,1.0,90.0,90.0,93.33333333333333,17,56.666666666666664,6,20.0,4,13.333333333333334,0,0.0,1,3.3333333333333335,2,6.666666666666667,2.5,1.857417562100671,1.5,2.0,76.66666666666667,76.66666666666667,86.66666666666667,15,50.0,3,10.0,5,16.666666666666664,0,0.0,3,10.0,4,13.333333333333334
641,True,2.8,1.661324772583615,3.0,1.75,80.0,83.33333333333334,83.33333333333334,8,26.666666666666668,6,20.0,10,33.33333333333333,1,3.3333333333333335,0,0.0,5,16.666666666666664,2.3666666666666667,1.6428295373802142,1.5,2.0,83.33333333333334,86.66666666666667,90.0,15,50.0,1,3.3333333333333335,9,30.0,1,3.3333333333333335,1,3.3333333333333335,3,10.0,2.5,1.6072751268321592,2.0,2.0,80.0,86.66666666666667,90.0,12,40.0,4,13.333333333333334,8,26.666666666666668,2,6.666666666666667,1,3.3333333333333335,3,10.0,2.8333333333333335,1.8633899812498247,3.0,2.75,73.33333333333333,80.0,80.0,12,40.0,1,3.3333333333333335,9,30.0,2,6.666666666666667,0,0.0,6,20.0
642,True,2.433333333333333,1.358512258154322,2.0,2.0,83.33333333333334,90.0,96.66666666666667,10,33.33333333333333,6,20.0,9,30.0,2,6.666666666666667,2,6.666666666666667,1,3.3333333333333335,2.2,1.6613247725836147,1.0,2.0,76.66666666666667,80.0,96.66666666666667,17,56.666666666666664,4,13.333333333333334,2,6.666666666666667,1,3.3333333333333335,5,16.666666666666664,1,3.3333333333333335,2.2666666666666666,1.7113996870657915,1.0,2.0,80.0,83.33333333333334,90.0,16,53.333333333333336,4,13.333333333333334,4,13.333333333333334,1,3.3333333333333335,2,6.666666666666667,3,10.0,2.6,1.8,2.0,2.0,76.66666666666667,80.0,83.33333333333334,11,36.666666666666664,8,26.666666666666668,4,13.333333333333334,1,3.3333333333333335,1,3.3333333333333335,5,16.666666666666664
643,True,2.7,1.4410644214144859,2.0,1.0,76.66666666666667,90.0,90.0,6,20.0,10,33.33333333333333,7,23.333333333333332,4,13.333333333333334,0,0.0,3,10.0,2.2666666666666666,1.2892719737209144,2.0,2.0,80.0,96.66666666666667,96.66666666666667,11,36.666666666666664,8,26.666666666666668,5,16.666666666666664,5,16.666666666666664,0,0.0,1,3.3333333333333335,2.5,1.6683325008322931,2.0,2.0,76.66666666666667,86.66666666666667,86.66666666666667,11,36.666666666666664,8,26.666666666666668,4,13.333333333333334,3,10.0,0,0.0,4,13.333333333333334,2.6333333333333333,1.4940623220676645,2.0,1.75,73.33333333333333,90.0,90.0,7,23.333333333333332,11,36.666666666666664,4,13.333333333333334,5,16.666666666666664,0,0.0,3,10.0
644,True,2.7666666666666666,1.5423647068345696,2.0,1.75,73.33333333333333,80.0,93.33333333333333,7,23.333333333333332,9,30.0,6,20.0,2,6.666666666666667,4,13.333333333333334,2,6.666666666666667,2.4,1.4742229591663987,2.0,2.0,80.0,86.66666666666667,93.33333333333333,9,30.0,12,40.0,3,10.0,2,6.666666666666667,2,6.666666666666667,2,6.666666666666667,2.5,1.5,2.0,2.0,76.66666666666667,86.66666666666667,93.33333333333333,9,30.0,10,33.33333333333333,4,13.333333333333334,3,10.0,2,6.666666666666667,2,6.666666666666667,2.8,1.661324772583615,2.0,1.75,73.33333333333333,80.0,86.66666666666667,7,23.333333333333332,10,33.33333333333333,5,16.666666666666664,2,6.666666666666667,2,6.666666666666667,4,13.333333333333334
645,True,2.966666666666667,1.5595583420386112,3.0,1.75,73.33333333333333,83.33333333333334,86.66666666666667,6,20.0,6,20.0,10,33.33333333333333,3,10.0,1,3.3333333333333335,4,13.333333333333334,2.3333333333333335,1.699673171197595,2.0,2.0,83.33333333333334,83.33333333333334,86.66666666666667,13,43.333333333333336,8,26.666666666666668,4,13.333333333333334,0,0.0,1,3.3333333333333335,4,13.333333333333334,2.466666666666667,1.7074997966487597,2.0,2.0,80.0,83.33333333333334,86.66666666666667,12,40.0,7,23.333333333333332,5,16.666666666666664,1,3.3333333333333335,1,3.3333333333333335,4,13.333333333333334,2.6,1.6653327995729061,2.0,2.75,73.33333333333333,83.33333333333334,90.0,11,36.666666666666664,6,20.0,5,16.666666666666664,3,10.0,2,6.666666666666667,3,10.0
646,True,2.7333333333333334,1.364632632697248,3.0,1.0,80.0,90.0,93.33333333333333,7,23.333333333333332,5,16.666666666666664,12,40.0,3,10.0,1,3.3333333333333335,2,6.666666666666667,2.2333333333333334,1.6669999666733317,1.5,2.0,83.33333333333334,83.33333333333334,90.0,15,50.0,6,20.0,4,13.333333333333334,0,0.0,2,6.666666666666667,3,10.0,2.3666666666666667,1.6428295373802142,2.0,2.0,83.33333333333334,83.33333333333334,90.0,13,43.333333333333336,6,20.0,6,20.0,0,0.0,2,6.666666666666667,3,10.0,2.5,1.3844373104863459,2.5,2.0,80.0,90.0,96.66666666666667,10,33.33333333333333,5,16.666666666666664,9,30.0,3,10.0,2,6.666666666666667,1,3.3333333333333335
647,True,2.1666666666666665,1.3186693629901656,2.0,1.0,86.66666666666667,93.33333333333333,93.33333333333333,10,33.33333333333333,13,43.333333333333336,3,10.0,2,6.666666666666667,0,0.0,2,6.666666666666667,2.066666666666667,1.4817407180595248,1.5,1.0,83.33333333333334,90.0,93.33333333333333,15,50.0,8,26.666666666666668,2,6.666666666666667,2,6.666666666666667,1,3.3333333333333335,2,6.666666666666667,2.3,1.7540429489230491,1.5,2.0,80.0,83.33333333333334,86.66666666666667,15,50.0,6,20.0,3,10.0,1,3.3333333333333335,1,3.3333333333333335,4,13.333333333333334,2.1333333333333333,1.4544949486180951,2.0,2.0,86.66666666666667,90.0,93.33333333333333,14,46.666666666666664,7,23.333333333333332,5,16.666666666666664,1,3.3333333333333335,1,3.3333333333333335,2,6.666666666666667
648,True,2.3,1.4866068747318506,2.0,1.75,83.33333333333334,90.0,90.0,10,33.33333333333333,12,40.0,3,10.0,2,6.666666666666667,0,0.0,3,10.0,2.066666666666667,1.5260697523012796,1.0,1.75,86.66666666666667,86.66666666666667,93.33333333333333,16,53.333333333333336,6,20.0,4,13.333333333333334,0,0.0,2,6.666666666666667,2,6.666666666666667,2.2333333333333334,1.6265163865007803,2.0,1.0,83.33333333333334,83.33333333333334,90.0,13,43.333333333333336,10,33.33333333333333,2,6.666666666666667,0,0.0,2,6.666666666666667,3,10.0,2.533333333333333,1.8208667044996885,2.0,2.75,73.33333333333333,83.33333333333334,83.33333333333334,13,43.333333333333336,6,20.0,3,10.0,3,10.0,0,0.0,5,16.666666666666664
649,True,3.2666666666666666,1.5477582354991863,3.0,2.75,63.33333333333333,73.33333333333333,90.0,5,16.666666666666664,4,13.333333333333334,10,33.33333333333333,3,10.0,5,16.666666666666664,3,10.0,2.7,1.7540429489230491,2.0,3.0,66.66666666666666,80.0,90.0,12,40.0,4,13.333333333333334,4,13.333333333333334,4,13.333333333333334,3,10.0,3,10.0,2.9,1.7767010628315238,2.0,2.75,70.0,76.66666666666667,83.33333333333334,8,26.666666666666668,8,26.666666666666668,5,16.666666666666664,2,6.666666666666667,2,6.666666666666667,5,16.666666666666664,3.0,1.879716290649558,3.0,3.0,63.33333333333333,76.66666666666667,80.0,10,33.33333333333333,4,13.333333333333334,5,16.666666666666664,4,13.333333333333334,1,3.3333333333333335,6,20.0
650,True,2.6,1.171893055416463,2.5,1.0,83.33333333333334,93.33333333333333,96.66666666666667,5,16.666666666666664,10,33.33333333333333,10,33.33333333333333,3,10.0,1,3.3333333333333335,1,3.3333333333333335,2.5,1.5864005379054391,2.0,2.0,76.66666666666667,86.66666666666667,90.0,10,33.33333333333333,9,30.0,4,13.333333333333334,3,10.0,1,3.3333333333333335,3,10.0,2.6333333333333333,1.6629959577688562,2.0,2.0,76.66666666666667,83.33333333333334,86.66666666666667,9,30.0,9,30.0,5,16.666666666666664,2,6.666666666666667,1,3.3333333333333335,4,13.333333333333334,2.5,1.3102162671355697,2.0,1.75,76.66666666666667,93.33333333333333,96.66666666666667,8,26.666666666666668,9,30.0,6,20.0,5,16.666666666666664,1,3.3333333333333335,1,3.3333333333333335
651,True,2.8333333333333335,1.5293426329272615,2.5,1.75,73.33333333333333,83.33333333333334,90.0,6,20.0,9,30.0,7,23.333333333333332,3,10.0,2,6.666666666666667,3,10.0,2.433333333333333,1.7451520150277897,2.0,3.0,70.0,83.33333333333334,90.0,14,46.666666666666664,6,20.0,1,3.3333333333333335,4,13.333333333333334,2,6.666666666666667,3,10.0,2.6666666666666665,1.86785676348292,2.0,3.0,60.0,76.66666666666667,90.0,14,46.666666666666664,4,13.333333333333334,0,0.0,5,16.666666666666664,4,13.333333333333334,3,10.0,2.7333333333333334,1.7499206331208914,2.0,3.0,56.666666666666664,80.0,93.33333333333333,12,40.0,5,16.666666666666664,0,0.0,7,23.333333333333332,4,13.333333333333334,2,6.666666666666667
652,True,2.466666666666667,1.3597385369580761,2.0,2.0,83.33333333333334,93.33333333333333,93.33333333333333,9,30.0,7,23.333333333333332,9,30.0,3,10.0,0,0.0,2,6.666666666666667,2.2666666666666666,1.6316317667360556,1.5,2.0,83.33333333333334,86.66666666666667,90.0,15,50.0,4,13.333333333333334,6,20.0,1,3.3333333333333335,1,3.3333333333333335,3,10.0,2.4,1.8,1.5,2.0,80.0,80.0,86.66666666666667,15,50.0,4,13.333333333333334,5,16.666666666666664,0,0.0,2,6.666666666666667,4,13.333333333333334,2.8,1.869046102516825,2.0,3.5,73.33333333333333,73.33333333333333,83.33333333333334,11,36.666666666666664,5,16.666666666666664,6,20.0,0,0.0,3,10.0,5,16.666666666666664
653,True,2.7333333333333334,1.5691469727919758,2.5,1.75,76.66666666666667,83.33333333333334,90.0,8,26.666666666666668,7,23.333333333333332,8,26.666666666666668,2,6.666666666666667,2,6.666666666666667,3,10.0,2.2,1.4,2.0,2.0,83.33333333333334,90.0,96.66666666666667,13,43.333333333333336,7,23.333333333333332,5,16.666666666666664,2,6.666666666666667,2,6.666666666666667,1,3.3333333333333335,2.3,1.5307950004273378,2.0,2.0,83.33333333333334,86.66666666666667,93.33333333333333,13,43.333333333333336,6,20.0,6,20.0,1,3.3333333333333335,2,6.666666666666667,2,6.666666666666667,2.433333333333333,1.5638272140986533,2.0,2.0,80.0,83.33333333333334,93.33333333333333,11,36.666666666666664,8,26.666666666666668,5,16.666666666666664,1,3.3333333333333335,3,10.0,2,6.666666666666667
654,True,2.3,1.4177446878757827,2.0,2.0,80.0,93.33333333333333,93.33333333333333,11,36.666666666666664,9,30.0,4,13.333333333333334,4,13.333333333333334,0,0.0,2,6.666666666666667,2.3,1.8645821694595996,1.0,2.5,73.33333333333333,80.0,86.66666666666667,17,56.666666666666664,5,16.666666666666664,0,0.0,2,6.666666666666667,2,6.666666666666667,4,13.333333333333334,2.3,1.7540429489230491,1.0,2.75,73.33333333333333,83.33333333333334,90.0,16,53.333333333333336,5,16.666666666666664,1,3.3333333333333335,3,10.0,2,6.666666666666667,3,10.0,2.433333333333333,1.8562207723101138,1.5,3.0,70.0,80.0,86.66666666666667,15,50.0,6,20.0,0,0.0,3,10.0,2,6.666666666666667,4,13.333333333333334
655,True,2.466666666666667,1.564892612574067,2.0,2.0,80.0,90.0,90.0,12,40.0,4,13.333333333333334,8,26.666666666666668,3,10.0,0,0.0,3,10.0,2.1666666666666665,1.3924399049470282,2.0,2.0,86.66666666666667,90.0,96.66666666666667,14,46.666666666666664,5,16.666666666666664,7,23.333333333333332,1,3.3333333333333335,2,6.666666666666667,1,3.3333333333333335,2.466666666666667,1.765093639316497,2.0,2.0,83.33333333333334,83.33333333333334,83.33333333333334,13,43.333333333333336,5,16.666666666666664,7,23.333333333333332,0,0.0,0,0.0,5,16.666666666666664,2.433333333333333,1.4761059883656353,2.0,2.0,83.33333333333334,83.33333333333334,96.66666666666667,11,36.666666666666664,6,20.0,8,26.666666666666668,0,0.0,4,13.333333333333334,1,3.3333333333333335
656,True,2.4,1.2806248474865698,2.0,2.0,90.0,90.0,96.66666666666667,9,30.0,7,23.333333333333332,11,36.666666666666664,0,0.0,2,6.666666666666667,1,3.3333333333333335,2.533333333333333,1.7838784213679537,2.0,2.0,80.0,80.0,86.66666666666667,14,46.666666666666664,2,6.666666666666667,8,26.666666666666668,0,0.0,2,6.666666666666667,4,13.333333333333334,2.6,1.8366636418607882,2.0,2.0,76.66666666666667,76.66666666666667,86.66666666666667,14,46.666666666666664,2,6.666666666666667,7,23.333333333333332,0,0.0,3,10.0,4,13.333333333333334,3.0,1.8618986725025255,3.0,3.75,70.0,73.33333333333333,80.0,9,30.0,5,16.666666666666664,7,23.333333333333332,1,3.3333333333333335,2,6.666666666666667,6,20.0
657,True,3.0,1.4375905768565218,3.0,2.0,70.0,83.33333333333334,90.0,3,10.0,11,36.666666666666664,7,23.333333333333332,4,13.333333333333334,2,6.666666666666667,3,10.0,2.533333333333333,1.6878651868229548,2.0,2.0,76.66666666666667,80.0,90.0,11,36.666666666666664,8,26.666666666666668,4,13.333333333333334,1,3.3333333333333335,3,10.0,3,10.0,2.6666666666666665,1.776388345929897,2.0,2.75,73.33333333333333,76.66666666666667,86.66666666666667,10,33.33333333333333,9,30.0,3,10.0,1,3.3333333333333335,3,10.0,4,13.333333333333334,2.8666666666666667,1.6069294390925268,3.0,2.75,66.66666666666666,83.33333333333334,90.0,8,26.666666666666668,6,20.0,6,20.0,5,16.666666666666664,2,6.666666666666667,3,10.0
658,True,2.6,1.540562667772179,2.0,1.0,83.33333333333334,86.66666666666667,86.66666666666667,7,23.333333333333332,11,36.666666666666664,7,23.333333333333332,1,3.3333333333333335,0,0.0,4,13.333333333333334,2.2,1.446835627614047,2.0,2.0,83.33333333333334,93.33333333333333,93.33333333333333,14,46.666666666666664,5,16.666666666666664,6,20.0,3,10.0,0,0.0,2,6.666666666666667,2.433333333333333,1.6265163865007803,2.0,2.0,76.66666666666667,86.66666666666667,90.0,12,40.0,7,23.333333333333332,4,13.333333333333334,3,10.0,1,3.3333333333333335,3,10.0,2.466666666666667,1.4772346537440226,2.0,2.0,80.0,90.0,93.33333333333333,11,36.666666666666664,5,16.666666666666664,8,26.666666666666668,3,10.0,1,3.3333333333333335,2,6.666666666666667
659,True,2.6666666666666665,1.3743685418725535,2.0,2.0,70.0,90.0,93.33333333333333,4,13.333333333333334,16,53.333333333333336,1,3.3333333333333335,6,20.0,1,3.3333333333333335,2,6.666666666666667,2.433333333333333,1.7829438827088444,2.0,1.75,76.66666666666667,83.33333333333334,83.33333333333334,12,40.0,10,33.33333333333333,1,3.3333333333333335,2,6.666666666666667,0,0.0,5,16.666666666666664,2.3,1.5947831618540915,2.0,1.0,83.33333333333334,86.66666666666667,86.66666666666667,10,33.33333333333333,14,46.666666666666664,1,3.3333333333333335,1,3.3333333333333335,0,0.0,4,13.333333333333334,2.8333333333333335,1.7143187827498387,2.0,2.75,66.66666666666666,80.0,86.66666666666667,8,26.666666666666668,9,30.0,3,10.0,4,13.333333333333334,2,6.666666666666667,4,13.333333333333334
660,True,3.1333333333333333,1.564892612574067,3.0,2.0,56.666666666666664,76.66666666666667,93.33333333333333,6,20.0,6,20.0,5,16.666666666666664,6,20.0,5,16.666666666666664,2,6.666666666666667,2.6,1.7435595774162693,2.5,2.0,76.66666666666667,83.33333333333334,86.66666666666667,13,43.333333333333336,2,6.666666666666667,8,26.666666666666668,2,6.666666666666667,1,3.3333333333333335,4,13.333333333333334,2.8333333333333335,1.8454147380888544,2.5,3.0,70.0,76.66666666666667,83.33333333333334,11,36.666666666666664,4,13.333333333333334,6,20.0,2,6.666666666666667,2,6.666666666666667,5,16.666666666666664,3.4,1.724335620850342,3.0,3.0,53.333333333333336,70.0,83.33333333333334,6,20.0,4,13.333333333333334,6,20.0,5,16.666666666666664,4,13.333333333333334,5,16.666666666666664
661,True,2.566666666666667,1.5423647068345698,2.0,2.0,80.0,86.66666666666667,90.0,9,30.0,8,26.666666666666668,7,23.333333333333332,2,6.666666666666667,1,3.3333333333333335,3,10.0,2.2,1.5577761927397231,1.5,2.0,83.33333333333334,86.66666666666667,93.33333333333333,15,50.0,5,16.666666666666664,5,16.666666666666664,1,3.3333333333333335,2,6.666666666666667,2,6.666666666666667,2.4,1.8000000000000003,2.0,2.0,80.0,83.33333333333334,83.33333333333334,14,46.666666666666664,6,20.0,4,13.333333333333334,1,3.3333333333333335,0,0.0,5,16.666666666666664,2.533333333333333,1.6478942792411033,2.0,2.0,80.0,86.66666666666667,86.66666666666667,11,36.666666666666664,6,20.0,7,23.333333333333332,2,6.666666666666667,0,0.0,4,13.333333333333334
662,True,2.566666666666667,1.4761059883656353,2.0,1.0,83.33333333333334,86.66666666666667,90.0,7,23.333333333333332,11,36.666666666666664,7,23.333333333333332,1,3.3333333333333335,1,3.3333333333333335,3,10.0,2.1,1.535143858622594,1.5,1.75,86.66666666666667,90.0,90.0,15,50.0,7,23.333333333333332,4,13.333333333333334,1,3.3333333333333335,0,0.0,3,10.0,2.1,1.445683229480096,2.0,1.75,86.66666666666667,90.0,93.33333333333333,14,46.666666666666664,8,26.666666666666668,4,13.333333333333334,1,3.3333333333333335,1,3.3333333333333335,2,6.666666666666667,2.3333333333333335,1.6599866130651642,2.0,2.0,76.66666666666667,86.66666666666667,90.0,14,46.666666666666664,6,20.0,3,10.0,3,10.0,1,3.3333333333333335,3,10.0
663,True,2.7333333333333334,1.3148721948877344,3.0,1.75,73.33333333333333,90.0,96.66666666666667,6,20.0,8,26.666666666666668,8,26.666666666666668,5,16.666666666666664,2,6.666666666666667,1,3.3333333333333335,2.3666666666666667,1.3535960336164634,2.0,2.0,80.0,93.33333333333333,96.66666666666667,11,36.666666666666664,6,20.0,7,23.333333333333332,4,13.333333333333334,1,3.3333333333333335,1,3.3333333333333335,2.433333333333333,1.3585122581543223,2.0,2.0,76.66666666666667,93.33333333333333,96.66666666666667,10,33.33333333333333,7,23.333333333333332,6,20.0,5,16.666666666666664,1,3.3333333333333335,1,3.3333333333333335,2.6333333333333333,1.4940623220676648,2.0,3.0,70.0,90.0,93.33333333333333,9,30.0,7,23.333333333333332,5,16.666666666666664,6,20.0,1,3.3333333333333335,2,6.666666666666667
664,True,2.3666666666666667,1.1967548714010827,2.0,1.75,86.66666666666667,90.0,100.0,8,26.666666666666668,10,33.33333333333333,8,26.666666666666668,1,3.3333333333333335,3,10.0,0,0.0,2.3333333333333335,1.577621275493231,2.0,2.0,80.0,83.33333333333334,93.33333333333333,12,40.0,9,30.0,3,10.0,1,3.3333333333333335,3,10.0,2,6.666666666666667,2.3,1.4410644214144859,2.0,2.0,83.33333333333334,90.0,93.33333333333333,11,36.666666666666664,9,30.0,5,16.666666666666664,2,6.666666666666667,1,3.3333333333333335,2,6.666666666666667,2.7,1.69607389776114,2.0,3.0,70.0,83.33333333333334,86.66666666666667,9,30.0,9,30.0,3,10.0,4,13.333333333333334,1,3.3333333333333335,4,13.333333333333334
665,True,2.3666666666666667,1.110055053689781,2.0,1.75,76.66666666666667,100.0,100.0,8,26.666666666666668,10,33.33333333333333,5,16.666666666666664,7,23.333333333333332,0,0.0,0,0.0,2.2333333333333334,1.5638272140986536,2.0,1.75,80.0,90.0,90.0,13,43.333333333333336,9,30.0,2,6.666666666666667,3,10.0,0,0.0,3,10.0,2.5,1.8929694486000912,2.0,2.0,76.66666666666667,80.0,80.0,13,43.333333333333336,8,26.666666666666668,2,6.666666666666667,1,3.3333333333333335,0,0.0,6,20.0,2.5,1.6278820596099706,2.0,2.0,76.66666666666667,86.66666666666667,86.66666666666667,9,30.0,12,40.0,2,6.666666666666667,3,10.0,0,0.0,4,13.333333333333334
666,True,2.1333333333333333,1.2036980056845192,2.0,1.75,90.0,93.33333333333333,96.66666666666667,10,33.33333333333333,12,40.0,5,16.666666666666664,1,3.3333333333333335,1,3.3333333333333335,1,3.3333333333333335,2.066666666666667,1.5477582354991866,1.5,1.0,83.33333333333334,90.0,90.0,15,50.0,9,30.0,1,3.3333333333333335,2,6.666666666666667,0,0.0,3,10.0,2.066666666666667,1.2631530214330944,2.0,1.0,86.66666666666667,93.33333333333333,96.66666666666667,12,40.0,11,36.666666666666664,3,10.0,2,6.666666666666667,1,3.3333333333333335,1,3.3333333333333335,2.033333333333333,1.3535960336164634,2.0,1.0,86.66666666666667,93.33333333333333,93.33333333333333,13,43.333333333333336,11,36.666666666666664,2,6.666666666666667,2,6.666666666666667,0,0.0,2,6.666666666666667
667,True,2.6666666666666665,1.5776212754932308,2.0,2.75,73.33333333333333,86.66666666666667,90.0,9,30.0,7,23.333333333333332,6,20.0,4,13.333333333333334,1,3.3333333333333335,3,10.0,2.4,1.724335620850342,2.0,2.0,76.66666666666667,86.66666666666667,86.66666666666667,14,46.666666666666664,5,16.666666666666664,4,13.333333333333334,3,10.0,0,0.0,4,13.333333333333334,2.6666666666666665,1.8318175552045448,2.0,3.0,66.66666666666666,80.0,86.66666666666667,13,43.333333333333336,4,13.333333333333334,3,10.0,4,13.333333333333334,2,6.666666666666667,4,13.333333333333334,2.8,1.8147543451754935,2.0,2.75,73.33333333333333,76.66666666666667,83.33333333333334,10,33.33333333333333,6,20.0,6,20.0,1,3.3333333333333335,2,6.666666666666667,5,16.666666666666664
668,True,1.9,1.5132745950421556,1.0,1.0,90.0,90.0,90.0,18,60.0,6,20.0,3,10.0,0,0.0,0,0.0,3,10.0,1.6666666666666667,1.3743685418725535,1.0,0.75,86.66666666666667,90.0,96.66666666666667,22,73.33333333333333,4,13.333333333333334,0,0.0,1,3.3333333333333335,2,6.666666666666667,1,3.3333333333333335,1.8666666666666667,1.7074997966487597,1.0,0.75,83.33333333333334,83.33333333333334,90.0,22,73.33333333333333,3,10.0,0,0.0,0,0.0,2,6.666666666666667,3,10.0,1.9666666666666666,1.622412469818394,1.0,1.0,80.0,86.66666666666667,93.33333333333333,20,66.66666666666666,3,10.0,1,3.3333333333333335,2,6.666666666666667,2,6.666666666666667,2,6.666666666666667
669,True,3.4,1.5832456116050557,3.5,2.0,50.0,80.0,83.33333333333334,4,13.333333333333334,6,20.0,5,16.666666666666664,9,30.0,1,3.3333333333333335,5,16.666666666666664,2.5,1.7272328544042153,2.0,2.0,76.66666666666667,76.66666666666667,90.0,11,36.666666666666664,10,33.33333333333333,2,6.666666666666667,0,0.0,4,13.333333333333334,3,10.0,2.6333333333333333,1.7978382080215733,2.0,3.75,70.0,73.33333333333333,90.0,11,36.666666666666664,9,30.0,1,3.3333333333333335,1,3.3333333333333335,5,16.666666666666664,3,10.0,2.8,1.7776388834631176,2.0,3.75,66.66666666666666,73.33333333333333,90.0,10,33.33333333333333,7,23.333333333333332,3,10.0,2,6.666666666666667,5,16.666666666666664,3,10.0
670,True,3.2666666666666666,1.6110727964792764,3.0,2.0,66.66666666666666,76.66666666666667,80.0,2,6.666666666666667,11,36.666666666666664,7,23.333333333333332,3,10.0,1,3.3333333333333335,6,20.0,2.6666666666666665,1.7950549357115013,2.0,2.0,76.66666666666667,76.66666666666667,83.33333333333334,9,30.0,11,36.666666666666664,3,10.0,0,0.0,2,6.666666666666667,5,16.666666666666664,2.7,1.676305461424021,2.0,1.75,76.66666666666667,80.0,86.66666666666667,8,26.666666666666668,10,33.33333333333333,5,16.666666666666664,1,3.3333333333333335,2,6.666666666666667,4,13.333333333333334,2.8666666666666667,1.5434449203720302,2.0,2.0,66.66666666666666,83.33333333333334,90.0,5,16.666666666666664,12,40.0,3,10.0,5,16.666666666666664,2,6.666666666666667,3,10.0
671,True,2.9,1.445683229480096,3.0,2.75,63.33333333333333,86.66666666666667,96.66666666666667,8,26.666666666666668,3,10.0,8,26.666666666666668,7,23.333333333333332,3,10.0,1,3.3333333333333335,2.4,1.8000000000000003,1.5,2.75,73.33333333333333,83.33333333333334,86.66666666666667,15,50.0,5,16.666666666666664,2,6.666666666666667,3,10.0,1,3.3333333333333335,4,13.333333333333334,2.533333333333333,1.8208667044996885,2.0,2.0,76.66666666666667,83.33333333333334,83.33333333333334,14,46.666666666666664,3,10.0,6,20.0,2,6.666666666666667,0,0.0,5,16.666666666666664,2.8,1.6812693617224654,2.5,3.0,63.33333333333333,83.33333333333334,90.0,10,33.33333333333333,5,16.666666666666664,4,13.333333333333334,6,20.0,2,6.666666666666667,3,10.0
672,True,2.4,1.4742229591663987,2.0,3.0,70.0,93.33333333333333,96.66666666666667,13,43.333333333333336,4,13.333333333333334,4,13.333333333333334,7,23.333333333333332,1,3.3333333333333335,1,3.3333333333333335,2.3666666666666667,1.8882678717691395,1.0,3.0,66.66666666666666,83.33333333333334,86.66666666666667,18,60.0,2,6.666666666666667,0,0.0,5,16.666666666666664,1,3.3333333333333335,4,13.333333333333334,2.5,1.9450792614526877,1.0,3.0,66.66666666666666,80.0,83.33333333333334,16,53.333333333333336,4,13.333333333333334,0,0.0,4,13.333333333333334,1,3.3333333333333335,5,16.666666666666664,2.566666666666667,1.6265163865007801,2.0,2.75,73.33333333333333,86.66666666666667,90.0,11,36.666666666666664,6,20.0,5,16.666666666666664,4,13.333333333333334,1,3.3333333333333335,3,10.0
673,True,2.7333333333333334,1.412641340027806,3.0,1.0,80.0,90.0,90.0,6,20.0,8,26.666666666666668,10,33.33333333333333,3,10.0,0,0.0,3,10.0,2.3333333333333335,1.4907119849998596,2.0,2.0,80.0,90.0,93.33333333333333,12,40.0,7,23.333333333333332,5,16.666666666666664,3,10.0,1,3.3333333333333335,2,6.666666666666667,2.3,1.345362404707371,2.0,2.0,80.0,93.33333333333333,96.66666666666667,11,36.666666666666664,8,26.666666666666668,5,16.666666666666664,4,13.333333333333334,1,3.3333333333333335,1,3.3333333333333335,2.566666666666667,1.6058919293927874,2.0,2.0,76.66666666666667,86.66666666666667,90.0,11,36.666666666666664,5,16.666666666666664,7,23.333333333333332,3,10.0,1,3.3333333333333335,3,10.0
674,True,2.3,1.3940349110884322,2.0,2.0,80.0,93.33333333333333,96.66666666666667,13,43.333333333333336,4,13.333333333333334,7,23.333333333333332,4,13.333333333333334,1,3.3333333333333335,1,3.3333333333333335,2.1333333333333333,1.647894279241103,1.0,2.0,83.33333333333334,86.66666666666667,90.0,17,56.666666666666664,4,13.333333333333334,4,13.333333333333334,1,3.3333333333333335,1,3.3333333333333335,3,10.0,2.2333333333333334,1.6265163865007803,1.5,2.0,83.33333333333334,86.66666666666667,90.0,15,50.0,5,16.666666666666664,5,16.666666666666664,1,3.3333333333333335,1,3.3333333333333335,3,10.0,2.3333333333333335,1.5563490039905004,2.0,2.0,76.66666666666667,90.0,93.33333333333333,14,46.666666666666664,4,13.333333333333334,5,16.666666666666664,4,13.333333333333334,1,3.3333333333333335,2,6.666666666666667
675,True,2.7,1.530795000427338,2.5,1.75,76.66666666666667,86.66666666666667,90.0,8,26.666666666666668,7,23.333333333333332,8,26.666666666666668,3,10.0,1,3.3333333333333335,3,10.0,2.2666666666666666,1.4817407180595248,2.0,2.0,76.66666666666667,90.0,96.66666666666667,14,46.666666666666664,5,16.666666666666664,4,13.333333333333334,4,13.333333333333334,2,6.666666666666667,1,3.3333333333333335,2.7,1.9519221295943137,2.0,3.0,70.0,76.66666666666667,80.0,13,43.333333333333336,5,16.666666666666664,3,10.0,2,6.666666666666667,1,3.3333333333333335,6,20.0,2.6333333333333333,1.5807874268505835,2.5,2.0,76.66666666666667,86.66666666666667,90.0,10,33.33333333333333,5,16.666666666666664,8,26.666666666666668,3,10.0,1,3.3333333333333335,3,10.0
676,True,2.8,1.4000000000000001,3.0,1.0,76.66666666666667,86.66666666666667,93.33333333333333,6,20.0,7,23.333333333333332,10,33.33333333333333,3,10.0,2,6.666666666666667,2,6.666666666666667,2.4,1.6852299546352716,2.0,2.0,76.66666666666667,83.33333333333334,90.0,13,43.333333333333336,7,23.333333333333332,3,10.0,2,6.666666666666667,2,6.666666666666667,3,10.0,2.6333333333333333,1.7603661235347858,2.0,3.0,70.0,76.66666666666667,90.0,11,36.666666666666664,8,26.666666666666668,2,6.666666666666667,2,6.666666666666667,4,13.333333333333334,3,10.0,2.8333333333333335,1.771690968789108,2.0,3.0,70.0,80.0,83.33333333333334,9,30.0,7,23.333333333333332,5,16.666666666666664,3,10.0,1,3.3333333333333335,5,16.666666666666664
677,True,2.6666666666666665,1.3249737942901194,2.0,1.0,80.0,90.0,93.33333333333333,5,16.666666666666664,11,36.666666666666664,8,26.666666666666668,3,10.0,1,3.3333333333333335,2,6.666666666666667,2.533333333333333,1.6275407487644937,2.0,2.0,80.0,83.33333333333334,90.0,11,36.666666666666664,6,20.0,7,23.333333333333332,1,3.3333333333333335,2,6.666666666666667,3,10.0,2.6666666666666665,1.7191729277636836,2.0,2.0,76.66666666666667,80.0,86.66666666666667,10,33.33333333333333,7,23.333333333333332,6,20.0,1,3.3333333333333335,2,6.666666666666667,4,13.333333333333334,2.8,1.7776388834631176,2.0,3.0,70.0,76.66666666666667,86.66666666666667,10,33.33333333333333,6,20.0,5,16.666666666666664,2,6.666666666666667,3,10.0,4,13.333333333333334
678,True,2.1666666666666665,1.2133516482134197,2.0,2.0,90.0,93.33333333333333,96.66666666666667,10,33.33333333333333,11,36.666666666666664,6,20.0,1,3.3333333333333335,1,3.3333333333333335,1,3.3333333333333335,2.066666666666667,1.5477582354991866,1.0,1.75,86.66666666666667,90.0,90.0,16,53.333333333333336,6,20.0,4,13.333333333333334,1,3.3333333333333335,0,0.0,3,10.0,2.1666666666666665,1.5723301886761005,1.5,1.75,80.0,86.66666666666667,93.33333333333333,15,50.0,7,23.333333333333332,2,6.666666666666667,2,6.666666666666667,2,6.666666666666667,2,6.666666666666667,2.1666666666666665,1.4851112939963642,2.0,2.0,83.33333333333334,90.0,93.33333333333333,14,46.666666666666664,7,23.333333333333332,4,13.333333333333334,2,6.666666666666667,1,3.3333333333333335,2,6.666666666666667
679,True,2.6666666666666665,1.4220486005134363,2.5,2.5,73.33333333333333,86.66666666666667,96.66666666666667,8,26.666666666666668,7,23.333333333333332,7,23.333333333333332,4,13.333333333333334,3,10.0,1,3.3333333333333335,2.3333333333333335,1.7384539747207064,1.0,2.0,76.66666666666667,83.33333333333334,90.0,16,53.333333333333336,3,10.0,4,13.333333333333334,2,6.666666666666667,2,6.666666666666667,3,10.0,2.466666666666667,1.8749814813900312,1.0,3.0,70.0,80.0,86.66666666666667,16,53.333333333333336,3,10.0,2,6.666666666666667,3,10.0,2,6.666666666666667,4,13.333333333333334,2.6,1.9252705437591537,2.0,3.0,70.0,76.66666666666667,83.33333333333334,14,46.666666666666664,5,16.666666666666664,2,6.666666666666667,2,6.666666666666667,2,6.666666666666667,5,16.666666666666664
680,True,2.533333333333333,1.3597385369580761,2.0,1.75,80.0,93.33333333333333,93.33333333333333,8,26.666666666666668,8,26.666666666666668,8,26.666666666666668,4,13.333333333333334,0,0.0,2,6.666666666666667,2.4,1.6852299546352716,2.0,2.0,80.0,86.66666666666667,86.66666666666667,13,43.333333333333336,6,20.0,5,16.666666666666664,2,6.666666666666667,0,0.0,4,13.333333333333334,2.5,1.7841898254763513,2.0,2.0,76.66666666666667,80.0,86.66666666666667,13,43.333333333333336,6,20.0,4,13.333333333333334,1,3.3333333333333335,2,6.666666666666667,4,13.333333333333334,2.6,1.6451950239004087,2.0,2.0,76.66666666666667,86.66666666666667,86.66666666666667,10,33.33333333333333,7,23.333333333333332,6,20.0,3,10.0,0,0.0,4,13.333333333333334
681,True,2.9,1.3503086067019396,2.0,2.0,70.0,90.0,90.0,2,6.666666666666667,14,46.666666666666664,5,16.666666666666664,6,20.0,0,0.0,3,10.0,2.6,1.4966629547095764,2.0,1.0,76.66666666666667,86.66666666666667,90.0,6,20.0,14,46.666666666666664,3,10.0,3,10.0,1,3.3333333333333335,3,10.0,2.6666666666666665,1.5563490039905004,2.0,1.0,76.66666666666667,86.66666666666667,86.66666666666667,6,20.0,13,43.333333333333336,4,13.333333333333334,3,10.0,0,0.0,4,13.333333333333334,2.7,1.5737428845483834,2.0,1.75,73.33333333333333,86.66666666666667,86.66666666666667,6,20.0,13,43.333333333333336,3,10.0,4,13.333333333333334,0,0.0,4,13.333333333333334
682,True,2.7,1.242309676905615,2.5,1.75,73.33333333333333,93.33333333333333,96.66666666666667,5,16.666666666666664,10,33.33333333333333,7,23.333333333333332,6,20.0,1,3.3333333333333335,1,3.3333333333333335,2.433333333333333,1.8381754238616315,2.0,2.0,76.66666666666667,76.66666666666667,86.66666666666667,14,46.666666666666664,7,23.333333333333332,2,6.666666666666667,0,0.0,3,10.0,4,13.333333333333334,2.7666666666666666,1.891795149821695,2.0,3.0,66.66666666666666,76.66666666666667,83.33333333333334,12,40.0,5,16.666666666666664,3,10.0,3,10.0,2,6.666666666666667,5,16.666666666666664,2.8,1.8330302779823358,2.0,3.0,63.33333333333333,76.66666666666667,86.66666666666667,11,36.666666666666664,6,20.0,2,6.666666666666667,4,13.333333333333334,3,10.0,4,13.333333333333334
683,True,3.066666666666667,1.730767331432956,3.0,2.0,60.0,80.0,83.33333333333334,7,23.333333333333332,7,23.333333333333332,4,13.333333333333334,6,20.0,1,3.3333333333333335,5,16.666666666666664,2.5,1.7272328544042153,2.0,3.0,70.0,83.33333333333334,90.0,13,43.333333333333336,6,20.0,2,6.666666666666667,4,13.333333333333334,2,6.666666666666667,3,10.0,2.6333333333333333,1.7978382080215733,2.0,3.0,66.66666666666666,83.33333333333334,86.66666666666667,13,43.333333333333336,4,13.333333333333334,3,10.0,5,16.666666666666664,1,3.3333333333333335,4,13.333333333333334,2.933333333333333,1.7307673314329561,3.0,3.75,60.0,73.33333333333333,93.33333333333333,10,33.33333333333333,4,13.333333333333334,4,13.333333333333334,4,13.333333333333334,6,20.0,2,6.666666666666667
684,True,2.7666666666666666,1.6265163865007803,2.0,2.75,66.66666666666666,83.33333333333334,90.0,8,26.666666666666668,9,30.0,3,10.0,5,16.666666666666664,2,6.666666666666667,3,10.0,2.3,1.4866068747318506,2.0,1.75,76.66666666666667,90.0,93.33333333333333,11,36.666666666666664,11,36.666666666666664,1,3.3333333333333335,4,13.333333333333334,1,3.3333333333333335,2,6.666666666666667,2.533333333333333,1.586050300449376,2.0,2.75,73.33333333333333,86.66666666666667,90.0,9,30.0,11,36.666666666666664,2,6.666666666666667,4,13.333333333333334,1,3.3333333333333335,3,10.0,2.433333333333333,1.453348623772776,2.0,3.0,70.0,90.0,96.66666666666667,10,33.33333333333333,10,33.33333333333333,1,3.3333333333333335,6,20.0,2,6.666666666666667,1,3.3333333333333335
685,True,2.8333333333333335,1.5293426329272617,2.5,2.0,66.66666666666666,83.33333333333334,93.33333333333333,7,23.333333333333332,8,26.666666666666668,5,16.666666666666664,5,16.666666666666664,3,10.0,2,6.666666666666667,2.3666666666666667,1.7413277182145301,2.0,2.75,73.33333333333333,86.66666666666667,86.66666666666667,14,46.666666666666664,7,23.333333333333332,1,3.3333333333333335,4,13.333333333333334,0,0.0,4,13.333333333333334,2.466666666666667,1.8208667044996885,2.0,2.75,73.33333333333333,80.0,86.66666666666667,14,46.666666666666664,6,20.0,2,6.666666666666667,2,6.666666666666667,2,6.666666666666667,4,13.333333333333334,2.4,1.5832456116050555,2.0,2.0,76.66666666666667,90.0,90.0,12,40.0,7,23.333333333333332,4,13.333333333333334,4,13.333333333333334,0,0.0,3,10.0
686,True,3.2333333333333334,1.3337499349161703,3.5,2.0,50.0,90.0,93.33333333333333,4,13.333333333333334,5,16.666666666666664,6,20.0,12,40.0,1,3.3333333333333335,2,6.666666666666667,2.8666666666666667,1.687865186822955,2.0,2.75,66.66666666666666,76.66666666666667,90.0,8,26.666666666666668,8,26.666666666666668,4,13.333333333333334,3,10.0,4,13.333333333333334,3,10.0,2.966666666666667,1.7220788470785986,2.5,3.5,63.33333333333333,73.33333333333333,90.0,8,26.666666666666668,7,23.333333333333332,4,13.333333333333334,3,10.0,5,16.666666666666664,3,10.0,3.3333333333333335,1.7384539747207064,3.5,2.0,50.0,76.66666666666667,80.0,5,16.666666666666664,8,26.666666666666668,2,6.666666666666667,8,26.666666666666668,1,3.3333333333333335,6,20.0
687,True,2.2666666666666666,1.3148721948877347,2.0,2.0,90.0,93.33333333333333,93.33333333333333,10,33.33333333333333,9,30.0,8,26.666666666666668,1,3.3333333333333335,0,0.0,2,6.666666666666667,2.2333333333333334,1.7065234314893605,1.0,2.0,80.0,83.33333333333334,90.0,16,53.333333333333336,5,16.666666666666664,3,10.0,1,3.3333333333333335,2,6.666666666666667,3,10.0,2.3333333333333335,1.7384539747207064,2.0,2.0,80.0,83.33333333333334,86.66666666666667,14,46.666666666666664,7,23.333333333333332,3,10.0,1,3.3333333333333335,1,3.3333333333333335,4,13.333333333333334,2.6333333333333333,1.7413277182145301,2.0,3.0,70.0,80.0,90.0,12,40.0,5,16.666666666666664,4,13.333333333333334,3,10.0,3,10.0,3,10.0
688,True,2.4,1.3063945294843615,2.0,1.75,86.66666666666667,93.33333333333333,93.33333333333333,8,26.666666666666668,10,33.33333333333333,8,26.666666666666668,2,6.666666666666667,0,0.0,2,6.666666666666667,2.466666666666667,1.746106780494506,2.0,2.0,76.66666666666667,83.33333333333334,86.66666666666667,13,43.333333333333336,6,20.0,4,13.333333333333334,2,6.666666666666667,1,3.3333333333333335,4,13.333333333333334,2.533333333333333,1.765093639316497,2.0,2.0,76.66666666666667,80.0,86.66666666666667,12,40.0,7,23.333333333333332,4,13.333333333333334,1,3.3333333333333335,2,6.666666666666667,4,13.333333333333334,2.7,1.8284784202536637,2.0,3.0,66.66666666666666,83.33333333333334,83.33333333333334,12,40.0,5,16.666666666666664,3,10.0,5,16.666666666666664,0,0.0,5,16.666666666666664
689,True,2.8666666666666667,1.687865186822955,2.0,1.75,73.33333333333333,80.0,83.33333333333334,6,20.0,11,36.666666666666664,5,16.666666666666664,2,6.666666666666667,1,3.3333333333333335,5,16.666666666666664,2.2666666666666666,1.7499206331208919,1.5,1.75,80.0,83.33333333333334,86.66666666666667,15,50.0,7,23.333333333333332,2,6.666666666666667,1,3.3333333333333335,1,3.3333333333333335,4,13.333333333333334,2.5,1.7841898254763513,2.0,3.0,70.0,80.0,90.0,14,46.666666666666664,5,16.666666666666664,2,6.666666666666667,3,10.0,3,10.0,3,10.0,2.566666666666667,1.7451520150277902,2.0,3.0,70.0,80.0,90.0,12,40.0,7,23.333333333333332,2,6.666666666666667,3,10.0,3,10.0,3,10.0
690,True,2.9,1.535143858622594,3.0,1.75,73.33333333333333,83.33333333333334,90.0,7,23.333333333333332,5,16.666666666666664,10,33.33333333333333,3,10.0,2,6.666666666666667,3,10.0,2.5,1.6278820596099706,2.0,2.0,76.66666666666667,83.33333333333334,93.33333333333333,13,43.333333333333336,3,10.0,7,23.333333333333332,2,6.666666666666667,3,10.0,2,6.666666666666667,2.533333333333333,1.4996295838935991,2.0,2.0,80.0,86.66666666666667,93.33333333333333,10,33.33333333333333,6,20.0,8,26.666666666666668,2,6.666666666666667,2,6.666666666666667,2,6.666666666666667,2.966666666666667,1.7220788470785988,3.0,3.0,63.33333333333333,80.0,86.66666666666667,9,30.0,4,13.333333333333334,6,20.0,5,16.666666666666664,2,6.666666666666667,4,13.333333333333334
691,True,2.4,1.3063945294843617,2.0,2.0,80.0,90.0,100.0,10,33.33333333333333,7,23.333333333333332,7,23.333333333333332,3,10.0,3,10.0,0,0.0,2.3666666666666667,1.7978382080215733,2.0,1.75,76.66666666666667,80.0,86.66666666666667,14,46.666666666666664,8,26.666666666666668,1,3.3333333333333335,1,3.3333333333333335,2,6.666666666666667,4,13.333333333333334,2.3666666666666667,1.7603661235347858,2.0,2.0,76.66666666666667,83.33333333333334,86.66666666666667,14,46.666666666666664,7,23.333333333333332,2,6.666666666666667,2,6.666666666666667,1,3.3333333333333335,4,13.333333333333334,2.6333333333333333,1.7792008193443358,2.0,3.0,70.0,80.0,86.66666666666667,11,36.666666666666664,8,26.666666666666668,2,6.666666666666667,3,10.0,2,6.666666666666667,4,13.333333333333334
692,True,2.8666666666666667,1.3097921802925665,3.0,1.0,76.66666666666667,90.0,93.33333333333333,5,16.666666666666664,6,20.0,12,40.0,4,13.333333333333334,1,3.3333333333333335,2,6.666666666666667,2.466666666666667,1.7074997966487595,2.0,2.75,73.33333333333333,83.33333333333334,90.0,13,43.333333333333336,6,20.0,3,10.0,3,10.0,2,6.666666666666667,3,10.0,2.6333333333333333,1.9058389811897076,2.0,2.75,73.33333333333333,80.0,80.0,13,43.333333333333336,5,16.666666666666664,4,13.333333333333334,2,6.666666666666667,0,0.0,6,20.0,3.1,1.7767010628315238,3.0,2.75,60.0,76.66666666666667,83.33333333333334,8,26.666666666666668,5,16.666666666666664,5,16.666666666666664,5,16.666666666666664,2,6.666666666666667,5,16.666666666666664
693,True,3.1,1.6802777548171413,3.0,2.0,66.66666666666666,80.0,83.33333333333334,7,23.333333333333332,4,13.333333333333334,9,30.0,4,13.333333333333334,1,3.3333333333333335,5,16.666666666666664,2.4,1.7435595774162695,1.5,2.0,80.0,80.0,90.0,15,50.0,3,10.0,6,20.0,0,0.0,3,10.0,3,10.0,2.9,2.0058248511107175,2.5,4.0,66.66666666666666,70.0,80.0,13,43.333333333333336,2,6.666666666666667,5,16.666666666666664,1,3.3333333333333335,3,10.0,6,20.0,2.7333333333333334,1.7113996870657915,2.0,2.75,73.33333333333333,76.66666666666667,90.0,10,33.33333333333333,6,20.0,6,20.0,1,3.3333333333333335,4,13.333333333333334,3,10.0
694,True,2.6333333333333333,1.32874209519965,2.5,1.0,76.66666666666667,90.0,96.66666666666667,7,23.333333333333332,8,26.666666666666668,8,26.666666666666668,4,13.333333333333334,2,6.666666666666667,1,3.3333333333333335,2.2,1.5362291495737217,2.0,2.0,86.66666666666667,90.0,90.0,14,46.666666666666664,6,20.0,6,20.0,1,3.3333333333333335,0,0.0,3,10.0,2.4,1.6041612554021285,2.0,2.0,80.0,86.66666666666667,90.0,12,40.0,7,23.333333333333332,5,16.666666666666664,2,6.666666666666667,1,3.3333333333333335,3,10.0,2.7666666666666666,1.8199511592958264,2.0,2.0,76.66666666666667,80.0,80.0,10,33.33333333333333,6,20.0,7,23.333333333333332,1,3.3333333333333335,0,0.0,6,20.0
695,True,2.8333333333333335,1.4395215254459457,2.5,2.0,70.0,90.0,90.0,5,16.666666666666664,10,33.33333333333333,6,20.0,6,20.0,0,0.0,3,10.0,2.3333333333333335,1.3743685418725535,2.0,2.0,80.0,90.0,96.66666666666667,10,33.33333333333333,10,33.33333333333333,4,13.333333333333334,3,10.0,2,6.666666666666667,1,3.3333333333333335,2.466666666666667,1.6275407487644937,2.0,2.0,80.0,86.66666666666667,86.66666666666667,10,33.33333333333333,10,33.33333333333333,4,13.333333333333334,2,6.666666666666667,0,0.0,4,13.333333333333334,2.3666666666666667,1.4255603186895398,2.0,2.0,83.33333333333334,90.0,93.33333333333333,10,33.33333333333333,9,30.0,6,20.0,2,6.666666666666667,1,3.3333333333333335,2,6.666666666666667
696,True,2.433333333333333,1.382831234179436,2.0,1.75,83.33333333333334,90.0,93.33333333333333,8,26.666666666666668,11,36.666666666666664,6,20.0,2,6.666666666666667,1,3.3333333333333335,2,6.666666666666667,2.3333333333333335,1.4907119849998598,2.0,2.0,80.0,90.0,93.33333333333333,12,40.0,7,23.333333333333332,5,16.666666666666664,3,10.0,1,3.3333333333333335,2,6.666666666666667,2.5,1.5652475842498528,2.0,2.0,76.66666666666667,90.0,90.0,11,36.666666666666664,6,20.0,6,20.0,4,13.333333333333334,0,0.0,3,10.0,2.7,1.4866068747318506,2.0,1.0,76.66666666666667,86.66666666666667,90.0,6,20.0,11,36.666666666666664,6,20.0,3,10.0,1,3.3333333333333335,3,10.0
697,True,2.8333333333333335,1.1571036638473189,3.0,2.0,70.0,93.33333333333333,100.0,5,16.666666666666664,6,20.0,10,33.33333333333333,7,23.333333333333332,2,6.666666666666667,0,0.0,2.5,1.7654083569153813,2.0,2.75,73.33333333333333,83.33333333333334,86.66666666666667,13,43.333333333333336,6,20.0,3,10.0,3,10.0,1,3.3333333333333335,4,13.333333333333334,2.6,1.818424226264781,2.0,3.0,70.0,80.0,86.66666666666667,13,43.333333333333336,5,16.666666666666664,3,10.0,3,10.0,2,6.666666666666667,4,13.333333333333334,2.7,1.7349351572897471,2.0,3.0,70.0,83.33333333333334,86.66666666666667,11,36.666666666666664,5,16.666666666666664,5,16.666666666666664,4,13.333333333333334,1,3.3333333333333335,4,13.333333333333334
698,True,2.466666666666667,1.284090685617215,2.5,1.75,90.0,93.33333333333333,93.33333333333333,8,26.666666666666668,7,23.333333333333332,12,40.0,1,3.3333333333333335,0,0.0,2,6.666666666666667,2.1666666666666665,1.2931443160847214,2.0,2.0,93.33333333333333,93.33333333333333,93.33333333333333,11,36.666666666666664,9,30.0,8,26.666666666666668,0,0.0,0,0.0,2,6.666666666666667,2.433333333333333,1.62651638650078,2.0,2.0,83.33333333333334,86.66666666666667,86.66666666666667,11,36.666666666666664,8,26.666666666666668,6,20.0,1,3.3333333333333335,0,0.0,4,13.333333333333334,2.6666666666666665,1.5563490039905004,2.0,1.75,80.0,83.33333333333334,90.0,8,26.666666666666668,8,26.666666666666668,8,26.666666666666668,1,3.3333333333333335,2,6.666666666666667,3,10.0
699,True,2.566666666666667,1.2565384549980507,2.5,1.0,86.66666666666667,93.33333333333333,93.33333333333333,6,20.0,9,30.0,11,36.666666666666664,2,6.666666666666667,0,0.0,2,6.666666666666667,2.433333333333333,1.4533486237727762,2.0,1.75,80.0,86.66666666666667,93.33333333333333,8,26.666666666666668,13,43.333333333333336,3,10.0,2,6.666666666666667,2,6.666666666666667,2,6.666666666666667,2.433333333333333,1.4533486237727762,2.0,1.75,80.0,86.66666666666667,93.33333333333333,8,26.666666666666668,13,43.333333333333336,3,10.0,2,6.666666666666667,2,6.666666666666667,2,6.666666666666667,2.5,1.3354150416006754,2.0,1.0,86.66666666666667,90.0,93.33333333333333,7,23.333333333333332,10,33.33333333333333,9,30.0,1,3.3333333333333335,1,3.3333333333333335,2,6.666666666666667
700,True,2.3,1.2948616399703357,2.0,1.75,86.66666666666667,93.33333333333333,93.33333333333333,8,26.666666666666668,13,43.333333333333336,5,16.666666666666664,2,6.666666666666667,0,0.0,2,6.666666666666667,2.1333333333333333,1.2840906856172147,2.0,2.0,83.33333333333334,96.66666666666667,96.66666666666667,13,43.333333333333336,7,23.333333333333332,5,16.666666666666664,4,13.333333333333334,0,0.0,1,3.3333333333333335,2.433333333333333,1.6868774571839993,2.0,2.0,76.66666666666667,86.66666666666667,86.66666666666667,12,40.0,8,26.666666666666668,3,10.0,3,10.0,0,0.0,4,13.333333333333334,2.533333333333333,1.765093639316497,2.0,2.0,80.0,83.33333333333334,83.33333333333334,12,40.0,6,20.0,6,20.0,1,3.3333333333333335,0,0.0,5,16.666666666666664
701,True,2.5,1.4776106839534333,2.0,1.75,80.0,90.0,90.0,8,26.666666666666668,11,36.666666666666664,5,16.666666666666664,3,10.0,0,0.0,3,10.0,2.1666666666666665,1.674979270186815,1.5,1.0,83.33333333333334,86.66666666666667,86.66666666666667,15,50.0,8,26.666666666666668,2,6.666666666666667,1,3.3333333333333335,0,0.0,4,13.333333333333334,2.2,1.5577761927397231,2.0,2.0,83.33333333333334,90.0,90.0,14,46.666666666666664,7,23.333333333333332,4,13.333333333333334,2,6.666666666666667,0,0.0,3,10.0,2.2,1.4696938456699067,2.0,2.0,83.33333333333334,90.0,93.33333333333333,13,43.333333333333336,8,26.666666666666668,4,13.333333333333334,2,6.666666666666667,1,3.3333333333333335,2,6.666666666666667
702,True,2.9,1.491084616423003,3.0,1.75,73.33333333333333,86.66666666666667,90.0,7,23.333333333333332,4,13.333333333333334,11,36.666666666666664,4,13.333333333333334,1,3.3333333333333335,3,10.0,2.433333333333333,1.6265163865007801,2.0,2.0,76.66666666666667,86.66666666666667,90.0,12,40.0,7,23.333333333333332,4,13.333333333333334,3,10.0,1,3.3333333333333335,3,10.0,2.4,1.518771433319269,2.0,2.0,83.33333333333334,86.66666666666667,93.33333333333333,12,40.0,5,16.666666666666664,8,26.666666666666668,1,3.3333333333333335,2,6.666666666666667,2,6.666666666666667,2.8,1.7204650534085255,2.0,3.0,70.0,80.0,86.66666666666667,9,30.0,7,23.333333333333332,5,16.666666666666664,3,10.0,2,6.666666666666667,4,13.333333333333334
703,True,2.3,1.3940349110884325,2.0,2.0,83.33333333333334,90.0,96.66666666666667,12,40.0,6,20.0,7,23.333333333333332,2,6.666666666666667,2,6.666666666666667,1,3.3333333333333335,2.3333333333333335,1.776388345929897,1.0,2.0,76.66666666666667,80.0,90.0,16,53.333333333333336,4,13.333333333333334,3,10.0,1,3.3333333333333335,3,10.0,3,10.0,2.1666666666666665,1.5293426329272615,1.5,2.0,86.66666666666667,86.66666666666667,93.33333333333333,15,50.0,5,16.666666666666664,6,20.0,0,0.0,2,6.666666666666667,2,6.666666666666667,2.3333333333333335,1.6193277068654823,2.0,2.0,80.0,83.33333333333334,93.33333333333333,14,46.666666666666664,5,16.666666666666664,5,16.666666666666664,1,3.3333333333333335,3,10.0,2,6.666666666666667
704,True,2.566666666666667,1.4761059883656353,2.0,1.75,80.0,90.0,90.0,8,26.666666666666668,9,30.0,7,23.333333333333332,3,10.0,0,0.0,3,10.0,2.1,1.445683229480096,1.0,2.0,86.66666666666667,93.33333333333333,93.33333333333333,16,53.333333333333336,3,10.0,7,23.333333333333332,2,6.666666666666667,0,0.0,2,6.666666666666667,2.2,1.5577761927397231,1.0,2.0,80.0,90.0,93.33333333333333,16,53.333333333333336,3,10.0,5,16.666666666666664,3,10.0,1,3.3333333333333335,2,6.666666666666667,2.433333333333333,1.6468825769380833,2.0,2.0,80.0,86.66666666666667,90.0,14,46.666666666666664,2,6.666666666666667,8,26.666666666666668,2,6.666666666666667,1,3.3333333333333335,3,10.0
705,True,2.7,1.4177446878757824,2.0,2.0,70.0,90.0,93.33333333333333,6,20.0,11,36.666666666666664,4,13.333333333333334,6,20.0,1,3.3333333333333335,2,6.666666666666667,2.3666666666666667,1.7220788470785986,2.0,2.0,80.0,83.33333333333334,86.66666666666667,13,43.333333333333336,8,26.666666666666668,3,10.0,1,3.3333333333333335,1,3.3333333333333335,4,13.333333333333334,2.466666666666667,1.7269111795984826,2.0,2.0,76.66666666666667,83.33333333333334,86.66666666666667,12,40.0,8,26.666666666666668,3,10.0,2,6.666666666666667,1,3.3333333333333335,4,13.333333333333334,2.6666666666666665,1.6397831834998458,2.0,2.5,73.33333333333333,80.0,90.0,8,26.666666666666668,11,36.666666666666664,3,10.0,2,6.666666666666667,3,10.0,3,10.0
706,True,2.8,1.514375558880073,3.0,1.75,73.33333333333333,86.66666666666667,90.0,7,23.333333333333332,7,23.333333333333332,8,26.666666666666668,4,13.333333333333334,1,3.3333333333333335,3,10.0,2.3333333333333335,1.4907119849998598,2.0,2.0,83.33333333333334,86.66666666666667,93.33333333333333,11,36.666666666666664,9,30.0,5,16.666666666666664,1,3.3333333333333335,2,6.666666666666667,2,6.666666666666667,2.5,1.6683325008322931,2.0,2.0,80.0,83.33333333333334,86.66666666666667,10,33.33333333333333,10,33.33333333333333,4,13.333333333333334,1,3.3333333333333335,1,3.3333333333333335,4,13.333333333333334,2.5,1.5,2.0,2.0,80.0,86.66666666666667,93.33333333333333,10,33.33333333333333,7,23.333333333333332,7,23.333333333333332,2,6.666666666666667,2,6.666666666666667,2,6.666666666666667
707,True,2.4,1.4047538337136984,2.0,2.0,80.0,93.33333333333333,93.33333333333333,10,33.33333333333333,8,26.666666666666668,6,20.0,4,13.333333333333334,0,0.0,2,6.666666666666667,2.1333333333333333,1.359738536958076,2.0,2.0,83.33333333333334,93.33333333333333,96.66666666666667,14,46.666666666666664,6,20.0,5,16.666666666666664,3,10.0,1,3.3333333333333335,1,3.3333333333333335,2.2333333333333334,1.4302291968616625,2.0,2.0,76.66666666666667,93.33333333333333,96.66666666666667,14,46.666666666666664,5,16.666666666666664,4,13.333333333333334,5,16.666666666666664,1,3.3333333333333335,1,3.3333333333333335,2.3666666666666667,1.5807874268505835,2.0,2.0,80.0,90.0,90.0,13,43.333333333333336,5,16.666666666666664,6,20.0,3,10.0,0,0.0,3,10.0
708,True,3.033333333333333,1.4940623220676648,3.0,1.75,73.33333333333333,83.33333333333334,86.66666666666667,4,13.333333333333334,8,26.666666666666668,10,33.33333333333333,3,10.0,1,3.3333333333333335,4,13.333333333333334,2.433333333333333,1.7065234314893603,2.0,2.75,73.33333333333333,83.33333333333334,90.0,13,43.333333333333336,7,23.333333333333332,2,6.666666666666667,3,10.0,2,6.666666666666667,3,10.0,2.6333333333333333,1.7978382080215733,2.0,2.75,73.33333333333333,76.66666666666667,86.66666666666667,11,36.666666666666664,8,26.666666666666668,3,10.0,1,3.3333333333333335,3,10.0,4,13.333333333333334,2.6,1.4966629547095767,2.5,2.75,73.33333333333333,90.0,93.33333333333333,10,33.33333333333333,5,16.666666666666664,7,23.333333333333332,5,16.666666666666664,1,3.3333333333333335,2,6.666666666666667
709,True,2.433333333333333,1.2297244497131143,2.5,2.0,83.33333333333334,96.66666666666667,96.66666666666667,9,30.0,6,20.0,10,33.33333333333333,4,13.333333333333334,0,0.0,1,3.3333333333333335,2.2333333333333334,1.54236470683457,1.5,2.0,80.0,90.0,93.33333333333333,15,50.0,4,13.333333333333334,5,16.666666666666664,3,10.0,1,3.3333333333333335,2,6.666666666666667,2.466666666666667,1.7269111795984824,2.0,2.75,73.33333333333333,86.66666666666667,86.66666666666667,13,43.333333333333336,6,20.0,3,10.0,4,13.333333333333334,0,0.0,4,13.333333333333334,3.1,1.972308292331602,3.0,4.0,63.33333333333333,70.0,76.66666666666667,10,33.33333333333333,4,13.333333333333334,5,16.666666666666664,2,6.666666666666667,2,6.666666666666667,7,23.333333333333332
710,True,2.8333333333333335,1.4851112939963642,3.0,2.75,63.33333333333333,90.0,93.33333333333333,8,26.666666666666668,5,16.666666666666664,6,20.0,8,26.666666666666668,1,3.3333333333333335,2,6.666666666666667,2.1666666666666665,1.6141733350404335,1.5,1.0,80.0,83.33333333333334,93.33333333333333,15,50.0,8,26.666666666666668,1,3.3333333333333335,1,3.3333333333333335,3,10.0,2,6.666666666666667,2.3333333333333335,1.7950549357115013,2.0,1.75,80.0,83.33333333333334,83.33333333333334,14,46.666666666666664,8,26.666666666666668,2,6.666666666666667,1,3.3333333333333335,0,0.0,5,16.666666666666664,2.8,1.8330302779823362,2.0,3.0,70.0,76.66666666666667,83.33333333333334,10,33.33333333333333,7,23.333333333333332,4,13.333333333333334,2,6.666666666666667,2,6.666666666666667,5,16.666666666666664
711,True,2.6333333333333333,1.4255603186895398,2.0,1.75,73.33333333333333,90.0,93.33333333333333,7,23.333333333333332,10,33.33333333333333,5,16.666666666666664,5,16.666666666666664,1,3.3333333333333335,2,6.666666666666667,2.5,1.746424919657298,2.0,3.0,70.0,83.33333333333334,90.0,14,46.666666666666664,4,13.333333333333334,3,10.0,4,13.333333333333334,2,6.666666666666667,3,10.0,2.3666666666666667,1.4940623220676645,2.0,2.75,73.33333333333333,93.33333333333333,93.33333333333333,12,40.0,7,23.333333333333332,3,10.0,6,20.0,0,0.0,2,6.666666666666667,2.7333333333333334,1.7113996870657915,2.0,3.0,63.33333333333333,86.66666666666667,86.66666666666667,10,33.33333333333333,7,23.333333333333332,2,6.666666666666667,7,23.333333333333332,0,0.0,4,13.333333333333334
712,True,2.9,1.491084616423003,3.0,2.0,70.0,86.66666666666667,90.0,6,20.0,7,23.333333333333332,8,26.666666666666668,5,16.666666666666664,1,3.3333333333333335,3,10.0,2.433333333333333,1.7451520150277897,2.0,3.0,70.0,83.33333333333334,90.0,14,46.666666666666664,6,20.0,1,3.3333333333333335,4,13.333333333333334,2,6.666666666666667,3,10.0,2.3666666666666667,1.7220788470785986,2.0,2.0,76.66666666666667,86.66666666666667,86.66666666666667,14,46.666666666666664,6,20.0,3,10.0,3,10.0,0,0.0,4,13.333333333333334,2.466666666666667,1.5216949614017772,2.0,2.75,73.33333333333333,90.0,93.33333333333333,11,36.666666666666664,7,23.333333333333332,4,13.333333333333334,5,16.666666666666664,1,3.3333333333333335,2,6.666666666666667
713,True,2.933333333333333,1.569146972791976,3.0,2.0,60.0,86.66666666666667,90.0,7,23.333333333333332,7,23.333333333333332,4,13.333333333333334,8,26.666666666666668,1,3.3333333333333335,3,10.0,2.4,1.5832456116050557,2.0,2.75,73.33333333333333,86.66666666666667,93.33333333333333,12,40.0,8,26.666666666666668,2,6.666666666666667,4,13.333333333333334,2,6.666666666666667,2,6.666666666666667,2.4,1.5832456116050557,2.0,2.75,73.33333333333333,86.66666666666667,93.33333333333333,12,40.0,8,26.666666666666668,2,6.666666666666667,4,13.333333333333334,2,6.666666666666667,2,6.666666666666667,2.8333333333333335,1.7336538165261122,2.0,3.0,66.66666666666666,80.0,86.66666666666667,9,30.0,7,23.333333333333332,4,13.333333333333334,4,13.333333333333334,2,6.666666666666667,4,13.333333333333334
714,True,2.8333333333333335,1.6346933113652302,2.0,2.0,70.0,83.33333333333334,86.66666666666667,7,23.333333333333332,9,30.0,5,16.666666666666664,4,13.333333333333334,1,3.3333333333333335,4,13.333333333333334,2.3,1.5524174696260022,2.0,1.75,83.33333333333334,86.66666666666667,90.0,11,36.666666666666664,11,36.666666666666664,3,10.0,1,3.3333333333333335,1,3.3333333333333335,3,10.0,2.566666666666667,1.8015425489162211,2.0,2.0,76.66666666666667,80.0,83.33333333333334,11,36.666666666666664,9,30.0,3,10.0,1,3.3333333333333335,1,3.3333333333333335,5,16.666666666666664,2.9,1.8502252115170559,2.0,2.75,70.0,73.33333333333333,80.0,7,23.333333333333332,12,40.0,2,6.666666666666667,1,3.3333333333333335,2,6.666666666666667,6,20.0
715,True,2.433333333333333,0.9195409482755815,2.0,1.0,86.66666666666667,96.66666666666667,100.0,3,10.0,16,53.333333333333336,7,23.333333333333332,3,10.0,1,3.3333333333333335,0,0.0,2.433333333333333,1.782943882708844,2.0,2.0,76.66666666666667,80.0,86.66666666666667,13,43.333333333333336,8,26.666666666666668,2,6.666666666666667,1,3.3333333333333335,2,6.666666666666667,4,13.333333333333334,2.466666666666667,1.7269111795984826,2.0,2.0,80.0,80.0,86.66666666666667,11,36.666666666666664,10,33.33333333333333,3,10.0,0,0.0,2,6.666666666666667,4,13.333333333333334,2.933333333333333,1.8961950204437188,2.0,3.75,66.66666666666666,73.33333333333333,80.0,9,30.0,8,26.666666666666668,3,10.0,2,6.666666666666667,2,6.666666666666667,6,20.0
716,True,2.4,1.5187714333192688,2.0,2.0,86.66666666666667,86.66666666666667,90.0,10,33.33333333333333,9,30.0,7,23.333333333333332,0,0.0,1,3.3333333333333335,3,10.0,2.0,1.591644851508443,1.0,1.0,83.33333333333334,90.0,90.0,18,60.0,5,16.666666666666664,2,6.666666666666667,2,6.666666666666667,0,0.0,3,10.0,2.1333333333333333,1.5860503004493758,1.0,2.0,83.33333333333334,90.0,90.0,16,53.333333333333336,5,16.666666666666664,4,13.333333333333334,2,6.666666666666667,0,0.0,3,10.0,2.2666666666666666,1.671991493864594,1.5,2.0,76.66666666666667,86.66666666666667,90.0,15,50.0,6,20.0,2,6.666666666666667,3,10.0,1,3.3333333333333335,3,10.0
717,True,2.8666666666666667,1.4544949486180951,3.0,1.0,80.0,86.66666666666667,86.66666666666667,4,13.333333333333334,10,33.33333333333333,10,33.33333333333333,2,6.666666666666667,0,0.0,4,13.333333333333334,2.466666666666667,1.6478942792411033,2.0,2.0,80.0,83.33333333333334,90.0,12,40.0,6,20.0,6,20.0,1,3.3333333333333335,2,6.666666666666667,3,10.0,2.566666666666667,1.6868774571839993,2.0,2.75,73.33333333333333,83.33333333333334,90.0,12,40.0,5,16.666666666666664,5,16.666666666666664,3,10.0,2,6.666666666666667,3,10.0,2.4,1.3063945294843615,2.0,2.0,86.66666666666667,90.0,96.66666666666667,9,30.0,8,26.666666666666668,9,30.0,1,3.3333333333333335,2,6.666666666666667,1,3.3333333333333335
718,True,2.6333333333333333,1.601735170231195,3.0,2.75,73.33333333333333,90.0,90.0,12,40.0,1,3.3333333333333335,9,30.0,5,16.666666666666664,0,0.0,3,10.0,2.2,1.5362291495737217,1.0,2.0,76.66666666666667,93.33333333333333,93.33333333333333,16,53.333333333333336,3,10.0,4,13.333333333333334,5,16.666666666666664,0,0.0,2,6.666666666666667,2.566666666666667,1.9439364415764442,1.0,3.0,66.66666666666666,80.0,83.33333333333334,16,53.333333333333336,2,6.666666666666667,2,6.666666666666667,4,13.333333333333334,1,3.3333333333333335,5,16.666666666666664,2.9,1.7578395831246945,2.5,3.0,60.0,76.66666666666667,90.0,10,33.33333333333333,5,16.666666666666664,3,10.0,5,16.666666666666664,4,13.333333333333334,3,10.0
719,True,2.6,1.42828568570857,3.0,2.0,80.0,90.0,93.33333333333333,9,30.0,5,16.666666666666664,10,33.33333333333333,3,10.0,1,3.3333333333333335,2,6.666666666666667,2.3,1.5524174696260022,2.0,2.0,76.66666666666667,90.0,93.33333333333333,14,46.666666666666664,5,16.666666666666664,4,13.333333333333334,4,13.333333333333334,1,3.3333333333333335,2,6.666666666666667,2.433333333333333,1.6058919293927874,2.0,2.0,80.0,86.66666666666667,90.0,12,40.0,6,20.0,6,20.0,2,6.666666666666667,1,3.3333333333333335,3,10.0,2.6666666666666665,1.4681810363696826,2.5,3.0,70.0,86.66666666666667,96.66666666666667,9,30.0,6,20.0,6,20.0,5,16.666666666666664,3,10.0,1,3.3333333333333335
720,True,2.3666666666666667,1.4715826703096078,2.0,1.5,86.66666666666667,86.66666666666667,90.0,8,26.666666666666668,14,46.666666666666664,4,13.333333333333334,0,0.0,1,3.3333333333333335,3,10.0,2.2,1.4236104336041748,2.0,2.0,86.66666666666667,90.0,93.33333333333333,12,40.0,9,30.0,5,16.666666666666664,1,3.3333333333333335,1,3.3333333333333335,2,6.666666666666667,2.3,1.5088627063675033,2.0,2.0,83.33333333333334,90.0,90.0,11,36.666666666666664,10,33.33333333333333,4,13.333333333333334,2,6.666666666666667,0,0.0,3,10.0,2.6666666666666665,1.776388345929897,2.0,2.75,73.33333333333333,80.0,83.33333333333334,9,30.0,11,36.666666666666664,2,6.666666666666667,2,6.666666666666667,1,3.3333333333333335,5,16.666666666666664
721,True,2.9,1.5989579940281944,2.5,2.0,70.0,83.33333333333334,86.66666666666667,6,20.0,9,30.0,6,20.0,4,13.333333333333334,1,3.3333333333333335,4,13.333333333333334,2.433333333333333,1.4761059883656353,2.0,2.0,80.0,83.33333333333334,96.66666666666667,10,33.33333333333333,9,30.0,5,16.666666666666664,1,3.3333333333333335,4,13.333333333333334,1,3.3333333333333335,2.7333333333333334,1.6519348924485155,2.0,2.75,73.33333333333333,80.0,90.0,9,30.0,7,23.333333333333332,6,20.0,2,6.666666666666667,3,10.0,3,10.0,2.6,1.4966629547095767,2.0,1.75,80.0,83.33333333333334,93.33333333333333,8,26.666666666666668,9,30.0,7,23.333333333333332,1,3.3333333333333335,3,10.0,2,6.666666666666667
722,True,2.566666666666667,1.4302291968616623,2.5,2.0,80.0,90.0,93.33333333333333,9,30.0,6,20.0,9,30.0,3,10.0,1,3.3333333333333335,2,6.666666666666667,2.466666666666667,1.6679994670929073,2.0,2.0,80.0,86.66666666666667,86.66666666666667,12,40.0,6,20.0,6,20.0,2,6.666666666666667,0,0.0,4,13.333333333333334,2.433333333333333,1.6669999666733315,2.0,2.0,80.0,86.66666666666667,86.66666666666667,12,40.0,7,23.333333333333332,5,16.666666666666664,2,6.666666666666667,0,0.0,4,13.333333333333334,2.7,1.6155494421403511,2.0,3.0,70.0,76.66666666666667,96.66666666666667,10,33.33333333333333,6,20.0,5,16.666666666666664,2,6.666666666666667,6,20.0,1,3.3333333333333335
723,True,2.7333333333333334,1.4360439485692011,3.0,2.5,73.33333333333333,90.0,93.33333333333333,8,26.666666666666668,5,16.666666666666664,9,30.0,5,16.666666666666664,1,3.3333333333333335,2,6.666666666666667,2.3666666666666667,1.81628436344337,1.0,2.75,73.33333333333333,83.33333333333334,86.66666666666667,16,53.333333333333336,4,13.333333333333334,2,6.666666666666667,3,10.0,1,3.3333333333333335,4,13.333333333333334,2.433333333333333,1.686877457183999,2.0,2.0,76.66666666666667,80.0,93.33333333333333,14,46.666666666666664,4,13.333333333333334,5,16.666666666666664,1,3.3333333333333335,4,13.333333333333334,2,6.666666666666667,2.6333333333333333,1.6629959577688562,2.5,3.0,70.0,86.66666666666667,90.0,12,40.0,3,10.0,6,20.0,5,16.666666666666664,1,3.3333333333333335,3,10.0
724,True,2.533333333333333,1.4079141387961918,3.0,2.0,80.0,93.33333333333333,93.33333333333333,10,33.33333333333333,4,13.333333333333334,10,33.33333333333333,4,13.333333333333334,0,0.0,2,6.666666666666667,2.1,1.374772708486752,1.5,2.0,83.33333333333334,93.33333333333333,96.66666666666667,15,50.0,5,16.666666666666664,5,16.666666666666664,3,10.0,1,3.3333333333333335,1,3.3333333333333335,2.3,1.5737428845483834,2.0,2.0,83.33333333333334,90.0,90.0,14,46.666666666666664,4,13.333333333333334,7,23.333333333333332,2,6.666666666666667,0,0.0,3,10.0,2.3,1.6360521589077368,2.0,2.0,80.0,86.66666666666667,90.0,14,46.666666666666664,6,20.0,4,13.333333333333334,2,6.666666666666667,1,3.3333333333333335,3,10.0
725,True,2.533333333333333,1.4313940369055924,2.0,2.0,80.0,90.0,93.33333333333333,9,30.0,7,23.333333333333332,8,26.666666666666668,3,10.0,1,3.3333333333333335,2,6.666666666666667,2.2666666666666666,1.569146972791976,2.0,2.0,83.33333333333334,83.33333333333334,93.33333333333333,13,43.333333333333336,8,26.666666666666668,4,13.333333333333334,0,0.0,3,10.0,2,6.666666666666667,2.5,1.8393839548428526,2.0,2.0,76.66666666666667,80.0,83.33333333333334,13,43.333333333333336,7,23.333333333333332,3,10.0,1,3.3333333333333335,1,3.3333333333333335,5,16.666666666666664,2.6666666666666665,1.776388345929897,2.0,2.0,76.66666666666667,80.0,83.33333333333334,10,33.33333333333333,8,26.666666666666668,5,16.666666666666664,1,3.3333333333333335,1,3.3333333333333335,5,16.666666666666664
726,True,2.3666666666666667,1.4940623220676648,2.0,2.0,76.66666666666667,93.33333333333333,93.33333333333333,13,43.333333333333336,4,13.333333333333334,6,20.0,5,16.666666666666664,0,0.0,2,6.666666666666667,2.2333333333333334,1.6868774571839995,1.0,2.0,83.33333333333334,83.33333333333334,90.0,16,53.333333333333336,4,13.333333333333334,5,16.666666666666664,0,0.0,2,6.666666666666667,3,10.0,2.3666666666666667,1.7220788470785984,1.0,2.0,76.66666666666667,80.0,93.33333333333333,16,53.333333333333336,2,6.666666666666667,5,16.666666666666664,1,3.3333333333333335,4,13.333333333333334,2,6.666666666666667,2.4,1.7048949136725897,2.0,2.0,76.66666666666667,83.33333333333334,90.0,14,46.666666666666664,5,16.666666666666664,4,13.333333333333334,2,6.666666666666667,2,6.666666666666667,3,10.0
727,True,2.933333333333333,1.339983416149452,3.0,2.0,60.0,90.0,96.66666666666667,5,16.666666666666664,8,26.666666666666668,5,16.666666666666664,9,30.0,2,6.666666666666667,1,3.3333333333333335,2.433333333333333,1.6669999666733315,2.0,2.75,73.33333333333333,86.66666666666667,90.0,13,43.333333333333336,6,20.0,3,10.0,4,13.333333333333334,1,3.3333333333333335,3,10.0,2.533333333333333,1.6478942792411033,2.0,3.0,66.66666666666666,86.66666666666667,93.33333333333333,13,43.333333333333336,4,13.333333333333334,3,10.0,6,20.0,2,6.666666666666667,2,6.666666666666667,2.8666666666666667,1.7838784213679537,2.5,3.0,56.666666666666664,83.33333333333334,86.66666666666667,11,36.666666666666664,4,13.333333333333334,2,6.666666666666667,8,26.666666666666668,1,3.3333333333333335,4,13.333333333333334
728,True,3.3666666666666667,1.4487542541400484,3.0,2.0,53.333333333333336,83.33333333333334,86.66666666666667,3,10.0,6,20.0,7,23.333333333333332,9,30.0,1,3.3333333333333335,4,13.333333333333334,2.8666666666666667,1.687865186822955,2.5,2.75,70.0,80.0,86.66666666666667,8,26.666666666666668,7,23.333333333333332,6,20.0,3,10.0,2,6.666666666666667,4,13.333333333333334,2.9,1.6196707484341788,3.0,2.75,63.33333333333333,83.33333333333334,90.0,8,26.666666666666668,6,20.0,5,16.666666666666664,6,20.0,2,6.666666666666667,3,10.0,3.1,1.445683229480096,3.0,2.0,60.0,80.0,96.66666666666667,6,20.0,4,13.333333333333334,8,26.666666666666668,6,20.0,5,16.666666666666664,1,3.3333333333333335
729,True,2.533333333333333,1.627540748764494,2.0,2.0,76.66666666666667,86.66666666666667,86.66666666666667,9,30.0,11,36.666666666666664,3,10.0,3,10.0,0,0.0,4,13.333333333333334,2.2666666666666666,1.7113996870657915,2.0,1.75,83.33333333333334,83.33333333333334,86.66666666666667,14,46.666666666666664,8,26.666666666666668,3,10.0,0,0.0,1,3.3333333333333335,4,13.333333333333334,2.3333333333333335,1.6397831834998458,2.0,2.0,76.66666666666667,83.33333333333334,93.33333333333333,14,46.666666666666664,6,20.0,3,10.0,2,6.666666666666667,3,10.0,2,6.666666666666667,2.566666666666667,1.7065234314893605,2.0,2.0,76.66666666666667,83.33333333333334,86.66666666666667,11,36.666666666666664,7,23.333333333333332,5,16.666666666666664,2,6.666666666666667,1,3.3333333333333335,4,13.333333333333334
730,True,2.433333333333333,1.4761059883656353,2.0,2.0,80.0,90.0,93.33333333333333,11,36.666666666666664,6,20.0,7,23.333333333333332,3,10.0,1,3.3333333333333335,2,6.666666666666667,2.1333333333333333,1.564892612574067,1.0,2.0,83.33333333333334,86.66666666666667,93.33333333333333,16,53.333333333333336,5,16.666666666666664,4,13.333333333333334,1,3.3333333333333335,2,6.666666666666667,2,6.666666666666667,2.2,1.5790292376436015,1.5,2.0,80.0,86.66666666666667,93.33333333333333,15,50.0,6,20.0,3,10.0,2,6.666666666666667,2,6.666666666666667,2,6.666666666666667,2.2,1.5577761927397231,1.5,2.0,83.33333333333334,86.66666666666667,93.33333333333333,15,50.0,5,16.666666666666664,5,16.666666666666664,1,3.3333333333333335,2,6.666666666666667,2,6.666666666666667
731,True,2.8666666666666667,1.384035966135113,3.0,1.0,76.66666666666667,90.0,90.0,5,16.666666666666664,7,23.333333333333332,11,36.666666666666664,4,13.333333333333334,0,0.0,3,10.0,2.466666666666667,1.521694961401777,2.0,2.0,76.66666666666667,86.66666666666667,93.33333333333333,10,33.33333333333333,9,30.0,4,13.333333333333334,3,10.0,2,6.666666666666667,2,6.666666666666667,2.533333333333333,1.627540748764494,2.0,2.0,76.66666666666667,83.33333333333334,90.0,10,33.33333333333333,9,30.0,4,13.333333333333334,2,6.666666666666667,2,6.666666666666667,3,10.0,2.9,1.619670748434179,3.0,2.75,63.33333333333333,83.33333333333334,90.0,8,26.666666666666668,6,20.0,5,16.666666666666664,6,20.0,2,6.666666666666667,3,10.0
732,True,2.7666666666666666,1.2827920936595907,2.0,1.0,76.66666666666667,90.0,93.33333333333333,3,10.0,13,43.333333333333336,7,23.333333333333332,4,13.333333333333334,1,3.3333333333333335,2,6.666666666666667,2.433333333333333,1.382831234179436,2.0,1.75,83.33333333333334,90.0,93.33333333333333,8,26.666666666666668,11,36.666666666666664,6,20.0,2,6.666666666666667,1,3.3333333333333335,2,6.666666666666667,2.5,1.3354150416006754,2.0,1.0,83.33333333333334,90.0,93.33333333333333,6,20.0,13,43.333333333333336,6,20.0,2,6.666666666666667,1,3.3333333333333335,2,6.666666666666667,2.8,1.5362291495737217,2.0,1.75,73.33333333333333,83.33333333333334,90.0,6,20.0,10,33.33333333333333,6,20.0,3,10.0,2,6.666666666666667,3,10.0
733,True,2.466666666666667,1.309792180292567,2.0,1.75,86.66666666666667,93.33333333333333,93.33333333333333,8,26.666666666666668,8,26.666666666666668,10,33.33333333333333,2,6.666666666666667,0,0.0,2,6.666666666666667,2.1666666666666665,1.4624940645653537,1.5,2.0,80.0,90.0,96.66666666666667,15,50.0,5,16.666666666666664,4,13.333333333333334,3,10.0,2,6.666666666666667,1,3.3333333333333335,2.533333333333333,1.910206504252587,2.0,2.0,76.66666666666667,80.0,80.0,14,46.666666666666664,5,16.666666666666664,4,13.333333333333334,1,3.3333333333333335,0,0.0,6,20.0,2.5,1.5864005379054391,2.0,2.0,76.66666666666667,86.66666666666667,90.0,10,33.33333333333333,9,30.0,4,13.333333333333334,3,10.0,1,3.3333333333333335,3,10.0
734,True,2.7666666666666666,1.5849991237291652,2.0,1.0,76.66666666666667,83.33333333333334,86.66666666666667,6,20.0,11,36.666666666666664,6,20.0,2,6.666666666666667,1,3.3333333333333335,4,13.333333333333334,2.3333333333333335,1.5563490039905004,2.0,2.0,80.0,90.0,90.0,12,40.0,8,26.666666666666668,4,13.333333333333334,3,10.0,0,0.0,3,10.0,2.3666666666666667,1.5162087220725546,2.0,2.0,80.0,86.66666666666667,93.33333333333333,11,36.666666666666664,9,30.0,4,13.333333333333334,2,6.666666666666667,2,6.666666666666667,2,6.666666666666667,2.5,1.5438048235879214,2.0,2.0,76.66666666666667,90.0,90.0,10,33.33333333333333,8,26.666666666666668,5,16.666666666666664,4,13.333333333333334,0,0.0,3,10.0
735,True,2.5,1.4776106839534333,2.0,3.0,70.0,86.66666666666667,96.66666666666667,9,30.0,11,36.666666666666664,1,3.3333333333333335,5,16.666666666666664,3,10.0,1,3.3333333333333335,2.2666666666666666,1.590248058916875,2.0,2.0,76.66666666666667,86.66666666666667,93.33333333333333,14,46.666666666666664,7,23.333333333333332,2,6.666666666666667,3,10.0,2,6.666666666666667,2,6.666666666666667,2.4,1.7813852287849852,2.0,2.75,73.33333333333333,83.33333333333334,86.66666666666667,14,46.666666666666664,7,23.333333333333332,1,3.3333333333333335,3,10.0,1,3.3333333333333335,4,13.333333333333334,2.5,1.6683325008322931,2.0,3.0,70.0,86.66666666666667,90.0,12,40.0,7,23.333333333333332,2,6.666666666666667,5,16.666666666666664,1,3.3333333333333335,3,10.0
736,True,2.7666666666666666,1.3085190950927015,3.0,2.0,70.0,93.33333333333333,96.66666666666667,7,23.333333333333332,5,16.666666666666664,9,30.0,7,23.333333333333332,1,3.3333333333333335,1,3.3333333333333335,2.3,1.5088627063675033,2.0,2.0,80.0,90.0,93.33333333333333,13,43.333333333333336,6,20.0,5,16.666666666666664,3,10.0,1,3.3333333333333335,2,6.666666666666667,2.5,1.5652475842498528,2.0,2.0,76.66666666666667,90.0,90.0,11,36.666666666666664,6,20.0,6,20.0,4,13.333333333333334,0,0.0,3,10.0,2.533333333333333,1.6478942792411033,2.0,2.0,76.66666666666667,83.33333333333334,90.0,11,36.666666666666664,7,23.333333333333332,5,16.666666666666664,2,6.666666666666667,2,6.666666666666667,3,10.0
737,True,2.2333333333333334,0.9893881386437221,2.0,1.0,90.0,96.66666666666667,100.0,7,23.333333333333332,13,43.333333333333336,7,23.333333333333332,2,6.666666666666667,1,3.3333333333333335,0,0.0,2.466666666666667,1.6069294390925266,2.0,2.75,73.33333333333333,83.33333333333334,93.33333333333333,11,36.666666666666664,9,30.0,2,6.666666666666667,3,10.0,3,10.0,2,6.666666666666667,2.6333333333333333,1.7026123718829513,2.0,2.0,76.66666666666667,80.0,86.66666666666667,9,30.0,10,33.33333333333333,4,13.333333333333334,1,3.3333333333333335,2,6.666666666666667,4,13.333333333333334,2.6666666666666665,1.5986105077709065,2.0,2.5,73.33333333333333,83.33333333333334,90.0,8,26.666666666666668,10,33.33333333333333,4,13.333333333333334,3,10.0,2,6.666666666666667,3,10.0
738,True,2.2,1.446835627614047,2.0,2.0,86.66666666666667,90.0,93.33333333333333,13,43.333333333333336,7,23.333333333333332,6,20.0,1,3.3333333333333335,1,3.3333333333333335,2,6.666666666666667,2.0,1.591644851508443,1.0,1.0,83.33333333333334,90.0,90.0,18,60.0,5,16.666666666666664,2,6.666666666666667,2,6.666666666666667,0,0.0,3,10.0,2.4,1.9078784028338915,1.5,1.75,76.66666666666667,76.66666666666667,83.33333333333334,15,50.0,7,23.333333333333332,1,3.3333333333333335,0,0.0,2,6.666666666666667,5,16.666666666666664,1.9,1.3253930234714029,1.0,1.0,86.66666666666667,93.33333333333333,96.66666666666667,17,56.666666666666664,6,20.0,3,10.0,2,6.666666666666667,1,3.3333333333333335,1,3.3333333333333335
739,True,2.8666666666666667,1.4079141387961915,3.0,2.0,63.33333333333333,93.33333333333333,93.33333333333333,7,23.333333333333332,5,16.666666666666664,7,23.333333333333332,9,30.0,0,0.0,2,6.666666666666667,2.6,1.781385228784985,2.0,3.0,70.0,83.33333333333334,86.66666666666667,13,43.333333333333336,4,13.333333333333334,4,13.333333333333334,4,13.333333333333334,1,3.3333333333333335,4,13.333333333333334,2.6333333333333333,1.7978382080215733,2.0,3.0,66.66666666666666,83.33333333333334,86.66666666666667,13,43.333333333333336,4,13.333333333333334,3,10.0,5,16.666666666666664,1,3.3333333333333335,4,13.333333333333334,3.066666666666667,1.8607047649270483,3.0,3.0,60.0,76.66666666666667,80.0,9,30.0,5,16.666666666666664,4,13.333333333333334,5,16.666666666666664,1,3.3333333333333335,6,20.0
740,True,2.8,1.3012814197295424,3.0,1.0,76.66666666666667,86.66666666666667,96.66666666666667,5,16.666666666666664,8,26.666666666666668,10,33.33333333333333,3,10.0,3,10.0,1,3.3333333333333335,2.433333333333333,1.6868774571839993,2.0,2.75,73.33333333333333,83.33333333333334,90.0,12,40.0,9,30.0,1,3.3333333333333335,3,10.0,2,6.666666666666667,3,10.0,2.7333333333333334,1.8061622912192088,2.0,3.0,70.0,76.66666666666667,86.66666666666667,11,36.666666666666664,6,20.0,4,13.333333333333334,2,6.666666666666667,3,10.0,4,13.333333333333334,2.7,1.7540429489230491,2.0,3.0,70.0,80.0,86.66666666666667,10,33.33333333333333,8,26.666666666666668,3,10.0,3,10.0,2,6.666666666666667,4,13.333333333333334
741,True,2.7333333333333334,1.339983416149452,2.5,1.0,76.66666666666667,90.0,93.33333333333333,5,16.666666666666664,10,33.33333333333333,8,26.666666666666668,4,13.333333333333334,1,3.3333333333333335,2,6.666666666666667,2.466666666666667,1.564892612574067,2.0,2.0,76.66666666666667,86.66666666666667,90.0,9,30.0,12,40.0,2,6.666666666666667,3,10.0,1,3.3333333333333335,3,10.0,2.566666666666667,1.6468825769380833,2.0,2.75,73.33333333333333,86.66666666666667,86.66666666666667,9,30.0,11,36.666666666666664,2,6.666666666666667,4,13.333333333333334,0,0.0,4,13.333333333333334,2.8333333333333335,1.6346933113652304,2.0,2.0,70.0,83.33333333333334,86.66666666666667,7,23.333333333333332,9,30.0,5,16.666666666666664,4,13.333333333333334,1,3.3333333333333335,4,13.333333333333334
742,True,2.7,1.5307950004273378,2.5,1.0,83.33333333333334,86.66666666666667,86.66666666666667,7,23.333333333333332,8,26.666666666666668,10,33.33333333333333,1,3.3333333333333335,0,0.0,4,13.333333333333334,2.3,1.3940349110884325,2.0,2.0,83.33333333333334,93.33333333333333,93.33333333333333,11,36.666666666666664,8,26.666666666666668,6,20.0,3,10.0,0,0.0,2,6.666666666666667,2.2666666666666666,1.364632632697248,2.0,2.0,86.66666666666667,93.33333333333333,93.33333333333333,11,36.666666666666664,8,26.666666666666668,7,23.333333333333332,2,6.666666666666667,0,0.0,2,6.666666666666667,2.5,1.4317821063276353,2.0,2.0,80.0,90.0,93.33333333333333,9,30.0,8,26.666666666666668,7,23.333333333333332,3,10.0,1,3.3333333333333335,2,6.666666666666667
743,True,2.7,1.7540429489230491,2.0,2.75,73.33333333333333,80.0,86.66666666666667,11,36.666666666666664,5,16.666666666666664,6,20.0,2,6.666666666666667,2,6.666666666666667,4,13.333333333333334,1.9333333333333333,1.4817407180595246,1.0,1.0,86.66666666666667,90.0,93.33333333333333,18,60.0,5,16.666666666666664,3,10.0,1,3.3333333333333335,1,3.3333333333333335,2,6.666666666666667,2.1,1.6802777548171413,1.0,1.75,80.0,86.66666666666667,90.0,18,60.0,4,13.333333333333334,2,6.666666666666667,2,6.666666666666667,1,3.3333333333333335,3,10.0,2.1333333333333333,1.3349989596333858,2.0,2.0,80.0,96.66666666666667,96.66666666666667,14,46.666666666666664,6,20.0,4,13.333333333333334,5,16.666666666666664,0,0.0,1,3.3333333333333335
744,True,2.2,1.2220201853215573,2.0,2.0,90.0,93.33333333333333,96.66666666666667,10,33.33333333333333,10,33.33333333333333,7,23.333333333333332,1,3.3333333333333335,1,3.3333333333333335,1,3.3333333333333335,2.1333333333333333,1.4544949486180951,2.0,1.0,83.33333333333334,90.0,93.33333333333333,13,43.333333333333336,10,33.33333333333333,2,6.666666666666667,2,6.666666666666667,1,3.3333333333333335,2,6.666666666666667,2.433333333333333,1.7065234314893605,2.0,2.0,80.0,83.33333333333334,86.66666666666667,12,40.0,8,26.666666666666668,4,13.333333333333334,1,3.3333333333333335,1,3.3333333333333335,4,13.333333333333334,2.2,1.1944315244779276,2.0,2.0,90.0,93.33333333333333,96.66666666666667,9,30.0,12,40.0,6,20.0,1,3.3333333333333335,1,3.3333333333333335,1,3.3333333333333335
745,True,2.6666666666666665,1.679947089113887,2.0,2.0,76.66666666666667,83.33333333333334,86.66666666666667,10,33.33333333333333,6,20.0,7,23.333333333333332,2,6.666666666666667,1,3.3333333333333335,4,13.333333333333334,2.3,1.8823743871327334,1.0,2.0,80.0,80.0,83.33333333333334,17,56.666666666666664,4,13.333333333333334,3,10.0,0,0.0,1,3.3333333333333335,5,16.666666666666664,2.1666666666666665,1.674979270186815,1.5,1.0,83.33333333333334,86.66666666666667,86.66666666666667,15,50.0,8,26.666666666666668,2,6.666666666666667,1,3.3333333333333335,0,0.0,4,13.333333333333334,2.566666666666667,1.7641491496532322,2.0,3.0,70.0,80.0,90.0,13,43.333333333333336,5,16.666666666666664,3,10.0,3,10.0,3,10.0,3,10.0
746,True,2.7666666666666666,1.4985177861992682,2.0,1.0,80.0,86.66666666666667,86.66666666666667,5,16.666666666666664,11,36.666666666666664,8,26.666666666666668,2,6.666666666666667,0,0.0,4,13.333333333333334,2.3333333333333335,1.7191729277636836,1.5,2.0,76.66666666666667,83.33333333333334,90.0,15,50.0,5,16.666666666666664,3,10.0,2,6.666666666666667,2,6.666666666666667,3,10.0,2.4,1.7243356208503415,2.0,2.0,80.0,83.33333333333334,86.66666666666667,13,43.333333333333336,7,23.333333333333332,4,13.333333333333334,1,3.3333333333333335,1,3.3333333333333335,4,13.333333333333334,2.566666666666667,1.6868774571839995,2.0,2.75,73.33333333333333,83.33333333333334,90.0,12,40.0,5,16.666666666666664,5,16.666666666666664,3,10.0,2,6.666666666666667,3,10.0
747,True,2.6,1.3063945294843617,3.0,1.75,83.33333333333334,90.0,96.66666666666667,8,26.666666666666668,5,16.666666666666664,12,40.0,2,6.666666666666667,2,6.666666666666667,1,3.3333333333333335,2.1333333333333333,1.5860503004493758,1.0,2.0,86.66666666666667,90.0,90.0,17,56.666666666666664,2,6.666666666666667,7,23.333333333333332,1,3.3333333333333335,0,0.0,3,10.0,2.433333333333333,1.891795149821695,1.0,2.75,73.33333333333333,83.33333333333334,83.33333333333334,17,56.666666666666664,1,3.3333333333333335,4,13.333333333333334,3,10.0,0,0.0,5,16.666666666666664,2.433333333333333,1.5849991237291654,2.0,2.0,80.0,90.0,90.0,13,43.333333333333336,3,10.0,8,26.666666666666668,3,10.0,0,0.0,3,10.0
748,True,2.6,1.3316656236958786,2.0,1.0,76.66666666666667,93.33333333333333,93.33333333333333,6,20.0,11,36.666666666666664,6,20.0,5,16.666666666666664,0,0.0,2,6.666666666666667,2.3666666666666667,1.4255603186895396,2.0,2.0,83.33333333333334,90.0,93.33333333333333,10,33.33333333333333,9,30.0,6,20.0,2,6.666666666666667,1,3.3333333333333335,2,6.666666666666667,2.433333333333333,1.498517786199268,2.0,2.0,80.0,86.66666666666667,93.33333333333333,10,33.33333333333333,9,30.0,5,16.666666666666664,2,6.666666666666667,2,6.666666666666667,2,6.666666666666667,2.6,1.540562667772179,2.0,1.75,76.66666666666667,86.66666666666667,90.0,8,26.666666666666668,10,33.33333333333333,5,16.666666666666664,3,10.0,1,3.3333333333333335,3,10.0
749,True,2.8,1.3759844960366863,2.5,2.0,63.33333333333333,90.0,96.66666666666667,6,20.0,9,30.0,4,13.333333333333334,8,26.666666666666668,2,6.666666666666667,1,3.3333333333333335,2.4,1.6852299546352718,2.0,2.75,73.33333333333333,80.0,93.33333333333333,13,43.333333333333336,8,26.666666666666668,1,3.3333333333333335,2,6.666666666666667,4,13.333333333333334,2,6.666666666666667,2.4,1.6041612554021285,2.0,2.0,76.66666666666667,83.33333333333334,93.33333333333333,12,40.0,8,26.666666666666668,3,10.0,2,6.666666666666667,3,10.0,2,6.666666666666667,2.8,1.7776388834631176,2.0,3.0,63.33333333333333,80.0,86.66666666666667,10,33.33333333333333,7,23.333333333333332,2,6.666666666666667,5,16.666666666666664,2,6.666666666666667,4,13.333333333333334
750,True,2.8333333333333335,1.674979270186815,2.0,2.75,66.66666666666666,83.33333333333334,86.66666666666667,8,26.666666666666668,8,26.666666666666668,4,13.333333333333334,5,16.666666666666664,1,3.3333333333333335,4,13.333333333333334,2.433333333333333,1.6669999666733317,2.0,2.75,73.33333333333333,86.66666666666667,90.0,13,43.333333333333336,6,20.0,3,10.0,4,13.333333333333334,1,3.3333333333333335,3,10.0,2.533333333333333,1.6679994670929073,2.0,2.0,76.66666666666667,86.66666666666667,86.66666666666667,11,36.666666666666664,7,23.333333333333332,5,16.666666666666664,3,10.0,0,0.0,4,13.333333333333334,2.9,1.903505538035898,2.0,3.75,70.0,73.33333333333333,80.0,10,33.33333333333333,6,20.0,5,16.666666666666664,1,3.3333333333333335,2,6.666666666666667,6,20.0
751,True,2.3666666666666667,1.3535960336164636,2.0,2.0,83.33333333333334,93.33333333333333,93.33333333333333,9,30.0,10,33.33333333333333,6,20.0,3,10.0,0,0.0,2,6.666666666666667,2.2666666666666666,1.569146972791976,2.0,2.0,80.0,90.0,90.0,13,43.333333333333336,8,26.666666666666668,3,10.0,3,10.0,0,0.0,3,10.0,2.6,1.8366636418607882,2.0,2.75,73.33333333333333,80.0,83.33333333333334,12,40.0,7,23.333333333333332,3,10.0,2,6.666666666666667,1,3.3333333333333335,5,16.666666666666664,2.3666666666666667,1.4940623220676648,2.0,2.0,76.66666666666667,90.0,93.33333333333333,11,36.666666666666664,9,30.0,3,10.0,4,13.333333333333334,1,3.3333333333333335,2,6.666666666666667
752,True,2.3333333333333335,1.349897115421106,2.0,0.0,83.33333333333334,90.0,93.33333333333333,7,23.333333333333332,16,53.333333333333336,2,6.666666666666667,2,6.666666666666667,1,3.3333333333333335,2,6.666666666666667,2.2,1.6812693617224654,2.0,1.0,80.0,86.66666666666667,86.66666666666667,14,46.666666666666664,10,33.33333333333333,0,0.0,2,6.666666666666667,0,0.0,4,13.333333333333334,2.2,1.5577761927397231,2.0,1.0,83.33333333333334,86.66666666666667,90.0,12,40.0,12,40.0,1,3.3333333333333335,1,3.3333333333333335,1,3.3333333333333335,3,10.0,2.4,1.7243356208503415,2.0,1.0,80.0,83.33333333333334,83.33333333333334,10,33.33333333333333,14,46.666666666666664,0,0.0,1,3.3333333333333335,0,0.0,5,16.666666666666664
753,True,2.7333333333333334,1.5477582354991866,2.5,3.0,66.66666666666666,86.66666666666667,93.33333333333333,9,30.0,6,20.0,5,16.666666666666664,6,20.0,2,6.666666666666667,2,6.666666666666667,2.3333333333333335,1.8499249234015476,1.0,3.0,70.0,83.33333333333334,86.66666666666667,17,56.666666666666664,4,13.333333333333334,0,0.0,4,13.333333333333334,1,3.3333333333333335,4,13.333333333333334,2.4,1.7243356208503415,2.0,2.75,73.33333333333333,86.66666666666667,86.66666666666667,13,43.333333333333336,8,26.666666666666668,1,3.3333333333333335,4,13.333333333333334,0,0.0,4,13.333333333333334,2.3666666666666667,1.7978382080215731,1.5,2.75,73.33333333333333,83.33333333333334,86.66666666666667,15,50.0,6,20.0,1,3.3333333333333335,3,10.0,1,3.3333333333333335,4,13.333333333333334
754,True,3.1333333333333333,1.359738536958076,3.0,2.0,60.0,86.66666666666667,93.33333333333333,4,13.333333333333334,6,20.0,8,26.666666666666668,8,26.666666666666668,2,6.666666666666667,2,6.666666666666667,2.5,1.8027756377319946,2.0,3.0,66.66666666666666,80.0,90.0,14,46.666666666666664,6,20.0,0,0.0,4,13.333333333333334,3,10.0,3,10.0,2.6666666666666665,1.920648038785058,2.0,3.0,66.66666666666666,76.66666666666667,83.33333333333334,13,43.333333333333336,6,20.0,1,3.3333333333333335,3,10.0,2,6.666666666666667,5,16.666666666666664,2.7333333333333334,1.7113996870657915,2.0,3.0,70.0,83.33333333333334,86.66666666666667,10,33.33333333333333,6,20.0,5,16.666666666666664,4,13.333333333333334,1,3.3333333333333335,4,13.333333333333334
755,True,2.4,1.4742229591663987,2.0,2.0,83.33333333333334,90.0,90.0,9,30.0,11,36.666666666666664,5,16.666666666666664,2,6.666666666666667,0,0.0,3,10.0,2.1,1.535143858622594,2.0,1.0,83.33333333333334,90.0,90.0,14,46.666666666666664,10,33.33333333333333,1,3.3333333333333335,2,6.666666666666667,0,0.0,3,10.0,2.2,1.5362291495737217,2.0,1.75,76.66666666666667,90.0,93.33333333333333,14,46.666666666666664,8,26.666666666666668,1,3.3333333333333335,4,13.333333333333334,1,3.3333333333333335,2,6.666666666666667,2.5,1.6072751268321592,2.0,2.0,80.0,86.66666666666667,86.66666666666667,9,30.0,11,36.666666666666664,4,13.333333333333334,2,6.666666666666667,0,0.0,4,13.333333333333334
756,True,2.966666666666667,1.4255603186895396,3.0,1.75,73.33333333333333,86.66666666666667,90.0,5,16.666666666666664,6,20.0,11,36.666666666666664,4,13.333333333333334,1,3.3333333333333335,3,10.0,2.3666666666666667,1.702612371882951,2.0,2.0,76.66666666666667,83.33333333333334,90.0,14,46.666666666666664,6,20.0,3,10.0,2,6.666666666666667,2,6.666666666666667,3,10.0,2.466666666666667,1.6275407487644937,2.0,2.0,76.66666666666667,86.66666666666667,90.0,12,40.0,6,20.0,5,16.666666666666664,3,10.0,1,3.3333333333333335,3,10.0,2.5,1.6683325008322931,2.0,2.75,73.33333333333333,83.33333333333334,90.0,11,36.666666666666664,9,30.0,2,6.666666666666667,3,10.0,2,6.666666666666667,3,10.0
757,True,2.7333333333333334,1.50406855635713,3.0,3.0,66.66666666666666,86.66666666666667,96.66666666666667,10,33.33333333333333,3,10.0,7,23.333333333333332,6,20.0,3,10.0,1,3.3333333333333335,2.1,1.7194960502038572,1.0,1.75,76.66666666666667,86.66666666666667,90.0,19,63.33333333333333,3,10.0,1,3.3333333333333335,3,10.0,1,3.3333333333333335,3,10.0,2.1333333333333333,1.6069294390925266,1.0,2.0,76.66666666666667,90.0,93.33333333333333,18,60.0,2,6.666666666666667,3,10.0,4,13.333333333333334,1,3.3333333333333335,2,6.666666666666667,2.6,1.8726095873584188,2.0,3.0,66.66666666666666,83.33333333333334,83.33333333333334,14,46.666666666666664,4,13.333333333333334,2,6.666666666666667,5,16.666666666666664,0,0.0,5,16.666666666666664
758,True,2.566666666666667,1.4985177861992682,2.0,2.0,76.66666666666667,86.66666666666667,93.33333333333333,9,30.0,8,26.666666666666668,6,20.0,3,10.0,2,6.666666666666667,2,6.666666666666667,2.066666666666667,1.5477582354991866,1.0,1.75,80.0,90.0,93.33333333333333,17,56.666666666666664,5,16.666666666666664,2,6.666666666666667,3,10.0,1,3.3333333333333335,2,6.666666666666667,2.466666666666667,2.0612833111653748,1.0,2.75,73.33333333333333,76.66666666666667,76.66666666666667,17,56.666666666666664,4,13.333333333333334,1,3.3333333333333335,1,3.3333333333333335,0,0.0,7,23.333333333333332,2.3333333333333335,1.5129074290546956,2.0,2.0,76.66666666666667,90.0,93.33333333333333,12,40.0,8,26.666666666666668,3,10.0,4,13.333333333333334,1,3.3333333333333335,2,6.666666666666667
759,True,2.8,1.6,2.5,2.75,70.0,83.33333333333334,90.0,8,26.666666666666668,7,23.333333333333332,6,20.0,4,13.333333333333334,2,6.666666666666667,3,10.0,2.466666666666667,1.6679994670929073,2.0,2.0,80.0,80.0,90.0,11,36.666666666666664,9,30.0,4,13.333333333333334,0,0.0,3,10.0,3,10.0,2.466666666666667,1.6679994670929073,2.0,2.0,80.0,80.0,90.0,11,36.666666666666664,9,30.0,4,13.333333333333334,0,0.0,3,10.0,3,10.0,3.0,1.8439088914585775,2.5,3.75,63.33333333333333,73.33333333333333,83.33333333333334,9,30.0,6,20.0,4,13.333333333333334,3,10.0,3,10.0,5,16.666666666666664
760,True,2.966666666666667,1.1967548714010827,3.0,1.0,76.66666666666667,90.0,93.33333333333333,2,6.666666666666667,9,30.0,12,40.0,4,13.333333333333334,1,3.3333333333333335,2,6.666666666666667,2.6,1.781385228784985,2.0,2.0,76.66666666666667,80.0,83.33333333333334,10,33.33333333333333,10,33.33333333333333,3,10.0,1,3.3333333333333335,1,3.3333333333333335,5,16.666666666666664,2.8666666666666667,1.892675942210452,2.0,3.75,70.0,73.33333333333333,80.0,9,30.0,9,30.0,3,10.0,1,3.3333333333333335,2,6.666666666666667,6,20.0,2.7333333333333334,1.6918103387266028,2.0,3.0,70.0,83.33333333333334,86.66666666666667,9,30.0,8,26.666666666666668,4,13.333333333333334,4,13.333333333333334,1,3.3333333333333335,4,13.333333333333334
761,True,3.066666666666667,1.569146972791976,3.0,2.0,70.0,80.0,86.66666666666667,5,16.666666666666664,7,23.333333333333332,9,30.0,3,10.0,2,6.666666666666667,4,13.333333333333334,2.433333333333333,1.5423647068345698,2.0,2.0,76.66666666666667,90.0,93.33333333333333,13,43.333333333333336,3,10.0,7,23.333333333333332,4,13.333333333333334,1,3.3333333333333335,2,6.666666666666667,2.5,1.5652475842498528,2.5,2.0,80.0,90.0,90.0,12,40.0,3,10.0,9,30.0,3,10.0,0,0.0,3,10.0,2.6666666666666665,1.5563490039905001,3.0,2.75,73.33333333333333,90.0,90.0,10,33.33333333333333,4,13.333333333333334,8,26.666666666666668,5,16.666666666666664,0,0.0,3,10.0
762,True,2.2,1.4,2.0,2.0,83.33333333333334,93.33333333333333,93.33333333333333,12,40.0,9,30.0,4,13.333333333333334,3,10.0,0,0.0,2,6.666666666666667,2.033333333333333,1.4940623220676648,1.0,2.0,86.66666666666667,90.0,93.33333333333333,17,56.666666666666664,4,13.333333333333334,5,16.666666666666664,1,3.3333333333333335,1,3.3333333333333335,2,6.666666666666667,2.2333333333333334,1.7259457954666158,1.5,1.75,83.33333333333334,83.33333333333334,86.66666666666667,15,50.0,7,23.333333333333332,3,10.0,0,0.0,1,3.3333333333333335,4,13.333333333333334,2.7333333333333334,1.8785337071473829,2.0,3.0,70.0,80.0,80.0,11,36.666666666666664,7,23.333333333333332,3,10.0,3,10.0,0,0.0,6,20.0
763,True,2.6666666666666665,1.3249737942901194,2.5,1.0,76.66666666666667,93.33333333333333,93.33333333333333,6,20.0,9,30.0,8,26.666666666666668,5,16.666666666666664,0,0.0,2,6.666666666666667,2.4,1.4966629547095764,2.0,2.0,83.33333333333334,90.0,90.0,10,33.33333333333333,9,30.0,6,20.0,2,6.666666666666667,0,0.0,3,10.0,2.6333333333333333,1.7413277182145301,2.0,2.0,76.66666666666667,83.33333333333334,83.33333333333334,10,33.33333333333333,8,26.666666666666668,5,16.666666666666664,2,6.666666666666667,0,0.0,5,16.666666666666664,2.6666666666666665,1.5776212754932308,2.0,2.75,73.33333333333333,86.66666666666667,90.0,9,30.0,7,23.333333333333332,6,20.0,4,13.333333333333334,1,3.3333333333333335,3,10.0
764,True,2.7666666666666666,1.4533486237727762,3.0,1.75,73.33333333333333,86.66666666666667,93.33333333333333,7,23.333333333333332,7,23.333333333333332,8,26.666666666666668,4,13.333333333333334,2,6.666666666666667,2,6.666666666666667,2.3333333333333335,1.4907119849998596,2.0,2.0,76.66666666666667,93.33333333333333,93.33333333333333,13,43.333333333333336,5,16.666666666666664,5,16.666666666666664,5,16.666666666666664,0,0.0,2,6.666666666666667,2.433333333333333,1.6265163865007803,2.0,2.75,73.33333333333333,90.0,90.0,13,43.333333333333336,5,16.666666666666664,4,13.333333333333334,5,16.666666666666664,0,0.0,3,10.0,3.066666666666667,2.0154955277107964,3.0,4.5,63.33333333333333,73.33333333333333,73.33333333333333,11,36.666666666666664,3,10.0,5,16.666666666666664,3,10.0,0,0.0,8,26.666666666666668
765,True,3.1333333333333333,1.4996295838935991,3.0,2.0,56.666666666666664,80.0,93.33333333333333,5,16.666666666666664,7,23.333333333333332,5,16.666666666666664,7,23.333333333333332,4,13.333333333333334,2,6.666666666666667,2.7,1.4177446878757827,2.0,1.0,76.66666666666667,86.66666666666667,93.33333333333333,6,20.0,10,33.33333333333333,7,23.333333333333332,3,10.0,2,6.666666666666667,2,6.666666666666667,2.6,1.2806248474865698,2.0,1.0,80.0,90.0,96.66666666666667,6,20.0,10,33.33333333333333,8,26.666666666666668,3,10.0,2,6.666666666666667,1,3.3333333333333335,2.7666666666666666,1.382831234179436,2.5,1.0,76.66666666666667,86.66666666666667,93.33333333333333,5,16.666666666666664,10,33.33333333333333,8,26.666666666666668,3,10.0,2,6.666666666666667,2,6.666666666666667
766,True,2.433333333333333,1.2827920936595905,2.0,1.75,86.66666666666667,90.0,96.66666666666667,8,26.666666666666668,9,30.0,9,30.0,1,3.3333333333333335,2,6.666666666666667,1,3.3333333333333335,2.033333333333333,1.2512216252748973,2.0,1.75,90.0,93.33333333333333,96.66666666666667,13,43.333333333333336,9,30.0,5,16.666666666666664,1,3.3333333333333335,1,3.3333333333333335,1,3.3333333333333335,2.3,1.6360521589077368,2.0,2.0,83.33333333333334,83.33333333333334,90.0,13,43.333333333333336,8,26.666666666666668,4,13.333333333333334,0,0.0,2,6.666666666666667,3,10.0,2.2333333333333334,1.4761059883656353,2.0,2.0,83.33333333333334,90.0,93.33333333333333,13,43.333333333333336,7,23.333333333333332,5,16.666666666666664,2,6.666666666666667,1,3.3333333333333335,2,6.666666666666667
767,True,3.2333333333333334,1.686877457183999,3.0,2.0,60.0,76.66666666666667,83.33333333333334,6,20.0,5,16.666666666666664,7,23.333333333333332,5,16.666666666666664,2,6.666666666666667,5,16.666666666666664,2.533333333333333,1.564892612574067,2.0,3.0,70.0,90.0,93.33333333333333,12,40.0,4,13.333333333333334,5,16.666666666666664,6,20.0,1,3.3333333333333335,2,6.666666666666667,2.9,1.7387735140993301,3.0,3.0,70.0,76.66666666666667,86.66666666666667,9,30.0,5,16.666666666666664,7,23.333333333333332,2,6.666666666666667,3,10.0,4,13.333333333333334,2.6333333333333333,1.601735170231195,3.0,3.0,70.0,86.66666666666667,93.33333333333333,12,40.0,2,6.666666666666667,7,23.333333333333332,5,16.666666666666664,2,6.666666666666667,2,6.666666666666667
768,True,2.8,1.4696938456699067,2.0,2.0,66.66666666666666,86.66666666666667,93.33333333333333,6,20.0,10,33.33333333333333,4,13.333333333333334,6,20.0,2,6.666666666666667,2,6.666666666666667,2.3666666666666667,1.5162087220725546,2.0,2.0,76.66666666666667,90.0,93.33333333333333,12,40.0,7,23.333333333333332,4,13.333333333333334,4,13.333333333333334,1,3.3333333333333335,2,6.666666666666667,2.6,1.624807680927192,2.0,2.75,73.33333333333333,83.33333333333334,90.0,9,30.0,10,33.33333333333333,3,10.0,3,10.0,2,6.666666666666667,3,10.0,2.5,1.4776106839534333,2.0,2.0,76.66666666666667,90.0,93.33333333333333,10,33.33333333333333,7,23.333333333333332,6,20.0,4,13.333333333333334,1,3.3333333333333335,2,6.666666666666667
769,True,2.566666666666667,1.3337499349161703,2.0,1.0,80.0,93.33333333333333,93.33333333333333,7,23.333333333333332,9,30.0,8,26.666666666666668,4,13.333333333333334,0,0.0,2,6.666666666666667,2.033333333333333,1.4019827229875392,1.5,1.75,86.66666666666667,93.33333333333333,93.33333333333333,15,50.0,7,23.333333333333332,4,13.333333333333334,2,6.666666666666667,0,0.0,2,6.666666666666667,2.2333333333333334,1.6265163865007803,1.5,2.0,83.33333333333334,86.66666666666667,90.0,15,50.0,5,16.666666666666664,5,16.666666666666664,1,3.3333333333333335,1,3.3333333333333335,3,10.0,2.466666666666667,1.7650936393164973,2.0,2.0,80.0,83.33333333333334,83.33333333333334,12,40.0,8,26.666666666666668,4,13.333333333333334,1,3.3333333333333335,0,0.0,5,16.666666666666664
770,True,1.6666666666666667,0.8692269873603529,1.0,1.0,93.33333333333333,100.0,100.0,16,53.333333333333336,10,33.33333333333333,2,6.666666666666667,2,6.666666666666667,0,0.0,0,0.0,1.8666666666666667,1.6878651868229548,1.0,1.0,86.66666666666667,86.66666666666667,86.66666666666667,21,70.0,4,13.333333333333334,1,3.3333333333333335,0,0.0,0,0.0,4,13.333333333333334,1.9666666666666666,1.6629959577688562,1.0,1.0,83.33333333333334,86.66666666666667,90.0,20,66.66666666666666,3,10.0,2,6.666666666666667,1,3.3333333333333335,1,3.3333333333333335,3,10.0,2.2333333333333334,1.8199511592958264,1.0,1.75,80.0,80.0,86.66666666666667,17,56.666666666666664,5,16.666666666666664,2,6.666666666666667,0,0.0,2,6.666666666666667,4,13.333333333333334
771,True,2.566666666666667,1.5849991237291654,2.0,2.0,76.66666666666667,86.66666666666667,90.0,10,33.33333333333333,7,23.333333333333332,6,20.0,3,10.0,1,3.3333333333333335,3,10.0,2.1,1.2206555615733703,2.0,2.0,86.66666666666667,96.66666666666667,96.66666666666667,12,40.0,9,30.0,5,16.666666666666664,3,10.0,0,0.0,1,3.3333333333333335,2.5,1.746424919657298,2.0,2.0,80.0,83.33333333333334,83.33333333333334,11,36.666666666666664,9,30.0,4,13.333333333333334,1,3.3333333333333335,0,0.0,5,16.666666666666664,2.1666666666666665,1.2405196043952265,2.0,2.0,83.33333333333334,96.66666666666667,96.66666666666667,11,36.666666666666664,10,33.33333333333333,4,13.333333333333334,4,13.333333333333334,0,0.0,1,3.3333333333333335
772,True,2.6333333333333333,1.471582670309608,2.5,2.75,73.33333333333333,90.0,93.33333333333333,9,30.0,6,20.0,7,23.333333333333332,5,16.666666666666664,1,3.3333333333333335,2,6.666666666666667,2.2666666666666666,1.6110727964792761,2.0,2.0,83.33333333333334,86.66666666666667,90.0,14,46.666666666666664,6,20.0,5,16.666666666666664,1,3.3333333333333335,1,3.3333333333333335,3,10.0,2.6,1.8366636418607882,2.0,2.0,76.66666666666667,80.0,83.33333333333334,13,43.333333333333336,4,13.333333333333334,6,20.0,1,3.3333333333333335,1,3.3333333333333335,5,16.666666666666664,2.433333333333333,1.6669999666733315,2.0,2.0,80.0,83.33333333333334,90.0,13,43.333333333333336,5,16.666666666666664,6,20.0,1,3.3333333333333335,2,6.666666666666667,3,10.0
773,True,2.6,1.42828568570857,2.0,1.75,73.33333333333333,90.0,93.33333333333333,7,23.333333333333332,11,36.666666666666664,4,13.333333333333334,5,16.666666666666664,1,3.3333333333333335,2,6.666666666666667,2.3333333333333335,1.6996731711975948,2.0,2.0,83.33333333333334,83.33333333333334,86.66666666666667,13,43.333333333333336,8,26.666666666666668,4,13.333333333333334,0,0.0,1,3.3333333333333335,4,13.333333333333334,2.466666666666667,1.746106780494506,2.0,2.75,73.33333333333333,83.33333333333334,86.66666666666667,12,40.0,9,30.0,1,3.3333333333333335,3,10.0,1,3.3333333333333335,4,13.333333333333334,2.7333333333333334,1.6110727964792764,2.0,3.0,66.66666666666666,86.66666666666667,90.0,9,30.0,7,23.333333333333332,4,13.333333333333334,6,20.0,1,3.3333333333333335,3,10.0
774,True,2.6666666666666665,1.3984117975602022,2.5,1.0,76.66666666666667,90.0,93.33333333333333,7,23.333333333333332,8,26.666666666666668,8,26.666666666666668,4,13.333333333333334,1,3.3333333333333335,2,6.666666666666667,2.466666666666667,1.9787762772874442,1.0,2.0,76.66666666666667,76.66666666666667,80.0,16,53.333333333333336,4,13.333333333333334,3,10.0,0,0.0,1,3.3333333333333335,6,20.0,2.533333333333333,1.839081896551163,2.0,2.0,76.66666666666667,80.0,83.33333333333334,13,43.333333333333336,6,20.0,4,13.333333333333334,1,3.3333333333333335,1,3.3333333333333335,5,16.666666666666664,2.6,1.6852299546352718,2.0,2.0,76.66666666666667,83.33333333333334,86.66666666666667,10,33.33333333333333,8,26.666666666666668,5,16.666666666666664,2,6.666666666666667,1,3.3333333333333335,4,13.333333333333334
775,True,2.2666666666666666,1.3148721948877347,2.0,0.0,86.66666666666667,90.0,93.33333333333333,7,23.333333333333332,17,56.666666666666664,2,6.666666666666667,1,3.3333333333333335,1,3.3333333333333335,2,6.666666666666667,1.9666666666666666,1.0482790129010926,2.0,1.0,93.33333333333333,96.66666666666667,96.66666666666667,10,33.33333333333333,15,50.0,3,10.0,1,3.3333333333333335,0,0.0,1,3.3333333333333335,2.3333333333333335,1.4681810363696826,2.0,0.75,86.66666666666667,86.66666666666667,90.0,8,26.666666666666668,15,50.0,3,10.0,0,0.0,1,3.3333333333333335,3,10.0,2.2666666666666666,1.412641340027806,2.0,1.0,86.66666666666667,86.66666666666667,93.33333333333333,9,30.0,14,46.666666666666664,3,10.0,0,0.0,2,6.666666666666667,2,6.666666666666667
776,True,3.2333333333333334,1.5423647068345698,3.0,1.75,73.33333333333333,80.0,80.0,2,6.666666666666667,9,30.0,11,36.666666666666664,2,6.666666666666667,0,0.0,6,20.0,2.466666666666667,1.521694961401777,2.0,2.0,83.33333333333334,86.66666666666667,90.0,9,30.0,10,33.33333333333333,6,20.0,1,3.3333333333333335,1,3.3333333333333335,3,10.0,2.7666666666666666,1.6468825769380835,2.0,1.0,76.66666666666667,80.0,86.66666666666667,7,23.333333333333332,10,33.33333333333333,6,20.0,1,3.3333333333333335,2,6.666666666666667,4,13.333333333333334,2.6333333333333333,1.4255603186895398,2.0,1.0,83.33333333333334,83.33333333333334,93.33333333333333,6,20.0,11,36.666666666666664,8,26.666666666666668,0,0.0,3,10.0,2,6.666666666666667
777,True,2.2333333333333334,1.5638272140986533,2.0,2.0,86.66666666666667,86.66666666666667,90.0,13,43.333333333333336,8,26.666666666666668,5,16.666666666666664,0,0.0,1,3.3333333333333335,3,10.0,1.9666666666666666,1.6629959577688562,1.0,1.0,83.33333333333334,86.66666666666667,90.0,20,66.66666666666666,3,10.0,2,6.666666666666667,1,3.3333333333333335,1,3.3333333333333335,3,10.0,2.1333333333333333,1.839081896551163,1.0,1.75,76.66666666666667,83.33333333333334,86.66666666666667,20,66.66666666666666,2,6.666666666666667,1,3.3333333333333335,2,6.666666666666667,1,3.3333333333333335,4,13.333333333333334,2.433333333333333,1.62651638650078,2.0,2.0,83.33333333333334,83.33333333333334,90.0,12,40.0,6,20.0,7,23.333333333333332,0,0.0,2,6.666666666666667,3,10.0
778,True,2.3333333333333335,1.4452988925785866,2.0,2.0,80.0,90.0,93.33333333333333,10,33.33333333333333,11,36.666666666666664,3,10.0,3,10.0,1,3.3333333333333335,2,6.666666666666667,2.1333333333333333,1.564892612574067,1.5,1.0,80.0,86.66666666666667,93.33333333333333,15,50.0,8,26.666666666666668,1,3.3333333333333335,2,6.666666666666667,2,6.666666666666667,2,6.666666666666667,2.2333333333333334,1.5849991237291654,2.0,1.75,76.66666666666667,86.66666666666667,93.33333333333333,14,46.666666666666664,8,26.666666666666668,1,3.3333333333333335,3,10.0,2,6.666666666666667,2,6.666666666666667,2.3666666666666667,1.601735170231195,2.0,1.0,80.0,83.33333333333334,90.0,10,33.33333333333333,13,43.333333333333336,1,3.3333333333333335,1,3.3333333333333335,2,6.666666666666667,3,10.0
779,True,2.6666666666666665,1.2472191289246473,2.5,1.0,80.0,90.0,96.66666666666667,5,16.666666666666664,10,33.33333333333333,9,30.0,3,10.0,2,6.666666666666667,1,3.3333333333333335,2.2666666666666666,1.3888444437333105,2.0,2.0,80.0,90.0,96.66666666666667,11,36.666666666666664,10,33.33333333333333,3,10.0,3,10.0,2,6.666666666666667,1,3.3333333333333335,2.566666666666667,1.7451520150277897,2.0,2.0,80.0,83.33333333333334,83.33333333333334,11,36.666666666666664,7,23.333333333333332,6,20.0,1,3.3333333333333335,0,0.0,5,16.666666666666664,2.6,1.42828568570857,2.0,1.75,76.66666666666667,90.0,93.33333333333333,8,26.666666666666668,8,26.666666666666668,7,23.333333333333332,4,13.333333333333334,1,3.3333333333333335,2,6.666666666666667
780,True,2.7333333333333334,1.339983416149452,3.0,1.75,73.33333333333333,93.33333333333333,93.33333333333333,6,20.0,8,26.666666666666668,8,26.666666666666668,6,20.0,0,0.0,2,6.666666666666667,2.433333333333333,1.6669999666733315,2.0,2.0,76.66666666666667,86.66666666666667,90.0,14,46.666666666666664,3,10.0,6,20.0,3,10.0,1,3.3333333333333335,3,10.0,2.6,1.8184242262647807,2.0,2.75,73.33333333333333,83.33333333333334,83.33333333333334,13,43.333333333333336,4,13.333333333333334,5,16.666666666666664,3,10.0,0,0.0,5,16.666666666666664,2.6666666666666665,1.7575235101952091,2.0,3.0,70.0,83.33333333333334,86.66666666666667,12,40.0,4,13.333333333333334,5,16.666666666666664,4,13.333333333333334,1,3.3333333333333335,4,13.333333333333334
781,True,3.1,1.535143858622594,3.0,2.0,66.66666666666666,76.66666666666667,90.0,4,13.333333333333334,9,30.0,7,23.333333333333332,3,10.0,4,13.333333333333334,3,10.0,2.433333333333333,1.7065234314893605,2.0,2.75,73.33333333333333,83.33333333333334,90.0,13,43.333333333333336,7,23.333333333333332,2,6.666666666666667,3,10.0,2,6.666666666666667,3,10.0,2.533333333333333,1.6478942792411033,2.0,3.0,70.0,83.33333333333334,93.33333333333333,12,40.0,6,20.0,3,10.0,4,13.333333333333334,3,10.0,2,6.666666666666667,2.8666666666666667,1.6478942792411035,2.0,2.0,66.66666666666666,83.33333333333334,86.66666666666667,7,23.333333333333332,9,30.0,4,13.333333333333334,5,16.666666666666664,1,3.3333333333333335,4,13.333333333333334
782,True,2.933333333333333,1.569146972791976,3.0,2.0,70.0,80.0,90.0,6,20.0,8,26.666666666666668,7,23.333333333333332,3,10.0,3,10.0,3,10.0,2.5,1.7841898254763513,2.0,2.0,76.66666666666667,80.0,86.66666666666667,13,43.333333333333336,6,20.0,4,13.333333333333334,1,3.3333333333333335,2,6.666666666666667,4,13.333333333333334,2.9,2.134635019544715,2.0,4.75,66.66666666666666,66.66666666666666,73.33333333333333,13,43.333333333333336,5,16.666666666666664,2,6.666666666666667,0,0.0,2,6.666666666666667,8,26.666666666666668,3.033333333333333,1.834545054108935,2.5,4.0,60.0,70.0,86.66666666666667,9,30.0,6,20.0,3,10.0,3,10.0,5,16.666666666666664,4,13.333333333333334
783,True,2.9,1.5989579940281942,2.5,2.0,63.33333333333333,83.33333333333334,90.0,7,23.333333333333332,8,26.666666666666668,4,13.333333333333334,6,20.0,2,6.666666666666667,3,10.0,2.566666666666667,1.7641491496532322,2.0,3.0,70.0,80.0,90.0,13,43.333333333333336,5,16.666666666666664,3,10.0,3,10.0,3,10.0,3,10.0,2.7333333333333334,1.8245242911205346,2.0,3.0,63.33333333333333,80.0,86.66666666666667,12,40.0,5,16.666666666666664,2,6.666666666666667,5,16.666666666666664,2,6.666666666666667,4,13.333333333333334,2.7333333333333334,1.7499206331208916,2.0,3.0,70.0,80.0,86.66666666666667,10,33.33333333333333,7,23.333333333333332,4,13.333333333333334,3,10.0,2,6.666666666666667,4,13.333333333333334
784,True,2.1,1.274100990241093,2.0,2.0,90.0,93.33333333333333,96.66666666666667,13,43.333333333333336,7,23.333333333333332,7,23.333333333333332,1,3.3333333333333335,1,3.3333333333333335,1,3.3333333333333335,2.066666666666667,1.7113996870657915,1.0,1.0,83.33333333333334,86.66666666666667,86.66666666666667,18,60.0,5,16.666666666666664,2,6.666666666666667,1,3.3333333333333335,0,0.0,4,13.333333333333334,2.2666666666666666,1.7876116903722563,1.0,1.75,76.66666666666667,83.33333333333334,86.66666666666667,16,53.333333333333336,6,20.0,1,3.3333333333333335,2,6.666666666666667,1,3.3333333333333335,4,13.333333333333334,2.2666666666666666,1.6316317667360554,2.0,2.0,80.0,86.66666666666667,90.0,14,46.666666666666664,7,23.333333333333332,3,10.0,2,6.666666666666667,1,3.3333333333333335,3,10.0
785,True,2.7,1.6155494421403511,2.0,2.75,73.33333333333333,83.33333333333334,90.0,9,30.0,7,23.333333333333332,6,20.0,3,10.0,2,6.666666666666667,3,10.0,2.033333333333333,1.5162087220725546,1.0,1.75,83.33333333333334,90.0,93.33333333333333,17,56.666666666666664,5,16.666666666666664,3,10.0,2,6.666666666666667,1,3.3333333333333335,2,6.666666666666667,2.1666666666666665,1.654958878307521,1.0,1.75,80.0,86.66666666666667,90.0,16,53.333333333333336,6,20.0,2,6.666666666666667,2,6.666666666666667,1,3.3333333333333335,3,10.0,2.2666666666666666,1.7499206331208919,1.0,2.0,76.66666666666667,86.66666666666667,86.66666666666667,16,53.333333333333336,5,16.666666666666664,2,6.666666666666667,3,10.0,0,0.0,4,13.333333333333334
786,True,3.033333333333333,1.32874209519965,3.0,2.0,70.0,86.66666666666667,93.33333333333333,4,13.333333333333334,6,20.0,11,36.666666666666664,5,16.666666666666664,2,6.666666666666667,2,6.666666666666667,2.533333333333333,1.7838784213679537,2.0,2.75,73.33333333333333,76.66666666666667,90.0,13,43.333333333333336,6,20.0,3,10.0,1,3.3333333333333335,4,13.333333333333334,3,10.0,2.6333333333333333,1.8705317128797598,2.0,2.75,73.33333333333333,76.66666666666667,83.33333333333334,12,40.0,7,23.333333333333332,3,10.0,1,3.3333333333333335,2,6.666666666666667,5,16.666666666666664,3.066666666666667,1.8427033281447,3.0,3.0,56.666666666666664,76.66666666666667,83.33333333333334,10,33.33333333333333,3,10.0,4,13.333333333333334,6,20.0,2,6.666666666666667,5,16.666666666666664
787,True,2.6,1.518771433319269,2.0,2.75,73.33333333333333,86.66666666666667,93.33333333333333,9,30.0,8,26.666666666666668,5,16.666666666666664,4,13.333333333333334,2,6.666666666666667,2,6.666666666666667,2.3,1.6563010998406458,2.0,2.0,83.33333333333334,83.33333333333334,90.0,14,46.666666666666664,6,20.0,5,16.666666666666664,0,0.0,2,6.666666666666667,3,10.0,2.433333333333333,1.7259457954666155,2.0,2.0,76.66666666666667,80.0,90.0,13,43.333333333333336,7,23.333333333333332,3,10.0,1,3.3333333333333335,3,10.0,3,10.0,2.533333333333333,1.586050300449376,2.0,2.0,83.33333333333334,83.33333333333334,90.0,10,33.33333333333333,7,23.333333333333332,8,26.666666666666668,0,0.0,2,6.666666666666667,3,10.0
788,True,2.433333333333333,1.3337499349161703,2.0,1.75,83.33333333333334,93.33333333333333,93.33333333333333,8,26.666666666666668,10,33.33333333333333,7,23.333333333333332,3,10.0,0,0.0,2,6.666666666666667,2.2,1.5577761927397231,2.0,1.75,80.0,86.66666666666667,93.33333333333333,14,46.666666666666664,8,26.666666666666668,2,6.666666666666667,2,6.666666666666667,2,6.666666666666667,2,6.666666666666667,2.3666666666666667,1.601735170231195,2.0,2.75,73.33333333333333,86.66666666666667,93.33333333333333,13,43.333333333333336,7,23.333333333333332,2,6.666666666666667,4,13.333333333333334,2,6.666666666666667,2,6.666666666666667,2.3666666666666667,1.5162087220725544,2.0,2.0,76.66666666666667,90.0,93.33333333333333,12,40.0,7,23.333333333333332,4,13.333333333333334,4,13.333333333333334,1,3.3333333333333335,2,6.666666666666667
789,True,2.533333333333333,1.5434449203720302,2.0,2.0,80.0,86.66666666666667,90.0,9,30.0,9,30.0,6,20.0,2,6.666666666666667,1,3.3333333333333335,3,10.0,2.2333333333333334,1.7065234314893605,2.0,1.0,83.33333333333334,83.33333333333334,86.66666666666667,14,46.666666666666664,9,30.0,2,6.666666666666667,0,0.0,1,3.3333333333333335,4,13.333333333333334,2.2,1.5577761927397231,2.0,1.75,86.66666666666667,86.66666666666667,90.0,13,43.333333333333336,9,30.0,4,13.333333333333334,0,0.0,1,3.3333333333333335,3,10.0,2.533333333333333,1.687865186822955,2.0,2.0,76.66666666666667,80.0,90.0,11,36.666666666666664,8,26.666666666666668,4,13.333333333333334,1,3.3333333333333335,3,10.0,3,10.0
790,True,2.3666666666666667,1.4940623220676648,2.0,2.0,86.66666666666667,90.0,90.0,11,36.666666666666664,7,23.333333333333332,8,26.666666666666668,1,3.3333333333333335,0,0.0,3,10.0,1.9666666666666666,1.5162087220725546,1.0,1.0,83.33333333333334,90.0,93.33333333333333,18,60.0,5,16.666666666666664,2,6.666666666666667,2,6.666666666666667,1,3.3333333333333335,2,6.666666666666667,1.9666666666666666,1.4940623220676648,1.0,1.0,83.33333333333334,90.0,93.33333333333333,17,56.666666666666664,7,23.333333333333332,1,3.3333333333333335,2,6.666666666666667,1,3.3333333333333335,2,6.666666666666667,2.3666666666666667,1.662995957768856,2.0,2.0,83.33333333333334,86.66666666666667,86.66666666666667,13,43.333333333333336,6,20.0,6,20.0,1,3.3333333333333335,0,0.0,4,13.333333333333334
791,True,2.6333333333333333,1.5595583420386114,2.0,1.0,80.0,86.66666666666667,86.66666666666667,7,23.333333333333332,11,36.666666666666664,6,20.0,2,6.666666666666667,0,0.0,4,13.333333333333334,2.066666666666667,1.4126413400278062,2.0,1.0,86.66666666666667,90.0,93.33333333333333,13,43.333333333333336,11,36.666666666666664,2,6.666666666666667,1,3.3333333333333335,1,3.3333333333333335,2,6.666666666666667,2.1,1.3253930234714029,2.0,1.0,86.66666666666667,90.0,96.66666666666667,12,40.0,11,36.666666666666664,3,10.0,1,3.3333333333333335,2,6.666666666666667,1,3.3333333333333335,2.7,1.8823743871327334,2.0,2.75,73.33333333333333,76.66666666666667,80.0,10,33.33333333333333,10,33.33333333333333,2,6.666666666666667,1,3.3333333333333335,1,3.3333333333333335,6,20.0
792,True,2.3,1.369914839202301,2.0,2.0,83.33333333333334,93.33333333333333,93.33333333333333,10,33.33333333333333,10,33.33333333333333,5,16.666666666666664,3,10.0,0,0.0,2,6.666666666666667,2.033333333333333,1.4940623220676648,1.0,1.0,83.33333333333334,90.0,93.33333333333333,16,53.333333333333336,7,23.333333333333332,2,6.666666666666667,2,6.666666666666667,1,3.3333333333333335,2,6.666666666666667,2.3333333333333335,1.699673171197595,1.5,2.75,73.33333333333333,86.66666666666667,90.0,15,50.0,5,16.666666666666664,2,6.666666666666667,4,13.333333333333334,1,3.3333333333333335,3,10.0,2.433333333333333,1.7259457954666158,2.0,2.0,76.66666666666667,80.0,90.0,13,43.333333333333336,7,23.333333333333332,3,10.0,1,3.3333333333333335,3,10.0,3,10.0
793,True,2.8666666666666667,1.6478942792411035,2.5,2.75,66.66666666666666,80.0,90.0,8,26.666666666666668,7,23.333333333333332,5,16.666666666666664,4,13.333333333333334,3,10.0,3,10.0,2.4,1.6041612554021285,2.0,2.0,80.0,86.66666666666667,90.0,12,40.0,7,23.333333333333332,5,16.666666666666664,2,6.666666666666667,1,3.3333333333333335,3,10.0,2.5,1.707825127659933,2.0,2.0,76.66666666666667,80.0,90.0,12,40.0,7,23.333333333333332,4,13.333333333333334,1,3.3333333333333335,3,10.0,3,10.0,2.7666666666666666,1.7259457954666155,2.0,3.0,70.0,80.0,86.66666666666667,9,30.0,8,26.666666666666668,4,13.333333333333334,3,10.0,2,6.666666666666667,4,13.333333333333334
794,True,2.8,1.4000000000000001,3.0,1.75,73.33333333333333,90.0,93.33333333333333,7,23.333333333333332,5,16.666666666666664,10,33.33333333333333,5,16.666666666666664,1,3.3333333333333335,2,6.666666666666667,2.533333333333333,1.6275407487644937,2.0,2.0,76.66666666666667,83.33333333333334,90.0,10,33.33333333333333,9,30.0,4,13.333333333333334,2,6.666666666666667,2,6.666666666666667,3,10.0,2.7333333333333334,1.671991493864594,2.0,3.0,70.0,80.0,90.0,9,30.0,8,26.666666666666668,4,13.333333333333334,3,10.0,3,10.0,3,10.0,2.7666666666666666,1.782943882708844,2.0,3.0,70.0,80.0,83.33333333333334,9,30.0,9,30.0,3,10.0,3,10.0,1,3.3333333333333335,5,16.666666666666664
795,True,2.566666666666667,1.5849991237291654,2.0,3.0,66.66666666666666,86.66666666666667,93.33333333333333,10,33.33333333333333,9,30.0,1,3.3333333333333335,6,20.0,2,6.666666666666667,2,6.666666666666667,2.066666666666667,1.4590712418826193,2.0,1.0,83.33333333333334,90.0,93.33333333333333,14,46.666666666666664,10,33.33333333333333,1,3.3333333333333335,2,6.666666666666667,1,3.3333333333333335,2,6.666666666666667,2.566666666666667,1.977933826552906,2.0,3.0,70.0,76.66666666666667,80.0,14,46.666666666666664,7,23.333333333333332,0,0.0,2,6.666666666666667,1,3.3333333333333335,6,20.0,2.533333333333333,1.687865186822955,2.0,2.0,76.66666666666667,80.0,90.0,11,36.666666666666664,8,26.666666666666668,4,13.333333333333334,1,3.3333333333333335,3,10.0,3,10.0
796,True,2.7,1.3203534880225574,3.0,1.0,76.66666666666667,93.33333333333333,93.33333333333333,6,20.0,8,26.666666666666668,9,30.0,5,16.666666666666664,0,0.0,2,6.666666666666667,2.3333333333333335,1.5563490039905004,2.0,2.0,83.33333333333334,90.0,90.0,13,43.333333333333336,5,16.666666666666664,7,23.333333333333332,2,6.666666666666667,0,0.0,3,10.0,2.6333333333333333,1.7603661235347856,2.0,2.0,76.66666666666667,83.33333333333334,83.33333333333334,11,36.666666666666664,6,20.0,6,20.0,2,6.666666666666667,0,0.0,5,16.666666666666664,2.566666666666667,1.2827920936595902,3.0,2.0,76.66666666666667,96.66666666666667,96.66666666666667,9,30.0,4,13.333333333333334,10,33.33333333333333,6,20.0,0,0.0,1,3.3333333333333335
797,True,2.6,1.2000000000000002,3.0,1.0,83.33333333333334,93.33333333333333,96.66666666666667,6,20.0,8,26.666666666666668,11,36.666666666666664,3,10.0,1,3.3333333333333335,1,3.3333333333333335,2.566666666666667,1.5849991237291652,2.0,2.0,76.66666666666667,86.66666666666667,90.0,10,33.33333333333333,7,23.333333333333332,6,20.0,3,10.0,1,3.3333333333333335,3,10.0,2.533333333333333,1.6275407487644937,2.0,2.0,80.0,86.66666666666667,86.66666666666667,10,33.33333333333333,8,26.666666666666668,6,20.0,2,6.666666666666667,0,0.0,4,13.333333333333334,2.8333333333333335,1.694763175851488,3.0,3.0,66.66666666666666,80.0,90.0,10,33.33333333333333,4,13.333333333333334,6,20.0,4,13.333333333333334,3,10.0,3,10.0
798,True,2.066666666666667,1.3888444437333107,1.5,2.0,90.0,93.33333333333333,93.33333333333333,15,50.0,5,16.666666666666664,7,23.333333333333332,1,3.3333333333333335,0,0.0,2,6.666666666666667,1.9333333333333333,1.5040685563571303,1.0,1.0,90.0,90.0,90.0,17,56.666666666666664,7,23.333333333333332,3,10.0,0,0.0,0,0.0,3,10.0,2.033333333333333,1.5380362660079103,1.0,1.75,86.66666666666667,86.66666666666667,93.33333333333333,17,56.666666666666664,5,16.666666666666664,4,13.333333333333334,0,0.0,2,6.666666666666667,2,6.666666666666667,2.3,1.7349351572897471,1.5,2.0,83.33333333333334,83.33333333333334,86.66666666666667,15,50.0,5,16.666666666666664,5,16.666666666666664,0,0.0,1,3.3333333333333335,4,13.333333333333334
799,True,2.6666666666666665,1.4907119849998596,2.0,1.75,73.33333333333333,90.0,90.0,7,23.333333333333332,10,33.33333333333333,5,16.666666666666664,5,16.666666666666664,0,0.0,3,10.0,2.433333333333333,1.6468825769380835,2.0,3.0,70.0,86.66666666666667,93.33333333333333,14,46.666666666666664,4,13.333333333333334,3,10.0,5,16.666666666666664,2,6.666666666666667,2,6.666666666666667,2.566666666666667,1.7259457954666158,2.0,3.0,70.0,86.66666666666667,86.66666666666667,12,40.0,6,20.0,3,10.0,5,16.666666666666664,0,0.0,4,13.333333333333334,2.7333333333333334,1.6918103387266026,2.0,3.0,66.66666666666666,86.66666666666667,86.66666666666667,10,33.33333333333333,6,20.0,4,13.333333333333334,6,20.0,0,0.0,4,13.333333333333334
800,True,2.5,1.3844373104863459,2.0,1.0,83.33333333333334,86.66666666666667,93.33333333333333,6,20.0,14,46.666666666666664,5,16.666666666666664,1,3.3333333333333335,2,6.666666666666667,2,6.666666666666667,2.3333333333333335,1.7191729277636836,2.0,1.75,80.0,83.33333333333334,86.66666666666667,13,43.333333333333336,9,30.0,2,6.666666666666667,1,3.3333333333333335,1,3.3333333333333335,4,13.333333333333334,2.533333333333333,1.6679994670929073,2.0,2.0,76.66666666666667,83.33333333333334,86.66666666666667,9,30.0,12,40.0,2,6.666666666666667,2,6.666666666666667,1,3.3333333333333335,4,13.333333333333334,2.413793103448276,1.5650766507462368,2.0,2.0,79.3103448275862,86.20689655172413,89.65517241379311,9,31.03448275862069,12,41.37931034482759,2,6.896551724137931,2,6.896551724137931,1,3.4482758620689653,3,10.344827586206897
801,True,3.1,1.5351438586225938,3.0,2.0,70.0,80.0,86.66666666666667,4,13.333333333333334,8,26.666666666666668,9,30.0,3,10.0,2,6.666666666666667,4,13.333333333333334,2.4,1.7435595774162693,2.0,2.75,73.33333333333333,86.66666666666667,86.66666666666667,14,46.666666666666664,6,20.0,2,6.666666666666667,4,13.333333333333334,0,0.0,4,13.333333333333334,2.533333333333333,1.8571184369578826,2.0,2.75,73.33333333333333,80.0,83.33333333333334,13,43.333333333333336,7,23.333333333333332,2,6.666666666666667,2,6.666666666666667,1,3.3333333333333335,5,16.666666666666664,2.7,1.9347695814575268,2.0,3.0,66.66666666666666,80.0,80.0,13,43.333333333333336,5,16.666666666666664,2,6.666666666666667,4,13.333333333333334,0,0.0,6,20.0
802,True,2.566666666666667,1.2827920936595905,2.0,1.0,80.0,90.0,96.66666666666667,6,20.0,11,36.666666666666664,7,23.333333333333332,3,10.0,2,6.666666666666667,1,3.3333333333333335,2.4,1.6451950239004087,2.0,2.0,83.33333333333334,86.66666666666667,86.66666666666667,12,40.0,7,23.333333333333332,6,20.0,1,3.3333333333333335,0,0.0,4,13.333333333333334,2.533333333333333,1.7074997966487597,2.0,2.0,76.66666666666667,83.33333333333334,86.66666666666667,11,36.666666666666664,8,26.666666666666668,4,13.333333333333334,2,6.666666666666667,1,3.3333333333333335,4,13.333333333333334,2.566666666666667,1.6058919293927874,2.0,2.0,80.0,83.33333333333334,90.0,10,33.33333333333333,7,23.333333333333332,7,23.333333333333332,1,3.3333333333333335,2,6.666666666666667,3,10.0
803,True,2.8,1.4000000000000001,3.0,2.0,70.0,90.0,93.33333333333333,6,20.0,8,26.666666666666668,7,23.333333333333332,6,20.0,1,3.3333333333333335,2,6.666666666666667,2.466666666666667,1.4544949486180951,2.0,2.0,76.66666666666667,90.0,93.33333333333333,9,30.0,10,33.33333333333333,4,13.333333333333334,4,13.333333333333334,1,3.3333333333333335,2,6.666666666666667,2.533333333333333,1.521694961401777,2.0,2.0,76.66666666666667,90.0,90.0,9,30.0,9,30.0,5,16.666666666666664,4,13.333333333333334,0,0.0,3,10.0,2.433333333333333,1.4067298564006125,2.0,1.75,80.0,90.0,93.33333333333333,8,26.666666666666668,12,40.0,4,13.333333333333334,3,10.0,1,3.3333333333333335,2,6.666666666666667
804,True,2.7,1.46401275039985,2.5,1.0,76.66666666666667,90.0,90.0,7,23.333333333333332,8,26.666666666666668,8,26.666666666666668,4,13.333333333333334,0,0.0,3,10.0,2.3,1.4177446878757827,2.0,2.0,80.0,90.0,96.66666666666667,12,40.0,7,23.333333333333332,5,16.666666666666664,3,10.0,2,6.666666666666667,1,3.3333333333333335,2.433333333333333,1.5638272140986533,2.0,2.0,83.33333333333334,86.66666666666667,90.0,11,36.666666666666664,7,23.333333333333332,7,23.333333333333332,1,3.3333333333333335,1,3.3333333333333335,3,10.0,2.6666666666666665,1.6397831834998458,2.0,2.75,73.33333333333333,86.66666666666667,86.66666666666667,9,30.0,8,26.666666666666668,5,16.666666666666664,4,13.333333333333334,0,0.0,4,13.333333333333334
805,True,3.6,1.3564659966250536,4.0,1.0,43.333333333333336,76.66666666666667,90.0,2,6.666666666666667,5,16.666666666666664,6,20.0,10,33.33333333333333,4,13.333333333333334,3,10.0,3.066666666666667,1.730767331432956,2.5,2.0,63.33333333333333,76.66666666666667,83.33333333333334,6,20.0,9,30.0,4,13.333333333333334,4,13.333333333333334,2,6.666666666666667,5,16.666666666666664,3.2333333333333334,1.764149149653232,3.0,3.0,60.0,70.0,83.33333333333334,6,20.0,7,23.333333333333332,5,16.666666666666664,3,10.0,4,13.333333333333334,5,16.666666666666664,3.533333333333333,1.7074997966487595,3.5,2.75,50.0,73.33333333333333,76.66666666666667,4,13.333333333333334,6,20.0,5,16.666666666666664,7,23.333333333333332,1,3.3333333333333335,7,23.333333333333332
806,True,2.466666666666667,1.4313940369055926,2.0,1.75,86.66666666666667,90.0,90.0,8,26.666666666666668,10,33.33333333333333,8,26.666666666666668,1,3.3333333333333335,0,0.0,3,10.0,2.2333333333333334,1.5205992970609392,2.0,2.0,83.33333333333334,86.66666666666667,93.33333333333333,13,43.333333333333336,8,26.666666666666668,4,13.333333333333334,1,3.3333333333333335,2,6.666666666666667,2,6.666666666666667,2.3,1.5737428845483834,2.0,2.0,83.33333333333334,86.66666666666667,90.0,12,40.0,9,30.0,4,13.333333333333334,1,3.3333333333333335,1,3.3333333333333335,3,10.0,2.566666666666667,1.6468825769380835,2.0,2.0,80.0,83.33333333333334,86.66666666666667,9,30.0,10,33.33333333333333,5,16.666666666666664,1,3.3333333333333335,1,3.3333333333333335,4,13.333333333333334
807,True,2.8333333333333335,1.4851112939963644,3.0,2.0,66.66666666666666,86.66666666666667,93.33333333333333,7,23.333333333333332,7,23.333333333333332,6,20.0,6,20.0,2,6.666666666666667,2,6.666666666666667,2.533333333333333,1.687865186822955,2.0,3.0,70.0,83.33333333333334,90.0,11,36.666666666666664,9,30.0,1,3.3333333333333335,4,13.333333333333334,2,6.666666666666667,3,10.0,2.7333333333333334,1.787611690372256,2.0,3.0,63.33333333333333,80.0,86.66666666666667,10,33.33333333333333,9,30.0,0,0.0,5,16.666666666666664,2,6.666666666666667,4,13.333333333333334,2.8333333333333335,1.6346933113652304,2.0,2.75,63.33333333333333,83.33333333333334,90.0,8,26.666666666666668,8,26.666666666666668,3,10.0,6,20.0,2,6.666666666666667,3,10.0
808,True,2.466666666666667,1.3597385369580761,2.0,2.0,83.33333333333334,93.33333333333333,93.33333333333333,9,30.0,7,23.333333333333332,9,30.0,3,10.0,0,0.0,2,6.666666666666667,2.1,1.445683229480096,2.0,1.75,86.66666666666667,90.0,93.33333333333333,14,46.666666666666664,8,26.666666666666668,4,13.333333333333334,1,3.3333333333333335,1,3.3333333333333335,2,6.666666666666667,2.3666666666666667,1.7978382080215733,2.0,2.0,80.0,83.33333333333334,83.33333333333334,14,46.666666666666664,7,23.333333333333332,3,10.0,1,3.3333333333333335,0,0.0,5,16.666666666666664,2.3666666666666667,1.662995957768856,2.0,2.0,76.66666666666667,86.66666666666667,90.0,14,46.666666666666664,5,16.666666666666664,4,13.333333333333334,3,10.0,1,3.3333333333333335,3,10.0
809,True,2.466666666666667,1.2036980056845192,2.0,1.0,86.66666666666667,93.33333333333333,96.66666666666667,7,23.333333333333332,9,30.0,10,33.33333333333333,2,6.666666666666667,1,3.3333333333333335,1,3.3333333333333335,2.2333333333333334,1.6265163865007803,1.5,2.0,83.33333333333334,86.66666666666667,90.0,15,50.0,5,16.666666666666664,5,16.666666666666664,1,3.3333333333333335,1,3.3333333333333335,3,10.0,2.4,1.818424226264781,2.0,2.0,76.66666666666667,83.33333333333334,83.33333333333334,14,46.666666666666664,7,23.333333333333332,2,6.666666666666667,2,6.666666666666667,0,0.0,5,16.666666666666664,2.3,1.46401275039985,2.0,2.0,83.33333333333334,90.0,93.33333333333333,12,40.0,7,23.333333333333332,6,20.0,2,6.666666666666667,1,3.3333333333333335,2,6.666666666666667
810,True,2.9,1.7387735140993301,2.0,2.75,70.0,73.33333333333333,86.66666666666667,7,23.333333333333332,10,33.33333333333333,4,13.333333333333334,1,3.3333333333333335,4,13.333333333333334,4,13.333333333333334,2.2666666666666666,1.590248058916875,1.5,2.75,73.33333333333333,90.0,93.33333333333333,15,50.0,5,16.666666666666664,2,6.666666666666667,5,16.666666666666664,1,3.3333333333333335,2,6.666666666666667,2.466666666666667,1.765093639316497,1.5,3.0,70.0,83.33333333333334,90.0,15,50.0,3,10.0,3,10.0,4,13.333333333333334,2,6.666666666666667,3,10.0,2.5,1.7654083569153813,2.0,3.0,66.66666666666666,83.33333333333334,90.0,14,46.666666666666664,5,16.666666666666664,1,3.3333333333333335,5,16.666666666666664,2,6.666666666666667,3,10.0
811,True,2.4,1.5405626677721789,2.0,2.0,80.0,86.66666666666667,93.33333333333333,12,40.0,6,20.0,6,20.0,2,6.666666666666667,2,6.666666666666667,2,6.666666666666667,2.2333333333333334,1.6669999666733317,1.0,2.0,76.66666666666667,83.33333333333334,93.33333333333333,16,53.333333333333336,5,16.666666666666664,2,6.666666666666667,2,6.666666666666667,3,10.0,2,6.666666666666667,2.2333333333333334,1.6468825769380833,1.5,1.75,76.66666666666667,83.33333333333334,93.33333333333333,15,50.0,7,23.333333333333332,1,3.3333333333333335,2,6.666666666666667,3,10.0,2,6.666666666666667,2.4,1.6653327995729061,2.0,2.0,80.0,83.33333333333334,90.0,13,43.333333333333336,6,20.0,5,16.666666666666664,1,3.3333333333333335,2,6.666666666666667,3,10.0
812,True,2.6666666666666665,1.5986105077709065,2.5,2.0,80.0,86.66666666666667,86.66666666666667,9,30.0,6,20.0,9,30.0,2,6.666666666666667,0,0.0,4,13.333333333333334,2.3333333333333335,1.7384539747207064,1.5,2.0,76.66666666666667,86.66666666666667,86.66666666666667,15,50.0,5,16.666666666666664,3,10.0,3,10.0,0,0.0,4,13.333333333333334,2.466666666666667,1.746106780494506,2.0,2.75,73.33333333333333,86.66666666666667,86.66666666666667,14,46.666666666666664,4,13.333333333333334,4,13.333333333333334,4,13.333333333333334,0,0.0,4,13.333333333333334,2.6,1.624807680927192,2.0,2.0,76.66666666666667,86.66666666666667,86.66666666666667,9,30.0,9,30.0,5,16.666666666666664,3,10.0,0,0.0,4,13.333333333333334
813,True,2.3,1.2151817422372122,2.0,2.0,83.33333333333334,96.66666666666667,96.66666666666667,9,30.0,10,33.33333333333333,6,20.0,4,13.333333333333334,0,0.0,1,3.3333333333333335,2.1,1.3253930234714029,2.0,1.0,86.66666666666667,90.0,96.66666666666667,12,40.0,11,36.666666666666664,3,10.0,1,3.3333333333333335,2,6.666666666666667,1,3.3333333333333335,2.033333333333333,1.1396880664852507,2.0,1.75,90.0,93.33333333333333,100.0,12,40.0,10,33.33333333333333,5,16.666666666666664,1,3.3333333333333335,2,6.666666666666667,0,0.0,2.466666666666667,1.4544949486180951,2.0,1.75,83.33333333333334,90.0,90.0,8,26.666666666666668,11,36.666666666666664,6,20.0,2,6.666666666666667,0,0.0,3,10.0
814,True,2.6,1.3564659966250536,2.0,1.0,76.66666666666667,93.33333333333333,93.33333333333333,7,23.333333333333332,9,30.0,7,23.333333333333332,5,16.666666666666664,0,0.0,2,6.666666666666667,2.3666666666666667,1.6224124698183942,2.0,2.75,73.33333333333333,90.0,90.0,13,43.333333333333336,7,23.333333333333332,2,6.666666666666667,5,16.666666666666664,0,0.0,3,10.0,2.4,1.624807680927192,2.0,2.0,76.66666666666667,86.66666666666667,90.0,12,40.0,8,26.666666666666668,3,10.0,3,10.0,1,3.3333333333333335,3,10.0,2.6666666666666665,1.4907119849998598,2.5,3.0,70.0,90.0,93.33333333333333,9,30.0,6,20.0,6,20.0,6,20.0,1,3.3333333333333335,2,6.666666666666667
815,True,2.8,1.5143755588800731,2.0,2.0,70.0,86.66666666666667,90.0,6,20.0,10,33.33333333333333,5,16.666666666666664,5,16.666666666666664,1,3.3333333333333335,3,10.0,2.2333333333333334,1.5849991237291654,2.0,1.75,83.33333333333334,86.66666666666667,90.0,13,43.333333333333336,9,30.0,3,10.0,1,3.3333333333333335,1,3.3333333333333335,3,10.0,2.466666666666667,1.839081896551163,2.0,2.0,76.66666666666667,80.0,83.33333333333334,13,43.333333333333336,8,26.666666666666668,2,6.666666666666667,1,3.3333333333333335,1,3.3333333333333335,5,16.666666666666664,2.4,1.4047538337136984,2.0,2.0,83.33333333333334,90.0,93.33333333333333,9,30.0,10,33.33333333333333,6,20.0,2,6.666666666666667,1,3.3333333333333335,2,6.666666666666667
816,True,2.2,1.375984496036686,2.0,2.0,83.33333333333334,90.0,96.66666666666667,12,40.0,9,30.0,4,13.333333333333334,2,6.666666666666667,2,6.666666666666667,1,3.3333333333333335,2.2333333333333334,1.8740923729160797,1.0,1.0,80.0,80.0,83.33333333333334,17,56.666666666666664,6,20.0,1,3.3333333333333335,0,0.0,1,3.3333333333333335,5,16.666666666666664,2.1666666666666665,1.7336538165261124,1.0,1.0,83.33333333333334,83.33333333333334,86.66666666666667,16,53.333333333333336,7,23.333333333333332,2,6.666666666666667,0,0.0,1,3.3333333333333335,4,13.333333333333334,2.5,1.8929694486000912,2.0,2.0,76.66666666666667,76.66666666666667,83.33333333333334,14,46.666666666666664,6,20.0,3,10.0,0,0.0,2,6.666666666666667,5,16.666666666666664
817,True,2.2666666666666666,1.2631530214330944,2.0,2.0,83.33333333333334,90.0,100.0,10,33.33333333333333,10,33.33333333333333,5,16.666666666666664,2,6.666666666666667,3,10.0,0,0.0,2.2,1.6613247725836149,1.0,2.0,80.0,86.66666666666667,90.0,16,53.333333333333336,5,16.666666666666664,3,10.0,2,6.666666666666667,1,3.3333333333333335,3,10.0,2.433333333333333,1.7641491496532322,1.5,2.0,76.66666666666667,80.0,90.0,15,50.0,3,10.0,5,16.666666666666664,1,3.3333333333333335,3,10.0,3,10.0,2.4,1.7048949136725893,2.0,2.0,76.66666666666667,83.33333333333334,90.0,14,46.666666666666664,5,16.666666666666664,4,13.333333333333334,2,6.666666666666667,2,6.666666666666667,3,10.0
818,True,2.0,0.9309493362512627,2.0,2.0,93.33333333333333,100.0,100.0,11,36.666666666666664,10,33.33333333333333,7,23.333333333333332,2,6.666666666666667,0,0.0,0,0.0,2.1333333333333333,1.7650936393164969,1.0,1.0,80.0,83.33333333333334,86.66666666666667,17,56.666666666666664,7,23.333333333333332,0,0.0,1,3.3333333333333335,1,3.3333333333333335,4,13.333333333333334,2.2333333333333334,1.6669999666733317,1.0,2.0,80.0,86.66666666666667,90.0,16,53.333333333333336,4,13.333333333333334,4,13.333333333333334,2,6.666666666666667,1,3.3333333333333335,3,10.0,2.466666666666667,1.8571184369578828,2.0,1.75,80.0,80.0,80.0,12,40.0,10,33.33333333333333,2,6.666666666666667,0,0.0,0,0.0,6,20.0
819,True,2.533333333333333,1.7074997966487597,2.0,2.0,83.33333333333334,83.33333333333334,83.33333333333334,10,33.33333333333333,9,30.0,6,20.0,0,0.0,0,0.0,5,16.666666666666664,2.1,1.5567059238447487,1.0,2.0,86.66666666666667,90.0,90.0,16,53.333333333333336,5,16.666666666666664,5,16.666666666666664,1,3.3333333333333335,0,0.0,3,10.0,2.1333333333333333,1.4313940369055924,2.0,1.75,86.66666666666667,90.0,93.33333333333333,13,43.333333333333336,9,30.0,4,13.333333333333334,1,3.3333333333333335,1,3.3333333333333335,2,6.666666666666667,2.2666666666666666,1.5477582354991866,2.0,2.0,86.66666666666667,90.0,90.0,14,46.666666666666664,4,13.333333333333334,8,26.666666666666668,1,3.3333333333333335,0,0.0,3,10.0
820,True,2.3333333333333335,1.5347819244295118,2.0,1.75,83.33333333333334,86.66666666666667,90.0,10,33.33333333333333,12,40.0,3,10.0,1,3.3333333333333335,1,3.3333333333333335,3,10.0,2.3666666666666667,1.81628436344337,2.0,1.0,80.0,80.0,83.33333333333334,13,43.333333333333336,10,33.33333333333333,1,3.3333333333333335,0,0.0,1,3.3333333333333335,5,16.666666666666664,2.533333333333333,1.7838784213679537,2.0,1.75,76.66666666666667,80.0,83.33333333333334,10,33.33333333333333,12,40.0,1,3.3333333333333335,1,3.3333333333333335,1,3.3333333333333335,5,16.666666666666664,2.533333333333333,1.839081896551163,2.0,2.75,73.33333333333333,80.0,83.33333333333334,12,40.0,9,30.0,1,3.3333333333333335,2,6.666666666666667,1,3.3333333333333335,5,16.666666666666664
821,True,2.533333333333333,1.4079141387961918,2.0,1.0,83.33333333333334,86.66666666666667,93.33333333333333,7,23.333333333333332,11,36.666666666666664,7,23.333333333333332,1,3.3333333333333335,2,6.666666666666667,2,6.666666666666667,2.2666666666666666,1.5040685563571303,2.0,2.0,86.66666666666667,90.0,90.0,12,40.0,8,26.666666666666668,6,20.0,1,3.3333333333333335,0,0.0,3,10.0,2.566666666666667,1.7641491496532322,2.0,2.0,76.66666666666667,83.33333333333334,83.33333333333334,11,36.666666666666664,8,26.666666666666668,4,13.333333333333334,2,6.666666666666667,0,0.0,5,16.666666666666664,2.6333333333333333,1.5595583420386114,2.0,2.0,76.66666666666667,86.66666666666667,90.0,9,30.0,7,23.333333333333332,7,23.333333333333332,3,10.0,1,3.3333333333333335,3,10.0
822,True,3.2333333333333334,1.8381754238616315,3.0,2.75,53.333333333333336,73.33333333333333,80.0,7,23.333333333333332,7,23.333333333333332,2,6.666666666666667,6,20.0,2,6.666666666666667,6,20.0,2.3,1.8645821694595994,1.0,2.5,73.33333333333333,80.0,86.66666666666667,17,56.666666666666664,5,16.666666666666664,0,0.0,2,6.666666666666667,2,6.666666666666667,4,13.333333333333334,2.466666666666667,1.9787762772874442,1.0,3.5,73.33333333333333,73.33333333333333,83.33333333333334,16,53.333333333333336,5,16.666666666666664,1,3.3333333333333335,0,0.0,3,10.0,5,16.666666666666664,2.8333333333333335,1.8089284734953512,2.0,3.0,63.33333333333333,76.66666666666667,86.66666666666667,10,33.33333333333333,7,23.333333333333332,2,6.666666666666667,4,13.333333333333334,3,10.0,4,13.333333333333334
823,True,2.566666666666667,1.358512258154322,2.0,1.0,76.66666666666667,93.33333333333333,93.33333333333333,7,23.333333333333332,10,33.33333333333333,6,20.0,5,16.666666666666664,0,0.0,2,6.666666666666667,2.2666666666666666,1.590248058916875,2.0,1.75,80.0,83.33333333333334,93.33333333333333,13,43.333333333333336,9,30.0,2,6.666666666666667,1,3.3333333333333335,3,10.0,2,6.666666666666667,2.7,1.8466185312619388,2.0,2.75,73.33333333333333,76.66666666666667,83.33333333333334,11,36.666666666666664,7,23.333333333333332,4,13.333333333333334,1,3.3333333333333335,2,6.666666666666667,5,16.666666666666664,2.6333333333333333,1.6224124698183942,2.0,1.75,80.0,83.33333333333334,86.66666666666667,8,26.666666666666668,10,33.33333333333333,6,20.0,1,3.3333333333333335,1,3.3333333333333335,4,13.333333333333334
824,True,3.066666666666667,1.364632632697248,3.0,2.0,70.0,86.66666666666667,90.0,3,10.0,8,26.666666666666668,10,33.33333333333333,5,16.666666666666664,1,3.3333333333333335,3,10.0,2.6333333333333333,1.4019827229875392,2.0,1.0,76.66666666666667,90.0,93.33333333333333,7,23.333333333333332,9,30.0,7,23.333333333333332,4,13.333333333333334,1,3.3333333333333335,2,6.666666666666667,2.933333333333333,1.569146972791976,2.0,1.75,73.33333333333333,80.0,86.66666666666667,4,13.333333333333334,12,40.0,6,20.0,2,6.666666666666667,2,6.666666666666667,4,13.333333333333334,2.7333333333333334,1.339983416149452,3.0,1.0,76.66666666666667,86.66666666666667,96.66666666666667,6,20.0,8,26.666666666666668,9,30.0,3,10.0,3,10.0,1,3.3333333333333335
825,True,2.7,1.530795000427338,2.0,2.5,73.33333333333333,83.33333333333334,93.33333333333333,8,26.666666666666668,8,26.666666666666668,6,20.0,3,10.0,3,10.0,2,6.666666666666667,2.2333333333333334,1.4302291968616625,2.0,2.0,80.0,93.33333333333333,93.33333333333333,12,40.0,9,30.0,3,10.0,4,13.333333333333334,0,0.0,2,6.666666666666667,2.3,1.4866068747318506,2.0,2.0,80.0,90.0,93.33333333333333,12,40.0,8,26.666666666666668,4,13.333333333333334,3,10.0,1,3.3333333333333335,2,6.666666666666667,2.466666666666667,1.586050300449376,2.0,2.75,73.33333333333333,90.0,90.0,11,36.666666666666664,8,26.666666666666668,3,10.0,5,16.666666666666664,0,0.0,3,10.0
826,True,2.8666666666666667,1.4079141387961918,3.0,2.0,66.66666666666666,90.0,93.33333333333333,6,20.0,7,23.333333333333332,7,23.333333333333332,7,23.333333333333332,1,3.3333333333333335,2,6.666666666666667,2.6666666666666665,1.5986105077709065,2.5,2.75,73.33333333333333,86.66666666666667,90.0,10,33.33333333333333,5,16.666666666666664,7,23.333333333333332,4,13.333333333333334,1,3.3333333333333335,3,10.0,2.6333333333333333,1.601735170231195,2.0,2.75,73.33333333333333,86.66666666666667,90.0,10,33.33333333333333,6,20.0,6,20.0,4,13.333333333333334,1,3.3333333333333335,3,10.0,3.0,1.7511900715418263,3.0,3.0,66.66666666666666,80.0,83.33333333333334,9,30.0,3,10.0,8,26.666666666666668,4,13.333333333333334,1,3.3333333333333335,5,16.666666666666664
827,True,2.6666666666666665,1.4907119849998598,2.5,3.0,70.0,90.0,93.33333333333333,9,30.0,6,20.0,6,20.0,6,20.0,1,3.3333333333333335,2,6.666666666666667,2.1666666666666665,1.5509853498842456,2.0,1.75,83.33333333333334,90.0,90.0,14,46.666666666666664,8,26.666666666666668,3,10.0,2,6.666666666666667,0,0.0,3,10.0,2.2666666666666666,1.6316317667360556,2.0,2.0,80.0,86.66666666666667,90.0,14,46.666666666666664,7,23.333333333333332,3,10.0,2,6.666666666666667,1,3.3333333333333335,3,10.0,2.566666666666667,1.7259457954666158,2.0,3.0,70.0,86.66666666666667,86.66666666666667,12,40.0,6,20.0,3,10.0,5,16.666666666666664,0,0.0,4,13.333333333333334
828,True,2.3,1.1590225767142475,2.0,1.0,83.33333333333334,96.66666666666667,96.66666666666667,7,23.333333333333332,14,46.666666666666664,4,13.333333333333334,4,13.333333333333334,0,0.0,1,3.3333333333333335,2.1666666666666665,1.5509853498842456,1.5,1.75,76.66666666666667,90.0,93.33333333333333,15,50.0,7,23.333333333333332,1,3.3333333333333335,4,13.333333333333334,1,3.3333333333333335,2,6.666666666666667,2.1,1.3253930234714029,2.0,1.75,83.33333333333334,93.33333333333333,96.66666666666667,13,43.333333333333336,9,30.0,3,10.0,3,10.0,1,3.3333333333333335,1,3.3333333333333335,2.2666666666666666,1.4590712418826193,2.0,1.75,80.0,90.0,93.33333333333333,11,36.666666666666664,11,36.666666666666664,2,6.666666666666667,3,10.0,1,3.3333333333333335,2,6.666666666666667
829,True,2.966666666666667,1.6428295373802142,3.0,3.0,60.0,83.33333333333334,90.0,9,30.0,3,10.0,6,20.0,7,23.333333333333332,2,6.666666666666667,3,10.0,2.6,1.9252705437591535,2.0,3.0,70.0,76.66666666666667,83.33333333333334,14,46.666666666666664,5,16.666666666666664,2,6.666666666666667,2,6.666666666666667,2,6.666666666666667,5,16.666666666666664,2.6333333333333333,1.7220788470785986,2.0,3.0,66.66666666666666,83.33333333333334,90.0,12,40.0,5,16.666666666666664,3,10.0,5,16.666666666666664,2,6.666666666666667,3,10.0,2.8666666666666667,1.9787762772874442,2.0,3.75,63.33333333333333,73.33333333333333,80.0,12,40.0,5,16.666666666666664,2,6.666666666666667,3,10.0,2,6.666666666666667,6,20.0
830,True,2.966666666666667,1.7026123718829513,3.0,2.75,66.66666666666666,83.33333333333334,83.33333333333334,8,26.666666666666668,5,16.666666666666664,7,23.333333333333332,5,16.666666666666664,0,0.0,5,16.666666666666664,2.433333333333333,1.5638272140986536,2.0,2.75,73.33333333333333,90.0,93.33333333333333,13,43.333333333333336,4,13.333333333333334,5,16.666666666666664,5,16.666666666666664,1,3.3333333333333335,2,6.666666666666667,2.566666666666667,1.7451520150277897,2.0,2.75,73.33333333333333,83.33333333333334,86.66666666666667,12,40.0,6,20.0,4,13.333333333333334,3,10.0,1,3.3333333333333335,4,13.333333333333334,2.7,1.656301099840646,3.0,2.75,73.33333333333333,83.33333333333334,90.0,11,36.666666666666664,3,10.0,8,26.666666666666668,3,10.0,2,6.666666666666667,3,10.0
831,True,2.7666666666666666,1.4761059883656353,3.0,1.75,76.66666666666667,90.0,90.0,8,26.666666666666668,4,13.333333333333334,11,36.666666666666664,4,13.333333333333334,0,0.0,3,10.0,2.1666666666666665,1.6346933113652304,1.0,1.75,76.66666666666667,90.0,90.0,16,53.333333333333336,6,20.0,1,3.3333333333333335,4,13.333333333333334,0,0.0,3,10.0,2.3,1.7349351572897471,1.5,2.0,76.66666666666667,86.66666666666667,86.66666666666667,15,50.0,6,20.0,2,6.666666666666667,3,10.0,0,0.0,4,13.333333333333334,2.4,1.5620499351813308,2.0,2.75,73.33333333333333,90.0,93.33333333333333,13,43.333333333333336,5,16.666666666666664,4,13.333333333333334,5,16.666666666666664,1,3.3333333333333335,2,6.666666666666667
832,True,2.8,1.32664991614216,3.0,1.0,76.66666666666667,90.0,93.33333333333333,5,16.666666666666664,8,26.666666666666668,10,33.33333333333333,4,13.333333333333334,1,3.3333333333333335,2,6.666666666666667,2.566666666666667,1.6468825769380833,2.0,2.0,76.66666666666667,86.66666666666667,86.66666666666667,10,33.33333333333333,8,26.666666666666668,5,16.666666666666664,3,10.0,0,0.0,4,13.333333333333334,2.6,1.6852299546352718,2.0,2.0,76.66666666666667,83.33333333333334,86.66666666666667,10,33.33333333333333,8,26.666666666666668,5,16.666666666666664,2,6.666666666666667,1,3.3333333333333335,4,13.333333333333334,2.7666666666666666,1.453348623772776,2.5,2.0,70.0,83.33333333333334,96.66666666666667,7,23.333333333333332,8,26.666666666666668,6,20.0,4,13.333333333333334,4,13.333333333333334,1,3.3333333333333335
833,True,3.033333333333333,1.5807874268505833,3.0,2.0,66.66666666666666,83.33333333333334,86.66666666666667,6,20.0,6,20.0,8,26.666666666666668,5,16.666666666666664,1,3.3333333333333335,4,13.333333333333334,2.566666666666667,1.5849991237291654,2.5,2.75,73.33333333333333,86.66666666666667,93.33333333333333,12,40.0,3,10.0,7,23.333333333333332,4,13.333333333333334,2,6.666666666666667,2,6.666666666666667,2.6,1.7048949136725895,2.0,2.75,73.33333333333333,86.66666666666667,86.66666666666667,12,40.0,4,13.333333333333334,6,20.0,4,13.333333333333334,0,0.0,4,13.333333333333334,2.7333333333333334,1.590248058916875,2.5,3.0,70.0,86.66666666666667,90.0,9,30.0,6,20.0,6,20.0,5,16.666666666666664,1,3.3333333333333335,3,10.0
834,True,2.966666666666667,1.5595583420386114,3.0,2.0,70.0,80.0,90.0,6,20.0,7,23.333333333333332,8,26.666666666666668,3,10.0,3,10.0,3,10.0,2.466666666666667,1.8390818965511633,2.0,2.0,76.66666666666667,80.0,83.33333333333334,13,43.333333333333336,8,26.666666666666668,2,6.666666666666667,1,3.3333333333333335,1,3.3333333333333335,5,16.666666666666664,2.6333333333333333,1.8882678717691395,2.0,2.75,73.33333333333333,76.66666666666667,83.33333333333334,13,43.333333333333336,5,16.666666666666664,4,13.333333333333334,1,3.3333333333333335,2,6.666666666666667,5,16.666666666666664,3.2333333333333334,1.7065234314893603,3.0,3.0,60.0,70.0,86.66666666666667,6,20.0,6,20.0,6,20.0,3,10.0,5,16.666666666666664,4,13.333333333333334
835,True,2.466666666666667,1.521694961401777,2.0,2.0,80.0,86.66666666666667,93.33333333333333,11,36.666666666666664,6,20.0,7,23.333333333333332,2,6.666666666666667,2,6.666666666666667,2,6.666666666666667,2.1333333333333333,1.687865186822955,1.0,2.0,80.0,86.66666666666667,90.0,18,60.0,3,10.0,3,10.0,2,6.666666666666667,1,3.3333333333333335,3,10.0,2.2,1.6613247725836149,1.0,2.0,80.0,86.66666666666667,90.0,16,53.333333333333336,5,16.666666666666664,3,10.0,2,6.666666666666667,1,3.3333333333333335,3,10.0,2.3666666666666667,1.7792008193443356,1.5,2.0,76.66666666666667,83.33333333333334,86.66666666666667,15,50.0,5,16.666666666666664,3,10.0,2,6.666666666666667,1,3.3333333333333335,4,13.333333333333334
836,True,3.2666666666666666,1.3888444437333105,3.0,2.0,63.33333333333333,80.0,90.0,2,6.666666666666667,8,26.666666666666668,9,30.0,5,16.666666666666664,3,10.0,3,10.0,2.7,1.8645821694595996,2.0,2.75,73.33333333333333,76.66666666666667,83.33333333333334,12,40.0,5,16.666666666666664,5,16.666666666666664,1,3.3333333333333335,2,6.666666666666667,5,16.666666666666664,2.6,1.6041612554021285,2.0,2.75,73.33333333333333,86.66666666666667,90.0,10,33.33333333333333,7,23.333333333333332,5,16.666666666666664,4,13.333333333333334,1,3.3333333333333335,3,10.0,3.466666666666667,1.874981481390031,3.0,3.75,53.333333333333336,66.66666666666666,73.33333333333333,5,16.666666666666664,8,26.666666666666668,3,10.0,4,13.333333333333334,2,6.666666666666667,8,26.666666666666668
837,True,2.6333333333333333,1.5595583420386114,2.0,2.0,76.66666666666667,86.66666666666667,90.0,9,30.0,7,23.333333333333332,7,23.333333333333332,3,10.0,1,3.3333333333333335,3,10.0,2.3,1.6155494421403511,2.0,2.0,80.0,86.66666666666667,90.0,13,43.333333333333336,8,26.666666666666668,3,10.0,2,6.666666666666667,1,3.3333333333333335,3,10.0,2.533333333333333,1.8749814813900312,2.0,2.0,76.66666666666667,80.0,80.0,12,40.0,9,30.0,2,6.666666666666667,1,3.3333333333333335,0,0.0,6,20.0,2.6,1.818424226264781,2.0,2.75,73.33333333333333,76.66666666666667,86.66666666666667,12,40.0,7,23.333333333333332,3,10.0,1,3.3333333333333335,3,10.0,4,13.333333333333334
838,True,2.7333333333333334,1.6110727964792764,2.0,1.0,80.0,83.33333333333334,83.33333333333334,5,16.666666666666664,14,46.666666666666664,5,16.666666666666664,1,3.3333333333333335,0,0.0,5,16.666666666666664,2.2,1.5577761927397231,2.0,1.0,80.0,90.0,90.0,13,43.333333333333336,10,33.33333333333333,1,3.3333333333333335,3,10.0,0,0.0,3,10.0,2.3,1.5737428845483834,2.0,1.0,80.0,86.66666666666667,90.0,11,36.666666666666664,12,40.0,1,3.3333333333333335,2,6.666666666666667,1,3.3333333333333335,3,10.0,2.3333333333333335,1.468181036369683,2.0,1.75,76.66666666666667,90.0,93.33333333333333,10,33.33333333333333,12,40.0,1,3.3333333333333335,4,13.333333333333334,1,3.3333333333333335,2,6.666666666666667
839,True,2.5,1.3844373104863459,2.0,2.75,73.33333333333333,93.33333333333333,96.66666666666667,10,33.33333333333333,6,20.0,6,20.0,6,20.0,1,3.3333333333333335,1,3.3333333333333335,2.3333333333333335,1.7575235101952091,1.0,2.75,73.33333333333333,83.33333333333334,90.0,16,53.333333333333336,4,13.333333333333334,2,6.666666666666667,3,10.0,2,6.666666666666667,3,10.0,2.433333333333333,1.9093337988826247,1.0,2.75,73.33333333333333,80.0,83.33333333333334,16,53.333333333333336,4,13.333333333333334,2,6.666666666666667,2,6.666666666666667,1,3.3333333333333335,5,16.666666666666664,2.6333333333333333,1.8162843634433703,2.0,3.0,70.0,83.33333333333334,83.33333333333334,12,40.0,6,20.0,3,10.0,4,13.333333333333334,0,0.0,5,16.666666666666664
840,True,2.3333333333333335,1.4681810363696826,2.0,2.0,86.66666666666667,90.0,90.0,10,33.33333333333333,10,33.33333333333333,6,20.0,1,3.3333333333333335,0,0.0,3,10.0,2.1333333333333333,1.7650936393164969,1.0,1.75,83.33333333333334,83.33333333333334,86.66666666666667,18,60.0,4,13.333333333333334,3,10.0,0,0.0,1,3.3333333333333335,4,13.333333333333334,2.0,1.4832396974191326,1.0,1.75,86.66666666666667,90.0,93.33333333333333,17,56.666666666666664,5,16.666666666666664,4,13.333333333333334,1,3.3333333333333335,1,3.3333333333333335,2,6.666666666666667,2.1666666666666665,1.6141733350404335,1.0,2.0,80.0,90.0,90.0,16,53.333333333333336,5,16.666666666666664,3,10.0,3,10.0,0,0.0,3,10.0
841,True,2.9,1.468559384794046,3.0,1.0,76.66666666666667,86.66666666666667,86.66666666666667,4,13.333333333333334,10,33.33333333333333,9,30.0,3,10.0,0,0.0,4,13.333333333333334,2.6,1.724335620850342,2.0,3.0,70.0,83.33333333333334,86.66666666666667,10,33.33333333333333,10,33.33333333333333,1,3.3333333333333335,4,13.333333333333334,1,3.3333333333333335,4,13.333333333333334,2.7,1.5947831618540915,2.0,1.0,76.66666666666667,80.0,90.0,7,23.333333333333332,11,36.666666666666664,5,16.666666666666664,1,3.3333333333333335,3,10.0,3,10.0,2.966666666666667,1.5380362660079103,3.0,2.0,63.33333333333333,80.0,93.33333333333333,6,20.0,8,26.666666666666668,5,16.666666666666664,5,16.666666666666664,4,13.333333333333334,2,6.666666666666667
842,True,2.3333333333333335,1.7384539747207062,2.0,2.0,80.0,83.33333333333334,86.66666666666667,14,46.666666666666664,7,23.333333333333332,3,10.0,1,3.3333333333333335,1,3.3333333333333335,4,13.333333333333334,1.8666666666666667,1.4544949486180951,1.0,1.0,83.33333333333334,93.33333333333333,93.33333333333333,19,63.33333333333333,5,16.666666666666664,1,3.3333333333333335,3,10.0,0,0.0,2,6.666666666666667,1.9666666666666666,1.5380362660079103,1.0,1.0,86.66666666666667,90.0,90.0,17,56.666666666666664,7,23.333333333333332,2,6.666666666666667,1,3.3333333333333335,0,0.0,3,10.0,2.1666666666666665,1.5933891203622828,1.0,3.0,70.0,90.0,96.66666666666667,18,60.0,2,6.666666666666667,1,3.3333333333333335,6,20.0,2,6.666666666666667,1,3.3333333333333335
843,True,2.566666666666667,1.5423647068345698,2.0,2.75,73.33333333333333,86.66666666666667,93.33333333333333,10,33.33333333333333,7,23.333333333333332,5,16.666666666666664,4,13.333333333333334,2,6.666666666666667,2,6.666666666666667,2.2666666666666666,1.569146972791976,2.0,2.0,80.0,86.66666666666667,93.33333333333333,14,46.666666666666664,6,20.0,4,13.333333333333334,2,6.666666666666667,2,6.666666666666667,2,6.666666666666667,2.3333333333333335,1.6996731711975948,2.0,2.0,80.0,86.66666666666667,86.66666666666667,14,46.666666666666664,6,20.0,4,13.333333333333334,2,6.666666666666667,0,0.0,4,13.333333333333334,2.8666666666666667,1.9618585292749549,2.0,3.75,66.66666666666666,73.33333333333333,80.0,12,40.0,4,13.333333333333334,4,13.333333333333334,2,6.666666666666667,2,6.666666666666667,6,20.0
844,True,3.2666666666666666,1.6719914938645934,3.5,2.0,50.0,76.66666666666667,86.66666666666667,6,20.0,6,20.0,3,10.0,8,26.666666666666668,3,10.0,4,13.333333333333334,2.7,1.6563010998406458,2.0,3.0,66.66666666666666,80.0,93.33333333333333,10,33.33333333333333,7,23.333333333333332,3,10.0,4,13.333333333333334,4,13.333333333333334,2,6.666666666666667,2.933333333333333,1.730767331432956,3.0,3.0,56.666666666666664,80.0,90.0,10,33.33333333333333,4,13.333333333333334,3,10.0,7,23.333333333333332,3,10.0,3,10.0,3.066666666666667,1.6719914938645934,3.0,2.0,56.666666666666664,76.66666666666667,90.0,7,23.333333333333332,7,23.333333333333332,3,10.0,6,20.0,4,13.333333333333334,3,10.0
845,True,2.2666666666666666,1.1234866364235143,2.0,2.0,83.33333333333334,96.66666666666667,100.0,9,30.0,10,33.33333333333333,6,20.0,4,13.333333333333334,1,3.3333333333333335,0,0.0,2.2333333333333334,1.54236470683457,2.0,2.0,83.33333333333334,90.0,90.0,13,43.333333333333336,8,26.666666666666668,4,13.333333333333334,2,6.666666666666667,0,0.0,3,10.0,2.3333333333333335,1.5776212754932308,2.0,2.0,80.0,90.0,90.0,13,43.333333333333336,6,20.0,5,16.666666666666664,3,10.0,0,0.0,3,10.0,2.4,1.6041612554021285,2.0,2.0,83.33333333333334,86.66666666666667,86.66666666666667,10,33.33333333333333,11,36.666666666666664,4,13.333333333333334,1,3.3333333333333335,0,0.0,4,13.333333333333334
846,True,3.033333333333333,1.5807874268505835,3.0,2.0,70.0,80.0,86.66666666666667,5,16.666666666666664,8,26.666666666666668,8,26.666666666666668,3,10.0,2,6.666666666666667,4,13.333333333333334,2.433333333333333,1.7065234314893605,2.0,2.0,80.0,80.0,90.0,13,43.333333333333336,6,20.0,5,16.666666666666664,0,0.0,3,10.0,3,10.0,2.3,1.3940349110884322,2.0,2.0,90.0,90.0,93.33333333333333,11,36.666666666666664,7,23.333333333333332,9,30.0,0,0.0,1,3.3333333333333335,2,6.666666666666667,2.8333333333333335,1.8454147380888546,2.5,3.0,70.0,76.66666666666667,83.33333333333334,11,36.666666666666664,4,13.333333333333334,6,20.0,2,6.666666666666667,2,6.666666666666667,5,16.666666666666664
847,True,2.6,1.540562667772179,2.0,2.0,76.66666666666667,83.33333333333334,93.33333333333333,9,30.0,8,26.666666666666668,6,20.0,2,6.666666666666667,3,10.0,2,6.666666666666667,2.2,1.6,2.0,1.75,83.33333333333334,86.66666666666667,90.0,14,46.666666666666664,8,26.666666666666668,3,10.0,1,3.3333333333333335,1,3.3333333333333335,3,10.0,2.433333333333333,1.7451520150277897,2.0,2.0,76.66666666666667,83.33333333333334,86.66666666666667,13,43.333333333333336,7,23.333333333333332,3,10.0,2,6.666666666666667,1,3.3333333333333335,4,13.333333333333334,2.1666666666666665,1.3682917167849196,2.0,2.0,86.66666666666667,93.33333333333333,93.33333333333333,12,40.0,9,30.0,5,16.666666666666664,2,6.666666666666667,0,0.0,2,6.666666666666667
848,True,2.466666666666667,1.3597385369580761,2.0,1.75,80.0,93.33333333333333,93.33333333333333,8,26.666666666666668,10,33.33333333333333,6,20.0,4,13.333333333333334,0,0.0,2,6.666666666666667,2.1333333333333333,1.4996295838935991,2.0,1.0,86.66666666666667,90.0,90.0,13,43.333333333333336,10,33.33333333333333,3,10.0,1,3.3333333333333335,0,0.0,3,10.0,2.2666666666666666,1.5477582354991866,2.0,1.75,80.0,90.0,90.0,12,40.0,10,33.33333333333333,2,6.666666666666667,3,10.0,0,0.0,3,10.0,2.4,1.5405626677721789,2.0,2.0,76.66666666666667,86.66666666666667,93.33333333333333,11,36.666666666666664,9,30.0,3,10.0,3,10.0,2,6.666666666666667,2,6.666666666666667
849,True,2.2,0.9092121131323905,2.0,1.75,93.33333333333333,100.0,100.0,8,26.666666666666668,10,33.33333333333333,10,33.33333333333333,2,6.666666666666667,0,0.0,0,0.0,2.2666666666666666,1.6110727964792764,2.0,2.0,83.33333333333334,86.66666666666667,90.0,14,46.666666666666664,6,20.0,5,16.666666666666664,1,3.3333333333333335,1,3.3333333333333335,3,10.0,2.433333333333333,1.7829438827088442,2.0,2.0,80.0,83.33333333333334,83.33333333333334,13,43.333333333333336,7,23.333333333333332,4,13.333333333333334,1,3.3333333333333335,0,0.0,5,16.666666666666664,2.566666666666667,1.5205992970609392,2.0,1.75,80.0,86.66666666666667,90.0,8,26.666666666666668,10,33.33333333333333,6,20.0,2,6.666666666666667,1,3.3333333333333335,3,10.0
850,True,2.6333333333333333,1.5807874268505835,2.0,2.75,73.33333333333333,86.66666666666667,90.0,9,30.0,8,26.666666666666668,5,16.666666666666664,4,13.333333333333334,1,3.3333333333333335,3,10.0,2.1666666666666665,1.4161763857498668,2.0,2.0,83.33333333333334,93.33333333333333,93.33333333333333,13,43.333333333333336,8,26.666666666666668,4,13.333333333333334,3,10.0,0,0.0,2,6.666666666666667,2.566666666666667,1.7259457954666158,2.0,2.0,76.66666666666667,83.33333333333334,86.66666666666667,12,40.0,5,16.666666666666664,6,20.0,2,6.666666666666667,1,3.3333333333333335,4,13.333333333333334,2.566666666666667,1.5849991237291654,2.0,2.0,76.66666666666667,86.66666666666667,90.0,10,33.33333333333333,7,23.333333333333332,6,20.0,3,10.0,1,3.3333333333333335,3,10.0
851,True,3.1666666666666665,1.4395215254459455,3.0,2.0,53.333333333333336,83.33333333333334,93.33333333333333,4,13.333333333333334,8,26.666666666666668,4,13.333333333333334,9,30.0,3,10.0,2,6.666666666666667,2.7333333333333334,1.671991493864594,2.0,3.0,66.66666666666666,83.33333333333334,90.0,10,33.33333333333333,6,20.0,4,13.333333333333334,5,16.666666666666664,2,6.666666666666667,3,10.0,2.9,1.7578395831246945,2.0,2.75,66.66666666666666,80.0,83.33333333333334,8,26.666666666666668,8,26.666666666666668,4,13.333333333333334,4,13.333333333333334,1,3.3333333333333335,5,16.666666666666664,2.966666666666667,1.8162843634433705,2.5,3.0,63.33333333333333,76.66666666666667,83.33333333333334,9,30.0,6,20.0,4,13.333333333333334,4,13.333333333333334,2,6.666666666666667,5,16.666666666666664
852,True,3.0,1.632993161855452,3.0,2.0,66.66666666666666,76.66666666666667,90.0,7,23.333333333333332,6,20.0,7,23.333333333333332,3,10.0,4,13.333333333333334,3,10.0,2.433333333333333,1.6669999666733315,2.0,2.75,73.33333333333333,83.33333333333334,93.33333333333333,14,46.666666666666664,4,13.333333333333334,4,13.333333333333334,3,10.0,3,10.0,2,6.666666666666667,2.566666666666667,1.7451520150277897,2.0,2.75,73.33333333333333,80.0,90.0,13,43.333333333333336,4,13.333333333333334,5,16.666666666666664,2,6.666666666666667,3,10.0,3,10.0,2.6333333333333333,1.7603661235347856,2.0,3.0,70.0,80.0,90.0,13,43.333333333333336,3,10.0,5,16.666666666666664,3,10.0,3,10.0,3,10.0
853,True,3.4,1.5832456116050557,3.0,2.75,56.666666666666664,73.33333333333333,83.33333333333334,2,6.666666666666667,10,33.33333333333333,5,16.666666666666664,5,16.666666666666664,3,10.0,5,16.666666666666664,2.433333333333333,1.5423647068345698,2.0,2.0,76.66666666666667,86.66666666666667,93.33333333333333,11,36.666666666666664,8,26.666666666666668,4,13.333333333333334,3,10.0,2,6.666666666666667,2,6.666666666666667,2.8333333333333335,1.8811934746029946,2.0,3.0,66.66666666666666,80.0,80.0,11,36.666666666666664,5,16.666666666666664,4,13.333333333333334,4,13.333333333333334,0,0.0,6,20.0,2.9,1.7194960502038574,2.0,2.75,63.33333333333333,80.0,86.66666666666667,8,26.666666666666668,8,26.666666666666668,3,10.0,5,16.666666666666664,2,6.666666666666667,4,13.333333333333334
854,True,2.533333333333333,1.4079141387961918,2.0,2.75,73.33333333333333,90.0,96.66666666666667,9,30.0,8,26.666666666666668,5,16.666666666666664,5,16.666666666666664,2,6.666666666666667,1,3.3333333333333335,2.3666666666666667,1.74132771821453,1.5,2.75,73.33333333333333,83.33333333333334,90.0,15,50.0,5,16.666666666666664,2,6.666666666666667,3,10.0,2,6.666666666666667,3,10.0,2.5,1.7272328544042153,2.0,3.0,70.0,83.33333333333334,90.0,13,43.333333333333336,6,20.0,2,6.666666666666667,4,13.333333333333334,2,6.666666666666667,3,10.0,2.6,1.7435595774162693,2.0,3.0,70.0,80.0,90.0,12,40.0,6,20.0,3,10.0,3,10.0,3,10.0,3,10.0
855,True,3.066666666666667,1.4590712418826193,3.0,2.0,63.33333333333333,86.66666666666667,90.0,5,16.666666666666664,6,20.0,8,26.666666666666668,7,23.333333333333332,1,3.3333333333333335,3,10.0,2.7,1.676305461424021,2.0,3.0,70.0,86.66666666666667,86.66666666666667,10,33.33333333333333,6,20.0,5,16.666666666666664,5,16.666666666666664,0,0.0,4,13.333333333333334,3.0,1.9148542155126762,2.5,3.75,63.33333333333333,73.33333333333333,80.0,10,33.33333333333333,5,16.666666666666664,4,13.333333333333334,3,10.0,2,6.666666666666667,6,20.0,3.1666666666666665,1.7336538165261124,3.0,2.0,60.0,76.66666666666667,83.33333333333334,7,23.333333333333332,5,16.666666666666664,6,20.0,5,16.666666666666664,2,6.666666666666667,5,16.666666666666664
856,True,2.7,1.242309676905615,3.0,1.0,80.0,90.0,96.66666666666667,5,16.666666666666664,9,30.0,10,33.33333333333333,3,10.0,2,6.666666666666667,1,3.3333333333333335,2.1333333333333333,1.4772346537440226,1.5,2.0,86.66666666666667,90.0,93.33333333333333,15,50.0,5,16.666666666666664,6,20.0,1,3.3333333333333335,1,3.3333333333333335,2,6.666666666666667,2.4,1.781385228784985,2.0,2.0,83.33333333333334,83.33333333333334,83.33333333333334,14,46.666666666666664,5,16.666666666666664,6,20.0,0,0.0,0,0.0,5,16.666666666666664,2.2666666666666666,1.5477582354991866,2.0,2.0,83.33333333333334,86.66666666666667,93.33333333333333,14,46.666666666666664,5,16.666666666666664,6,20.0,1,3.3333333333333335,2,6.666666666666667,2,6.666666666666667
857,True,3.0,1.6931233465600393,3.0,2.75,63.33333333333333,80.0,86.66666666666667,8,26.666666666666668,5,16.666666666666664,6,20.0,5,16.666666666666664,2,6.666666666666667,4,13.333333333333334,2.1666666666666665,1.5723301886761007,1.0,2.0,76.66666666666667,90.0,93.33333333333333,16,53.333333333333336,5,16.666666666666664,2,6.666666666666667,4,13.333333333333334,1,3.3333333333333335,2,6.666666666666667,2.2333333333333334,1.5205992970609392,2.0,2.0,80.0,90.0,93.33333333333333,14,46.666666666666664,6,20.0,4,13.333333333333334,3,10.0,1,3.3333333333333335,2,6.666666666666667,2.566666666666667,1.7451520150277897,2.0,3.0,70.0,86.66666666666667,86.66666666666667,13,43.333333333333336,4,13.333333333333334,4,13.333333333333334,5,16.666666666666664,0,0.0,4,13.333333333333334
858,True,2.8666666666666667,1.586050300449376,3.0,2.75,70.0,83.33333333333334,90.0,8,26.666666666666668,5,16.666666666666664,8,26.666666666666668,4,13.333333333333334,2,6.666666666666667,3,10.0,2.466666666666667,1.839081896551163,1.5,2.75,73.33333333333333,80.0,86.66666666666667,15,50.0,4,13.333333333333334,3,10.0,2,6.666666666666667,2,6.666666666666667,4,13.333333333333334,2.466666666666667,1.746106780494506,2.0,2.0,76.66666666666667,83.33333333333334,86.66666666666667,13,43.333333333333336,6,20.0,4,13.333333333333334,2,6.666666666666667,1,3.3333333333333335,4,13.333333333333334,2.7,1.8284784202536637,2.0,3.0,70.0,76.66666666666667,86.66666666666667,12,40.0,5,16.666666666666664,4,13.333333333333334,2,6.666666666666667,3,10.0,4,13.333333333333334
859,True,3.3333333333333335,1.4452988925785868,3.0,2.0,53.333333333333336,76.66666666666667,93.33333333333333,4,13.333333333333334,5,16.666666666666664,7,23.333333333333332,7,23.333333333333332,5,16.666666666666664,2,6.666666666666667,2.7,1.7540429489230491,2.0,3.0,70.0,83.33333333333334,83.33333333333334,9,30.0,10,33.33333333333333,2,6.666666666666667,4,13.333333333333334,0,0.0,5,16.666666666666664,2.8,1.6206994374857624,2.0,2.75,66.66666666666666,83.33333333333334,90.0,8,26.666666666666668,8,26.666666666666668,4,13.333333333333334,5,16.666666666666664,2,6.666666666666667,3,10.0,2.9,1.57797338380595,3.0,2.75,56.666666666666664,90.0,90.0,8,26.666666666666668,6,20.0,3,10.0,10,33.33333333333333,0,0.0,3,10.0
860,True,2.6333333333333333,1.4940623220676648,2.0,1.75,76.66666666666667,90.0,90.0,8,26.666666666666668,8,26.666666666666668,7,23.333333333333332,4,13.333333333333334,0,0.0,3,10.0,2.3666666666666667,1.5807874268505835,2.0,2.0,83.33333333333334,86.66666666666667,90.0,12,40.0,7,23.333333333333332,6,20.0,1,3.3333333333333335,1,3.3333333333333335,3,10.0,2.533333333333333,1.7269111795984826,2.0,2.0,76.66666666666667,83.33333333333334,86.66666666666667,12,40.0,6,20.0,5,16.666666666666664,2,6.666666666666667,1,3.3333333333333335,4,13.333333333333334,2.6,1.6451950239004087,2.0,2.0,76.66666666666667,86.66666666666667,86.66666666666667,10,33.33333333333333,7,23.333333333333332,6,20.0,3,10.0,0,0.0,4,13.333333333333334
861,True,2.933333333333333,1.6719914938645934,3.0,3.0,66.66666666666666,83.33333333333334,86.66666666666667,9,30.0,3,10.0,8,26.666666666666668,5,16.666666666666664,1,3.3333333333333335,4,13.333333333333334,2.2,1.6206994374857624,1.5,2.0,83.33333333333334,86.66666666666667,90.0,15,50.0,6,20.0,4,13.333333333333334,1,3.3333333333333335,1,3.3333333333333335,3,10.0,2.3,1.6360521589077368,2.0,2.0,80.0,86.66666666666667,90.0,14,46.666666666666664,6,20.0,4,13.333333333333334,2,6.666666666666667,1,3.3333333333333335,3,10.0,2.7,1.9000000000000001,2.0,2.0,76.66666666666667,76.66666666666667,80.0,12,40.0,5,16.666666666666664,6,20.0,0,0.0,1,3.3333333333333335,6,20.0
862,True,2.3,1.0999999999999999,2.0,2.0,80.0,100.0,100.0,9,30.0,9,30.0,6,20.0,6,20.0,0,0.0,0,0.0,2.2333333333333334,1.6669999666733317,1.5,1.75,76.66666666666667,86.66666666666667,90.0,15,50.0,7,23.333333333333332,1,3.3333333333333335,3,10.0,1,3.3333333333333335,3,10.0,2.3,1.676305461424021,2.0,2.0,80.0,83.33333333333334,90.0,14,46.666666666666664,7,23.333333333333332,3,10.0,1,3.3333333333333335,2,6.666666666666667,3,10.0,2.933333333333333,1.7876116903722563,2.0,2.75,66.66666666666666,76.66666666666667,83.33333333333334,8,26.666666666666668,8,26.666666666666668,4,13.333333333333334,3,10.0,2,6.666666666666667,5,16.666666666666664
863,True,3.1333333333333333,1.3597385369580761,3.0,2.0,60.0,86.66666666666667,93.33333333333333,4,13.333333333333334,6,20.0,8,26.666666666666668,8,26.666666666666668,2,6.666666666666667,2,6.666666666666667,2.5,1.5652475842498528,2.0,2.75,73.33333333333333,86.66666666666667,93.33333333333333,11,36.666666666666664,7,23.333333333333332,4,13.333333333333334,4,13.333333333333334,2,6.666666666666667,2,6.666666666666667,2.8333333333333335,1.9163043135739746,2.0,3.0,66.66666666666666,76.66666666666667,80.0,11,36.666666666666664,6,20.0,3,10.0,3,10.0,1,3.3333333333333335,6,20.0,2.966666666666667,1.5595583420386114,3.0,2.0,60.0,86.66666666666667,90.0,7,23.333333333333332,6,20.0,5,16.666666666666664,8,26.666666666666668,1,3.3333333333333335,3,10.0
864,True,2.566666666666667,1.2827920936595902,2.0,1.0,80.0,90.0,96.66666666666667,6,20.0,11,36.666666666666664,7,23.333333333333332,3,10.0,2,6.666666666666667,1,3.3333333333333335,2.3666666666666667,1.5380362660079103,2.0,2.0,83.33333333333334,86.66666666666667,90.0,10,33.33333333333333,11,36.666666666666664,4,13.333333333333334,1,3.3333333333333335,1,3.3333333333333335,3,10.0,2.6,1.7243356208503418,2.0,2.0,76.66666666666667,80.0,86.66666666666667,10,33.33333333333333,9,30.0,4,13.333333333333334,1,3.3333333333333335,2,6.666666666666667,4,13.333333333333334,2.4,1.5187714333192688,2.0,2.0,83.33333333333334,86.66666666666667,90.0,9,30.0,12,40.0,4,13.333333333333334,1,3.3333333333333335,1,3.3333333333333335,3,10.0
865,True,3.1333333333333333,1.4313940369055926,3.0,2.0,70.0,80.0,90.0,3,10.0,8,26.666666666666668,10,33.33333333333333,3,10.0,3,10.0,3,10.0,2.7333333333333334,1.6519348924485155,2.0,2.75,73.33333333333333,80.0,90.0,9,30.0,7,23.333333333333332,6,20.0,2,6.666666666666667,3,10.0,3,10.0,3.0,1.8618986725025255,2.5,4.0,66.66666666666666,70.0,83.33333333333334,9,30.0,6,20.0,5,16.666666666666664,1,3.3333333333333335,4,13.333333333333334,5,16.666666666666664,2.966666666666667,1.4255603186895396,2.5,2.0,70.0,80.0,93.33333333333333,3,10.0,12,40.0,6,20.0,3,10.0,4,13.333333333333334,2,6.666666666666667
866,True,2.6333333333333333,1.601735170231195,2.0,3.0,70.0,86.66666666666667,90.0,9,30.0,9,30.0,3,10.0,5,16.666666666666664,1,3.3333333333333335,3,10.0,2.2333333333333334,1.5849991237291654,2.0,1.75,83.33333333333334,86.66666666666667,90.0,13,43.333333333333336,9,30.0,3,10.0,1,3.3333333333333335,1,3.3333333333333335,3,10.0,2.533333333333333,1.8208667044996885,2.0,2.0,76.66666666666667,80.0,83.33333333333334,12,40.0,8,26.666666666666668,3,10.0,1,3.3333333333333335,1,3.3333333333333335,5,16.666666666666664,2.566666666666667,1.6265163865007801,2.0,2.0,76.66666666666667,83.33333333333334,90.0,10,33.33333333333333,8,26.666666666666668,5,16.666666666666664,2,6.666666666666667,2,6.666666666666667,3,10.0
867,True,2.933333333333333,1.5477582354991866,3.0,1.75,73.33333333333333,80.0,90.0,6,20.0,7,23.333333333333332,9,30.0,2,6.666666666666667,3,10.0,3,10.0,2.6333333333333333,1.9232495649002208,2.0,3.0,70.0,76.66666666666667,83.33333333333334,14,46.666666666666664,4,13.333333333333334,3,10.0,2,6.666666666666667,2,6.666666666666667,5,16.666666666666664,2.7,1.846618531261939,2.0,3.5,73.33333333333333,73.33333333333333,86.66666666666667,12,40.0,5,16.666666666666664,5,16.666666666666664,0,0.0,4,13.333333333333334,4,13.333333333333334,2.7666666666666666,1.7065234314893605,2.0,2.75,73.33333333333333,80.0,86.66666666666667,9,30.0,7,23.333333333333332,6,20.0,2,6.666666666666667,2,6.666666666666667,4,13.333333333333334
868,True,2.466666666666667,1.4996295838935991,2.0,2.0,80.0,90.0,90.0,9,30.0,10,33.33333333333333,5,16.666666666666664,3,10.0,0,0.0,3,10.0,2.1,1.3988090172238192,2.0,2.0,86.66666666666667,93.33333333333333,93.33333333333333,14,46.666666666666664,7,23.333333333333332,5,16.666666666666664,2,6.666666666666667,0,0.0,2,6.666666666666667,2.2666666666666666,1.569146972791976,2.0,2.0,83.33333333333334,90.0,90.0,14,46.666666666666664,5,16.666666666666664,6,20.0,2,6.666666666666667,0,0.0,3,10.0,2.5,1.6683325008322931,2.0,2.0,80.0,86.66666666666667,86.66666666666667,12,40.0,5,16.666666666666664,7,23.333333333333332,2,6.666666666666667,0,0.0,4,13.333333333333334
869,True,2.6333333333333333,1.4019827229875395,3.0,2.0,76.66666666666667,93.33333333333333,93.33333333333333,9,30.0,4,13.333333333333334,10,33.33333333333333,5,16.666666666666664,0,0.0,2,6.666666666666667,2.433333333333333,1.5205992970609392,2.0,2.0,76.66666666666667,90.0,93.33333333333333,12,40.0,5,16.666666666666664,6,20.0,4,13.333333333333334,1,3.3333333333333335,2,6.666666666666667,2.6666666666666665,1.7191729277636836,2.0,2.75,73.33333333333333,83.33333333333334,86.66666666666667,11,36.666666666666664,5,16.666666666666664,6,20.0,3,10.0,1,3.3333333333333335,4,13.333333333333334,2.466666666666667,1.2578641509408806,3.0,2.0,80.0,93.33333333333333,100.0,10,33.33333333333333,4,13.333333333333334,10,33.33333333333333,4,13.333333333333334,2,6.666666666666667,0,0.0
870,True,2.6333333333333333,1.5162087220725546,2.0,1.75,80.0,86.66666666666667,90.0,8,26.666666666666668,8,26.666666666666668,8,26.666666666666668,2,6.666666666666667,1,3.3333333333333335,3,10.0,2.3,1.5307950004273378,2.0,2.0,83.33333333333334,90.0,90.0,12,40.0,8,26.666666666666668,5,16.666666666666664,2,6.666666666666667,0,0.0,3,10.0,2.433333333333333,1.4985177861992682,2.0,2.0,76.66666666666667,90.0,93.33333333333333,11,36.666666666666664,7,23.333333333333332,5,16.666666666666664,4,13.333333333333334,1,3.3333333333333335,2,6.666666666666667,2.7333333333333334,1.7876116903722563,2.0,2.75,73.33333333333333,80.0,83.33333333333334,10,33.33333333333333,7,23.333333333333332,5,16.666666666666664,2,6.666666666666667,1,3.3333333333333335,5,16.666666666666664
871,True,2.6333333333333333,1.6017351702311948,3.0,3.0,70.0,86.66666666666667,93.33333333333333,12,40.0,2,6.666666666666667,7,23.333333333333332,5,16.666666666666664,2,6.666666666666667,2,6.666666666666667,2.1666666666666665,1.5293426329272617,1.0,2.0,80.0,86.66666666666667,96.66666666666667,16,53.333333333333336,4,13.333333333333334,4,13.333333333333334,2,6.666666666666667,3,10.0,1,3.3333333333333335,2.2666666666666666,1.590248058916875,1.5,2.0,76.66666666666667,83.33333333333334,96.66666666666667,15,50.0,5,16.666666666666664,3,10.0,2,6.666666666666667,4,13.333333333333334,1,3.3333333333333335,2.4,1.624807680927192,2.0,2.0,80.0,86.66666666666667,90.0,13,43.333333333333336,5,16.666666666666664,6,20.0,2,6.666666666666667,1,3.3333333333333335,3,10.0
872,True,2.533333333333333,1.564892612574067,2.0,2.75,73.33333333333333,86.66666666666667,93.33333333333333,11,36.666666666666664,6,20.0,5,16.666666666666664,4,13.333333333333334,2,6.666666666666667,2,6.666666666666667,2.1666666666666665,1.6346933113652304,1.0,2.0,80.0,80.0,96.66666666666667,17,56.666666666666664,4,13.333333333333334,3,10.0,0,0.0,5,16.666666666666664,1,3.3333333333333335,2.3333333333333335,1.86785676348292,1.0,2.0,80.0,80.0,83.33333333333334,16,53.333333333333336,5,16.666666666666664,3,10.0,0,0.0,1,3.3333333333333335,5,16.666666666666664,2.4,1.6041612554021285,2.0,2.0,76.66666666666667,80.0,96.66666666666667,13,43.333333333333336,6,20.0,4,13.333333333333334,1,3.3333333333333335,5,16.666666666666664,1,3.3333333333333335
873,True,2.6,1.2274635093014648,2.5,1.0,80.0,93.33333333333333,96.66666666666667,6,20.0,9,30.0,9,30.0,4,13.333333333333334,1,3.3333333333333335,1,3.3333333333333335,2.433333333333333,1.5638272140986533,2.0,2.0,83.33333333333334,86.66666666666667,90.0,11,36.666666666666664,7,23.333333333333332,7,23.333333333333332,1,3.3333333333333335,1,3.3333333333333335,3,10.0,2.466666666666667,1.4772346537440226,2.0,2.75,73.33333333333333,93.33333333333333,93.33333333333333,11,36.666666666666664,6,20.0,5,16.666666666666664,6,20.0,0,0.0,2,6.666666666666667,2.7333333333333334,1.590248058916875,2.0,2.5,73.33333333333333,83.33333333333334,90.0,8,26.666666666666668,8,26.666666666666668,6,20.0,3,10.0,2,6.666666666666667,3,10.0
874,True,2.533333333333333,1.3349989596333858,2.0,2.75,73.33333333333333,90.0,100.0,9,30.0,7,23.333333333333332,6,20.0,5,16.666666666666664,3,10.0,0,0.0,2.033333333333333,1.6629959577688562,1.0,1.0,80.0,86.66666666666667,90.0,18,60.0,6,20.0,0,0.0,2,6.666666666666667,1,3.3333333333333335,3,10.0,2.3333333333333335,1.8678567634829202,1.0,3.0,70.0,83.33333333333334,86.66666666666667,18,60.0,2,6.666666666666667,1,3.3333333333333335,4,13.333333333333334,1,3.3333333333333335,4,13.333333333333334,2.6333333333333333,1.8345450541089348,2.0,3.0,70.0,76.66666666666667,86.66666666666667,12,40.0,7,23.333333333333332,2,6.666666666666667,2,6.666666666666667,3,10.0,4,13.333333333333334
875,True,3.0,1.5491933384829668,2.0,2.0,70.0,80.0,86.66666666666667,3,10.0,13,43.333333333333336,5,16.666666666666664,3,10.0,2,6.666666666666667,4,13.333333333333334,2.566666666666667,1.8381754238616315,2.0,2.75,73.33333333333333,80.0,83.33333333333334,12,40.0,8,26.666666666666668,2,6.666666666666667,2,6.666666666666667,1,3.3333333333333335,5,16.666666666666664,2.7,1.9519221295943137,2.0,2.75,73.33333333333333,76.66666666666667,76.66666666666667,11,36.666666666666664,9,30.0,2,6.666666666666667,1,3.3333333333333335,0,0.0,7,23.333333333333332,2.7333333333333334,1.5902480589168748,3.0,3.0,70.0,83.33333333333334,93.33333333333333,10,33.33333333333333,4,13.333333333333334,7,23.333333333333332,4,13.333333333333334,3,10.0,2,6.666666666666667
876,True,2.566666666666667,1.5849991237291654,2.0,3.0,70.0,86.66666666666667,93.33333333333333,11,36.666666666666664,6,20.0,4,13.333333333333334,5,16.666666666666664,2,6.666666666666667,2,6.666666666666667,2.3333333333333335,1.679947089113887,1.5,2.0,76.66666666666667,86.66666666666667,90.0,15,50.0,4,13.333333333333334,4,13.333333333333334,3,10.0,1,3.3333333333333335,3,10.0,2.6666666666666665,2.00554786086551,1.5,3.0,66.66666666666666,76.66666666666667,80.0,15,50.0,3,10.0,2,6.666666666666667,3,10.0,1,3.3333333333333335,6,20.0,2.566666666666667,1.7641491496532322,2.0,3.0,70.0,80.0,90.0,13,43.333333333333336,5,16.666666666666664,3,10.0,3,10.0,3,10.0,3,10.0
877,True,3.033333333333333,1.27758452644912,3.0,2.0,63.33333333333333,93.33333333333333,93.33333333333333,4,13.333333333333334,6,20.0,9,30.0,9,30.0,0,0.0,2,6.666666666666667,2.533333333333333,1.746106780494506,2.0,2.75,73.33333333333333,80.0,90.0,13,43.333333333333336,5,16.666666666666664,4,13.333333333333334,2,6.666666666666667,3,10.0,3,10.0,2.6,1.7625738755203049,2.0,2.0,76.66666666666667,80.0,86.66666666666667,12,40.0,5,16.666666666666664,6,20.0,1,3.3333333333333335,2,6.666666666666667,4,13.333333333333334,2.8666666666666667,1.7074997966487597,3.0,3.0,66.66666666666666,83.33333333333334,86.66666666666667,10,33.33333333333333,3,10.0,7,23.333333333333332,5,16.666666666666664,1,3.3333333333333335,4,13.333333333333334
878,True,2.7333333333333334,1.4817407180595246,2.0,2.0,70.0,86.66666666666667,93.33333333333333,7,23.333333333333332,9,30.0,5,16.666666666666664,5,16.666666666666664,2,6.666666666666667,2,6.666666666666667,2.5,1.8393839548428526,2.0,2.75,73.33333333333333,83.33333333333334,83.33333333333334,14,46.666666666666664,5,16.666666666666664,3,10.0,3,10.0,0,0.0,5,16.666666666666664,2.466666666666667,1.564892612574067,2.0,2.75,73.33333333333333,86.66666666666667,93.33333333333333,11,36.666666666666664,8,26.666666666666668,3,10.0,4,13.333333333333334,2,6.666666666666667,2,6.666666666666667,2.9,1.8321208111548395,2.0,3.0,66.66666666666666,80.0,80.0,9,30.0,7,23.333333333333332,4,13.333333333333334,4,13.333333333333334,0,0.0,6,20.0
879,True,2.7666666666666666,1.5205992970609392,3.0,1.75,76.66666666666667,86.66666666666667,90.0,8,26.666666666666668,5,16.666666666666664,10,33.33333333333333,3,10.0,1,3.3333333333333335,3,10.0,2.4,1.7435595774162693,2.0,2.0,80.0,83.33333333333334,86.66666666666667,14,46.666666666666664,5,16.666666666666664,5,16.666666666666664,1,3.3333333333333335,1,3.3333333333333335,4,13.333333333333334,2.7,1.8645821694595996,2.0,2.0,76.66666666666667,80.0,80.0,12,40.0,4,13.333333333333334,7,23.333333333333332,1,3.3333333333333335,0,0.0,6,20.0,2.6333333333333333,1.6224124698183942,2.5,2.75,73.33333333333333,86.66666666666667,90.0,11,36.666666666666664,4,13.333333333333334,7,23.333333333333332,4,13.333333333333334,1,3.3333333333333335,3,10.0
880,True,2.8666666666666667,1.6478942792411033,2.5,1.75,73.33333333333333,80.0,86.66666666666667,7,23.333333333333332,8,26.666666666666668,7,23.333333333333332,2,6.666666666666667,2,6.666666666666667,4,13.333333333333334,2.3,1.636052158907737,2.0,2.0,76.66666666666667,83.33333333333334,93.33333333333333,14,46.666666666666664,7,23.333333333333332,2,6.666666666666667,2,6.666666666666667,3,10.0,2,6.666666666666667,2.566666666666667,1.7641491496532322,2.0,2.75,73.33333333333333,76.66666666666667,90.0,12,40.0,7,23.333333333333332,3,10.0,1,3.3333333333333335,4,13.333333333333334,3,10.0,2.6,1.7048949136725895,2.0,3.0,66.66666666666666,83.33333333333334,90.0,11,36.666666666666664,8,26.666666666666668,1,3.3333333333333335,5,16.666666666666664,2,6.666666666666667,3,10.0
881,True,2.9,1.468559384794046,3.0,2.0,70.0,83.33333333333334,93.33333333333333,6,20.0,7,23.333333333333332,8,26.666666666666668,4,13.333333333333334,3,10.0,2,6.666666666666667,2.3666666666666667,1.5162087220725546,2.0,2.0,80.0,86.66666666666667,93.33333333333333,11,36.666666666666664,9,30.0,4,13.333333333333334,2,6.666666666666667,2,6.666666666666667,2,6.666666666666667,2.433333333333333,1.5638272140986536,2.0,2.0,80.0,86.66666666666667,90.0,10,33.33333333333333,10,33.33333333333333,4,13.333333333333334,2,6.666666666666667,1,3.3333333333333335,3,10.0,2.6333333333333333,1.5807874268505835,2.0,1.75,76.66666666666667,83.33333333333334,90.0,8,26.666666666666668,10,33.33333333333333,5,16.666666666666664,2,6.666666666666667,2,6.666666666666667,3,10.0
882,True,2.6,1.5187714333192688,2.0,1.75,80.0,86.66666666666667,90.0,8,26.666666666666668,9,30.0,7,23.333333333333332,2,6.666666666666667,1,3.3333333333333335,3,10.0,2.4,1.7625738755203049,2.0,2.0,76.66666666666667,83.33333333333334,86.66666666666667,14,46.666666666666664,6,20.0,3,10.0,2,6.666666666666667,1,3.3333333333333335,4,13.333333333333334,2.2666666666666666,1.4126413400278062,2.0,2.0,83.33333333333334,93.33333333333333,93.33333333333333,12,40.0,7,23.333333333333332,6,20.0,3,10.0,0,0.0,2,6.666666666666667,2.4,1.4047538337136984,2.0,2.0,80.0,93.33333333333333,93.33333333333333,10,33.33333333333333,8,26.666666666666668,6,20.0,4,13.333333333333334,0,0.0,2,6.666666666666667
883,True,3.033333333333333,1.0796089827134432,3.0,1.75,70.0,90.0,100.0,3,10.0,5,16.666666666666664,13,43.333333333333336,6,20.0,3,10.0,0,0.0,2.6333333333333333,1.682920741515245,2.0,2.75,73.33333333333333,80.0,90.0,10,33.33333333333333,8,26.666666666666668,4,13.333333333333334,2,6.666666666666667,3,10.0,3,10.0,2.8,1.7776388834631178,2.0,3.0,70.0,80.0,83.33333333333334,9,30.0,8,26.666666666666668,4,13.333333333333334,3,10.0,1,3.3333333333333335,5,16.666666666666664,3.2333333333333334,1.7259457954666155,3.0,3.0,60.0,70.0,86.66666666666667,7,23.333333333333332,4,13.333333333333334,7,23.333333333333332,3,10.0,5,16.666666666666664,4,13.333333333333334
884,True,2.566666666666667,1.6468825769380837,2.0,2.0,80.0,86.66666666666667,86.66666666666667,11,36.666666666666664,5,16.666666666666664,8,26.666666666666668,2,6.666666666666667,0,0.0,4,13.333333333333334,2.2333333333333334,1.4761059883656353,2.0,2.0,83.33333333333334,90.0,93.33333333333333,13,43.333333333333336,7,23.333333333333332,5,16.666666666666664,2,6.666666666666667,1,3.3333333333333335,2,6.666666666666667,2.533333333333333,1.6069294390925266,2.0,2.0,76.66666666666667,83.33333333333334,90.0,9,30.0,11,36.666666666666664,3,10.0,2,6.666666666666667,2,6.666666666666667,3,10.0,2.433333333333333,1.498517786199268,2.0,2.0,76.66666666666667,90.0,93.33333333333333,11,36.666666666666664,7,23.333333333333332,5,16.666666666666664,4,13.333333333333334,1,3.3333333333333335,2,6.666666666666667
885,True,2.6,1.451436070471816,2.0,1.0,80.0,90.0,90.0,7,23.333333333333332,10,33.33333333333333,7,23.333333333333332,3,10.0,0,0.0,3,10.0,2.3,1.5524174696260025,2.0,2.0,80.0,86.66666666666667,93.33333333333333,13,43.333333333333336,7,23.333333333333332,4,13.333333333333334,2,6.666666666666667,2,6.666666666666667,2,6.666666666666667,2.566666666666667,1.8381754238616317,2.0,2.75,73.33333333333333,80.0,83.33333333333334,12,40.0,8,26.666666666666668,2,6.666666666666667,2,6.666666666666667,1,3.3333333333333335,5,16.666666666666664,2.6333333333333333,1.4019827229875395,2.5,1.0,83.33333333333334,86.66666666666667,93.33333333333333,7,23.333333333333332,8,26.666666666666668,10,33.33333333333333,1,3.3333333333333335,2,6.666666666666667,2,6.666666666666667
886,True,2.6333333333333333,1.4255603186895398,2.0,1.0,76.66666666666667,90.0,90.0,5,16.666666666666664,14,46.666666666666664,4,13.333333333333334,4,13.333333333333334,0,0.0,3,10.0,2.5,1.857417562100671,1.5,3.0,70.0,80.0,86.66666666666667,15,50.0,4,13.333333333333334,2,6.666666666666667,3,10.0,2,6.666666666666667,4,13.333333333333334,2.533333333333333,1.874981481390031,1.5,3.0,66.66666666666666,80.0,86.66666666666667,15,50.0,4,13.333333333333334,1,3.3333333333333335,4,13.333333333333334,2,6.666666666666667,4,13.333333333333334,2.7333333333333334,1.8061622912192088,2.0,3.0,66.66666666666666,76.66666666666667,86.66666666666667,10,33.33333333333333,9,30.0,1,3.3333333333333335,3,10.0,3,10.0,4,13.333333333333334
887,True,2.7333333333333334,1.4817407180595246,2.5,1.75,73.33333333333333,90.0,90.0,7,23.333333333333332,8,26.666666666666668,7,23.333333333333332,5,16.666666666666664,0,0.0,3,10.0,2.2333333333333334,1.4302291968616625,2.0,2.0,83.33333333333334,93.33333333333333,93.33333333333333,13,43.333333333333336,6,20.0,6,20.0,3,10.0,0,0.0,2,6.666666666666667,2.466666666666667,1.7269111795984826,2.0,2.0,76.66666666666667,80.0,90.0,13,43.333333333333336,6,20.0,4,13.333333333333334,1,3.3333333333333335,3,10.0,3,10.0,2.3333333333333335,1.247219128924647,2.0,2.0,86.66666666666667,93.33333333333333,96.66666666666667,9,30.0,9,30.0,8,26.666666666666668,2,6.666666666666667,1,3.3333333333333335,1,3.3333333333333335
888,True,2.2666666666666666,1.4817407180595246,2.0,2.0,83.33333333333334,86.66666666666667,96.66666666666667,14,46.666666666666664,4,13.333333333333334,7,23.333333333333332,1,3.3333333333333335,3,10.0,1,3.3333333333333335,2.033333333333333,1.5162087220725546,1.0,2.0,86.66666666666667,90.0,93.33333333333333,18,60.0,2,6.666666666666667,6,20.0,1,3.3333333333333335,1,3.3333333333333335,2,6.666666666666667,2.2,1.7587874611030558,1.0,2.0,80.0,86.66666666666667,86.66666666666667,18,60.0,2,6.666666666666667,4,13.333333333333334,2,6.666666666666667,0,0.0,4,13.333333333333334,2.533333333333333,1.978776277287444,1.0,3.0,70.0,76.66666666666667,83.33333333333334,17,56.666666666666664,1,3.3333333333333335,3,10.0,2,6.666666666666667,2,6.666666666666667,5,16.666666666666664
889,True,2.6333333333333333,1.3780017739062924,2.0,1.0,83.33333333333334,90.0,90.0,5,16.666666666666664,12,40.0,8,26.666666666666668,2,6.666666666666667,0,0.0,3,10.0,2.3,1.4866068747318506,2.0,2.0,83.33333333333334,86.66666666666667,93.33333333333333,11,36.666666666666664,10,33.33333333333333,4,13.333333333333334,1,3.3333333333333335,2,6.666666666666667,2,6.666666666666667,2.5,1.6072751268321592,2.0,2.0,80.0,83.33333333333334,90.0,10,33.33333333333333,9,30.0,5,16.666666666666664,1,3.3333333333333335,2,6.666666666666667,3,10.0,2.533333333333333,1.6069294390925266,2.0,2.0,80.0,83.33333333333334,90.0,10,33.33333333333333,8,26.666666666666668,6,20.0,1,3.3333333333333335,2,6.666666666666667,3,10.0
890,True,2.8333333333333335,1.3924399049470282,3.0,2.0,70.0,90.0,93.33333333333333,6,20.0,7,23.333333333333332,8,26.666666666666668,6,20.0,1,3.3333333333333335,2,6.666666666666667,2.4,1.6041612554021285,2.0,2.75,73.33333333333333,86.66666666666667,93.33333333333333,13,43.333333333333336,6,20.0,3,10.0,4,13.333333333333334,2,6.666666666666667,2,6.666666666666667,2.6333333333333333,1.7413277182145301,2.0,3.0,70.0,83.33333333333334,86.66666666666667,11,36.666666666666664,7,23.333333333333332,3,10.0,4,13.333333333333334,1,3.3333333333333335,4,13.333333333333334,2.8333333333333335,1.8454147380888546,2.0,3.0,70.0,80.0,80.0,10,33.33333333333333,6,20.0,5,16.666666666666664,3,10.0,0,0.0,6,20.0
891,True,2.8333333333333335,1.5509853498842454,3.0,1.0,76.66666666666667,86.66666666666667,86.66666666666667,7,23.333333333333332,6,20.0,10,33.33333333333333,3,10.0,0,0.0,4,13.333333333333334,2.5,1.4776106839534333,2.5,2.0,80.0,90.0,93.33333333333333,11,36.666666666666664,4,13.333333333333334,9,30.0,3,10.0,1,3.3333333333333335,2,6.666666666666667,2.7666666666666666,1.7065234314893605,2.5,2.75,73.33333333333333,76.66666666666667,90.0,10,33.33333333333333,5,16.666666666666664,7,23.333333333333332,1,3.3333333333333335,4,13.333333333333334,3,10.0,2.8,1.4696938456699067,3.0,1.0,76.66666666666667,83.33333333333334,93.33333333333333,7,23.333333333333332,6,20.0,10,33.33333333333333,2,6.666666666666667,3,10.0,2,6.666666666666667
892,True,2.533333333333333,1.4544949486180951,2.0,2.0,76.66666666666667,90.0,93.33333333333333,9,30.0,8,26.666666666666668,6,20.0,4,13.333333333333334,1,3.3333333333333335,2,6.666666666666667,2.2333333333333334,1.7259457954666158,1.0,2.75,73.33333333333333,86.66666666666667,90.0,17,56.666666666666664,4,13.333333333333334,1,3.3333333333333335,4,13.333333333333334,1,3.3333333333333335,3,10.0,2.2666666666666666,1.7688665548562132,1.5,1.0,76.66666666666667,83.33333333333334,86.66666666666667,15,50.0,8,26.666666666666668,0,0.0,2,6.666666666666667,1,3.3333333333333335,4,13.333333333333334,2.6,1.724335620850342,2.0,3.0,66.66666666666666,83.33333333333334,90.0,12,40.0,6,20.0,2,6.666666666666667,5,16.666666666666664,2,6.666666666666667,3,10.0
893,True,3.066666666666667,1.6110727964792764,3.0,2.0,60.0,83.33333333333334,86.66666666666667,6,20.0,7,23.333333333333332,5,16.666666666666664,7,23.333333333333332,1,3.3333333333333335,4,13.333333333333334,2.3333333333333335,1.6397831834998458,2.0,2.0,76.66666666666667,83.33333333333334,93.33333333333333,14,46.666666666666664,6,20.0,3,10.0,2,6.666666666666667,3,10.0,2,6.666666666666667,2.533333333333333,1.839081896551163,2.0,2.75,73.33333333333333,76.66666666666667,86.66666666666667,13,43.333333333333336,7,23.333333333333332,2,6.666666666666667,1,3.3333333333333335,3,10.0,4,13.333333333333334,2.566666666666667,1.6058919293927874,2.0,3.0,70.0,86.66666666666667,93.33333333333333,12,40.0,4,13.333333333333334,5,16.666666666666664,5,16.666666666666664,2,6.666666666666667,2,6.666666666666667
894,True,3.2,1.4922019523732928,3.0,2.0,63.33333333333333,76.66666666666667,90.0,3,10.0,9,30.0,7,23.333333333333332,4,13.333333333333334,4,13.333333333333334,3,10.0,2.7,1.6155494421403511,2.0,2.75,70.0,83.33333333333334,90.0,8,26.666666666666668,10,33.33333333333333,3,10.0,4,13.333333333333334,2,6.666666666666667,3,10.0,2.6333333333333333,1.3034143197344767,2.0,2.0,70.0,90.0,100.0,7,23.333333333333332,9,30.0,5,16.666666666666664,6,20.0,3,10.0,0,0.0,2.8666666666666667,1.5434449203720302,2.5,2.0,70.0,83.33333333333334,90.0,6,20.0,9,30.0,6,20.0,4,13.333333333333334,2,6.666666666666667,3,10.0
895,True,2.7,1.2151817422372124,3.0,1.75,73.33333333333333,96.66666666666667,96.66666666666667,6,20.0,7,23.333333333333332,9,30.0,7,23.333333333333332,0,0.0,1,3.3333333333333335,2.7333333333333334,1.590248058916875,2.5,3.0,70.0,86.66666666666667,90.0,9,30.0,6,20.0,6,20.0,5,16.666666666666664,1,3.3333333333333335,3,10.0,2.6666666666666665,1.4907119849998596,2.5,3.0,70.0,90.0,93.33333333333333,9,30.0,6,20.0,6,20.0,6,20.0,1,3.3333333333333335,2,6.666666666666667,3.2666666666666666,1.6918103387266026,3.0,2.0,60.0,76.66666666666667,80.0,4,13.333333333333334,9,30.0,5,16.666666666666664,5,16.666666666666664,1,3.3333333333333335,6,20.0
896,True,2.566666666666667,1.5205992970609392,2.0,1.75,76.66666666666667,83.33333333333334,93.33333333333333,8,26.666666666666668,11,36.666666666666664,4,13.333333333333334,2,6.666666666666667,3,10.0,2,6.666666666666667,2.2333333333333334,1.5638272140986536,2.0,2.0,80.0,86.66666666666667,93.33333333333333,14,46.666666666666664,7,23.333333333333332,3,10.0,2,6.666666666666667,2,6.666666666666667,2,6.666666666666667,2.3333333333333335,1.7191729277636836,2.0,1.75,80.0,83.33333333333334,86.66666666666667,13,43.333333333333336,9,30.0,2,6.666666666666667,1,3.3333333333333335,1,3.3333333333333335,4,13.333333333333334,2.433333333333333,1.5849991237291654,2.0,2.0,76.66666666666667,83.33333333333334,93.33333333333333,11,36.666666666666664,9,30.0,3,10.0,2,6.666666666666667,3,10.0,2,6.666666666666667
897,True,2.6333333333333333,1.303414319734477,3.0,1.0,86.66666666666667,90.0,93.33333333333333,6,20.0,8,26.666666666666668,12,40.0,1,3.3333333333333335,1,3.3333333333333335,2,6.666666666666667,2.3333333333333335,1.6397831834998458,2.0,2.0,80.0,86.66666666666667,90.0,14,46.666666666666664,5,16.666666666666664,5,16.666666666666664,2,6.666666666666667,1,3.3333333333333335,3,10.0,2.566666666666667,1.8199511592958264,2.0,3.0,70.0,80.0,86.66666666666667,13,43.333333333333336,6,20.0,2,6.666666666666667,3,10.0,2,6.666666666666667,4,13.333333333333334,2.7333333333333334,1.590248058916875,3.0,2.0,76.66666666666667,83.33333333333334,90.0,9,30.0,5,16.666666666666664,9,30.0,2,6.666666666666667,2,6.666666666666667,3,10.0
898,True,2.7333333333333334,1.4817407180595246,2.5,2.75,66.66666666666666,90.0,93.33333333333333,8,26.666666666666668,7,23.333333333333332,5,16.666666666666664,7,23.333333333333332,1,3.3333333333333335,2,6.666666666666667,2.466666666666667,1.521694961401777,2.0,2.0,76.66666666666667,86.66666666666667,93.33333333333333,10,33.33333333333333,9,30.0,4,13.333333333333334,3,10.0,2,6.666666666666667,2,6.666666666666667,2.7333333333333334,1.8061622912192088,2.0,3.0,70.0,80.0,83.33333333333334,10,33.33333333333333,8,26.666666666666668,3,10.0,3,10.0,1,3.3333333333333335,5,16.666666666666664,2.6666666666666665,1.5563490039905001,2.0,2.5,73.33333333333333,86.66666666666667,90.0,8,26.666666666666668,9,30.0,5,16.666666666666664,4,13.333333333333334,1,3.3333333333333335,3,10.0
899,True,2.533333333333333,1.521694961401777,2.0,1.75,80.0,86.66666666666667,90.0,8,26.666666666666668,11,36.666666666666664,5,16.666666666666664,2,6.666666666666667,1,3.3333333333333335,3,10.0,2.3333333333333335,1.8318175552045448,1.0,2.0,76.66666666666667,80.0,86.66666666666667,16,53.333333333333336,5,16.666666666666664,2,6.666666666666667,1,3.3333333333333335,2,6.666666666666667,4,13.333333333333334,2.3666666666666667,1.5807874268505835,2.0,2.0,76.66666666666667,86.66666666666667,93.33333333333333,13,43.333333333333336,6,20.0,4,13.333333333333334,3,10.0,2,6.666666666666667,2,6.666666666666667,2.566666666666667,1.7451520150277902,2.0,2.75,73.33333333333333,83.33333333333334,86.66666666666667,12,40.0,6,20.0,4,13.333333333333334,3,10.0,1,3.3333333333333335,4,13.333333333333334
900,True,2.3333333333333335,1.3249737942901196,2.0,2.0,80.0,90.0,100.0,11,36.666666666666664,7,23.333333333333332,6,20.0,3,10.0,3,10.0,0,0.0,2.3,1.7349351572897471,1.0,2.0,76.66666666666667,83.33333333333334,90.0,16,53.333333333333336,4,13.333333333333334,3,10.0,2,6.666666666666667,2,6.666666666666667,3,10.0,2.3666666666666667,1.8162843634433703,1.0,2.75,73.33333333333333,83.33333333333334,86.66666666666667,16,53.333333333333336,4,13.333333333333334,2,6.666666666666667,3,10.0,1,3.3333333333333335,4,13.333333333333334,2.9,1.885912687975418,2.0,3.75,63.33333333333333,73.33333333333333,83.33333333333334,10,33.33333333333333,7,23.333333333333332,2,6.666666666666667,3,10.0,3,10.0,5,16.666666666666664
901,True,2.7666666666666666,1.498517786199268,2.0,2.0,70.0,80.0,96.66666666666667,7,23.333333333333332,9,30.0,5,16.666666666666664,3,10.0,5,16.666666666666664,1,3.3333333333333335,2.433333333333333,1.5423647068345698,2.0,2.0,76.66666666666667,80.0,96.66666666666667,10,33.33333333333333,11,36.666666666666664,2,6.666666666666667,1,3.3333333333333335,5,16.666666666666664,1,3.3333333333333335,2.6666666666666665,1.776388345929897,2.0,2.75,73.33333333333333,76.66666666666667,86.66666666666667,10,33.33333333333333,9,30.0,3,10.0,1,3.3333333333333335,3,10.0,4,13.333333333333334,3.1,1.7387735140993301,2.5,3.0,70.0,70.0,83.33333333333334,5,16.666666666666664,10,33.33333333333333,6,20.0,0,0.0,4,13.333333333333334,5,16.666666666666664
902,True,2.966666666666667,1.5807874268505835,3.0,2.75,60.0,86.66666666666667,90.0,8,26.666666666666668,4,13.333333333333334,6,20.0,8,26.666666666666668,1,3.3333333333333335,3,10.0,2.5,1.707825127659933,2.0,3.0,70.0,86.66666666666667,90.0,14,46.666666666666664,3,10.0,4,13.333333333333334,5,16.666666666666664,1,3.3333333333333335,3,10.0,2.6666666666666665,1.8135294011647258,2.0,3.0,63.33333333333333,83.33333333333334,86.66666666666667,13,43.333333333333336,4,13.333333333333334,2,6.666666666666667,6,20.0,1,3.3333333333333335,4,13.333333333333334,3.4,1.7813852287849852,3.0,3.0,56.666666666666664,70.0,80.0,7,23.333333333333332,2,6.666666666666667,8,26.666666666666668,4,13.333333333333334,3,10.0,6,20.0
903,True,2.2,1.3012814197295424,2.0,2.0,83.33333333333334,93.33333333333333,96.66666666666667,11,36.666666666666664,10,33.33333333333333,4,13.333333333333334,3,10.0,1,3.3333333333333335,1,3.3333333333333335,2.033333333333333,1.4019827229875395,2.0,1.0,90.0,90.0,93.33333333333333,14,46.666666666666664,9,30.0,4,13.333333333333334,0,0.0,1,3.3333333333333335,2,6.666666666666667,2.2333333333333334,1.498517786199268,2.0,1.75,83.33333333333334,86.66666666666667,93.33333333333333,12,40.0,10,33.33333333333333,3,10.0,1,3.3333333333333335,2,6.666666666666667,2,6.666666666666667,2.4,1.5620499351813308,2.0,2.0,83.33333333333334,86.66666666666667,90.0,11,36.666666666666664,8,26.666666666666668,6,20.0,1,3.3333333333333335,1,3.3333333333333335,3,10.0
904,True,2.433333333333333,1.5638272140986533,2.0,2.0,76.66666666666667,86.66666666666667,93.33333333333333,12,40.0,6,20.0,5,16.666666666666664,3,10.0,2,6.666666666666667,2,6.666666666666667,2.066666666666667,1.5260697523012796,1.5,1.0,86.66666666666667,90.0,90.0,15,50.0,8,26.666666666666668,3,10.0,1,3.3333333333333335,0,0.0,3,10.0,2.066666666666667,1.4590712418826193,1.5,1.0,80.0,93.33333333333333,93.33333333333333,15,50.0,8,26.666666666666668,1,3.3333333333333335,4,13.333333333333334,0,0.0,2,6.666666666666667,2.566666666666667,1.8381754238616317,2.0,2.0,76.66666666666667,76.66666666666667,83.33333333333334,11,36.666666666666664,10,33.33333333333333,2,6.666666666666667,0,0.0,2,6.666666666666667,5,16.666666666666664
905,True,2.2333333333333334,1.3828312341794358,2.0,0.75,90.0,90.0,90.0,8,26.666666666666668,16,53.333333333333336,3,10.0,0,0.0,0,0.0,3,10.0,2.033333333333333,1.27758452644912,2.0,1.0,93.33333333333333,93.33333333333333,93.33333333333333,12,40.0,11,36.666666666666664,5,16.666666666666664,0,0.0,0,0.0,2,6.666666666666667,2.3,1.508862706367503,2.0,1.75,86.66666666666667,86.66666666666667,90.0,10,33.33333333333333,12,40.0,4,13.333333333333334,0,0.0,1,3.3333333333333335,3,10.0,1.9,0.8306623862918076,2.0,1.0,96.66666666666667,100.0,100.0,11,36.666666666666664,12,40.0,6,20.0,1,3.3333333333333335,0,0.0,0,0.0
906,True,2.7666666666666666,1.5205992970609392,3.0,2.5,73.33333333333333,83.33333333333334,93.33333333333333,8,26.666666666666668,6,20.0,8,26.666666666666668,3,10.0,3,10.0,2,6.666666666666667,2.5,1.8211717839530315,2.0,2.75,73.33333333333333,80.0,86.66666666666667,14,46.666666666666664,5,16.666666666666664,3,10.0,2,6.666666666666667,2,6.666666666666667,4,13.333333333333334,2.566666666666667,1.7641491496532322,2.0,3.0,70.0,83.33333333333334,86.66666666666667,12,40.0,7,23.333333333333332,2,6.666666666666667,4,13.333333333333334,1,3.3333333333333335,4,13.333333333333334,3.0,1.8618986725025255,2.0,4.0,63.33333333333333,66.66666666666666,86.66666666666667,9,30.0,7,23.333333333333332,3,10.0,1,3.3333333333333335,6,20.0,4,13.333333333333334
907,True,2.9,1.468559384794046,2.5,1.75,73.33333333333333,83.33333333333334,90.0,4,13.333333333333334,11,36.666666666666664,7,23.333333333333332,3,10.0,2,6.666666666666667,3,10.0,2.3666666666666667,1.3780017739062926,2.0,2.0,86.66666666666667,90.0,93.33333333333333,9,30.0,10,33.33333333333333,7,23.333333333333332,1,3.3333333333333335,1,3.3333333333333335,2,6.666666666666667,2.566666666666667,1.5205992970609392,2.0,1.75,80.0,86.66666666666667,90.0,8,26.666666666666668,10,33.33333333333333,6,20.0,2,6.666666666666667,1,3.3333333333333335,3,10.0,2.7666666666666666,1.7259457954666158,2.0,1.75,76.66666666666667,80.0,83.33333333333334,8,26.666666666666668,9,30.0,6,20.0,1,3.3333333333333335,1,3.3333333333333335,5,16.666666666666664
908,True,2.3666666666666667,1.1967548714010827,2.0,2.0,86.66666666666667,96.66666666666667,96.66666666666667,9,30.0,7,23.333333333333332,10,33.33333333333333,3,10.0,0,0.0,1,3.3333333333333335,2.466666666666667,1.6679994670929073,2.0,2.0,80.0,86.66666666666667,86.66666666666667,12,40.0,6,20.0,6,20.0,2,6.666666666666667,0,0.0,4,13.333333333333334,2.566666666666667,1.6669999666733315,2.0,2.0,76.66666666666667,86.66666666666667,86.66666666666667,11,36.666666666666664,6,20.0,6,20.0,3,10.0,0,0.0,4,13.333333333333334,2.8,1.5577761927397231,2.5,1.75,73.33333333333333,83.33333333333334,90.0,7,23.333333333333332,8,26.666666666666668,7,23.333333333333332,3,10.0,2,6.666666666666667,3,10.0
909,True,2.7333333333333334,1.6110727964792764,2.0,2.5,73.33333333333333,86.66666666666667,86.66666666666667,8,26.666666666666668,8,26.666666666666668,6,20.0,4,13.333333333333334,0,0.0,4,13.333333333333334,2.3,1.7916472867168918,2.0,1.0,80.0,83.33333333333334,83.33333333333334,14,46.666666666666664,9,30.0,1,3.3333333333333335,1,3.3333333333333335,0,0.0,5,16.666666666666664,2.3666666666666667,1.7220788470785986,2.0,2.0,80.0,83.33333333333334,86.66666666666667,13,43.333333333333336,8,26.666666666666668,3,10.0,1,3.3333333333333335,1,3.3333333333333335,4,13.333333333333334,2.7666666666666666,1.8199511592958264,2.0,3.0,70.0,76.66666666666667,83.33333333333334,9,30.0,10,33.33333333333333,2,6.666666666666667,2,6.666666666666667,2,6.666666666666667,5,16.666666666666664
910,True,3.033333333333333,1.3535960336164634,3.0,2.0,66.66666666666666,90.0,90.0,3,10.0,9,30.0,8,26.666666666666668,7,23.333333333333332,0,0.0,3,10.0,2.6666666666666665,1.5563490039905001,2.0,2.75,70.0,83.33333333333334,93.33333333333333,8,26.666666666666668,10,33.33333333333333,3,10.0,4,13.333333333333334,3,10.0,2,6.666666666666667,2.7,1.5737428845483834,2.0,2.75,70.0,86.66666666666667,90.0,8,26.666666666666668,9,30.0,4,13.333333333333334,5,16.666666666666664,1,3.3333333333333335,3,10.0,2.8666666666666667,1.3597385369580761,3.0,2.0,63.33333333333333,90.0,96.66666666666667,6,20.0,7,23.333333333333332,6,20.0,8,26.666666666666668,2,6.666666666666667,1,3.3333333333333335
911,True,2.8333333333333335,1.2405196043952262,3.0,2.0,66.66666666666666,93.33333333333333,96.66666666666667,4,13.333333333333334,10,33.33333333333333,6,20.0,8,26.666666666666668,1,3.3333333333333335,1,3.3333333333333335,2.6,1.7243356208503418,2.0,2.75,73.33333333333333,83.33333333333334,86.66666666666667,11,36.666666666666664,7,23.333333333333332,4,13.333333333333334,3,10.0,1,3.3333333333333335,4,13.333333333333334,2.566666666666667,1.6265163865007801,2.0,2.0,80.0,86.66666666666667,86.66666666666667,10,33.33333333333333,7,23.333333333333332,7,23.333333333333332,2,6.666666666666667,0,0.0,4,13.333333333333334,2.933333333333333,1.7113996870657917,3.0,3.0,66.66666666666666,80.0,86.66666666666667,9,30.0,4,13.333333333333334,7,23.333333333333332,4,13.333333333333334,2,6.666666666666667,4,13.333333333333334
912,True,2.6666666666666665,1.4907119849998598,3.0,2.0,76.66666666666667,86.66666666666667,93.33333333333333,9,30.0,5,16.666666666666664,9,30.0,3,10.0,2,6.666666666666667,2,6.666666666666667,2.4,1.518771433319269,2.0,2.0,83.33333333333334,90.0,90.0,11,36.666666666666664,7,23.333333333333332,7,23.333333333333332,2,6.666666666666667,0,0.0,3,10.0,2.466666666666667,1.521694961401777,2.0,2.0,80.0,90.0,90.0,10,33.33333333333333,8,26.666666666666668,6,20.0,3,10.0,0,0.0,3,10.0,2.566666666666667,1.6265163865007801,2.0,2.0,80.0,86.66666666666667,86.66666666666667,10,33.33333333333333,7,23.333333333333332,7,23.333333333333332,2,6.666666666666667,0,0.0,4,13.333333333333334
913,True,2.2333333333333334,1.498517786199268,2.0,2.0,86.66666666666667,90.0,90.0,12,40.0,9,30.0,5,16.666666666666664,1,3.3333333333333335,0,0.0,3,10.0,1.9333333333333333,1.412641340027806,1.0,1.0,86.66666666666667,93.33333333333333,93.33333333333333,17,56.666666666666664,6,20.0,3,10.0,2,6.666666666666667,0,0.0,2,6.666666666666667,1.9333333333333333,1.412641340027806,1.0,1.0,86.66666666666667,93.33333333333333,93.33333333333333,17,56.666666666666664,6,20.0,3,10.0,2,6.666666666666667,0,0.0,2,6.666666666666667,2.3333333333333335,1.6193277068654823,2.0,2.0,76.66666666666667,90.0,90.0,14,46.666666666666664,5,16.666666666666664,4,13.333333333333334,4,13.333333333333334,0,0.0,3,10.0
914,True,3.1333333333333333,1.4772346537440224,3.0,2.0,70.0,83.33333333333334,86.66666666666667,4,13.333333333333334,6,20.0,11,36.666666666666664,4,13.333333333333334,1,3.3333333333333335,4,13.333333333333334,2.566666666666667,1.6868774571839993,2.0,2.75,73.33333333333333,83.33333333333334,90.0,12,40.0,5,16.666666666666664,5,16.666666666666664,3,10.0,2,6.666666666666667,3,10.0,2.6333333333333333,1.7220788470785986,2.0,2.75,73.33333333333333,80.0,90.0,12,40.0,4,13.333333333333334,6,20.0,2,6.666666666666667,3,10.0,3,10.0,3.0,1.61245154965971,3.0,2.75,60.0,83.33333333333334,90.0,8,26.666666666666668,4,13.333333333333334,6,20.0,7,23.333333333333332,2,6.666666666666667,3,10.0
915,True,3.066666666666667,1.8061622912192088,3.0,3.75,66.66666666666666,73.33333333333333,83.33333333333334,9,30.0,3,10.0,8,26.666666666666668,2,6.666666666666667,3,10.0,5,16.666666666666664,2.3,1.6155494421403511,1.5,2.0,76.66666666666667,86.66666666666667,93.33333333333333,15,50.0,4,13.333333333333334,4,13.333333333333334,3,10.0,2,6.666666666666667,2,6.666666666666667,2.566666666666667,1.891795149821695,2.0,3.0,70.0,80.0,83.33333333333334,14,46.666666666666664,5,16.666666666666664,2,6.666666666666667,3,10.0,1,3.3333333333333335,5,16.666666666666664,2.466666666666667,1.5216949614017772,2.0,2.0,76.66666666666667,83.33333333333334,96.66666666666667,11,36.666666666666664,7,23.333333333333332,5,16.666666666666664,2,6.666666666666667,4,13.333333333333334,1,3.3333333333333335
916,True,2.2,1.4696938456699067,2.0,2.0,90.0,90.0,90.0,12,40.0,9,30.0,6,20.0,0,0.0,0,0.0,3,10.0,1.9666666666666666,1.4019827229875392,1.0,1.75,86.66666666666667,90.0,96.66666666666667,17,56.666666666666664,5,16.666666666666664,4,13.333333333333334,1,3.3333333333333335,2,6.666666666666667,1,3.3333333333333335,2.0,1.2110601416389966,2.0,1.75,86.66666666666667,93.33333333333333,100.0,14,46.666666666666664,8,26.666666666666668,4,13.333333333333334,2,6.666666666666667,2,6.666666666666667,0,0.0,2.066666666666667,1.4590712418826193,1.5,1.75,86.66666666666667,90.0,93.33333333333333,15,50.0,7,23.333333333333332,4,13.333333333333334,1,3.3333333333333335,1,3.3333333333333335,2,6.666666666666667
917,True,2.2,0.9797958971132713,2.0,1.75,86.66666666666667,100.0,100.0,8,26.666666666666668,12,40.0,6,20.0,4,13.333333333333334,0,0.0,0,0.0,2.4,1.8547236990991407,1.0,2.75,73.33333333333333,80.0,86.66666666666667,16,53.333333333333336,4,13.333333333333334,2,6.666666666666667,2,6.666666666666667,2,6.666666666666667,4,13.333333333333334,2.466666666666667,1.8926759422104522,1.5,2.75,73.33333333333333,80.0,83.33333333333334,15,50.0,5,16.666666666666664,2,6.666666666666667,2,6.666666666666667,1,3.3333333333333335,5,16.666666666666664,2.966666666666667,2.0245712852080286,2.0,4.0,66.66666666666666,66.66666666666666,76.66666666666667,10,33.33333333333333,8,26.666666666666668,2,6.666666666666667,0,0.0,3,10.0,7,23.333333333333332
918,True,3.033333333333333,1.3780017739062924,3.0,2.0,70.0,86.66666666666667,90.0,3,10.0,9,30.0,9,30.0,5,16.666666666666664,1,3.3333333333333335,3,10.0,2.566666666666667,1.6265163865007801,2.0,3.0,70.0,86.66666666666667,90.0,10,33.33333333333333,9,30.0,2,6.666666666666667,5,16.666666666666664,1,3.3333333333333335,3,10.0,2.6,1.6451950239004087,2.0,2.75,73.33333333333333,86.66666666666667,86.66666666666667,9,30.0,10,33.33333333333333,3,10.0,4,13.333333333333334,0,0.0,4,13.333333333333334,2.8333333333333335,1.7336538165261124,2.0,3.0,66.66666666666666,80.0,86.66666666666667,9,30.0,7,23.333333333333332,4,13.333333333333334,4,13.333333333333334,2,6.666666666666667,4,13.333333333333334
919,True,2.9,1.619670748434179,3.0,2.75,63.33333333333333,83.33333333333334,90.0,8,26.666666666666668,6,20.0,5,16.666666666666664,6,20.0,2,6.666666666666667,3,10.0,2.466666666666667,1.7650936393164969,2.0,2.0,76.66666666666667,80.0,86.66666666666667,12,40.0,9,30.0,2,6.666666666666667,1,3.3333333333333335,2,6.666666666666667,4,13.333333333333334,2.533333333333333,1.7838784213679537,2.0,2.75,73.33333333333333,80.0,86.66666666666667,12,40.0,8,26.666666666666668,2,6.666666666666667,2,6.666666666666667,2,6.666666666666667,4,13.333333333333334,2.8333333333333335,1.827262676488766,2.0,3.0,63.33333333333333,80.0,83.33333333333334,10,33.33333333333333,7,23.333333333333332,2,6.666666666666667,5,16.666666666666664,1,3.3333333333333335,5,16.666666666666664
920,True,2.7,1.3453624047073711,3.0,3.0,63.33333333333333,93.33333333333333,100.0,9,30.0,4,13.333333333333334,6,20.0,9,30.0,2,6.666666666666667,0,0.0,2.433333333333333,1.8381754238616315,1.5,2.75,73.33333333333333,80.0,86.66666666666667,15,50.0,5,16.666666666666664,2,6.666666666666667,2,6.666666666666667,2,6.666666666666667,4,13.333333333333334,2.6666666666666665,1.9379255804998177,2.0,3.0,66.66666666666666,76.66666666666667,83.33333333333334,14,46.666666666666664,4,13.333333333333334,2,6.666666666666667,3,10.0,2,6.666666666666667,5,16.666666666666664,2.7333333333333334,1.6519348924485153,2.5,3.0,56.666666666666664,83.33333333333334,96.66666666666667,12,40.0,3,10.0,2,6.666666666666667,8,26.666666666666668,4,13.333333333333334,1,3.3333333333333335
921,True,3.033333333333333,1.5162087220725546,2.5,2.0,66.66666666666666,83.33333333333334,86.66666666666667,3,10.0,12,40.0,5,16.666666666666664,5,16.666666666666664,1,3.3333333333333335,4,13.333333333333334,2.3333333333333335,1.7950549357115013,1.5,2.5,73.33333333333333,83.33333333333334,86.66666666666667,15,50.0,7,23.333333333333332,0,0.0,3,10.0,1,3.3333333333333335,4,13.333333333333334,2.566666666666667,1.92671280221579,2.0,3.0,70.0,76.66666666666667,83.33333333333334,14,46.666666666666664,6,20.0,1,3.3333333333333335,2,6.666666666666667,2,6.666666666666667,5,16.666666666666664,2.7333333333333334,1.7499206331208916,2.0,3.0,63.33333333333333,80.0,90.0,11,36.666666666666664,6,20.0,2,6.666666666666667,5,16.666666666666664,3,10.0,3,10.0
922,True,2.0,1.3662601021279464,1.5,1.75,90.0,93.33333333333333,93.33333333333333,15,50.0,7,23.333333333333332,5,16.666666666666664,1,3.3333333333333335,0,0.0,2,6.666666666666667,1.7666666666666666,1.3085190950927015,1.0,1.0,86.66666666666667,93.33333333333333,96.66666666666667,19,63.33333333333333,6,20.0,1,3.3333333333333335,2,6.666666666666667,1,3.3333333333333335,1,3.3333333333333335,2.2,1.8147543451754935,1.0,2.75,73.33333333333333,86.66666666666667,86.66666666666667,19,63.33333333333333,2,6.666666666666667,1,3.3333333333333335,4,13.333333333333334,0,0.0,4,13.333333333333334,2.1,1.57797338380595,1.0,1.75,83.33333333333334,90.0,90.0,16,53.333333333333336,6,20.0,3,10.0,2,6.666666666666667,0,0.0,3,10.0
923,True,2.933333333333333,1.5902480589168753,3.0,2.0,70.0,80.0,90.0,7,23.333333333333332,6,20.0,8,26.666666666666668,3,10.0,3,10.0,3,10.0,2.066666666666667,1.3888444437333107,1.5,2.0,90.0,93.33333333333333,93.33333333333333,15,50.0,5,16.666666666666664,7,23.333333333333332,1,3.3333333333333335,0,0.0,2,6.666666666666667,2.2,1.446835627614047,2.0,2.0,90.0,90.0,93.33333333333333,14,46.666666666666664,4,13.333333333333334,9,30.0,0,0.0,1,3.3333333333333335,2,6.666666666666667,2.2333333333333334,1.4067298564006128,2.0,2.0,86.66666666666667,93.33333333333333,93.33333333333333,13,43.333333333333336,5,16.666666666666664,8,26.666666666666668,2,6.666666666666667,0,0.0,2,6.666666666666667
924,True,3.433333333333333,1.2297244497131143,3.0,1.0,56.666666666666664,80.0,93.33333333333333,1,3.3333333333333335,6,20.0,10,33.33333333333333,7,23.333333333333332,4,13.333333333333334,2,6.666666666666667,2.7,1.6360521589077368,2.0,2.75,66.66666666666666,83.33333333333334,90.0,8,26.666666666666668,11,36.666666666666664,1,3.3333333333333335,5,16.666666666666664,2,6.666666666666667,3,10.0,2.7666666666666666,1.4985177861992682,2.0,2.0,63.33333333333333,83.33333333333334,96.66666666666667,7,23.333333333333332,10,33.33333333333333,2,6.666666666666667,6,20.0,4,13.333333333333334,1,3.3333333333333335,2.966666666666667,1.74132771821453,2.0,2.0,63.33333333333333,80.0,83.33333333333334,7,23.333333333333332,9,30.0,3,10.0,5,16.666666666666664,1,3.3333333333333335,5,16.666666666666664
925,True,2.6666666666666665,1.5986105077709065,2.0,3.0,70.0,86.66666666666667,90.0,9,30.0,8,26.666666666666668,4,13.333333333333334,5,16.666666666666664,1,3.3333333333333335,3,10.0,2.2666666666666666,1.7113996870657915,2.0,1.75,83.33333333333334,83.33333333333334,86.66666666666667,14,46.666666666666664,8,26.666666666666668,3,10.0,0,0.0,1,3.3333333333333335,4,13.333333333333334,2.3666666666666667,1.702612371882951,2.0,2.0,76.66666666666667,83.33333333333334,90.0,14,46.666666666666664,6,20.0,3,10.0,2,6.666666666666667,2,6.666666666666667,3,10.0,2.7333333333333334,1.7499206331208916,2.0,2.75,73.33333333333333,76.66666666666667,86.66666666666667,9,30.0,9,30.0,4,13.333333333333334,1,3.3333333333333335,3,10.0,4,13.333333333333334
926,True,2.8,1.5790292376436015,2.0,1.0,76.66666666666667,83.33333333333334,86.66666666666667,6,20.0,10,33.33333333333333,7,23.333333333333332,2,6.666666666666667,1,3.3333333333333335,4,13.333333333333334,2.2666666666666666,1.339983416149452,2.0,2.0,76.66666666666667,96.66666666666667,96.66666666666667,12,40.0,7,23.333333333333332,4,13.333333333333334,6,20.0,0,0.0,1,3.3333333333333335,2.2666666666666666,1.2892719737209146,2.0,2.0,80.0,96.66666666666667,96.66666666666667,11,36.666666666666664,8,26.666666666666668,5,16.666666666666664,5,16.666666666666664,0,0.0,1,3.3333333333333335,2.5,1.3601470508735443,2.0,2.75,73.33333333333333,93.33333333333333,96.66666666666667,9,30.0,8,26.666666666666668,5,16.666666666666664,6,20.0,1,3.3333333333333335,1,3.3333333333333335
927,True,3.066666666666667,1.339983416149452,3.0,2.0,66.66666666666666,86.66666666666667,93.33333333333333,4,13.333333333333334,6,20.0,10,33.33333333333333,6,20.0,2,6.666666666666667,2,6.666666666666667,2.7,1.7349351572897471,2.0,3.0,66.66666666666666,80.0,90.0,11,36.666666666666664,6,20.0,3,10.0,4,13.333333333333334,3,10.0,3,10.0,2.8,1.758787461103056,2.0,3.0,70.0,76.66666666666667,86.66666666666667,9,30.0,8,26.666666666666668,4,13.333333333333334,2,6.666666666666667,3,10.0,4,13.333333333333334,2.7666666666666666,1.4302291968616623,3.0,2.75,63.33333333333333,90.0,96.66666666666667,8,26.666666666666668,6,20.0,5,16.666666666666664,8,26.666666666666668,2,6.666666666666667,1,3.3333333333333335
928,True,2.4,1.7048949136725895,2.0,2.0,76.66666666666667,86.66666666666667,86.66666666666667,13,43.333333333333336,7,23.333333333333332,3,10.0,3,10.0,0,0.0,4,13.333333333333334,1.9,1.4456832294800959,1.0,1.0,86.66666666666667,90.0,93.33333333333333,17,56.666666666666664,8,26.666666666666668,1,3.3333333333333335,1,3.3333333333333335,1,3.3333333333333335,2,6.666666666666667,2.033333333333333,1.4487542541400484,1.0,1.0,80.0,90.0,96.66666666666667,16,53.333333333333336,7,23.333333333333332,1,3.3333333333333335,3,10.0,2,6.666666666666667,1,3.3333333333333335,1.9333333333333333,1.2364824660660938,1.0,1.0,80.0,96.66666666666667,100.0,16,53.333333333333336,7,23.333333333333332,1,3.3333333333333335,5,16.666666666666664,1,3.3333333333333335,0,0.0
929,True,2.2,1.2754084313139327,2.0,2.0,86.66666666666667,93.33333333333333,96.66666666666667,11,36.666666666666664,9,30.0,6,20.0,2,6.666666666666667,1,3.3333333333333335,1,3.3333333333333335,2.1666666666666665,1.7336538165261124,1.0,1.0,83.33333333333334,83.33333333333334,86.66666666666667,16,53.333333333333336,7,23.333333333333332,2,6.666666666666667,0,0.0,1,3.3333333333333335,4,13.333333333333334,2.2,1.7204650534085253,1.5,1.0,83.33333333333334,83.33333333333334,86.66666666666667,15,50.0,8,26.666666666666668,2,6.666666666666667,0,0.0,1,3.3333333333333335,4,13.333333333333334,2.7333333333333334,1.8427033281447003,2.0,3.0,66.66666666666666,80.0,83.33333333333334,11,36.666666666666664,7,23.333333333333332,2,6.666666666666667,4,13.333333333333334,1,3.3333333333333335,5,16.666666666666664
930,True,2.466666666666667,1.6275407487644937,2.0,2.75,73.33333333333333,90.0,90.0,13,43.333333333333336,4,13.333333333333334,5,16.666666666666664,5,16.666666666666664,0,0.0,3,10.0,2.033333333333333,1.5380362660079103,1.0,1.0,80.0,90.0,93.33333333333333,17,56.666666666666664,6,20.0,1,3.3333333333333335,3,10.0,1,3.3333333333333335,2,6.666666666666667,2.1333333333333333,1.564892612574067,1.0,1.75,76.66666666666667,90.0,93.33333333333333,16,53.333333333333336,6,20.0,1,3.3333333333333335,4,13.333333333333334,1,3.3333333333333335,2,6.666666666666667,2.4,1.7048949136725895,2.0,2.0,76.66666666666667,86.66666666666667,86.66666666666667,13,43.333333333333336,7,23.333333333333332,3,10.0,3,10.0,0,0.0,4,13.333333333333334
931,True,2.3333333333333335,1.2736648783028535,2.0,2.0,83.33333333333334,96.66666666666667,96.66666666666667,11,36.666666666666664,5,16.666666666666664,9,30.0,4,13.333333333333334,0,0.0,1,3.3333333333333335,2.066666666666667,1.6918103387266028,1.0,1.0,83.33333333333334,83.33333333333334,90.0,18,60.0,5,16.666666666666664,2,6.666666666666667,0,0.0,2,6.666666666666667,3,10.0,2.066666666666667,1.6110727964792764,1.0,2.0,83.33333333333334,90.0,90.0,18,60.0,3,10.0,4,13.333333333333334,2,6.666666666666667,0,0.0,3,10.0,2.3333333333333335,1.5563490039905004,2.0,2.0,80.0,86.66666666666667,93.33333333333333,13,43.333333333333336,6,20.0,5,16.666666666666664,2,6.666666666666667,2,6.666666666666667,2,6.666666666666667
932,True,2.7666666666666666,1.5849991237291652,3.0,3.0,70.0,86.66666666666667,90.0,9,30.0,5,16.666666666666664,7,23.333333333333332,5,16.666666666666664,1,3.3333333333333335,3,10.0,2.3333333333333335,1.6996731711975952,1.0,2.0,76.66666666666667,86.66666666666667,90.0,16,53.333333333333336,2,6.666666666666667,5,16.666666666666664,3,10.0,1,3.3333333333333335,3,10.0,2.533333333333333,1.765093639316497,2.0,2.0,76.66666666666667,83.33333333333334,86.66666666666667,14,46.666666666666664,2,6.666666666666667,7,23.333333333333332,2,6.666666666666667,1,3.3333333333333335,4,13.333333333333334,2.7,1.7349351572897473,3.0,2.75,73.33333333333333,83.33333333333334,86.66666666666667,12,40.0,2,6.666666666666667,8,26.666666666666668,3,10.0,1,3.3333333333333335,4,13.333333333333334
933,True,1.9666666666666666,1.1685698761972068,2.0,2.0,93.33333333333333,96.66666666666667,96.66666666666667,14,46.666666666666664,7,23.333333333333332,7,23.333333333333332,1,3.3333333333333335,0,0.0,1,3.3333333333333335,1.8333333333333333,1.2671051872498809,1.0,1.0,90.0,93.33333333333333,96.66666666666667,17,56.666666666666664,7,23.333333333333332,3,10.0,1,3.3333333333333335,1,3.3333333333333335,1,3.3333333333333335,1.9,1.2476644848141936,1.5,1.0,90.0,93.33333333333333,96.66666666666667,15,50.0,9,30.0,3,10.0,1,3.3333333333333335,1,3.3333333333333335,1,3.3333333333333335,1.8,1.0132456102380443,1.5,1.0,93.33333333333333,96.66666666666667,100.0,15,50.0,9,30.0,4,13.333333333333334,1,3.3333333333333335,1,3.3333333333333335,0,0.0
934,True,1.8666666666666667,1.0561986345169907,1.0,2.0,90.0,100.0,100.0,16,53.333333333333336,5,16.666666666666664,6,20.0,3,10.0,0,0.0,0,0.0,1.9333333333333333,1.6110727964792764,1.0,1.0,86.66666666666667,86.66666666666667,90.0,19,63.33333333333333,5,16.666666666666664,2,6.666666666666667,0,0.0,1,3.3333333333333335,3,10.0,2.1333333333333333,1.7838784213679537,1.0,1.0,80.0,83.33333333333334,86.66666666666667,18,60.0,5,16.666666666666664,1,3.3333333333333335,1,3.3333333333333335,1,3.3333333333333335,4,13.333333333333334,2.0,1.390443574307614,1.0,2.0,90.0,93.33333333333333,93.33333333333333,16,53.333333333333336,5,16.666666666666664,6,20.0,1,3.3333333333333335,0,0.0,2,6.666666666666667
935,True,2.8,1.5577761927397231,2.5,1.75,73.33333333333333,83.33333333333334,90.0,7,23.333333333333332,8,26.666666666666668,7,23.333333333333332,3,10.0,2,6.666666666666667,3,10.0,2.2333333333333334,1.3828312341794362,2.0,2.0,80.0,93.33333333333333,96.66666666666667,13,43.333333333333336,6,20.0,5,16.666666666666664,4,13.333333333333334,1,3.3333333333333335,1,3.3333333333333335,2.7333333333333334,1.9136933459209768,2.0,3.0,70.0,76.66666666666667,80.0,11,36.666666666666664,8,26.666666666666668,2,6.666666666666667,2,6.666666666666667,1,3.3333333333333335,6,20.0,2.8,1.7776388834631176,2.5,2.75,73.33333333333333,80.0,83.33333333333334,10,33.33333333333333,5,16.666666666666664,7,23.333333333333332,2,6.666666666666667,1,3.3333333333333335,5,16.666666666666664
936,True,3.1,1.4224392195567912,3.0,2.0,63.33333333333333,86.66666666666667,90.0,4,13.333333333333334,7,23.333333333333332,8,26.666666666666668,7,23.333333333333332,1,3.3333333333333335,3,10.0,2.4,1.624807680927192,2.0,2.0,80.0,83.33333333333334,90.0,11,36.666666666666664,10,33.33333333333333,3,10.0,1,3.3333333333333335,2,6.666666666666667,3,10.0,2.5,1.6881943016134133,2.0,2.0,76.66666666666667,80.0,90.0,11,36.666666666666664,9,30.0,3,10.0,1,3.3333333333333335,3,10.0,3,10.0,2.7666666666666666,1.7065234314893605,2.0,3.0,70.0,76.66666666666667,90.0,9,30.0,8,26.666666666666668,4,13.333333333333334,2,6.666666666666667,4,13.333333333333334,3,10.0
937,True,2.9,1.398809017223819,3.0,2.0,60.0,90.0,96.66666666666667,7,23.333333333333332,5,16.666666666666664,6,20.0,9,30.0,2,6.666666666666667,1,3.3333333333333335,2.433333333333333,1.5638272140986533,2.0,2.75,73.33333333333333,90.0,93.33333333333333,13,43.333333333333336,4,13.333333333333334,5,16.666666666666664,5,16.666666666666664,1,3.3333333333333335,2,6.666666666666667,2.8333333333333335,1.9677962857527251,2.0,3.75,66.66666666666666,73.33333333333333,80.0,12,40.0,5,16.666666666666664,3,10.0,2,6.666666666666667,2,6.666666666666667,6,20.0,2.7333333333333334,1.6719914938645934,2.5,2.75,73.33333333333333,80.0,90.0,10,33.33333333333333,5,16.666666666666664,7,23.333333333333332,2,6.666666666666667,3,10.0,3,10.0
938,True,2.466666666666667,1.2840906856172147,2.0,1.75,76.66666666666667,90.0,100.0,8,26.666666666666668,10,33.33333333333333,5,16.666666666666664,4,13.333333333333334,3,10.0,0,0.0,2.3666666666666667,1.6428295373802142,2.0,2.0,80.0,83.33333333333334,90.0,12,40.0,9,30.0,3,10.0,1,3.3333333333333335,2,6.666666666666667,3,10.0,2.566666666666667,1.8562207723101138,2.0,2.0,76.66666666666667,80.0,80.0,11,36.666666666666664,10,33.33333333333333,2,6.666666666666667,1,3.3333333333333335,0,0.0,6,20.0,2.8,1.7397317800933185,2.0,2.5,73.33333333333333,80.0,83.33333333333334,8,26.666666666666668,9,30.0,5,16.666666666666664,2,6.666666666666667,1,3.3333333333333335,5,16.666666666666664
939,True,2.5,1.118033988749895,2.0,1.0,80.0,93.33333333333333,100.0,5,16.666666666666664,13,43.333333333333336,6,20.0,4,13.333333333333334,2,6.666666666666667,0,0.0,2.3333333333333335,1.6397831834998458,2.0,2.0,76.66666666666667,86.66666666666667,90.0,13,43.333333333333336,8,26.666666666666668,2,6.666666666666667,3,10.0,1,3.3333333333333335,3,10.0,2.7333333333333334,1.9310331143946988,2.0,3.0,70.0,76.66666666666667,80.0,12,40.0,6,20.0,3,10.0,2,6.666666666666667,1,3.3333333333333335,6,20.0,2.6333333333333333,1.5380362660079105,2.0,2.75,73.33333333333333,90.0,90.0,9,30.0,7,23.333333333333332,6,20.0,5,16.666666666666664,0,0.0,3,10.0
940,True,2.466666666666667,1.4313940369055926,2.0,2.0,83.33333333333334,90.0,93.33333333333333,10,33.33333333333333,6,20.0,9,30.0,2,6.666666666666667,1,3.3333333333333335,2,6.666666666666667,2.3,1.69607389776114,2.0,1.75,83.33333333333334,83.33333333333334,86.66666666666667,13,43.333333333333336,9,30.0,3,10.0,0,0.0,1,3.3333333333333335,4,13.333333333333334,2.6666666666666665,1.86785676348292,2.0,2.75,73.33333333333333,76.66666666666667,83.33333333333334,12,40.0,6,20.0,4,13.333333333333334,1,3.3333333333333335,2,6.666666666666667,5,16.666666666666664,3.066666666666667,1.8427033281447003,2.5,3.75,63.33333333333333,70.0,83.33333333333334,8,26.666666666666668,7,23.333333333333332,4,13.333333333333334,2,6.666666666666667,4,13.333333333333334,5,16.666666666666664
941,True,2.8,1.5577761927397233,2.5,1.0,80.0,83.33333333333334,86.66666666666667,6,20.0,9,30.0,9,30.0,1,3.3333333333333335,1,3.3333333333333335,4,13.333333333333334,2.4,1.540562667772179,2.0,2.0,80.0,90.0,90.0,11,36.666666666666664,8,26.666666666666668,5,16.666666666666664,3,10.0,0,0.0,3,10.0,2.3666666666666667,1.32874209519965,2.0,2.0,86.66666666666667,93.33333333333333,93.33333333333333,9,30.0,9,30.0,8,26.666666666666668,2,6.666666666666667,0,0.0,2,6.666666666666667,2.8,1.5577761927397231,2.5,2.75,66.66666666666666,83.33333333333334,93.33333333333333,8,26.666666666666668,7,23.333333333333332,5,16.666666666666664,5,16.666666666666664,3,10.0,2,6.666666666666667
942,True,3.1666666666666665,1.4851112939963644,3.0,2.0,63.33333333333333,80.0,90.0,4,13.333333333333334,7,23.333333333333332,8,26.666666666666668,5,16.666666666666664,3,10.0,3,10.0,2.7,1.8101565309847287,2.0,3.0,66.66666666666666,80.0,86.66666666666667,12,40.0,5,16.666666666666664,3,10.0,4,13.333333333333334,2,6.666666666666667,4,13.333333333333334,2.9,1.8138357147217052,2.5,3.0,56.666666666666664,80.0,86.66666666666667,11,36.666666666666664,4,13.333333333333334,2,6.666666666666667,7,23.333333333333332,2,6.666666666666667,4,13.333333333333334,3.1666666666666665,1.7336538165261124,3.0,2.0,56.666666666666664,76.66666666666667,83.33333333333334,6,20.0,8,26.666666666666668,3,10.0,6,20.0,2,6.666666666666667,5,16.666666666666664
943,True,3.0,1.591644851508443,2.5,1.75,73.33333333333333,76.66666666666667,86.66666666666667,4,13.333333333333334,11,36.666666666666664,7,23.333333333333332,1,3.3333333333333335,3,10.0,4,13.333333333333334,2.6,1.7243356208503418,2.0,3.0,70.0,86.66666666666667,86.66666666666667,12,40.0,5,16.666666666666664,4,13.333333333333334,5,16.666666666666664,0,0.0,4,13.333333333333334,2.6,1.6451950239004087,2.0,2.75,73.33333333333333,83.33333333333334,90.0,10,33.33333333333333,8,26.666666666666668,4,13.333333333333334,3,10.0,2,6.666666666666667,3,10.0,2.7666666666666666,1.5849991237291654,2.5,2.5,73.33333333333333,83.33333333333334,90.0,8,26.666666666666668,7,23.333333333333332,7,23.333333333333332,3,10.0,2,6.666666666666667,3,10.0
944,True,2.533333333333333,1.3597385369580761,3.0,2.0,76.66666666666667,93.33333333333333,96.66666666666667,10,33.33333333333333,4,13.333333333333334,9,30.0,5,16.666666666666664,1,3.3333333333333335,1,3.3333333333333335,2.1333333333333333,1.6679994670929073,1.0,1.75,86.66666666666667,86.66666666666667,86.66666666666667,16,53.333333333333336,6,20.0,4,13.333333333333334,0,0.0,0,0.0,4,13.333333333333334,2.3333333333333335,1.7575235101952091,1.0,2.0,76.66666666666667,86.66666666666667,86.66666666666667,16,53.333333333333336,3,10.0,4,13.333333333333334,3,10.0,0,0.0,4,13.333333333333334,2.6,1.8184242262647807,2.0,3.0,70.0,80.0,86.66666666666667,13,43.333333333333336,5,16.666666666666664,3,10.0,3,10.0,2,6.666666666666667,4,13.333333333333334
945,True,2.9,1.491084616423003,3.0,2.0,70.0,86.66666666666667,90.0,6,20.0,7,23.333333333333332,8,26.666666666666668,5,16.666666666666664,1,3.3333333333333335,3,10.0,2.2666666666666666,1.6316317667360556,1.5,2.0,83.33333333333334,86.66666666666667,90.0,15,50.0,4,13.333333333333334,6,20.0,1,3.3333333333333335,1,3.3333333333333335,3,10.0,2.7333333333333334,1.8607047649270483,2.0,3.0,66.66666666666666,80.0,83.33333333333334,12,40.0,5,16.666666666666664,3,10.0,4,13.333333333333334,1,3.3333333333333335,5,16.666666666666664,2.5,1.6881943016134133,2.0,2.0,76.66666666666667,83.33333333333334,90.0,13,43.333333333333336,4,13.333333333333334,6,20.0,2,6.666666666666667,2,6.666666666666667,3,10.0
946,True,2.6,1.6041612554021285,2.0,2.75,73.33333333333333,86.66666666666667,90.0,10,33.33333333333333,7,23.333333333333332,5,16.666666666666664,4,13.333333333333334,1,3.3333333333333335,3,10.0,2.3333333333333335,1.5986105077709065,2.0,2.0,80.0,83.33333333333334,93.33333333333333,13,43.333333333333336,7,23.333333333333332,4,13.333333333333334,1,3.3333333333333335,3,10.0,2,6.666666666666667,2.466666666666667,1.6478942792411033,2.0,2.75,73.33333333333333,86.66666666666667,90.0,12,40.0,7,23.333333333333332,3,10.0,4,13.333333333333334,1,3.3333333333333335,3,10.0,2.466666666666667,1.564892612574067,2.0,2.0,76.66666666666667,86.66666666666667,93.33333333333333,12,40.0,5,16.666666666666664,6,20.0,3,10.0,2,6.666666666666667,2,6.666666666666667
947,True,3.066666666666667,1.5040685563571303,3.0,1.0,76.66666666666667,80.0,86.66666666666667,4,13.333333333333334,7,23.333333333333332,12,40.0,1,3.3333333333333335,2,6.666666666666667,4,13.333333333333334,2.3,1.4410644214144859,2.0,2.0,80.0,90.0,96.66666666666667,13,43.333333333333336,5,16.666666666666664,6,20.0,3,10.0,2,6.666666666666667,1,3.3333333333333335,2.466666666666667,1.6478942792411033,2.0,2.75,73.33333333333333,86.66666666666667,90.0,12,40.0,7,23.333333333333332,3,10.0,4,13.333333333333334,1,3.3333333333333335,3,10.0,2.6333333333333333,1.601735170231195,2.0,2.75,73.33333333333333,80.0,93.33333333333333,9,30.0,9,30.0,4,13.333333333333334,2,6.666666666666667,4,13.333333333333334,2,6.666666666666667
948,True,3.3666666666666667,1.4255603186895398,4.0,1.75,43.333333333333336,83.33333333333334,93.33333333333333,5,16.666666666666664,3,10.0,5,16.666666666666664,12,40.0,3,10.0,2,6.666666666666667,2.6,1.7625738755203049,2.0,3.0,63.33333333333333,83.33333333333334,90.0,13,43.333333333333336,5,16.666666666666664,1,3.3333333333333335,6,20.0,2,6.666666666666667,3,10.0,2.8333333333333335,2.0507451220362696,2.0,3.75,63.33333333333333,73.33333333333333,76.66666666666667,13,43.333333333333336,5,16.666666666666664,1,3.3333333333333335,3,10.0,1,3.3333333333333335,7,23.333333333333332,2.8333333333333335,1.6141733350404335,2.5,3.0,60.0,83.33333333333334,93.33333333333333,9,30.0,6,20.0,3,10.0,7,23.333333333333332,3,10.0,2,6.666666666666667
949,True,2.6666666666666665,1.6397831834998455,2.0,2.75,73.33333333333333,86.66666666666667,86.66666666666667,9,30.0,8,26.666666666666668,5,16.666666666666664,4,13.333333333333334,0,0.0,4,13.333333333333334,2.2333333333333334,1.6058919293927874,2.0,2.0,83.33333333333334,86.66666666666667,90.0,14,46.666666666666664,7,23.333333333333332,4,13.333333333333334,1,3.3333333333333335,1,3.3333333333333335,3,10.0,2.3666666666666667,1.682920741515245,2.0,2.0,76.66666666666667,83.33333333333334,90.0,13,43.333333333333336,8,26.666666666666668,2,6.666666666666667,2,6.666666666666667,2,6.666666666666667,3,10.0,2.566666666666667,1.6868774571839995,2.0,2.75,73.33333333333333,83.33333333333334,90.0,12,40.0,5,16.666666666666664,5,16.666666666666664,3,10.0,2,6.666666666666667,3,10.0
950,True,2.7333333333333334,1.4590712418826193,2.5,1.75,73.33333333333333,86.66666666666667,93.33333333333333,7,23.333333333333332,8,26.666666666666668,7,23.333333333333332,4,13.333333333333334,2,6.666666666666667,2,6.666666666666667,2.5,1.707825127659933,2.0,2.0,80.0,83.33333333333334,86.66666666666667,12,40.0,6,20.0,6,20.0,1,3.3333333333333335,1,3.3333333333333335,4,13.333333333333334,2.933333333333333,2.096558025802185,2.0,5.0,70.0,70.0,70.0,11,36.666666666666664,7,23.333333333333332,3,10.0,0,0.0,0,0.0,9,30.0,2.7,1.7349351572897471,2.0,3.0,70.0,83.33333333333334,86.66666666666667,11,36.666666666666664,5,16.666666666666664,5,16.666666666666664,4,13.333333333333334,1,3.3333333333333335,4,13.333333333333334
951,True,3.2333333333333334,1.7065234314893603,3.0,2.0,63.33333333333333,76.66666666666667,80.0,5,16.666666666666664,7,23.333333333333332,7,23.333333333333332,4,13.333333333333334,1,3.3333333333333335,6,20.0,2.3333333333333335,1.4452988925785866,2.0,2.0,83.33333333333334,90.0,93.33333333333333,11,36.666666666666664,8,26.666666666666668,6,20.0,2,6.666666666666667,1,3.3333333333333335,2,6.666666666666667,2.3666666666666667,1.4940623220676648,2.0,2.0,83.33333333333334,90.0,90.0,10,33.33333333333333,10,33.33333333333333,5,16.666666666666664,2,6.666666666666667,0,0.0,3,10.0,2.566666666666667,1.498517786199268,2.0,2.0,80.0,90.0,90.0,9,30.0,7,23.333333333333332,8,26.666666666666668,3,10.0,0,0.0,3,10.0
952,True,3.0,1.6931233465600393,3.0,2.75,63.33333333333333,80.0,86.66666666666667,8,26.666666666666668,5,16.666666666666664,6,20.0,5,16.666666666666664,2,6.666666666666667,4,13.333333333333334,2.3,1.7349351572897471,1.0,2.0,76.66666666666667,83.33333333333334,90.0,16,53.333333333333336,4,13.333333333333334,3,10.0,2,6.666666666666667,2,6.666666666666667,3,10.0,2.6333333333333333,1.9745604292826515,1.5,3.75,70.0,73.33333333333333,83.33333333333334,15,50.0,3,10.0,3,10.0,1,3.3333333333333335,3,10.0,5,16.666666666666664,2.933333333333333,1.9988885800753269,2.0,3.75,63.33333333333333,73.33333333333333,76.66666666666667,11,36.666666666666664,6,20.0,2,6.666666666666667,3,10.0,1,3.3333333333333335,7,23.333333333333332
953,True,2.7333333333333334,1.2892719737209144,2.5,1.0,80.0,90.0,93.33333333333333,4,13.333333333333334,11,36.666666666666664,9,30.0,3,10.0,1,3.3333333333333335,2,6.666666666666667,2.4,1.540562667772179,2.0,2.0,80.0,86.66666666666667,93.33333333333333,12,40.0,6,20.0,6,20.0,2,6.666666666666667,2,6.666666666666667,2,6.666666666666667,2.7333333333333334,1.7688665548562132,2.0,3.0,70.0,80.0,86.66666666666667,11,36.666666666666664,5,16.666666666666664,5,16.666666666666664,3,10.0,2,6.666666666666667,4,13.333333333333334,2.7,1.7540429489230493,2.0,2.0,76.66666666666667,80.0,83.33333333333334,9,30.0,9,30.0,5,16.666666666666664,1,3.3333333333333335,1,3.3333333333333335,5,16.666666666666664
954,True,2.1666666666666665,1.343709624716425,2.0,2.0,90.0,93.33333333333333,93.33333333333333,12,40.0,8,26.666666666666668,7,23.333333333333332,1,3.3333333333333335,0,0.0,2,6.666666666666667,2.066666666666667,1.5040685563571303,1.0,1.75,83.33333333333334,90.0,93.33333333333333,16,53.333333333333336,6,20.0,3,10.0,2,6.666666666666667,1,3.3333333333333335,2,6.666666666666667,2.2333333333333334,1.6058919293927874,1.5,2.0,80.0,90.0,90.0,15,50.0,5,16.666666666666664,4,13.333333333333334,3,10.0,0,0.0,3,10.0,2.2,1.514375558880073,2.0,2.0,80.0,90.0,93.33333333333333,14,46.666666666666664,7,23.333333333333332,3,10.0,3,10.0,1,3.3333333333333335,2,6.666666666666667
955,True,2.4,1.254325848148452,2.0,1.75,83.33333333333334,93.33333333333333,96.66666666666667,8,26.666666666666668,10,33.33333333333333,7,23.333333333333332,3,10.0,1,3.3333333333333335,1,3.3333333333333335,2.3333333333333335,1.6397831834998458,2.0,2.75,73.33333333333333,90.0,90.0,14,46.666666666666664,6,20.0,2,6.666666666666667,5,16.666666666666664,0,0.0,3,10.0,2.3,1.4866068747318506,2.0,2.0,80.0,90.0,93.33333333333333,12,40.0,8,26.666666666666668,4,13.333333333333334,3,10.0,1,3.3333333333333335,2,6.666666666666667,2.7666666666666666,1.7065234314893605,2.5,3.0,70.0,83.33333333333334,86.66666666666667,10,33.33333333333333,5,16.666666666666664,6,20.0,4,13.333333333333334,1,3.3333333333333335,4,13.333333333333334
956,True,2.966666666666667,1.32874209519965,3.0,1.0,80.0,86.66666666666667,90.0,3,10.0,8,26.666666666666668,13,43.333333333333336,2,6.666666666666667,1,3.3333333333333335,3,10.0,2.533333333333333,1.586050300449376,2.0,2.0,76.66666666666667,86.66666666666667,90.0,10,33.33333333333333,8,26.666666666666668,5,16.666666666666664,3,10.0,1,3.3333333333333335,3,10.0,2.7666666666666666,1.7829438827088444,2.0,3.0,70.0,76.66666666666667,86.66666666666667,10,33.33333333333333,7,23.333333333333332,4,13.333333333333334,2,6.666666666666667,3,10.0,4,13.333333333333334,2.8666666666666667,1.6275407487644937,2.5,2.75,66.66666666666666,76.66666666666667,93.33333333333333,8,26.666666666666668,7,23.333333333333332,5,16.666666666666664,3,10.0,5,16.666666666666664,2,6.666666666666667
957,True,2.6333333333333333,1.3780017739062924,2.0,1.75,73.33333333333333,93.33333333333333,93.33333333333333,7,23.333333333333332,9,30.0,6,20.0,6,20.0,0,0.0,2,6.666666666666667,2.3,1.5524174696260022,2.0,1.75,76.66666666666667,86.66666666666667,93.33333333333333,12,40.0,10,33.33333333333333,1,3.3333333333333335,3,10.0,2,6.666666666666667,2,6.666666666666667,2.5,1.707825127659933,2.0,2.0,76.66666666666667,83.33333333333334,86.66666666666667,11,36.666666666666664,9,30.0,3,10.0,2,6.666666666666667,1,3.3333333333333335,4,13.333333333333334,2.6,1.5187714333192688,2.0,2.5,73.33333333333333,90.0,90.0,8,26.666666666666668,10,33.33333333333333,4,13.333333333333334,5,16.666666666666664,0,0.0,3,10.0
958,True,2.7333333333333334,1.6519348924485155,2.0,3.0,66.66666666666666,80.0,93.33333333333333,10,33.33333333333333,6,20.0,4,13.333333333333334,4,13.333333333333334,4,13.333333333333334,2,6.666666666666667,2.066666666666667,1.671991493864594,1.0,1.0,83.33333333333334,83.33333333333334,90.0,17,56.666666666666664,7,23.333333333333332,1,3.3333333333333335,0,0.0,2,6.666666666666667,3,10.0,2.1,1.5132745950421556,1.0,1.75,80.0,86.66666666666667,96.66666666666667,16,53.333333333333336,6,20.0,2,6.666666666666667,2,6.666666666666667,3,10.0,1,3.3333333333333335,2.6666666666666665,1.8135294011647256,2.0,3.0,66.66666666666666,80.0,86.66666666666667,12,40.0,6,20.0,2,6.666666666666667,4,13.333333333333334,2,6.666666666666667,4,13.333333333333334
959,True,2.7,1.676305461424021,2.0,3.0,70.0,76.66666666666667,93.33333333333333,10,33.33333333333333,7,23.333333333333332,4,13.333333333333334,2,6.666666666666667,5,16.666666666666664,2,6.666666666666667,2.1333333333333333,1.521694961401777,1.0,2.0,83.33333333333334,90.0,93.33333333333333,16,53.333333333333336,4,13.333333333333334,5,16.666666666666664,2,6.666666666666667,1,3.3333333333333335,2,6.666666666666667,2.2,1.6411378166788229,1.0,2.0,83.33333333333334,86.66666666666667,90.0,16,53.333333333333336,4,13.333333333333334,5,16.666666666666664,1,3.3333333333333335,1,3.3333333333333335,3,10.0,2.566666666666667,1.7829438827088444,2.0,2.0,76.66666666666667,80.0,86.66666666666667,13,43.333333333333336,4,13.333333333333334,6,20.0,1,3.3333333333333335,2,6.666666666666667,4,13.333333333333334
960,True,2.566666666666667,1.4533486237727762,2.0,2.0,76.66666666666667,90.0,93.33333333333333,9,30.0,7,23.333333333333332,7,23.333333333333332,4,13.333333333333334,1,3.3333333333333335,2,6.666666666666667,2.2,1.4922019523732928,2.0,2.0,83.33333333333334,90.0,93.33333333333333,14,46.666666666666664,6,20.0,5,16.666666666666664,2,6.666666666666667,1,3.3333333333333335,2,6.666666666666667,2.2,1.4922019523732928,2.0,2.0,83.33333333333334,90.0,93.33333333333333,14,46.666666666666664,6,20.0,5,16.666666666666664,2,6.666666666666667,1,3.3333333333333335,2,6.666666666666667,2.6333333333333333,1.7220788470785986,2.0,2.0,76.66666666666667,80.0,86.66666666666667,10,33.33333333333333,8,26.666666666666668,5,16.666666666666664,1,3.3333333333333335,2,6.666666666666667,4,13.333333333333334
961,True,2.933333333333333,1.339983416149452,3.0,2.0,66.66666666666666,86.66666666666667,96.66666666666667,5,16.666666666666664,7,23.333333333333332,8,26.666666666666668,6,20.0,3,10.0,1,3.3333333333333335,2.466666666666667,1.7650936393164969,1.5,3.0,70.0,83.33333333333334,90.0,15,50.0,3,10.0,3,10.0,4,13.333333333333334,2,6.666666666666667,3,10.0,2.466666666666667,1.7074997966487597,2.0,2.75,73.33333333333333,83.33333333333334,90.0,13,43.333333333333336,6,20.0,3,10.0,3,10.0,2,6.666666666666667,3,10.0,2.5,1.707825127659933,2.0,3.0,66.66666666666666,83.33333333333334,93.33333333333333,14,46.666666666666664,4,13.333333333333334,2,6.666666666666667,5,16.666666666666664,3,10.0,2,6.666666666666667
962,True,3.033333333333333,1.5807874268505835,3.0,2.0,56.666666666666664,83.33333333333334,90.0,6,20.0,8,26.666666666666668,3,10.0,8,26.666666666666668,2,6.666666666666667,3,10.0,2.4,1.6852299546352716,2.0,2.0,76.66666666666667,83.33333333333334,90.0,13,43.333333333333336,7,23.333333333333332,3,10.0,2,6.666666666666667,2,6.666666666666667,3,10.0,2.433333333333333,1.6669999666733315,2.0,2.0,76.66666666666667,83.33333333333334,90.0,12,40.0,8,26.666666666666668,3,10.0,2,6.666666666666667,2,6.666666666666667,3,10.0,2.8,1.7009801096230763,3.0,3.0,63.33333333333333,83.33333333333334,90.0,11,36.666666666666664,3,10.0,5,16.666666666666664,6,20.0,2,6.666666666666667,3,10.0
963,True,2.8333333333333335,1.5293426329272617,3.0,1.0,76.66666666666667,83.33333333333334,90.0,7,23.333333333333332,6,20.0,10,33.33333333333333,2,6.666666666666667,2,6.666666666666667,3,10.0,2.533333333333333,1.8208667044996885,2.0,2.75,73.33333333333333,83.33333333333334,83.33333333333334,13,43.333333333333336,6,20.0,3,10.0,3,10.0,0,0.0,5,16.666666666666664,2.6333333333333333,1.7603661235347856,2.0,2.75,73.33333333333333,80.0,86.66666666666667,11,36.666666666666664,7,23.333333333333332,4,13.333333333333334,2,6.666666666666667,2,6.666666666666667,4,13.333333333333334,2.6666666666666665,1.577621275493231,2.0,2.75,73.33333333333333,86.66666666666667,90.0,9,30.0,7,23.333333333333332,6,20.0,4,13.333333333333334,1,3.3333333333333335,3,10.0
964,True,2.7,1.7349351572897471,2.0,3.0,70.0,83.33333333333334,86.66666666666667,11,36.666666666666664,5,16.666666666666664,5,16.666666666666664,4,13.333333333333334,1,3.3333333333333335,4,13.333333333333334,2.033333333333333,1.601735170231195,1.0,1.0,80.0,86.66666666666667,93.33333333333333,18,60.0,5,16.666666666666664,1,3.3333333333333335,2,6.666666666666667,2,6.666666666666667,2,6.666666666666667,2.066666666666667,1.5477582354991866,1.0,1.75,80.0,90.0,93.33333333333333,17,56.666666666666664,5,16.666666666666664,2,6.666666666666667,3,10.0,1,3.3333333333333335,2,6.666666666666667,2.466666666666667,1.80246744461277,1.5,2.75,73.33333333333333,83.33333333333334,86.66666666666667,15,50.0,3,10.0,4,13.333333333333334,3,10.0,1,3.3333333333333335,4,13.333333333333334
965,True,2.6333333333333333,1.6629959577688562,2.0,3.0,70.0,83.33333333333334,90.0,10,33.33333333333333,8,26.666666666666668,3,10.0,4,13.333333333333334,2,6.666666666666667,3,10.0,2.1666666666666665,1.4395215254459457,2.0,2.0,83.33333333333334,93.33333333333333,93.33333333333333,14,46.666666666666664,6,20.0,5,16.666666666666664,3,10.0,0,0.0,2,6.666666666666667,2.1666666666666665,1.3924399049470282,2.0,2.0,86.66666666666667,93.33333333333333,93.33333333333333,13,43.333333333333336,7,23.333333333333332,6,20.0,2,6.666666666666667,0,0.0,2,6.666666666666667,2.433333333333333,1.5849991237291652,2.0,2.0,76.66666666666667,90.0,90.0,12,40.0,6,20.0,5,16.666666666666664,4,13.333333333333334,0,0.0,3,10.0
966,True,2.466666666666667,1.3349989596333858,2.0,2.0,83.33333333333334,90.0,96.66666666666667,9,30.0,7,23.333333333333332,9,30.0,2,6.666666666666667,2,6.666666666666667,1,3.3333333333333335,2.2666666666666666,1.590248058916875,2.0,2.0,83.33333333333334,86.66666666666667,90.0,13,43.333333333333336,8,26.666666666666668,4,13.333333333333334,1,3.3333333333333335,1,3.3333333333333335,3,10.0,2.5,1.8211717839530315,2.0,2.0,80.0,80.0,83.33333333333334,13,43.333333333333336,6,20.0,5,16.666666666666664,0,0.0,1,3.3333333333333335,5,16.666666666666664,2.8,1.9390719429665317,2.0,3.75,70.0,73.33333333333333,80.0,11,36.666666666666664,7,23.333333333333332,3,10.0,1,3.3333333333333335,2,6.666666666666667,6,20.0
967,True,2.533333333333333,1.6478942792411033,2.0,2.0,76.66666666666667,86.66666666666667,86.66666666666667,10,33.33333333333333,9,30.0,4,13.333333333333334,3,10.0,0,0.0,4,13.333333333333334,2.1,1.5132745950421556,1.0,2.0,83.33333333333334,90.0,93.33333333333333,16,53.333333333333336,5,16.666666666666664,4,13.333333333333334,2,6.666666666666667,1,3.3333333333333335,2,6.666666666666667,2.1666666666666665,1.507389207279335,1.5,2.0,83.33333333333334,90.0,93.33333333333333,15,50.0,5,16.666666666666664,5,16.666666666666664,2,6.666666666666667,1,3.3333333333333335,2,6.666666666666667,2.466666666666667,1.627540748764494,2.0,2.0,76.66666666666667,86.66666666666667,90.0,12,40.0,6,20.0,5,16.666666666666664,3,10.0,1,3.3333333333333335,3,10.0
968,True,2.6666666666666665,1.5129074290546956,2.0,2.5,73.33333333333333,90.0,90.0,8,26.666666666666668,8,26.666666666666668,6,20.0,5,16.666666666666664,0,0.0,3,10.0,2.3666666666666667,1.6629959577688562,2.0,2.0,80.0,86.66666666666667,86.66666666666667,12,40.0,9,30.0,3,10.0,2,6.666666666666667,0,0.0,4,13.333333333333334,2.466666666666667,1.7838784213679537,2.0,2.0,76.66666666666667,83.33333333333334,83.33333333333334,12,40.0,9,30.0,2,6.666666666666667,2,6.666666666666667,0,0.0,5,16.666666666666664,2.533333333333333,1.687865186822955,2.0,2.0,76.66666666666667,83.33333333333334,86.66666666666667,10,33.33333333333333,10,33.33333333333333,3,10.0,2,6.666666666666667,1,3.3333333333333335,4,13.333333333333334
969,True,2.3,1.1590225767142475,2.0,2.0,86.66666666666667,93.33333333333333,100.0,9,30.0,9,30.0,8,26.666666666666668,2,6.666666666666667,2,6.666666666666667,0,0.0,2.2333333333333334,1.7259457954666158,1.0,2.0,80.0,86.66666666666667,86.66666666666667,16,53.333333333333336,5,16.666666666666664,3,10.0,2,6.666666666666667,0,0.0,4,13.333333333333334,2.2333333333333334,1.7065234314893605,1.0,2.0,83.33333333333334,86.66666666666667,86.66666666666667,16,53.333333333333336,4,13.333333333333334,5,16.666666666666664,1,3.3333333333333335,0,0.0,4,13.333333333333334,2.466666666666667,1.7838784213679537,2.0,2.0,80.0,83.33333333333334,83.33333333333334,13,43.333333333333336,6,20.0,5,16.666666666666664,1,3.3333333333333335,0,0.0,5,16.666666666666664
970,True,3.1666666666666665,1.8454147380888546,3.0,2.75,66.66666666666666,73.33333333333333,76.66666666666667,7,23.333333333333332,6,20.0,7,23.333333333333332,2,6.666666666666667,1,3.3333333333333335,7,23.333333333333332,2.2333333333333334,1.54236470683457,2.0,2.0,80.0,83.33333333333334,96.66666666666667,14,46.666666666666664,7,23.333333333333332,3,10.0,1,3.3333333333333335,4,13.333333333333334,1,3.3333333333333335,2.4,1.7435595774162695,2.0,2.0,76.66666666666667,80.0,90.0,14,46.666666666666664,6,20.0,3,10.0,1,3.3333333333333335,3,10.0,3,10.0,2.3666666666666667,1.6224124698183944,2.0,2.0,76.66666666666667,83.33333333333334,93.33333333333333,13,43.333333333333336,7,23.333333333333332,3,10.0,2,6.666666666666667,3,10.0,2,6.666666666666667
971,True,2.7,1.2151817422372124,3.0,1.0,80.0,93.33333333333333,96.66666666666667,6,20.0,6,20.0,12,40.0,4,13.333333333333334,1,3.3333333333333335,1,3.3333333333333335,2.533333333333333,1.564892612574067,2.0,2.0,80.0,86.66666666666667,90.0,10,33.33333333333333,7,23.333333333333332,7,23.333333333333332,2,6.666666666666667,1,3.3333333333333335,3,10.0,2.7,1.7540429489230491,2.0,2.75,73.33333333333333,83.33333333333334,83.33333333333334,10,33.33333333333333,7,23.333333333333332,5,16.666666666666664,3,10.0,0,0.0,5,16.666666666666664,3.033333333333333,1.5595583420386114,3.0,2.0,66.66666666666666,80.0,90.0,6,20.0,6,20.0,8,26.666666666666668,4,13.333333333333334,3,10.0,3,10.0
972,True,3.033333333333333,1.4019827229875395,3.0,2.0,70.0,86.66666666666667,90.0,4,13.333333333333334,7,23.333333333333332,10,33.33333333333333,5,16.666666666666664,1,3.3333333333333335,3,10.0,2.6333333333333333,1.5162087220725546,2.5,3.0,70.0,90.0,93.33333333333333,10,33.33333333333333,5,16.666666666666664,6,20.0,6,20.0,1,3.3333333333333335,2,6.666666666666667,2.566666666666667,1.430229196861662,2.0,2.75,73.33333333333333,93.33333333333333,93.33333333333333,9,30.0,7,23.333333333333332,6,20.0,6,20.0,0,0.0,2,6.666666666666667,2.7333333333333334,1.5260697523012796,2.5,2.75,70.0,90.0,90.0,8,26.666666666666668,7,23.333333333333332,6,20.0,6,20.0,0,0.0,3,10.0
973,True,2.566666666666667,1.5849991237291652,2.0,2.0,83.33333333333334,86.66666666666667,86.66666666666667,9,30.0,8,26.666666666666668,8,26.666666666666668,1,3.3333333333333335,0,0.0,4,13.333333333333334,2.2,1.5577761927397231,2.0,2.0,83.33333333333334,90.0,90.0,14,46.666666666666664,7,23.333333333333332,4,13.333333333333334,2,6.666666666666667,0,0.0,3,10.0,2.3666666666666667,1.5807874268505835,2.0,2.0,83.33333333333334,86.66666666666667,90.0,12,40.0,7,23.333333333333332,6,20.0,1,3.3333333333333335,1,3.3333333333333335,3,10.0,2.5,1.648231375343482,2.0,2.75,73.33333333333333,86.66666666666667,90.0,12,40.0,6,20.0,4,13.333333333333334,4,13.333333333333334,1,3.3333333333333335,3,10.0
974,True,2.933333333333333,1.412641340027806,3.0,2.0,70.0,90.0,90.0,5,16.666666666666664,7,23.333333333333332,9,30.0,6,20.0,0,0.0,3,10.0,2.433333333333333,1.5423647068345698,2.0,2.0,80.0,86.66666666666667,93.33333333333333,12,40.0,5,16.666666666666664,7,23.333333333333332,2,6.666666666666667,2,6.666666666666667,2,6.666666666666667,2.5,1.52206000757745,2.0,2.0,80.0,86.66666666666667,93.33333333333333,11,36.666666666666664,5,16.666666666666664,8,26.666666666666668,2,6.666666666666667,2,6.666666666666667,2,6.666666666666667,2.8333333333333335,1.6346933113652304,3.0,3.0,70.0,86.66666666666667,86.66666666666667,9,30.0,4,13.333333333333334,8,26.666666666666668,5,16.666666666666664,0,0.0,4,13.333333333333334
975,True,2.6,1.3564659966250536,2.0,1.75,73.33333333333333,90.0,96.66666666666667,7,23.333333333333332,10,33.33333333333333,5,16.666666666666664,5,16.666666666666664,2,6.666666666666667,1,3.3333333333333335,2.433333333333333,1.5205992970609392,2.0,2.0,76.66666666666667,86.66666666666667,93.33333333333333,10,33.33333333333333,10,33.33333333333333,3,10.0,3,10.0,2,6.666666666666667,2,6.666666666666667,2.6666666666666665,1.6599866130651642,2.0,2.75,73.33333333333333,80.0,90.0,9,30.0,9,30.0,4,13.333333333333334,2,6.666666666666667,3,10.0,3,10.0,2.466666666666667,1.384035966135113,2.0,1.75,80.0,86.66666666666667,96.66666666666667,8,26.666666666666668,11,36.666666666666664,5,16.666666666666664,2,6.666666666666667,3,10.0,1,3.3333333333333335
976,True,2.7666666666666666,1.3828312341794362,3.0,1.0,80.0,86.66666666666667,93.33333333333333,6,20.0,7,23.333333333333332,11,36.666666666666664,2,6.666666666666667,2,6.666666666666667,2,6.666666666666667,2.433333333333333,1.6669999666733315,2.0,2.0,80.0,86.66666666666667,86.66666666666667,12,40.0,7,23.333333333333332,5,16.666666666666664,2,6.666666666666667,0,0.0,4,13.333333333333334,2.466666666666667,1.7074997966487597,2.0,2.0,80.0,83.33333333333334,86.66666666666667,12,40.0,7,23.333333333333332,5,16.666666666666664,1,3.3333333333333335,1,3.3333333333333335,4,13.333333333333334,2.6,1.518771433319269,2.0,2.0,76.66666666666667,90.0,90.0,9,30.0,7,23.333333333333332,7,23.333333333333332,4,13.333333333333334,0,0.0,3,10.0
977,True,3.1333333333333333,1.586050300449376,3.0,1.0,76.66666666666667,76.66666666666667,83.33333333333334,4,13.333333333333334,7,23.333333333333332,12,40.0,0,0.0,2,6.666666666666667,5,16.666666666666664,2.466666666666667,1.564892612574067,2.0,2.0,76.66666666666667,90.0,90.0,11,36.666666666666664,7,23.333333333333332,5,16.666666666666664,4,13.333333333333334,0,0.0,3,10.0,2.7333333333333334,1.7499206331208919,2.0,2.75,73.33333333333333,83.33333333333334,83.33333333333334,10,33.33333333333333,6,20.0,6,20.0,3,10.0,0,0.0,5,16.666666666666664,2.8,1.5362291495737217,2.5,2.0,70.0,86.66666666666667,90.0,7,23.333333333333332,8,26.666666666666668,6,20.0,5,16.666666666666664,1,3.3333333333333335,3,10.0
978,True,2.7,1.3453624047073711,2.0,1.0,76.66666666666667,90.0,93.33333333333333,5,16.666666666666664,11,36.666666666666664,7,23.333333333333332,4,13.333333333333334,1,3.3333333333333335,2,6.666666666666667,2.533333333333333,1.5434449203720302,2.0,2.0,80.0,86.66666666666667,90.0,9,30.0,9,30.0,6,20.0,2,6.666666666666667,1,3.3333333333333335,3,10.0,2.6333333333333333,1.6428295373802142,2.0,1.75,76.66666666666667,83.33333333333334,86.66666666666667,8,26.666666666666668,11,36.666666666666664,4,13.333333333333334,2,6.666666666666667,1,3.3333333333333335,4,13.333333333333334,3.033333333333333,1.7220788470785986,2.5,2.0,66.66666666666666,76.66666666666667,83.33333333333334,6,20.0,9,30.0,5,16.666666666666664,3,10.0,2,6.666666666666667,5,16.666666666666664
979,True,2.8333333333333335,1.5509853498842459,3.0,2.75,66.66666666666666,83.33333333333334,93.33333333333333,8,26.666666666666668,6,20.0,6,20.0,5,16.666666666666664,3,10.0,2,6.666666666666667,2.4,1.781385228784985,2.0,2.75,73.33333333333333,83.33333333333334,86.66666666666667,14,46.666666666666664,7,23.333333333333332,1,3.3333333333333335,3,10.0,1,3.3333333333333335,4,13.333333333333334,2.4,1.6041612554021285,2.0,2.75,73.33333333333333,90.0,90.0,12,40.0,8,26.666666666666668,2,6.666666666666667,5,16.666666666666664,0,0.0,3,10.0,2.6,1.4742229591663987,2.0,2.75,70.0,90.0,93.33333333333333,8,26.666666666666668,10,33.33333333333333,3,10.0,6,20.0,1,3.3333333333333335,2,6.666666666666667
980,True,3.1,1.5132745950421556,3.0,2.0,66.66666666666666,83.33333333333334,86.66666666666667,4,13.333333333333334,8,26.666666666666668,8,26.666666666666668,5,16.666666666666664,1,3.3333333333333335,4,13.333333333333334,2.4,1.5832456116050555,2.0,2.75,73.33333333333333,86.66666666666667,93.33333333333333,12,40.0,8,26.666666666666668,2,6.666666666666667,4,13.333333333333334,2,6.666666666666667,2,6.666666666666667,2.6333333333333333,1.8162843634433703,2.0,3.0,70.0,83.33333333333334,83.33333333333334,12,40.0,6,20.0,3,10.0,4,13.333333333333334,0,0.0,5,16.666666666666664,2.9,1.8138357147217052,2.0,3.0,60.0,76.66666666666667,86.66666666666667,10,33.33333333333333,6,20.0,2,6.666666666666667,5,16.666666666666664,3,10.0,4,13.333333333333334
981,True,2.533333333333333,1.4544949486180954,2.0,1.0,86.66666666666667,86.66666666666667,90.0,7,23.333333333333332,11,36.666666666666664,8,26.666666666666668,0,0.0,1,3.3333333333333335,3,10.0,2.1,1.445683229480096,2.0,1.75,86.66666666666667,90.0,93.33333333333333,14,46.666666666666664,8,26.666666666666668,4,13.333333333333334,1,3.3333333333333335,1,3.3333333333333335,2,6.666666666666667,2.1333333333333333,1.4544949486180951,2.0,1.0,90.0,90.0,90.0,12,40.0,11,36.666666666666664,4,13.333333333333334,0,0.0,0,0.0,3,10.0,2.2333333333333334,1.358512258154322,2.0,2.0,86.66666666666667,93.33333333333333,93.33333333333333,11,36.666666666666664,9,30.0,6,20.0,2,6.666666666666667,0,0.0,2,6.666666666666667
982,True,3.1333333333333333,1.6478942792411035,3.0,2.0,70.0,80.0,80.0,4,13.333333333333334,9,30.0,8,26.666666666666668,3,10.0,0,0.0,6,20.0,2.1666666666666665,1.4395215254459455,2.0,2.0,83.33333333333334,93.33333333333333,93.33333333333333,14,46.666666666666664,6,20.0,5,16.666666666666664,3,10.0,0,0.0,2,6.666666666666667,2.3,1.3940349110884322,2.0,2.0,83.33333333333334,93.33333333333333,93.33333333333333,11,36.666666666666664,8,26.666666666666668,6,20.0,3,10.0,0,0.0,2,6.666666666666667,2.5,1.648231375343482,2.0,2.0,80.0,86.66666666666667,86.66666666666667,11,36.666666666666664,7,23.333333333333332,6,20.0,2,6.666666666666667,0,0.0,4,13.333333333333334
983,True,2.6333333333333333,1.2242911781471306,2.0,1.0,76.66666666666667,93.33333333333333,96.66666666666667,5,16.666666666666664,11,36.666666666666664,7,23.333333333333332,5,16.666666666666664,1,3.3333333333333335,1,3.3333333333333335,2.533333333333333,1.8571184369578826,2.0,1.75,76.66666666666667,80.0,80.0,11,36.666666666666664,11,36.666666666666664,1,3.3333333333333335,1,3.3333333333333335,0,0.0,6,20.0,2.6666666666666665,1.86785676348292,2.0,3.5,73.33333333333333,73.33333333333333,83.33333333333334,10,33.33333333333333,11,36.666666666666664,1,3.3333333333333335,0,0.0,3,10.0,5,16.666666666666664,2.7333333333333334,1.6519348924485153,2.0,2.75,70.0,80.0,90.0,8,26.666666666666668,10,33.33333333333333,3,10.0,3,10.0,3,10.0,3,10.0
984,True,2.9,1.5989579940281942,3.0,2.0,66.66666666666666,86.66666666666667,86.66666666666667,7,23.333333333333332,7,23.333333333333332,6,20.0,6,20.0,0,0.0,4,13.333333333333334,2.433333333333333,1.6468825769380835,2.0,2.75,73.33333333333333,86.66666666666667,90.0,12,40.0,8,26.666666666666668,2,6.666666666666667,4,13.333333333333334,1,3.3333333333333335,3,10.0,2.533333333333333,1.80246744461277,2.0,2.75,73.33333333333333,83.33333333333334,83.33333333333334,12,40.0,8,26.666666666666668,2,6.666666666666667,3,10.0,0,0.0,5,16.666666666666664,2.7,1.6155494421403511,2.0,3.0,66.66666666666666,86.66666666666667,90.0,9,30.0,8,26.666666666666668,3,10.0,6,20.0,1,3.3333333333333335,3,10.0
985,True,2.7,1.6155494421403511,2.5,2.0,80.0,80.0,90.0,9,30.0,6,20.0,9,30.0,0,0.0,3,10.0,3,10.0,2.1666666666666665,1.6141733350404335,1.0,2.0,80.0,90.0,90.0,16,53.333333333333336,5,16.666666666666664,3,10.0,3,10.0,0,0.0,3,10.0,2.2666666666666666,1.671991493864594,1.5,2.0,76.66666666666667,86.66666666666667,90.0,15,50.0,6,20.0,2,6.666666666666667,3,10.0,1,3.3333333333333335,3,10.0,2.5,1.7272328544042153,2.0,2.75,73.33333333333333,86.66666666666667,86.66666666666667,13,43.333333333333336,5,16.666666666666664,4,13.333333333333334,4,13.333333333333334,0,0.0,4,13.333333333333334
986,True,2.8,1.6,2.0,2.0,66.66666666666666,83.33333333333334,90.0,7,23.333333333333332,10,33.33333333333333,3,10.0,5,16.666666666666664,2,6.666666666666667,3,10.0,2.4,1.854723699099141,1.5,2.75,73.33333333333333,83.33333333333334,83.33333333333334,15,50.0,6,20.0,1,3.3333333333333335,3,10.0,0,0.0,5,16.666666666666664,2.566666666666667,1.7829438827088444,2.0,3.0,66.66666666666666,80.0,90.0,13,43.333333333333336,6,20.0,1,3.3333333333333335,4,13.333333333333334,3,10.0,3,10.0,2.9,1.885912687975418,2.0,3.0,66.66666666666666,76.66666666666667,80.0,10,33.33333333333333,6,20.0,4,13.333333333333334,3,10.0,1,3.3333333333333335,6,20.0
987,True,2.2666666666666666,1.4817407180595248,2.0,1.0,83.33333333333334,90.0,90.0,10,33.33333333333333,13,43.333333333333336,2,6.666666666666667,2,6.666666666666667,0,0.0,3,10.0,2.1666666666666665,1.5509853498842454,2.0,1.0,80.0,86.66666666666667,93.33333333333333,14,46.666666666666664,9,30.0,1,3.3333333333333335,2,6.666666666666667,2,6.666666666666667,2,6.666666666666667,2.3,1.7916472867168918,2.0,1.0,80.0,83.33333333333334,83.33333333333334,14,46.666666666666664,9,30.0,1,3.3333333333333335,1,3.3333333333333335,0,0.0,5,16.666666666666664,2.6333333333333333,1.5807874268505833,2.0,2.75,70.0,86.66666666666667,90.0,8,26.666666666666668,11,36.666666666666664,2,6.666666666666667,5,16.666666666666664,1,3.3333333333333335,3,10.0
988,True,2.3333333333333335,1.349897115421106,2.0,2.0,86.66666666666667,93.33333333333333,93.33333333333333,10,33.33333333333333,8,26.666666666666668,8,26.666666666666668,2,6.666666666666667,0,0.0,2,6.666666666666667,2.1,1.445683229480096,1.5,2.0,83.33333333333334,93.33333333333333,93.33333333333333,15,50.0,6,20.0,4,13.333333333333334,3,10.0,0,0.0,2,6.666666666666667,2.1333333333333333,1.4079141387961915,2.0,2.0,86.66666666666667,93.33333333333333,93.33333333333333,14,46.666666666666664,6,20.0,6,20.0,2,6.666666666666667,0,0.0,2,6.666666666666667,2.3,1.3940349110884322,2.0,2.0,83.33333333333334,93.33333333333333,93.33333333333333,11,36.666666666666664,8,26.666666666666668,6,20.0,3,10.0,0,0.0,2,6.666666666666667
989,True,2.2333333333333334,1.2565384549980512,2.0,2.0,83.33333333333334,96.66666666666667,96.66666666666667,11,36.666666666666664,8,26.666666666666668,6,20.0,4,13.333333333333334,0,0.0,1,3.3333333333333335,2.1,1.6603212540549697,1.0,1.0,86.66666666666667,86.66666666666667,86.66666666666667,16,53.333333333333336,7,23.333333333333332,3,10.0,0,0.0,0,0.0,4,13.333333333333334,2.1333333333333333,1.384035966135113,2.0,2.0,80.0,93.33333333333333,96.66666666666667,14,46.666666666666664,7,23.333333333333332,3,10.0,4,13.333333333333334,1,3.3333333333333335,1,3.3333333333333335,2.466666666666667,1.6679994670929073,2.0,2.0,80.0,86.66666666666667,86.66666666666667,12,40.0,6,20.0,6,20.0,2,6.666666666666667,0,0.0,4,13.333333333333334
990,True,3.3333333333333335,1.4452988925785866,4.0,2.0,43.333333333333336,83.33333333333334,93.33333333333333,5,16.666666666666664,4,13.333333333333334,4,13.333333333333334,12,40.0,3,10.0,2,6.666666666666667,2.566666666666667,1.6868774571839995,2.0,3.0,70.0,80.0,93.33333333333333,12,40.0,6,20.0,3,10.0,3,10.0,4,13.333333333333334,2,6.666666666666667,2.6666666666666665,1.7191729277636836,2.0,3.0,70.0,80.0,90.0,11,36.666666666666664,6,20.0,4,13.333333333333334,3,10.0,3,10.0,3,10.0,2.966666666666667,1.7792008193443356,2.5,3.0,60.0,76.66666666666667,86.66666666666667,9,30.0,6,20.0,3,10.0,5,16.666666666666664,3,10.0,4,13.333333333333334
991,True,2.8333333333333335,1.2405196043952262,3.0,1.75,73.33333333333333,90.0,96.66666666666667,4,13.333333333333334,9,30.0,9,30.0,5,16.666666666666664,2,6.666666666666667,1,3.3333333333333335,2.6,1.7625738755203049,2.0,3.0,70.0,83.33333333333334,86.66666666666667,12,40.0,6,20.0,3,10.0,4,13.333333333333334,1,3.3333333333333335,4,13.333333333333334,2.966666666666667,2.024571285208029,2.0,4.5,66.66666666666666,73.33333333333333,73.33333333333333,11,36.666666666666664,5,16.666666666666664,4,13.333333333333334,2,6.666666666666667,0,0.0,8,26.666666666666668,3.2333333333333334,1.782943882708844,3.0,2.75,66.66666666666666,73.33333333333333,76.66666666666667,5,16.666666666666664,8,26.666666666666668,7,23.333333333333332,2,6.666666666666667,1,3.3333333333333335,7,23.333333333333332
992,True,2.1,0.9780933834080807,2.0,2.0,93.33333333333333,100.0,100.0,11,36.666666666666664,7,23.333333333333332,10,33.33333333333333,2,6.666666666666667,0,0.0,0,0.0,2.2333333333333334,1.6468825769380833,2.0,1.0,83.33333333333334,86.66666666666667,86.66666666666667,13,43.333333333333336,10,33.33333333333333,2,6.666666666666667,1,3.3333333333333335,0,0.0,4,13.333333333333334,2.1666666666666665,1.5073892072793351,2.0,1.75,86.66666666666667,90.0,90.0,13,43.333333333333336,9,30.0,4,13.333333333333334,1,3.3333333333333335,0,0.0,3,10.0,2.6666666666666665,1.5563490039905001,2.0,1.75,76.66666666666667,80.0,93.33333333333333,8,26.666666666666668,9,30.0,6,20.0,1,3.3333333333333335,4,13.333333333333334,2,6.666666666666667
993,True,2.6,1.4966629547095767,2.0,3.0,70.0,90.0,93.33333333333333,9,30.0,8,26.666666666666668,4,13.333333333333334,6,20.0,1,3.3333333333333335,2,6.666666666666667,2.466666666666667,1.7074997966487597,2.0,2.75,73.33333333333333,83.33333333333334,90.0,13,43.333333333333336,6,20.0,3,10.0,3,10.0,2,6.666666666666667,3,10.0,2.6333333333333333,1.7978382080215733,2.0,3.0,70.0,80.0,86.66666666666667,12,40.0,6,20.0,3,10.0,3,10.0,2,6.666666666666667,4,13.333333333333334,3.1333333333333333,1.961858529274955,3.0,4.0,66.66666666666666,66.66666666666666,76.66666666666667,9,30.0,5,16.666666666666664,6,20.0,0,0.0,3,10.0,7,23.333333333333332
994,True,2.6,1.4047538337136984,2.0,2.5,73.33333333333333,93.33333333333333,93.33333333333333,8,26.666666666666668,8,26.666666666666668,6,20.0,6,20.0,0,0.0,2,6.666666666666667,2.1,1.491084616423003,1.5,1.75,83.33333333333334,90.0,93.33333333333333,15,50.0,7,23.333333333333332,3,10.0,2,6.666666666666667,1,3.3333333333333335,2,6.666666666666667,2.2333333333333334,1.6468825769380835,1.5,2.0,80.0,86.66666666666667,90.0,15,50.0,6,20.0,3,10.0,2,6.666666666666667,1,3.3333333333333335,3,10.0,2.2,1.4922019523732928,2.0,2.0,83.33333333333334,90.0,93.33333333333333,14,46.666666666666664,6,20.0,5,16.666666666666664,2,6.666666666666667,1,3.3333333333333335,2,6.666666666666667
995,True,2.4,1.2806248474865698,2.0,2.0,83.33333333333334,93.33333333333333,96.66666666666667,9,30.0,8,26.666666666666668,8,26.666666666666668,3,10.0,1,3.3333333333333335,1,3.3333333333333335,2.033333333333333,1.6428295373802142,1.0,1.0,83.33333333333334,86.66666666666667,90.0,18,60.0,5,16.666666666666664,2,6.666666666666667,1,3.3333333333333335,1,3.3333333333333335,3,10.0,2.1333333333333333,1.6478942792411033,1.0,2.0,83.33333333333334,86.66666666666667,90.0,17,56.666666666666664,4,13.333333333333334,4,13.333333333333334,1,3.3333333333333335,1,3.3333333333333335,3,10.0,2.2,1.4922019523732928,2.0,1.75,80.0,90.0,93.33333333333333,13,43.333333333333336,9,30.0,2,6.666666666666667,3,10.0,1,3.3333333333333335,2,6.666666666666667
996,True,2.033333333333333,1.1685698761972068,2.0,1.75,90.0,96.66666666666667,96.66666666666667,12,40.0,10,33.33333333333333,5,16.666666666666664,2,6.666666666666667,0,0.0,1,3.3333333333333335,2.0,1.4605934866804429,1.0,1.0,86.66666666666667,90.0,93.33333333333333,16,53.333333333333336,7,23.333333333333332,3,10.0,1,3.3333333333333335,1,3.3333333333333335,2,6.666666666666667,2.3,1.7156145643277028,2.0,1.75,76.66666666666667,86.66666666666667,86.66666666666667,14,46.666666666666664,8,26.666666666666668,1,3.3333333333333335,3,10.0,0,0.0,4,13.333333333333334,2.3333333333333335,1.7575235101952091,2.0,1.75,76.66666666666667,83.33333333333334,86.66666666666667,14,46.666666666666664,8,26.666666666666668,1,3.3333333333333335,2,6.666666666666667,1,3.3333333333333335,4,13.333333333333334
997,True,3.033333333333333,1.5595583420386114,3.0,2.0,70.0,80.0,86.66666666666667,4,13.333333333333334,10,33.33333333333333,7,23.333333333333332,3,10.0,2,6.666666666666667,4,13.333333333333334,2.533333333333333,1.6478942792411033,2.0,2.75,73.33333333333333,86.66666666666667,86.66666666666667,9,30.0,12,40.0,1,3.3333333333333335,4,13.333333333333334,0,0.0,4,13.333333333333334,2.8333333333333335,1.8454147380888544,2.0,3.75,70.0,73.33333333333333,83.33333333333334,9,30.0,9,30.0,3,10.0,1,3.3333333333333335,3,10.0,5,16.666666666666664,3.033333333333333,1.7026123718829511,2.0,2.0,66.66666666666666,80.0,80.0,4,13.333333333333334,13,43.333333333333336,3,10.0,4,13.333333333333334,0,0.0,6,20.0
998,True,2.8666666666666667,1.4996295838935991,2.5,1.0,80.0,83.33333333333334,86.66666666666667,4,13.333333333333334,11,36.666666666666664,9,30.0,1,3.3333333333333335,1,3.3333333333333335,4,13.333333333333334,2.533333333333333,1.6069294390925266,2.0,2.0,80.0,83.33333333333334,90.0,10,33.33333333333333,8,26.666666666666668,6,20.0,1,3.3333333333333335,2,6.666666666666667,3,10.0,2.8666666666666667,1.910206504252587,2.0,3.75,70.0,73.33333333333333,80.0,10,33.33333333333333,7,23.333333333333332,4,13.333333333333334,1,3.3333333333333335,2,6.666666666666667,6,20.0,3.066666666666667,1.6719914938645934,3.0,2.0,63.33333333333333,76.66666666666667,86.66666666666667,6,20.0,8,26.666666666666668,5,16.666666666666664,4,13.333333333333334,3,10.0,4,13.333333333333334
999,True,2.5,1.5652475842498528,2.0,2.0,80.0,86.66666666666667,90.0,10,33.33333333333333,8,26.666666666666668,6,20.0,2,6.666666666666667,1,3.3333333333333335,3,10.0,2.2333333333333334,1.6669999666733317,1.5,2.0,83.33333333333334,83.33333333333334,90.0,15,50.0,6,20.0,4,13.333333333333334,0,0.0,2,6.666666666666667,3,10.0,2.3666666666666667,1.682920741515245,2.0,2.0,83.33333333333334,83.33333333333334,86.66666666666667,12,40.0,9,30.0,4,13.333333333333334,0,0.0,1,3.3333333333333335,4,13.333333333333334,2.533333333333333,1.6275407487644937,2.0,2.75,73.33333333333333,80.0,93.33333333333333,10,33.33333333333333,10,33.33333333333333,2,6.666666666666667,2,6.666666666666667,4,13.333333333333334,2,6.666666666666667
1000,True,2.8333333333333335,1.694763175851488,3.0,3.0,66.66666666666666,80.0,90.0,10,33.33333333333333,4,13.333333333333334,6,20.0,4,13.333333333333334,3,10.0,3,10.0,2.533333333333333,1.6478942792411033,2.0,2.0,76.66666666666667,80.0,93.33333333333333,12,40.0,5,16.666666666666664,6,20.0,1,3.3333333333333335,4,13.333333333333334,2,6.666666666666667,2.6333333333333333,1.7413277182145301,2.0,2.0,76.66666666666667,76.66666666666667,90.0,12,40.0,4,13.333333333333334,7,23.333333333333332,0,0.0,4,13.333333333333334,3,10.0,2.7333333333333334,1.6519348924485155,3.0,3.0,70.0,80.0,93.33333333333333,11,36.666666666666664,3,10.0,7,23.333333333333332,3,10.0,4,13.333333333333334,2,6.666666666666667
