trial,structurally_viable,fill_first_avg_student_ranking,fill_first_std_student_ranking,fill_first_median_student_ranking,fill_first_iqr_student_ranking,fill_first_student_satisfaction_percent,fill_first_student_satisfaction_top4_percent,fill_first_student_satisfaction_top5_percent,fill_first_students_got_choice_1_count,fill_first_students_got_choice_1_percent,fill_first_students_got_choice_2_count,fill_first_students_got_choice_2_percent,fill_first_students_got_choice_3_count,fill_first_students_got_choice_3_percent,fill_first_students_got_choice_4_count,fill_first_students_got_choice_4_percent,fill_first_students_got_choice_5_count,fill_first_students_got_choice_5_percent,fill_first_students_got_choice_6_count,fill_first_students_got_choice_6_percent,rank_first_avg_student_ranking,rank_first_std_student_ranking,rank_first_median_student_ranking,rank_first_iqr_student_ranking,rank_first_student_satisfaction_percent,rank_first_student_satisfaction_top4_percent,rank_first_student_satisfaction_top5_percent,rank_first_students_got_choice_1_count,rank_first_students_got_choice_1_percent,rank_first_students_got_choice_2_count,rank_first_students_got_choice_2_percent,rank_first_students_got_choice_3_count,rank_first_students_got_choice_3_percent,rank_first_students_got_choice_4_count,rank_first_students_got_choice_4_percent,rank_first_students_got_choice_5_count,rank_first_students_got_choice_5_percent,rank_first_students_got_choice_6_count,rank_first_students_got_choice_6_percent,best_first_avg_student_ranking,best_first_std_student_ranking,best_first_median_student_ranking,best_first_iqr_student_ranking,best_first_student_satisfaction_percent,best_first_student_satisfaction_top4_percent,best_first_student_satisfaction_top5_percent,best_first_students_got_choice_1_count,best_first_students_got_choice_1_percent,best_first_students_got_choice_2_count,best_first_students_got_choice_2_percent,best_first_students_got_choice_3_count,best_first_students_got_choice_3_percent,best_first_students_got_choice_4_count,best_first_students_got_choice_4_percent,best_first_students_got_choice_5_count,best_first_students_got_choice_5_percent,best_first_students_got_choice_6_count,best_first_students_got_choice_6_percent,fragility_mirror_avg_student_ranking,fragility_mirror_std_student_ranking,fragility_mirror_median_student_ranking,fragility_mirror_iqr_student_ranking,fragility_mirror_student_satisfaction_percent,fragility_mirror_student_satisfaction_top4_percent,fragility_mirror_student_satisfaction_top5_percent,fragility_mirror_students_got_choice_1_count,fragility_mirror_students_got_choice_1_percent,fragility_mirror_students_got_choice_2_count,fragility_mirror_students_got_choice_2_percent,fragility_mirror_students_got_choice_3_count,fragility_mirror_students_got_choice_3_percent,fragility_mirror_students_got_choice_4_count,fragility_mirror_students_got_choice_4_percent,fragility_mirror_students_got_choice_5_count,fragility_mirror_students_got_choice_5_percent,fragility_mirror_students_got_choice_6_count,fragility_mirror_students_got_choice_6_percent
1,True,3.066666666666667,1.6918103387266028,3.0,2.0,66.66666666666666,80.0,83.33333333333334,7,23.333333333333332,5,16.666666666666664,8,26.666666666666668,4,13.333333333333334,1,3.3333333333333335,5,16.666666666666664,2.466666666666667,1.6069294390925268,2.0,2.0,76.66666666666667,86.66666666666667,90.0,11,36.666666666666664,8,26.666666666666668,4,13.333333333333334,3,10.0,1,3.3333333333333335,3,10.0,2.566666666666667,1.5849991237291652,2.0,2.0,76.66666666666667,86.66666666666667,90.0,10,33.33333333333333,7,23.333333333333332,6,20.0,3,10.0,1,3.3333333333333335,3,10.0,2.7666666666666666,1.5423647068345698,3.0,2.75,73.33333333333333,83.33333333333334,93.33333333333333,9,30.0,4,13.333333333333334,9,30.0,3,10.0,3,10.0,2,6.666666666666667
2,True,3.1333333333333333,1.586050300449376,3.0,2.0,63.33333333333333,80.0,86.66666666666667,5,16.666666666666664,7,23.333333333333332,7,23.333333333333332,5,16.666666666666664,2,6.666666666666667,4,13.333333333333334,2.4,1.5620499351813308,2.0,2.0,76.66666666666667,86.66666666666667,93.33333333333333,12,40.0,7,23.333333333333332,4,13.333333333333334,3,10.0,2,6.666666666666667,2,6.666666666666667,2.6,1.7048949136725895,2.0,2.0,76.66666666666667,83.33333333333334,86.66666666666667,11,36.666666666666664,6,20.0,6,20.0,2,6.666666666666667,1,3.3333333333333335,4,13.333333333333334,3.066666666666667,1.9988885800753264,2.5,4.0,60.0,66.66666666666666,80.0,11,36.666666666666664,4,13.333333333333334,3,10.0,2,6.666666666666667,4,13.333333333333334,6,20.0
3,True,2.7333333333333334,1.569146972791976,3.0,1.75,80.0,86.66666666666667,86.66666666666667,8,26.666666666666668,6,20.0,10,33.33333333333333,2,6.666666666666667,0,0.0,4,13.333333333333334,2.3333333333333335,1.5986105077709065,2.0,2.0,83.33333333333334,86.66666666666667,90.0,13,43.333333333333336,6,20.0,6,20.0,1,3.3333333333333335,1,3.3333333333333335,3,10.0,2.566666666666667,1.7451520150277897,2.0,2.0,76.66666666666667,80.0,86.66666666666667,11,36.666666666666664,8,26.666666666666668,4,13.333333333333334,1,3.3333333333333335,2,6.666666666666667,4,13.333333333333334,2.8666666666666667,1.627540748764494,3.0,2.75,70.0,80.0,90.0,8,26.666666666666668,6,20.0,7,23.333333333333332,3,10.0,3,10.0,3,10.0
4,True,3.3333333333333335,1.7191729277636834,3.0,3.0,53.333333333333336,66.66666666666666,86.66666666666667,5,16.666666666666664,8,26.666666666666668,3,10.0,4,13.333333333333334,6,20.0,4,13.333333333333334,2.4,1.5620499351813306,2.0,2.0,76.66666666666667,86.66666666666667,93.33333333333333,12,40.0,7,23.333333333333332,4,13.333333333333334,3,10.0,2,6.666666666666667,2,6.666666666666667,2.6,1.7435595774162695,2.0,3.0,70.0,80.0,90.0,12,40.0,6,20.0,3,10.0,3,10.0,3,10.0,3,10.0,3.1,1.9035055380358978,3.0,4.0,56.666666666666664,70.0,83.33333333333334,10,33.33333333333333,4,13.333333333333334,3,10.0,4,13.333333333333334,4,13.333333333333334,5,16.666666666666664
5,True,2.8,1.5362291495737217,3.0,2.5,73.33333333333333,86.66666666666667,90.0,8,26.666666666666668,5,16.666666666666664,9,30.0,4,13.333333333333334,1,3.3333333333333335,3,10.0,2.566666666666667,1.6058919293927874,2.0,2.0,80.0,83.33333333333334,90.0,10,33.33333333333333,7,23.333333333333332,7,23.333333333333332,1,3.3333333333333335,2,6.666666666666667,3,10.0,2.566666666666667,1.5205992970609392,2.0,2.0,83.33333333333334,86.66666666666667,90.0,9,30.0,7,23.333333333333332,9,30.0,1,3.3333333333333335,1,3.3333333333333335,3,10.0,3.033333333333333,1.7603661235347858,3.0,2.75,66.66666666666666,76.66666666666667,83.33333333333334,8,26.666666666666668,5,16.666666666666664,7,23.333333333333332,3,10.0,2,6.666666666666667,5,16.666666666666664
6,True,2.6333333333333333,1.471582670309608,2.0,1.0,83.33333333333334,86.66666666666667,90.0,7,23.333333333333332,9,30.0,9,30.0,1,3.3333333333333335,1,3.3333333333333335,3,10.0,2.3666666666666667,1.6224124698183944,2.0,2.0,86.66666666666667,86.66666666666667,86.66666666666667,12,40.0,7,23.333333333333332,7,23.333333333333332,0,0.0,0,0.0,4,13.333333333333334,2.466666666666667,1.765093639316497,2.0,2.0,80.0,83.33333333333334,83.33333333333334,12,40.0,8,26.666666666666668,4,13.333333333333334,1,3.3333333333333335,0,0.0,5,16.666666666666664,3.2,1.869046102516825,3.0,2.75,60.0,73.33333333333333,76.66666666666667,7,23.333333333333332,7,23.333333333333332,4,13.333333333333334,4,13.333333333333334,1,3.3333333333333335,7,23.333333333333332
7,True,2.8,1.5790292376436015,3.0,1.0,80.0,83.33333333333334,86.66666666666667,7,23.333333333333332,7,23.333333333333332,10,33.33333333333333,1,3.3333333333333335,1,3.3333333333333335,4,13.333333333333334,2.3666666666666667,1.3780017739062924,2.0,2.0,83.33333333333334,93.33333333333333,93.33333333333333,10,33.33333333333333,8,26.666666666666668,7,23.333333333333332,3,10.0,0,0.0,2,6.666666666666667,2.3,1.1590225767142472,2.0,1.75,86.66666666666667,96.66666666666667,96.66666666666667,8,26.666666666666668,11,36.666666666666664,7,23.333333333333332,3,10.0,0,0.0,1,3.3333333333333335,2.6,1.2806248474865698,2.5,1.0,76.66666666666667,93.33333333333333,96.66666666666667,7,23.333333333333332,8,26.666666666666668,8,26.666666666666668,5,16.666666666666664,1,3.3333333333333335,1,3.3333333333333335
8,True,3.5,1.4548768561863463,3.5,2.0,50.0,76.66666666666667,86.66666666666667,2,6.666666666666667,7,23.333333333333332,6,20.0,8,26.666666666666668,3,10.0,4,13.333333333333334,2.8,1.5577761927397231,2.0,2.0,70.0,83.33333333333334,90.0,6,20.0,11,36.666666666666664,4,13.333333333333334,4,13.333333333333334,2,6.666666666666667,3,10.0,2.8666666666666667,1.4313940369055926,2.0,2.0,70.0,83.33333333333334,93.33333333333333,4,13.333333333333334,12,40.0,5,16.666666666666664,4,13.333333333333334,3,10.0,2,6.666666666666667,3.2333333333333334,1.7065234314893603,3.0,2.75,60.0,73.33333333333333,83.33333333333334,5,16.666666666666664,8,26.666666666666668,5,16.666666666666664,4,13.333333333333334,3,10.0,5,16.666666666666664
9,True,3.7,1.5737428845483836,3.5,3.0,50.0,70.0,76.66666666666667,1,3.3333333333333335,8,26.666666666666668,6,20.0,6,20.0,2,6.666666666666667,7,23.333333333333332,2.8666666666666667,1.7074997966487597,2.5,3.0,66.66666666666666,76.66666666666667,90.0,9,30.0,6,20.0,5,16.666666666666664,3,10.0,4,13.333333333333334,3,10.0,2.9,1.556705923844749,3.0,2.0,66.66666666666666,80.0,93.33333333333333,7,23.333333333333332,7,23.333333333333332,6,20.0,4,13.333333333333334,4,13.333333333333334,2,6.666666666666667,3.3,1.5737428845483836,3.0,3.0,53.333333333333336,70.0,93.33333333333333,5,16.666666666666664,6,20.0,5,16.666666666666664,5,16.666666666666664,7,23.333333333333332,2,6.666666666666667
10,True,2.3,1.46401275039985,2.0,2.0,83.33333333333334,90.0,93.33333333333333,12,40.0,7,23.333333333333332,6,20.0,2,6.666666666666667,1,3.3333333333333335,2,6.666666666666667,1.9,1.2476644848141936,1.5,1.0,90.0,93.33333333333333,96.66666666666667,15,50.0,9,30.0,3,10.0,1,3.3333333333333335,1,3.3333333333333335,1,3.3333333333333335,1.9666666666666666,1.3780017739062924,1.5,1.0,86.66666666666667,93.33333333333333,93.33333333333333,15,50.0,9,30.0,2,6.666666666666667,2,6.666666666666667,0,0.0,2,6.666666666666667,2.3666666666666667,1.6829207415152447,2.0,2.0,76.66666666666667,83.33333333333334,90.0,13,43.333333333333336,8,26.666666666666668,2,6.666666666666667,2,6.666666666666667,2,6.666666666666667,3,10.0
11,True,2.7666666666666666,1.2827920936595907,3.0,1.0,76.66666666666667,93.33333333333333,93.33333333333333,5,16.666666666666664,8,26.666666666666668,10,33.33333333333333,5,16.666666666666664,0,0.0,2,6.666666666666667,2.533333333333333,1.586050300449376,2.0,2.0,83.33333333333334,86.66666666666667,86.66666666666667,9,30.0,9,30.0,7,23.333333333333332,1,3.3333333333333335,0,0.0,4,13.333333333333334,2.4,1.3316656236958786,2.0,2.0,86.66666666666667,93.33333333333333,93.33333333333333,9,30.0,8,26.666666666666668,9,30.0,2,6.666666666666667,0,0.0,2,6.666666666666667,2.966666666666667,1.5162087220725546,3.0,2.0,70.0,83.33333333333334,90.0,6,20.0,6,20.0,9,30.0,4,13.333333333333334,2,6.666666666666667,3,10.0
12,True,3.2666666666666666,1.4360439485692011,3.0,2.0,53.333333333333336,80.0,93.33333333333333,4,13.333333333333334,6,20.0,6,20.0,8,26.666666666666668,4,13.333333333333334,2,6.666666666666667,2.6666666666666665,1.679947089113887,2.0,2.75,73.33333333333333,83.33333333333334,86.66666666666667,9,30.0,9,30.0,4,13.333333333333334,3,10.0,1,3.3333333333333335,4,13.333333333333334,2.8,1.8330302779823362,2.0,3.0,70.0,80.0,80.0,9,30.0,9,30.0,3,10.0,3,10.0,0,0.0,6,20.0,3.2333333333333334,1.7451520150277897,3.0,2.75,56.666666666666664,73.33333333333333,83.33333333333334,6,20.0,7,23.333333333333332,4,13.333333333333334,5,16.666666666666664,3,10.0,5,16.666666666666664
13,True,2.7,1.656301099840646,2.0,2.0,76.66666666666667,83.33333333333334,86.66666666666667,9,30.0,7,23.333333333333332,7,23.333333333333332,2,6.666666666666667,1,3.3333333333333335,4,13.333333333333334,2.1666666666666665,1.5293426329272615,2.0,1.75,83.33333333333334,86.66666666666667,93.33333333333333,14,46.666666666666664,8,26.666666666666668,3,10.0,1,3.3333333333333335,2,6.666666666666667,2,6.666666666666667,2.4,1.7435595774162695,2.0,2.0,80.0,83.33333333333334,86.66666666666667,14,46.666666666666664,5,16.666666666666664,5,16.666666666666664,1,3.3333333333333335,1,3.3333333333333335,4,13.333333333333334,2.7666666666666666,1.8381754238616315,2.0,3.75,70.0,73.33333333333333,86.66666666666667,11,36.666666666666664,6,20.0,4,13.333333333333334,1,3.3333333333333335,4,13.333333333333334,4,13.333333333333334
14,True,3.433333333333333,1.4761059883656353,3.5,2.0,50.0,80.0,86.66666666666667,3,10.0,6,20.0,6,20.0,9,30.0,2,6.666666666666667,4,13.333333333333334,2.8666666666666667,1.564892612574067,2.5,2.0,63.33333333333333,86.66666666666667,90.0,7,23.333333333333332,8,26.666666666666668,4,13.333333333333334,7,23.333333333333332,1,3.3333333333333335,3,10.0,2.9,1.4224392195567912,3.0,2.0,63.33333333333333,90.0,93.33333333333333,6,20.0,7,23.333333333333332,6,20.0,8,26.666666666666668,1,3.3333333333333335,2,6.666666666666667,3.466666666666667,1.5648926125740668,3.5,2.0,50.0,76.66666666666667,83.33333333333334,3,10.0,7,23.333333333333332,5,16.666666666666664,8,26.666666666666668,2,6.666666666666667,5,16.666666666666664
15,True,3.1666666666666665,1.5293426329272615,3.0,2.0,63.33333333333333,80.0,90.0,6,20.0,3,10.0,10,33.33333333333333,5,16.666666666666664,3,10.0,3,10.0,2.7,1.5737428845483836,2.0,1.75,76.66666666666667,83.33333333333334,90.0,8,26.666666666666668,8,26.666666666666668,7,23.333333333333332,2,6.666666666666667,2,6.666666666666667,3,10.0,2.8333333333333335,1.5933891203622828,3.0,1.0,76.66666666666667,83.33333333333334,86.66666666666667,7,23.333333333333332,7,23.333333333333332,9,30.0,2,6.666666666666667,1,3.3333333333333335,4,13.333333333333334,3.3,1.6763054614240211,3.0,2.75,60.0,73.33333333333333,83.33333333333334,5,16.666666666666664,6,20.0,7,23.333333333333332,4,13.333333333333334,3,10.0,5,16.666666666666664
16,True,2.8,1.2754084313139327,2.0,1.0,80.0,86.66666666666667,93.33333333333333,2,6.666666666666667,14,46.666666666666664,8,26.666666666666668,2,6.666666666666667,2,6.666666666666667,2,6.666666666666667,2.5,1.6072751268321592,2.0,3.0,70.0,90.0,90.0,11,36.666666666666664,8,26.666666666666668,2,6.666666666666667,6,20.0,0,0.0,3,10.0,2.5,1.4548768561863463,2.0,3.0,70.0,93.33333333333333,93.33333333333333,9,30.0,10,33.33333333333333,2,6.666666666666667,7,23.333333333333332,0,0.0,2,6.666666666666667,2.8666666666666667,1.4313940369055926,2.5,2.0,66.66666666666666,86.66666666666667,93.33333333333333,5,16.666666666666664,10,33.33333333333333,5,16.666666666666664,6,20.0,2,6.666666666666667,2,6.666666666666667
17,True,2.566666666666667,1.6265163865007801,2.0,2.0,80.0,86.66666666666667,86.66666666666667,10,33.33333333333333,7,23.333333333333332,7,23.333333333333332,2,6.666666666666667,0,0.0,4,13.333333333333334,2.3333333333333335,1.679947089113887,2.0,2.0,80.0,83.33333333333334,90.0,14,46.666666666666664,6,20.0,4,13.333333333333334,1,3.3333333333333335,2,6.666666666666667,3,10.0,2.2333333333333334,1.4985177861992682,2.0,2.0,86.66666666666667,86.66666666666667,93.33333333333333,13,43.333333333333336,7,23.333333333333332,6,20.0,0,0.0,2,6.666666666666667,2,6.666666666666667,2.8,1.6206994374857624,2.5,2.5,73.33333333333333,80.0,90.0,8,26.666666666666668,7,23.333333333333332,7,23.333333333333332,2,6.666666666666667,3,10.0,3,10.0
18,True,2.9,1.6196707484341788,3.0,2.75,66.66666666666666,86.66666666666667,86.66666666666667,8,26.666666666666668,5,16.666666666666664,7,23.333333333333332,6,20.0,0,0.0,4,13.333333333333334,2.466666666666667,1.6275407487644937,2.0,2.0,76.66666666666667,86.66666666666667,90.0,12,40.0,6,20.0,5,16.666666666666664,3,10.0,1,3.3333333333333335,3,10.0,2.433333333333333,1.54236470683457,2.0,2.75,73.33333333333333,90.0,93.33333333333333,12,40.0,6,20.0,4,13.333333333333334,5,16.666666666666664,1,3.3333333333333335,2,6.666666666666667,2.933333333333333,1.9136933459209768,2.0,3.75,66.66666666666666,73.33333333333333,80.0,10,33.33333333333333,6,20.0,4,13.333333333333334,2,6.666666666666667,2,6.666666666666667,6,20.0
19,True,3.066666666666667,1.6110727964792761,3.0,2.0,66.66666666666666,80.0,86.66666666666667,6,20.0,6,20.0,8,26.666666666666668,4,13.333333333333334,2,6.666666666666667,4,13.333333333333334,2.5,1.746424919657298,2.0,2.0,80.0,80.0,86.66666666666667,12,40.0,7,23.333333333333332,5,16.666666666666664,0,0.0,2,6.666666666666667,4,13.333333333333334,2.7,1.7729448195962934,2.0,3.0,70.0,80.0,86.66666666666667,11,36.666666666666664,6,20.0,4,13.333333333333334,3,10.0,2,6.666666666666667,4,13.333333333333334,3.1,1.7194960502038574,3.0,2.75,60.0,76.66666666666667,86.66666666666667,8,26.666666666666668,4,13.333333333333334,6,20.0,5,16.666666666666664,3,10.0,4,13.333333333333334
20,True,3.033333333333333,1.7026123718829513,2.5,2.0,70.0,80.0,80.0,5,16.666666666666664,10,33.33333333333333,6,20.0,3,10.0,0,0.0,6,20.0,2.3,1.345362404707371,2.0,2.0,80.0,93.33333333333333,96.66666666666667,11,36.666666666666664,8,26.666666666666668,5,16.666666666666664,4,13.333333333333334,1,3.3333333333333335,1,3.3333333333333335,2.3,1.345362404707371,2.0,2.0,80.0,93.33333333333333,96.66666666666667,11,36.666666666666664,8,26.666666666666668,5,16.666666666666664,4,13.333333333333334,1,3.3333333333333335,1,3.3333333333333335,2.7666666666666666,1.498517786199268,2.0,2.0,66.66666666666666,86.66666666666667,93.33333333333333,7,23.333333333333332,9,30.0,4,13.333333333333334,6,20.0,2,6.666666666666667,2,6.666666666666667
21,True,2.5,1.5,2.0,2.5,73.33333333333333,86.66666666666667,93.33333333333333,8,26.666666666666668,13,43.333333333333336,1,3.3333333333333335,4,13.333333333333334,2,6.666666666666667,2,6.666666666666667,2.2,1.4236104336041748,2.0,1.0,83.33333333333334,90.0,93.33333333333333,11,36.666666666666664,12,40.0,2,6.666666666666667,2,6.666666666666667,1,3.3333333333333335,2,6.666666666666667,2.4,1.6041612554021285,2.0,1.75,80.0,83.33333333333334,90.0,10,33.33333333333333,12,40.0,2,6.666666666666667,1,3.3333333333333335,2,6.666666666666667,3,10.0,2.8333333333333335,1.790406533599438,2.0,2.75,70.0,76.66666666666667,83.33333333333334,8,26.666666666666668,10,33.33333333333333,3,10.0,2,6.666666666666667,2,6.666666666666667,5,16.666666666666664
22,True,3.066666666666667,1.5040685563571303,3.0,2.0,66.66666666666666,83.33333333333334,90.0,6,20.0,4,13.333333333333334,10,33.33333333333333,5,16.666666666666664,2,6.666666666666667,3,10.0,2.5,1.5438048235879214,2.0,2.0,76.66666666666667,86.66666666666667,93.33333333333333,11,36.666666666666664,6,20.0,6,20.0,3,10.0,2,6.666666666666667,2,6.666666666666667,2.566666666666667,1.6058919293927874,2.0,2.0,76.66666666666667,86.66666666666667,90.0,11,36.666666666666664,5,16.666666666666664,7,23.333333333333332,3,10.0,1,3.3333333333333335,3,10.0,2.9,1.7194960502038574,2.5,2.75,70.0,76.66666666666667,86.66666666666667,8,26.666666666666668,7,23.333333333333332,6,20.0,2,6.666666666666667,3,10.0,4,13.333333333333334
23,True,2.566666666666667,1.4067298564006128,2.0,2.75,73.33333333333333,90.0,96.66666666666667,9,30.0,7,23.333333333333332,6,20.0,5,16.666666666666664,2,6.666666666666667,1,3.3333333333333335,2.3666666666666667,1.53803626600791,2.0,2.0,76.66666666666667,90.0,93.33333333333333,13,43.333333333333336,5,16.666666666666664,5,16.666666666666664,4,13.333333333333334,1,3.3333333333333335,2,6.666666666666667,2.533333333333333,1.6478942792411033,2.0,2.75,73.33333333333333,86.66666666666667,90.0,12,40.0,5,16.666666666666664,5,16.666666666666664,4,13.333333333333334,1,3.3333333333333335,3,10.0,2.7,1.5947831618540913,2.0,3.0,63.33333333333333,86.66666666666667,93.33333333333333,10,33.33333333333333,6,20.0,3,10.0,7,23.333333333333332,2,6.666666666666667,2,6.666666666666667
24,True,3.066666666666667,1.5260697523012796,3.0,2.0,53.333333333333336,83.33333333333334,93.33333333333333,6,20.0,7,23.333333333333332,3,10.0,9,30.0,3,10.0,2,6.666666666666667,2.6666666666666665,1.7950549357115013,2.0,3.0,66.66666666666666,80.0,86.66666666666667,11,36.666666666666664,8,26.666666666666668,1,3.3333333333333335,4,13.333333333333334,2,6.666666666666667,4,13.333333333333334,2.8,1.869046102516825,2.0,3.0,63.33333333333333,76.66666666666667,83.33333333333334,10,33.33333333333333,9,30.0,0,0.0,4,13.333333333333334,2,6.666666666666667,5,16.666666666666664,3.3333333333333335,1.7384539747207064,3.5,2.75,50.0,73.33333333333333,83.33333333333334,6,20.0,6,20.0,3,10.0,7,23.333333333333332,3,10.0,5,16.666666666666664
25,True,2.8333333333333335,1.7527755766846542,2.5,3.0,60.0,80.0,90.0,11,36.666666666666664,4,13.333333333333334,3,10.0,6,20.0,3,10.0,3,10.0,2.533333333333333,1.7269111795984826,2.0,3.0,70.0,83.33333333333334,90.0,13,43.333333333333336,5,16.666666666666664,3,10.0,4,13.333333333333334,2,6.666666666666667,3,10.0,2.533333333333333,1.7269111795984826,2.0,3.0,70.0,83.33333333333334,90.0,13,43.333333333333336,5,16.666666666666664,3,10.0,4,13.333333333333334,2,6.666666666666667,3,10.0,3.3,1.9347695814575268,3.5,4.0,50.0,66.66666666666666,80.0,9,30.0,4,13.333333333333334,2,6.666666666666667,5,16.666666666666664,4,13.333333333333334,6,20.0
26,True,2.3,1.3203534880225574,2.0,1.5,83.33333333333334,93.33333333333333,93.33333333333333,8,26.666666666666668,14,46.666666666666664,3,10.0,3,10.0,0,0.0,2,6.666666666666667,2.1,1.4224392195567912,2.0,1.0,86.66666666666667,90.0,93.33333333333333,13,43.333333333333336,10,33.33333333333333,3,10.0,1,3.3333333333333335,1,3.3333333333333335,2,6.666666666666667,2.1333333333333333,1.4079141387961918,2.0,1.75,83.33333333333334,93.33333333333333,93.33333333333333,13,43.333333333333336,9,30.0,3,10.0,3,10.0,0,0.0,2,6.666666666666667,2.7333333333333334,1.8427033281447005,2.0,2.75,73.33333333333333,80.0,80.0,10,33.33333333333333,8,26.666666666666668,4,13.333333333333334,2,6.666666666666667,0,0.0,6,20.0
27,True,2.566666666666667,1.5205992970609392,2.0,2.5,73.33333333333333,90.0,90.0,8,26.666666666666668,11,36.666666666666664,3,10.0,5,16.666666666666664,0,0.0,3,10.0,2.2666666666666666,1.4590712418826193,2.0,1.75,80.0,90.0,93.33333333333333,11,36.666666666666664,11,36.666666666666664,2,6.666666666666667,3,10.0,1,3.3333333333333335,2,6.666666666666667,2.4,1.5187714333192688,2.0,2.0,76.66666666666667,86.66666666666667,93.33333333333333,10,33.33333333333333,11,36.666666666666664,2,6.666666666666667,3,10.0,2,6.666666666666667,2,6.666666666666667,2.6333333333333333,1.6224124698183942,2.0,2.75,73.33333333333333,83.33333333333334,90.0,9,30.0,9,30.0,4,13.333333333333334,3,10.0,2,6.666666666666667,3,10.0
28,True,3.066666666666667,1.364632632697248,3.0,2.0,56.666666666666664,90.0,93.33333333333333,4,13.333333333333334,8,26.666666666666668,5,16.666666666666664,10,33.33333333333333,1,3.3333333333333335,2,6.666666666666667,2.7666666666666666,1.453348623772776,2.0,2.0,70.0,86.66666666666667,93.33333333333333,6,20.0,10,33.33333333333333,5,16.666666666666664,5,16.666666666666664,2,6.666666666666667,2,6.666666666666667,2.8666666666666667,1.521694961401777,2.5,2.0,66.66666666666666,86.66666666666667,90.0,6,20.0,9,30.0,5,16.666666666666664,6,20.0,1,3.3333333333333335,3,10.0,3.1333333333333333,1.521694961401777,3.0,2.0,53.333333333333336,86.66666666666667,90.0,6,20.0,5,16.666666666666664,5,16.666666666666664,10,33.33333333333333,1,3.3333333333333335,3,10.0
29,True,2.6666666666666665,1.2202003478482084,3.0,1.0,86.66666666666667,93.33333333333333,93.33333333333333,5,16.666666666666664,8,26.666666666666668,13,43.333333333333336,2,6.666666666666667,0,0.0,2,6.666666666666667,2.466666666666667,1.586050300449376,2.0,2.0,80.0,86.66666666666667,90.0,11,36.666666666666664,7,23.333333333333332,6,20.0,2,6.666666666666667,1,3.3333333333333335,3,10.0,2.3666666666666667,1.4487542541400487,2.0,2.0,83.33333333333334,90.0,93.33333333333333,11,36.666666666666664,7,23.333333333333332,7,23.333333333333332,2,6.666666666666667,1,3.3333333333333335,2,6.666666666666667,3.2333333333333334,1.6468825769380833,3.0,2.0,63.33333333333333,76.66666666666667,83.33333333333334,5,16.666666666666664,6,20.0,8,26.666666666666668,4,13.333333333333334,2,6.666666666666667,5,16.666666666666664
30,True,2.6333333333333333,1.4487542541400487,2.0,1.75,76.66666666666667,83.33333333333334,96.66666666666667,8,26.666666666666668,8,26.666666666666668,7,23.333333333333332,2,6.666666666666667,4,13.333333333333334,1,3.3333333333333335,2.466666666666667,1.6478942792411035,2.0,2.0,76.66666666666667,83.33333333333334,90.0,11,36.666666666666664,9,30.0,3,10.0,2,6.666666666666667,2,6.666666666666667,3,10.0,2.6666666666666665,1.7575235101952091,2.0,2.75,73.33333333333333,80.0,86.66666666666667,11,36.666666666666664,6,20.0,5,16.666666666666664,2,6.666666666666667,2,6.666666666666667,4,13.333333333333334,3.066666666666667,1.7499206331208914,2.5,2.75,66.66666666666666,73.33333333333333,83.33333333333334,6,20.0,9,30.0,5,16.666666666666664,2,6.666666666666667,3,10.0,5,16.666666666666664
31,True,2.466666666666667,1.4996295838935993,2.0,1.75,83.33333333333334,86.66666666666667,90.0,8,26.666666666666668,12,40.0,5,16.666666666666664,1,3.3333333333333335,1,3.3333333333333335,3,10.0,2.3,1.6155494421403513,2.0,2.0,80.0,86.66666666666667,90.0,13,43.333333333333336,8,26.666666666666668,3,10.0,2,6.666666666666667,1,3.3333333333333335,3,10.0,2.3333333333333335,1.5986105077709065,2.0,2.0,80.0,86.66666666666667,90.0,12,40.0,9,30.0,3,10.0,2,6.666666666666667,1,3.3333333333333335,3,10.0,2.6,1.6852299546352718,2.0,2.0,76.66666666666667,83.33333333333334,86.66666666666667,10,33.33333333333333,8,26.666666666666668,5,16.666666666666664,2,6.666666666666667,1,3.3333333333333335,4,13.333333333333334
32,True,2.966666666666667,1.4019827229875395,2.5,1.75,73.33333333333333,83.33333333333334,90.0,2,6.666666666666667,13,43.333333333333336,7,23.333333333333332,3,10.0,2,6.666666666666667,3,10.0,2.566666666666667,1.4985177861992682,2.0,1.0,80.0,86.66666666666667,90.0,7,23.333333333333332,12,40.0,5,16.666666666666664,2,6.666666666666667,1,3.3333333333333335,3,10.0,2.7,1.5737428845483836,2.0,1.0,80.0,80.0,90.0,7,23.333333333333332,10,33.33333333333333,7,23.333333333333332,0,0.0,3,10.0,3,10.0,2.6333333333333333,1.32874209519965,2.0,1.0,80.0,86.66666666666667,96.66666666666667,6,20.0,10,33.33333333333333,8,26.666666666666668,2,6.666666666666667,3,10.0,1,3.3333333333333335
33,True,2.8,1.4922019523732928,2.0,2.0,70.0,83.33333333333334,93.33333333333333,6,20.0,10,33.33333333333333,5,16.666666666666664,4,13.333333333333334,3,10.0,2,6.666666666666667,2.433333333333333,1.6058919293927871,2.0,2.0,83.33333333333334,83.33333333333334,90.0,11,36.666666666666664,8,26.666666666666668,6,20.0,0,0.0,2,6.666666666666667,3,10.0,2.566666666666667,1.6265163865007803,2.0,2.0,76.66666666666667,83.33333333333334,90.0,10,33.33333333333333,8,26.666666666666668,5,16.666666666666664,2,6.666666666666667,2,6.666666666666667,3,10.0,2.966666666666667,1.7792008193443358,3.0,3.25,73.33333333333333,73.33333333333333,83.33333333333334,8,26.666666666666668,6,20.0,8,26.666666666666668,0,0.0,3,10.0,5,16.666666666666664
34,True,2.7,1.636052158907737,2.0,1.75,76.66666666666667,83.33333333333334,86.66666666666667,8,26.666666666666668,9,30.0,6,20.0,2,6.666666666666667,1,3.3333333333333335,4,13.333333333333334,2.2666666666666666,1.5477582354991866,2.0,1.0,83.33333333333334,86.66666666666667,90.0,11,36.666666666666664,12,40.0,2,6.666666666666667,1,3.3333333333333335,1,3.3333333333333335,3,10.0,2.3666666666666667,1.6224124698183944,2.0,1.75,80.0,83.33333333333334,90.0,11,36.666666666666664,11,36.666666666666664,2,6.666666666666667,1,3.3333333333333335,2,6.666666666666667,3,10.0,3.2666666666666666,2.1123972690339814,2.0,4.75,60.0,63.33333333333333,66.66666666666666,8,26.666666666666668,9,30.0,1,3.3333333333333335,1,3.3333333333333335,1,3.3333333333333335,10,33.33333333333333
35,True,3.1666666666666665,1.6141733350404335,3.0,2.0,60.0,76.66666666666667,90.0,7,23.333333333333332,3,10.0,8,26.666666666666668,5,16.666666666666664,4,13.333333333333334,3,10.0,2.466666666666667,1.4772346537440226,2.0,2.0,80.0,90.0,93.33333333333333,11,36.666666666666664,5,16.666666666666664,8,26.666666666666668,3,10.0,1,3.3333333333333335,2,6.666666666666667,2.566666666666667,1.6058919293927874,2.0,2.0,76.66666666666667,86.66666666666667,90.0,11,36.666666666666664,5,16.666666666666664,7,23.333333333333332,3,10.0,1,3.3333333333333335,3,10.0,2.7,1.6155494421403511,2.5,2.75,73.33333333333333,80.0,93.33333333333333,10,33.33333333333333,5,16.666666666666664,7,23.333333333333332,2,6.666666666666667,4,13.333333333333334,2,6.666666666666667
36,True,3.3,1.6155494421403513,3.0,2.75,66.66666666666666,73.33333333333333,83.33333333333334,4,13.333333333333334,6,20.0,10,33.33333333333333,2,6.666666666666667,3,10.0,5,16.666666666666664,2.5,1.6072751268321592,2.0,2.0,76.66666666666667,83.33333333333334,93.33333333333333,12,40.0,5,16.666666666666664,6,20.0,2,6.666666666666667,3,10.0,2,6.666666666666667,2.566666666666667,1.6669999666733317,2.0,2.75,73.33333333333333,80.0,93.33333333333333,12,40.0,5,16.666666666666664,5,16.666666666666664,2,6.666666666666667,4,13.333333333333334,2,6.666666666666667,3.1,1.7767010628315238,3.0,2.75,63.33333333333333,73.33333333333333,83.33333333333334,7,23.333333333333332,7,23.333333333333332,5,16.666666666666664,3,10.0,3,10.0,5,16.666666666666664
37,True,2.7666666666666666,1.3085190950927015,3.0,1.0,80.0,90.0,93.33333333333333,5,16.666666666666664,8,26.666666666666668,11,36.666666666666664,3,10.0,1,3.3333333333333335,2,6.666666666666667,2.533333333333333,1.4996295838935991,2.0,1.75,83.33333333333334,86.66666666666667,90.0,8,26.666666666666668,10,33.33333333333333,7,23.333333333333332,1,3.3333333333333335,1,3.3333333333333335,3,10.0,2.7333333333333334,1.5477582354991866,2.5,1.0,80.0,86.66666666666667,86.66666666666667,7,23.333333333333332,8,26.666666666666668,9,30.0,2,6.666666666666667,0,0.0,4,13.333333333333334,2.7,1.3453624047073711,3.0,1.0,80.0,90.0,93.33333333333333,6,20.0,8,26.666666666666668,10,33.33333333333333,3,10.0,1,3.3333333333333335,2,6.666666666666667
38,True,2.8333333333333335,1.7143187827498387,2.0,1.75,73.33333333333333,80.0,83.33333333333334,7,23.333333333333332,10,33.33333333333333,5,16.666666666666664,2,6.666666666666667,1,3.3333333333333335,5,16.666666666666664,2.566666666666667,1.7641491496532322,2.0,2.0,76.66666666666667,83.33333333333334,83.33333333333334,11,36.666666666666664,8,26.666666666666668,4,13.333333333333334,2,6.666666666666667,0,0.0,5,16.666666666666664,2.6,1.7625738755203049,2.0,2.0,76.66666666666667,83.33333333333334,83.33333333333334,11,36.666666666666664,7,23.333333333333332,5,16.666666666666664,2,6.666666666666667,0,0.0,5,16.666666666666664,2.6666666666666665,1.6397831834998458,2.0,2.75,73.33333333333333,86.66666666666667,86.66666666666667,9,30.0,8,26.666666666666668,5,16.666666666666664,4,13.333333333333334,0,0.0,4,13.333333333333334
39,True,2.7,1.3203534880225574,3.0,1.0,76.66666666666667,93.33333333333333,93.33333333333333,6,20.0,8,26.666666666666668,9,30.0,5,16.666666666666664,0,0.0,2,6.666666666666667,2.4,1.451436070471816,2.0,2.0,80.0,90.0,93.33333333333333,10,33.33333333333333,9,30.0,5,16.666666666666664,3,10.0,1,3.3333333333333335,2,6.666666666666667,2.466666666666667,1.5434449203720302,2.0,2.0,76.66666666666667,90.0,90.0,10,33.33333333333333,9,30.0,4,13.333333333333334,4,13.333333333333334,0,0.0,3,10.0,2.8,1.6000000000000003,2.5,1.0,76.66666666666667,83.33333333333334,86.66666666666667,7,23.333333333333332,8,26.666666666666668,8,26.666666666666668,2,6.666666666666667,1,3.3333333333333335,4,13.333333333333334
40,True,2.6666666666666665,1.5129074290546956,3.0,2.0,76.66666666666667,90.0,90.0,9,30.0,5,16.666666666666664,9,30.0,4,13.333333333333334,0,0.0,3,10.0,2.4,1.5620499351813308,2.0,2.0,76.66666666666667,86.66666666666667,93.33333333333333,12,40.0,7,23.333333333333332,4,13.333333333333334,3,10.0,2,6.666666666666667,2,6.666666666666667,2.533333333333333,1.627540748764494,2.0,2.0,76.66666666666667,86.66666666666667,90.0,12,40.0,4,13.333333333333334,7,23.333333333333332,3,10.0,1,3.3333333333333335,3,10.0,3.2,1.8330302779823362,3.0,3.75,56.666666666666664,70.0,83.33333333333334,8,26.666666666666668,5,16.666666666666664,4,13.333333333333334,4,13.333333333333334,4,13.333333333333334,5,16.666666666666664
41,True,3.1,1.535143858622594,3.0,2.0,63.33333333333333,86.66666666666667,86.66666666666667,6,20.0,4,13.333333333333334,9,30.0,7,23.333333333333332,0,0.0,4,13.333333333333334,2.3666666666666667,1.5595583420386114,2.0,2.0,80.0,86.66666666666667,93.33333333333333,13,43.333333333333336,5,16.666666666666664,6,20.0,2,6.666666666666667,2,6.666666666666667,2,6.666666666666667,2.433333333333333,1.5638272140986533,2.0,2.0,80.0,90.0,90.0,12,40.0,5,16.666666666666664,7,23.333333333333332,3,10.0,0,0.0,3,10.0,2.7666666666666666,1.7259457954666158,3.0,3.0,70.0,83.33333333333334,86.66666666666667,11,36.666666666666664,3,10.0,7,23.333333333333332,4,13.333333333333334,1,3.3333333333333335,4,13.333333333333334
42,True,2.8666666666666667,1.4313940369055924,3.0,2.0,63.33333333333333,86.66666666666667,96.66666666666667,7,23.333333333333332,6,20.0,6,20.0,7,23.333333333333332,3,10.0,1,3.3333333333333335,2.6333333333333333,1.662995957768856,2.0,2.75,73.33333333333333,83.33333333333334,90.0,11,36.666666666666664,5,16.666666666666664,6,20.0,3,10.0,2,6.666666666666667,3,10.0,2.8333333333333335,1.7904065335994377,2.5,3.0,70.0,80.0,83.33333333333334,10,33.33333333333333,5,16.666666666666664,6,20.0,3,10.0,1,3.3333333333333335,5,16.666666666666664,3.533333333333333,1.8208667044996885,3.5,3.0,50.0,66.66666666666666,76.66666666666667,6,20.0,4,13.333333333333334,5,16.666666666666664,5,16.666666666666664,3,10.0,7,23.333333333333332
43,True,2.566666666666667,1.4533486237727762,2.0,1.75,80.0,86.66666666666667,93.33333333333333,8,26.666666666666668,9,30.0,7,23.333333333333332,2,6.666666666666667,2,6.666666666666667,2,6.666666666666667,2.3,1.6155494421403511,2.0,2.0,83.33333333333334,86.66666666666667,90.0,14,46.666666666666664,5,16.666666666666664,6,20.0,1,3.3333333333333335,1,3.3333333333333335,3,10.0,2.2666666666666666,1.569146972791976,2.0,2.0,83.33333333333334,90.0,90.0,14,46.666666666666664,5,16.666666666666664,6,20.0,2,6.666666666666667,0,0.0,3,10.0,2.8333333333333335,1.771690968789108,2.5,3.0,70.0,76.66666666666667,86.66666666666667,10,33.33333333333333,5,16.666666666666664,6,20.0,2,6.666666666666667,3,10.0,4,13.333333333333334
44,True,2.3333333333333335,1.2736648783028535,2.0,2.0,83.33333333333334,93.33333333333333,96.66666666666667,9,30.0,10,33.33333333333333,6,20.0,3,10.0,1,3.3333333333333335,1,3.3333333333333335,2.1666666666666665,1.3924399049470282,2.0,1.75,83.33333333333334,93.33333333333333,93.33333333333333,12,40.0,10,33.33333333333333,3,10.0,3,10.0,0,0.0,2,6.666666666666667,2.1666666666666665,1.3682917167849196,2.0,1.75,83.33333333333334,90.0,96.66666666666667,12,40.0,10,33.33333333333333,3,10.0,2,6.666666666666667,2,6.666666666666667,1,3.3333333333333335,2.6333333333333333,1.7792008193443358,2.0,2.75,73.33333333333333,83.33333333333334,83.33333333333334,11,36.666666666666664,7,23.333333333333332,4,13.333333333333334,3,10.0,0,0.0,5,16.666666666666664
45,True,2.966666666666667,1.3780017739062924,3.0,2.0,66.66666666666666,86.66666666666667,93.33333333333333,4,13.333333333333334,9,30.0,7,23.333333333333332,6,20.0,2,6.666666666666667,2,6.666666666666667,2.7,1.7540429489230491,2.0,3.0,70.0,76.66666666666667,90.0,11,36.666666666666664,6,20.0,4,13.333333333333334,2,6.666666666666667,4,13.333333333333334,3,10.0,2.7666666666666666,1.7259457954666158,2.0,3.0,66.66666666666666,83.33333333333334,86.66666666666667,10,33.33333333333333,6,20.0,4,13.333333333333334,5,16.666666666666664,1,3.3333333333333335,4,13.333333333333334,3.0,1.7320508075688772,3.0,3.0,56.666666666666664,76.66666666666667,90.0,9,30.0,5,16.666666666666664,3,10.0,6,20.0,4,13.333333333333334,3,10.0
46,True,2.7666666666666666,1.4302291968616625,2.5,1.0,80.0,86.66666666666667,90.0,5,16.666666666666664,10,33.33333333333333,9,30.0,2,6.666666666666667,1,3.3333333333333335,3,10.0,2.566666666666667,1.453348623772776,2.0,1.75,80.0,86.66666666666667,93.33333333333333,8,26.666666666666668,9,30.0,7,23.333333333333332,2,6.666666666666667,2,6.666666666666667,2,6.666666666666667,2.7666666666666666,1.6265163865007803,2.0,1.75,73.33333333333333,83.33333333333334,86.66666666666667,7,23.333333333333332,10,33.33333333333333,5,16.666666666666664,3,10.0,1,3.3333333333333335,4,13.333333333333334,2.8,1.5362291495737217,3.0,1.0,76.66666666666667,83.33333333333334,90.0,7,23.333333333333332,7,23.333333333333332,9,30.0,2,6.666666666666667,2,6.666666666666667,3,10.0
47,True,3.2,1.6,3.0,2.0,63.33333333333333,80.0,83.33333333333334,4,13.333333333333334,8,26.666666666666668,7,23.333333333333332,5,16.666666666666664,1,3.3333333333333335,5,16.666666666666664,2.566666666666667,1.5638272140986533,2.0,2.0,76.66666666666667,83.33333333333334,93.33333333333333,10,33.33333333333333,7,23.333333333333332,6,20.0,2,6.666666666666667,3,10.0,2,6.666666666666667,2.566666666666667,1.4533486237727757,2.0,2.75,73.33333333333333,86.66666666666667,96.66666666666667,9,30.0,8,26.666666666666668,5,16.666666666666664,4,13.333333333333334,3,10.0,1,3.3333333333333335,3.033333333333333,1.6629959577688562,3.0,2.0,60.0,76.66666666666667,90.0,7,23.333333333333332,7,23.333333333333332,4,13.333333333333334,5,16.666666666666664,4,13.333333333333334,3,10.0
48,True,2.8333333333333335,1.2671051872498809,2.5,1.0,80.0,86.66666666666667,93.33333333333333,2,6.666666666666667,13,43.333333333333336,9,30.0,2,6.666666666666667,2,6.666666666666667,2,6.666666666666667,2.566666666666667,1.3085190950927015,2.0,1.0,83.33333333333334,90.0,93.33333333333333,5,16.666666666666664,13,43.333333333333336,7,23.333333333333332,2,6.666666666666667,1,3.3333333333333335,2,6.666666666666667,2.566666666666667,1.2827920936595905,2.0,1.0,80.0,93.33333333333333,93.33333333333333,5,16.666666666666664,13,43.333333333333336,6,20.0,4,13.333333333333334,0,0.0,2,6.666666666666667,2.7,1.1590225767142472,2.0,1.0,76.66666666666667,93.33333333333333,96.66666666666667,3,10.0,13,43.333333333333336,7,23.333333333333332,5,16.666666666666664,1,3.3333333333333335,1,3.3333333333333335
49,True,3.2,1.6411378166788229,3.0,3.0,60.0,70.0,90.0,5,16.666666666666664,8,26.666666666666668,5,16.666666666666664,3,10.0,6,20.0,3,10.0,2.7,1.7349351572897471,2.0,3.0,70.0,76.66666666666667,90.0,10,33.33333333333333,8,26.666666666666668,3,10.0,2,6.666666666666667,4,13.333333333333334,3,10.0,2.7666666666666666,1.7065234314893605,2.0,2.75,73.33333333333333,80.0,86.66666666666667,9,30.0,7,23.333333333333332,6,20.0,2,6.666666666666667,2,6.666666666666667,4,13.333333333333334,3.1666666666666665,1.8633899812498247,3.0,3.75,60.0,66.66666666666666,83.33333333333334,8,26.666666666666668,6,20.0,4,13.333333333333334,2,6.666666666666667,5,16.666666666666664,5,16.666666666666664
50,True,2.433333333333333,1.476105988365635,2.0,2.0,80.0,90.0,93.33333333333333,11,36.666666666666664,6,20.0,7,23.333333333333332,3,10.0,1,3.3333333333333335,2,6.666666666666667,2.2666666666666666,1.6110727964792761,1.5,2.0,80.0,90.0,90.0,15,50.0,4,13.333333333333334,5,16.666666666666664,3,10.0,0,0.0,3,10.0,2.466666666666667,1.8208667044996885,2.0,2.0,76.66666666666667,83.33333333333334,83.33333333333334,14,46.666666666666664,5,16.666666666666664,4,13.333333333333334,2,6.666666666666667,0,0.0,5,16.666666666666664,2.466666666666667,1.6679994670929073,2.0,2.75,73.33333333333333,86.66666666666667,90.0,13,43.333333333333336,5,16.666666666666664,4,13.333333333333334,4,13.333333333333334,1,3.3333333333333335,3,10.0
51,True,2.7333333333333334,1.5040685563571303,3.0,1.75,80.0,86.66666666666667,90.0,8,26.666666666666668,5,16.666666666666664,11,36.666666666666664,2,6.666666666666667,1,3.3333333333333335,3,10.0,2.5,1.4776106839534333,2.0,2.0,83.33333333333334,90.0,90.0,9,30.0,8,26.666666666666668,8,26.666666666666668,2,6.666666666666667,0,0.0,3,10.0,2.533333333333333,1.384035966135113,2.0,1.75,83.33333333333334,90.0,93.33333333333333,8,26.666666666666668,8,26.666666666666668,9,30.0,2,6.666666666666667,1,3.3333333333333335,2,6.666666666666667,2.8333333333333335,1.3924399049470282,3.0,2.0,70.0,90.0,93.33333333333333,6,20.0,7,23.333333333333332,8,26.666666666666668,6,20.0,1,3.3333333333333335,2,6.666666666666667
52,True,2.966666666666667,1.7978382080215733,3.0,2.5,73.33333333333333,76.66666666666667,80.0,8,26.666666666666668,6,20.0,8,26.666666666666668,1,3.3333333333333335,1,3.3333333333333335,6,20.0,2.3666666666666667,1.7603661235347856,1.5,2.0,76.66666666666667,80.0,90.0,15,50.0,5,16.666666666666664,3,10.0,1,3.3333333333333335,3,10.0,3,10.0,2.433333333333333,1.7829438827088442,1.5,2.75,73.33333333333333,80.0,90.0,15,50.0,4,13.333333333333334,3,10.0,2,6.666666666666667,3,10.0,3,10.0,3.0,1.8439088914585775,3.0,3.75,66.66666666666666,73.33333333333333,83.33333333333334,10,33.33333333333333,3,10.0,7,23.333333333333332,2,6.666666666666667,3,10.0,5,16.666666666666664
53,True,2.966666666666667,1.5595583420386114,3.0,1.75,73.33333333333333,83.33333333333334,86.66666666666667,6,20.0,6,20.0,10,33.33333333333333,3,10.0,1,3.3333333333333335,4,13.333333333333334,2.7666666666666666,1.6058919293927874,2.5,1.75,76.66666666666667,80.0,90.0,8,26.666666666666668,7,23.333333333333332,8,26.666666666666668,1,3.3333333333333335,3,10.0,3,10.0,2.8,1.5362291495737217,2.5,1.75,73.33333333333333,80.0,93.33333333333333,7,23.333333333333332,8,26.666666666666668,7,23.333333333333332,2,6.666666666666667,4,13.333333333333334,2,6.666666666666667,2.8666666666666667,1.4079141387961918,3.0,2.0,70.0,83.33333333333334,96.66666666666667,6,20.0,7,23.333333333333332,8,26.666666666666668,4,13.333333333333334,4,13.333333333333334,1,3.3333333333333335
54,True,2.6666666666666665,1.5563490039905001,2.0,1.0,80.0,86.66666666666667,86.66666666666667,7,23.333333333333332,10,33.33333333333333,7,23.333333333333332,2,6.666666666666667,0,0.0,4,13.333333333333334,2.2666666666666666,1.4817407180595246,2.0,2.0,80.0,93.33333333333333,93.33333333333333,14,46.666666666666664,4,13.333333333333334,6,20.0,4,13.333333333333334,0,0.0,2,6.666666666666667,2.2,1.3012814197295424,2.0,2.0,83.33333333333334,96.66666666666667,96.66666666666667,13,43.333333333333336,5,16.666666666666664,7,23.333333333333332,4,13.333333333333334,0,0.0,1,3.3333333333333335,2.8,1.5577761927397231,3.0,3.0,66.66666666666666,90.0,90.0,9,30.0,4,13.333333333333334,7,23.333333333333332,7,23.333333333333332,0,0.0,3,10.0
55,True,3.3,1.5737428845483834,3.0,2.0,53.333333333333336,80.0,86.66666666666667,5,16.666666666666664,5,16.666666666666664,6,20.0,8,26.666666666666668,2,6.666666666666667,4,13.333333333333334,2.533333333333333,1.564892612574067,2.0,2.0,83.33333333333334,83.33333333333334,90.0,9,30.0,9,30.0,7,23.333333333333332,0,0.0,2,6.666666666666667,3,10.0,2.5,1.52206000757745,2.0,2.0,83.33333333333334,86.66666666666667,90.0,9,30.0,9,30.0,7,23.333333333333332,1,3.3333333333333335,1,3.3333333333333335,3,10.0,2.6333333333333333,1.4715826703096078,2.0,1.0,80.0,83.33333333333334,93.33333333333333,7,23.333333333333332,10,33.33333333333333,7,23.333333333333332,1,3.3333333333333335,3,10.0,2,6.666666666666667
56,True,2.9,1.7000000000000002,3.0,2.75,70.0,83.33333333333334,83.33333333333334,8,26.666666666666668,6,20.0,7,23.333333333333332,4,13.333333333333334,0,0.0,5,16.666666666666664,2.4,1.624807680927192,2.0,2.0,80.0,86.66666666666667,90.0,13,43.333333333333336,5,16.666666666666664,6,20.0,2,6.666666666666667,1,3.3333333333333335,3,10.0,2.4,1.5187714333192688,2.0,2.0,83.33333333333334,90.0,90.0,11,36.666666666666664,7,23.333333333333332,7,23.333333333333332,2,6.666666666666667,0,0.0,3,10.0,2.8666666666666667,1.6679994670929073,2.5,2.75,70.0,76.66666666666667,90.0,8,26.666666666666668,7,23.333333333333332,6,20.0,2,6.666666666666667,4,13.333333333333334,3,10.0
57,True,3.3,1.5088627063675033,3.0,2.0,56.666666666666664,80.0,86.66666666666667,3,10.0,8,26.666666666666668,6,20.0,7,23.333333333333332,2,6.666666666666667,4,13.333333333333334,2.6333333333333333,1.5807874268505835,2.0,2.75,73.33333333333333,86.66666666666667,90.0,9,30.0,8,26.666666666666668,5,16.666666666666664,4,13.333333333333334,1,3.3333333333333335,3,10.0,2.7333333333333334,1.7113996870657915,2.0,2.5,73.33333333333333,83.33333333333334,83.33333333333334,8,26.666666666666668,10,33.33333333333333,4,13.333333333333334,3,10.0,0,0.0,5,16.666666666666664,3.1666666666666665,1.5933891203622828,3.0,2.0,56.666666666666664,76.66666666666667,90.0,5,16.666666666666664,8,26.666666666666668,4,13.333333333333334,6,20.0,4,13.333333333333334,3,10.0
58,True,2.8666666666666667,1.54344492037203,2.0,2.0,70.0,86.66666666666667,86.66666666666667,5,16.666666666666664,11,36.666666666666664,5,16.666666666666664,5,16.666666666666664,0,0.0,4,13.333333333333334,2.2666666666666666,1.412641340027806,2.0,2.0,86.66666666666667,90.0,93.33333333333333,11,36.666666666666664,9,30.0,6,20.0,1,3.3333333333333335,1,3.3333333333333335,2,6.666666666666667,2.3666666666666667,1.4255603186895398,2.0,2.0,83.33333333333334,90.0,93.33333333333333,10,33.33333333333333,9,30.0,6,20.0,2,6.666666666666667,1,3.3333333333333335,2,6.666666666666667,2.6666666666666665,1.5776212754932308,2.0,2.75,73.33333333333333,86.66666666666667,90.0,9,30.0,7,23.333333333333332,6,20.0,4,13.333333333333334,1,3.3333333333333335,3,10.0
59,True,2.6333333333333333,1.3780017739062926,2.0,1.75,73.33333333333333,93.33333333333333,93.33333333333333,7,23.333333333333332,9,30.0,6,20.0,6,20.0,0,0.0,2,6.666666666666667,2.3666666666666667,1.4019827229875395,2.0,2.0,80.0,90.0,96.66666666666667,11,36.666666666666664,7,23.333333333333332,6,20.0,3,10.0,2,6.666666666666667,1,3.3333333333333335,2.466666666666667,1.4544949486180954,2.0,2.0,76.66666666666667,86.66666666666667,96.66666666666667,10,33.33333333333333,8,26.666666666666668,5,16.666666666666664,3,10.0,3,10.0,1,3.3333333333333335,2.933333333333333,1.569146972791976,2.5,2.0,63.33333333333333,83.33333333333334,90.0,6,20.0,9,30.0,4,13.333333333333334,6,20.0,2,6.666666666666667,3,10.0
60,True,2.7333333333333334,1.6918103387266026,2.0,2.0,70.0,80.0,86.66666666666667,7,23.333333333333332,13,43.333333333333336,1,3.3333333333333335,3,10.0,2,6.666666666666667,4,13.333333333333334,2.4,1.6653327995729061,2.0,2.0,76.66666666666667,83.33333333333334,90.0,12,40.0,9,30.0,2,6.666666666666667,2,6.666666666666667,2,6.666666666666667,3,10.0,2.433333333333333,1.6868774571839993,2.0,2.0,76.66666666666667,86.66666666666667,86.66666666666667,12,40.0,8,26.666666666666668,3,10.0,3,10.0,0,0.0,4,13.333333333333334,2.933333333333333,1.8607047649270483,2.0,3.75,63.33333333333333,73.33333333333333,83.33333333333334,9,30.0,8,26.666666666666668,2,6.666666666666667,3,10.0,3,10.0,5,16.666666666666664
61,True,2.7,1.4866068747318506,2.0,1.0,76.66666666666667,86.66666666666667,90.0,6,20.0,11,36.666666666666664,6,20.0,3,10.0,1,3.3333333333333335,3,10.0,2.3333333333333335,1.4452988925785866,2.0,2.0,80.0,90.0,93.33333333333333,10,33.33333333333333,11,36.666666666666664,3,10.0,3,10.0,1,3.3333333333333335,2,6.666666666666667,2.433333333333333,1.5638272140986536,2.0,2.0,76.66666666666667,83.33333333333334,93.33333333333333,10,33.33333333333333,11,36.666666666666664,2,6.666666666666667,2,6.666666666666667,3,10.0,2,6.666666666666667,2.9,1.7578395831246947,2.0,2.75,66.66666666666666,80.0,83.33333333333334,8,26.666666666666668,8,26.666666666666668,4,13.333333333333334,4,13.333333333333334,1,3.3333333333333335,5,16.666666666666664
62,True,3.033333333333333,1.27758452644912,3.0,2.0,66.66666666666666,90.0,93.33333333333333,3,10.0,8,26.666666666666668,9,30.0,7,23.333333333333332,1,3.3333333333333335,2,6.666666666666667,2.7,1.5737428845483834,2.0,1.75,76.66666666666667,83.33333333333334,90.0,8,26.666666666666668,8,26.666666666666668,7,23.333333333333332,2,6.666666666666667,2,6.666666666666667,3,10.0,2.8,1.6411378166788229,2.0,1.0,76.66666666666667,80.0,86.66666666666667,7,23.333333333333332,9,30.0,7,23.333333333333332,1,3.3333333333333335,2,6.666666666666667,4,13.333333333333334,3.066666666666667,1.590248058916875,3.0,2.0,66.66666666666666,76.66666666666667,90.0,6,20.0,6,20.0,8,26.666666666666668,3,10.0,4,13.333333333333334,3,10.0
63,True,3.2666666666666666,1.7113996870657913,3.0,2.75,60.0,73.33333333333333,83.33333333333334,6,20.0,5,16.666666666666664,7,23.333333333333332,4,13.333333333333334,3,10.0,5,16.666666666666664,2.6333333333333333,1.5807874268505835,2.0,2.75,73.33333333333333,83.33333333333334,93.33333333333333,10,33.33333333333333,6,20.0,6,20.0,3,10.0,3,10.0,2,6.666666666666667,2.7333333333333334,1.5040685563571303,3.0,3.0,70.0,83.33333333333334,96.66666666666667,9,30.0,5,16.666666666666664,7,23.333333333333332,4,13.333333333333334,4,13.333333333333334,1,3.3333333333333335,3.033333333333333,1.7603661235347856,3.0,4.0,63.33333333333333,70.0,90.0,9,30.0,4,13.333333333333334,6,20.0,2,6.666666666666667,6,20.0,3,10.0
64,True,3.066666666666667,1.3888444437333105,3.0,2.0,63.33333333333333,90.0,90.0,4,13.333333333333334,7,23.333333333333332,8,26.666666666666668,8,26.666666666666668,0,0.0,3,10.0,2.8,1.661324772583615,2.0,2.75,70.0,83.33333333333334,86.66666666666667,8,26.666666666666668,8,26.666666666666668,5,16.666666666666664,4,13.333333333333334,1,3.3333333333333335,4,13.333333333333334,2.933333333333333,1.7499206331208919,2.0,2.75,60.0,83.33333333333334,83.33333333333334,8,26.666666666666668,8,26.666666666666668,2,6.666666666666667,7,23.333333333333332,0,0.0,5,16.666666666666664,3.8333333333333335,1.7143187827498387,3.5,3.0,50.0,63.33333333333333,70.0,3,10.0,4,13.333333333333334,8,26.666666666666668,4,13.333333333333334,2,6.666666666666667,9,30.0
65,True,2.9,1.3988090172238192,3.0,2.0,70.0,86.66666666666667,93.33333333333333,5,16.666666666666664,8,26.666666666666668,8,26.666666666666668,5,16.666666666666664,2,6.666666666666667,2,6.666666666666667,2.6666666666666665,1.577621275493231,2.0,2.75,73.33333333333333,86.66666666666667,90.0,9,30.0,7,23.333333333333332,6,20.0,4,13.333333333333334,1,3.3333333333333335,3,10.0,2.7666666666666666,1.6669999666733317,2.5,2.75,73.33333333333333,83.33333333333334,86.66666666666667,9,30.0,6,20.0,7,23.333333333333332,3,10.0,1,3.3333333333333335,4,13.333333333333334,3.433333333333333,1.7451520150277897,3.5,3.0,50.0,63.33333333333333,86.66666666666667,6,20.0,5,16.666666666666664,4,13.333333333333334,4,13.333333333333334,7,23.333333333333332,4,13.333333333333334
66,True,2.8,1.5362291495737217,2.5,2.0,70.0,86.66666666666667,90.0,7,23.333333333333332,8,26.666666666666668,6,20.0,5,16.666666666666664,1,3.3333333333333335,3,10.0,2.433333333333333,1.5423647068345698,2.0,2.0,80.0,83.33333333333334,93.33333333333333,10,33.33333333333333,10,33.33333333333333,4,13.333333333333334,1,3.3333333333333335,3,10.0,2,6.666666666666667,2.466666666666667,1.5434449203720302,2.0,2.0,80.0,83.33333333333334,93.33333333333333,10,33.33333333333333,9,30.0,5,16.666666666666664,1,3.3333333333333335,3,10.0,2,6.666666666666667,3.1666666666666665,2.0013884069704098,2.0,4.5,63.33333333333333,66.66666666666666,73.33333333333333,8,26.666666666666668,8,26.666666666666668,3,10.0,1,3.3333333333333335,2,6.666666666666667,8,26.666666666666668
67,True,2.9,1.5779733838059502,3.0,2.75,63.33333333333333,86.66666666666667,90.0,8,26.666666666666668,5,16.666666666666664,6,20.0,7,23.333333333333332,1,3.3333333333333335,3,10.0,2.6,1.6041612554021285,2.0,2.75,73.33333333333333,86.66666666666667,90.0,10,33.33333333333333,7,23.333333333333332,5,16.666666666666664,4,13.333333333333334,1,3.3333333333333335,3,10.0,2.566666666666667,1.4533486237727757,2.0,3.0,70.0,90.0,96.66666666666667,10,33.33333333333333,6,20.0,5,16.666666666666664,6,20.0,2,6.666666666666667,1,3.3333333333333335,3.3333333333333335,1.8135294011647258,3.0,3.0,56.666666666666664,70.0,80.0,7,23.333333333333332,4,13.333333333333334,6,20.0,4,13.333333333333334,3,10.0,6,20.0
68,True,2.8333333333333335,1.2405196043952265,2.0,1.75,73.33333333333333,90.0,93.33333333333333,1,3.3333333333333335,16,53.333333333333336,5,16.666666666666664,5,16.666666666666664,1,3.3333333333333335,2,6.666666666666667,2.6,1.3808210118138653,2.0,1.0,80.0,90.0,90.0,4,13.333333333333334,16,53.333333333333336,4,13.333333333333334,3,10.0,0,0.0,3,10.0,2.6333333333333333,1.27758452644912,2.0,1.75,73.33333333333333,90.0,96.66666666666667,4,13.333333333333334,15,50.0,3,10.0,5,16.666666666666664,2,6.666666666666667,1,3.3333333333333335,2.933333333333333,1.4590712418826193,2.0,2.0,70.0,83.33333333333334,90.0,3,10.0,13,43.333333333333336,5,16.666666666666664,4,13.333333333333334,2,6.666666666666667,3,10.0
69,True,2.6,1.5620499351813308,2.0,1.75,83.33333333333334,86.66666666666667,86.66666666666667,8,26.666666666666668,9,30.0,8,26.666666666666668,1,3.3333333333333335,0,0.0,4,13.333333333333334,2.1666666666666665,1.343709624716425,2.0,1.75,86.66666666666667,93.33333333333333,93.33333333333333,11,36.666666666666664,11,36.666666666666664,4,13.333333333333334,2,6.666666666666667,0,0.0,2,6.666666666666667,2.2,1.3266499161421599,2.0,1.75,86.66666666666667,93.33333333333333,93.33333333333333,10,33.33333333333333,12,40.0,4,13.333333333333334,2,6.666666666666667,0,0.0,2,6.666666666666667,2.533333333333333,1.4996295838935991,2.0,2.0,80.0,90.0,90.0,9,30.0,8,26.666666666666668,7,23.333333333333332,3,10.0,0,0.0,3,10.0
70,True,2.8333333333333335,1.6346933113652304,3.0,3.0,66.66666666666666,83.33333333333334,90.0,9,30.0,5,16.666666666666664,6,20.0,5,16.666666666666664,2,6.666666666666667,3,10.0,2.3,1.7349351572897471,1.0,2.0,76.66666666666667,83.33333333333334,90.0,16,53.333333333333336,4,13.333333333333334,3,10.0,2,6.666666666666667,2,6.666666666666667,3,10.0,2.4,1.8366636418607882,1.0,2.75,73.33333333333333,76.66666666666667,90.0,16,53.333333333333336,4,13.333333333333334,2,6.666666666666667,1,3.3333333333333335,4,13.333333333333334,3,10.0,2.8666666666666667,1.8749814813900312,2.5,3.75,63.33333333333333,73.33333333333333,86.66666666666667,12,40.0,3,10.0,4,13.333333333333334,3,10.0,4,13.333333333333334,4,13.333333333333334
71,True,2.7666666666666666,1.5638272140986536,3.0,1.75,76.66666666666667,83.33333333333334,90.0,8,26.666666666666668,6,20.0,9,30.0,2,6.666666666666667,2,6.666666666666667,3,10.0,2.2333333333333334,1.54236470683457,1.0,2.0,76.66666666666667,93.33333333333333,93.33333333333333,16,53.333333333333336,2,6.666666666666667,5,16.666666666666664,5,16.666666666666664,0,0.0,2,6.666666666666667,2.5,1.8929694486000912,1.0,3.0,70.0,83.33333333333334,83.33333333333334,16,53.333333333333336,2,6.666666666666667,3,10.0,4,13.333333333333334,0,0.0,5,16.666666666666664,2.566666666666667,1.6868774571839995,2.0,2.0,76.66666666666667,86.66666666666667,86.66666666666667,12,40.0,4,13.333333333333334,7,23.333333333333332,3,10.0,0,0.0,4,13.333333333333334
72,True,3.2333333333333334,1.5205992970609392,3.0,2.0,70.0,80.0,83.33333333333334,3,10.0,7,23.333333333333332,11,36.666666666666664,3,10.0,1,3.3333333333333335,5,16.666666666666664,2.6333333333333333,1.5380362660079105,2.5,2.0,80.0,86.66666666666667,90.0,9,30.0,6,20.0,9,30.0,2,6.666666666666667,1,3.3333333333333335,3,10.0,2.7333333333333334,1.6110727964792761,2.5,1.75,80.0,83.33333333333334,86.66666666666667,8,26.666666666666668,7,23.333333333333332,9,30.0,1,3.3333333333333335,1,3.3333333333333335,4,13.333333333333334,2.7333333333333334,1.5477582354991866,3.0,2.75,73.33333333333333,83.33333333333334,93.33333333333333,9,30.0,5,16.666666666666664,8,26.666666666666668,3,10.0,3,10.0,2,6.666666666666667
73,True,2.1333333333333333,1.384035966135113,2.0,2.0,90.0,93.33333333333333,93.33333333333333,14,46.666666666666664,5,16.666666666666664,8,26.666666666666668,1,3.3333333333333335,0,0.0,2,6.666666666666667,1.8,1.3759844960366863,1.0,1.0,90.0,90.0,96.66666666666667,20,66.66666666666666,3,10.0,4,13.333333333333334,0,0.0,2,6.666666666666667,1,3.3333333333333335,1.7666666666666666,1.2565384549980512,1.0,1.0,93.33333333333333,93.33333333333333,96.66666666666667,19,63.33333333333333,4,13.333333333333334,5,16.666666666666664,0,0.0,1,3.3333333333333335,1,3.3333333333333335,2.2666666666666666,1.671991493864594,1.0,2.0,80.0,86.66666666666667,90.0,16,53.333333333333336,3,10.0,5,16.666666666666664,2,6.666666666666667,1,3.3333333333333335,3,10.0
74,True,2.966666666666667,1.5380362660079105,2.5,2.0,70.0,83.33333333333334,86.66666666666667,4,13.333333333333334,11,36.666666666666664,6,20.0,4,13.333333333333334,1,3.3333333333333335,4,13.333333333333334,2.466666666666667,1.4544949486180954,2.0,2.0,80.0,90.0,93.33333333333333,10,33.33333333333333,7,23.333333333333332,7,23.333333333333332,3,10.0,1,3.3333333333333335,2,6.666666666666667,2.7666666666666666,1.725945795466616,2.0,3.0,70.0,80.0,86.66666666666667,9,30.0,8,26.666666666666668,4,13.333333333333334,3,10.0,2,6.666666666666667,4,13.333333333333334,3.3333333333333335,1.776388345929897,3.0,3.0,66.66666666666666,70.0,76.66666666666667,5,16.666666666666664,6,20.0,9,30.0,1,3.3333333333333335,2,6.666666666666667,7,23.333333333333332
75,True,2.933333333333333,1.4360439485692011,2.5,2.0,66.66666666666666,83.33333333333334,93.33333333333333,4,13.333333333333334,11,36.666666666666664,5,16.666666666666664,5,16.666666666666664,3,10.0,2,6.666666666666667,2.2666666666666666,1.6316317667360556,2.0,1.0,76.66666666666667,86.66666666666667,90.0,13,43.333333333333336,10,33.33333333333333,0,0.0,3,10.0,1,3.3333333333333335,3,10.0,2.3,1.676305461424021,2.0,1.0,76.66666666666667,83.33333333333334,90.0,13,43.333333333333336,10,33.33333333333333,0,0.0,2,6.666666666666667,2,6.666666666666667,3,10.0,3.1,1.8681541692269406,2.0,3.0,60.0,66.66666666666666,83.33333333333334,7,23.333333333333332,10,33.33333333333333,1,3.3333333333333335,2,6.666666666666667,5,16.666666666666664,5,16.666666666666664
76,True,2.8333333333333335,1.6141733350404335,2.5,2.75,66.66666666666666,83.33333333333334,90.0,8,26.666666666666668,7,23.333333333333332,5,16.666666666666664,5,16.666666666666664,2,6.666666666666667,3,10.0,2.4,1.6451950239004087,2.0,2.0,76.66666666666667,86.66666666666667,90.0,13,43.333333333333336,6,20.0,4,13.333333333333334,3,10.0,1,3.3333333333333335,3,10.0,2.4,1.5620499351813306,2.0,2.0,76.66666666666667,86.66666666666667,93.33333333333333,12,40.0,7,23.333333333333332,4,13.333333333333334,3,10.0,2,6.666666666666667,2,6.666666666666667,2.7666666666666666,1.7065234314893605,2.0,3.0,66.66666666666666,80.0,90.0,10,33.33333333333333,6,20.0,4,13.333333333333334,4,13.333333333333334,3,10.0,3,10.0
77,True,3.0,1.61245154965971,3.0,2.75,60.0,83.33333333333334,90.0,8,26.666666666666668,4,13.333333333333334,6,20.0,7,23.333333333333332,2,6.666666666666667,3,10.0,2.533333333333333,1.80246744461277,2.0,2.75,73.33333333333333,83.33333333333334,83.33333333333334,12,40.0,8,26.666666666666668,2,6.666666666666667,3,10.0,0,0.0,5,16.666666666666664,2.6333333333333333,1.8526257642120338,2.0,3.0,70.0,80.0,83.33333333333334,12,40.0,7,23.333333333333332,2,6.666666666666667,3,10.0,1,3.3333333333333335,5,16.666666666666664,3.0,1.8618986725025255,2.0,3.75,60.0,73.33333333333333,83.33333333333334,9,30.0,7,23.333333333333332,2,6.666666666666667,4,13.333333333333334,3,10.0,5,16.666666666666664
78,True,2.966666666666667,1.5595583420386112,2.5,1.75,73.33333333333333,80.0,86.66666666666667,4,13.333333333333334,11,36.666666666666664,7,23.333333333333332,2,6.666666666666667,2,6.666666666666667,4,13.333333333333334,2.6333333333333333,1.5595583420386114,2.0,1.75,76.66666666666667,80.0,93.33333333333333,8,26.666666666666668,10,33.33333333333333,5,16.666666666666664,1,3.3333333333333335,4,13.333333333333334,2,6.666666666666667,2.6666666666666665,1.6193277068654826,2.0,1.75,76.66666666666667,80.0,90.0,8,26.666666666666668,10,33.33333333333333,5,16.666666666666664,1,3.3333333333333335,3,10.0,3,10.0,3.033333333333333,1.7603661235347858,2.0,2.75,66.66666666666666,73.33333333333333,83.33333333333334,6,20.0,10,33.33333333333333,4,13.333333333333334,2,6.666666666666667,3,10.0,5,16.666666666666664
79,True,2.566666666666667,1.4533486237727757,2.0,1.75,80.0,86.66666666666667,93.33333333333333,8,26.666666666666668,9,30.0,7,23.333333333333332,2,6.666666666666667,2,6.666666666666667,2,6.666666666666667,2.3666666666666667,1.601735170231195,2.0,2.0,80.0,86.66666666666667,90.0,12,40.0,8,26.666666666666668,4,13.333333333333334,2,6.666666666666667,1,3.3333333333333335,3,10.0,2.433333333333333,1.4533486237727762,2.0,2.0,80.0,90.0,93.33333333333333,10,33.33333333333333,8,26.666666666666668,6,20.0,3,10.0,1,3.3333333333333335,2,6.666666666666667,2.7333333333333334,1.6110727964792761,2.5,2.75,73.33333333333333,83.33333333333334,90.0,9,30.0,6,20.0,7,23.333333333333332,3,10.0,2,6.666666666666667,3,10.0
80,True,2.933333333333333,1.4817407180595248,3.0,2.0,70.0,86.66666666666667,90.0,6,20.0,6,20.0,9,30.0,5,16.666666666666664,1,3.3333333333333335,3,10.0,2.3333333333333335,1.5563490039905004,2.0,2.0,76.66666666666667,86.66666666666667,93.33333333333333,12,40.0,9,30.0,2,6.666666666666667,3,10.0,2,6.666666666666667,2,6.666666666666667,2.566666666666667,1.8199511592958264,2.0,2.0,76.66666666666667,80.0,83.33333333333334,12,40.0,7,23.333333333333332,4,13.333333333333334,1,3.3333333333333335,1,3.3333333333333335,5,16.666666666666664,3.1,1.7387735140993301,2.5,2.0,60.0,76.66666666666667,83.33333333333334,6,20.0,9,30.0,3,10.0,5,16.666666666666664,2,6.666666666666667,5,16.666666666666664
81,True,2.933333333333333,1.7499206331208916,2.5,2.75,66.66666666666666,80.0,83.33333333333334,8,26.666666666666668,7,23.333333333333332,5,16.666666666666664,4,13.333333333333334,1,3.3333333333333335,5,16.666666666666664,2.433333333333333,1.5423647068345698,2.0,2.0,83.33333333333334,86.66666666666667,90.0,10,33.33333333333333,9,30.0,6,20.0,1,3.3333333333333335,1,3.3333333333333335,3,10.0,2.7,1.69607389776114,2.0,3.0,70.0,80.0,90.0,10,33.33333333333333,7,23.333333333333332,4,13.333333333333334,3,10.0,3,10.0,3,10.0,2.8333333333333335,1.7143187827498385,2.0,4.0,70.0,70.0,93.33333333333333,9,30.0,7,23.333333333333332,5,16.666666666666664,0,0.0,7,23.333333333333332,2,6.666666666666667
82,True,3.1,1.6196707484341788,3.0,2.0,60.0,83.33333333333334,86.66666666666667,7,23.333333333333332,4,13.333333333333334,7,23.333333333333332,7,23.333333333333332,1,3.3333333333333335,4,13.333333333333334,2.566666666666667,1.5423647068345698,2.0,2.75,73.33333333333333,86.66666666666667,93.33333333333333,10,33.33333333333333,7,23.333333333333332,5,16.666666666666664,4,13.333333333333334,2,6.666666666666667,2,6.666666666666667,2.6666666666666665,1.6193277068654826,2.0,3.0,70.0,86.66666666666667,90.0,10,33.33333333333333,6,20.0,5,16.666666666666664,5,16.666666666666664,1,3.3333333333333335,3,10.0,3.2,1.7962924780409975,3.0,3.5,56.666666666666664,73.33333333333333,83.33333333333334,8,26.666666666666668,4,13.333333333333334,5,16.666666666666664,5,16.666666666666664,3,10.0,5,16.666666666666664
83,True,2.7,1.5524174696260022,2.0,1.0,80.0,86.66666666666667,86.66666666666667,7,23.333333333333332,9,30.0,8,26.666666666666668,2,6.666666666666667,0,0.0,4,13.333333333333334,2.3333333333333335,1.5129074290546956,2.0,2.0,80.0,90.0,93.33333333333333,13,43.333333333333336,5,16.666666666666664,6,20.0,3,10.0,1,3.3333333333333335,2,6.666666666666667,2.433333333333333,1.5205992970609392,2.0,2.0,80.0,86.66666666666667,93.33333333333333,11,36.666666666666664,7,23.333333333333332,6,20.0,2,6.666666666666667,2,6.666666666666667,2,6.666666666666667,2.8333333333333335,1.6141733350404335,3.0,3.0,70.0,83.33333333333334,90.0,9,30.0,4,13.333333333333334,8,26.666666666666668,4,13.333333333333334,2,6.666666666666667,3,10.0
84,True,2.966666666666667,1.5807874268505835,3.0,1.0,76.66666666666667,83.33333333333334,83.33333333333334,5,16.666666666666664,8,26.666666666666668,10,33.33333333333333,2,6.666666666666667,0,0.0,5,16.666666666666664,2.533333333333333,1.5434449203720302,2.0,2.0,80.0,83.33333333333334,93.33333333333333,10,33.33333333333333,7,23.333333333333332,7,23.333333333333332,1,3.3333333333333335,3,10.0,2,6.666666666666667,2.6,1.5620499351813308,2.5,2.0,80.0,86.66666666666667,90.0,10,33.33333333333333,5,16.666666666666664,9,30.0,2,6.666666666666667,1,3.3333333333333335,3,10.0,3.1,1.7,3.0,2.0,66.66666666666666,76.66666666666667,83.33333333333334,6,20.0,7,23.333333333333332,7,23.333333333333332,3,10.0,2,6.666666666666667,5,16.666666666666664
85,True,2.5,1.4548768561863463,2.0,2.0,76.66666666666667,90.0,93.33333333333333,9,30.0,9,30.0,5,16.666666666666664,4,13.333333333333334,1,3.3333333333333335,2,6.666666666666667,2.033333333333333,1.3780017739062924,2.0,1.0,90.0,90.0,93.33333333333333,13,43.333333333333336,11,36.666666666666664,3,10.0,0,0.0,1,3.3333333333333335,2,6.666666666666667,2.1333333333333333,1.4544949486180951,2.0,1.0,83.33333333333334,90.0,93.33333333333333,13,43.333333333333336,10,33.33333333333333,2,6.666666666666667,2,6.666666666666667,1,3.3333333333333335,2,6.666666666666667,2.4,1.4742229591663987,2.0,2.0,76.66666666666667,90.0,93.33333333333333,10,33.33333333333333,10,33.33333333333333,3,10.0,4,13.333333333333334,1,3.3333333333333335,2,6.666666666666667
86,True,2.566666666666667,1.358512258154322,2.5,1.75,80.0,93.33333333333333,93.33333333333333,8,26.666666666666668,7,23.333333333333332,9,30.0,4,13.333333333333334,0,0.0,2,6.666666666666667,2.4,1.5620499351813306,2.0,2.0,80.0,86.66666666666667,93.33333333333333,13,43.333333333333336,4,13.333333333333334,7,23.333333333333332,2,6.666666666666667,2,6.666666666666667,2,6.666666666666667,2.533333333333333,1.586050300449376,2.0,2.0,76.66666666666667,83.33333333333334,93.33333333333333,11,36.666666666666664,6,20.0,6,20.0,2,6.666666666666667,3,10.0,2,6.666666666666667,2.7333333333333334,1.6519348924485158,2.5,3.0,70.0,83.33333333333334,90.0,10,33.33333333333333,5,16.666666666666664,6,20.0,4,13.333333333333334,2,6.666666666666667,3,10.0
87,True,2.966666666666667,1.6829207415152447,2.5,2.0,70.0,80.0,83.33333333333334,6,20.0,9,30.0,6,20.0,3,10.0,1,3.3333333333333335,5,16.666666666666664,2.4,1.7243356208503415,2.0,2.75,73.33333333333333,83.33333333333334,90.0,14,46.666666666666664,6,20.0,2,6.666666666666667,3,10.0,2,6.666666666666667,3,10.0,2.7666666666666666,2.027861489900684,2.0,3.75,63.33333333333333,73.33333333333333,80.0,14,46.666666666666664,4,13.333333333333334,1,3.3333333333333335,3,10.0,2,6.666666666666667,6,20.0,3.0,1.7888543819998317,2.5,3.75,66.66666666666666,70.0,86.66666666666667,8,26.666666666666668,7,23.333333333333332,5,16.666666666666664,1,3.3333333333333335,5,16.666666666666664,4,13.333333333333334
88,True,2.8333333333333335,1.5293426329272617,3.0,3.0,66.66666666666666,86.66666666666667,93.33333333333333,9,30.0,3,10.0,8,26.666666666666668,6,20.0,2,6.666666666666667,2,6.666666666666667,2.6333333333333333,1.7026123718829513,2.0,2.75,73.33333333333333,83.33333333333334,86.66666666666667,10,33.33333333333333,8,26.666666666666668,4,13.333333333333334,3,10.0,1,3.3333333333333335,4,13.333333333333334,2.6666666666666665,1.6397831834998458,2.0,2.75,73.33333333333333,83.33333333333334,90.0,10,33.33333333333333,6,20.0,6,20.0,3,10.0,2,6.666666666666667,3,10.0,2.9,1.7194960502038572,2.5,2.75,70.0,76.66666666666667,86.66666666666667,8,26.666666666666668,7,23.333333333333332,6,20.0,2,6.666666666666667,3,10.0,4,13.333333333333334
89,True,3.2333333333333334,1.6058919293927871,3.0,3.0,66.66666666666666,70.0,86.66666666666667,3,10.0,10,33.33333333333333,7,23.333333333333332,1,3.3333333333333335,5,16.666666666666664,4,13.333333333333334,2.9,1.7,2.0,2.0,70.0,76.66666666666667,86.66666666666667,7,23.333333333333332,9,30.0,5,16.666666666666664,2,6.666666666666667,3,10.0,4,13.333333333333334,2.933333333333333,1.6918103387266028,2.0,2.75,66.66666666666666,73.33333333333333,90.0,7,23.333333333333332,9,30.0,4,13.333333333333334,2,6.666666666666667,5,16.666666666666664,3,10.0,3.433333333333333,1.5849991237291654,3.0,3.0,56.666666666666664,63.33333333333333,90.0,3,10.0,8,26.666666666666668,6,20.0,2,6.666666666666667,8,26.666666666666668,3,10.0
90,True,3.1666666666666665,1.4624940645653535,3.0,2.0,56.666666666666664,86.66666666666667,90.0,5,16.666666666666664,5,16.666666666666664,7,23.333333333333332,9,30.0,1,3.3333333333333335,3,10.0,2.7666666666666666,1.5638272140986536,2.5,3.0,63.33333333333333,86.66666666666667,93.33333333333333,9,30.0,6,20.0,4,13.333333333333334,7,23.333333333333332,2,6.666666666666667,2,6.666666666666667,2.8333333333333335,1.674979270186815,2.5,3.0,63.33333333333333,86.66666666666667,86.66666666666667,9,30.0,6,20.0,4,13.333333333333334,7,23.333333333333332,0,0.0,4,13.333333333333334,3.1,1.6603212540549694,3.0,2.0,60.0,80.0,86.66666666666667,7,23.333333333333332,5,16.666666666666664,6,20.0,6,20.0,2,6.666666666666667,4,13.333333333333334
91,True,3.6666666666666665,1.349897115421106,4.0,2.5,40.0,73.33333333333333,90.0,1,3.3333333333333335,7,23.333333333333332,4,13.333333333333334,10,33.33333333333333,5,16.666666666666664,3,10.0,2.8,1.7776388834631178,2.0,3.0,66.66666666666666,76.66666666666667,86.66666666666667,9,30.0,9,30.0,2,6.666666666666667,3,10.0,3,10.0,4,13.333333333333334,2.966666666666667,1.8162843634433705,2.0,3.75,60.0,73.33333333333333,86.66666666666667,9,30.0,7,23.333333333333332,2,6.666666666666667,4,13.333333333333334,4,13.333333333333334,4,13.333333333333334,3.6666666666666665,1.6996731711975948,4.0,3.0,46.666666666666664,66.66666666666666,76.66666666666667,3,10.0,7,23.333333333333332,4,13.333333333333334,6,20.0,3,10.0,7,23.333333333333332
92,True,2.6333333333333333,1.303414319734477,2.0,1.0,80.0,86.66666666666667,96.66666666666667,5,16.666666666666664,12,40.0,7,23.333333333333332,2,6.666666666666667,3,10.0,1,3.3333333333333335,2.3666666666666667,1.5162087220725546,2.0,2.0,80.0,90.0,90.0,10,33.33333333333333,11,36.666666666666664,3,10.0,3,10.0,0,0.0,3,10.0,2.533333333333333,1.4996295838935991,2.0,2.0,76.66666666666667,86.66666666666667,93.33333333333333,9,30.0,9,30.0,5,16.666666666666664,3,10.0,2,6.666666666666667,2,6.666666666666667,2.7666666666666666,1.6468825769380835,2.0,2.75,70.0,80.0,90.0,8,26.666666666666668,9,30.0,4,13.333333333333334,3,10.0,3,10.0,3,10.0
93,True,2.8666666666666667,1.6069294390925268,3.0,1.75,73.33333333333333,83.33333333333334,86.66666666666667,7,23.333333333333332,7,23.333333333333332,8,26.666666666666668,3,10.0,1,3.3333333333333335,4,13.333333333333334,2.5,1.5,2.0,2.0,80.0,90.0,90.0,9,30.0,9,30.0,6,20.0,3,10.0,0,0.0,3,10.0,2.566666666666667,1.430229196861662,2.0,1.75,76.66666666666667,90.0,93.33333333333333,8,26.666666666666668,9,30.0,6,20.0,4,13.333333333333334,1,3.3333333333333335,2,6.666666666666667,2.8333333333333335,1.6141733350404335,2.5,2.75,66.66666666666666,83.33333333333334,90.0,8,26.666666666666668,7,23.333333333333332,5,16.666666666666664,5,16.666666666666664,2,6.666666666666667,3,10.0
94,True,3.1666666666666665,1.8454147380888546,3.0,4.0,60.0,70.0,83.33333333333334,9,30.0,3,10.0,6,20.0,3,10.0,4,13.333333333333334,5,16.666666666666664,2.3,1.6155494421403511,1.5,2.0,76.66666666666667,86.66666666666667,93.33333333333333,15,50.0,4,13.333333333333334,4,13.333333333333334,3,10.0,2,6.666666666666667,2,6.666666666666667,2.466666666666667,1.7650936393164969,2.0,2.0,76.66666666666667,83.33333333333334,86.66666666666667,14,46.666666666666664,4,13.333333333333334,5,16.666666666666664,2,6.666666666666667,1,3.3333333333333335,4,13.333333333333334,2.566666666666667,1.6058919293927871,2.0,3.0,66.66666666666666,83.33333333333334,96.66666666666667,12,40.0,5,16.666666666666664,3,10.0,5,16.666666666666664,4,13.333333333333334,1,3.3333333333333335
95,True,2.2,1.222020185321557,2.0,2.0,83.33333333333334,96.66666666666667,96.66666666666667,10,33.33333333333333,11,36.666666666666664,4,13.333333333333334,4,13.333333333333334,0,0.0,1,3.3333333333333335,2.1666666666666665,1.4851112939963644,2.0,1.0,86.66666666666667,90.0,90.0,12,40.0,11,36.666666666666664,3,10.0,1,3.3333333333333335,0,0.0,3,10.0,2.4,1.7435595774162695,2.0,2.0,83.33333333333334,83.33333333333334,83.33333333333334,12,40.0,9,30.0,4,13.333333333333334,0,0.0,0,0.0,5,16.666666666666664,2.5,1.3844373104863459,2.0,1.75,76.66666666666667,93.33333333333333,93.33333333333333,8,26.666666666666668,10,33.33333333333333,5,16.666666666666664,5,16.666666666666664,0,0.0,2,6.666666666666667
96,True,2.4,1.42828568570857,2.0,2.0,90.0,90.0,90.0,9,30.0,9,30.0,9,30.0,0,0.0,0,0.0,3,10.0,2.2,1.4922019523732928,2.0,2.0,90.0,90.0,90.0,13,43.333333333333336,7,23.333333333333332,7,23.333333333333332,0,0.0,0,0.0,3,10.0,2.466666666666667,1.7838784213679537,2.0,2.0,80.0,83.33333333333334,83.33333333333334,13,43.333333333333336,6,20.0,5,16.666666666666664,1,3.3333333333333335,0,0.0,5,16.666666666666664,2.3666666666666667,1.601735170231195,2.0,2.0,83.33333333333334,86.66666666666667,90.0,13,43.333333333333336,5,16.666666666666664,7,23.333333333333332,1,3.3333333333333335,1,3.3333333333333335,3,10.0
97,True,2.7,1.4177446878757827,2.5,1.0,80.0,90.0,90.0,6,20.0,9,30.0,9,30.0,3,10.0,0,0.0,3,10.0,2.3666666666666667,1.601735170231195,2.0,2.0,80.0,86.66666666666667,90.0,12,40.0,8,26.666666666666668,4,13.333333333333334,2,6.666666666666667,1,3.3333333333333335,3,10.0,2.3666666666666667,1.4715826703096078,2.0,2.0,80.0,90.0,93.33333333333333,11,36.666666666666664,8,26.666666666666668,5,16.666666666666664,3,10.0,1,3.3333333333333335,2,6.666666666666667,3.1,1.885912687975418,3.0,3.75,60.0,73.33333333333333,80.0,9,30.0,5,16.666666666666664,4,13.333333333333334,4,13.333333333333334,2,6.666666666666667,6,20.0
98,True,2.6666666666666665,1.2202003478482086,3.0,1.75,73.33333333333333,93.33333333333333,100.0,7,23.333333333333332,6,20.0,9,30.0,6,20.0,2,6.666666666666667,0,0.0,2.6,1.7243356208503418,2.5,2.75,73.33333333333333,86.66666666666667,86.66666666666667,13,43.333333333333336,2,6.666666666666667,7,23.333333333333332,4,13.333333333333334,0,0.0,4,13.333333333333334,2.6666666666666665,1.7950549357115013,2.0,2.75,73.33333333333333,83.33333333333334,83.33333333333334,12,40.0,4,13.333333333333334,6,20.0,3,10.0,0,0.0,5,16.666666666666664,3.433333333333333,1.8917951498216947,3.0,3.75,53.333333333333336,70.0,73.33333333333333,7,23.333333333333332,4,13.333333333333334,5,16.666666666666664,5,16.666666666666664,1,3.3333333333333335,8,26.666666666666668
99,True,2.933333333333333,1.569146972791976,3.0,2.0,63.33333333333333,80.0,93.33333333333333,7,23.333333333333332,7,23.333333333333332,5,16.666666666666664,5,16.666666666666664,4,13.333333333333334,2,6.666666666666667,2.4,1.6852299546352716,2.0,2.0,76.66666666666667,86.66666666666667,86.66666666666667,12,40.0,9,30.0,2,6.666666666666667,3,10.0,0,0.0,4,13.333333333333334,2.533333333333333,1.7838784213679537,2.0,2.0,76.66666666666667,83.33333333333334,83.33333333333334,12,40.0,7,23.333333333333332,4,13.333333333333334,2,6.666666666666667,0,0.0,5,16.666666666666664,3.0,1.8073922282301278,2.0,2.75,70.0,73.33333333333333,80.0,6,20.0,11,36.666666666666664,4,13.333333333333334,1,3.3333333333333335,2,6.666666666666667,6,20.0
100,True,2.966666666666667,1.3780017739062924,3.0,2.0,60.0,93.33333333333333,93.33333333333333,6,20.0,5,16.666666666666664,7,23.333333333333332,10,33.33333333333333,0,0.0,2,6.666666666666667,2.6333333333333333,1.6224124698183944,2.0,3.0,70.0,83.33333333333334,93.33333333333333,11,36.666666666666664,5,16.666666666666664,5,16.666666666666664,4,13.333333333333334,3,10.0,2,6.666666666666667,2.7666666666666666,1.7829438827088444,2.0,3.0,66.66666666666666,80.0,86.66666666666667,11,36.666666666666664,5,16.666666666666664,4,13.333333333333334,4,13.333333333333334,2,6.666666666666667,4,13.333333333333334,3.066666666666667,1.730767331432956,3.0,3.0,56.666666666666664,80.0,86.66666666666667,9,30.0,3,10.0,5,16.666666666666664,7,23.333333333333332,2,6.666666666666667,4,13.333333333333334
101,True,2.8666666666666667,1.6679994670929073,2.5,1.75,73.33333333333333,83.33333333333334,83.33333333333334,7,23.333333333333332,8,26.666666666666668,7,23.333333333333332,3,10.0,0,0.0,5,16.666666666666664,2.433333333333333,1.6669999666733317,2.0,2.0,76.66666666666667,83.33333333333334,90.0,12,40.0,8,26.666666666666668,3,10.0,2,6.666666666666667,2,6.666666666666667,3,10.0,2.433333333333333,1.5849991237291652,2.0,2.0,76.66666666666667,80.0,96.66666666666667,12,40.0,7,23.333333333333332,4,13.333333333333334,1,3.3333333333333335,5,16.666666666666664,1,3.3333333333333335,3.2666666666666666,1.896195020443719,3.0,3.0,63.33333333333333,66.66666666666666,76.66666666666667,7,23.333333333333332,6,20.0,6,20.0,1,3.3333333333333335,3,10.0,7,23.333333333333332
102,True,3.1333333333333333,1.4079141387961918,3.0,2.0,66.66666666666666,83.33333333333334,90.0,3,10.0,8,26.666666666666668,9,30.0,5,16.666666666666664,2,6.666666666666667,3,10.0,2.7,1.6563010998406458,2.0,3.0,70.0,83.33333333333334,90.0,10,33.33333333333333,6,20.0,5,16.666666666666664,4,13.333333333333334,2,6.666666666666667,3,10.0,2.7666666666666666,1.5638272140986536,3.0,3.0,70.0,83.33333333333334,93.33333333333333,9,30.0,5,16.666666666666664,7,23.333333333333332,4,13.333333333333334,3,10.0,2,6.666666666666667,3.3666666666666667,1.8526257642120334,3.0,3.0,53.333333333333336,66.66666666666666,80.0,7,23.333333333333332,5,16.666666666666664,4,13.333333333333334,4,13.333333333333334,4,13.333333333333334,6,20.0
103,True,2.7333333333333334,1.5477582354991866,3.0,2.0,76.66666666666667,86.66666666666667,90.0,9,30.0,4,13.333333333333334,10,33.33333333333333,3,10.0,1,3.3333333333333335,3,10.0,2.3666666666666667,1.9576062480034697,1.0,2.0,76.66666666666667,80.0,80.0,17,56.666666666666664,4,13.333333333333334,2,6.666666666666667,1,3.3333333333333335,0,0.0,6,20.0,2.2666666666666666,1.730767331432956,1.0,2.0,80.0,86.66666666666667,86.66666666666667,16,53.333333333333336,4,13.333333333333334,4,13.333333333333334,2,6.666666666666667,0,0.0,4,13.333333333333334,2.7,1.6360521589077368,3.0,3.0,70.0,86.66666666666667,90.0,11,36.666666666666664,3,10.0,7,23.333333333333332,5,16.666666666666664,1,3.3333333333333335,3,10.0
104,True,2.8333333333333335,1.2133516482134197,3.0,2.0,70.0,93.33333333333333,96.66666666666667,4,13.333333333333334,9,30.0,8,26.666666666666668,7,23.333333333333332,1,3.3333333333333335,1,3.3333333333333335,2.533333333333333,1.6069294390925268,2.0,2.0,76.66666666666667,83.33333333333334,90.0,9,30.0,11,36.666666666666664,3,10.0,2,6.666666666666667,2,6.666666666666667,3,10.0,2.6666666666666665,1.7575235101952091,2.0,2.75,73.33333333333333,76.66666666666667,86.66666666666667,9,30.0,11,36.666666666666664,2,6.666666666666667,1,3.3333333333333335,3,10.0,4,13.333333333333334,3.3333333333333335,1.6996731711975952,3.0,2.0,56.666666666666664,76.66666666666667,80.0,5,16.666666666666664,6,20.0,6,20.0,6,20.0,1,3.3333333333333335,6,20.0
105,True,3.033333333333333,1.8162843634433703,3.0,3.0,70.0,76.66666666666667,80.0,9,30.0,3,10.0,9,30.0,2,6.666666666666667,1,3.3333333333333335,6,20.0,2.2666666666666666,1.6918103387266028,1.0,2.0,76.66666666666667,83.33333333333334,93.33333333333333,17,56.666666666666664,2,6.666666666666667,4,13.333333333333334,2,6.666666666666667,3,10.0,2,6.666666666666667,2.3,1.5947831618540917,1.5,2.0,80.0,86.66666666666667,93.33333333333333,15,50.0,3,10.0,6,20.0,2,6.666666666666667,2,6.666666666666667,2,6.666666666666667,2.6,1.8903262505010434,1.5,3.0,70.0,76.66666666666667,86.66666666666667,15,50.0,2,6.666666666666667,4,13.333333333333334,2,6.666666666666667,3,10.0,4,13.333333333333334
106,True,2.933333333333333,1.412641340027806,3.0,2.0,66.66666666666666,86.66666666666667,93.33333333333333,5,16.666666666666664,8,26.666666666666668,7,23.333333333333332,6,20.0,2,6.666666666666667,2,6.666666666666667,2.4,1.624807680927192,2.0,2.75,73.33333333333333,90.0,90.0,13,43.333333333333336,6,20.0,3,10.0,5,16.666666666666664,0,0.0,3,10.0,2.533333333333333,1.586050300449376,2.0,3.0,66.66666666666666,90.0,93.33333333333333,12,40.0,5,16.666666666666664,3,10.0,7,23.333333333333332,1,3.3333333333333335,2,6.666666666666667,3.0,1.8257418583505538,2.5,3.0,60.0,76.66666666666667,83.33333333333334,9,30.0,6,20.0,3,10.0,5,16.666666666666664,2,6.666666666666667,5,16.666666666666664
107,True,3.3666666666666667,1.682920741515245,3.0,2.0,63.33333333333333,76.66666666666667,76.66666666666667,4,13.333333333333334,6,20.0,9,30.0,4,13.333333333333334,0,0.0,7,23.333333333333332,2.6333333333333333,1.7220788470785984,2.0,2.0,76.66666666666667,80.0,86.66666666666667,10,33.33333333333333,8,26.666666666666668,5,16.666666666666664,1,3.3333333333333335,2,6.666666666666667,4,13.333333333333334,2.6666666666666665,1.5563490039905004,2.5,2.0,76.66666666666667,86.66666666666667,90.0,9,30.0,6,20.0,8,26.666666666666668,3,10.0,1,3.3333333333333335,3,10.0,3.066666666666667,1.7113996870657915,3.0,2.75,63.33333333333333,76.66666666666667,86.66666666666667,8,26.666666666666668,4,13.333333333333334,7,23.333333333333332,4,13.333333333333334,3,10.0,4,13.333333333333334
108,True,2.6333333333333333,1.32874209519965,2.5,1.0,83.33333333333334,90.0,93.33333333333333,6,20.0,9,30.0,10,33.33333333333333,2,6.666666666666667,1,3.3333333333333335,2,6.666666666666667,2.433333333333333,1.5638272140986533,2.0,2.0,80.0,86.66666666666667,90.0,10,33.33333333333333,10,33.33333333333333,4,13.333333333333334,2,6.666666666666667,1,3.3333333333333335,3,10.0,2.3,1.345362404707371,2.0,2.0,83.33333333333334,93.33333333333333,93.33333333333333,9,30.0,12,40.0,4,13.333333333333334,3,10.0,0,0.0,2,6.666666666666667,2.933333333333333,1.8061622912192088,2.0,2.0,70.0,76.66666666666667,80.0,7,23.333333333333332,10,33.33333333333333,4,13.333333333333334,2,6.666666666666667,1,3.3333333333333335,6,20.0
109,True,2.3666666666666667,1.4487542541400487,2.0,2.0,83.33333333333334,90.0,93.33333333333333,11,36.666666666666664,7,23.333333333333332,7,23.333333333333332,2,6.666666666666667,1,3.3333333333333335,2,6.666666666666667,2.033333333333333,1.3780017739062924,2.0,1.0,86.66666666666667,93.33333333333333,93.33333333333333,14,46.666666666666664,9,30.0,3,10.0,2,6.666666666666667,0,0.0,2,6.666666666666667,2.0,1.1832159566199232,2.0,1.75,90.0,96.66666666666667,96.66666666666667,13,43.333333333333336,9,30.0,5,16.666666666666664,2,6.666666666666667,0,0.0,1,3.3333333333333335,2.566666666666667,1.6058919293927874,2.0,2.75,73.33333333333333,86.66666666666667,90.0,10,33.33333333333333,8,26.666666666666668,4,13.333333333333334,4,13.333333333333334,1,3.3333333333333335,3,10.0
110,True,3.3333333333333335,1.7191729277636836,3.0,2.75,53.333333333333336,73.33333333333333,83.33333333333334,6,20.0,5,16.666666666666664,5,16.666666666666664,6,20.0,3,10.0,5,16.666666666666664,2.566666666666667,1.7065234314893605,2.0,3.0,70.0,83.33333333333334,90.0,12,40.0,6,20.0,3,10.0,4,13.333333333333334,2,6.666666666666667,3,10.0,2.7,1.6155494421403511,2.0,3.0,66.66666666666666,83.33333333333334,93.33333333333333,10,33.33333333333333,6,20.0,4,13.333333333333334,5,16.666666666666664,3,10.0,2,6.666666666666667,3.0,1.7888543819998317,2.5,3.0,56.666666666666664,76.66666666666667,86.66666666666667,9,30.0,6,20.0,2,6.666666666666667,6,20.0,3,10.0,4,13.333333333333334
111,True,2.6666666666666665,1.4907119849998598,2.0,1.75,73.33333333333333,90.0,90.0,7,23.333333333333332,10,33.33333333333333,5,16.666666666666664,5,16.666666666666664,0,0.0,3,10.0,2.3666666666666667,1.6629959577688562,2.0,1.75,76.66666666666667,83.33333333333334,90.0,12,40.0,10,33.33333333333333,1,3.3333333333333335,2,6.666666666666667,2,6.666666666666667,3,10.0,2.2333333333333334,1.4533486237727762,2.0,2.0,83.33333333333334,90.0,93.33333333333333,12,40.0,9,30.0,4,13.333333333333334,2,6.666666666666667,1,3.3333333333333335,2,6.666666666666667,3.033333333333333,2.0080393975772046,2.0,4.5,63.33333333333333,73.33333333333333,73.33333333333333,10,33.33333333333333,6,20.0,3,10.0,3,10.0,0,0.0,8,26.666666666666668
112,True,2.2333333333333334,1.406729856400613,2.0,2.75,73.33333333333333,96.66666666666667,96.66666666666667,14,46.666666666666664,5,16.666666666666664,3,10.0,7,23.333333333333332,0,0.0,1,3.3333333333333335,2.1666666666666665,1.5073892072793351,1.5,2.0,76.66666666666667,93.33333333333333,93.33333333333333,15,50.0,6,20.0,2,6.666666666666667,5,16.666666666666664,0,0.0,2,6.666666666666667,2.4,1.7435595774162693,2.0,2.75,73.33333333333333,86.66666666666667,86.66666666666667,14,46.666666666666664,6,20.0,2,6.666666666666667,4,13.333333333333334,0,0.0,4,13.333333333333334,2.7333333333333334,1.7499206331208919,2.0,3.0,63.33333333333333,80.0,90.0,11,36.666666666666664,6,20.0,2,6.666666666666667,5,16.666666666666664,3,10.0,3,10.0
113,True,2.6666666666666665,1.3498971154211061,2.5,1.0,80.0,90.0,93.33333333333333,6,20.0,9,30.0,9,30.0,3,10.0,1,3.3333333333333335,2,6.666666666666667,2.3333333333333335,1.6193277068654823,2.0,2.0,80.0,86.66666666666667,90.0,13,43.333333333333336,7,23.333333333333332,4,13.333333333333334,2,6.666666666666667,1,3.3333333333333335,3,10.0,2.2666666666666666,1.4360439485692011,2.0,2.0,83.33333333333334,86.66666666666667,96.66666666666667,12,40.0,8,26.666666666666668,5,16.666666666666664,1,3.3333333333333335,3,10.0,1,3.3333333333333335,2.8,1.6,2.0,2.75,66.66666666666666,80.0,93.33333333333333,8,26.666666666666668,8,26.666666666666668,4,13.333333333333334,4,13.333333333333334,4,13.333333333333334,2,6.666666666666667
114,True,2.9,1.6603212540549697,2.0,2.0,70.0,83.33333333333334,83.33333333333334,6,20.0,10,33.33333333333333,5,16.666666666666664,4,13.333333333333334,0,0.0,5,16.666666666666664,2.3333333333333335,1.679947089113887,2.0,2.0,80.0,83.33333333333334,90.0,14,46.666666666666664,6,20.0,4,13.333333333333334,1,3.3333333333333335,2,6.666666666666667,3,10.0,2.3333333333333335,1.577621275493231,2.0,2.0,76.66666666666667,86.66666666666667,93.33333333333333,13,43.333333333333336,7,23.333333333333332,3,10.0,3,10.0,2,6.666666666666667,2,6.666666666666667,2.933333333333333,1.7876116903722563,2.0,3.0,60.0,76.66666666666667,86.66666666666667,9,30.0,7,23.333333333333332,2,6.666666666666667,5,16.666666666666664,3,10.0,4,13.333333333333334
115,True,2.8,1.446835627614047,2.5,2.0,70.0,86.66666666666667,93.33333333333333,6,20.0,9,30.0,6,20.0,5,16.666666666666664,2,6.666666666666667,2,6.666666666666667,2.533333333333333,1.7269111795984826,2.0,2.75,73.33333333333333,80.0,90.0,12,40.0,7,23.333333333333332,3,10.0,2,6.666666666666667,3,10.0,3,10.0,2.6666666666666665,1.776388345929897,2.0,3.0,70.0,80.0,86.66666666666667,11,36.666666666666664,7,23.333333333333332,3,10.0,3,10.0,2,6.666666666666667,4,13.333333333333334,3.1,2.0387904911164036,2.5,4.0,60.0,66.66666666666666,76.66666666666667,11,36.666666666666664,4,13.333333333333334,3,10.0,2,6.666666666666667,3,10.0,7,23.333333333333332
116,True,2.7666666666666666,1.5849991237291652,3.0,3.0,70.0,86.66666666666667,90.0,9,30.0,5,16.666666666666664,7,23.333333333333332,5,16.666666666666664,1,3.3333333333333335,3,10.0,2.3666666666666667,1.5807874268505833,2.0,2.0,76.66666666666667,83.33333333333334,96.66666666666667,14,46.666666666666664,4,13.333333333333334,5,16.666666666666664,2,6.666666666666667,4,13.333333333333334,1,3.3333333333333335,2.466666666666667,1.6878651868229548,2.0,2.75,73.33333333333333,76.66666666666667,96.66666666666667,14,46.666666666666664,4,13.333333333333334,4,13.333333333333334,1,3.3333333333333335,6,20.0,1,3.3333333333333335,3.1333333333333333,1.9275776393067947,3.0,3.75,63.33333333333333,73.33333333333333,76.66666666666667,10,33.33333333333333,2,6.666666666666667,7,23.333333333333332,3,10.0,1,3.3333333333333335,7,23.333333333333332
117,True,2.8333333333333335,1.4161763857498668,3.0,1.0,76.66666666666667,83.33333333333334,93.33333333333333,5,16.666666666666664,9,30.0,9,30.0,2,6.666666666666667,3,10.0,2,6.666666666666667,2.566666666666667,1.5638272140986533,2.0,2.0,76.66666666666667,86.66666666666667,90.0,9,30.0,9,30.0,5,16.666666666666664,3,10.0,1,3.3333333333333335,3,10.0,2.6,1.5620499351813308,2.0,2.0,76.66666666666667,86.66666666666667,90.0,9,30.0,8,26.666666666666668,6,20.0,3,10.0,1,3.3333333333333335,3,10.0,3.1333333333333333,1.8024674446127702,3.0,2.75,66.66666666666666,73.33333333333333,80.0,7,23.333333333333332,6,20.0,7,23.333333333333332,2,6.666666666666667,2,6.666666666666667,6,20.0
118,True,3.1333333333333333,1.746106780494506,3.0,2.5,73.33333333333333,73.33333333333333,80.0,6,20.0,6,20.0,10,33.33333333333333,0,0.0,2,6.666666666666667,6,20.0,2.3,1.5524174696260027,2.0,2.0,76.66666666666667,90.0,93.33333333333333,14,46.666666666666664,5,16.666666666666664,4,13.333333333333334,4,13.333333333333334,1,3.3333333333333335,2,6.666666666666667,2.3666666666666667,1.5595583420386114,2.0,2.75,73.33333333333333,90.0,93.33333333333333,13,43.333333333333336,6,20.0,3,10.0,5,16.666666666666664,1,3.3333333333333335,2,6.666666666666667,3.033333333333333,1.682920741515245,3.0,2.0,66.66666666666666,76.66666666666667,86.66666666666667,7,23.333333333333332,6,20.0,7,23.333333333333332,3,10.0,3,10.0,4,13.333333333333334
119,True,2.8666666666666667,1.5648926125740672,3.0,2.75,63.33333333333333,83.33333333333334,93.33333333333333,8,26.666666666666668,6,20.0,5,16.666666666666664,6,20.0,3,10.0,2,6.666666666666667,2.6,1.8726095873584185,2.0,2.75,73.33333333333333,76.66666666666667,83.33333333333334,12,40.0,8,26.666666666666668,2,6.666666666666667,1,3.3333333333333335,2,6.666666666666667,5,16.666666666666664,2.5,1.746424919657298,2.0,2.0,76.66666666666667,80.0,86.66666666666667,11,36.666666666666664,10,33.33333333333333,2,6.666666666666667,1,3.3333333333333335,2,6.666666666666667,4,13.333333333333334,3.3666666666666667,1.9058389811897072,3.0,3.0,56.666666666666664,63.33333333333333,76.66666666666667,6,20.0,8,26.666666666666668,3,10.0,2,6.666666666666667,4,13.333333333333334,7,23.333333333333332
120,True,2.533333333333333,1.2840906856172147,2.5,1.75,80.0,93.33333333333333,96.66666666666667,8,26.666666666666668,7,23.333333333333332,9,30.0,4,13.333333333333334,1,3.3333333333333335,1,3.3333333333333335,2.3333333333333335,1.6397831834998458,2.0,2.0,86.66666666666667,86.66666666666667,86.66666666666667,13,43.333333333333336,6,20.0,7,23.333333333333332,0,0.0,0,0.0,4,13.333333333333334,2.433333333333333,1.6868774571839993,2.0,2.0,83.33333333333334,83.33333333333334,86.66666666666667,12,40.0,7,23.333333333333332,6,20.0,0,0.0,1,3.3333333333333335,4,13.333333333333334,2.966666666666667,1.8162843634433703,3.0,3.75,70.0,73.33333333333333,83.33333333333334,9,30.0,5,16.666666666666664,7,23.333333333333332,1,3.3333333333333335,3,10.0,5,16.666666666666664
121,True,2.6,1.254325848148452,2.0,1.0,76.66666666666667,93.33333333333333,96.66666666666667,6,20.0,10,33.33333333333333,7,23.333333333333332,5,16.666666666666664,1,3.3333333333333335,1,3.3333333333333335,2.2333333333333334,1.453348623772776,2.0,1.75,80.0,86.66666666666667,96.66666666666667,12,40.0,10,33.33333333333333,2,6.666666666666667,2,6.666666666666667,3,10.0,1,3.3333333333333335,2.2333333333333334,1.453348623772776,2.0,2.0,83.33333333333334,90.0,93.33333333333333,12,40.0,9,30.0,4,13.333333333333334,2,6.666666666666667,1,3.3333333333333335,2,6.666666666666667,2.9,1.7953644012660308,2.0,3.75,66.66666666666666,73.33333333333333,86.66666666666667,9,30.0,7,23.333333333333332,4,13.333333333333334,2,6.666666666666667,4,13.333333333333334,4,13.333333333333334
122,True,3.1666666666666665,1.694763175851488,3.5,3.75,50.0,73.33333333333333,93.33333333333333,9,30.0,2,6.666666666666667,4,13.333333333333334,7,23.333333333333332,6,20.0,2,6.666666666666667,2.6,1.781385228784985,2.0,3.0,70.0,83.33333333333334,86.66666666666667,13,43.333333333333336,4,13.333333333333334,4,13.333333333333334,4,13.333333333333334,1,3.3333333333333335,4,13.333333333333334,2.7333333333333334,1.8427033281447005,2.0,3.0,66.66666666666666,76.66666666666667,86.66666666666667,12,40.0,5,16.666666666666664,3,10.0,3,10.0,3,10.0,4,13.333333333333334,3.3666666666666667,1.8345450541089348,3.5,3.75,50.0,66.66666666666666,83.33333333333334,8,26.666666666666668,3,10.0,4,13.333333333333334,5,16.666666666666664,5,16.666666666666664,5,16.666666666666664
123,True,2.8,1.6411378166788229,2.5,2.5,73.33333333333333,83.33333333333334,86.66666666666667,8,26.666666666666668,7,23.333333333333332,7,23.333333333333332,3,10.0,1,3.3333333333333335,4,13.333333333333334,2.466666666666667,1.6679994670929073,2.0,2.0,76.66666666666667,83.33333333333334,90.0,12,40.0,7,23.333333333333332,4,13.333333333333334,2,6.666666666666667,2,6.666666666666667,3,10.0,2.6333333333333333,1.7026123718829511,2.0,3.0,70.0,76.66666666666667,93.33333333333333,11,36.666666666666664,7,23.333333333333332,3,10.0,2,6.666666666666667,5,16.666666666666664,2,6.666666666666667,2.933333333333333,1.7876116903722563,2.0,2.75,66.66666666666666,76.66666666666667,83.33333333333334,8,26.666666666666668,8,26.666666666666668,4,13.333333333333334,3,10.0,2,6.666666666666667,5,16.666666666666664
124,True,2.6333333333333333,1.6224124698183942,2.0,2.75,73.33333333333333,83.33333333333334,90.0,9,30.0,9,30.0,4,13.333333333333334,3,10.0,2,6.666666666666667,3,10.0,2.3666666666666667,1.6629959577688562,2.0,2.0,80.0,86.66666666666667,86.66666666666667,12,40.0,9,30.0,3,10.0,2,6.666666666666667,0,0.0,4,13.333333333333334,2.433333333333333,1.5423647068345696,2.0,2.0,80.0,83.33333333333334,93.33333333333333,10,33.33333333333333,10,33.33333333333333,4,13.333333333333334,1,3.3333333333333335,3,10.0,2,6.666666666666667,2.4,1.5405626677721789,2.0,2.0,76.66666666666667,86.66666666666667,93.33333333333333,11,36.666666666666664,9,30.0,3,10.0,3,10.0,2,6.666666666666667,2,6.666666666666667
125,True,2.8333333333333335,1.5293426329272617,3.0,1.0,76.66666666666667,86.66666666666667,86.66666666666667,6,20.0,8,26.666666666666668,9,30.0,3,10.0,0,0.0,4,13.333333333333334,2.566666666666667,1.5638272140986533,2.0,2.0,80.0,86.66666666666667,90.0,10,33.33333333333333,6,20.0,8,26.666666666666668,2,6.666666666666667,1,3.3333333333333335,3,10.0,2.6333333333333333,1.6428295373802142,2.5,2.0,83.33333333333334,83.33333333333334,86.66666666666667,10,33.33333333333333,5,16.666666666666664,10,33.33333333333333,0,0.0,1,3.3333333333333335,4,13.333333333333334,2.7,1.5947831618540915,3.0,2.0,76.66666666666667,80.0,93.33333333333333,10,33.33333333333333,4,13.333333333333334,9,30.0,1,3.3333333333333335,4,13.333333333333334,2,6.666666666666667
126,True,2.5,1.5438048235879214,2.0,2.75,73.33333333333333,90.0,93.33333333333333,12,40.0,4,13.333333333333334,6,20.0,5,16.666666666666664,1,3.3333333333333335,2,6.666666666666667,2.2333333333333334,1.7065234314893605,1.0,2.0,76.66666666666667,86.66666666666667,90.0,17,56.666666666666664,3,10.0,3,10.0,3,10.0,1,3.3333333333333335,3,10.0,2.2,1.6,1.0,2.0,80.0,86.66666666666667,93.33333333333333,16,53.333333333333336,4,13.333333333333334,4,13.333333333333334,2,6.666666666666667,2,6.666666666666667,2,6.666666666666667,2.6666666666666665,1.7950549357115013,2.0,3.0,66.66666666666666,83.33333333333334,86.66666666666667,13,43.333333333333336,3,10.0,4,13.333333333333334,5,16.666666666666664,1,3.3333333333333335,4,13.333333333333334
127,True,3.1,1.4224392195567912,3.0,2.0,70.0,83.33333333333334,90.0,4,13.333333333333334,6,20.0,11,36.666666666666664,4,13.333333333333334,2,6.666666666666667,3,10.0,2.7,1.530795000427338,2.5,1.75,76.66666666666667,86.66666666666667,90.0,8,26.666666666666668,7,23.333333333333332,8,26.666666666666668,3,10.0,1,3.3333333333333335,3,10.0,2.9,1.6196707484341788,3.0,2.0,70.0,83.33333333333334,86.66666666666667,7,23.333333333333332,7,23.333333333333332,7,23.333333333333332,4,13.333333333333334,1,3.3333333333333335,4,13.333333333333334,3.066666666666667,1.7113996870657915,3.0,2.0,63.33333333333333,80.0,83.33333333333334,7,23.333333333333332,6,20.0,6,20.0,5,16.666666666666664,1,3.3333333333333335,5,16.666666666666664
128,True,2.533333333333333,1.4772346537440226,2.0,2.75,73.33333333333333,86.66666666666667,96.66666666666667,10,33.33333333333333,7,23.333333333333332,5,16.666666666666664,4,13.333333333333334,3,10.0,1,3.3333333333333335,2.4,1.6852299546352718,2.0,2.0,76.66666666666667,83.33333333333334,90.0,13,43.333333333333336,7,23.333333333333332,3,10.0,2,6.666666666666667,2,6.666666666666667,3,10.0,2.4,1.645195023900409,2.0,2.0,76.66666666666667,86.66666666666667,90.0,13,43.333333333333336,6,20.0,4,13.333333333333334,3,10.0,1,3.3333333333333335,3,10.0,2.8333333333333335,1.8454147380888546,2.0,3.0,66.66666666666666,76.66666666666667,83.33333333333334,10,33.33333333333333,7,23.333333333333332,3,10.0,3,10.0,2,6.666666666666667,5,16.666666666666664
129,True,3.466666666666667,1.7269111795984824,3.5,3.0,50.0,66.66666666666666,83.33333333333334,5,16.666666666666664,6,20.0,4,13.333333333333334,5,16.666666666666664,5,16.666666666666664,5,16.666666666666664,2.6,1.6852299546352718,2.0,2.75,73.33333333333333,83.33333333333334,86.66666666666667,9,30.0,11,36.666666666666664,2,6.666666666666667,3,10.0,1,3.3333333333333335,4,13.333333333333334,2.7,1.5947831618540915,2.0,2.0,70.0,83.33333333333334,90.0,7,23.333333333333332,12,40.0,2,6.666666666666667,4,13.333333333333334,2,6.666666666666667,3,10.0,3.4,1.8366636418607882,3.5,3.0,50.0,66.66666666666666,80.0,6,20.0,7,23.333333333333332,2,6.666666666666667,5,16.666666666666664,4,13.333333333333334,6,20.0
130,True,2.8666666666666667,1.4772346537440226,3.0,1.75,73.33333333333333,83.33333333333334,93.33333333333333,7,23.333333333333332,5,16.666666666666664,10,33.33333333333333,3,10.0,3,10.0,2,6.666666666666667,2.566666666666667,1.7829438827088444,2.0,3.0,70.0,83.33333333333334,86.66666666666667,13,43.333333333333336,5,16.666666666666664,3,10.0,4,13.333333333333334,1,3.3333333333333335,4,13.333333333333334,2.8,1.8330302779823362,2.0,3.0,66.66666666666666,80.0,83.33333333333334,11,36.666666666666664,5,16.666666666666664,4,13.333333333333334,4,13.333333333333334,1,3.3333333333333335,5,16.666666666666664,2.8,1.5577761927397231,3.0,3.0,70.0,83.33333333333334,93.33333333333333,9,30.0,4,13.333333333333334,8,26.666666666666668,4,13.333333333333334,3,10.0,2,6.666666666666667
131,True,2.533333333333333,1.384035966135113,2.0,2.0,76.66666666666667,90.0,96.66666666666667,9,30.0,7,23.333333333333332,7,23.333333333333332,4,13.333333333333334,2,6.666666666666667,1,3.3333333333333335,2.533333333333333,1.687865186822955,2.0,2.75,73.33333333333333,83.33333333333334,90.0,12,40.0,6,20.0,4,13.333333333333334,3,10.0,2,6.666666666666667,3,10.0,2.6333333333333333,1.7978382080215733,2.0,3.0,70.0,80.0,86.66666666666667,12,40.0,6,20.0,3,10.0,3,10.0,2,6.666666666666667,4,13.333333333333334,3.033333333333333,1.8162843634433703,3.0,3.75,60.0,73.33333333333333,86.66666666666667,10,33.33333333333333,3,10.0,5,16.666666666666664,4,13.333333333333334,4,13.333333333333334,4,13.333333333333334
132,True,2.433333333333333,1.6468825769380835,2.0,2.0,80.0,83.33333333333334,90.0,12,40.0,7,23.333333333333332,5,16.666666666666664,1,3.3333333333333335,2,6.666666666666667,3,10.0,2.3666666666666667,1.682920741515245,2.0,2.0,76.66666666666667,83.33333333333334,90.0,13,43.333333333333336,8,26.666666666666668,2,6.666666666666667,2,6.666666666666667,2,6.666666666666667,3,10.0,2.433333333333333,1.6868774571839993,2.0,2.0,76.66666666666667,83.33333333333334,90.0,13,43.333333333333336,6,20.0,4,13.333333333333334,2,6.666666666666667,2,6.666666666666667,3,10.0,2.933333333333333,1.9652537297311568,2.0,4.0,63.33333333333333,70.0,80.0,10,33.33333333333333,8,26.666666666666668,1,3.3333333333333335,2,6.666666666666667,3,10.0,6,20.0
133,True,2.9,1.468559384794046,3.0,2.0,66.66666666666666,86.66666666666667,93.33333333333333,7,23.333333333333332,5,16.666666666666664,8,26.666666666666668,6,20.0,2,6.666666666666667,2,6.666666666666667,2.3666666666666667,1.6224124698183944,2.0,2.0,76.66666666666667,90.0,90.0,14,46.666666666666664,4,13.333333333333334,5,16.666666666666664,4,13.333333333333334,0,0.0,3,10.0,2.7666666666666666,1.8199511592958264,2.5,3.0,70.0,76.66666666666667,86.66666666666667,12,40.0,3,10.0,6,20.0,2,6.666666666666667,3,10.0,4,13.333333333333334,2.7666666666666666,1.7451520150277897,2.5,3.0,70.0,76.66666666666667,90.0,11,36.666666666666664,4,13.333333333333334,6,20.0,2,6.666666666666667,4,13.333333333333334,3,10.0
134,True,3.066666666666667,1.6519348924485155,3.0,2.0,66.66666666666666,80.0,83.33333333333334,5,16.666666666666664,9,30.0,6,20.0,4,13.333333333333334,1,3.3333333333333335,5,16.666666666666664,2.533333333333333,1.667999467092907,2.0,2.75,73.33333333333333,83.33333333333334,90.0,11,36.666666666666664,8,26.666666666666668,3,10.0,3,10.0,2,6.666666666666667,3,10.0,2.7666666666666666,1.8015425489162213,2.0,3.0,66.66666666666666,76.66666666666667,86.66666666666667,10,33.33333333333333,8,26.666666666666668,2,6.666666666666667,3,10.0,3,10.0,4,13.333333333333334,3.066666666666667,1.7307673314329557,3.0,2.75,63.33333333333333,73.33333333333333,86.66666666666667,7,23.333333333333332,7,23.333333333333332,5,16.666666666666664,3,10.0,4,13.333333333333334,4,13.333333333333334
135,True,2.3666666666666667,1.2242911781471306,2.0,2.0,83.33333333333334,96.66666666666667,96.66666666666667,9,30.0,8,26.666666666666668,8,26.666666666666668,4,13.333333333333334,0,0.0,1,3.3333333333333335,2.3666666666666667,1.6224124698183944,2.0,2.0,80.0,86.66666666666667,90.0,13,43.333333333333336,6,20.0,5,16.666666666666664,2,6.666666666666667,1,3.3333333333333335,3,10.0,2.3333333333333335,1.577621275493231,2.0,2.0,83.33333333333334,86.66666666666667,90.0,12,40.0,8,26.666666666666668,5,16.666666666666664,1,3.3333333333333335,1,3.3333333333333335,3,10.0,3.066666666666667,1.7688665548562132,3.0,2.75,63.33333333333333,76.66666666666667,83.33333333333334,8,26.666666666666668,5,16.666666666666664,6,20.0,4,13.333333333333334,2,6.666666666666667,5,16.666666666666664
136,True,2.9,1.445683229480096,3.0,2.0,66.66666666666666,86.66666666666667,93.33333333333333,6,20.0,7,23.333333333333332,7,23.333333333333332,6,20.0,2,6.666666666666667,2,6.666666666666667,2.6666666666666665,1.7575235101952091,2.0,3.5,73.33333333333333,73.33333333333333,90.0,10,33.33333333333333,9,30.0,3,10.0,0,0.0,5,16.666666666666664,3,10.0,2.6666666666666665,1.6799470891138872,2.0,2.75,73.33333333333333,80.0,90.0,10,33.33333333333333,7,23.333333333333332,5,16.666666666666664,2,6.666666666666667,3,10.0,3,10.0,3.2333333333333334,1.8015425489162211,3.0,3.0,60.0,66.66666666666666,83.33333333333334,6,20.0,8,26.666666666666668,4,13.333333333333334,2,6.666666666666667,5,16.666666666666664,5,16.666666666666664
137,True,2.6666666666666665,1.5776212754932308,2.0,1.75,80.0,86.66666666666667,86.66666666666667,8,26.666666666666668,8,26.666666666666668,8,26.666666666666668,2,6.666666666666667,0,0.0,4,13.333333333333334,2.3666666666666667,1.4940623220676648,2.0,2.0,83.33333333333334,90.0,90.0,10,33.33333333333333,10,33.33333333333333,5,16.666666666666664,2,6.666666666666667,0,0.0,3,10.0,2.433333333333333,1.4985177861992682,2.0,2.0,80.0,86.66666666666667,93.33333333333333,10,33.33333333333333,9,30.0,5,16.666666666666664,2,6.666666666666667,2,6.666666666666667,2,6.666666666666667,2.6666666666666665,1.5986105077709065,2.0,2.0,76.66666666666667,83.33333333333334,90.0,9,30.0,7,23.333333333333332,7,23.333333333333332,2,6.666666666666667,2,6.666666666666667,3,10.0
138,True,2.8,1.6812693617224654,2.0,3.0,60.0,80.0,93.33333333333333,10,33.33333333333333,6,20.0,2,6.666666666666667,6,20.0,4,13.333333333333334,2,6.666666666666667,2.466666666666667,1.521694961401777,2.0,3.0,70.0,86.66666666666667,96.66666666666667,11,36.666666666666664,8,26.666666666666668,2,6.666666666666667,5,16.666666666666664,3,10.0,1,3.3333333333333335,2.6333333333333333,1.6224124698183942,2.0,3.0,66.66666666666666,80.0,96.66666666666667,11,36.666666666666664,6,20.0,3,10.0,4,13.333333333333334,5,16.666666666666664,1,3.3333333333333335,2.8333333333333335,1.6141733350404335,2.0,2.75,63.33333333333333,80.0,93.33333333333333,8,26.666666666666668,8,26.666666666666668,3,10.0,5,16.666666666666664,4,13.333333333333334,2,6.666666666666667
139,True,2.8666666666666667,1.4996295838935991,2.5,1.75,73.33333333333333,83.33333333333334,90.0,5,16.666666666666664,10,33.33333333333333,7,23.333333333333332,3,10.0,2,6.666666666666667,3,10.0,2.5,1.4548768561863463,2.0,2.0,83.33333333333334,86.66666666666667,93.33333333333333,9,30.0,8,26.666666666666668,8,26.666666666666668,1,3.3333333333333335,2,6.666666666666667,2,6.666666666666667,2.7333333333333334,1.7113996870657915,2.0,2.75,73.33333333333333,80.0,86.66666666666667,9,30.0,8,26.666666666666668,5,16.666666666666664,2,6.666666666666667,2,6.666666666666667,4,13.333333333333334,2.7666666666666666,1.5423647068345696,2.5,1.0,76.66666666666667,83.33333333333334,90.0,7,23.333333333333332,8,26.666666666666668,8,26.666666666666668,2,6.666666666666667,2,6.666666666666667,3,10.0
140,True,2.7666666666666666,1.6265163865007803,3.0,3.0,66.66666666666666,86.66666666666667,90.0,10,33.33333333333333,4,13.333333333333334,6,20.0,6,20.0,1,3.3333333333333335,3,10.0,2.3,1.5737428845483834,2.0,2.0,80.0,90.0,90.0,13,43.333333333333336,7,23.333333333333332,4,13.333333333333334,3,10.0,0,0.0,3,10.0,2.6333333333333333,1.9232495649002208,2.0,3.0,70.0,80.0,80.0,13,43.333333333333336,6,20.0,2,6.666666666666667,3,10.0,0,0.0,6,20.0,2.7,1.7729448195962934,2.0,3.0,70.0,80.0,86.66666666666667,11,36.666666666666664,6,20.0,4,13.333333333333334,3,10.0,2,6.666666666666667,4,13.333333333333334
141,True,3.1,1.6401219466856725,3.0,2.0,56.666666666666664,83.33333333333334,86.66666666666667,7,23.333333333333332,5,16.666666666666664,5,16.666666666666664,8,26.666666666666668,1,3.3333333333333335,4,13.333333333333334,2.7666666666666666,1.7641491496532322,2.5,3.0,70.0,80.0,86.66666666666667,11,36.666666666666664,4,13.333333333333334,6,20.0,3,10.0,2,6.666666666666667,4,13.333333333333334,2.8,1.7009801096230766,3.0,3.0,63.33333333333333,83.33333333333334,90.0,11,36.666666666666664,3,10.0,5,16.666666666666664,6,20.0,2,6.666666666666667,3,10.0,2.933333333333333,1.6110727964792764,3.0,2.75,66.66666666666666,76.66666666666667,93.33333333333333,8,26.666666666666668,5,16.666666666666664,7,23.333333333333332,3,10.0,5,16.666666666666664,2,6.666666666666667
142,True,2.8333333333333335,1.6141733350404335,3.0,2.75,70.0,86.66666666666667,86.66666666666667,8,26.666666666666668,6,20.0,7,23.333333333333332,5,16.666666666666664,0,0.0,4,13.333333333333334,2.6,1.7625738755203049,2.0,2.75,73.33333333333333,80.0,86.66666666666667,11,36.666666666666664,8,26.666666666666668,3,10.0,2,6.666666666666667,2,6.666666666666667,4,13.333333333333334,2.7,1.7540429489230491,2.0,3.0,66.66666666666666,83.33333333333334,86.66666666666667,11,36.666666666666664,6,20.0,3,10.0,5,16.666666666666664,1,3.3333333333333335,4,13.333333333333334,2.933333333333333,1.5477582354991866,3.0,2.0,66.66666666666666,83.33333333333334,90.0,6,20.0,8,26.666666666666668,6,20.0,5,16.666666666666664,2,6.666666666666667,3,10.0
143,True,2.8,1.6,3.0,2.5,73.33333333333333,86.66666666666667,86.66666666666667,8,26.666666666666668,6,20.0,8,26.666666666666668,4,13.333333333333334,0,0.0,4,13.333333333333334,2.3,1.7156145643277025,1.5,2.0,80.0,86.66666666666667,86.66666666666667,15,50.0,5,16.666666666666664,4,13.333333333333334,2,6.666666666666667,0,0.0,4,13.333333333333334,2.3666666666666667,1.7413277182145301,1.5,2.0,76.66666666666667,86.66666666666667,86.66666666666667,15,50.0,4,13.333333333333334,4,13.333333333333334,3,10.0,0,0.0,4,13.333333333333334,2.7666666666666666,1.6669999666733317,2.5,3.0,66.66666666666666,83.33333333333334,90.0,10,33.33333333333333,5,16.666666666666664,5,16.666666666666664,5,16.666666666666664,2,6.666666666666667,3,10.0
144,True,2.7,1.552417469626002,2.0,2.5,73.33333333333333,86.66666666666667,90.0,8,26.666666666666668,8,26.666666666666668,6,20.0,4,13.333333333333334,1,3.3333333333333335,3,10.0,2.2666666666666666,1.5040685563571303,2.0,2.0,83.33333333333334,86.66666666666667,93.33333333333333,12,40.0,9,30.0,4,13.333333333333334,1,3.3333333333333335,2,6.666666666666667,2,6.666666666666667,2.433333333333333,1.6468825769380833,2.0,2.0,80.0,83.33333333333334,90.0,12,40.0,7,23.333333333333332,5,16.666666666666664,1,3.3333333333333335,2,6.666666666666667,3,10.0,3.033333333333333,1.9576062480034697,2.0,4.0,66.66666666666666,70.0,76.66666666666667,9,30.0,7,23.333333333333332,4,13.333333333333334,1,3.3333333333333335,2,6.666666666666667,7,23.333333333333332
145,True,3.2666666666666666,1.6918103387266024,3.0,2.0,56.666666666666664,76.66666666666667,83.33333333333334,6,20.0,5,16.666666666666664,6,20.0,6,20.0,2,6.666666666666667,5,16.666666666666664,2.566666666666667,1.5638272140986533,2.0,1.75,80.0,83.33333333333334,90.0,8,26.666666666666668,11,36.666666666666664,5,16.666666666666664,1,3.3333333333333335,2,6.666666666666667,3,10.0,2.6,1.5620499351813308,2.0,1.75,80.0,83.33333333333334,90.0,8,26.666666666666668,10,33.33333333333333,6,20.0,1,3.3333333333333335,2,6.666666666666667,3,10.0,3.1333333333333333,1.6679994670929073,3.0,2.75,63.33333333333333,73.33333333333333,86.66666666666667,5,16.666666666666664,9,30.0,5,16.666666666666664,3,10.0,4,13.333333333333334,4,13.333333333333334
146,True,3.0,1.3416407864998738,3.0,1.75,73.33333333333333,83.33333333333334,93.33333333333333,3,10.0,9,30.0,10,33.33333333333333,3,10.0,3,10.0,2,6.666666666666667,2.7666666666666666,1.5849991237291654,2.0,1.0,76.66666666666667,83.33333333333334,86.66666666666667,6,20.0,11,36.666666666666664,6,20.0,2,6.666666666666667,1,3.3333333333333335,4,13.333333333333334,2.7666666666666666,1.5205992970609392,2.0,2.0,70.0,86.66666666666667,90.0,6,20.0,11,36.666666666666664,4,13.333333333333334,5,16.666666666666664,1,3.3333333333333335,3,10.0,2.933333333333333,1.5477582354991866,2.5,2.0,66.66666666666666,86.66666666666667,86.66666666666667,5,16.666666666666664,10,33.33333333333333,5,16.666666666666664,6,20.0,0,0.0,4,13.333333333333334
147,True,2.966666666666667,1.5595583420386114,3.0,2.0,70.0,83.33333333333334,86.66666666666667,5,16.666666666666664,9,30.0,7,23.333333333333332,4,13.333333333333334,1,3.3333333333333335,4,13.333333333333334,2.4,1.6653327995729061,2.0,2.0,76.66666666666667,83.33333333333334,90.0,12,40.0,9,30.0,2,6.666666666666667,2,6.666666666666667,2,6.666666666666667,3,10.0,2.433333333333333,1.5638272140986533,2.0,2.75,73.33333333333333,86.66666666666667,93.33333333333333,11,36.666666666666664,9,30.0,2,6.666666666666667,4,13.333333333333334,2,6.666666666666667,2,6.666666666666667,2.7666666666666666,1.6058919293927874,2.0,2.75,66.66666666666666,80.0,93.33333333333333,8,26.666666666666668,9,30.0,3,10.0,4,13.333333333333334,4,13.333333333333334,2,6.666666666666667
148,True,2.6333333333333333,1.3780017739062924,2.0,1.75,73.33333333333333,93.33333333333333,93.33333333333333,7,23.333333333333332,9,30.0,6,20.0,6,20.0,0,0.0,2,6.666666666666667,2.566666666666667,1.498517786199268,2.0,1.75,76.66666666666667,90.0,90.0,8,26.666666666666668,10,33.33333333333333,5,16.666666666666664,4,13.333333333333334,0,0.0,3,10.0,2.7333333333333334,1.6519348924485158,2.0,2.5,73.33333333333333,83.33333333333334,86.66666666666667,8,26.666666666666668,9,30.0,5,16.666666666666664,3,10.0,1,3.3333333333333335,4,13.333333333333334,2.9,1.7194960502038574,2.0,2.0,70.0,80.0,83.33333333333334,7,23.333333333333332,9,30.0,5,16.666666666666664,3,10.0,1,3.3333333333333335,5,16.666666666666664
149,True,2.8666666666666667,1.7074997966487597,3.0,3.0,70.0,80.0,86.66666666666667,9,30.0,5,16.666666666666664,7,23.333333333333332,3,10.0,2,6.666666666666667,4,13.333333333333334,2.3,1.5307950004273378,2.0,2.0,76.66666666666667,90.0,93.33333333333333,13,43.333333333333336,7,23.333333333333332,3,10.0,4,13.333333333333334,1,3.3333333333333335,2,6.666666666666667,2.433333333333333,1.6468825769380833,2.0,2.0,76.66666666666667,86.66666666666667,90.0,13,43.333333333333336,5,16.666666666666664,5,16.666666666666664,3,10.0,1,3.3333333333333335,3,10.0,2.4,1.42828568570857,2.0,2.0,76.66666666666667,90.0,96.66666666666667,11,36.666666666666664,7,23.333333333333332,5,16.666666666666664,4,13.333333333333334,2,6.666666666666667,1,3.3333333333333335
150,True,2.966666666666667,1.81628436344337,2.5,4.0,60.0,70.0,90.0,10,33.33333333333333,5,16.666666666666664,3,10.0,3,10.0,6,20.0,3,10.0,2.466666666666667,1.7269111795984824,2.0,3.0,70.0,80.0,93.33333333333333,14,46.666666666666664,5,16.666666666666664,2,6.666666666666667,3,10.0,4,13.333333333333334,2,6.666666666666667,2.533333333333333,1.765093639316497,2.0,3.0,70.0,80.0,90.0,13,43.333333333333336,6,20.0,2,6.666666666666667,3,10.0,3,10.0,3,10.0,2.8666666666666667,1.7838784213679537,2.0,3.75,63.33333333333333,73.33333333333333,90.0,10,33.33333333333333,6,20.0,3,10.0,3,10.0,5,16.666666666666664,3,10.0
151,True,3.0,1.7320508075688772,3.0,3.0,60.0,80.0,86.66666666666667,9,30.0,4,13.333333333333334,5,16.666666666666664,6,20.0,2,6.666666666666667,4,13.333333333333334,2.2666666666666666,1.8785337071473829,1.0,1.75,80.0,80.0,83.33333333333334,17,56.666666666666664,5,16.666666666666664,2,6.666666666666667,0,0.0,1,3.3333333333333335,5,16.666666666666664,2.3666666666666667,1.87053171287976,1.0,2.0,76.66666666666667,76.66666666666667,86.66666666666667,16,53.333333333333336,5,16.666666666666664,2,6.666666666666667,0,0.0,3,10.0,4,13.333333333333334,2.6,1.8366636418607882,2.0,3.0,66.66666666666666,76.66666666666667,90.0,14,46.666666666666664,4,13.333333333333334,2,6.666666666666667,3,10.0,4,13.333333333333334,3,10.0
152,True,3.2333333333333334,1.5423647068345696,3.0,2.0,56.666666666666664,80.0,90.0,6,20.0,3,10.0,8,26.666666666666668,7,23.333333333333332,3,10.0,3,10.0,2.566666666666667,1.6058919293927874,2.0,2.0,76.66666666666667,86.66666666666667,90.0,11,36.666666666666664,5,16.666666666666664,7,23.333333333333332,3,10.0,1,3.3333333333333335,3,10.0,2.7,1.6155494421403513,2.5,3.0,70.0,86.66666666666667,90.0,10,33.33333333333333,5,16.666666666666664,6,20.0,5,16.666666666666664,1,3.3333333333333335,3,10.0,2.933333333333333,1.6519348924485158,3.0,3.0,66.66666666666666,80.0,90.0,9,30.0,3,10.0,8,26.666666666666668,4,13.333333333333334,3,10.0,3,10.0
153,True,3.2333333333333334,1.6468825769380835,3.0,2.0,60.0,76.66666666666667,83.33333333333334,4,13.333333333333334,9,30.0,5,16.666666666666664,5,16.666666666666664,2,6.666666666666667,5,16.666666666666664,2.7333333333333334,1.7499206331208919,2.0,3.0,66.66666666666666,80.0,86.66666666666667,9,30.0,10,33.33333333333333,1,3.3333333333333335,4,13.333333333333334,2,6.666666666666667,4,13.333333333333334,2.8,1.7009801096230766,2.0,3.0,63.33333333333333,80.0,90.0,9,30.0,8,26.666666666666668,2,6.666666666666667,5,16.666666666666664,3,10.0,3,10.0,3.1333333333333333,1.8571184369578828,2.0,3.0,60.0,70.0,80.0,6,20.0,11,36.666666666666664,1,3.3333333333333335,3,10.0,3,10.0,6,20.0
154,True,3.033333333333333,1.471582670309608,3.0,2.0,63.33333333333333,86.66666666666667,90.0,5,16.666666666666664,7,23.333333333333332,7,23.333333333333332,7,23.333333333333332,1,3.3333333333333335,3,10.0,2.6666666666666665,1.4907119849998598,2.0,1.0,80.0,86.66666666666667,90.0,7,23.333333333333332,9,30.0,8,26.666666666666668,2,6.666666666666667,1,3.3333333333333335,3,10.0,2.933333333333333,1.671991493864594,2.0,2.0,70.0,76.66666666666667,86.66666666666667,6,20.0,10,33.33333333333333,5,16.666666666666664,2,6.666666666666667,3,10.0,4,13.333333333333334,3.6333333333333333,1.6428295373802142,3.5,3.0,50.0,66.66666666666666,80.0,3,10.0,6,20.0,6,20.0,5,16.666666666666664,4,13.333333333333334,6,20.0
155,True,2.7666666666666666,1.5638272140986533,2.0,1.75,73.33333333333333,80.0,90.0,5,16.666666666666664,14,46.666666666666664,3,10.0,2,6.666666666666667,3,10.0,3,10.0,2.4,1.540562667772179,2.0,1.75,80.0,86.66666666666667,90.0,9,30.0,13,43.333333333333336,2,6.666666666666667,2,6.666666666666667,1,3.3333333333333335,3,10.0,2.433333333333333,1.6058919293927874,2.0,1.75,80.0,86.66666666666667,86.66666666666667,9,30.0,13,43.333333333333336,2,6.666666666666667,2,6.666666666666667,0,0.0,4,13.333333333333334,3.033333333333333,1.7978382080215733,2.0,2.75,66.66666666666666,73.33333333333333,80.0,5,16.666666666666664,13,43.333333333333336,2,6.666666666666667,2,6.666666666666667,2,6.666666666666667,6,20.0
156,True,3.033333333333333,1.1967548714010827,3.0,2.0,66.66666666666666,90.0,96.66666666666667,3,10.0,7,23.333333333333332,10,33.33333333333333,7,23.333333333333332,2,6.666666666666667,1,3.3333333333333335,2.6333333333333333,1.8705317128797598,2.0,2.0,76.66666666666667,80.0,80.0,12,40.0,6,20.0,5,16.666666666666664,1,3.3333333333333335,0,0.0,6,20.0,2.7,1.8645821694595996,2.0,2.75,73.33333333333333,76.66666666666667,83.33333333333334,12,40.0,5,16.666666666666664,5,16.666666666666664,1,3.3333333333333335,2,6.666666666666667,5,16.666666666666664,3.4,1.8726095873584188,3.0,3.0,56.666666666666664,66.66666666666666,76.66666666666667,7,23.333333333333332,4,13.333333333333334,6,20.0,3,10.0,3,10.0,7,23.333333333333332
157,True,2.7,1.7349351572897471,2.0,3.0,66.66666666666666,80.0,90.0,11,36.666666666666664,6,20.0,3,10.0,4,13.333333333333334,3,10.0,3,10.0,2.1333333333333333,1.521694961401777,1.0,2.0,76.66666666666667,90.0,96.66666666666667,17,56.666666666666664,3,10.0,3,10.0,4,13.333333333333334,2,6.666666666666667,1,3.3333333333333335,2.1333333333333333,1.521694961401777,1.0,2.0,76.66666666666667,90.0,96.66666666666667,17,56.666666666666664,3,10.0,3,10.0,4,13.333333333333334,2,6.666666666666667,1,3.3333333333333335,2.466666666666667,1.6478942792411033,2.0,3.0,70.0,86.66666666666667,93.33333333333333,14,46.666666666666664,3,10.0,4,13.333333333333334,5,16.666666666666664,2,6.666666666666667,2,6.666666666666667
158,True,2.966666666666667,1.3535960336164634,3.0,2.0,56.666666666666664,86.66666666666667,100.0,6,20.0,6,20.0,5,16.666666666666664,9,30.0,4,13.333333333333334,0,0.0,2.6,1.6653327995729061,2.0,2.75,73.33333333333333,83.33333333333334,90.0,11,36.666666666666664,6,20.0,5,16.666666666666664,3,10.0,2,6.666666666666667,3,10.0,2.6666666666666665,1.7575235101952091,2.0,2.75,73.33333333333333,80.0,86.66666666666667,11,36.666666666666664,6,20.0,5,16.666666666666664,2,6.666666666666667,2,6.666666666666667,4,13.333333333333334,3.3,1.8823743871327334,3.5,3.75,50.0,70.0,80.0,8,26.666666666666668,5,16.666666666666664,2,6.666666666666667,6,20.0,3,10.0,6,20.0
159,True,2.2333333333333334,1.430229196861662,2.0,2.0,86.66666666666667,90.0,93.33333333333333,12,40.0,8,26.666666666666668,6,20.0,1,3.3333333333333335,1,3.3333333333333335,2,6.666666666666667,1.9333333333333333,1.412641340027806,1.0,1.0,86.66666666666667,93.33333333333333,93.33333333333333,17,56.666666666666664,6,20.0,3,10.0,2,6.666666666666667,0,0.0,2,6.666666666666667,2.2,1.7009801096230766,1.0,2.0,83.33333333333334,86.66666666666667,86.66666666666667,16,53.333333333333336,5,16.666666666666664,4,13.333333333333334,1,3.3333333333333335,0,0.0,4,13.333333333333334,2.1666666666666665,1.4161763857498668,2.0,2.0,86.66666666666667,93.33333333333333,93.33333333333333,14,46.666666666666664,5,16.666666666666664,7,23.333333333333332,2,6.666666666666667,0,0.0,2,6.666666666666667
160,True,3.1333333333333333,1.6478942792411035,3.0,2.0,63.33333333333333,76.66666666666667,86.66666666666667,6,20.0,6,20.0,7,23.333333333333332,4,13.333333333333334,3,10.0,4,13.333333333333334,2.466666666666667,1.687865186822955,2.0,2.0,83.33333333333334,83.33333333333334,86.66666666666667,12,40.0,6,20.0,7,23.333333333333332,0,0.0,1,3.3333333333333335,4,13.333333333333334,2.466666666666667,1.564892612574067,2.0,2.0,80.0,83.33333333333334,93.33333333333333,11,36.666666666666664,7,23.333333333333332,6,20.0,1,3.3333333333333335,3,10.0,2,6.666666666666667,3.033333333333333,1.8162843634433703,3.0,3.75,70.0,70.0,83.33333333333334,8,26.666666666666668,6,20.0,7,23.333333333333332,0,0.0,4,13.333333333333334,5,16.666666666666664
161,True,2.8333333333333335,1.3924399049470282,3.0,2.0,70.0,90.0,93.33333333333333,6,20.0,7,23.333333333333332,8,26.666666666666668,6,20.0,1,3.3333333333333335,2,6.666666666666667,2.6333333333333333,1.5162087220725546,2.0,1.0,76.66666666666667,86.66666666666667,90.0,7,23.333333333333332,11,36.666666666666664,5,16.666666666666664,3,10.0,1,3.3333333333333335,3,10.0,2.6333333333333333,1.4487542541400487,2.0,1.0,76.66666666666667,86.66666666666667,93.33333333333333,7,23.333333333333332,10,33.33333333333333,6,20.0,3,10.0,2,6.666666666666667,2,6.666666666666667,3.1333333333333333,1.765093639316497,2.5,2.75,60.0,73.33333333333333,83.33333333333334,6,20.0,9,30.0,3,10.0,4,13.333333333333334,3,10.0,5,16.666666666666664
162,True,2.8,1.5577761927397231,2.5,2.75,66.66666666666666,83.33333333333334,93.33333333333333,8,26.666666666666668,7,23.333333333333332,5,16.666666666666664,5,16.666666666666664,3,10.0,2,6.666666666666667,2.5,1.7654083569153813,2.0,2.75,73.33333333333333,80.0,90.0,14,46.666666666666664,4,13.333333333333334,4,13.333333333333334,2,6.666666666666667,3,10.0,3,10.0,2.533333333333333,1.746106780494506,2.0,2.75,73.33333333333333,80.0,90.0,13,43.333333333333336,5,16.666666666666664,4,13.333333333333334,2,6.666666666666667,3,10.0,3,10.0,3.3333333333333335,1.920648038785058,3.0,3.75,56.666666666666664,66.66666666666666,76.66666666666667,8,26.666666666666668,4,13.333333333333334,5,16.666666666666664,3,10.0,3,10.0,7,23.333333333333332
163,True,2.9,1.57797338380595,3.0,2.75,70.0,83.33333333333334,90.0,8,26.666666666666668,4,13.333333333333334,9,30.0,4,13.333333333333334,2,6.666666666666667,3,10.0,2.533333333333333,1.4313940369055926,2.0,2.75,73.33333333333333,90.0,96.66666666666667,10,33.33333333333333,6,20.0,6,20.0,5,16.666666666666664,2,6.666666666666667,1,3.3333333333333335,2.566666666666667,1.4761059883656353,2.0,2.75,73.33333333333333,86.66666666666667,96.66666666666667,10,33.33333333333333,6,20.0,6,20.0,4,13.333333333333334,3,10.0,1,3.3333333333333335,3.066666666666667,1.7113996870657915,3.0,3.0,56.666666666666664,76.66666666666667,90.0,9,30.0,3,10.0,5,16.666666666666664,6,20.0,4,13.333333333333334,3,10.0
164,True,2.6333333333333333,1.5807874268505835,2.5,2.0,76.66666666666667,86.66666666666667,90.0,10,33.33333333333333,5,16.666666666666664,8,26.666666666666668,3,10.0,1,3.3333333333333335,3,10.0,2.066666666666667,1.3646326326972482,1.5,2.0,83.33333333333334,93.33333333333333,96.66666666666667,15,50.0,6,20.0,4,13.333333333333334,3,10.0,1,3.3333333333333335,1,3.3333333333333335,2.1333333333333333,1.4996295838935993,1.5,2.0,83.33333333333334,90.0,93.33333333333333,15,50.0,6,20.0,4,13.333333333333334,2,6.666666666666667,1,3.3333333333333335,2,6.666666666666667,2.433333333333333,1.5849991237291654,2.0,3.0,70.0,90.0,93.33333333333333,13,43.333333333333336,5,16.666666666666664,3,10.0,6,20.0,1,3.3333333333333335,2,6.666666666666667
165,True,2.8,1.4236104336041748,3.0,1.75,73.33333333333333,86.66666666666667,93.33333333333333,6,20.0,8,26.666666666666668,8,26.666666666666668,4,13.333333333333334,2,6.666666666666667,2,6.666666666666667,2.6,1.5187714333192688,2.0,2.0,76.66666666666667,90.0,90.0,9,30.0,7,23.333333333333332,7,23.333333333333332,4,13.333333333333334,0,0.0,3,10.0,2.6666666666666665,1.4907119849998598,2.5,3.0,70.0,90.0,93.33333333333333,9,30.0,6,20.0,6,20.0,6,20.0,1,3.3333333333333335,2,6.666666666666667,2.8333333333333335,1.4624940645653537,3.0,2.0,70.0,86.66666666666667,93.33333333333333,7,23.333333333333332,6,20.0,8,26.666666666666668,5,16.666666666666664,2,6.666666666666667,2,6.666666666666667
166,True,3.1,1.8138357147217055,3.0,3.5,60.0,73.33333333333333,83.33333333333334,8,26.666666666666668,6,20.0,4,13.333333333333334,4,13.333333333333334,3,10.0,5,16.666666666666664,2.3333333333333335,1.8318175552045448,1.0,2.0,76.66666666666667,80.0,86.66666666666667,16,53.333333333333336,5,16.666666666666664,2,6.666666666666667,1,3.3333333333333335,2,6.666666666666667,4,13.333333333333334,2.3,1.636052158907737,1.0,2.75,73.33333333333333,83.33333333333334,96.66666666666667,16,53.333333333333336,3,10.0,3,10.0,3,10.0,4,13.333333333333334,1,3.3333333333333335,2.7666666666666666,1.9779338265529063,2.0,4.0,60.0,70.0,86.66666666666667,14,46.666666666666664,4,13.333333333333334,0,0.0,3,10.0,5,16.666666666666664,4,13.333333333333334
167,True,3.033333333333333,1.3780017739062924,3.0,2.0,70.0,83.33333333333334,93.33333333333333,4,13.333333333333334,7,23.333333333333332,10,33.33333333333333,4,13.333333333333334,3,10.0,2,6.666666666666667,2.7666666666666666,1.7065234314893605,2.0,2.5,73.33333333333333,83.33333333333334,83.33333333333334,8,26.666666666666668,9,30.0,5,16.666666666666664,3,10.0,0,0.0,5,16.666666666666664,2.7333333333333334,1.6316317667360556,2.0,1.75,76.66666666666667,83.33333333333334,86.66666666666667,8,26.666666666666668,8,26.666666666666668,7,23.333333333333332,2,6.666666666666667,1,3.3333333333333335,4,13.333333333333334,3.1,1.5989579940281942,3.0,2.0,63.33333333333333,80.0,86.66666666666667,5,16.666666666666664,8,26.666666666666668,6,20.0,5,16.666666666666664,2,6.666666666666667,4,13.333333333333334
168,True,2.8666666666666667,1.6478942792411035,3.0,2.75,70.0,83.33333333333334,86.66666666666667,8,26.666666666666668,6,20.0,7,23.333333333333332,4,13.333333333333334,1,3.3333333333333335,4,13.333333333333334,2.3666666666666667,1.5162087220725544,2.0,2.0,76.66666666666667,90.0,93.33333333333333,12,40.0,7,23.333333333333332,4,13.333333333333334,4,13.333333333333334,1,3.3333333333333335,2,6.666666666666667,2.5,1.6072751268321592,2.0,2.75,73.33333333333333,90.0,90.0,12,40.0,5,16.666666666666664,5,16.666666666666664,5,16.666666666666664,0,0.0,3,10.0,2.4,1.3063945294843617,2.0,2.75,73.33333333333333,93.33333333333333,100.0,10,33.33333333333333,8,26.666666666666668,4,13.333333333333334,6,20.0,2,6.666666666666667,0,0.0
169,True,3.0,1.4142135623730951,3.0,2.0,63.33333333333333,86.66666666666667,93.33333333333333,5,16.666666666666664,7,23.333333333333332,7,23.333333333333332,7,23.333333333333332,2,6.666666666666667,2,6.666666666666667,2.566666666666667,1.7259457954666158,2.0,2.0,76.66666666666667,83.33333333333334,86.66666666666667,12,40.0,5,16.666666666666664,6,20.0,2,6.666666666666667,1,3.3333333333333335,4,13.333333333333334,2.6333333333333333,1.7413277182145301,2.0,2.75,73.33333333333333,83.33333333333334,86.66666666666667,12,40.0,4,13.333333333333334,6,20.0,3,10.0,1,3.3333333333333335,4,13.333333333333334,2.8666666666666667,1.7074997966487597,2.5,3.0,63.33333333333333,83.33333333333334,86.66666666666667,9,30.0,6,20.0,4,13.333333333333334,6,20.0,1,3.3333333333333335,4,13.333333333333334
170,True,2.966666666666667,1.5595583420386114,3.0,2.0,70.0,80.0,90.0,6,20.0,7,23.333333333333332,8,26.666666666666668,3,10.0,3,10.0,3,10.0,2.6,1.4966629547095764,2.0,2.0,76.66666666666667,86.66666666666667,93.33333333333333,9,30.0,7,23.333333333333332,7,23.333333333333332,3,10.0,2,6.666666666666667,2,6.666666666666667,2.7,1.6155494421403513,2.0,2.75,73.33333333333333,83.33333333333334,90.0,9,30.0,7,23.333333333333332,6,20.0,3,10.0,2,6.666666666666667,3,10.0,2.7666666666666666,1.5638272140986533,3.0,3.0,70.0,83.33333333333334,93.33333333333333,9,30.0,5,16.666666666666664,7,23.333333333333332,4,13.333333333333334,3,10.0,2,6.666666666666667
171,True,2.8333333333333335,1.5073892072793351,2.5,2.0,70.0,86.66666666666667,90.0,6,20.0,9,30.0,6,20.0,5,16.666666666666664,1,3.3333333333333335,3,10.0,2.433333333333333,1.382831234179436,2.0,2.0,80.0,93.33333333333333,93.33333333333333,9,30.0,9,30.0,6,20.0,4,13.333333333333334,0,0.0,2,6.666666666666667,2.566666666666667,1.453348623772776,2.0,2.0,76.66666666666667,90.0,93.33333333333333,9,30.0,7,23.333333333333332,7,23.333333333333332,4,13.333333333333334,1,3.3333333333333335,2,6.666666666666667,2.9,1.468559384794046,2.5,2.0,66.66666666666666,83.33333333333334,93.33333333333333,5,16.666666666666664,10,33.33333333333333,5,16.666666666666664,5,16.666666666666664,3,10.0,2,6.666666666666667
172,True,3.1333333333333333,1.6679994670929073,3.0,2.0,66.66666666666666,76.66666666666667,83.33333333333334,5,16.666666666666664,8,26.666666666666668,7,23.333333333333332,3,10.0,2,6.666666666666667,5,16.666666666666664,2.433333333333333,1.5423647068345698,2.0,2.0,80.0,86.66666666666667,90.0,9,30.0,12,40.0,3,10.0,2,6.666666666666667,1,3.3333333333333335,3,10.0,2.5,1.648231375343482,2.0,2.0,80.0,83.33333333333334,86.66666666666667,9,30.0,12,40.0,3,10.0,1,3.3333333333333335,1,3.3333333333333335,4,13.333333333333334,2.966666666666667,1.6224124698183944,2.0,2.0,66.66666666666666,80.0,86.66666666666667,5,16.666666666666664,11,36.666666666666664,4,13.333333333333334,4,13.333333333333334,2,6.666666666666667,4,13.333333333333334
173,True,3.7,1.6155494421403513,4.0,3.0,36.666666666666664,63.33333333333333,86.66666666666667,4,13.333333333333334,5,16.666666666666664,2,6.666666666666667,8,26.666666666666668,7,23.333333333333332,4,13.333333333333334,2.8666666666666667,1.765093639316497,2.0,3.0,60.0,76.66666666666667,90.0,10,33.33333333333333,6,20.0,2,6.666666666666667,5,16.666666666666664,4,13.333333333333334,3,10.0,3.0,1.9148542155126762,2.0,4.0,60.0,70.0,83.33333333333334,10,33.33333333333333,6,20.0,2,6.666666666666667,3,10.0,4,13.333333333333334,5,16.666666666666664,3.2333333333333334,1.9267128022157898,3.5,4.0,50.0,66.66666666666666,83.33333333333334,10,33.33333333333333,3,10.0,2,6.666666666666667,5,16.666666666666664,5,16.666666666666664,5,16.666666666666664
174,True,2.933333333333333,1.4590712418826193,3.0,1.75,73.33333333333333,83.33333333333334,90.0,4,13.333333333333334,10,33.33333333333333,8,26.666666666666668,3,10.0,2,6.666666666666667,3,10.0,2.7,1.5524174696260025,2.0,1.0,76.66666666666667,83.33333333333334,90.0,7,23.333333333333332,10,33.33333333333333,6,20.0,2,6.666666666666667,2,6.666666666666667,3,10.0,2.7666666666666666,1.6058919293927874,2.0,1.75,73.33333333333333,80.0,90.0,7,23.333333333333332,10,33.33333333333333,5,16.666666666666664,2,6.666666666666667,3,10.0,3,10.0,3.033333333333333,1.5162087220725544,3.0,2.0,66.66666666666666,80.0,90.0,4,13.333333333333334,10,33.33333333333333,6,20.0,4,13.333333333333334,3,10.0,3,10.0
175,True,2.7666666666666666,1.3337499349161706,3.0,1.0,80.0,90.0,93.33333333333333,6,20.0,6,20.0,12,40.0,3,10.0,1,3.3333333333333335,2,6.666666666666667,2.4,1.6852299546352716,2.0,2.0,80.0,86.66666666666667,86.66666666666667,13,43.333333333333336,6,20.0,5,16.666666666666664,2,6.666666666666667,0,0.0,4,13.333333333333334,2.466666666666667,1.627540748764494,2.0,2.0,76.66666666666667,86.66666666666667,90.0,12,40.0,6,20.0,5,16.666666666666664,3,10.0,1,3.3333333333333335,3,10.0,2.8666666666666667,1.6275407487644937,3.0,2.75,70.0,80.0,90.0,8,26.666666666666668,6,20.0,7,23.333333333333332,3,10.0,3,10.0,3,10.0
176,True,3.2,1.6206994374857624,3.0,2.75,66.66666666666666,73.33333333333333,86.66666666666667,5,16.666666666666664,6,20.0,9,30.0,2,6.666666666666667,4,13.333333333333334,4,13.333333333333334,2.566666666666667,1.4067298564006128,2.0,2.5,73.33333333333333,93.33333333333333,93.33333333333333,8,26.666666666666668,9,30.0,5,16.666666666666664,6,20.0,0,0.0,2,6.666666666666667,2.7,1.5524174696260025,2.0,2.5,73.33333333333333,86.66666666666667,90.0,8,26.666666666666668,8,26.666666666666668,6,20.0,4,13.333333333333334,1,3.3333333333333335,3,10.0,3.0,1.5491933384829668,3.0,2.0,63.33333333333333,86.66666666666667,86.66666666666667,5,16.666666666666664,9,30.0,5,16.666666666666664,7,23.333333333333332,0,0.0,4,13.333333333333334
177,True,3.0,1.5491933384829668,3.0,2.0,70.0,83.33333333333334,86.66666666666667,5,16.666666666666664,8,26.666666666666668,8,26.666666666666668,4,13.333333333333334,1,3.3333333333333335,4,13.333333333333334,2.7,1.6763054614240211,2.0,2.75,73.33333333333333,80.0,90.0,10,33.33333333333333,6,20.0,6,20.0,2,6.666666666666667,3,10.0,3,10.0,2.933333333333333,1.806162291219209,2.5,3.0,66.66666666666666,76.66666666666667,83.33333333333334,9,30.0,6,20.0,5,16.666666666666664,3,10.0,2,6.666666666666667,5,16.666666666666664,3.1666666666666665,1.8089284734953515,3.0,3.0,60.0,70.0,83.33333333333334,7,23.333333333333332,7,23.333333333333332,4,13.333333333333334,3,10.0,4,13.333333333333334,5,16.666666666666664
178,True,3.4,1.5832456116050557,3.0,3.0,56.666666666666664,70.0,86.66666666666667,3,10.0,8,26.666666666666668,6,20.0,4,13.333333333333334,5,16.666666666666664,4,13.333333333333334,2.8,1.8147543451754935,2.0,3.0,66.66666666666666,76.66666666666667,86.66666666666667,11,36.666666666666664,5,16.666666666666664,4,13.333333333333334,3,10.0,3,10.0,4,13.333333333333334,2.8333333333333335,1.6141733350404335,3.0,3.0,66.66666666666666,80.0,93.33333333333333,9,30.0,5,16.666666666666664,6,20.0,4,13.333333333333334,4,13.333333333333334,2,6.666666666666667,3.2666666666666666,1.7688665548562132,3.0,3.0,56.666666666666664,70.0,83.33333333333334,6,20.0,7,23.333333333333332,4,13.333333333333334,4,13.333333333333334,4,13.333333333333334,5,16.666666666666664
179,True,2.7333333333333334,1.4360439485692011,3.0,1.0,76.66666666666667,86.66666666666667,93.33333333333333,7,23.333333333333332,7,23.333333333333332,9,30.0,3,10.0,2,6.666666666666667,2,6.666666666666667,2.5,1.5864005379054391,2.0,2.0,80.0,86.66666666666667,90.0,11,36.666666666666664,6,20.0,7,23.333333333333332,2,6.666666666666667,1,3.3333333333333335,3,10.0,2.6666666666666665,1.7575235101952091,2.0,2.75,73.33333333333333,80.0,86.66666666666667,11,36.666666666666664,6,20.0,5,16.666666666666664,2,6.666666666666667,2,6.666666666666667,4,13.333333333333334,3.1666666666666665,1.7527755766846542,3.0,3.5,56.666666666666664,73.33333333333333,86.66666666666667,8,26.666666666666668,4,13.333333333333334,5,16.666666666666664,5,16.666666666666664,4,13.333333333333334,4,13.333333333333334
180,True,2.7333333333333334,1.3148721948877347,3.0,1.0,76.66666666666667,93.33333333333333,93.33333333333333,6,20.0,7,23.333333333333332,10,33.33333333333333,5,16.666666666666664,0,0.0,2,6.666666666666667,2.466666666666667,1.627540748764494,2.0,2.0,76.66666666666667,86.66666666666667,90.0,12,40.0,6,20.0,5,16.666666666666664,3,10.0,1,3.3333333333333335,3,10.0,2.566666666666667,1.5849991237291652,2.0,2.75,73.33333333333333,80.0,96.66666666666667,11,36.666666666666664,6,20.0,5,16.666666666666664,2,6.666666666666667,5,16.666666666666664,1,3.3333333333333335,2.8,1.7204650534085253,2.5,3.0,66.66666666666666,83.33333333333334,86.66666666666667,10,33.33333333333333,5,16.666666666666664,5,16.666666666666664,5,16.666666666666664,1,3.3333333333333335,4,13.333333333333334
181,True,3.1333333333333333,1.3597385369580761,3.0,2.0,60.0,86.66666666666667,93.33333333333333,4,13.333333333333334,6,20.0,8,26.666666666666668,8,26.666666666666668,2,6.666666666666667,2,6.666666666666667,2.8,1.514375558880073,2.5,2.0,70.0,83.33333333333334,93.33333333333333,7,23.333333333333332,8,26.666666666666668,6,20.0,4,13.333333333333334,3,10.0,2,6.666666666666667,2.966666666666667,1.5807874268505835,3.0,2.0,63.33333333333333,83.33333333333334,90.0,7,23.333333333333332,6,20.0,6,20.0,6,20.0,2,6.666666666666667,3,10.0,3.3333333333333335,1.6397831834998458,3.0,2.75,60.0,73.33333333333333,83.33333333333334,4,13.333333333333334,7,23.333333333333332,7,23.333333333333332,4,13.333333333333334,3,10.0,5,16.666666666666664
182,True,2.6666666666666665,1.4452988925785866,2.0,1.0,80.0,86.66666666666667,90.0,5,16.666666666666664,13,43.333333333333336,6,20.0,2,6.666666666666667,1,3.3333333333333335,3,10.0,2.2666666666666666,1.2892719737209144,2.0,1.5,86.66666666666667,93.33333333333333,93.33333333333333,8,26.666666666666668,14,46.666666666666664,4,13.333333333333334,2,6.666666666666667,0,0.0,2,6.666666666666667,2.433333333333333,1.430229196861662,2.0,1.0,83.33333333333334,90.0,90.0,7,23.333333333333332,14,46.666666666666664,4,13.333333333333334,2,6.666666666666667,0,0.0,3,10.0,2.6,1.540562667772179,2.0,1.0,76.66666666666667,83.33333333333334,90.0,6,20.0,15,50.0,2,6.666666666666667,2,6.666666666666667,2,6.666666666666667,3,10.0
183,True,2.9,1.6401219466856725,2.5,2.0,66.66666666666666,83.33333333333334,86.66666666666667,7,23.333333333333332,8,26.666666666666668,5,16.666666666666664,5,16.666666666666664,1,3.3333333333333335,4,13.333333333333334,2.4,1.8,1.5,2.75,73.33333333333333,83.33333333333334,86.66666666666667,15,50.0,5,16.666666666666664,2,6.666666666666667,3,10.0,1,3.3333333333333335,4,13.333333333333334,2.4,1.7048949136725897,2.0,2.0,76.66666666666667,86.66666666666667,86.66666666666667,13,43.333333333333336,7,23.333333333333332,3,10.0,3,10.0,0,0.0,4,13.333333333333334,2.8,1.8330302779823362,2.0,3.0,70.0,76.66666666666667,83.33333333333334,10,33.33333333333333,7,23.333333333333332,4,13.333333333333334,2,6.666666666666667,2,6.666666666666667,5,16.666666666666664
184,True,2.9,1.274100990241093,3.0,2.0,56.666666666666664,93.33333333333333,100.0,6,20.0,6,20.0,5,16.666666666666664,11,36.666666666666664,2,6.666666666666667,0,0.0,2.3333333333333335,1.5986105077709065,2.0,2.0,76.66666666666667,90.0,90.0,13,43.333333333333336,7,23.333333333333332,3,10.0,4,13.333333333333334,0,0.0,3,10.0,2.6333333333333333,1.8162843634433703,2.0,3.0,70.0,83.33333333333334,83.33333333333334,12,40.0,6,20.0,3,10.0,4,13.333333333333334,0,0.0,5,16.666666666666664,2.7666666666666666,1.7829438827088442,2.0,3.0,66.66666666666666,80.0,86.66666666666667,11,36.666666666666664,5,16.666666666666664,4,13.333333333333334,4,13.333333333333334,2,6.666666666666667,4,13.333333333333334
185,True,2.6666666666666665,1.4220486005134363,2.5,1.0,80.0,86.66666666666667,93.33333333333333,7,23.333333333333332,8,26.666666666666668,9,30.0,2,6.666666666666667,2,6.666666666666667,2,6.666666666666667,2.6,1.7048949136725895,2.0,2.0,80.0,83.33333333333334,83.33333333333334,9,30.0,10,33.33333333333333,5,16.666666666666664,1,3.3333333333333335,0,0.0,5,16.666666666666664,2.7,1.5947831618540917,2.0,1.0,80.0,83.33333333333334,86.66666666666667,7,23.333333333333332,10,33.33333333333333,7,23.333333333333332,1,3.3333333333333335,1,3.3333333333333335,4,13.333333333333334,2.7333333333333334,1.5040685563571303,2.0,1.0,80.0,83.33333333333334,90.0,6,20.0,10,33.33333333333333,8,26.666666666666668,1,3.3333333333333335,2,6.666666666666667,3,10.0
186,True,2.533333333333333,1.586050300449376,2.0,2.0,83.33333333333334,86.66666666666667,86.66666666666667,9,30.0,9,30.0,7,23.333333333333332,1,3.3333333333333335,0,0.0,4,13.333333333333334,2.1,1.325393023471403,2.0,1.75,90.0,93.33333333333333,93.33333333333333,12,40.0,10,33.33333333333333,5,16.666666666666664,1,3.3333333333333335,0,0.0,2,6.666666666666667,2.1333333333333333,1.3349989596333856,2.0,2.0,90.0,93.33333333333333,93.33333333333333,12,40.0,9,30.0,6,20.0,1,3.3333333333333335,0,0.0,2,6.666666666666667,2.1333333333333333,1.2840906856172147,2.0,2.0,86.66666666666667,93.33333333333333,96.66666666666667,12,40.0,9,30.0,5,16.666666666666664,2,6.666666666666667,1,3.3333333333333335,1,3.3333333333333335
187,True,3.066666666666667,1.2892719737209144,3.0,1.75,73.33333333333333,90.0,90.0,3,10.0,6,20.0,13,43.333333333333336,5,16.666666666666664,0,0.0,3,10.0,2.7333333333333334,1.730767331432956,2.5,2.0,76.66666666666667,83.33333333333334,83.33333333333334,10,33.33333333333333,5,16.666666666666664,8,26.666666666666668,2,6.666666666666667,0,0.0,5,16.666666666666664,2.8,1.5790292376436015,2.5,1.75,73.33333333333333,86.66666666666667,86.66666666666667,7,23.333333333333332,8,26.666666666666668,7,23.333333333333332,4,13.333333333333334,0,0.0,4,13.333333333333334,3.2333333333333334,1.764149149653232,3.0,2.0,66.66666666666666,76.66666666666667,76.66666666666667,6,20.0,5,16.666666666666664,9,30.0,3,10.0,0,0.0,7,23.333333333333332
188,True,3.066666666666667,1.7113996870657913,3.0,2.75,56.666666666666664,80.0,86.66666666666667,8,26.666666666666668,5,16.666666666666664,4,13.333333333333334,7,23.333333333333332,2,6.666666666666667,4,13.333333333333334,2.533333333333333,1.6478942792411033,2.0,3.0,70.0,83.33333333333334,93.33333333333333,12,40.0,6,20.0,3,10.0,4,13.333333333333334,3,10.0,2,6.666666666666667,2.7,1.636052158907737,2.0,3.0,63.33333333333333,83.33333333333334,93.33333333333333,10,33.33333333333333,7,23.333333333333332,2,6.666666666666667,6,20.0,3,10.0,2,6.666666666666667,3.1333333333333333,1.8024674446127702,3.0,3.75,56.666666666666664,70.0,86.66666666666667,8,26.666666666666668,6,20.0,3,10.0,4,13.333333333333334,5,16.666666666666664,4,13.333333333333334
189,True,3.1666666666666665,1.5293426329272617,3.0,2.0,66.66666666666666,80.0,86.66666666666667,4,13.333333333333334,7,23.333333333333332,9,30.0,4,13.333333333333334,2,6.666666666666667,4,13.333333333333334,2.6,1.451436070471816,2.0,2.5,73.33333333333333,90.0,93.33333333333333,8,26.666666666666668,9,30.0,5,16.666666666666664,5,16.666666666666664,1,3.3333333333333335,2,6.666666666666667,2.7333333333333334,1.4817407180595246,2.0,2.0,70.0,86.66666666666667,93.33333333333333,7,23.333333333333332,9,30.0,5,16.666666666666664,5,16.666666666666664,2,6.666666666666667,2,6.666666666666667,2.8333333333333335,1.3924399049470282,3.0,2.0,70.0,90.0,93.33333333333333,6,20.0,7,23.333333333333332,8,26.666666666666668,6,20.0,1,3.3333333333333335,2,6.666666666666667
190,True,2.8333333333333335,1.6141733350404335,2.0,2.0,66.66666666666666,86.66666666666667,86.66666666666667,7,23.333333333333332,9,30.0,4,13.333333333333334,6,20.0,0,0.0,4,13.333333333333334,2.3333333333333335,1.5347819244295116,2.0,2.0,76.66666666666667,90.0,93.33333333333333,13,43.333333333333336,6,20.0,4,13.333333333333334,4,13.333333333333334,1,3.3333333333333335,2,6.666666666666667,2.433333333333333,1.498517786199268,2.0,2.0,76.66666666666667,90.0,93.33333333333333,11,36.666666666666664,7,23.333333333333332,5,16.666666666666664,4,13.333333333333334,1,3.3333333333333335,2,6.666666666666667,2.8333333333333335,1.771690968789108,2.5,3.0,60.0,83.33333333333334,86.66666666666667,11,36.666666666666664,4,13.333333333333334,3,10.0,7,23.333333333333332,1,3.3333333333333335,4,13.333333333333334
191,True,2.533333333333333,1.309792180292567,2.0,1.75,76.66666666666667,93.33333333333333,96.66666666666667,8,26.666666666666668,8,26.666666666666668,7,23.333333333333332,5,16.666666666666664,1,3.3333333333333335,1,3.3333333333333335,2.433333333333333,1.5205992970609392,2.0,2.75,73.33333333333333,90.0,93.33333333333333,11,36.666666666666664,8,26.666666666666668,3,10.0,5,16.666666666666664,1,3.3333333333333335,2,6.666666666666667,2.9,1.9553345834749953,2.0,3.75,63.33333333333333,73.33333333333333,80.0,11,36.666666666666664,6,20.0,2,6.666666666666667,3,10.0,2,6.666666666666667,6,20.0,3.3333333333333335,1.9032136564826931,3.0,3.75,56.666666666666664,70.0,73.33333333333333,6,20.0,8,26.666666666666668,3,10.0,4,13.333333333333334,1,3.3333333333333335,8,26.666666666666668
192,True,2.933333333333333,1.5260697523012794,3.0,2.0,66.66666666666666,80.0,93.33333333333333,6,20.0,8,26.666666666666668,6,20.0,4,13.333333333333334,4,13.333333333333334,2,6.666666666666667,2.466666666666667,1.7269111795984826,2.0,2.75,73.33333333333333,80.0,90.0,12,40.0,9,30.0,1,3.3333333333333335,2,6.666666666666667,3,10.0,3,10.0,2.6,1.8726095873584188,2.0,3.75,70.0,73.33333333333333,86.66666666666667,12,40.0,9,30.0,0,0.0,1,3.3333333333333335,4,13.333333333333334,4,13.333333333333334,3.033333333333333,2.040969268645551,2.0,4.0,60.0,63.33333333333333,80.0,11,36.666666666666664,6,20.0,1,3.3333333333333335,1,3.3333333333333335,5,16.666666666666664,6,20.0
193,True,3.566666666666667,1.7829438827088442,3.0,3.0,53.333333333333336,63.33333333333333,76.66666666666667,4,13.333333333333334,7,23.333333333333332,5,16.666666666666664,3,10.0,4,13.333333333333334,7,23.333333333333332,2.6666666666666665,1.7575235101952091,2.0,3.0,66.66666666666666,80.0,90.0,12,40.0,5,16.666666666666664,3,10.0,4,13.333333333333334,3,10.0,3,10.0,2.7333333333333334,1.7876116903722563,2.0,3.0,66.66666666666666,80.0,86.66666666666667,11,36.666666666666664,6,20.0,3,10.0,4,13.333333333333334,2,6.666666666666667,4,13.333333333333334,3.3666666666666667,1.9576062480034693,3.0,3.75,53.333333333333336,63.33333333333333,76.66666666666667,8,26.666666666666668,5,16.666666666666664,3,10.0,3,10.0,4,13.333333333333334,7,23.333333333333332
194,True,3.0,1.3662601021279464,3.0,2.0,66.66666666666666,80.0,100.0,6,20.0,4,13.333333333333334,10,33.33333333333333,4,13.333333333333334,6,20.0,0,0.0,2.6,1.6653327995729061,2.0,2.0,76.66666666666667,80.0,90.0,10,33.33333333333333,8,26.666666666666668,5,16.666666666666664,1,3.3333333333333335,3,10.0,3,10.0,2.8333333333333335,1.9163043135739746,2.0,3.75,70.0,73.33333333333333,80.0,10,33.33333333333333,8,26.666666666666668,3,10.0,1,3.3333333333333335,2,6.666666666666667,6,20.0,3.1666666666666665,1.8089284734953512,3.0,3.75,63.33333333333333,70.0,83.33333333333334,8,26.666666666666668,4,13.333333333333334,7,23.333333333333332,2,6.666666666666667,4,13.333333333333334,5,16.666666666666664
195,True,3.533333333333333,1.586050300449376,3.5,2.0,50.0,76.66666666666667,80.0,3,10.0,6,20.0,6,20.0,8,26.666666666666668,1,3.3333333333333335,6,20.0,2.8,1.5577761927397231,2.5,2.75,66.66666666666666,83.33333333333334,93.33333333333333,8,26.666666666666668,7,23.333333333333332,5,16.666666666666664,5,16.666666666666664,3,10.0,2,6.666666666666667,2.933333333333333,1.5260697523012796,3.0,2.0,66.66666666666666,80.0,93.33333333333333,6,20.0,8,26.666666666666668,6,20.0,4,13.333333333333334,4,13.333333333333334,2,6.666666666666667,3.2,1.5362291495737217,3.0,2.75,56.666666666666664,73.33333333333333,93.33333333333333,4,13.333333333333334,9,30.0,4,13.333333333333334,5,16.666666666666664,6,20.0,2,6.666666666666667
196,True,3.1666666666666665,1.5293426329272615,3.0,2.0,66.66666666666666,80.0,86.66666666666667,4,13.333333333333334,7,23.333333333333332,9,30.0,4,13.333333333333334,2,6.666666666666667,4,13.333333333333334,2.6,1.5832456116050557,2.0,1.0,83.33333333333334,83.33333333333334,86.66666666666667,7,23.333333333333332,12,40.0,6,20.0,0,0.0,1,3.3333333333333335,4,13.333333333333334,2.7333333333333334,1.6918103387266028,2.0,1.0,80.0,80.0,83.33333333333334,7,23.333333333333332,11,36.666666666666664,6,20.0,0,0.0,1,3.3333333333333335,5,16.666666666666664,3.1333333333333333,1.7074997966487597,2.5,2.0,66.66666666666666,76.66666666666667,80.0,4,13.333333333333334,11,36.666666666666664,5,16.666666666666664,3,10.0,1,3.3333333333333335,6,20.0
197,True,2.7333333333333334,1.8607047649270483,2.0,2.75,73.33333333333333,80.0,80.0,11,36.666666666666664,6,20.0,5,16.666666666666664,2,6.666666666666667,0,0.0,6,20.0,2.1,1.6802777548171413,1.0,1.75,80.0,86.66666666666667,90.0,18,60.0,4,13.333333333333334,2,6.666666666666667,2,6.666666666666667,1,3.3333333333333335,3,10.0,2.1666666666666665,1.5933891203622828,1.0,2.0,80.0,86.66666666666667,93.33333333333333,16,53.333333333333336,5,16.666666666666664,3,10.0,2,6.666666666666667,2,6.666666666666667,2,6.666666666666667,2.3333333333333335,1.6397831834998458,2.0,2.0,76.66666666666667,83.33333333333334,93.33333333333333,14,46.666666666666664,6,20.0,3,10.0,2,6.666666666666667,3,10.0,2,6.666666666666667
198,True,3.0,1.1547005383792515,3.0,2.0,66.66666666666666,93.33333333333333,96.66666666666667,3,10.0,7,23.333333333333332,10,33.33333333333333,8,26.666666666666668,1,3.3333333333333335,1,3.3333333333333335,2.6,1.518771433319269,2.0,1.75,80.0,86.66666666666667,90.0,8,26.666666666666668,9,30.0,7,23.333333333333332,2,6.666666666666667,1,3.3333333333333335,3,10.0,2.7,1.5307950004273378,2.5,1.75,76.66666666666667,86.66666666666667,90.0,8,26.666666666666668,7,23.333333333333332,8,26.666666666666668,3,10.0,1,3.3333333333333335,3,10.0,3.1333333333333333,1.7650936393164973,3.0,2.75,63.33333333333333,73.33333333333333,83.33333333333334,7,23.333333333333332,6,20.0,6,20.0,3,10.0,3,10.0,5,16.666666666666664
199,True,2.566666666666667,1.5849991237291654,2.0,1.75,80.0,86.66666666666667,86.66666666666667,8,26.666666666666668,11,36.666666666666664,5,16.666666666666664,2,6.666666666666667,0,0.0,4,13.333333333333334,2.2333333333333334,1.4302291968616623,2.0,2.0,86.66666666666667,90.0,93.33333333333333,12,40.0,8,26.666666666666668,6,20.0,1,3.3333333333333335,1,3.3333333333333335,2,6.666666666666667,2.4,1.518771433319269,2.0,2.0,83.33333333333334,90.0,90.0,11,36.666666666666664,7,23.333333333333332,7,23.333333333333332,2,6.666666666666667,0,0.0,3,10.0,2.6666666666666665,1.577621275493231,2.0,2.75,73.33333333333333,86.66666666666667,90.0,9,30.0,7,23.333333333333332,6,20.0,4,13.333333333333334,1,3.3333333333333335,3,10.0
200,True,2.533333333333333,1.4079141387961918,2.0,2.0,76.66666666666667,93.33333333333333,93.33333333333333,9,30.0,7,23.333333333333332,7,23.333333333333332,5,16.666666666666664,0,0.0,2,6.666666666666667,2.1666666666666665,1.4624940645653537,2.0,2.0,86.66666666666667,90.0,93.33333333333333,14,46.666666666666664,6,20.0,6,20.0,1,3.3333333333333335,1,3.3333333333333335,2,6.666666666666667,2.3333333333333335,1.4907119849998598,2.0,2.0,80.0,90.0,93.33333333333333,12,40.0,7,23.333333333333332,5,16.666666666666664,3,10.0,1,3.3333333333333335,2,6.666666666666667,2.7333333333333334,1.8245242911205346,2.0,3.0,70.0,80.0,83.33333333333334,11,36.666666666666664,6,20.0,4,13.333333333333334,3,10.0,1,3.3333333333333335,5,16.666666666666664
201,True,2.8333333333333335,1.6346933113652304,2.0,2.0,70.0,83.33333333333334,86.66666666666667,7,23.333333333333332,9,30.0,5,16.666666666666664,4,13.333333333333334,1,3.3333333333333335,4,13.333333333333334,2.2333333333333334,1.54236470683457,2.0,2.0,83.33333333333334,90.0,90.0,13,43.333333333333336,8,26.666666666666668,4,13.333333333333334,2,6.666666666666667,0,0.0,3,10.0,2.2666666666666666,1.5260697523012796,2.0,2.0,86.66666666666667,90.0,90.0,13,43.333333333333336,6,20.0,7,23.333333333333332,1,3.3333333333333335,0,0.0,3,10.0,2.7333333333333334,1.8427033281447005,2.0,3.0,66.66666666666666,80.0,83.33333333333334,11,36.666666666666664,7,23.333333333333332,2,6.666666666666667,4,13.333333333333334,1,3.3333333333333335,5,16.666666666666664
202,True,3.3,1.656301099840646,3.0,2.75,60.0,73.33333333333333,83.33333333333334,4,13.333333333333334,8,26.666666666666668,6,20.0,4,13.333333333333334,3,10.0,5,16.666666666666664,2.566666666666667,1.6265163865007801,2.0,3.0,70.0,83.33333333333334,93.33333333333333,11,36.666666666666664,7,23.333333333333332,3,10.0,4,13.333333333333334,3,10.0,2,6.666666666666667,2.6666666666666665,1.776388345929897,2.0,3.0,70.0,83.33333333333334,83.33333333333334,10,33.33333333333333,9,30.0,2,6.666666666666667,4,13.333333333333334,0,0.0,5,16.666666666666664,3.3,1.8284784202536637,3.0,3.0,53.333333333333336,66.66666666666666,83.33333333333334,7,23.333333333333332,6,20.0,3,10.0,4,13.333333333333334,5,16.666666666666664,5,16.666666666666664
203,True,2.8,1.5577761927397231,3.0,3.0,70.0,83.33333333333334,93.33333333333333,9,30.0,4,13.333333333333334,8,26.666666666666668,4,13.333333333333334,3,10.0,2,6.666666666666667,2.2333333333333334,1.5849991237291654,1.0,2.0,76.66666666666667,90.0,93.33333333333333,16,53.333333333333336,3,10.0,4,13.333333333333334,4,13.333333333333334,1,3.3333333333333335,2,6.666666666666667,2.533333333333333,1.8024674446127702,2.0,2.0,76.66666666666667,83.33333333333334,83.33333333333334,13,43.333333333333336,5,16.666666666666664,5,16.666666666666664,2,6.666666666666667,0,0.0,5,16.666666666666664,2.6,1.6653327995729061,2.5,3.0,70.0,83.33333333333334,93.33333333333333,13,43.333333333333336,2,6.666666666666667,6,20.0,4,13.333333333333334,3,10.0,2,6.666666666666667
204,True,3.1333333333333333,1.7269111795984826,3.0,2.75,60.0,73.33333333333333,86.66666666666667,7,23.333333333333332,6,20.0,5,16.666666666666664,4,13.333333333333334,4,13.333333333333334,4,13.333333333333334,2.6666666666666665,1.699673171197595,2.0,2.75,73.33333333333333,80.0,90.0,11,36.666666666666664,5,16.666666666666664,6,20.0,2,6.666666666666667,3,10.0,3,10.0,2.8333333333333335,1.790406533599438,2.5,3.0,63.33333333333333,80.0,86.66666666666667,11,36.666666666666664,4,13.333333333333334,4,13.333333333333334,5,16.666666666666664,2,6.666666666666667,4,13.333333333333334,2.933333333333333,1.671991493864594,3.0,3.0,63.33333333333333,80.0,90.0,9,30.0,4,13.333333333333334,6,20.0,5,16.666666666666664,3,10.0,3,10.0
205,True,3.066666666666667,1.6110727964792761,3.5,3.0,50.0,83.33333333333334,93.33333333333333,9,30.0,2,6.666666666666667,4,13.333333333333334,10,33.33333333333333,3,10.0,2,6.666666666666667,2.433333333333333,1.6265163865007801,2.0,3.0,70.0,86.66666666666667,93.33333333333333,13,43.333333333333336,6,20.0,2,6.666666666666667,5,16.666666666666664,2,6.666666666666667,2,6.666666666666667,2.6333333333333333,1.7792008193443356,2.0,3.0,66.66666666666666,83.33333333333334,86.66666666666667,12,40.0,6,20.0,2,6.666666666666667,5,16.666666666666664,1,3.3333333333333335,4,13.333333333333334,3.1,1.7953644012660308,4.0,3.0,46.666666666666664,80.0,86.66666666666667,10,33.33333333333333,3,10.0,1,3.3333333333333335,10,33.33333333333333,2,6.666666666666667,4,13.333333333333334
206,True,2.8333333333333335,1.8454147380888546,2.0,3.0,70.0,80.0,80.0,10,33.33333333333333,6,20.0,5,16.666666666666664,3,10.0,0,0.0,6,20.0,2.2,1.5577761927397231,1.0,2.0,76.66666666666667,86.66666666666667,96.66666666666667,16,53.333333333333336,4,13.333333333333334,3,10.0,3,10.0,3,10.0,1,3.3333333333333335,2.3666666666666667,1.6629959577688562,1.5,3.0,70.0,86.66666666666667,93.33333333333333,15,50.0,4,13.333333333333334,2,6.666666666666667,5,16.666666666666664,2,6.666666666666667,2,6.666666666666667,2.533333333333333,1.746106780494506,2.0,3.0,66.66666666666666,80.0,93.33333333333333,14,46.666666666666664,4,13.333333333333334,2,6.666666666666667,4,13.333333333333334,4,13.333333333333334,2,6.666666666666667
207,True,2.966666666666667,1.5380362660079103,3.0,2.0,66.66666666666666,83.33333333333334,90.0,6,20.0,7,23.333333333333332,7,23.333333333333332,5,16.666666666666664,2,6.666666666666667,3,10.0,2.3666666666666667,1.4487542541400489,2.0,2.0,83.33333333333334,90.0,93.33333333333333,11,36.666666666666664,7,23.333333333333332,7,23.333333333333332,2,6.666666666666667,1,3.3333333333333335,2,6.666666666666667,2.533333333333333,1.6478942792411035,2.0,2.0,76.66666666666667,83.33333333333334,90.0,11,36.666666666666664,7,23.333333333333332,5,16.666666666666664,2,6.666666666666667,2,6.666666666666667,3,10.0,2.7666666666666666,1.6669999666733317,2.5,2.75,73.33333333333333,83.33333333333334,86.66666666666667,9,30.0,6,20.0,7,23.333333333333332,3,10.0,1,3.3333333333333335,4,13.333333333333334
208,True,3.2,1.5577761927397231,3.0,2.75,66.66666666666666,73.33333333333333,90.0,5,16.666666666666664,5,16.666666666666664,10,33.33333333333333,2,6.666666666666667,5,16.666666666666664,3,10.0,2.7666666666666666,1.7259457954666158,2.5,3.0,66.66666666666666,80.0,90.0,11,36.666666666666664,4,13.333333333333334,5,16.666666666666664,4,13.333333333333334,3,10.0,3,10.0,3.0,1.7888543819998317,3.0,3.75,56.666666666666664,73.33333333333333,90.0,10,33.33333333333333,4,13.333333333333334,3,10.0,5,16.666666666666664,5,16.666666666666664,3,10.0,3.3333333333333335,1.86785676348292,3.5,4.0,50.0,66.66666666666666,83.33333333333334,9,30.0,2,6.666666666666667,4,13.333333333333334,5,16.666666666666664,5,16.666666666666664,5,16.666666666666664
209,True,2.8,1.4922019523732928,3.0,2.75,70.0,86.66666666666667,93.33333333333333,8,26.666666666666668,5,16.666666666666664,8,26.666666666666668,5,16.666666666666664,2,6.666666666666667,2,6.666666666666667,2.5,1.6072751268321592,2.0,2.75,73.33333333333333,83.33333333333334,93.33333333333333,11,36.666666666666664,8,26.666666666666668,3,10.0,3,10.0,3,10.0,2,6.666666666666667,2.566666666666667,1.6468825769380833,2.0,2.75,73.33333333333333,80.0,93.33333333333333,11,36.666666666666664,7,23.333333333333332,4,13.333333333333334,2,6.666666666666667,4,13.333333333333334,2,6.666666666666667,2.8666666666666667,1.521694961401777,3.0,2.75,60.0,83.33333333333334,96.66666666666667,8,26.666666666666668,6,20.0,4,13.333333333333334,7,23.333333333333332,4,13.333333333333334,1,3.3333333333333335
210,True,2.933333333333333,1.5477582354991866,3.0,2.0,66.66666666666666,83.33333333333334,90.0,6,20.0,8,26.666666666666668,6,20.0,5,16.666666666666664,2,6.666666666666667,3,10.0,2.5,1.5864005379054391,2.0,2.75,73.33333333333333,90.0,90.0,11,36.666666666666664,7,23.333333333333332,4,13.333333333333334,5,16.666666666666664,0,0.0,3,10.0,2.6333333333333333,1.6629959577688562,2.0,3.0,66.66666666666666,86.66666666666667,90.0,11,36.666666666666664,6,20.0,3,10.0,6,20.0,1,3.3333333333333335,3,10.0,3.066666666666667,1.730767331432956,3.0,3.0,53.333333333333336,76.66666666666667,90.0,9,30.0,4,13.333333333333334,3,10.0,7,23.333333333333332,4,13.333333333333334,3,10.0
211,True,2.6666666666666665,1.6599866130651644,2.0,1.0,80.0,83.33333333333334,83.33333333333334,7,23.333333333333332,12,40.0,5,16.666666666666664,1,3.3333333333333335,0,0.0,5,16.666666666666664,2.1666666666666665,1.3924399049470282,2.0,1.75,83.33333333333334,93.33333333333333,93.33333333333333,12,40.0,10,33.33333333333333,3,10.0,3,10.0,0,0.0,2,6.666666666666667,2.066666666666667,1.18133634311129,2.0,1.0,86.66666666666667,96.66666666666667,96.66666666666667,11,36.666666666666664,12,40.0,3,10.0,3,10.0,0,0.0,1,3.3333333333333335,2.566666666666667,1.5849991237291654,2.0,2.75,73.33333333333333,86.66666666666667,90.0,9,30.0,10,33.33333333333333,3,10.0,4,13.333333333333334,1,3.3333333333333335,3,10.0
212,True,2.8666666666666667,1.627540748764494,2.5,2.75,63.33333333333333,83.33333333333334,90.0,8,26.666666666666668,7,23.333333333333332,4,13.333333333333334,6,20.0,2,6.666666666666667,3,10.0,2.433333333333333,1.7641491496532322,1.5,3.0,70.0,83.33333333333334,90.0,15,50.0,4,13.333333333333334,2,6.666666666666667,4,13.333333333333334,2,6.666666666666667,3,10.0,2.5,1.7272328544042153,2.0,3.0,70.0,83.33333333333334,90.0,13,43.333333333333336,6,20.0,2,6.666666666666667,4,13.333333333333334,2,6.666666666666667,3,10.0,2.8666666666666667,1.8571184369578826,2.0,3.75,63.33333333333333,73.33333333333333,86.66666666666667,11,36.666666666666664,5,16.666666666666664,3,10.0,3,10.0,4,13.333333333333334,4,13.333333333333334
213,True,2.966666666666667,1.4715826703096078,3.0,2.0,70.0,80.0,93.33333333333333,5,16.666666666666664,8,26.666666666666668,8,26.666666666666668,3,10.0,4,13.333333333333334,2,6.666666666666667,2.6666666666666665,1.4452988925785866,2.5,2.5,73.33333333333333,90.0,93.33333333333333,8,26.666666666666668,7,23.333333333333332,7,23.333333333333332,5,16.666666666666664,1,3.3333333333333335,2,6.666666666666667,2.7333333333333334,1.5040685563571303,3.0,2.5,73.33333333333333,90.0,90.0,8,26.666666666666668,6,20.0,8,26.666666666666668,5,16.666666666666664,0,0.0,3,10.0,2.966666666666667,1.5595583420386114,3.0,2.0,66.66666666666666,83.33333333333334,90.0,7,23.333333333333332,5,16.666666666666664,8,26.666666666666668,5,16.666666666666664,2,6.666666666666667,3,10.0
214,True,3.0,1.632993161855452,3.0,2.0,63.33333333333333,83.33333333333334,86.66666666666667,7,23.333333333333332,6,20.0,6,20.0,6,20.0,1,3.3333333333333335,4,13.333333333333334,2.466666666666667,1.4996295838935991,2.0,2.75,73.33333333333333,86.66666666666667,96.66666666666667,11,36.666666666666664,7,23.333333333333332,4,13.333333333333334,4,13.333333333333334,3,10.0,1,3.3333333333333335,2.6666666666666665,1.6397831834998458,2.5,3.0,70.0,86.66666666666667,90.0,11,36.666666666666664,4,13.333333333333334,6,20.0,5,16.666666666666664,1,3.3333333333333335,3,10.0,3.1666666666666665,1.7336538165261124,3.0,2.75,56.666666666666664,73.33333333333333,86.66666666666667,7,23.333333333333332,6,20.0,4,13.333333333333334,5,16.666666666666664,4,13.333333333333334,4,13.333333333333334
215,True,2.7333333333333334,1.339983416149452,2.5,1.0,76.66666666666667,90.0,93.33333333333333,5,16.666666666666664,10,33.33333333333333,8,26.666666666666668,4,13.333333333333334,1,3.3333333333333335,2,6.666666666666667,2.533333333333333,1.564892612574067,2.0,2.0,76.66666666666667,86.66666666666667,90.0,9,30.0,10,33.33333333333333,4,13.333333333333334,3,10.0,1,3.3333333333333335,3,10.0,2.566666666666667,1.520599297060939,2.0,2.0,76.66666666666667,90.0,90.0,9,30.0,8,26.666666666666668,6,20.0,4,13.333333333333334,0,0.0,3,10.0,3.3,1.8645821694595994,3.0,3.5,60.0,73.33333333333333,73.33333333333333,6,20.0,7,23.333333333333332,5,16.666666666666664,4,13.333333333333334,0,0.0,8,26.666666666666668
216,True,2.966666666666667,1.4487542541400487,3.0,2.0,63.33333333333333,83.33333333333334,96.66666666666667,7,23.333333333333332,4,13.333333333333334,8,26.666666666666668,6,20.0,4,13.333333333333334,1,3.3333333333333335,2.8333333333333335,1.7143187827498385,2.0,2.75,70.0,83.33333333333334,83.33333333333334,8,26.666666666666668,8,26.666666666666668,5,16.666666666666664,4,13.333333333333334,0,0.0,5,16.666666666666664,2.8,1.6,2.5,2.75,70.0,83.33333333333334,90.0,8,26.666666666666668,7,23.333333333333332,6,20.0,4,13.333333333333334,2,6.666666666666667,3,10.0,3.6,1.6041612554021287,3.5,3.0,50.0,66.66666666666666,83.33333333333334,3,10.0,6,20.0,6,20.0,5,16.666666666666664,5,16.666666666666664,5,16.666666666666664
217,True,2.6666666666666665,1.3249737942901196,3.0,2.75,66.66666666666666,96.66666666666667,96.66666666666667,8,26.666666666666668,6,20.0,6,20.0,9,30.0,0,0.0,1,3.3333333333333335,2.5,1.7272328544042153,2.0,3.0,70.0,83.33333333333334,90.0,13,43.333333333333336,6,20.0,2,6.666666666666667,4,13.333333333333334,2,6.666666666666667,3,10.0,2.4,1.6041612554021285,2.0,2.0,76.66666666666667,83.33333333333334,93.33333333333333,12,40.0,8,26.666666666666668,3,10.0,2,6.666666666666667,3,10.0,2,6.666666666666667,2.966666666666667,1.6829207415152447,2.5,3.5,60.0,73.33333333333333,93.33333333333333,8,26.666666666666668,7,23.333333333333332,3,10.0,4,13.333333333333334,6,20.0,2,6.666666666666667
218,True,3.066666666666667,1.590248058916875,3.0,2.75,53.333333333333336,76.66666666666667,96.66666666666667,8,26.666666666666668,4,13.333333333333334,4,13.333333333333334,7,23.333333333333332,6,20.0,1,3.3333333333333335,2.466666666666667,1.765093639316497,2.0,2.75,73.33333333333333,80.0,90.0,14,46.666666666666664,5,16.666666666666664,3,10.0,2,6.666666666666667,3,10.0,3,10.0,2.533333333333333,1.8571184369578826,2.0,2.75,73.33333333333333,76.66666666666667,86.66666666666667,14,46.666666666666664,5,16.666666666666664,3,10.0,1,3.3333333333333335,3,10.0,4,13.333333333333334,3.533333333333333,1.978776277287444,4.0,3.75,46.666666666666664,56.666666666666664,76.66666666666667,8,26.666666666666668,4,13.333333333333334,2,6.666666666666667,3,10.0,6,20.0,7,23.333333333333332
219,True,3.1,1.3253930234714029,3.0,2.0,63.33333333333333,90.0,90.0,2,6.666666666666667,10,33.33333333333333,7,23.333333333333332,8,26.666666666666668,0,0.0,3,10.0,2.7666666666666666,1.4533486237727762,2.5,1.75,73.33333333333333,90.0,90.0,6,20.0,9,30.0,7,23.333333333333332,5,16.666666666666664,0,0.0,3,10.0,2.8333333333333335,1.5073892072793351,2.5,2.0,70.0,86.66666666666667,90.0,6,20.0,9,30.0,6,20.0,5,16.666666666666664,1,3.3333333333333335,3,10.0,3.2,1.6411378166788229,3.0,2.0,60.0,80.0,83.33333333333334,5,16.666666666666664,7,23.333333333333332,6,20.0,6,20.0,1,3.3333333333333335,5,16.666666666666664
220,True,2.6,1.6041612554021285,2.0,2.0,76.66666666666667,83.33333333333334,90.0,9,30.0,9,30.0,5,16.666666666666664,2,6.666666666666667,2,6.666666666666667,3,10.0,2.3333333333333335,1.679947089113887,2.0,2.0,80.0,86.66666666666667,86.66666666666667,13,43.333333333333336,8,26.666666666666668,3,10.0,2,6.666666666666667,0,0.0,4,13.333333333333334,2.5,1.707825127659933,2.0,2.75,73.33333333333333,83.33333333333334,90.0,13,43.333333333333336,5,16.666666666666664,4,13.333333333333334,3,10.0,2,6.666666666666667,3,10.0,2.6,1.5620499351813308,2.0,3.0,70.0,86.66666666666667,93.33333333333333,10,33.33333333333333,7,23.333333333333332,4,13.333333333333334,5,16.666666666666664,2,6.666666666666667,2,6.666666666666667
221,True,2.7,1.4177446878757827,2.5,1.75,73.33333333333333,90.0,93.33333333333333,7,23.333333333333332,8,26.666666666666668,7,23.333333333333332,5,16.666666666666664,1,3.3333333333333335,2,6.666666666666667,2.566666666666667,1.6265163865007801,2.0,3.0,70.0,90.0,90.0,12,40.0,4,13.333333333333334,5,16.666666666666664,6,20.0,0,0.0,3,10.0,2.6666666666666665,1.679947089113887,2.5,2.75,73.33333333333333,86.66666666666667,86.66666666666667,11,36.666666666666664,4,13.333333333333334,7,23.333333333333332,4,13.333333333333334,0,0.0,4,13.333333333333334,3.2,1.758787461103056,3.0,2.0,56.666666666666664,80.0,80.0,7,23.333333333333332,5,16.666666666666664,5,16.666666666666664,7,23.333333333333332,0,0.0,6,20.0
222,True,3.1,1.5351438586225938,3.0,1.75,73.33333333333333,83.33333333333334,83.33333333333334,4,13.333333333333334,7,23.333333333333332,11,36.666666666666664,3,10.0,0,0.0,5,16.666666666666664,2.7333333333333334,1.590248058916875,2.0,2.0,70.0,83.33333333333334,90.0,7,23.333333333333332,11,36.666666666666664,3,10.0,4,13.333333333333334,2,6.666666666666667,3,10.0,2.8,1.5790292376436015,2.5,1.75,73.33333333333333,86.66666666666667,86.66666666666667,7,23.333333333333332,8,26.666666666666668,7,23.333333333333332,4,13.333333333333334,0,0.0,4,13.333333333333334,2.9,1.398809017223819,3.0,2.0,70.0,86.66666666666667,93.33333333333333,5,16.666666666666664,8,26.666666666666668,8,26.666666666666668,5,16.666666666666664,2,6.666666666666667,2,6.666666666666667
223,True,2.9,1.6603212540549697,2.5,1.0,76.66666666666667,80.0,83.33333333333334,6,20.0,9,30.0,8,26.666666666666668,1,3.3333333333333335,1,3.3333333333333335,5,16.666666666666664,2.3,1.3699148392023013,2.0,2.0,86.66666666666667,86.66666666666667,96.66666666666667,10,33.33333333333333,10,33.33333333333333,6,20.0,0,0.0,3,10.0,1,3.3333333333333335,2.533333333333333,1.586050300449376,2.0,2.0,76.66666666666667,80.0,93.33333333333333,9,30.0,11,36.666666666666664,3,10.0,1,3.3333333333333335,4,13.333333333333334,2,6.666666666666667,2.966666666666667,1.8162843634433705,2.0,3.0,70.0,70.0,83.33333333333334,7,23.333333333333332,10,33.33333333333333,4,13.333333333333334,0,0.0,4,13.333333333333334,5,16.666666666666664
224,True,3.4,1.6451950239004087,3.5,2.75,50.0,73.33333333333333,86.66666666666667,6,20.0,3,10.0,6,20.0,7,23.333333333333332,4,13.333333333333334,4,13.333333333333334,2.6666666666666665,1.679947089113887,2.0,3.0,66.66666666666666,80.0,93.33333333333333,11,36.666666666666664,6,20.0,3,10.0,4,13.333333333333334,4,13.333333333333334,2,6.666666666666667,2.7,1.5947831618540917,2.5,3.0,70.0,83.33333333333334,93.33333333333333,10,33.33333333333333,5,16.666666666666664,6,20.0,4,13.333333333333334,3,10.0,2,6.666666666666667,2.966666666666667,1.7220788470785986,3.0,3.0,60.0,76.66666666666667,90.0,9,30.0,5,16.666666666666664,4,13.333333333333334,5,16.666666666666664,4,13.333333333333334,3,10.0
225,True,2.466666666666667,1.309792180292567,2.5,2.0,76.66666666666667,96.66666666666667,96.66666666666667,10,33.33333333333333,5,16.666666666666664,8,26.666666666666668,6,20.0,0,0.0,1,3.3333333333333335,2.4,1.6653327995729061,2.0,2.0,80.0,83.33333333333334,90.0,13,43.333333333333336,6,20.0,5,16.666666666666664,1,3.3333333333333335,2,6.666666666666667,3,10.0,2.3666666666666667,1.6224124698183942,2.0,2.0,80.0,86.66666666666667,90.0,13,43.333333333333336,6,20.0,5,16.666666666666664,2,6.666666666666667,1,3.3333333333333335,3,10.0,2.9,1.7387735140993301,3.0,3.0,70.0,76.66666666666667,86.66666666666667,9,30.0,5,16.666666666666664,7,23.333333333333332,2,6.666666666666667,3,10.0,4,13.333333333333334
226,True,3.033333333333333,1.7792008193443356,3.0,3.75,66.66666666666666,70.0,86.66666666666667,8,26.666666666666668,6,20.0,6,20.0,1,3.3333333333333335,5,16.666666666666664,4,13.333333333333334,2.3666666666666667,1.702612371882951,2.0,2.0,76.66666666666667,83.33333333333334,90.0,14,46.666666666666664,6,20.0,3,10.0,2,6.666666666666667,2,6.666666666666667,3,10.0,2.2666666666666666,1.5260697523012796,2.0,2.0,80.0,83.33333333333334,96.66666666666667,13,43.333333333333336,8,26.666666666666668,3,10.0,1,3.3333333333333335,4,13.333333333333334,1,3.3333333333333335,3.1333333333333333,1.9787762772874442,2.0,4.0,60.0,63.33333333333333,80.0,9,30.0,7,23.333333333333332,2,6.666666666666667,1,3.3333333333333335,5,16.666666666666664,6,20.0
227,True,2.933333333333333,1.4360439485692011,3.0,2.0,70.0,90.0,90.0,6,20.0,5,16.666666666666664,10,33.33333333333333,6,20.0,0,0.0,3,10.0,2.7,1.7349351572897473,2.0,2.75,73.33333333333333,80.0,86.66666666666667,10,33.33333333333333,7,23.333333333333332,5,16.666666666666664,2,6.666666666666667,2,6.666666666666667,4,13.333333333333334,2.6333333333333333,1.4940623220676648,2.5,2.0,76.66666666666667,86.66666666666667,93.33333333333333,9,30.0,6,20.0,8,26.666666666666668,3,10.0,2,6.666666666666667,2,6.666666666666667,2.933333333333333,1.6110727964792761,3.0,2.75,70.0,80.0,90.0,8,26.666666666666668,4,13.333333333333334,9,30.0,3,10.0,3,10.0,3,10.0
228,True,3.433333333333333,1.6265163865007801,3.5,3.0,50.0,70.0,86.66666666666667,4,13.333333333333334,7,23.333333333333332,4,13.333333333333334,6,20.0,5,16.666666666666664,4,13.333333333333334,2.7333333333333334,1.6918103387266026,2.0,3.75,70.0,73.33333333333333,93.33333333333333,9,30.0,9,30.0,3,10.0,1,3.3333333333333335,6,20.0,2,6.666666666666667,2.9,1.7767010628315238,2.0,4.0,63.33333333333333,66.66666666666666,93.33333333333333,9,30.0,8,26.666666666666668,2,6.666666666666667,1,3.3333333333333335,8,26.666666666666668,2,6.666666666666667,3.5,1.8211717839530315,4.0,3.0,46.666666666666664,63.33333333333333,80.0,5,16.666666666666664,8,26.666666666666668,1,3.3333333333333335,5,16.666666666666664,5,16.666666666666664,6,20.0
229,True,3.2333333333333334,1.5849991237291652,3.0,2.0,66.66666666666666,76.66666666666667,83.33333333333334,3,10.0,9,30.0,8,26.666666666666668,3,10.0,2,6.666666666666667,5,16.666666666666664,2.7333333333333334,1.6918103387266026,2.0,3.0,70.0,80.0,90.0,10,33.33333333333333,6,20.0,5,16.666666666666664,3,10.0,3,10.0,3,10.0,2.9,1.7578395831246947,2.5,3.0,66.66666666666666,76.66666666666667,86.66666666666667,9,30.0,6,20.0,5,16.666666666666664,3,10.0,3,10.0,4,13.333333333333334,2.9,1.5989579940281942,3.0,2.75,63.33333333333333,80.0,93.33333333333333,8,26.666666666666668,6,20.0,5,16.666666666666664,5,16.666666666666664,4,13.333333333333334,2,6.666666666666667
230,True,2.8,1.5362291495737217,2.0,1.75,73.33333333333333,83.33333333333334,90.0,6,20.0,10,33.33333333333333,6,20.0,3,10.0,2,6.666666666666667,3,10.0,2.3,1.5524174696260022,2.0,1.75,83.33333333333334,86.66666666666667,90.0,11,36.666666666666664,11,36.666666666666664,3,10.0,1,3.3333333333333335,1,3.3333333333333335,3,10.0,2.6,1.7813852287849852,2.0,3.0,70.0,80.0,86.66666666666667,11,36.666666666666664,9,30.0,1,3.3333333333333335,3,10.0,2,6.666666666666667,4,13.333333333333334,2.9,1.9035055380358978,2.0,4.0,66.66666666666666,70.0,83.33333333333334,10,33.33333333333333,7,23.333333333333332,3,10.0,1,3.3333333333333335,4,13.333333333333334,5,16.666666666666664
231,True,3.3333333333333335,1.5129074290546958,3.0,2.0,63.33333333333333,80.0,83.33333333333334,3,10.0,6,20.0,10,33.33333333333333,5,16.666666666666664,1,3.3333333333333335,5,16.666666666666664,2.6666666666666665,1.6193277068654826,2.0,3.0,70.0,86.66666666666667,90.0,10,33.33333333333333,6,20.0,5,16.666666666666664,5,16.666666666666664,1,3.3333333333333335,3,10.0,2.8,1.5362291495737217,2.5,2.0,70.0,86.66666666666667,90.0,7,23.333333333333332,8,26.666666666666668,6,20.0,5,16.666666666666664,1,3.3333333333333335,3,10.0,3.2333333333333334,1.7065234314893603,3.0,2.0,63.33333333333333,76.66666666666667,80.0,5,16.666666666666664,7,23.333333333333332,7,23.333333333333332,4,13.333333333333334,1,3.3333333333333335,6,20.0
232,True,2.966666666666667,1.7792008193443358,3.0,3.0,63.33333333333333,80.0,83.33333333333334,9,30.0,5,16.666666666666664,5,16.666666666666664,5,16.666666666666664,1,3.3333333333333335,5,16.666666666666664,2.3333333333333335,1.4681810363696828,2.0,2.0,80.0,86.66666666666667,96.66666666666667,12,40.0,7,23.333333333333332,5,16.666666666666664,2,6.666666666666667,3,10.0,1,3.3333333333333335,2.533333333333333,1.6679994670929073,2.0,2.0,76.66666666666667,83.33333333333334,90.0,12,40.0,5,16.666666666666664,6,20.0,2,6.666666666666667,2,6.666666666666667,3,10.0,2.6333333333333333,1.5807874268505833,2.0,2.0,76.66666666666667,80.0,93.33333333333333,9,30.0,8,26.666666666666668,6,20.0,1,3.3333333333333335,4,13.333333333333334,2,6.666666666666667
233,True,2.6666666666666665,1.5776212754932306,2.5,3.0,70.0,90.0,90.0,10,33.33333333333333,5,16.666666666666664,6,20.0,6,20.0,0,0.0,3,10.0,2.1666666666666665,1.6346933113652307,1.0,2.0,83.33333333333334,86.66666666666667,90.0,16,53.333333333333336,5,16.666666666666664,4,13.333333333333334,1,3.3333333333333335,1,3.3333333333333335,3,10.0,2.2,1.6812693617224654,1.0,2.0,83.33333333333334,83.33333333333334,90.0,16,53.333333333333336,5,16.666666666666664,4,13.333333333333334,0,0.0,2,6.666666666666667,3,10.0,2.933333333333333,2.031966753883756,2.0,4.0,63.33333333333333,70.0,76.66666666666667,11,36.666666666666664,7,23.333333333333332,1,3.3333333333333335,2,6.666666666666667,2,6.666666666666667,7,23.333333333333332
234,True,2.7666666666666666,1.4761059883656353,3.0,2.5,73.33333333333333,86.66666666666667,93.33333333333333,8,26.666666666666668,5,16.666666666666664,9,30.0,4,13.333333333333334,2,6.666666666666667,2,6.666666666666667,2.3333333333333335,1.5129074290546958,2.0,2.75,73.33333333333333,93.33333333333333,93.33333333333333,13,43.333333333333336,6,20.0,3,10.0,6,20.0,0,0.0,2,6.666666666666667,2.3666666666666667,1.4019827229875395,2.0,2.75,73.33333333333333,93.33333333333333,96.66666666666667,11,36.666666666666664,8,26.666666666666668,3,10.0,6,20.0,1,3.3333333333333335,1,3.3333333333333335,2.8,1.5790292376436015,2.5,2.75,66.66666666666666,86.66666666666667,90.0,8,26.666666666666668,7,23.333333333333332,5,16.666666666666664,6,20.0,1,3.3333333333333335,3,10.0
235,True,2.8666666666666667,1.6679994670929073,2.0,2.0,70.0,80.0,86.66666666666667,7,23.333333333333332,9,30.0,5,16.666666666666664,3,10.0,2,6.666666666666667,4,13.333333333333334,2.5,1.5652475842498528,2.0,2.0,80.0,86.66666666666667,90.0,10,33.33333333333333,8,26.666666666666668,6,20.0,2,6.666666666666667,1,3.3333333333333335,3,10.0,2.6333333333333333,1.7026123718829513,2.0,2.75,73.33333333333333,83.33333333333334,86.66666666666667,10,33.33333333333333,8,26.666666666666668,4,13.333333333333334,3,10.0,1,3.3333333333333335,4,13.333333333333334,2.6,1.4742229591663987,2.0,3.0,70.0,86.66666666666667,96.66666666666667,9,30.0,8,26.666666666666668,4,13.333333333333334,5,16.666666666666664,3,10.0,1,3.3333333333333335
236,True,2.1,1.1357816691600546,2.0,1.75,83.33333333333334,96.66666666666667,100.0,11,36.666666666666664,11,36.666666666666664,3,10.0,4,13.333333333333334,1,3.3333333333333335,0,0.0,2.2,1.758787461103056,1.0,2.0,83.33333333333334,83.33333333333334,86.66666666666667,17,56.666666666666664,4,13.333333333333334,4,13.333333333333334,0,0.0,1,3.3333333333333335,4,13.333333333333334,2.2666666666666666,1.7688665548562132,1.0,2.0,80.0,83.33333333333334,86.66666666666667,16,53.333333333333336,5,16.666666666666664,3,10.0,1,3.3333333333333335,1,3.3333333333333335,4,13.333333333333334,2.7333333333333334,1.7113996870657913,2.0,3.0,66.66666666666666,80.0,90.0,10,33.33333333333333,7,23.333333333333332,3,10.0,4,13.333333333333334,3,10.0,3,10.0
237,True,2.933333333333333,1.5477582354991866,3.0,1.75,73.33333333333333,83.33333333333334,86.66666666666667,5,16.666666666666664,9,30.0,8,26.666666666666668,3,10.0,1,3.3333333333333335,4,13.333333333333334,2.5,1.5438048235879214,2.0,2.0,80.0,86.66666666666667,90.0,9,30.0,10,33.33333333333333,5,16.666666666666664,2,6.666666666666667,1,3.3333333333333335,3,10.0,2.6666666666666665,1.577621275493231,2.0,1.75,76.66666666666667,83.33333333333334,90.0,8,26.666666666666668,9,30.0,6,20.0,2,6.666666666666667,2,6.666666666666667,3,10.0,2.933333333333333,1.5260697523012796,2.0,2.0,63.33333333333333,80.0,93.33333333333333,5,16.666666666666664,11,36.666666666666664,3,10.0,5,16.666666666666664,4,13.333333333333334,2,6.666666666666667
238,True,2.8666666666666667,1.564892612574067,3.0,1.0,76.66666666666667,83.33333333333334,86.66666666666667,6,20.0,8,26.666666666666668,9,30.0,2,6.666666666666667,1,3.3333333333333335,4,13.333333333333334,2.3666666666666667,1.4487542541400487,2.0,2.0,83.33333333333334,86.66666666666667,93.33333333333333,9,30.0,12,40.0,4,13.333333333333334,1,3.3333333333333335,2,6.666666666666667,2,6.666666666666667,2.5,1.5,2.0,1.75,80.0,83.33333333333334,93.33333333333333,8,26.666666666666668,12,40.0,4,13.333333333333334,1,3.3333333333333335,3,10.0,2,6.666666666666667,2.9,1.7,2.0,2.5,73.33333333333333,73.33333333333333,86.66666666666667,6,20.0,11,36.666666666666664,5,16.666666666666664,0,0.0,4,13.333333333333334,4,13.333333333333334
239,True,2.6666666666666665,1.5563490039905001,2.5,3.0,70.0,86.66666666666667,93.33333333333333,10,33.33333333333333,5,16.666666666666664,6,20.0,5,16.666666666666664,2,6.666666666666667,2,6.666666666666667,2.3666666666666667,1.8162843634433703,1.0,2.0,76.66666666666667,83.33333333333334,86.66666666666667,17,56.666666666666664,1,3.3333333333333335,5,16.666666666666664,2,6.666666666666667,1,3.3333333333333335,4,13.333333333333334,2.466666666666667,1.961858529274955,1.0,2.75,73.33333333333333,76.66666666666667,83.33333333333334,17,56.666666666666664,2,6.666666666666667,3,10.0,1,3.3333333333333335,2,6.666666666666667,5,16.666666666666664,2.7,1.715614564327703,2.0,3.0,66.66666666666666,76.66666666666667,93.33333333333333,11,36.666666666666664,6,20.0,3,10.0,3,10.0,5,16.666666666666664,2,6.666666666666667
240,True,3.0,1.5491933384829668,3.0,2.0,63.33333333333333,83.33333333333334,90.0,6,20.0,7,23.333333333333332,6,20.0,6,20.0,2,6.666666666666667,3,10.0,2.6,1.7048949136725895,2.0,2.75,73.33333333333333,80.0,90.0,11,36.666666666666664,7,23.333333333333332,4,13.333333333333334,2,6.666666666666667,3,10.0,3,10.0,2.6666666666666665,1.7950549357115013,2.0,2.75,73.33333333333333,76.66666666666667,86.66666666666667,11,36.666666666666664,7,23.333333333333332,4,13.333333333333334,1,3.3333333333333335,3,10.0,4,13.333333333333334,3.033333333333333,1.6428295373802142,3.0,2.0,63.33333333333333,76.66666666666667,90.0,7,23.333333333333332,6,20.0,6,20.0,4,13.333333333333334,4,13.333333333333334,3,10.0
241,True,2.966666666666667,1.5380362660079103,2.5,2.0,70.0,83.33333333333334,86.66666666666667,4,13.333333333333334,11,36.666666666666664,6,20.0,4,13.333333333333334,1,3.3333333333333335,4,13.333333333333334,2.6333333333333333,1.5807874268505837,2.0,1.75,76.66666666666667,83.33333333333334,90.0,8,26.666666666666668,10,33.33333333333333,5,16.666666666666664,2,6.666666666666667,2,6.666666666666667,3,10.0,2.6333333333333333,1.5807874268505837,2.0,1.75,76.66666666666667,83.33333333333334,90.0,8,26.666666666666668,10,33.33333333333333,5,16.666666666666664,2,6.666666666666667,2,6.666666666666667,3,10.0,3.3,1.7729448195962934,3.0,3.0,66.66666666666666,70.0,76.66666666666667,4,13.333333333333334,9,30.0,7,23.333333333333332,1,3.3333333333333335,2,6.666666666666667,7,23.333333333333332
242,True,3.033333333333333,1.5595583420386114,3.0,2.0,66.66666666666666,83.33333333333334,86.66666666666667,5,16.666666666666664,8,26.666666666666668,7,23.333333333333332,5,16.666666666666664,1,3.3333333333333335,4,13.333333333333334,2.533333333333333,1.5434449203720302,2.0,2.75,73.33333333333333,86.66666666666667,93.33333333333333,10,33.33333333333333,8,26.666666666666668,4,13.333333333333334,4,13.333333333333334,2,6.666666666666667,2,6.666666666666667,2.6333333333333333,1.5595583420386114,2.0,2.75,73.33333333333333,83.33333333333334,93.33333333333333,9,30.0,8,26.666666666666668,5,16.666666666666664,3,10.0,3,10.0,2,6.666666666666667,2.7333333333333334,1.6719914938645934,2.0,3.0,70.0,80.0,90.0,9,30.0,8,26.666666666666668,4,13.333333333333334,3,10.0,3,10.0,3,10.0
243,True,2.7666666666666666,1.8199511592958262,2.0,2.0,76.66666666666667,80.0,80.0,10,33.33333333333333,6,20.0,7,23.333333333333332,1,3.3333333333333335,0,0.0,6,20.0,2.3333333333333335,1.8856180831641267,1.0,2.75,73.33333333333333,80.0,86.66666666666667,18,60.0,2,6.666666666666667,2,6.666666666666667,2,6.666666666666667,2,6.666666666666667,4,13.333333333333334,2.4,1.8,1.0,2.75,73.33333333333333,80.0,90.0,16,53.333333333333336,3,10.0,3,10.0,2,6.666666666666667,3,10.0,3,10.0,2.6666666666666665,1.920648038785058,2.0,3.75,66.66666666666666,73.33333333333333,86.66666666666667,14,46.666666666666664,4,13.333333333333334,2,6.666666666666667,2,6.666666666666667,4,13.333333333333334,4,13.333333333333334
244,True,3.1333333333333333,1.4996295838935991,3.0,2.0,60.0,83.33333333333334,90.0,5,16.666666666666664,6,20.0,7,23.333333333333332,7,23.333333333333332,2,6.666666666666667,3,10.0,2.566666666666667,1.6058919293927874,2.0,2.75,73.33333333333333,80.0,93.33333333333333,9,30.0,11,36.666666666666664,2,6.666666666666667,2,6.666666666666667,4,13.333333333333334,2,6.666666666666667,2.6333333333333333,1.7026123718829513,2.0,2.75,73.33333333333333,76.66666666666667,90.0,9,30.0,11,36.666666666666664,2,6.666666666666667,1,3.3333333333333335,4,13.333333333333334,3,10.0,3.2333333333333334,1.9267128022157898,2.5,3.0,60.0,66.66666666666666,76.66666666666667,7,23.333333333333332,8,26.666666666666668,3,10.0,2,6.666666666666667,3,10.0,7,23.333333333333332
245,True,3.2333333333333334,1.5423647068345698,3.0,2.0,60.0,76.66666666666667,90.0,5,16.666666666666664,5,16.666666666666664,8,26.666666666666668,5,16.666666666666664,4,13.333333333333334,3,10.0,2.6,1.5620499351813306,2.0,2.75,73.33333333333333,83.33333333333334,93.33333333333333,9,30.0,9,30.0,4,13.333333333333334,3,10.0,3,10.0,2,6.666666666666667,2.6666666666666665,1.6193277068654823,2.0,2.75,73.33333333333333,83.33333333333334,90.0,9,30.0,8,26.666666666666668,5,16.666666666666664,3,10.0,2,6.666666666666667,3,10.0,3.0,1.8439088914585775,2.5,3.75,63.33333333333333,73.33333333333333,83.33333333333334,9,30.0,6,20.0,4,13.333333333333334,3,10.0,3,10.0,5,16.666666666666664
246,True,3.2,1.7397317800933185,3.0,2.0,56.666666666666664,80.0,80.0,6,20.0,7,23.333333333333332,4,13.333333333333334,7,23.333333333333332,0,0.0,6,20.0,2.7,1.676305461424021,2.0,3.0,66.66666666666666,83.33333333333334,90.0,10,33.33333333333333,7,23.333333333333332,3,10.0,5,16.666666666666664,2,6.666666666666667,3,10.0,2.8666666666666667,1.6275407487644937,3.0,3.0,63.33333333333333,80.0,93.33333333333333,9,30.0,5,16.666666666666664,5,16.666666666666664,5,16.666666666666664,4,13.333333333333334,2,6.666666666666667,3.1666666666666665,1.8454147380888546,2.5,3.75,53.333333333333336,66.66666666666666,86.66666666666667,8,26.666666666666668,7,23.333333333333332,1,3.3333333333333335,4,13.333333333333334,6,20.0,4,13.333333333333334
247,True,3.2,1.4922019523732928,3.0,2.0,53.333333333333336,80.0,93.33333333333333,5,16.666666666666664,6,20.0,5,16.666666666666664,8,26.666666666666668,4,13.333333333333334,2,6.666666666666667,2.6666666666666665,1.4907119849998598,2.0,1.0,76.66666666666667,86.66666666666667,90.0,6,20.0,12,40.0,5,16.666666666666664,3,10.0,1,3.3333333333333335,3,10.0,2.8333333333333335,1.5933891203622825,2.0,2.0,70.0,83.33333333333334,86.66666666666667,5,16.666666666666664,13,43.333333333333336,3,10.0,4,13.333333333333334,1,3.3333333333333335,4,13.333333333333334,3.1333333333333333,1.586050300449376,3.0,2.0,60.0,76.66666666666667,90.0,5,16.666666666666664,8,26.666666666666668,5,16.666666666666664,5,16.666666666666664,4,13.333333333333334,3,10.0
248,True,3.033333333333333,1.6428295373802142,3.0,2.75,60.0,80.0,90.0,8,26.666666666666668,4,13.333333333333334,6,20.0,6,20.0,3,10.0,3,10.0,2.466666666666667,1.746106780494506,2.0,2.0,76.66666666666667,83.33333333333334,86.66666666666667,13,43.333333333333336,6,20.0,4,13.333333333333334,2,6.666666666666667,1,3.3333333333333335,4,13.333333333333334,2.5,1.8027756377319946,2.0,2.0,76.66666666666667,83.33333333333334,83.33333333333334,13,43.333333333333336,6,20.0,4,13.333333333333334,2,6.666666666666667,0,0.0,5,16.666666666666664,3.033333333333333,1.8526257642120338,3.0,4.0,60.0,70.0,86.66666666666667,10,33.33333333333333,4,13.333333333333334,4,13.333333333333334,3,10.0,5,16.666666666666664,4,13.333333333333334
249,True,3.0,1.5491933384829668,3.0,2.0,63.33333333333333,83.33333333333334,90.0,6,20.0,7,23.333333333333332,6,20.0,6,20.0,2,6.666666666666667,3,10.0,2.533333333333333,1.384035966135113,2.0,2.5,73.33333333333333,90.0,96.66666666666667,8,26.666666666666668,10,33.33333333333333,4,13.333333333333334,5,16.666666666666664,2,6.666666666666667,1,3.3333333333333335,2.6,1.3063945294843617,2.0,1.75,73.33333333333333,93.33333333333333,96.66666666666667,7,23.333333333333332,9,30.0,6,20.0,6,20.0,1,3.3333333333333335,1,3.3333333333333335,3.1333333333333333,1.564892612574067,3.0,2.0,56.666666666666664,80.0,90.0,5,16.666666666666664,8,26.666666666666668,4,13.333333333333334,7,23.333333333333332,3,10.0,3,10.0
250,True,2.8,1.661324772583615,2.0,1.75,73.33333333333333,83.33333333333334,83.33333333333334,6,20.0,12,40.0,4,13.333333333333334,3,10.0,0,0.0,5,16.666666666666664,2.2333333333333334,1.4067298564006128,2.0,1.75,80.0,93.33333333333333,93.33333333333333,11,36.666666666666664,11,36.666666666666664,2,6.666666666666667,4,13.333333333333334,0,0.0,2,6.666666666666667,2.3333333333333335,1.5347819244295116,2.0,2.0,80.0,90.0,90.0,11,36.666666666666664,10,33.33333333333333,3,10.0,3,10.0,0,0.0,3,10.0,2.6,1.4966629547095767,2.0,1.75,73.33333333333333,90.0,90.0,7,23.333333333333332,12,40.0,3,10.0,5,16.666666666666664,0,0.0,3,10.0
251,True,3.3,1.4866068747318506,3.0,2.0,60.0,80.0,86.66666666666667,3,10.0,7,23.333333333333332,8,26.666666666666668,6,20.0,2,6.666666666666667,4,13.333333333333334,2.6666666666666665,1.5129074290546958,2.0,1.0,76.66666666666667,86.66666666666667,90.0,7,23.333333333333332,10,33.33333333333333,6,20.0,3,10.0,1,3.3333333333333335,3,10.0,2.7333333333333334,1.5477582354991866,2.0,1.0,76.66666666666667,83.33333333333334,90.0,7,23.333333333333332,9,30.0,7,23.333333333333332,2,6.666666666666667,2,6.666666666666667,3,10.0,2.9,1.491084616423003,3.0,1.75,73.33333333333333,83.33333333333334,90.0,5,16.666666666666664,9,30.0,8,26.666666666666668,3,10.0,2,6.666666666666667,3,10.0
252,True,2.1666666666666665,1.1279282877125754,2.0,2.0,90.0,96.66666666666667,96.66666666666667,9,30.0,12,40.0,6,20.0,2,6.666666666666667,0,0.0,1,3.3333333333333335,2.1,1.1930353445448854,2.0,1.75,86.66666666666667,96.66666666666667,96.66666666666667,11,36.666666666666664,11,36.666666666666664,4,13.333333333333334,3,10.0,0,0.0,1,3.3333333333333335,2.1,1.1357816691600546,2.0,1.75,90.0,96.66666666666667,96.66666666666667,10,33.33333333333333,12,40.0,5,16.666666666666664,2,6.666666666666667,0,0.0,1,3.3333333333333335,2.7,1.6155494421403513,2.0,2.75,70.0,83.33333333333334,90.0,8,26.666666666666668,10,33.33333333333333,3,10.0,4,13.333333333333334,2,6.666666666666667,3,10.0
253,True,2.4,1.3564659966250536,2.0,2.0,83.33333333333334,93.33333333333333,93.33333333333333,9,30.0,9,30.0,7,23.333333333333332,3,10.0,0,0.0,2,6.666666666666667,2.1333333333333333,1.3597385369580761,2.0,1.0,83.33333333333334,90.0,96.66666666666667,12,40.0,11,36.666666666666664,2,6.666666666666667,2,6.666666666666667,2,6.666666666666667,1,3.3333333333333335,2.1333333333333333,1.3597385369580761,2.0,1.75,86.66666666666667,93.33333333333333,93.33333333333333,12,40.0,10,33.33333333333333,4,13.333333333333334,2,6.666666666666667,0,0.0,2,6.666666666666667,2.6666666666666665,1.5986105077709065,2.0,2.5,73.33333333333333,83.33333333333334,90.0,8,26.666666666666668,10,33.33333333333333,4,13.333333333333334,3,10.0,2,6.666666666666667,3,10.0
254,True,3.1,1.3747727084867518,3.0,2.0,70.0,86.66666666666667,90.0,4,13.333333333333334,5,16.666666666666664,12,40.0,5,16.666666666666664,1,3.3333333333333335,3,10.0,2.8333333333333335,1.654958878307521,3.0,3.0,70.0,80.0,90.0,9,30.0,5,16.666666666666664,7,23.333333333333332,3,10.0,3,10.0,3,10.0,2.966666666666667,1.7603661235347856,3.0,4.0,66.66666666666666,70.0,90.0,9,30.0,5,16.666666666666664,6,20.0,1,3.3333333333333335,6,20.0,3,10.0,3.5,1.6072751268321592,3.0,2.75,56.666666666666664,73.33333333333333,80.0,3,10.0,6,20.0,8,26.666666666666668,5,16.666666666666664,2,6.666666666666667,6,20.0
255,True,2.7,1.3203534880225574,3.0,1.0,76.66666666666667,93.33333333333333,93.33333333333333,6,20.0,8,26.666666666666668,9,30.0,5,16.666666666666664,0,0.0,2,6.666666666666667,2.433333333333333,1.5423647068345696,2.0,2.0,83.33333333333334,86.66666666666667,90.0,10,33.33333333333333,9,30.0,6,20.0,1,3.3333333333333335,1,3.3333333333333335,3,10.0,2.533333333333333,1.586050300449376,2.0,2.0,76.66666666666667,86.66666666666667,90.0,10,33.33333333333333,8,26.666666666666668,5,16.666666666666664,3,10.0,1,3.3333333333333335,3,10.0,2.8333333333333335,1.654958878307521,2.5,2.75,70.0,83.33333333333334,86.66666666666667,8,26.666666666666668,7,23.333333333333332,6,20.0,4,13.333333333333334,1,3.3333333333333335,4,13.333333333333334
256,True,3.1,1.5351438586225938,3.0,2.0,53.333333333333336,83.33333333333334,93.33333333333333,7,23.333333333333332,4,13.333333333333334,5,16.666666666666664,9,30.0,3,10.0,2,6.666666666666667,2.6666666666666665,1.699673171197595,2.0,3.0,63.33333333333333,86.66666666666667,90.0,12,40.0,4,13.333333333333334,3,10.0,7,23.333333333333332,1,3.3333333333333335,3,10.0,2.8,1.7397317800933185,2.0,3.0,63.33333333333333,83.33333333333334,86.66666666666667,10,33.33333333333333,6,20.0,3,10.0,6,20.0,1,3.3333333333333335,4,13.333333333333334,3.4,1.7243356208503418,3.5,2.0,50.0,76.66666666666667,80.0,6,20.0,4,13.333333333333334,5,16.666666666666664,8,26.666666666666668,1,3.3333333333333335,6,20.0
257,True,2.5,1.5652475842498528,2.0,2.0,80.0,86.66666666666667,90.0,10,33.33333333333333,8,26.666666666666668,6,20.0,2,6.666666666666667,1,3.3333333333333335,3,10.0,2.2,1.5790292376436015,1.5,2.0,83.33333333333334,90.0,90.0,15,50.0,5,16.666666666666664,5,16.666666666666664,2,6.666666666666667,0,0.0,3,10.0,2.2333333333333334,1.54236470683457,2.0,2.0,83.33333333333334,86.66666666666667,93.33333333333333,14,46.666666666666664,6,20.0,5,16.666666666666664,1,3.3333333333333335,2,6.666666666666667,2,6.666666666666667,2.966666666666667,1.8162843634433705,3.0,3.0,66.66666666666666,80.0,80.0,9,30.0,5,16.666666666666664,6,20.0,4,13.333333333333334,0,0.0,6,20.0
258,True,2.8333333333333335,1.6346933113652304,2.5,2.75,66.66666666666666,86.66666666666667,86.66666666666667,8,26.666666666666668,7,23.333333333333332,5,16.666666666666664,6,20.0,0,0.0,4,13.333333333333334,2.466666666666667,1.586050300449376,2.0,2.75,73.33333333333333,90.0,90.0,11,36.666666666666664,8,26.666666666666668,3,10.0,5,16.666666666666664,0,0.0,3,10.0,2.8,1.851125783588643,2.0,3.0,66.66666666666666,76.66666666666667,83.33333333333334,10,33.33333333333333,8,26.666666666666668,2,6.666666666666667,3,10.0,2,6.666666666666667,5,16.666666666666664,2.8666666666666667,1.687865186822955,2.0,2.0,66.66666666666666,80.0,86.66666666666667,7,23.333333333333332,10,33.33333333333333,3,10.0,4,13.333333333333334,2,6.666666666666667,4,13.333333333333334
259,True,3.066666666666667,1.364632632697248,3.0,1.75,73.33333333333333,86.66666666666667,90.0,4,13.333333333333334,5,16.666666666666664,13,43.333333333333336,4,13.333333333333334,1,3.3333333333333335,3,10.0,2.3666666666666667,1.6224124698183942,2.0,2.0,80.0,83.33333333333334,93.33333333333333,14,46.666666666666664,4,13.333333333333334,6,20.0,1,3.3333333333333335,3,10.0,2,6.666666666666667,2.3666666666666667,1.5380362660079103,2.0,2.0,80.0,83.33333333333334,96.66666666666667,13,43.333333333333336,5,16.666666666666664,6,20.0,1,3.3333333333333335,4,13.333333333333334,1,3.3333333333333335,3.1333333333333333,1.7838784213679537,3.0,2.75,66.66666666666666,76.66666666666667,80.0,8,26.666666666666668,3,10.0,9,30.0,3,10.0,1,3.3333333333333335,6,20.0
260,True,3.1666666666666665,1.6141733350404337,3.0,2.0,66.66666666666666,76.66666666666667,83.33333333333334,3,10.0,11,36.666666666666664,6,20.0,3,10.0,2,6.666666666666667,5,16.666666666666664,2.6,1.8,2.0,2.75,73.33333333333333,76.66666666666667,86.66666666666667,11,36.666666666666664,9,30.0,2,6.666666666666667,1,3.3333333333333335,3,10.0,4,13.333333333333334,2.6333333333333333,1.7026123718829513,2.0,2.75,73.33333333333333,80.0,90.0,11,36.666666666666664,6,20.0,5,16.666666666666664,2,6.666666666666667,3,10.0,3,10.0,2.966666666666667,1.760366123534786,2.0,2.0,66.66666666666666,76.66666666666667,83.33333333333334,7,23.333333333333332,9,30.0,4,13.333333333333334,3,10.0,2,6.666666666666667,5,16.666666666666664
261,True,3.0,1.2382783747337807,3.0,1.0,76.66666666666667,90.0,90.0,1,3.3333333333333335,11,36.666666666666664,11,36.666666666666664,4,13.333333333333334,0,0.0,3,10.0,2.566666666666667,1.382831234179436,2.0,1.75,73.33333333333333,93.33333333333333,93.33333333333333,7,23.333333333333332,11,36.666666666666664,4,13.333333333333334,6,20.0,0,0.0,2,6.666666666666667,2.7333333333333334,1.4817407180595246,2.0,2.0,70.0,90.0,90.0,6,20.0,11,36.666666666666664,4,13.333333333333334,6,20.0,0,0.0,3,10.0,2.933333333333333,1.6519348924485158,2.5,2.0,63.33333333333333,83.33333333333334,86.66666666666667,7,23.333333333333332,8,26.666666666666668,4,13.333333333333334,6,20.0,1,3.3333333333333335,4,13.333333333333334
262,True,2.7,1.5947831618540915,2.0,3.0,70.0,86.66666666666667,90.0,9,30.0,7,23.333333333333332,5,16.666666666666664,5,16.666666666666664,1,3.3333333333333335,3,10.0,2.466666666666667,1.7650936393164973,2.0,2.75,73.33333333333333,83.33333333333334,86.66666666666667,13,43.333333333333336,7,23.333333333333332,2,6.666666666666667,3,10.0,1,3.3333333333333335,4,13.333333333333334,2.7333333333333334,1.8785337071473829,2.0,3.0,66.66666666666666,80.0,83.33333333333334,13,43.333333333333336,3,10.0,4,13.333333333333334,4,13.333333333333334,1,3.3333333333333335,5,16.666666666666664,3.0,1.8439088914585775,2.5,3.75,63.33333333333333,73.33333333333333,83.33333333333334,9,30.0,6,20.0,4,13.333333333333334,3,10.0,3,10.0,5,16.666666666666664
263,True,3.1,1.5989579940281942,3.0,2.0,53.333333333333336,83.33333333333334,90.0,7,23.333333333333332,5,16.666666666666664,4,13.333333333333334,9,30.0,2,6.666666666666667,3,10.0,2.566666666666667,1.7065234314893605,2.0,3.0,70.0,83.33333333333334,90.0,12,40.0,6,20.0,3,10.0,4,13.333333333333334,2,6.666666666666667,3,10.0,2.7666666666666666,1.9439364415764444,2.0,3.0,66.66666666666666,76.66666666666667,80.0,12,40.0,6,20.0,2,6.666666666666667,3,10.0,1,3.3333333333333335,6,20.0,3.3,1.8645821694595996,3.5,3.75,50.0,66.66666666666666,83.33333333333334,8,26.666666666666668,5,16.666666666666664,2,6.666666666666667,5,16.666666666666664,5,16.666666666666664,5,16.666666666666664
264,True,3.2,1.4696938456699067,3.0,2.0,56.666666666666664,83.33333333333334,90.0,4,13.333333333333334,7,23.333333333333332,6,20.0,8,26.666666666666668,2,6.666666666666667,3,10.0,2.7,1.6360521589077373,2.0,3.0,70.0,80.0,93.33333333333333,10,33.33333333333333,6,20.0,5,16.666666666666664,3,10.0,4,13.333333333333334,2,6.666666666666667,2.8,1.7009801096230766,2.0,3.0,66.66666666666666,83.33333333333334,86.66666666666667,9,30.0,7,23.333333333333332,4,13.333333333333334,5,16.666666666666664,1,3.3333333333333335,4,13.333333333333334,3.3333333333333335,1.757523510195209,3.0,3.0,53.333333333333336,66.66666666666666,86.66666666666667,7,23.333333333333332,4,13.333333333333334,5,16.666666666666664,4,13.333333333333334,6,20.0,4,13.333333333333334
265,True,3.2666666666666666,1.569146972791976,3.0,2.0,63.33333333333333,76.66666666666667,86.66666666666667,5,16.666666666666664,4,13.333333333333334,10,33.33333333333333,4,13.333333333333334,3,10.0,4,13.333333333333334,2.433333333333333,1.4761059883656353,2.0,2.0,80.0,86.66666666666667,96.66666666666667,12,40.0,4,13.333333333333334,8,26.666666666666668,2,6.666666666666667,3,10.0,1,3.3333333333333335,2.5,1.5652475842498528,2.0,2.0,76.66666666666667,86.66666666666667,93.33333333333333,12,40.0,4,13.333333333333334,7,23.333333333333332,3,10.0,2,6.666666666666667,2,6.666666666666667,2.7,1.5524174696260022,3.0,2.0,76.66666666666667,83.33333333333334,93.33333333333333,10,33.33333333333333,3,10.0,10,33.33333333333333,2,6.666666666666667,3,10.0,2,6.666666666666667
266,True,2.8666666666666667,1.4996295838935991,3.0,2.0,70.0,86.66666666666667,90.0,6,20.0,8,26.666666666666668,7,23.333333333333332,5,16.666666666666664,1,3.3333333333333335,3,10.0,2.2666666666666666,1.412641340027806,2.0,2.0,80.0,93.33333333333333,93.33333333333333,11,36.666666666666664,10,33.33333333333333,3,10.0,4,13.333333333333334,0,0.0,2,6.666666666666667,2.3333333333333335,1.5347819244295118,2.0,2.0,80.0,90.0,90.0,11,36.666666666666664,10,33.33333333333333,3,10.0,3,10.0,0,0.0,3,10.0,2.8,1.8147543451754935,2.0,2.75,73.33333333333333,80.0,80.0,9,30.0,8,26.666666666666668,5,16.666666666666664,2,6.666666666666667,0,0.0,6,20.0
267,True,2.6,1.4966629547095767,2.0,3.0,70.0,86.66666666666667,96.66666666666667,10,33.33333333333333,6,20.0,5,16.666666666666664,5,16.666666666666664,3,10.0,1,3.3333333333333335,2.5,1.6278820596099706,2.0,2.0,76.66666666666667,86.66666666666667,90.0,12,40.0,5,16.666666666666664,6,20.0,3,10.0,1,3.3333333333333335,3,10.0,2.5,1.5652475842498528,2.0,2.0,76.66666666666667,86.66666666666667,93.33333333333333,12,40.0,4,13.333333333333334,7,23.333333333333332,3,10.0,2,6.666666666666667,2,6.666666666666667,3.033333333333333,1.682920741515245,3.0,2.75,63.33333333333333,80.0,86.66666666666667,8,26.666666666666668,4,13.333333333333334,7,23.333333333333332,5,16.666666666666664,2,6.666666666666667,4,13.333333333333334
268,True,2.933333333333333,1.7113996870657915,3.0,2.75,66.66666666666666,83.33333333333334,83.33333333333334,8,26.666666666666668,6,20.0,6,20.0,5,16.666666666666664,0,0.0,5,16.666666666666664,2.6333333333333333,1.682920741515245,2.0,2.0,76.66666666666667,83.33333333333334,86.66666666666667,10,33.33333333333333,7,23.333333333333332,6,20.0,2,6.666666666666667,1,3.3333333333333335,4,13.333333333333334,2.7,1.6960738977611403,2.0,2.75,73.33333333333333,83.33333333333334,86.66666666666667,10,33.33333333333333,6,20.0,6,20.0,3,10.0,1,3.3333333333333335,4,13.333333333333334,2.8,1.7009801096230763,2.5,3.0,66.66666666666666,80.0,90.0,10,33.33333333333333,5,16.666666666666664,5,16.666666666666664,4,13.333333333333334,3,10.0,3,10.0
269,True,2.3,1.3203534880225574,2.0,2.0,83.33333333333334,93.33333333333333,96.66666666666667,11,36.666666666666664,7,23.333333333333332,7,23.333333333333332,3,10.0,1,3.3333333333333335,1,3.3333333333333335,2.2,1.2754084313139327,2.0,2.0,86.66666666666667,93.33333333333333,96.66666666666667,11,36.666666666666664,9,30.0,6,20.0,2,6.666666666666667,1,3.3333333333333335,1,3.3333333333333335,2.2,1.2754084313139327,2.0,2.0,86.66666666666667,93.33333333333333,96.66666666666667,11,36.666666666666664,9,30.0,6,20.0,2,6.666666666666667,1,3.3333333333333335,1,3.3333333333333335,2.533333333333333,1.6275407487644937,2.0,2.0,76.66666666666667,83.33333333333334,90.0,10,33.33333333333333,9,30.0,4,13.333333333333334,2,6.666666666666667,2,6.666666666666667,3,10.0
270,True,2.533333333333333,1.0873004286866728,2.0,1.0,83.33333333333334,96.66666666666667,96.66666666666667,4,13.333333333333334,13,43.333333333333336,8,26.666666666666668,4,13.333333333333334,0,0.0,1,3.3333333333333335,2.3,1.242309676905615,2.0,1.0,90.0,93.33333333333333,93.33333333333333,7,23.333333333333332,14,46.666666666666664,6,20.0,1,3.3333333333333335,0,0.0,2,6.666666666666667,2.4,1.2543258481484518,2.0,1.0,86.66666666666667,90.0,96.66666666666667,7,23.333333333333332,12,40.0,7,23.333333333333332,1,3.3333333333333335,2,6.666666666666667,1,3.3333333333333335,2.966666666666667,1.5807874268505835,3.0,1.75,73.33333333333333,80.0,86.66666666666667,5,16.666666666666664,9,30.0,8,26.666666666666668,2,6.666666666666667,2,6.666666666666667,4,13.333333333333334
271,True,2.9,1.535143858622594,3.0,2.0,63.33333333333333,83.33333333333334,93.33333333333333,7,23.333333333333332,7,23.333333333333332,5,16.666666666666664,6,20.0,3,10.0,2,6.666666666666667,2.3333333333333335,1.5129074290546958,2.0,2.0,76.66666666666667,90.0,93.33333333333333,12,40.0,8,26.666666666666668,3,10.0,4,13.333333333333334,1,3.3333333333333335,2,6.666666666666667,2.3666666666666667,1.5595583420386114,2.0,2.0,76.66666666666667,86.66666666666667,93.33333333333333,12,40.0,8,26.666666666666668,3,10.0,3,10.0,2,6.666666666666667,2,6.666666666666667,2.966666666666667,1.779200819344336,2.5,3.0,60.0,76.66666666666667,86.66666666666667,9,30.0,6,20.0,3,10.0,5,16.666666666666664,3,10.0,4,13.333333333333334
272,True,3.4,1.6041612554021285,3.0,3.0,60.0,66.66666666666666,86.66666666666667,3,10.0,8,26.666666666666668,7,23.333333333333332,2,6.666666666666667,6,20.0,4,13.333333333333334,2.7666666666666666,1.5849991237291656,2.0,1.75,73.33333333333333,80.0,90.0,6,20.0,12,40.0,4,13.333333333333334,2,6.666666666666667,3,10.0,3,10.0,2.8666666666666667,1.6069294390925266,2.0,1.75,73.33333333333333,76.66666666666667,90.0,6,20.0,10,33.33333333333333,6,20.0,1,3.3333333333333335,4,13.333333333333334,3,10.0,3.1,1.6196707484341788,2.5,2.0,63.33333333333333,76.66666666666667,86.66666666666667,4,13.333333333333334,11,36.666666666666664,4,13.333333333333334,4,13.333333333333334,3,10.0,4,13.333333333333334
273,True,2.533333333333333,1.4544949486180951,2.0,2.75,73.33333333333333,93.33333333333333,93.33333333333333,10,33.33333333333333,6,20.0,6,20.0,6,20.0,0,0.0,2,6.666666666666667,2.433333333333333,1.5638272140986533,2.0,2.0,76.66666666666667,86.66666666666667,93.33333333333333,12,40.0,6,20.0,5,16.666666666666664,3,10.0,2,6.666666666666667,2,6.666666666666667,2.533333333333333,1.564892612574067,2.0,2.75,73.33333333333333,86.66666666666667,93.33333333333333,11,36.666666666666664,6,20.0,5,16.666666666666664,4,13.333333333333334,2,6.666666666666667,2,6.666666666666667,2.933333333333333,1.730767331432956,3.0,3.0,63.33333333333333,80.0,86.66666666666667,9,30.0,5,16.666666666666664,5,16.666666666666664,5,16.666666666666664,2,6.666666666666667,4,13.333333333333334
274,True,2.7666666666666666,1.6468825769380833,2.0,2.75,70.0,80.0,90.0,8,26.666666666666668,9,30.0,4,13.333333333333334,3,10.0,3,10.0,3,10.0,2.2333333333333334,1.5849991237291654,2.0,1.75,83.33333333333334,86.66666666666667,90.0,13,43.333333333333336,9,30.0,3,10.0,1,3.3333333333333335,1,3.3333333333333335,3,10.0,2.3333333333333335,1.5776212754932308,2.0,2.0,76.66666666666667,86.66666666666667,93.33333333333333,13,43.333333333333336,7,23.333333333333332,3,10.0,3,10.0,2,6.666666666666667,2,6.666666666666667,3.1666666666666665,1.93362066830309,2.0,3.0,63.33333333333333,66.66666666666666,76.66666666666667,7,23.333333333333332,9,30.0,3,10.0,1,3.3333333333333335,3,10.0,7,23.333333333333332
275,True,3.3,1.6155494421403511,3.0,2.0,56.666666666666664,80.0,80.0,2,6.666666666666667,12,40.0,3,10.0,7,23.333333333333332,0,0.0,6,20.0,2.6666666666666665,1.4907119849998598,2.0,2.0,70.0,86.66666666666667,93.33333333333333,7,23.333333333333332,11,36.666666666666664,3,10.0,5,16.666666666666664,2,6.666666666666667,2,6.666666666666667,2.7,1.5088627063675035,2.0,2.0,70.0,83.33333333333334,93.33333333333333,6,20.0,13,43.333333333333336,2,6.666666666666667,4,13.333333333333334,3,10.0,2,6.666666666666667,3.0,1.5275252316519468,2.5,2.0,60.0,80.0,93.33333333333333,5,16.666666666666664,10,33.33333333333333,3,10.0,6,20.0,4,13.333333333333334,2,6.666666666666667
276,True,2.7666666666666666,1.4533486237727762,2.0,2.0,70.0,86.66666666666667,93.33333333333333,6,20.0,10,33.33333333333333,5,16.666666666666664,5,16.666666666666664,2,6.666666666666667,2,6.666666666666667,2.3666666666666667,1.7413277182145301,2.0,2.0,80.0,83.33333333333334,86.66666666666667,14,46.666666666666664,6,20.0,4,13.333333333333334,1,3.3333333333333335,1,3.3333333333333335,4,13.333333333333334,2.433333333333333,1.7259457954666158,2.0,2.0,80.0,83.33333333333334,86.66666666666667,13,43.333333333333336,6,20.0,5,16.666666666666664,1,3.3333333333333335,1,3.3333333333333335,4,13.333333333333334,2.8333333333333335,1.6749792701868151,2.5,3.0,66.66666666666666,80.0,90.0,9,30.0,6,20.0,5,16.666666666666664,4,13.333333333333334,3,10.0,3,10.0
277,True,2.7,1.7729448195962934,2.0,3.0,66.66666666666666,83.33333333333334,86.66666666666667,12,40.0,4,13.333333333333334,4,13.333333333333334,5,16.666666666666664,1,3.3333333333333335,4,13.333333333333334,2.1666666666666665,1.6749792701868151,1.0,1.75,83.33333333333334,83.33333333333334,90.0,16,53.333333333333336,6,20.0,3,10.0,0,0.0,2,6.666666666666667,3,10.0,2.2333333333333334,1.7259457954666158,1.5,1.75,83.33333333333334,83.33333333333334,86.66666666666667,15,50.0,7,23.333333333333332,3,10.0,0,0.0,1,3.3333333333333335,4,13.333333333333334,2.566666666666667,1.8381754238616317,2.0,2.75,73.33333333333333,76.66666666666667,86.66666666666667,13,43.333333333333336,6,20.0,3,10.0,1,3.3333333333333335,3,10.0,4,13.333333333333334
278,True,2.5,1.3102162671355697,2.5,2.75,73.33333333333333,93.33333333333333,100.0,10,33.33333333333333,5,16.666666666666664,7,23.333333333333332,6,20.0,2,6.666666666666667,0,0.0,2.566666666666667,1.7641491496532322,2.0,3.0,66.66666666666666,83.33333333333334,90.0,14,46.666666666666664,3,10.0,3,10.0,5,16.666666666666664,2,6.666666666666667,3,10.0,2.6,1.7435595774162695,2.0,3.0,66.66666666666666,83.33333333333334,90.0,13,43.333333333333336,4,13.333333333333334,3,10.0,5,16.666666666666664,2,6.666666666666667,3,10.0,3.1333333333333333,1.7269111795984826,3.0,2.75,56.666666666666664,76.66666666666667,86.66666666666667,8,26.666666666666668,4,13.333333333333334,5,16.666666666666664,6,20.0,3,10.0,4,13.333333333333334
279,True,2.7666666666666666,1.6058919293927871,2.0,1.75,73.33333333333333,80.0,90.0,7,23.333333333333332,10,33.33333333333333,5,16.666666666666664,2,6.666666666666667,3,10.0,3,10.0,2.433333333333333,1.5423647068345698,2.0,2.0,80.0,83.33333333333334,93.33333333333333,10,33.33333333333333,10,33.33333333333333,4,13.333333333333334,1,3.3333333333333335,3,10.0,2,6.666666666666667,2.433333333333333,1.498517786199268,2.0,2.0,76.66666666666667,83.33333333333334,96.66666666666667,10,33.33333333333333,10,33.33333333333333,3,10.0,2,6.666666666666667,4,13.333333333333334,1,3.3333333333333335,2.9,1.7767010628315238,2.0,4.0,66.66666666666666,70.0,90.0,9,30.0,7,23.333333333333332,4,13.333333333333334,1,3.3333333333333335,6,20.0,3,10.0
280,True,3.1333333333333333,1.627540748764494,3.0,2.75,56.666666666666664,80.0,90.0,8,26.666666666666668,2,6.666666666666667,7,23.333333333333332,7,23.333333333333332,3,10.0,3,10.0,2.2666666666666666,1.6519348924485155,1.5,2.0,80.0,86.66666666666667,90.0,15,50.0,5,16.666666666666664,4,13.333333333333334,2,6.666666666666667,1,3.3333333333333335,3,10.0,2.3333333333333335,1.6397831834998458,2.0,2.0,80.0,86.66666666666667,90.0,14,46.666666666666664,5,16.666666666666664,5,16.666666666666664,2,6.666666666666667,1,3.3333333333333335,3,10.0,3.2,1.92180470738661,3.0,4.0,60.0,66.66666666666666,80.0,9,30.0,4,13.333333333333334,5,16.666666666666664,2,6.666666666666667,4,13.333333333333334,6,20.0
281,True,3.0,1.390443574307614,3.0,2.0,63.33333333333333,90.0,93.33333333333333,6,20.0,4,13.333333333333334,9,30.0,8,26.666666666666668,1,3.3333333333333335,2,6.666666666666667,2.9,1.6603212540549697,3.0,2.75,66.66666666666666,83.33333333333334,86.66666666666667,8,26.666666666666668,6,20.0,6,20.0,5,16.666666666666664,1,3.3333333333333335,4,13.333333333333334,2.933333333333333,1.6110727964792766,3.0,2.0,70.0,83.33333333333334,86.66666666666667,7,23.333333333333332,6,20.0,8,26.666666666666668,4,13.333333333333334,1,3.3333333333333335,4,13.333333333333334,3.1666666666666665,1.7143187827498387,3.0,2.75,60.0,73.33333333333333,86.66666666666667,7,23.333333333333332,5,16.666666666666664,6,20.0,4,13.333333333333334,4,13.333333333333334,4,13.333333333333334
282,True,2.7,1.4410644214144859,3.0,2.5,73.33333333333333,90.0,93.33333333333333,8,26.666666666666668,6,20.0,8,26.666666666666668,5,16.666666666666664,1,3.3333333333333335,2,6.666666666666667,2.433333333333333,1.6669999666733315,2.0,2.75,73.33333333333333,86.66666666666667,90.0,13,43.333333333333336,6,20.0,3,10.0,4,13.333333333333334,1,3.3333333333333335,3,10.0,2.466666666666667,1.564892612574067,2.0,2.0,76.66666666666667,86.66666666666667,93.33333333333333,12,40.0,5,16.666666666666664,6,20.0,3,10.0,2,6.666666666666667,2,6.666666666666667,3.0,1.879716290649558,2.5,3.75,60.0,73.33333333333333,83.33333333333334,10,33.33333333333333,5,16.666666666666664,3,10.0,4,13.333333333333334,3,10.0,5,16.666666666666664
283,True,3.1333333333333333,1.586050300449376,3.0,2.75,60.0,73.33333333333333,93.33333333333333,6,20.0,6,20.0,6,20.0,4,13.333333333333334,6,20.0,2,6.666666666666667,2.5,1.7654083569153813,2.0,2.75,73.33333333333333,76.66666666666667,90.0,12,40.0,9,30.0,1,3.3333333333333335,1,3.3333333333333335,4,13.333333333333334,3,10.0,2.466666666666667,1.7269111795984826,2.0,2.0,76.66666666666667,83.33333333333334,86.66666666666667,12,40.0,8,26.666666666666668,3,10.0,2,6.666666666666667,1,3.3333333333333335,4,13.333333333333334,2.7666666666666666,1.8917951498216947,2.0,4.0,66.66666666666666,70.0,86.66666666666667,11,36.666666666666664,8,26.666666666666668,1,3.3333333333333335,1,3.3333333333333335,5,16.666666666666664,4,13.333333333333334
284,True,2.7,1.69607389776114,2.0,2.75,73.33333333333333,83.33333333333334,86.66666666666667,10,33.33333333333333,6,20.0,6,20.0,3,10.0,1,3.3333333333333335,4,13.333333333333334,2.1666666666666665,1.6346933113652302,1.0,1.75,76.66666666666667,90.0,90.0,16,53.333333333333336,6,20.0,1,3.3333333333333335,4,13.333333333333334,0,0.0,3,10.0,2.3333333333333335,1.4907119849998598,2.0,2.0,76.66666666666667,93.33333333333333,93.33333333333333,13,43.333333333333336,5,16.666666666666664,5,16.666666666666664,5,16.666666666666664,0,0.0,2,6.666666666666667,2.6333333333333333,1.7978382080215731,2.0,3.0,66.66666666666666,83.33333333333334,86.66666666666667,13,43.333333333333336,4,13.333333333333334,3,10.0,5,16.666666666666664,1,3.3333333333333335,4,13.333333333333334
285,True,2.8333333333333335,1.4851112939963642,3.0,1.75,73.33333333333333,86.66666666666667,90.0,6,20.0,8,26.666666666666668,8,26.666666666666668,4,13.333333333333334,1,3.3333333333333335,3,10.0,2.466666666666667,1.5434449203720302,2.0,2.0,76.66666666666667,86.66666666666667,93.33333333333333,11,36.666666666666664,7,23.333333333333332,5,16.666666666666664,3,10.0,2,6.666666666666667,2,6.666666666666667,2.6,1.6451950239004087,2.0,2.0,76.66666666666667,80.0,90.0,9,30.0,10,33.33333333333333,4,13.333333333333334,1,3.3333333333333335,3,10.0,3,10.0,3.066666666666667,1.8245242911205344,2.5,2.75,66.66666666666666,73.33333333333333,80.0,7,23.333333333333332,8,26.666666666666668,5,16.666666666666664,2,6.666666666666667,2,6.666666666666667,6,20.0
286,True,2.7666666666666666,1.3585122581543223,3.0,2.0,70.0,90.0,96.66666666666667,7,23.333333333333332,6,20.0,8,26.666666666666668,6,20.0,2,6.666666666666667,1,3.3333333333333335,2.4,1.5620499351813306,2.0,2.0,83.33333333333334,86.66666666666667,90.0,11,36.666666666666664,8,26.666666666666668,6,20.0,1,3.3333333333333335,1,3.3333333333333335,3,10.0,2.433333333333333,1.5205992970609392,2.0,2.0,80.0,86.66666666666667,93.33333333333333,11,36.666666666666664,7,23.333333333333332,6,20.0,2,6.666666666666667,2,6.666666666666667,2,6.666666666666667,3.3,1.8101565309847285,3.0,3.0,56.666666666666664,66.66666666666666,83.33333333333334,7,23.333333333333332,5,16.666666666666664,5,16.666666666666664,3,10.0,5,16.666666666666664,5,16.666666666666664
287,True,2.7,1.3699148392023013,2.5,2.0,70.0,90.0,96.66666666666667,7,23.333333333333332,8,26.666666666666668,6,20.0,6,20.0,2,6.666666666666667,1,3.3333333333333335,2.466666666666667,1.2310790208412925,2.0,1.0,83.33333333333334,93.33333333333333,96.66666666666667,7,23.333333333333332,10,33.33333333333333,8,26.666666666666668,3,10.0,1,3.3333333333333335,1,3.3333333333333335,2.6333333333333333,1.4940623220676648,2.0,1.0,80.0,86.66666666666667,90.0,7,23.333333333333332,10,33.33333333333333,7,23.333333333333332,2,6.666666666666667,1,3.3333333333333335,3,10.0,3.0,1.591644851508443,3.0,2.0,70.0,76.66666666666667,90.0,6,20.0,7,23.333333333333332,8,26.666666666666668,2,6.666666666666667,4,13.333333333333334,3,10.0
288,True,2.6666666666666665,1.5129074290546956,2.5,2.75,73.33333333333333,86.66666666666667,93.33333333333333,9,30.0,6,20.0,7,23.333333333333332,4,13.333333333333334,2,6.666666666666667,2,6.666666666666667,2.3666666666666667,1.7026123718829511,1.5,2.0,80.0,83.33333333333334,90.0,15,50.0,3,10.0,6,20.0,1,3.3333333333333335,2,6.666666666666667,3,10.0,2.466666666666667,1.7074997966487597,2.0,2.0,76.66666666666667,83.33333333333334,90.0,14,46.666666666666664,3,10.0,6,20.0,2,6.666666666666667,2,6.666666666666667,3,10.0,2.8,1.8147543451754935,3.0,3.0,70.0,76.66666666666667,86.66666666666667,12,40.0,2,6.666666666666667,7,23.333333333333332,2,6.666666666666667,3,10.0,4,13.333333333333334
289,True,2.6333333333333333,1.303414319734477,3.0,1.0,80.0,90.0,96.66666666666667,7,23.333333333333332,7,23.333333333333332,10,33.33333333333333,3,10.0,2,6.666666666666667,1,3.3333333333333335,2.2333333333333334,1.5849991237291654,2.0,2.0,86.66666666666667,86.66666666666667,90.0,14,46.666666666666664,6,20.0,6,20.0,0,0.0,1,3.3333333333333335,3,10.0,2.3,1.656301099840646,2.0,2.0,83.33333333333334,83.33333333333334,90.0,14,46.666666666666664,6,20.0,5,16.666666666666664,0,0.0,2,6.666666666666667,3,10.0,2.8333333333333335,1.808928473495351,2.5,2.75,73.33333333333333,76.66666666666667,83.33333333333334,10,33.33333333333333,5,16.666666666666664,7,23.333333333333332,1,3.3333333333333335,2,6.666666666666667,5,16.666666666666664
290,True,2.5,1.6683325008322931,2.0,2.0,76.66666666666667,86.66666666666667,86.66666666666667,11,36.666666666666664,8,26.666666666666668,4,13.333333333333334,3,10.0,0,0.0,4,13.333333333333334,2.0,1.4375905768565218,1.0,1.75,90.0,90.0,93.33333333333333,16,53.333333333333336,6,20.0,5,16.666666666666664,0,0.0,1,3.3333333333333335,2,6.666666666666667,2.0,1.3662601021279464,1.5,1.75,90.0,93.33333333333333,93.33333333333333,15,50.0,7,23.333333333333332,5,16.666666666666664,1,3.3333333333333335,0,0.0,2,6.666666666666667,2.2333333333333334,1.4533486237727762,2.0,2.0,83.33333333333334,86.66666666666667,96.66666666666667,13,43.333333333333336,7,23.333333333333332,5,16.666666666666664,1,3.3333333333333335,3,10.0,1,3.3333333333333335
291,True,3.1,1.491084616423003,3.0,2.0,63.33333333333333,80.0,93.33333333333333,6,20.0,4,13.333333333333334,9,30.0,5,16.666666666666664,4,13.333333333333334,2,6.666666666666667,2.7,1.7540429489230491,2.0,2.75,73.33333333333333,80.0,86.66666666666667,11,36.666666666666664,5,16.666666666666664,6,20.0,2,6.666666666666667,2,6.666666666666667,4,13.333333333333334,2.8,1.7204650534085255,3.0,2.75,73.33333333333333,80.0,86.66666666666667,10,33.33333333333333,4,13.333333333333334,8,26.666666666666668,2,6.666666666666667,2,6.666666666666667,4,13.333333333333334,3.3333333333333335,1.9550504398153574,3.0,4.0,60.0,63.33333333333333,76.66666666666667,9,30.0,2,6.666666666666667,7,23.333333333333332,1,3.3333333333333335,4,13.333333333333334,7,23.333333333333332
292,True,2.9,1.3988090172238192,2.5,1.75,73.33333333333333,86.66666666666667,90.0,3,10.0,12,40.0,7,23.333333333333332,4,13.333333333333334,1,3.3333333333333335,3,10.0,2.4,1.42828568570857,2.0,2.0,83.33333333333334,90.0,93.33333333333333,10,33.33333333333333,8,26.666666666666668,7,23.333333333333332,2,6.666666666666667,1,3.3333333333333335,2,6.666666666666667,2.433333333333333,1.430229196861662,2.0,2.0,86.66666666666667,86.66666666666667,93.33333333333333,9,30.0,9,30.0,8,26.666666666666668,0,0.0,2,6.666666666666667,2,6.666666666666667,2.533333333333333,1.4772346537440226,2.0,2.0,80.0,86.66666666666667,93.33333333333333,9,30.0,8,26.666666666666668,7,23.333333333333332,2,6.666666666666667,2,6.666666666666667,2,6.666666666666667
293,True,2.466666666666667,1.4079141387961918,2.0,1.75,80.0,90.0,93.33333333333333,8,26.666666666666668,11,36.666666666666664,5,16.666666666666664,3,10.0,1,3.3333333333333335,2,6.666666666666667,2.1,1.3503086067019396,2.0,1.0,86.66666666666667,93.33333333333333,93.33333333333333,12,40.0,11,36.666666666666664,3,10.0,2,6.666666666666667,0,0.0,2,6.666666666666667,2.1,1.1930353445448854,2.0,1.75,86.66666666666667,96.66666666666667,96.66666666666667,11,36.666666666666664,11,36.666666666666664,4,13.333333333333334,3,10.0,0,0.0,1,3.3333333333333335,2.966666666666667,1.8162843634433705,2.0,3.5,66.66666666666666,73.33333333333333,83.33333333333334,8,26.666666666666668,8,26.666666666666668,4,13.333333333333334,2,6.666666666666667,3,10.0,5,16.666666666666664
294,True,2.6,1.4047538337136984,2.0,2.5,73.33333333333333,93.33333333333333,93.33333333333333,8,26.666666666666668,8,26.666666666666668,6,20.0,6,20.0,0,0.0,2,6.666666666666667,2.5,1.6683325008322931,2.0,2.0,76.66666666666667,86.66666666666667,86.66666666666667,11,36.666666666666664,8,26.666666666666668,4,13.333333333333334,3,10.0,0,0.0,4,13.333333333333334,2.5,1.4776106839534333,2.0,2.0,76.66666666666667,90.0,93.33333333333333,10,33.33333333333333,7,23.333333333333332,6,20.0,4,13.333333333333334,1,3.3333333333333335,2,6.666666666666667,3.066666666666667,1.787611690372256,3.0,2.75,63.33333333333333,80.0,80.0,8,26.666666666666668,5,16.666666666666664,6,20.0,5,16.666666666666664,0,0.0,6,20.0
295,True,2.033333333333333,1.2242911781471306,1.5,2.0,90.0,93.33333333333333,100.0,15,50.0,4,13.333333333333334,8,26.666666666666668,1,3.3333333333333335,2,6.666666666666667,0,0.0,1.9,1.044030650891055,1.5,2.0,96.66666666666667,96.66666666666667,100.0,15,50.0,5,16.666666666666664,9,30.0,0,0.0,1,3.3333333333333335,0,0.0,2.1666666666666665,1.5293426329272617,1.5,2.0,86.66666666666667,86.66666666666667,93.33333333333333,15,50.0,5,16.666666666666664,6,20.0,0,0.0,2,6.666666666666667,2,6.666666666666667,2.3333333333333335,1.4452988925785866,2.0,2.0,86.66666666666667,90.0,93.33333333333333,12,40.0,5,16.666666666666664,9,30.0,1,3.3333333333333335,1,3.3333333333333335,2,6.666666666666667
296,True,2.566666666666667,1.6265163865007803,2.0,2.0,80.0,83.33333333333334,90.0,11,36.666666666666664,5,16.666666666666664,8,26.666666666666668,1,3.3333333333333335,2,6.666666666666667,3,10.0,2.1333333333333333,1.4772346537440226,1.0,2.0,80.0,90.0,96.66666666666667,16,53.333333333333336,4,13.333333333333334,4,13.333333333333334,3,10.0,2,6.666666666666667,1,3.3333333333333335,2.3,1.7349351572897471,1.0,2.0,76.66666666666667,83.33333333333334,90.0,16,53.333333333333336,4,13.333333333333334,3,10.0,2,6.666666666666667,2,6.666666666666667,3,10.0,2.433333333333333,1.6265163865007801,2.0,2.0,76.66666666666667,83.33333333333334,93.33333333333333,13,43.333333333333336,5,16.666666666666664,5,16.666666666666664,2,6.666666666666667,3,10.0,2,6.666666666666667
297,True,2.8,1.446835627614047,3.0,1.0,76.66666666666667,90.0,90.0,7,23.333333333333332,5,16.666666666666664,11,36.666666666666664,4,13.333333333333334,0,0.0,3,10.0,2.5,1.5864005379054391,2.0,2.0,80.0,86.66666666666667,90.0,11,36.666666666666664,6,20.0,7,23.333333333333332,2,6.666666666666667,1,3.3333333333333335,3,10.0,2.7,1.656301099840646,2.0,3.0,70.0,83.33333333333334,90.0,10,33.33333333333333,6,20.0,5,16.666666666666664,4,13.333333333333334,2,6.666666666666667,3,10.0,3.0,1.7320508075688772,3.0,2.75,63.33333333333333,76.66666666666667,86.66666666666667,8,26.666666666666668,6,20.0,5,16.666666666666664,4,13.333333333333334,3,10.0,4,13.333333333333334
298,True,3.1,1.445683229480096,3.0,2.0,63.33333333333333,83.33333333333334,93.33333333333333,6,20.0,3,10.0,10,33.33333333333333,6,20.0,3,10.0,2,6.666666666666667,2.6333333333333333,1.7026123718829513,2.0,3.0,70.0,83.33333333333334,90.0,12,40.0,4,13.333333333333334,5,16.666666666666664,4,13.333333333333334,2,6.666666666666667,3,10.0,2.6333333333333333,1.5807874268505835,2.5,2.0,76.66666666666667,86.66666666666667,90.0,10,33.33333333333333,5,16.666666666666664,8,26.666666666666668,3,10.0,1,3.3333333333333335,3,10.0,2.933333333333333,1.7876116903722563,3.0,3.0,63.33333333333333,76.66666666666667,86.66666666666667,10,33.33333333333333,4,13.333333333333334,5,16.666666666666664,4,13.333333333333334,3,10.0,4,13.333333333333334
299,True,3.2666666666666666,1.590248058916875,3.0,2.0,53.333333333333336,80.0,86.66666666666667,5,16.666666666666664,6,20.0,5,16.666666666666664,8,26.666666666666668,2,6.666666666666667,4,13.333333333333334,2.566666666666667,1.4761059883656353,2.0,2.75,73.33333333333333,90.0,93.33333333333333,9,30.0,8,26.666666666666668,5,16.666666666666664,5,16.666666666666664,1,3.3333333333333335,2,6.666666666666667,2.6666666666666665,1.6397831834998458,2.0,2.75,73.33333333333333,86.66666666666667,86.66666666666667,9,30.0,8,26.666666666666668,5,16.666666666666664,4,13.333333333333334,0,0.0,4,13.333333333333334,3.1333333333333333,1.4996295838935991,3.0,2.0,53.333333333333336,83.33333333333334,93.33333333333333,6,20.0,5,16.666666666666664,5,16.666666666666664,9,30.0,3,10.0,2,6.666666666666667
300,True,2.533333333333333,1.4996295838935993,2.0,2.0,80.0,90.0,90.0,9,30.0,8,26.666666666666668,7,23.333333333333332,3,10.0,0,0.0,3,10.0,2.3,1.4866068747318506,2.0,2.0,83.33333333333334,90.0,93.33333333333333,13,43.333333333333336,5,16.666666666666664,7,23.333333333333332,2,6.666666666666667,1,3.3333333333333335,2,6.666666666666667,2.3666666666666667,1.5162087220725546,2.0,2.0,80.0,90.0,93.33333333333333,13,43.333333333333336,4,13.333333333333334,7,23.333333333333332,3,10.0,1,3.3333333333333335,2,6.666666666666667,2.8,1.8511257835886428,2.0,3.0,63.33333333333333,76.66666666666667,86.66666666666667,12,40.0,4,13.333333333333334,3,10.0,4,13.333333333333334,3,10.0,4,13.333333333333334
301,True,2.433333333333333,1.5638272140986533,2.0,2.0,80.0,86.66666666666667,90.0,10,33.33333333333333,10,33.33333333333333,4,13.333333333333334,2,6.666666666666667,1,3.3333333333333335,3,10.0,2.2666666666666666,1.5040685563571303,2.0,1.75,83.33333333333334,90.0,90.0,11,36.666666666666664,11,36.666666666666664,3,10.0,2,6.666666666666667,0,0.0,3,10.0,2.4,1.4966629547095767,2.0,2.0,76.66666666666667,90.0,93.33333333333333,11,36.666666666666664,8,26.666666666666668,4,13.333333333333334,4,13.333333333333334,1,3.3333333333333335,2,6.666666666666667,2.3333333333333335,1.3498971154211057,2.0,2.0,76.66666666666667,93.33333333333333,96.66666666666667,10,33.33333333333333,10,33.33333333333333,3,10.0,5,16.666666666666664,1,3.3333333333333335,1,3.3333333333333335
302,True,3.066666666666667,1.6918103387266026,2.5,2.0,66.66666666666666,76.66666666666667,83.33333333333334,5,16.666666666666664,10,33.33333333333333,5,16.666666666666664,3,10.0,2,6.666666666666667,5,16.666666666666664,2.466666666666667,1.6069294390925266,2.0,2.75,73.33333333333333,83.33333333333334,93.33333333333333,11,36.666666666666664,9,30.0,2,6.666666666666667,3,10.0,3,10.0,2,6.666666666666667,2.533333333333333,1.7074997966487597,2.0,2.75,73.33333333333333,80.0,90.0,11,36.666666666666664,9,30.0,2,6.666666666666667,2,6.666666666666667,3,10.0,3,10.0,2.966666666666667,1.834545054108935,2.0,4.0,63.33333333333333,70.0,86.66666666666667,9,30.0,7,23.333333333333332,3,10.0,2,6.666666666666667,5,16.666666666666664,4,13.333333333333334
303,True,3.7,1.636052158907737,4.0,2.75,46.666666666666664,70.0,76.66666666666667,3,10.0,5,16.666666666666664,6,20.0,7,23.333333333333332,2,6.666666666666667,7,23.333333333333332,2.7666666666666666,1.5849991237291654,2.0,2.75,63.33333333333333,83.33333333333334,93.33333333333333,8,26.666666666666668,9,30.0,2,6.666666666666667,6,20.0,3,10.0,2,6.666666666666667,2.8,1.6411378166788229,2.0,2.75,63.33333333333333,83.33333333333334,90.0,8,26.666666666666668,9,30.0,2,6.666666666666667,6,20.0,2,6.666666666666667,3,10.0,3.2333333333333334,1.764149149653232,3.0,2.75,53.333333333333336,73.33333333333333,83.33333333333334,6,20.0,8,26.666666666666668,2,6.666666666666667,6,20.0,3,10.0,5,16.666666666666664
304,True,2.6666666666666665,1.5563490039905001,2.5,3.0,70.0,86.66666666666667,93.33333333333333,10,33.33333333333333,5,16.666666666666664,6,20.0,5,16.666666666666664,2,6.666666666666667,2,6.666666666666667,2.566666666666667,1.8199511592958264,2.0,2.75,73.33333333333333,83.33333333333334,83.33333333333334,13,43.333333333333336,5,16.666666666666664,4,13.333333333333334,3,10.0,0,0.0,5,16.666666666666664,2.8333333333333335,1.9163043135739746,2.0,3.0,66.66666666666666,76.66666666666667,80.0,11,36.666666666666664,6,20.0,3,10.0,3,10.0,1,3.3333333333333335,6,20.0,3.2,1.8147543451754935,3.0,2.75,56.666666666666664,76.66666666666667,80.0,8,26.666666666666668,4,13.333333333333334,5,16.666666666666664,6,20.0,1,3.3333333333333335,6,20.0
305,True,3.0,1.591644851508443,3.0,2.0,70.0,80.0,86.66666666666667,5,16.666666666666664,9,30.0,7,23.333333333333332,3,10.0,2,6.666666666666667,4,13.333333333333334,2.4,1.540562667772179,2.0,2.0,76.66666666666667,86.66666666666667,93.33333333333333,11,36.666666666666664,9,30.0,3,10.0,3,10.0,2,6.666666666666667,2,6.666666666666667,2.6,1.4966629547095767,2.0,2.75,70.0,83.33333333333334,96.66666666666667,8,26.666666666666668,11,36.666666666666664,2,6.666666666666667,4,13.333333333333334,4,13.333333333333334,1,3.3333333333333335,3.0,1.7320508075688772,2.0,2.0,60.0,76.66666666666667,86.66666666666667,7,23.333333333333332,9,30.0,2,6.666666666666667,5,16.666666666666664,3,10.0,4,13.333333333333334
306,True,3.066666666666667,1.7113996870657915,3.0,2.0,60.0,76.66666666666667,86.66666666666667,7,23.333333333333332,7,23.333333333333332,4,13.333333333333334,5,16.666666666666664,3,10.0,4,13.333333333333334,2.533333333333333,1.6679994670929073,2.0,2.0,76.66666666666667,80.0,90.0,10,33.33333333333333,10,33.33333333333333,3,10.0,1,3.3333333333333335,3,10.0,3,10.0,2.533333333333333,1.5434449203720302,2.0,2.0,76.66666666666667,83.33333333333334,93.33333333333333,9,30.0,10,33.33333333333333,4,13.333333333333334,2,6.666666666666667,3,10.0,2,6.666666666666667,2.6666666666666665,1.699673171197595,2.0,2.75,73.33333333333333,76.66666666666667,90.0,9,30.0,10,33.33333333333333,3,10.0,1,3.3333333333333335,4,13.333333333333334,3,10.0
307,True,2.7333333333333334,1.7113996870657915,2.0,2.5,73.33333333333333,83.33333333333334,83.33333333333334,8,26.666666666666668,10,33.33333333333333,4,13.333333333333334,3,10.0,0,0.0,5,16.666666666666664,2.2333333333333334,1.5638272140986533,2.0,2.0,80.0,86.66666666666667,93.33333333333333,14,46.666666666666664,7,23.333333333333332,3,10.0,2,6.666666666666667,2,6.666666666666667,2,6.666666666666667,2.3333333333333335,1.577621275493231,2.0,1.75,80.0,86.66666666666667,90.0,11,36.666666666666664,11,36.666666666666664,2,6.666666666666667,2,6.666666666666667,1,3.3333333333333335,3,10.0,2.7,1.5524174696260022,2.0,3.0,70.0,80.0,96.66666666666667,9,30.0,7,23.333333333333332,5,16.666666666666664,3,10.0,5,16.666666666666664,1,3.3333333333333335
308,True,3.066666666666667,1.5260697523012796,3.0,2.0,56.666666666666664,86.66666666666667,90.0,6,20.0,6,20.0,5,16.666666666666664,9,30.0,1,3.3333333333333335,3,10.0,2.6333333333333333,1.7220788470785988,2.0,3.0,70.0,83.33333333333334,86.66666666666667,10,33.33333333333333,9,30.0,2,6.666666666666667,4,13.333333333333334,1,3.3333333333333335,4,13.333333333333334,2.6333333333333333,1.6629959577688564,2.0,3.0,70.0,83.33333333333334,90.0,10,33.33333333333333,8,26.666666666666668,3,10.0,4,13.333333333333334,2,6.666666666666667,3,10.0,3.433333333333333,1.6058919293927874,3.5,2.0,50.0,76.66666666666667,83.33333333333334,4,13.333333333333334,6,20.0,5,16.666666666666664,8,26.666666666666668,2,6.666666666666667,5,16.666666666666664
309,True,3.1333333333333333,1.4772346537440226,3.0,2.0,60.0,80.0,93.33333333333333,5,16.666666666666664,6,20.0,7,23.333333333333332,6,20.0,4,13.333333333333334,2,6.666666666666667,2.7333333333333334,1.569146972791976,2.0,2.75,70.0,86.66666666666667,90.0,8,26.666666666666668,8,26.666666666666668,5,16.666666666666664,5,16.666666666666664,1,3.3333333333333335,3,10.0,2.9,1.7194960502038572,2.5,2.75,70.0,76.66666666666667,86.66666666666667,8,26.666666666666668,7,23.333333333333332,6,20.0,2,6.666666666666667,3,10.0,4,13.333333333333334,3.566666666666667,2.0278614899006846,4.0,4.75,46.666666666666664,60.0,70.0,8,26.666666666666668,4,13.333333333333334,2,6.666666666666667,4,13.333333333333334,3,10.0,9,30.0
310,True,2.8666666666666667,1.6069294390925268,2.0,2.0,70.0,83.33333333333334,86.66666666666667,6,20.0,10,33.33333333333333,5,16.666666666666664,4,13.333333333333334,1,3.3333333333333335,4,13.333333333333334,2.5,1.5652475842498528,2.0,2.0,80.0,86.66666666666667,90.0,10,33.33333333333333,8,26.666666666666668,6,20.0,2,6.666666666666667,1,3.3333333333333335,3,10.0,2.466666666666667,1.4772346537440226,2.0,2.0,76.66666666666667,90.0,93.33333333333333,10,33.33333333333333,8,26.666666666666668,5,16.666666666666664,4,13.333333333333334,1,3.3333333333333335,2,6.666666666666667,3.3,1.715614564327703,3.0,3.0,60.0,70.0,83.33333333333334,5,16.666666666666664,7,23.333333333333332,6,20.0,3,10.0,4,13.333333333333334,5,16.666666666666664
311,True,2.9,1.5132745950421556,3.0,1.0,76.66666666666667,86.66666666666667,86.66666666666667,6,20.0,6,20.0,11,36.666666666666664,3,10.0,0,0.0,4,13.333333333333334,2.3333333333333335,1.7191729277636836,2.0,2.0,80.0,80.0,90.0,14,46.666666666666664,7,23.333333333333332,3,10.0,0,0.0,3,10.0,3,10.0,2.3666666666666667,1.7413277182145301,2.0,2.0,76.66666666666667,80.0,90.0,14,46.666666666666664,7,23.333333333333332,2,6.666666666666667,1,3.3333333333333335,3,10.0,3,10.0,3.1333333333333333,1.9618585292749549,2.5,4.0,63.33333333333333,63.33333333333333,80.0,9,30.0,6,20.0,4,13.333333333333334,0,0.0,5,16.666666666666664,6,20.0
312,True,2.433333333333333,1.5849991237291654,2.0,2.75,73.33333333333333,86.66666666666667,93.33333333333333,12,40.0,7,23.333333333333332,3,10.0,4,13.333333333333334,2,6.666666666666667,2,6.666666666666667,2.2,1.758787461103056,1.0,1.75,76.66666666666667,86.66666666666667,86.66666666666667,17,56.666666666666664,5,16.666666666666664,1,3.3333333333333335,3,10.0,0,0.0,4,13.333333333333334,2.1666666666666665,1.4851112939963644,1.5,2.0,80.0,93.33333333333333,93.33333333333333,15,50.0,5,16.666666666666664,4,13.333333333333334,4,13.333333333333334,0,0.0,2,6.666666666666667,3.033333333333333,2.0245712852080286,2.5,4.5,63.33333333333333,73.33333333333333,73.33333333333333,11,36.666666666666664,4,13.333333333333334,4,13.333333333333334,3,10.0,0,0.0,8,26.666666666666668
313,True,2.6333333333333333,1.4940623220676648,2.0,1.0,80.0,86.66666666666667,90.0,7,23.333333333333332,10,33.33333333333333,7,23.333333333333332,2,6.666666666666667,1,3.3333333333333335,3,10.0,2.3666666666666667,1.6428295373802142,2.0,2.0,83.33333333333334,86.66666666666667,86.66666666666667,12,40.0,8,26.666666666666668,5,16.666666666666664,1,3.3333333333333335,0,0.0,4,13.333333333333334,2.433333333333333,1.6265163865007801,2.0,2.0,83.33333333333334,86.66666666666667,86.66666666666667,11,36.666666666666664,8,26.666666666666668,6,20.0,1,3.3333333333333335,0,0.0,4,13.333333333333334,3.1,1.972308292331602,3.0,4.0,63.33333333333333,70.0,76.66666666666667,10,33.33333333333333,4,13.333333333333334,5,16.666666666666664,2,6.666666666666667,2,6.666666666666667,7,23.333333333333332
314,True,2.8666666666666667,1.3840359661351131,3.0,1.75,73.33333333333333,86.66666666666667,93.33333333333333,5,16.666666666666664,8,26.666666666666668,9,30.0,4,13.333333333333334,2,6.666666666666667,2,6.666666666666667,2.5,1.8027756377319946,2.0,2.0,76.66666666666667,76.66666666666667,86.66666666666667,12,40.0,9,30.0,2,6.666666666666667,0,0.0,3,10.0,4,13.333333333333334,2.533333333333333,1.8024674446127702,2.0,2.0,76.66666666666667,76.66666666666667,86.66666666666667,12,40.0,8,26.666666666666668,3,10.0,0,0.0,3,10.0,4,13.333333333333334,2.933333333333333,1.7688665548562132,2.0,3.0,70.0,70.0,86.66666666666667,7,23.333333333333332,10,33.33333333333333,4,13.333333333333334,0,0.0,5,16.666666666666664,4,13.333333333333334
315,True,2.9,1.7578395831246947,3.0,3.0,70.0,80.0,83.33333333333334,9,30.0,5,16.666666666666664,7,23.333333333333332,3,10.0,1,3.3333333333333335,5,16.666666666666664,2.533333333333333,1.687865186822955,2.0,2.75,73.33333333333333,83.33333333333334,90.0,12,40.0,6,20.0,4,13.333333333333334,3,10.0,2,6.666666666666667,3,10.0,2.566666666666667,1.6669999666733317,2.0,2.75,73.33333333333333,83.33333333333334,90.0,11,36.666666666666664,7,23.333333333333332,4,13.333333333333334,3,10.0,2,6.666666666666667,3,10.0,2.7333333333333334,1.6719914938645934,2.0,3.0,70.0,76.66666666666667,93.33333333333333,10,33.33333333333333,6,20.0,5,16.666666666666664,2,6.666666666666667,5,16.666666666666664,2,6.666666666666667
316,True,2.966666666666667,1.5162087220725542,3.0,2.0,60.0,80.0,96.66666666666667,7,23.333333333333332,6,20.0,5,16.666666666666664,6,20.0,5,16.666666666666664,1,3.3333333333333335,2.566666666666667,1.4761059883656353,2.0,2.75,73.33333333333333,86.66666666666667,96.66666666666667,10,33.33333333333333,6,20.0,6,20.0,4,13.333333333333334,3,10.0,1,3.3333333333333335,2.6666666666666665,1.5776212754932308,2.0,3.0,70.0,80.0,96.66666666666667,10,33.33333333333333,6,20.0,5,16.666666666666664,3,10.0,5,16.666666666666664,1,3.3333333333333335,3.2666666666666666,1.7499206331208916,3.0,2.75,56.666666666666664,73.33333333333333,83.33333333333334,7,23.333333333333332,4,13.333333333333334,6,20.0,5,16.666666666666664,3,10.0,5,16.666666666666664
317,True,3.2333333333333334,1.4533486237727762,3.0,1.75,66.66666666666666,83.33333333333334,86.66666666666667,4,13.333333333333334,4,13.333333333333334,12,40.0,5,16.666666666666664,1,3.3333333333333335,4,13.333333333333334,2.7,1.5088627063675033,3.0,2.0,76.66666666666667,90.0,90.0,9,30.0,4,13.333333333333334,10,33.33333333333333,4,13.333333333333334,0,0.0,3,10.0,2.7333333333333334,1.412641340027806,3.0,1.75,76.66666666666667,90.0,93.33333333333333,8,26.666666666666668,4,13.333333333333334,11,36.666666666666664,4,13.333333333333334,1,3.3333333333333335,2,6.666666666666667,3.3333333333333335,1.885618083164127,3.0,4.25,60.0,73.33333333333333,73.33333333333333,8,26.666666666666668,2,6.666666666666667,8,26.666666666666668,4,13.333333333333334,0,0.0,8,26.666666666666668
318,True,2.6,1.624807680927192,2.0,2.0,76.66666666666667,83.33333333333334,90.0,10,33.33333333333333,7,23.333333333333332,6,20.0,2,6.666666666666667,2,6.666666666666667,3,10.0,2.2,1.7397317800933183,1.0,1.75,83.33333333333334,83.33333333333334,86.66666666666667,16,53.333333333333336,6,20.0,3,10.0,0,0.0,1,3.3333333333333335,4,13.333333333333334,2.1333333333333333,1.4996295838935991,2.0,1.75,86.66666666666667,86.66666666666667,93.33333333333333,14,46.666666666666664,8,26.666666666666668,4,13.333333333333334,0,0.0,2,6.666666666666667,2,6.666666666666667,2.6666666666666665,1.903213656482693,2.0,2.75,73.33333333333333,76.66666666666667,83.33333333333334,14,46.666666666666664,2,6.666666666666667,6,20.0,1,3.3333333333333335,2,6.666666666666667,5,16.666666666666664
319,True,3.2666666666666666,1.3888444437333107,3.0,1.75,73.33333333333333,83.33333333333334,83.33333333333334,1,3.3333333333333335,8,26.666666666666668,13,43.333333333333336,3,10.0,0,0.0,5,16.666666666666664,2.7,1.5947831618540917,2.0,1.0,76.66666666666667,80.0,90.0,7,23.333333333333332,11,36.666666666666664,5,16.666666666666664,1,3.3333333333333335,3,10.0,3,10.0,2.7666666666666666,1.5849991237291654,2.0,1.0,76.66666666666667,80.0,90.0,7,23.333333333333332,9,30.0,7,23.333333333333332,1,3.3333333333333335,3,10.0,3,10.0,3.1666666666666665,1.694763175851488,3.0,2.75,66.66666666666666,73.33333333333333,83.33333333333334,5,16.666666666666664,8,26.666666666666668,7,23.333333333333332,2,6.666666666666667,3,10.0,5,16.666666666666664
320,True,2.2333333333333334,1.174260996920569,2.0,2.0,86.66666666666667,96.66666666666667,96.66666666666667,9,30.0,11,36.666666666666664,6,20.0,3,10.0,0,0.0,1,3.3333333333333335,2.3333333333333335,1.7191729277636836,2.0,2.0,76.66666666666667,86.66666666666667,86.66666666666667,14,46.666666666666664,7,23.333333333333332,2,6.666666666666667,3,10.0,0,0.0,4,13.333333333333334,2.2,1.4,2.0,2.0,83.33333333333334,93.33333333333333,93.33333333333333,12,40.0,9,30.0,4,13.333333333333334,3,10.0,0,0.0,2,6.666666666666667,2.8666666666666667,1.746106780494506,2.0,2.75,70.0,80.0,83.33333333333334,8,26.666666666666668,8,26.666666666666668,5,16.666666666666664,3,10.0,1,3.3333333333333335,5,16.666666666666664
321,True,2.6333333333333333,1.53803626600791,2.0,2.0,76.66666666666667,83.33333333333334,93.33333333333333,9,30.0,7,23.333333333333332,7,23.333333333333332,2,6.666666666666667,3,10.0,2,6.666666666666667,2.2333333333333334,1.5205992970609392,1.5,2.0,80.0,86.66666666666667,96.66666666666667,15,50.0,4,13.333333333333334,5,16.666666666666664,2,6.666666666666667,3,10.0,1,3.3333333333333335,2.433333333333333,1.7065234314893605,2.0,2.0,76.66666666666667,83.33333333333334,90.0,14,46.666666666666664,4,13.333333333333334,5,16.666666666666664,2,6.666666666666667,2,6.666666666666667,3,10.0,2.966666666666667,1.9405039437103846,3.0,4.0,70.0,70.0,80.0,11,36.666666666666664,3,10.0,7,23.333333333333332,0,0.0,3,10.0,6,20.0
322,True,2.933333333333333,1.3888444437333107,2.0,2.0,63.33333333333333,86.66666666666667,93.33333333333333,3,10.0,13,43.333333333333336,3,10.0,7,23.333333333333332,2,6.666666666666667,2,6.666666666666667,2.6333333333333333,1.6224124698183944,2.0,2.5,73.33333333333333,86.66666666666667,86.66666666666667,8,26.666666666666668,11,36.666666666666664,3,10.0,4,13.333333333333334,0,0.0,4,13.333333333333334,2.7333333333333334,1.730767331432956,2.0,2.75,70.0,83.33333333333334,83.33333333333334,8,26.666666666666668,11,36.666666666666664,2,6.666666666666667,4,13.333333333333334,0,0.0,5,16.666666666666664,3.1666666666666665,1.674979270186815,3.0,2.0,56.666666666666664,80.0,83.33333333333334,5,16.666666666666664,9,30.0,3,10.0,7,23.333333333333332,1,3.3333333333333335,5,16.666666666666664
323,True,2.466666666666667,1.2036980056845192,2.0,1.0,86.66666666666667,90.0,96.66666666666667,5,16.666666666666664,14,46.666666666666664,7,23.333333333333332,1,3.3333333333333335,2,6.666666666666667,1,3.3333333333333335,2.433333333333333,1.5423647068345698,2.0,2.0,80.0,86.66666666666667,90.0,9,30.0,12,40.0,3,10.0,2,6.666666666666667,1,3.3333333333333335,3,10.0,2.566666666666667,1.6058919293927874,2.0,1.75,76.66666666666667,86.66666666666667,86.66666666666667,8,26.666666666666668,12,40.0,3,10.0,3,10.0,0,0.0,4,13.333333333333334,2.7,1.6155494421403511,2.0,1.0,76.66666666666667,83.33333333333334,86.66666666666667,7,23.333333333333332,11,36.666666666666664,5,16.666666666666664,2,6.666666666666667,1,3.3333333333333335,4,13.333333333333334
324,True,3.433333333333333,1.5849991237291654,3.0,2.5,60.0,73.33333333333333,83.33333333333334,4,13.333333333333334,4,13.333333333333334,10,33.33333333333333,4,13.333333333333334,3,10.0,5,16.666666666666664,2.6666666666666665,1.7575235101952091,2.0,2.75,73.33333333333333,80.0,86.66666666666667,11,36.666666666666664,6,20.0,5,16.666666666666664,2,6.666666666666667,2,6.666666666666667,4,13.333333333333334,2.7333333333333334,1.730767331432956,2.5,2.0,76.66666666666667,83.33333333333334,83.33333333333334,10,33.33333333333333,5,16.666666666666664,8,26.666666666666668,2,6.666666666666667,0,0.0,5,16.666666666666664,2.7,1.4410644214144859,3.0,2.5,73.33333333333333,90.0,93.33333333333333,8,26.666666666666668,6,20.0,8,26.666666666666668,5,16.666666666666664,1,3.3333333333333335,2,6.666666666666667
325,True,3.1333333333333333,1.521694961401777,3.0,2.0,63.33333333333333,80.0,90.0,5,16.666666666666664,6,20.0,8,26.666666666666668,5,16.666666666666664,3,10.0,3,10.0,2.6666666666666665,1.5776212754932308,2.0,1.75,76.66666666666667,83.33333333333334,90.0,8,26.666666666666668,9,30.0,6,20.0,2,6.666666666666667,2,6.666666666666667,3,10.0,2.6333333333333333,1.4255603186895398,2.0,1.0,80.0,86.66666666666667,93.33333333333333,7,23.333333333333332,9,30.0,8,26.666666666666668,2,6.666666666666667,2,6.666666666666667,2,6.666666666666667,3.3333333333333335,1.920648038785058,3.0,3.75,60.0,66.66666666666666,73.33333333333333,6,20.0,8,26.666666666666668,4,13.333333333333334,2,6.666666666666667,2,6.666666666666667,8,26.666666666666668
326,True,2.8333333333333335,1.416176385749867,3.0,2.0,66.66666666666666,90.0,93.33333333333333,6,20.0,8,26.666666666666668,6,20.0,7,23.333333333333332,1,3.3333333333333335,2,6.666666666666667,2.2666666666666666,1.4817407180595246,2.0,2.0,80.0,90.0,93.33333333333333,12,40.0,9,30.0,3,10.0,3,10.0,1,3.3333333333333335,2,6.666666666666667,2.4,1.6041612554021285,2.0,2.0,76.66666666666667,86.66666666666667,90.0,11,36.666666666666664,10,33.33333333333333,2,6.666666666666667,3,10.0,1,3.3333333333333335,3,10.0,2.8,1.7587874611030558,2.0,3.0,66.66666666666666,83.33333333333334,83.33333333333334,9,30.0,8,26.666666666666668,3,10.0,5,16.666666666666664,0,0.0,5,16.666666666666664
327,True,2.8,1.351542328847553,3.0,1.75,73.33333333333333,86.66666666666667,96.66666666666667,6,20.0,7,23.333333333333332,9,30.0,4,13.333333333333334,3,10.0,1,3.3333333333333335,2.4,1.380821011813865,2.0,1.75,83.33333333333334,90.0,93.33333333333333,8,26.666666666666668,12,40.0,5,16.666666666666664,2,6.666666666666667,1,3.3333333333333335,2,6.666666666666667,2.5,1.4317821063276353,2.0,1.0,83.33333333333334,90.0,90.0,7,23.333333333333332,12,40.0,6,20.0,2,6.666666666666667,0,0.0,3,10.0,3.1,1.7194960502038572,3.0,2.0,66.66666666666666,80.0,80.0,6,20.0,7,23.333333333333332,7,23.333333333333332,4,13.333333333333334,0,0.0,6,20.0
328,True,3.6,1.3316656236958786,4.0,1.0,46.666666666666664,80.0,86.66666666666667,1,3.3333333333333335,6,20.0,7,23.333333333333332,10,33.33333333333333,2,6.666666666666667,4,13.333333333333334,3.1333333333333333,1.586050300449376,3.0,2.0,60.0,80.0,86.66666666666667,4,13.333333333333334,10,33.33333333333333,4,13.333333333333334,6,20.0,2,6.666666666666667,4,13.333333333333334,3.2,1.5577761927397231,3.0,2.0,60.0,80.0,86.66666666666667,4,13.333333333333334,8,26.666666666666668,6,20.0,6,20.0,2,6.666666666666667,4,13.333333333333334,3.433333333333333,1.5849991237291654,3.0,3.0,53.333333333333336,70.0,86.66666666666667,3,10.0,8,26.666666666666668,5,16.666666666666664,5,16.666666666666664,5,16.666666666666664,4,13.333333333333334
329,True,3.033333333333333,1.4487542541400484,3.0,2.0,56.666666666666664,83.33333333333334,96.66666666666667,6,20.0,6,20.0,5,16.666666666666664,8,26.666666666666668,4,13.333333333333334,1,3.3333333333333335,2.566666666666667,1.6669999666733315,2.0,3.0,70.0,86.66666666666667,90.0,12,40.0,5,16.666666666666664,4,13.333333333333334,5,16.666666666666664,1,3.3333333333333335,3,10.0,2.7,1.7729448195962934,2.0,3.0,66.66666666666666,83.33333333333334,86.66666666666667,12,40.0,4,13.333333333333334,4,13.333333333333334,5,16.666666666666664,1,3.3333333333333335,4,13.333333333333334,3.033333333333333,1.9058389811897074,2.5,3.0,56.666666666666664,76.66666666666667,80.0,10,33.33333333333333,5,16.666666666666664,2,6.666666666666667,6,20.0,1,3.3333333333333335,6,20.0
330,True,3.033333333333333,1.6428295373802142,3.0,2.75,63.33333333333333,83.33333333333334,86.66666666666667,8,26.666666666666668,3,10.0,8,26.666666666666668,6,20.0,1,3.3333333333333335,4,13.333333333333334,2.466666666666667,1.7074997966487597,2.0,3.0,70.0,86.66666666666667,90.0,14,46.666666666666664,4,13.333333333333334,3,10.0,5,16.666666666666664,1,3.3333333333333335,3,10.0,2.6333333333333333,1.7413277182145301,2.0,2.75,73.33333333333333,83.33333333333334,86.66666666666667,12,40.0,4,13.333333333333334,6,20.0,3,10.0,1,3.3333333333333335,4,13.333333333333334,3.066666666666667,1.8061622912192086,3.0,3.0,60.0,76.66666666666667,83.33333333333334,9,30.0,4,13.333333333333334,5,16.666666666666664,5,16.666666666666664,2,6.666666666666667,5,16.666666666666664
331,True,2.533333333333333,1.3349989596333858,2.0,1.75,80.0,90.0,96.66666666666667,8,26.666666666666668,8,26.666666666666668,8,26.666666666666668,3,10.0,2,6.666666666666667,1,3.3333333333333335,2.3333333333333335,1.4220486005134363,2.0,2.0,80.0,93.33333333333333,93.33333333333333,11,36.666666666666664,8,26.666666666666668,5,16.666666666666664,4,13.333333333333334,0,0.0,2,6.666666666666667,2.4,1.42828568570857,2.0,1.75,86.66666666666667,90.0,90.0,8,26.666666666666668,12,40.0,6,20.0,1,3.3333333333333335,0,0.0,3,10.0,2.433333333333333,1.476105988365635,2.0,2.0,83.33333333333334,90.0,90.0,9,30.0,10,33.33333333333333,6,20.0,2,6.666666666666667,0,0.0,3,10.0
332,True,3.0,1.61245154965971,3.0,2.0,63.33333333333333,83.33333333333334,86.66666666666667,6,20.0,8,26.666666666666668,5,16.666666666666664,6,20.0,1,3.3333333333333335,4,13.333333333333334,2.5,1.5864005379054391,2.0,2.0,76.66666666666667,86.66666666666667,90.0,10,33.33333333333333,9,30.0,4,13.333333333333334,3,10.0,1,3.3333333333333335,3,10.0,2.566666666666667,1.430229196861662,2.0,1.75,76.66666666666667,90.0,93.33333333333333,8,26.666666666666668,9,30.0,6,20.0,4,13.333333333333334,1,3.3333333333333335,2,6.666666666666667,2.933333333333333,1.691810338726603,2.0,2.0,63.33333333333333,80.0,86.66666666666667,7,23.333333333333332,9,30.0,3,10.0,5,16.666666666666664,2,6.666666666666667,4,13.333333333333334
333,True,3.2,1.7776388834631178,3.0,2.75,63.33333333333333,73.33333333333333,80.0,6,20.0,7,23.333333333333332,6,20.0,3,10.0,2,6.666666666666667,6,20.0,2.5,1.5,2.0,2.75,73.33333333333333,90.0,93.33333333333333,10,33.33333333333333,8,26.666666666666668,4,13.333333333333334,5,16.666666666666664,1,3.3333333333333335,2,6.666666666666667,2.6666666666666665,1.5129074290546956,2.0,3.0,66.66666666666666,90.0,93.33333333333333,9,30.0,7,23.333333333333332,4,13.333333333333334,7,23.333333333333332,1,3.3333333333333335,2,6.666666666666667,2.8333333333333335,1.6549588783075213,2.0,2.75,66.66666666666666,80.0,90.0,8,26.666666666666668,8,26.666666666666668,4,13.333333333333334,4,13.333333333333334,3,10.0,3,10.0
334,True,3.1666666666666665,1.4395215254459457,3.0,2.0,53.333333333333336,86.66666666666667,93.33333333333333,6,20.0,3,10.0,7,23.333333333333332,10,33.33333333333333,2,6.666666666666667,2,6.666666666666667,2.7333333333333334,1.7499206331208916,3.0,3.0,70.0,83.33333333333334,86.66666666666667,12,40.0,2,6.666666666666667,7,23.333333333333332,4,13.333333333333334,1,3.3333333333333335,4,13.333333333333334,2.8666666666666667,1.80246744461277,3.0,3.0,63.33333333333333,80.0,86.66666666666667,12,40.0,1,3.3333333333333335,6,20.0,5,16.666666666666664,2,6.666666666666667,4,13.333333333333334,3.6,1.9078784028338915,3.5,4.0,50.0,66.66666666666666,70.0,7,23.333333333333332,2,6.666666666666667,6,20.0,5,16.666666666666664,1,3.3333333333333335,9,30.0
335,True,3.0,1.61245154965971,3.0,2.0,66.66666666666666,83.33333333333334,86.66666666666667,7,23.333333333333332,5,16.666666666666664,8,26.666666666666668,5,16.666666666666664,1,3.3333333333333335,4,13.333333333333334,2.533333333333333,1.4544949486180954,2.0,1.75,80.0,86.66666666666667,93.33333333333333,8,26.666666666666668,10,33.33333333333333,6,20.0,2,6.666666666666667,2,6.666666666666667,2,6.666666666666667,2.5,1.3354150416006754,2.0,1.75,80.0,90.0,96.66666666666667,8,26.666666666666668,9,30.0,7,23.333333333333332,3,10.0,2,6.666666666666667,1,3.3333333333333335,2.7666666666666666,1.4761059883656353,2.5,2.0,70.0,86.66666666666667,93.33333333333333,7,23.333333333333332,8,26.666666666666668,6,20.0,5,16.666666666666664,2,6.666666666666667,2,6.666666666666667
336,True,2.8666666666666667,1.4544949486180951,3.0,1.75,73.33333333333333,90.0,90.0,7,23.333333333333332,4,13.333333333333334,11,36.666666666666664,5,16.666666666666664,0,0.0,3,10.0,2.566666666666667,1.7829438827088444,2.0,2.75,73.33333333333333,80.0,86.66666666666667,12,40.0,7,23.333333333333332,3,10.0,2,6.666666666666667,2,6.666666666666667,4,13.333333333333334,2.6,1.7243356208503418,2.0,2.75,73.33333333333333,83.33333333333334,86.66666666666667,11,36.666666666666664,7,23.333333333333332,4,13.333333333333334,3,10.0,1,3.3333333333333335,4,13.333333333333334,2.8333333333333335,1.6141733350404335,3.0,3.0,70.0,83.33333333333334,90.0,9,30.0,4,13.333333333333334,8,26.666666666666668,4,13.333333333333334,2,6.666666666666667,3,10.0
337,True,3.033333333333333,1.3780017739062924,3.0,2.0,60.0,86.66666666666667,93.33333333333333,3,10.0,11,36.666666666666664,4,13.333333333333334,8,26.666666666666668,2,6.666666666666667,2,6.666666666666667,2.6333333333333333,1.7220788470785984,2.0,3.0,70.0,83.33333333333334,86.66666666666667,10,33.33333333333333,9,30.0,2,6.666666666666667,4,13.333333333333334,1,3.3333333333333335,4,13.333333333333334,2.7333333333333334,1.7113996870657915,2.0,3.0,66.66666666666666,80.0,90.0,10,33.33333333333333,7,23.333333333333332,3,10.0,4,13.333333333333334,3,10.0,3,10.0,3.1666666666666665,1.7527755766846542,3.0,2.75,53.333333333333336,73.33333333333333,86.66666666666667,7,23.333333333333332,7,23.333333333333332,2,6.666666666666667,6,20.0,4,13.333333333333334,4,13.333333333333334
338,True,3.3,1.4410644214144859,4.0,2.0,46.666666666666664,83.33333333333334,93.33333333333333,5,16.666666666666664,4,13.333333333333334,5,16.666666666666664,11,36.666666666666664,3,10.0,2,6.666666666666667,2.8666666666666667,1.7838784213679537,2.0,3.0,66.66666666666666,80.0,83.33333333333334,9,30.0,7,23.333333333333332,4,13.333333333333334,4,13.333333333333334,1,3.3333333333333335,5,16.666666666666664,3.0,1.7511900715418263,2.5,2.75,60.0,76.66666666666667,86.66666666666667,8,26.666666666666668,7,23.333333333333332,3,10.0,5,16.666666666666664,3,10.0,4,13.333333333333334,3.1333333333333333,1.765093639316497,3.0,2.75,60.0,76.66666666666667,83.33333333333334,8,26.666666666666668,4,13.333333333333334,6,20.0,5,16.666666666666664,2,6.666666666666667,5,16.666666666666664
339,True,3.1,1.7953644012660308,3.0,2.75,60.0,80.0,80.0,8,26.666666666666668,5,16.666666666666664,5,16.666666666666664,6,20.0,0,0.0,6,20.0,2.6333333333333333,1.7792008193443356,2.0,3.75,66.66666666666666,73.33333333333333,93.33333333333333,12,40.0,7,23.333333333333332,1,3.3333333333333335,2,6.666666666666667,6,20.0,2,6.666666666666667,2.8666666666666667,1.9275776393067947,2.0,3.75,63.33333333333333,73.33333333333333,83.33333333333334,12,40.0,4,13.333333333333334,3,10.0,3,10.0,3,10.0,5,16.666666666666664,2.7241379310344827,1.6378402878672988,2.0,3.0,65.51724137931035,75.86206896551724,96.55172413793103,9,31.03448275862069,8,27.586206896551722,2,6.896551724137931,3,10.344827586206897,6,20.689655172413794,1,3.4482758620689653
340,True,3.3,1.345362404707371,3.0,2.0,56.666666666666664,83.33333333333334,90.0,1,3.3333333333333335,10,33.33333333333333,6,20.0,8,26.666666666666668,2,6.666666666666667,3,10.0,2.8666666666666667,1.7269111795984824,2.0,2.75,70.0,76.66666666666667,86.66666666666667,8,26.666666666666668,8,26.666666666666668,5,16.666666666666664,2,6.666666666666667,3,10.0,4,13.333333333333334,2.933333333333333,1.7499206331208919,2.0,2.0,70.0,76.66666666666667,83.33333333333334,7,23.333333333333332,9,30.0,5,16.666666666666664,2,6.666666666666667,2,6.666666666666667,5,16.666666666666664,3.2333333333333334,1.5205992970609392,3.0,2.0,60.0,76.66666666666667,90.0,4,13.333333333333334,7,23.333333333333332,7,23.333333333333332,5,16.666666666666664,4,13.333333333333334,3,10.0
341,True,2.1666666666666665,1.097977939466707,2.0,2.0,96.66666666666667,96.66666666666667,96.66666666666667,10,33.33333333333333,8,26.666666666666668,11,36.666666666666664,0,0.0,0,0.0,1,3.3333333333333335,2.066666666666667,1.3399834161494522,2.0,1.75,90.0,93.33333333333333,93.33333333333333,13,43.333333333333336,9,30.0,5,16.666666666666664,1,3.3333333333333335,0,0.0,2,6.666666666666667,2.3666666666666667,1.7026123718829513,2.0,2.0,83.33333333333334,83.33333333333334,86.66666666666667,13,43.333333333333336,7,23.333333333333332,5,16.666666666666664,0,0.0,1,3.3333333333333335,4,13.333333333333334,2.566666666666667,1.5849991237291654,2.0,2.0,83.33333333333334,86.66666666666667,86.66666666666667,9,30.0,8,26.666666666666668,8,26.666666666666668,1,3.3333333333333335,0,0.0,4,13.333333333333334
342,True,2.7333333333333334,1.6110727964792761,2.0,2.5,73.33333333333333,86.66666666666667,86.66666666666667,8,26.666666666666668,8,26.666666666666668,6,20.0,4,13.333333333333334,0,0.0,4,13.333333333333334,2.3666666666666667,1.7792008193443358,2.0,2.0,83.33333333333334,83.33333333333334,83.33333333333334,14,46.666666666666664,6,20.0,5,16.666666666666664,0,0.0,0,0.0,5,16.666666666666664,2.3333333333333335,1.679947089113887,2.0,2.0,83.33333333333334,86.66666666666667,86.66666666666667,14,46.666666666666664,5,16.666666666666664,6,20.0,1,3.3333333333333335,0,0.0,4,13.333333333333334,2.6333333333333333,1.601735170231195,2.5,2.75,73.33333333333333,83.33333333333334,93.33333333333333,11,36.666666666666664,4,13.333333333333334,7,23.333333333333332,3,10.0,3,10.0,2,6.666666666666667
343,True,2.933333333333333,1.6918103387266028,3.0,1.75,76.66666666666667,80.0,83.33333333333334,8,26.666666666666668,4,13.333333333333334,11,36.666666666666664,1,3.3333333333333335,1,3.3333333333333335,5,16.666666666666664,2.3666666666666667,1.601735170231195,2.0,2.0,80.0,86.66666666666667,90.0,12,40.0,8,26.666666666666668,4,13.333333333333334,2,6.666666666666667,1,3.3333333333333335,3,10.0,2.4,1.540562667772179,2.0,2.0,83.33333333333334,90.0,90.0,12,40.0,5,16.666666666666664,8,26.666666666666668,2,6.666666666666667,0,0.0,3,10.0,2.7,1.7349351572897473,2.0,2.75,73.33333333333333,80.0,86.66666666666667,10,33.33333333333333,7,23.333333333333332,5,16.666666666666664,2,6.666666666666667,2,6.666666666666667,4,13.333333333333334
344,True,2.7666666666666666,1.686877457183999,2.0,1.0,76.66666666666667,80.0,83.33333333333334,6,20.0,13,43.333333333333336,4,13.333333333333334,1,3.3333333333333335,1,3.3333333333333335,5,16.666666666666664,2.3333333333333335,1.577621275493231,2.0,2.0,80.0,83.33333333333334,93.33333333333333,12,40.0,9,30.0,3,10.0,1,3.3333333333333335,3,10.0,2,6.666666666666667,2.5,1.707825127659933,2.0,2.0,76.66666666666667,83.33333333333334,86.66666666666667,11,36.666666666666664,9,30.0,3,10.0,2,6.666666666666667,1,3.3333333333333335,4,13.333333333333334,2.8666666666666667,1.8208667044996885,2.0,3.0,66.66666666666666,76.66666666666667,83.33333333333334,9,30.0,8,26.666666666666668,3,10.0,3,10.0,2,6.666666666666667,5,16.666666666666664
345,True,3.066666666666667,1.5260697523012794,3.0,1.75,73.33333333333333,80.0,86.66666666666667,4,13.333333333333334,8,26.666666666666668,10,33.33333333333333,2,6.666666666666667,2,6.666666666666667,4,13.333333333333334,2.466666666666667,1.2310790208412925,2.0,1.0,83.33333333333334,93.33333333333333,96.66666666666667,7,23.333333333333332,10,33.33333333333333,8,26.666666666666668,3,10.0,1,3.3333333333333335,1,3.3333333333333335,2.566666666666667,1.3085190950927015,2.5,1.0,83.33333333333334,93.33333333333333,93.33333333333333,7,23.333333333333332,8,26.666666666666668,10,33.33333333333333,3,10.0,0,0.0,2,6.666666666666667,2.933333333333333,1.5260697523012796,3.0,2.0,70.0,83.33333333333334,90.0,6,20.0,7,23.333333333333332,8,26.666666666666668,4,13.333333333333334,2,6.666666666666667,3,10.0
346,True,3.033333333333333,1.682920741515245,3.0,1.75,73.33333333333333,76.66666666666667,83.33333333333334,6,20.0,7,23.333333333333332,9,30.0,1,3.3333333333333335,2,6.666666666666667,5,16.666666666666664,2.6666666666666665,1.5986105077709065,2.0,2.0,76.66666666666667,83.33333333333334,90.0,9,30.0,7,23.333333333333332,7,23.333333333333332,2,6.666666666666667,2,6.666666666666667,3,10.0,2.7333333333333334,1.569146972791976,2.0,1.0,76.66666666666667,86.66666666666667,86.66666666666667,7,23.333333333333332,9,30.0,7,23.333333333333332,3,10.0,0,0.0,4,13.333333333333334,3.066666666666667,1.6918103387266026,3.0,2.0,66.66666666666666,80.0,83.33333333333334,7,23.333333333333332,5,16.666666666666664,8,26.666666666666668,4,13.333333333333334,1,3.3333333333333335,5,16.666666666666664
347,True,2.5,1.3601470508735443,2.0,2.0,80.0,90.0,96.66666666666667,9,30.0,7,23.333333333333332,8,26.666666666666668,3,10.0,2,6.666666666666667,1,3.3333333333333335,2.2666666666666666,1.5040685563571303,2.0,2.0,83.33333333333334,90.0,93.33333333333333,14,46.666666666666664,4,13.333333333333334,7,23.333333333333332,2,6.666666666666667,1,3.3333333333333335,2,6.666666666666667,2.433333333333333,1.5638272140986533,2.0,2.0,80.0,86.66666666666667,93.33333333333333,13,43.333333333333336,3,10.0,8,26.666666666666668,2,6.666666666666667,2,6.666666666666667,2,6.666666666666667,2.6333333333333333,1.5807874268505835,2.5,2.0,76.66666666666667,86.66666666666667,90.0,10,33.33333333333333,5,16.666666666666664,8,26.666666666666668,3,10.0,1,3.3333333333333335,3,10.0
348,True,2.966666666666667,1.6224124698183944,3.0,2.75,70.0,83.33333333333334,86.66666666666667,8,26.666666666666668,3,10.0,10,33.33333333333333,4,13.333333333333334,1,3.3333333333333335,4,13.333333333333334,2.5,1.7272328544042153,2.0,2.0,80.0,83.33333333333334,86.66666666666667,13,43.333333333333336,4,13.333333333333334,7,23.333333333333332,1,3.3333333333333335,1,3.3333333333333335,4,13.333333333333334,2.533333333333333,1.687865186822955,2.0,2.0,76.66666666666667,86.66666666666667,86.66666666666667,12,40.0,5,16.666666666666664,6,20.0,3,10.0,0,0.0,4,13.333333333333334,3.066666666666667,1.7876116903722563,3.0,2.75,70.0,76.66666666666667,80.0,8,26.666666666666668,4,13.333333333333334,9,30.0,2,6.666666666666667,1,3.3333333333333335,6,20.0
349,True,2.5,1.3601470508735443,2.5,2.0,83.33333333333334,93.33333333333333,93.33333333333333,9,30.0,6,20.0,10,33.33333333333333,3,10.0,0,0.0,2,6.666666666666667,2.3,1.6155494421403513,2.0,2.0,76.66666666666667,90.0,90.0,14,46.666666666666664,6,20.0,3,10.0,4,13.333333333333334,0,0.0,3,10.0,2.433333333333333,1.6265163865007801,2.0,2.0,76.66666666666667,86.66666666666667,90.0,12,40.0,7,23.333333333333332,4,13.333333333333334,3,10.0,1,3.3333333333333335,3,10.0,3.1666666666666665,2.082999973329066,2.0,5.0,56.666666666666664,70.0,70.0,10,33.33333333333333,6,20.0,1,3.3333333333333335,4,13.333333333333334,0,0.0,9,30.0
350,True,2.8,1.351542328847553,3.0,1.75,73.33333333333333,90.0,93.33333333333333,5,16.666666666666664,9,30.0,8,26.666666666666668,5,16.666666666666664,1,3.3333333333333335,2,6.666666666666667,2.5,1.5652475842498528,2.0,2.0,76.66666666666667,83.33333333333334,93.33333333333333,10,33.33333333333333,9,30.0,4,13.333333333333334,2,6.666666666666667,3,10.0,2,6.666666666666667,2.6333333333333333,1.6224124698183944,2.0,2.75,73.33333333333333,83.33333333333334,90.0,9,30.0,9,30.0,4,13.333333333333334,3,10.0,2,6.666666666666667,3,10.0,2.6666666666666665,1.4452988925785866,2.0,2.75,70.0,86.66666666666667,96.66666666666667,8,26.666666666666668,8,26.666666666666668,5,16.666666666666664,5,16.666666666666664,3,10.0,1,3.3333333333333335
351,True,3.1333333333333333,1.687865186822955,3.0,2.0,60.0,80.0,83.33333333333334,6,20.0,7,23.333333333333332,5,16.666666666666664,6,20.0,1,3.3333333333333335,5,16.666666666666664,2.533333333333333,1.7269111795984826,2.0,3.0,66.66666666666666,83.33333333333334,90.0,12,40.0,8,26.666666666666668,0,0.0,5,16.666666666666664,2,6.666666666666667,3,10.0,2.566666666666667,1.7259457954666158,2.0,3.0,66.66666666666666,83.33333333333334,90.0,12,40.0,7,23.333333333333332,1,3.3333333333333335,5,16.666666666666664,2,6.666666666666667,3,10.0,2.8333333333333335,1.8811934746029948,2.0,3.0,63.33333333333333,76.66666666666667,83.33333333333334,11,36.666666666666664,6,20.0,2,6.666666666666667,4,13.333333333333334,2,6.666666666666667,5,16.666666666666664
352,True,3.1,1.7194960502038572,3.0,1.75,73.33333333333333,76.66666666666667,80.0,6,20.0,6,20.0,10,33.33333333333333,1,3.3333333333333335,1,3.3333333333333335,6,20.0,2.533333333333333,1.687865186822955,2.0,2.0,83.33333333333334,83.33333333333334,86.66666666666667,12,40.0,4,13.333333333333334,9,30.0,0,0.0,1,3.3333333333333335,4,13.333333333333334,2.5,1.5864005379054391,2.0,2.0,80.0,86.66666666666667,90.0,11,36.666666666666664,6,20.0,7,23.333333333333332,2,6.666666666666667,1,3.3333333333333335,3,10.0,2.8333333333333335,1.674979270186815,3.0,3.0,70.0,80.0,90.0,10,33.33333333333333,3,10.0,8,26.666666666666668,3,10.0,3,10.0,3,10.0
353,True,2.2,1.4696938456699067,2.0,2.0,90.0,90.0,90.0,12,40.0,9,30.0,6,20.0,0,0.0,0,0.0,3,10.0,1.9666666666666666,1.3780017739062924,2.0,1.0,90.0,90.0,93.33333333333333,14,46.666666666666664,11,36.666666666666664,2,6.666666666666667,0,0.0,1,3.3333333333333335,2,6.666666666666667,2.066666666666667,1.4360439485692011,2.0,1.0,83.33333333333334,90.0,93.33333333333333,13,43.333333333333336,12,40.0,0,0.0,2,6.666666666666667,1,3.3333333333333335,2,6.666666666666667,2.2666666666666666,1.5477582354991866,2.0,1.0,83.33333333333334,86.66666666666667,90.0,11,36.666666666666664,12,40.0,2,6.666666666666667,1,3.3333333333333335,1,3.3333333333333335,3,10.0
354,True,3.1666666666666665,1.7336538165261124,3.0,2.0,63.33333333333333,80.0,80.0,7,23.333333333333332,4,13.333333333333334,8,26.666666666666668,5,16.666666666666664,0,0.0,6,20.0,2.566666666666667,1.7641491496532322,2.0,2.0,76.66666666666667,80.0,86.66666666666667,12,40.0,6,20.0,5,16.666666666666664,1,3.3333333333333335,2,6.666666666666667,4,13.333333333333334,2.7333333333333334,1.8785337071473829,2.0,3.0,70.0,76.66666666666667,83.33333333333334,12,40.0,5,16.666666666666664,4,13.333333333333334,2,6.666666666666667,2,6.666666666666667,5,16.666666666666664,3.066666666666667,1.8245242911205344,3.0,3.75,63.33333333333333,73.33333333333333,83.33333333333334,9,30.0,4,13.333333333333334,6,20.0,3,10.0,3,10.0,5,16.666666666666664
355,True,2.933333333333333,1.4590712418826193,3.0,1.0,76.66666666666667,83.33333333333334,90.0,5,16.666666666666664,7,23.333333333333332,11,36.666666666666664,2,6.666666666666667,2,6.666666666666667,3,10.0,2.466666666666667,1.564892612574067,2.0,2.0,83.33333333333334,86.66666666666667,90.0,11,36.666666666666664,6,20.0,8,26.666666666666668,1,3.3333333333333335,1,3.3333333333333335,3,10.0,2.566666666666667,1.6468825769380833,2.0,2.0,83.33333333333334,83.33333333333334,86.66666666666667,10,33.33333333333333,7,23.333333333333332,8,26.666666666666668,0,0.0,1,3.3333333333333335,4,13.333333333333334,2.7666666666666666,1.498517786199268,3.0,1.75,76.66666666666667,83.33333333333334,93.33333333333333,8,26.666666666666668,5,16.666666666666664,10,33.33333333333333,2,6.666666666666667,3,10.0,2,6.666666666666667
356,True,3.2666666666666666,1.6719914938645934,3.0,2.0,60.0,76.66666666666667,83.33333333333334,6,20.0,4,13.333333333333334,8,26.666666666666668,5,16.666666666666664,2,6.666666666666667,5,16.666666666666664,2.6333333333333333,1.7792008193443356,2.0,3.0,70.0,80.0,86.66666666666667,11,36.666666666666664,8,26.666666666666668,2,6.666666666666667,3,10.0,2,6.666666666666667,4,13.333333333333334,2.6,1.4966629547095764,2.5,2.75,73.33333333333333,90.0,93.33333333333333,10,33.33333333333333,5,16.666666666666664,7,23.333333333333332,5,16.666666666666664,1,3.3333333333333335,2,6.666666666666667,3.1666666666666665,1.7904065335994377,3.0,3.75,56.666666666666664,70.0,86.66666666666667,8,26.666666666666668,5,16.666666666666664,4,13.333333333333334,4,13.333333333333334,5,16.666666666666664,4,13.333333333333334
357,True,3.066666666666667,1.8061622912192088,3.0,2.75,66.66666666666666,76.66666666666667,80.0,8,26.666666666666668,5,16.666666666666664,7,23.333333333333332,3,10.0,1,3.3333333333333335,6,20.0,2.533333333333333,1.80246744461277,2.0,2.0,76.66666666666667,83.33333333333334,83.33333333333334,13,43.333333333333336,5,16.666666666666664,5,16.666666666666664,2,6.666666666666667,0,0.0,5,16.666666666666664,2.6666666666666665,1.8135294011647258,2.0,2.75,73.33333333333333,80.0,83.33333333333334,11,36.666666666666664,7,23.333333333333332,4,13.333333333333334,2,6.666666666666667,1,3.3333333333333335,5,16.666666666666664,2.8,1.758787461103056,2.5,3.0,66.66666666666666,76.66666666666667,90.0,11,36.666666666666664,4,13.333333333333334,5,16.666666666666664,3,10.0,4,13.333333333333334,3,10.0
358,True,2.6333333333333333,1.5595583420386114,2.0,1.0,83.33333333333334,83.33333333333334,86.66666666666667,6,20.0,13,43.333333333333336,6,20.0,0,0.0,1,3.3333333333333335,4,13.333333333333334,2.2333333333333334,1.4302291968616625,2.0,1.75,90.0,90.0,90.0,10,33.33333333333333,12,40.0,5,16.666666666666664,0,0.0,0,0.0,3,10.0,2.2666666666666666,1.412641340027806,2.0,1.75,83.33333333333334,90.0,93.33333333333333,10,33.33333333333333,12,40.0,3,10.0,2,6.666666666666667,1,3.3333333333333335,2,6.666666666666667,2.6,1.5832456116050557,2.0,1.0,83.33333333333334,83.33333333333334,86.66666666666667,7,23.333333333333332,12,40.0,6,20.0,0,0.0,1,3.3333333333333335,4,13.333333333333334
359,True,3.033333333333333,1.6017351702311953,3.0,2.0,66.66666666666666,80.0,86.66666666666667,5,16.666666666666664,9,30.0,6,20.0,4,13.333333333333334,2,6.666666666666667,4,13.333333333333334,2.6666666666666665,1.6996731711975948,2.0,3.0,70.0,80.0,90.0,10,33.33333333333333,8,26.666666666666668,3,10.0,3,10.0,3,10.0,3,10.0,2.9,1.7767010628315238,2.0,2.75,70.0,76.66666666666667,83.33333333333334,8,26.666666666666668,8,26.666666666666668,5,16.666666666666664,2,6.666666666666667,2,6.666666666666667,5,16.666666666666664,3.1,1.73877351409933,2.5,3.0,56.666666666666664,70.0,90.0,7,23.333333333333332,8,26.666666666666668,2,6.666666666666667,4,13.333333333333334,6,20.0,3,10.0
360,True,2.466666666666667,1.309792180292567,2.0,1.75,83.33333333333334,90.0,96.66666666666667,8,26.666666666666668,9,30.0,8,26.666666666666668,2,6.666666666666667,2,6.666666666666667,1,3.3333333333333335,2.2666666666666666,1.3148721948877347,2.0,2.0,83.33333333333334,93.33333333333333,96.66666666666667,11,36.666666666666664,8,26.666666666666668,6,20.0,3,10.0,1,3.3333333333333335,1,3.3333333333333335,2.433333333333333,1.5205992970609392,2.0,2.0,80.0,90.0,90.0,10,33.33333333333333,9,30.0,5,16.666666666666664,3,10.0,0,0.0,3,10.0,2.5,1.52206000757745,2.0,2.0,76.66666666666667,86.66666666666667,93.33333333333333,10,33.33333333333333,8,26.666666666666668,5,16.666666666666664,3,10.0,2,6.666666666666667,2,6.666666666666667
361,True,2.2333333333333334,1.174260996920569,2.0,2.0,80.0,96.66666666666667,100.0,10,33.33333333333333,10,33.33333333333333,4,13.333333333333334,5,16.666666666666664,1,3.3333333333333335,0,0.0,2.066666666666667,1.569146972791976,1.5,1.0,86.66666666666667,86.66666666666667,90.0,15,50.0,9,30.0,2,6.666666666666667,0,0.0,1,3.3333333333333335,3,10.0,2.066666666666667,1.569146972791976,1.5,1.0,86.66666666666667,86.66666666666667,90.0,15,50.0,9,30.0,2,6.666666666666667,0,0.0,1,3.3333333333333335,3,10.0,2.533333333333333,1.7269111795984824,2.0,2.75,73.33333333333333,83.33333333333334,86.66666666666667,11,36.666666666666664,9,30.0,2,6.666666666666667,3,10.0,1,3.3333333333333335,4,13.333333333333334
362,True,3.0,1.7511900715418263,2.5,2.0,66.66666666666666,76.66666666666667,83.33333333333334,7,23.333333333333332,8,26.666666666666668,5,16.666666666666664,3,10.0,2,6.666666666666667,5,16.666666666666664,2.5,1.707825127659933,2.0,3.0,70.0,83.33333333333334,90.0,12,40.0,8,26.666666666666668,1,3.3333333333333335,4,13.333333333333334,2,6.666666666666667,3,10.0,2.533333333333333,1.6478942792411033,2.0,2.0,76.66666666666667,83.33333333333334,90.0,11,36.666666666666664,7,23.333333333333332,5,16.666666666666664,2,6.666666666666667,2,6.666666666666667,3,10.0,3.1666666666666665,1.8089284734953512,2.5,2.75,53.333333333333336,73.33333333333333,83.33333333333334,7,23.333333333333332,8,26.666666666666668,1,3.3333333333333335,6,20.0,3,10.0,5,16.666666666666664
363,True,3.2,1.4696938456699067,3.0,2.0,56.666666666666664,83.33333333333334,90.0,4,13.333333333333334,7,23.333333333333332,6,20.0,8,26.666666666666668,2,6.666666666666667,3,10.0,2.7,1.3940349110884325,2.5,2.0,70.0,93.33333333333333,93.33333333333333,7,23.333333333333332,8,26.666666666666668,6,20.0,7,23.333333333333332,0,0.0,2,6.666666666666667,2.7333333333333334,1.4360439485692011,2.5,2.0,70.0,90.0,93.33333333333333,7,23.333333333333332,8,26.666666666666668,6,20.0,6,20.0,1,3.3333333333333335,2,6.666666666666667,3.2666666666666666,1.4360439485692011,3.0,2.0,53.333333333333336,80.0,93.33333333333333,4,13.333333333333334,6,20.0,6,20.0,8,26.666666666666668,4,13.333333333333334,2,6.666666666666667
364,True,2.8666666666666667,1.4772346537440226,2.5,2.0,70.0,86.66666666666667,90.0,5,16.666666666666664,10,33.33333333333333,6,20.0,5,16.666666666666664,1,3.3333333333333335,3,10.0,2.533333333333333,1.4313940369055926,2.0,2.5,73.33333333333333,86.66666666666667,96.66666666666667,8,26.666666666666668,11,36.666666666666664,3,10.0,4,13.333333333333334,3,10.0,1,3.3333333333333335,2.566666666666667,1.453348623772776,2.0,2.75,70.0,86.66666666666667,96.66666666666667,8,26.666666666666668,11,36.666666666666664,2,6.666666666666667,5,16.666666666666664,3,10.0,1,3.3333333333333335,2.8666666666666667,1.6679994670929073,2.0,2.0,70.0,80.0,86.66666666666667,7,23.333333333333332,9,30.0,5,16.666666666666664,3,10.0,2,6.666666666666667,4,13.333333333333334
365,True,2.7,1.46401275039985,2.5,2.75,70.0,90.0,93.33333333333333,8,26.666666666666668,7,23.333333333333332,6,20.0,6,20.0,1,3.3333333333333335,2,6.666666666666667,2.566666666666667,1.8562207723101138,2.0,2.0,76.66666666666667,80.0,80.0,11,36.666666666666664,10,33.33333333333333,2,6.666666666666667,1,3.3333333333333335,0,0.0,6,20.0,2.6,1.7048949136725895,2.0,2.75,73.33333333333333,83.33333333333334,86.66666666666667,10,33.33333333333333,9,30.0,3,10.0,3,10.0,1,3.3333333333333335,4,13.333333333333334,3.1666666666666665,1.7336538165261124,3.0,2.75,63.33333333333333,73.33333333333333,83.33333333333334,6,20.0,7,23.333333333333332,6,20.0,3,10.0,3,10.0,5,16.666666666666664
366,True,2.7,1.46401275039985,2.5,1.0,76.66666666666667,90.0,90.0,7,23.333333333333332,8,26.666666666666668,8,26.666666666666668,4,13.333333333333334,0,0.0,3,10.0,2.2666666666666666,1.4590712418826193,2.0,2.0,80.0,93.33333333333333,93.33333333333333,13,43.333333333333336,6,20.0,5,16.666666666666664,4,13.333333333333334,0,0.0,2,6.666666666666667,2.3333333333333335,1.5347819244295118,2.0,2.0,76.66666666666667,90.0,93.33333333333333,13,43.333333333333336,6,20.0,4,13.333333333333334,4,13.333333333333334,1,3.3333333333333335,2,6.666666666666667,2.7666666666666666,1.6468825769380833,2.0,3.0,66.66666666666666,83.33333333333334,90.0,9,30.0,7,23.333333333333332,4,13.333333333333334,5,16.666666666666664,2,6.666666666666667,3,10.0
367,True,2.7,1.508862706367503,2.5,2.5,73.33333333333333,90.0,90.0,8,26.666666666666668,7,23.333333333333332,7,23.333333333333332,5,16.666666666666664,0,0.0,3,10.0,2.3,1.5524174696260022,2.0,2.0,80.0,86.66666666666667,93.33333333333333,13,43.333333333333336,7,23.333333333333332,4,13.333333333333334,2,6.666666666666667,2,6.666666666666667,2,6.666666666666667,2.3333333333333335,1.4907119849998598,2.0,2.0,80.0,90.0,93.33333333333333,12,40.0,7,23.333333333333332,5,16.666666666666664,3,10.0,1,3.3333333333333335,2,6.666666666666667,2.566666666666667,1.4533486237727762,2.0,3.0,70.0,90.0,96.66666666666667,10,33.33333333333333,6,20.0,5,16.666666666666664,6,20.0,2,6.666666666666667,1,3.3333333333333335
368,True,2.933333333333333,1.3148721948877347,3.0,2.0,70.0,93.33333333333333,93.33333333333333,6,20.0,3,10.0,12,40.0,7,23.333333333333332,0,0.0,2,6.666666666666667,2.6666666666666665,1.4907119849998598,3.0,2.0,80.0,90.0,90.0,9,30.0,4,13.333333333333334,11,36.666666666666664,3,10.0,0,0.0,3,10.0,2.7666666666666666,1.5849991237291654,3.0,2.0,76.66666666666667,83.33333333333334,90.0,9,30.0,4,13.333333333333334,10,33.33333333333333,2,6.666666666666667,2,6.666666666666667,3,10.0,3.1333333333333333,1.6069294390925268,3.0,2.0,63.33333333333333,76.66666666666667,90.0,7,23.333333333333332,3,10.0,9,30.0,4,13.333333333333334,4,13.333333333333334,3,10.0
369,True,2.7333333333333334,1.5040685563571303,2.0,1.0,76.66666666666667,83.33333333333334,90.0,5,16.666666666666664,13,43.333333333333336,5,16.666666666666664,2,6.666666666666667,2,6.666666666666667,3,10.0,2.566666666666667,1.8199511592958264,2.0,2.75,73.33333333333333,76.66666666666667,86.66666666666667,12,40.0,8,26.666666666666668,2,6.666666666666667,1,3.3333333333333335,3,10.0,4,13.333333333333334,2.566666666666667,1.7065234314893603,2.0,2.0,76.66666666666667,80.0,86.66666666666667,9,30.0,12,40.0,2,6.666666666666667,1,3.3333333333333335,2,6.666666666666667,4,13.333333333333334,2.9,1.619670748434179,2.0,2.0,70.0,76.66666666666667,90.0,6,20.0,10,33.33333333333333,5,16.666666666666664,2,6.666666666666667,4,13.333333333333334,3,10.0
370,True,2.7,1.4866068747318506,3.0,2.0,76.66666666666667,86.66666666666667,93.33333333333333,9,30.0,4,13.333333333333334,10,33.33333333333333,3,10.0,2,6.666666666666667,2,6.666666666666667,2.6,1.7048949136725895,2.0,2.0,80.0,80.0,86.66666666666667,10,33.33333333333333,8,26.666666666666668,6,20.0,0,0.0,2,6.666666666666667,4,13.333333333333334,2.6666666666666665,1.679947089113887,2.0,2.75,73.33333333333333,80.0,90.0,10,33.33333333333333,7,23.333333333333332,5,16.666666666666664,2,6.666666666666667,3,10.0,3,10.0,3.2,1.758787461103056,3.0,3.0,70.0,70.0,80.0,5,16.666666666666664,8,26.666666666666668,8,26.666666666666668,0,0.0,3,10.0,6,20.0
371,True,2.933333333333333,1.3888444437333107,3.0,2.0,66.66666666666666,90.0,93.33333333333333,6,20.0,5,16.666666666666664,9,30.0,7,23.333333333333332,1,3.3333333333333335,2,6.666666666666667,2.8333333333333335,1.6749792701868151,3.0,3.0,63.33333333333333,83.33333333333334,90.0,10,33.33333333333333,4,13.333333333333334,5,16.666666666666664,6,20.0,2,6.666666666666667,3,10.0,2.8,1.6206994374857624,3.0,3.0,66.66666666666666,86.66666666666667,90.0,10,33.33333333333333,3,10.0,7,23.333333333333332,6,20.0,1,3.3333333333333335,3,10.0,3.3,1.656301099840646,3.0,2.0,60.0,76.66666666666667,83.33333333333334,6,20.0,3,10.0,9,30.0,5,16.666666666666664,2,6.666666666666667,5,16.666666666666664
372,True,2.6,1.518771433319269,2.0,1.75,80.0,86.66666666666667,90.0,8,26.666666666666668,9,30.0,7,23.333333333333332,2,6.666666666666667,1,3.3333333333333335,3,10.0,2.433333333333333,1.7451520150277897,2.0,2.75,73.33333333333333,80.0,90.0,13,43.333333333333336,8,26.666666666666668,1,3.3333333333333335,2,6.666666666666667,3,10.0,3,10.0,2.433333333333333,1.5849991237291652,2.0,2.0,80.0,86.66666666666667,90.0,11,36.666666666666664,8,26.666666666666668,5,16.666666666666664,2,6.666666666666667,1,3.3333333333333335,3,10.0,2.8333333333333335,1.7143187827498387,2.0,2.5,73.33333333333333,76.66666666666667,86.66666666666667,8,26.666666666666668,8,26.666666666666668,6,20.0,1,3.3333333333333335,3,10.0,4,13.333333333333334
373,True,2.8,1.446835627614047,3.0,1.0,76.66666666666667,90.0,90.0,7,23.333333333333332,5,16.666666666666664,11,36.666666666666664,4,13.333333333333334,0,0.0,3,10.0,2.4,1.518771433319269,2.0,2.0,83.33333333333334,90.0,90.0,11,36.666666666666664,7,23.333333333333332,7,23.333333333333332,2,6.666666666666667,0,0.0,3,10.0,2.533333333333333,1.564892612574067,2.0,2.0,76.66666666666667,90.0,90.0,11,36.666666666666664,5,16.666666666666664,7,23.333333333333332,4,13.333333333333334,0,0.0,3,10.0,2.6666666666666665,1.679947089113887,2.0,2.0,76.66666666666667,83.33333333333334,86.66666666666667,10,33.33333333333333,6,20.0,7,23.333333333333332,2,6.666666666666667,1,3.3333333333333335,4,13.333333333333334
374,True,3.0,1.6532795690182993,3.0,2.0,70.0,83.33333333333334,83.33333333333334,7,23.333333333333332,5,16.666666666666664,9,30.0,4,13.333333333333334,0,0.0,5,16.666666666666664,2.2666666666666666,1.569146972791976,2.0,2.0,80.0,86.66666666666667,93.33333333333333,14,46.666666666666664,6,20.0,4,13.333333333333334,2,6.666666666666667,2,6.666666666666667,2,6.666666666666667,2.566666666666667,1.7451520150277902,2.0,3.0,70.0,86.66666666666667,86.66666666666667,13,43.333333333333336,4,13.333333333333334,4,13.333333333333334,5,16.666666666666664,0,0.0,4,13.333333333333334,2.8,1.851125783588643,2.0,3.0,70.0,76.66666666666667,83.33333333333334,11,36.666666666666664,5,16.666666666666664,5,16.666666666666664,2,6.666666666666667,2,6.666666666666667,5,16.666666666666664
375,True,2.2,1.222020185321557,2.0,1.5,93.33333333333333,93.33333333333333,93.33333333333333,8,26.666666666666668,14,46.666666666666664,6,20.0,0,0.0,0,0.0,2,6.666666666666667,2.066666666666667,1.3399834161494522,2.0,1.0,86.66666666666667,93.33333333333333,93.33333333333333,12,40.0,12,40.0,2,6.666666666666667,2,6.666666666666667,0,0.0,2,6.666666666666667,2.0,1.1547005383792515,2.0,1.0,90.0,96.66666666666667,96.66666666666667,12,40.0,11,36.666666666666664,4,13.333333333333334,2,6.666666666666667,0,0.0,1,3.3333333333333335,2.2333333333333334,1.2565384549980507,2.0,1.75,83.33333333333334,93.33333333333333,96.66666666666667,9,30.0,13,43.333333333333336,3,10.0,3,10.0,1,3.3333333333333335,1,3.3333333333333335
376,True,2.9,1.535143858622594,3.0,2.75,66.66666666666666,83.33333333333334,93.33333333333333,8,26.666666666666668,4,13.333333333333334,8,26.666666666666668,5,16.666666666666664,3,10.0,2,6.666666666666667,2.4,1.6041612554021285,2.0,2.0,80.0,86.66666666666667,90.0,12,40.0,7,23.333333333333332,5,16.666666666666664,2,6.666666666666667,1,3.3333333333333335,3,10.0,2.5,1.7272328544042153,2.0,2.0,76.66666666666667,83.33333333333334,86.66666666666667,12,40.0,7,23.333333333333332,4,13.333333333333334,2,6.666666666666667,1,3.3333333333333335,4,13.333333333333334,2.7666666666666666,1.7451520150277897,2.0,3.0,70.0,80.0,86.66666666666667,10,33.33333333333333,6,20.0,5,16.666666666666664,3,10.0,2,6.666666666666667,4,13.333333333333334
377,True,2.8666666666666667,1.586050300449376,2.0,2.0,70.0,83.33333333333334,86.66666666666667,5,16.666666666666664,12,40.0,4,13.333333333333334,4,13.333333333333334,1,3.3333333333333335,4,13.333333333333334,2.433333333333333,1.6058919293927874,2.0,2.0,76.66666666666667,86.66666666666667,90.0,11,36.666666666666664,9,30.0,3,10.0,3,10.0,1,3.3333333333333335,3,10.0,2.6,1.6451950239004087,2.0,3.0,70.0,80.0,93.33333333333333,10,33.33333333333333,9,30.0,2,6.666666666666667,3,10.0,4,13.333333333333334,2,6.666666666666667,2.533333333333333,1.564892612574067,2.0,3.0,70.0,86.66666666666667,93.33333333333333,10,33.33333333333333,9,30.0,2,6.666666666666667,5,16.666666666666664,2,6.666666666666667,2,6.666666666666667
378,True,2.566666666666667,1.5849991237291654,2.0,3.0,66.66666666666666,90.0,93.33333333333333,12,40.0,4,13.333333333333334,4,13.333333333333334,7,23.333333333333332,1,3.3333333333333335,2,6.666666666666667,2.1333333333333333,1.7269111795984824,1.0,1.75,80.0,83.33333333333334,90.0,18,60.0,4,13.333333333333334,2,6.666666666666667,1,3.3333333333333335,2,6.666666666666667,3,10.0,2.2333333333333334,1.8199511592958264,1.0,2.0,76.66666666666667,83.33333333333334,86.66666666666667,18,60.0,3,10.0,2,6.666666666666667,2,6.666666666666667,1,3.3333333333333335,4,13.333333333333334,2.7666666666666666,1.891795149821695,2.0,3.75,63.33333333333333,73.33333333333333,86.66666666666667,12,40.0,6,20.0,1,3.3333333333333335,3,10.0,4,13.333333333333334,4,13.333333333333334
379,True,2.6333333333333333,1.7603661235347856,2.0,2.0,80.0,80.0,83.33333333333334,10,33.33333333333333,8,26.666666666666668,6,20.0,0,0.0,1,3.3333333333333335,5,16.666666666666664,2.1666666666666665,1.6141733350404335,1.5,1.75,83.33333333333334,86.66666666666667,90.0,15,50.0,7,23.333333333333332,3,10.0,1,3.3333333333333335,1,3.3333333333333335,3,10.0,2.3333333333333335,1.8135294011647258,1.5,2.0,80.0,83.33333333333334,83.33333333333334,15,50.0,6,20.0,3,10.0,1,3.3333333333333335,0,0.0,5,16.666666666666664,2.3,1.5307950004273378,2.0,2.0,80.0,83.33333333333334,96.66666666666667,13,43.333333333333336,7,23.333333333333332,4,13.333333333333334,1,3.3333333333333335,4,13.333333333333334,1,3.3333333333333335
380,True,2.6333333333333333,1.3780017739062926,2.5,1.0,83.33333333333334,83.33333333333334,96.66666666666667,7,23.333333333333332,8,26.666666666666668,10,33.33333333333333,0,0.0,4,13.333333333333334,1,3.3333333333333335,2.566666666666667,1.6669999666733315,2.0,2.0,80.0,83.33333333333334,86.66666666666667,10,33.33333333333333,8,26.666666666666668,6,20.0,1,3.3333333333333335,1,3.3333333333333335,4,13.333333333333334,2.7,1.6960738977611403,2.0,2.0,76.66666666666667,80.0,86.66666666666667,9,30.0,8,26.666666666666668,6,20.0,1,3.3333333333333335,2,6.666666666666667,4,13.333333333333334,2.9,1.7194960502038572,2.0,3.5,66.66666666666666,73.33333333333333,90.0,8,26.666666666666668,8,26.666666666666668,4,13.333333333333334,2,6.666666666666667,5,16.666666666666664,3,10.0
381,True,3.1666666666666665,1.7336538165261124,3.0,2.75,56.666666666666664,80.0,83.33333333333334,8,26.666666666666668,3,10.0,6,20.0,7,23.333333333333332,1,3.3333333333333335,5,16.666666666666664,2.7,1.5737428845483834,2.5,3.0,66.66666666666666,86.66666666666667,93.33333333333333,10,33.33333333333333,5,16.666666666666664,5,16.666666666666664,6,20.0,2,6.666666666666667,2,6.666666666666667,2.8666666666666667,1.746106780494506,3.0,3.0,66.66666666666666,80.0,86.66666666666667,10,33.33333333333333,4,13.333333333333334,6,20.0,4,13.333333333333334,2,6.666666666666667,4,13.333333333333334,2.8333333333333335,1.5293426329272615,3.0,3.0,63.33333333333333,83.33333333333334,96.66666666666667,9,30.0,4,13.333333333333334,6,20.0,6,20.0,4,13.333333333333334,1,3.3333333333333335
382,True,2.8333333333333335,1.4624940645653535,2.5,2.0,66.66666666666666,86.66666666666667,93.33333333333333,6,20.0,9,30.0,5,16.666666666666664,6,20.0,2,6.666666666666667,2,6.666666666666667,2.4,1.6852299546352716,2.0,2.75,73.33333333333333,80.0,93.33333333333333,13,43.333333333333336,8,26.666666666666668,1,3.3333333333333335,2,6.666666666666667,4,13.333333333333334,2,6.666666666666667,2.4,1.5187714333192688,2.0,2.75,73.33333333333333,86.66666666666667,96.66666666666667,12,40.0,7,23.333333333333332,3,10.0,4,13.333333333333334,3,10.0,1,3.3333333333333335,3.033333333333333,1.9405039437103846,2.5,4.0,56.666666666666664,70.0,83.33333333333334,11,36.666666666666664,4,13.333333333333334,2,6.666666666666667,4,13.333333333333334,4,13.333333333333334,5,16.666666666666664
383,True,2.2,1.3759844960366863,2.0,2.0,90.0,93.33333333333333,93.33333333333333,13,43.333333333333336,5,16.666666666666664,9,30.0,1,3.3333333333333335,0,0.0,2,6.666666666666667,2.1333333333333333,1.564892612574067,1.5,1.75,83.33333333333334,90.0,90.0,15,50.0,7,23.333333333333332,3,10.0,2,6.666666666666667,0,0.0,3,10.0,2.1333333333333333,1.564892612574067,1.5,1.75,83.33333333333334,90.0,90.0,15,50.0,7,23.333333333333332,3,10.0,2,6.666666666666667,0,0.0,3,10.0,2.533333333333333,1.80246744461277,2.0,2.0,76.66666666666667,83.33333333333334,83.33333333333334,13,43.333333333333336,5,16.666666666666664,5,16.666666666666664,2,6.666666666666667,0,0.0,5,16.666666666666664
384,True,2.8,1.4922019523732928,3.0,2.0,70.0,90.0,90.0,7,23.333333333333332,7,23.333333333333332,7,23.333333333333332,6,20.0,0,0.0,3,10.0,2.466666666666667,1.4772346537440226,2.0,2.0,76.66666666666667,90.0,93.33333333333333,10,33.33333333333333,8,26.666666666666668,5,16.666666666666664,4,13.333333333333334,1,3.3333333333333335,2,6.666666666666667,2.6,1.5832456116050557,2.0,2.75,73.33333333333333,86.66666666666667,90.0,9,30.0,9,30.0,4,13.333333333333334,4,13.333333333333334,1,3.3333333333333335,3,10.0,2.8,1.446835627614047,3.0,2.0,66.66666666666666,90.0,93.33333333333333,7,23.333333333333332,7,23.333333333333332,6,20.0,7,23.333333333333332,1,3.3333333333333335,2,6.666666666666667
385,True,3.3,1.46401275039985,3.0,2.0,56.666666666666664,80.0,90.0,4,13.333333333333334,5,16.666666666666664,8,26.666666666666668,7,23.333333333333332,3,10.0,3,10.0,2.6666666666666665,1.776388345929897,2.0,3.0,66.66666666666666,83.33333333333334,86.66666666666667,12,40.0,5,16.666666666666664,3,10.0,5,16.666666666666664,1,3.3333333333333335,4,13.333333333333334,2.8666666666666667,1.80246744461277,2.5,3.0,66.66666666666666,80.0,83.33333333333334,10,33.33333333333333,5,16.666666666666664,5,16.666666666666664,4,13.333333333333334,1,3.3333333333333335,5,16.666666666666664,2.966666666666667,1.6224124698183944,3.0,2.0,63.33333333333333,80.0,90.0,7,23.333333333333332,7,23.333333333333332,5,16.666666666666664,5,16.666666666666664,3,10.0,3,10.0
386,True,2.933333333333333,1.4590712418826193,3.0,2.0,66.66666666666666,90.0,90.0,6,20.0,6,20.0,8,26.666666666666668,7,23.333333333333332,0,0.0,3,10.0,2.6333333333333333,1.471582670309608,2.5,2.75,73.33333333333333,90.0,93.33333333333333,9,30.0,6,20.0,7,23.333333333333332,5,16.666666666666664,1,3.3333333333333335,2,6.666666666666667,2.6333333333333333,1.3780017739062924,3.0,3.0,70.0,93.33333333333333,96.66666666666667,9,30.0,5,16.666666666666664,7,23.333333333333332,7,23.333333333333332,1,3.3333333333333335,1,3.3333333333333335,2.966666666666667,1.5807874268505835,3.0,2.0,63.33333333333333,83.33333333333334,90.0,7,23.333333333333332,6,20.0,6,20.0,6,20.0,2,6.666666666666667,3,10.0
387,True,2.1333333333333333,1.1469767022723505,2.0,1.0,86.66666666666667,96.66666666666667,96.66666666666667,9,30.0,14,46.666666666666664,3,10.0,3,10.0,0,0.0,1,3.3333333333333335,2.1,1.3503086067019396,2.0,1.0,83.33333333333334,90.0,96.66666666666667,12,40.0,12,40.0,1,3.3333333333333335,2,6.666666666666667,2,6.666666666666667,1,3.3333333333333335,2.2333333333333334,1.5423647068345696,2.0,1.0,83.33333333333334,83.33333333333334,93.33333333333333,12,40.0,11,36.666666666666664,2,6.666666666666667,0,0.0,3,10.0,2,6.666666666666667,2.8,1.8147543451754935,2.0,3.0,70.0,76.66666666666667,83.33333333333334,9,30.0,9,30.0,3,10.0,2,6.666666666666667,2,6.666666666666667,5,16.666666666666664
388,True,3.1333333333333333,1.6478942792411035,3.0,2.0,70.0,80.0,83.33333333333334,7,23.333333333333332,2,6.666666666666667,12,40.0,3,10.0,1,3.3333333333333335,5,16.666666666666664,2.433333333333333,1.5849991237291654,2.0,2.0,76.66666666666667,86.66666666666667,93.33333333333333,13,43.333333333333336,4,13.333333333333334,6,20.0,3,10.0,2,6.666666666666667,2,6.666666666666667,2.6,1.7048949136725895,2.0,2.75,73.33333333333333,86.66666666666667,86.66666666666667,12,40.0,4,13.333333333333334,6,20.0,4,13.333333333333334,0,0.0,4,13.333333333333334,2.8666666666666667,1.6069294390925268,3.0,3.0,70.0,83.33333333333334,90.0,9,30.0,3,10.0,9,30.0,4,13.333333333333334,2,6.666666666666667,3,10.0
389,True,2.8,1.5362291495737217,3.0,2.5,73.33333333333333,86.66666666666667,90.0,8,26.666666666666668,5,16.666666666666664,9,30.0,4,13.333333333333334,1,3.3333333333333335,3,10.0,2.6,1.781385228784985,2.0,2.0,76.66666666666667,83.33333333333334,83.33333333333334,12,40.0,5,16.666666666666664,6,20.0,2,6.666666666666667,0,0.0,5,16.666666666666664,2.7,1.7540429489230493,2.5,2.0,76.66666666666667,83.33333333333334,83.33333333333334,11,36.666666666666664,4,13.333333333333334,8,26.666666666666668,2,6.666666666666667,0,0.0,5,16.666666666666664,2.6666666666666665,1.7191729277636836,2.0,2.75,73.33333333333333,83.33333333333334,86.66666666666667,11,36.666666666666664,5,16.666666666666664,6,20.0,3,10.0,1,3.3333333333333335,4,13.333333333333334
390,True,3.533333333333333,1.4772346537440226,3.0,1.75,53.333333333333336,73.33333333333333,86.66666666666667,3,10.0,4,13.333333333333334,9,30.0,6,20.0,4,13.333333333333334,4,13.333333333333334,3.066666666666667,1.6519348924485155,3.0,2.0,66.66666666666666,76.66666666666667,86.66666666666667,6,20.0,7,23.333333333333332,7,23.333333333333332,3,10.0,3,10.0,4,13.333333333333334,3.066666666666667,1.4817407180595246,3.0,2.0,66.66666666666666,76.66666666666667,93.33333333333333,4,13.333333333333334,9,30.0,7,23.333333333333332,3,10.0,5,16.666666666666664,2,6.666666666666667,3.4,1.5832456116050557,3.0,3.0,56.666666666666664,66.66666666666666,90.0,4,13.333333333333334,6,20.0,7,23.333333333333332,3,10.0,7,23.333333333333332,3,10.0
391,True,2.7,1.6360521589077368,3.0,2.0,76.66666666666667,86.66666666666667,86.66666666666667,10,33.33333333333333,4,13.333333333333334,9,30.0,3,10.0,0,0.0,4,13.333333333333334,2.533333333333333,1.6679994670929073,2.0,2.0,80.0,86.66666666666667,86.66666666666667,12,40.0,4,13.333333333333334,8,26.666666666666668,2,6.666666666666667,0,0.0,4,13.333333333333334,2.6,1.6041612554021285,2.5,2.0,76.66666666666667,86.66666666666667,90.0,11,36.666666666666664,4,13.333333333333334,8,26.666666666666668,3,10.0,1,3.3333333333333335,3,10.0,2.466666666666667,1.3349989596333858,2.0,2.75,73.33333333333333,96.66666666666667,96.66666666666667,10,33.33333333333333,6,20.0,6,20.0,7,23.333333333333332,0,0.0,1,3.3333333333333335
392,True,3.1,1.5132745950421558,3.0,2.75,63.33333333333333,73.33333333333333,96.66666666666667,6,20.0,5,16.666666666666664,8,26.666666666666668,3,10.0,7,23.333333333333332,1,3.3333333333333335,2.433333333333333,1.7259457954666158,2.0,2.0,80.0,83.33333333333334,86.66666666666667,13,43.333333333333336,6,20.0,5,16.666666666666664,1,3.3333333333333335,1,3.3333333333333335,4,13.333333333333334,2.5,1.707825127659933,2.0,2.0,80.0,83.33333333333334,86.66666666666667,12,40.0,6,20.0,6,20.0,1,3.3333333333333335,1,3.3333333333333335,4,13.333333333333334,3.0,1.9321835661585918,2.5,4.0,66.66666666666666,70.0,80.0,10,33.33333333333333,5,16.666666666666664,5,16.666666666666664,1,3.3333333333333335,3,10.0,6,20.0
393,True,3.5,1.6072751268321592,3.0,1.75,53.333333333333336,76.66666666666667,80.0,4,13.333333333333334,4,13.333333333333334,8,26.666666666666668,7,23.333333333333332,1,3.3333333333333335,6,20.0,2.9,1.619670748434179,2.5,2.0,66.66666666666666,80.0,90.0,7,23.333333333333332,8,26.666666666666668,5,16.666666666666664,4,13.333333333333334,3,10.0,3,10.0,2.933333333333333,1.6110727964792764,3.0,2.0,66.66666666666666,80.0,90.0,7,23.333333333333332,7,23.333333333333332,6,20.0,4,13.333333333333334,3,10.0,3,10.0,3.3,1.6155494421403511,3.0,3.0,56.666666666666664,70.0,90.0,5,16.666666666666664,6,20.0,6,20.0,4,13.333333333333334,6,20.0,3,10.0
394,True,2.8333333333333335,1.7527755766846542,2.0,2.75,66.66666666666666,76.66666666666667,86.66666666666667,8,26.666666666666668,10,33.33333333333333,2,6.666666666666667,3,10.0,3,10.0,4,13.333333333333334,2.4,1.7048949136725895,2.0,2.75,73.33333333333333,80.0,93.33333333333333,14,46.666666666666664,6,20.0,2,6.666666666666667,2,6.666666666666667,4,13.333333333333334,2,6.666666666666667,2.433333333333333,1.7451520150277897,2.0,2.0,76.66666666666667,83.33333333333334,86.66666666666667,13,43.333333333333336,7,23.333333333333332,3,10.0,2,6.666666666666667,1,3.3333333333333335,4,13.333333333333334,2.6551724137931036,1.8056589602187647,2.0,4.0,65.51724137931035,72.41379310344827,93.10344827586206,12,41.37931034482759,6,20.689655172413794,1,3.4482758620689653,2,6.896551724137931,6,20.689655172413794,2,6.896551724137931
395,True,2.7666666666666666,1.5849991237291654,3.0,2.75,73.33333333333333,80.0,93.33333333333333,9,30.0,5,16.666666666666664,8,26.666666666666668,2,6.666666666666667,4,13.333333333333334,2,6.666666666666667,2.3333333333333335,1.699673171197595,1.5,2.0,80.0,83.33333333333334,90.0,15,50.0,4,13.333333333333334,5,16.666666666666664,1,3.3333333333333335,2,6.666666666666667,3,10.0,2.5,1.6278820596099706,2.0,2.75,73.33333333333333,80.0,96.66666666666667,13,43.333333333333336,4,13.333333333333334,5,16.666666666666664,2,6.666666666666667,5,16.666666666666664,1,3.3333333333333335,3.1333333333333333,1.8749814813900314,3.0,4.0,63.33333333333333,66.66666666666666,83.33333333333334,9,30.0,4,13.333333333333334,6,20.0,1,3.3333333333333335,5,16.666666666666664,5,16.666666666666664
396,True,2.8333333333333335,1.4624940645653537,3.0,1.0,80.0,86.66666666666667,90.0,7,23.333333333333332,4,13.333333333333334,13,43.333333333333336,2,6.666666666666667,1,3.3333333333333335,3,10.0,2.533333333333333,1.6478942792411033,2.0,2.0,76.66666666666667,83.33333333333334,90.0,11,36.666666666666664,7,23.333333333333332,5,16.666666666666664,2,6.666666666666667,2,6.666666666666667,3,10.0,2.9,1.8321208111548395,2.5,2.75,73.33333333333333,76.66666666666667,80.0,9,30.0,6,20.0,7,23.333333333333332,1,3.3333333333333335,1,3.3333333333333335,6,20.0,2.933333333333333,1.6719914938645934,3.0,2.75,70.0,80.0,86.66666666666667,8,26.666666666666668,5,16.666666666666664,8,26.666666666666668,3,10.0,2,6.666666666666667,4,13.333333333333334
397,True,2.7333333333333334,1.3888444437333105,2.0,1.0,76.66666666666667,90.0,90.0,4,13.333333333333334,13,43.333333333333336,6,20.0,4,13.333333333333334,0,0.0,3,10.0,2.3666666666666667,1.4019827229875397,2.0,0.75,86.66666666666667,90.0,90.0,7,23.333333333333332,15,50.0,4,13.333333333333334,1,3.3333333333333335,0,0.0,3,10.0,2.5,1.5438048235879214,2.0,1.0,83.33333333333334,86.66666666666667,86.66666666666667,7,23.333333333333332,14,46.666666666666664,4,13.333333333333334,1,3.3333333333333335,0,0.0,4,13.333333333333334,2.966666666666667,1.7220788470785986,2.0,2.0,70.0,80.0,80.0,5,16.666666666666664,12,40.0,4,13.333333333333334,3,10.0,0,0.0,6,20.0
398,True,2.2666666666666666,1.2631530214330944,2.0,1.75,90.0,93.33333333333333,93.33333333333333,8,26.666666666666668,13,43.333333333333336,6,20.0,1,3.3333333333333335,0,0.0,2,6.666666666666667,2.2,1.4696938456699067,2.0,1.75,86.66666666666667,86.66666666666667,93.33333333333333,12,40.0,10,33.33333333333333,4,13.333333333333334,0,0.0,2,6.666666666666667,2,6.666666666666667,2.2,1.3266499161421599,2.0,1.0,90.0,90.0,93.33333333333333,9,30.0,14,46.666666666666664,4,13.333333333333334,0,0.0,1,3.3333333333333335,2,6.666666666666667,2.433333333333333,1.498517786199268,2.0,2.0,83.33333333333334,83.33333333333334,93.33333333333333,9,30.0,11,36.666666666666664,5,16.666666666666664,0,0.0,3,10.0,2,6.666666666666667
399,True,2.966666666666667,1.4487542541400487,3.0,1.75,73.33333333333333,83.33333333333334,90.0,4,13.333333333333334,9,30.0,9,30.0,3,10.0,2,6.666666666666667,3,10.0,2.566666666666667,1.4761059883656353,2.0,1.75,76.66666666666667,86.66666666666667,93.33333333333333,8,26.666666666666668,10,33.33333333333333,5,16.666666666666664,3,10.0,2,6.666666666666667,2,6.666666666666667,2.7,1.5737428845483834,2.0,1.75,73.33333333333333,83.33333333333334,90.0,7,23.333333333333332,11,36.666666666666664,4,13.333333333333334,3,10.0,2,6.666666666666667,3,10.0,2.933333333333333,1.4360439485692011,3.0,2.0,70.0,86.66666666666667,90.0,4,13.333333333333334,10,33.33333333333333,7,23.333333333333332,5,16.666666666666664,1,3.3333333333333335,3,10.0
400,True,2.6666666666666665,1.49071198499986,2.0,2.5,73.33333333333333,86.66666666666667,93.33333333333333,8,26.666666666666668,8,26.666666666666668,6,20.0,4,13.333333333333334,2,6.666666666666667,2,6.666666666666667,2.4,1.7435595774162693,2.0,2.0,76.66666666666667,80.0,90.0,14,46.666666666666664,6,20.0,3,10.0,1,3.3333333333333335,3,10.0,3,10.0,2.4,1.4047538337136984,2.0,2.0,76.66666666666667,90.0,96.66666666666667,10,33.33333333333333,9,30.0,4,13.333333333333334,4,13.333333333333334,2,6.666666666666667,1,3.3333333333333335,3.066666666666667,1.8427033281447003,2.5,3.75,63.33333333333333,70.0,83.33333333333334,8,26.666666666666668,7,23.333333333333332,4,13.333333333333334,2,6.666666666666667,4,13.333333333333334,5,16.666666666666664
401,True,3.0,1.6733200530681511,3.0,2.75,56.666666666666664,80.0,90.0,8,26.666666666666668,6,20.0,3,10.0,7,23.333333333333332,3,10.0,3,10.0,2.6333333333333333,1.81628436344337,2.0,2.75,73.33333333333333,80.0,83.33333333333334,11,36.666666666666664,8,26.666666666666668,3,10.0,2,6.666666666666667,1,3.3333333333333335,5,16.666666666666664,2.6,1.6451950239004087,2.0,3.0,70.0,86.66666666666667,90.0,11,36.666666666666664,6,20.0,4,13.333333333333334,5,16.666666666666664,1,3.3333333333333335,3,10.0,2.8333333333333335,1.5509853498842454,2.0,2.0,63.33333333333333,83.33333333333334,93.33333333333333,7,23.333333333333332,9,30.0,3,10.0,6,20.0,3,10.0,2,6.666666666666667
402,True,3.033333333333333,1.7978382080215733,3.0,3.75,60.0,73.33333333333333,86.66666666666667,9,30.0,5,16.666666666666664,4,13.333333333333334,4,13.333333333333334,4,13.333333333333334,4,13.333333333333334,2.7666666666666666,1.9093337988826249,2.0,3.0,70.0,76.66666666666667,80.0,11,36.666666666666664,7,23.333333333333332,3,10.0,2,6.666666666666667,1,3.3333333333333335,6,20.0,2.7333333333333334,1.7876116903722563,2.0,3.0,66.66666666666666,83.33333333333334,83.33333333333334,10,33.33333333333333,8,26.666666666666668,2,6.666666666666667,5,16.666666666666664,0,0.0,5,16.666666666666664,3.033333333333333,1.8526257642120338,2.5,3.75,60.0,73.33333333333333,83.33333333333334,9,30.0,6,20.0,3,10.0,4,13.333333333333334,3,10.0,5,16.666666666666664
403,True,3.2,1.4922019523732928,3.0,2.0,63.33333333333333,80.0,90.0,5,16.666666666666664,4,13.333333333333334,10,33.33333333333333,5,16.666666666666664,3,10.0,3,10.0,2.533333333333333,1.6069294390925266,2.0,2.75,73.33333333333333,90.0,90.0,12,40.0,4,13.333333333333334,6,20.0,5,16.666666666666664,0,0.0,3,10.0,2.566666666666667,1.498517786199268,2.0,2.75,73.33333333333333,90.0,93.33333333333333,10,33.33333333333333,6,20.0,6,20.0,5,16.666666666666664,1,3.3333333333333335,2,6.666666666666667,3.0,1.7701224063135672,3.0,3.0,63.33333333333333,80.0,83.33333333333334,9,30.0,4,13.333333333333334,6,20.0,5,16.666666666666664,1,3.3333333333333335,5,16.666666666666664
404,True,3.1666666666666665,1.5293426329272617,3.0,2.0,66.66666666666666,76.66666666666667,86.66666666666667,2,6.666666666666667,12,40.0,6,20.0,3,10.0,3,10.0,4,13.333333333333334,2.7333333333333334,1.6918103387266026,2.0,2.75,70.0,76.66666666666667,90.0,8,26.666666666666668,11,36.666666666666664,2,6.666666666666667,2,6.666666666666667,4,13.333333333333334,3,10.0,2.7333333333333334,1.6519348924485155,2.0,1.0,76.66666666666667,80.0,86.66666666666667,7,23.333333333333332,11,36.666666666666664,5,16.666666666666664,1,3.3333333333333335,2,6.666666666666667,4,13.333333333333334,3.2666666666666666,1.8245242911205346,2.5,3.0,60.0,66.66666666666666,80.0,5,16.666666666666664,10,33.33333333333333,3,10.0,2,6.666666666666667,4,13.333333333333334,6,20.0
405,True,3.0,1.4832396974191326,3.0,2.0,66.66666666666666,83.33333333333334,90.0,4,13.333333333333334,10,33.33333333333333,6,20.0,5,16.666666666666664,2,6.666666666666667,3,10.0,2.4,1.4742229591663987,2.0,2.0,80.0,86.66666666666667,93.33333333333333,9,30.0,12,40.0,3,10.0,2,6.666666666666667,2,6.666666666666667,2,6.666666666666667,2.3666666666666667,1.2512216252748973,2.0,1.75,80.0,90.0,100.0,8,26.666666666666668,12,40.0,4,13.333333333333334,3,10.0,3,10.0,0,0.0,3.2333333333333334,1.7259457954666155,3.0,2.0,60.0,76.66666666666667,80.0,5,16.666666666666664,8,26.666666666666668,5,16.666666666666664,5,16.666666666666664,1,3.3333333333333335,6,20.0
406,True,3.2333333333333334,1.7451520150277897,3.0,2.75,63.33333333333333,73.33333333333333,80.0,5,16.666666666666664,8,26.666666666666668,6,20.0,3,10.0,2,6.666666666666667,6,20.0,2.5,1.7654083569153813,2.0,3.0,70.0,80.0,90.0,13,43.333333333333336,7,23.333333333333332,1,3.3333333333333335,3,10.0,3,10.0,3,10.0,2.566666666666667,1.8740923729160797,2.0,3.0,70.0,80.0,83.33333333333334,13,43.333333333333336,7,23.333333333333332,1,3.3333333333333335,3,10.0,1,3.3333333333333335,5,16.666666666666664,2.9,1.6401219466856725,2.5,3.0,56.666666666666664,76.66666666666667,96.66666666666667,9,30.0,6,20.0,2,6.666666666666667,6,20.0,6,20.0,1,3.3333333333333335
407,True,2.8666666666666667,1.3597385369580761,3.0,1.75,73.33333333333333,86.66666666666667,93.33333333333333,4,13.333333333333334,10,33.33333333333333,8,26.666666666666668,4,13.333333333333334,2,6.666666666666667,2,6.666666666666667,2.6,1.6653327995729061,2.0,2.75,73.33333333333333,86.66666666666667,86.66666666666667,10,33.33333333333333,8,26.666666666666668,4,13.333333333333334,4,13.333333333333334,0,0.0,4,13.333333333333334,2.5,1.4776106839534333,2.0,3.0,70.0,93.33333333333333,93.33333333333333,10,33.33333333333333,8,26.666666666666668,3,10.0,7,23.333333333333332,0,0.0,2,6.666666666666667,3.1,1.7578395831246945,2.0,2.0,63.33333333333333,76.66666666666667,80.0,5,16.666666666666664,11,36.666666666666664,3,10.0,4,13.333333333333334,1,3.3333333333333335,6,20.0
408,True,3.2,1.514375558880073,3.0,2.0,63.33333333333333,80.0,86.66666666666667,3,10.0,9,30.0,7,23.333333333333332,5,16.666666666666664,2,6.666666666666667,4,13.333333333333334,2.566666666666667,1.498517786199268,2.0,2.0,76.66666666666667,86.66666666666667,93.33333333333333,9,30.0,8,26.666666666666668,6,20.0,3,10.0,2,6.666666666666667,2,6.666666666666667,2.566666666666667,1.358512258154322,2.0,1.75,76.66666666666667,90.0,96.66666666666667,8,26.666666666666668,8,26.666666666666668,7,23.333333333333332,4,13.333333333333334,2,6.666666666666667,1,3.3333333333333335,3.1333333333333333,1.70749979664876,3.0,2.0,63.33333333333333,76.66666666666667,83.33333333333334,6,20.0,7,23.333333333333332,6,20.0,4,13.333333333333334,2,6.666666666666667,5,16.666666666666664
409,True,2.3333333333333335,1.3249737942901194,2.0,1.75,83.33333333333334,93.33333333333333,93.33333333333333,8,26.666666666666668,13,43.333333333333336,4,13.333333333333334,3,10.0,0,0.0,2,6.666666666666667,2.1,1.3503086067019396,2.0,1.0,86.66666666666667,93.33333333333333,93.33333333333333,12,40.0,11,36.666666666666664,3,10.0,2,6.666666666666667,0,0.0,2,6.666666666666667,2.433333333333333,1.6669999666733315,2.0,2.0,76.66666666666667,86.66666666666667,86.66666666666667,11,36.666666666666664,10,33.33333333333333,2,6.666666666666667,3,10.0,0,0.0,4,13.333333333333334,2.533333333333333,1.7838784213679537,2.0,2.75,73.33333333333333,83.33333333333334,83.33333333333334,11,36.666666666666664,10,33.33333333333333,1,3.3333333333333335,3,10.0,0,0.0,5,16.666666666666664
410,True,3.1,1.325393023471403,3.0,2.0,66.66666666666666,86.66666666666667,93.33333333333333,4,13.333333333333334,5,16.666666666666664,11,36.666666666666664,6,20.0,2,6.666666666666667,2,6.666666666666667,2.533333333333333,1.627540748764494,2.0,2.75,73.33333333333333,86.66666666666667,90.0,11,36.666666666666664,7,23.333333333333332,4,13.333333333333334,4,13.333333333333334,1,3.3333333333333335,3,10.0,2.6,1.4966629547095764,2.0,3.0,70.0,86.66666666666667,96.66666666666667,10,33.33333333333333,6,20.0,5,16.666666666666664,5,16.666666666666664,3,10.0,1,3.3333333333333335,3.1333333333333333,1.8571184369578828,3.0,3.75,63.33333333333333,73.33333333333333,80.0,9,30.0,3,10.0,7,23.333333333333332,3,10.0,2,6.666666666666667,6,20.0
411,True,2.933333333333333,1.6110727964792764,3.0,2.75,70.0,80.0,90.0,8,26.666666666666668,4,13.333333333333334,9,30.0,3,10.0,3,10.0,3,10.0,2.4,1.4966629547095764,2.0,2.0,83.33333333333334,86.66666666666667,93.33333333333333,11,36.666666666666664,7,23.333333333333332,7,23.333333333333332,1,3.3333333333333335,2,6.666666666666667,2,6.666666666666667,2.6,1.5832456116050557,2.0,2.75,73.33333333333333,80.0,96.66666666666667,11,36.666666666666664,5,16.666666666666664,6,20.0,2,6.666666666666667,5,16.666666666666664,1,3.3333333333333335,3.3666666666666667,1.6829207415152447,3.0,2.75,60.0,73.33333333333333,80.0,4,13.333333333333334,7,23.333333333333332,7,23.333333333333332,4,13.333333333333334,2,6.666666666666667,6,20.0
412,True,3.3666666666666667,1.6629959577688558,3.0,2.5,66.66666666666666,73.33333333333333,80.0,5,16.666666666666664,3,10.0,12,40.0,2,6.666666666666667,2,6.666666666666667,6,20.0,2.9,1.7194960502038574,2.5,2.75,70.0,76.66666666666667,86.66666666666667,8,26.666666666666668,7,23.333333333333332,6,20.0,2,6.666666666666667,3,10.0,4,13.333333333333334,2.933333333333333,1.6316317667360556,3.0,1.75,73.33333333333333,80.0,86.66666666666667,7,23.333333333333332,6,20.0,9,30.0,2,6.666666666666667,2,6.666666666666667,4,13.333333333333334,3.2,1.5362291495737217,3.0,3.0,60.0,70.0,96.66666666666667,6,20.0,4,13.333333333333334,8,26.666666666666668,3,10.0,8,26.666666666666668,1,3.3333333333333335
413,True,2.933333333333333,1.7499206331208919,3.0,3.0,66.66666666666666,76.66666666666667,86.66666666666667,9,30.0,5,16.666666666666664,6,20.0,3,10.0,3,10.0,4,13.333333333333334,2.433333333333333,1.7065234314893603,1.5,2.0,76.66666666666667,80.0,93.33333333333333,15,50.0,2,6.666666666666667,6,20.0,1,3.3333333333333335,4,13.333333333333334,2,6.666666666666667,2.5,1.5864005379054391,2.0,2.0,76.66666666666667,80.0,96.66666666666667,12,40.0,5,16.666666666666664,6,20.0,1,3.3333333333333335,5,16.666666666666664,1,3.3333333333333335,3.033333333333333,1.8526257642120338,3.0,3.75,63.33333333333333,73.33333333333333,83.33333333333334,10,33.33333333333333,3,10.0,6,20.0,3,10.0,3,10.0,5,16.666666666666664
414,True,3.1,1.468559384794046,3.0,2.0,63.33333333333333,83.33333333333334,90.0,4,13.333333333333334,8,26.666666666666668,7,23.333333333333332,6,20.0,2,6.666666666666667,3,10.0,2.8,1.7204650534085255,2.5,3.0,66.66666666666666,83.33333333333334,86.66666666666667,10,33.33333333333333,5,16.666666666666664,5,16.666666666666664,5,16.666666666666664,1,3.3333333333333335,4,13.333333333333334,2.7666666666666666,1.6468825769380835,3.0,3.0,70.0,83.33333333333334,90.0,10,33.33333333333333,4,13.333333333333334,7,23.333333333333332,4,13.333333333333334,2,6.666666666666667,3,10.0,3.466666666666667,1.7461067804945059,4.0,2.75,46.666666666666664,73.33333333333333,80.0,6,20.0,4,13.333333333333334,4,13.333333333333334,8,26.666666666666668,2,6.666666666666667,6,20.0
415,True,3.433333333333333,1.4302291968616623,3.0,1.75,53.333333333333336,76.66666666666667,90.0,3,10.0,5,16.666666666666664,8,26.666666666666668,7,23.333333333333332,4,13.333333333333334,3,10.0,2.5,1.4548768561863463,2.0,2.75,73.33333333333333,90.0,96.66666666666667,11,36.666666666666664,5,16.666666666666664,6,20.0,5,16.666666666666664,2,6.666666666666667,1,3.3333333333333335,2.7,1.5947831618540917,2.5,3.0,70.0,83.33333333333334,93.33333333333333,10,33.33333333333333,5,16.666666666666664,6,20.0,4,13.333333333333334,3,10.0,2,6.666666666666667,3.1333333333333333,1.6679994670929073,3.0,2.0,63.33333333333333,80.0,83.33333333333334,6,20.0,6,20.0,7,23.333333333333332,5,16.666666666666664,1,3.3333333333333335,5,16.666666666666664
416,True,3.2333333333333334,1.5638272140986533,3.0,2.75,60.0,73.33333333333333,90.0,4,13.333333333333334,8,26.666666666666668,6,20.0,4,13.333333333333334,5,16.666666666666664,3,10.0,2.7,1.5737428845483836,2.0,1.0,76.66666666666667,86.66666666666667,86.66666666666667,7,23.333333333333332,10,33.33333333333333,6,20.0,3,10.0,0,0.0,4,13.333333333333334,2.6666666666666665,1.4907119849998596,2.0,1.75,73.33333333333333,90.0,90.0,7,23.333333333333332,10,33.33333333333333,5,16.666666666666664,5,16.666666666666664,0,0.0,3,10.0,3.2333333333333334,1.686877457183999,3.0,2.0,60.0,76.66666666666667,83.33333333333334,6,20.0,5,16.666666666666664,7,23.333333333333332,5,16.666666666666664,2,6.666666666666667,5,16.666666666666664
417,True,2.6333333333333333,1.471582670309608,2.0,1.0,80.0,83.33333333333334,93.33333333333333,7,23.333333333333332,10,33.33333333333333,7,23.333333333333332,1,3.3333333333333335,3,10.0,2,6.666666666666667,2.5,1.875277757204694,1.5,2.75,73.33333333333333,76.66666666666667,86.66666666666667,15,50.0,4,13.333333333333334,3,10.0,1,3.3333333333333335,3,10.0,4,13.333333333333334,2.466666666666667,1.6478942792411033,2.0,2.75,73.33333333333333,86.66666666666667,90.0,12,40.0,7,23.333333333333332,3,10.0,4,13.333333333333334,1,3.3333333333333335,3,10.0,3.066666666666667,1.9136933459209762,2.5,4.0,63.33333333333333,70.0,80.0,9,30.0,6,20.0,4,13.333333333333334,2,6.666666666666667,3,10.0,6,20.0
418,True,3.033333333333333,1.3780017739062924,3.0,2.0,60.0,83.33333333333334,96.66666666666667,4,13.333333333333334,9,30.0,5,16.666666666666664,7,23.333333333333332,4,13.333333333333334,1,3.3333333333333335,2.3333333333333335,1.4907119849998598,2.0,2.0,80.0,90.0,93.33333333333333,12,40.0,7,23.333333333333332,5,16.666666666666664,3,10.0,1,3.3333333333333335,2,6.666666666666667,2.6333333333333333,1.7603661235347858,2.0,2.75,73.33333333333333,80.0,86.66666666666667,11,36.666666666666664,7,23.333333333333332,4,13.333333333333334,2,6.666666666666667,2,6.666666666666667,4,13.333333333333334,3.066666666666667,1.8607047649270483,2.5,3.5,63.33333333333333,73.33333333333333,80.0,8,26.666666666666668,7,23.333333333333332,4,13.333333333333334,3,10.0,2,6.666666666666667,6,20.0
419,True,2.7666666666666666,1.3585122581543223,2.0,2.0,70.0,86.66666666666667,96.66666666666667,5,16.666666666666664,11,36.666666666666664,5,16.666666666666664,5,16.666666666666664,3,10.0,1,3.3333333333333335,2.533333333333333,1.4996295838935993,2.0,2.0,76.66666666666667,86.66666666666667,93.33333333333333,9,30.0,9,30.0,5,16.666666666666664,3,10.0,2,6.666666666666667,2,6.666666666666667,2.6,1.5832456116050557,2.0,2.75,73.33333333333333,86.66666666666667,90.0,9,30.0,9,30.0,4,13.333333333333334,4,13.333333333333334,1,3.3333333333333335,3,10.0,2.966666666666667,1.6428295373802142,3.0,2.75,63.33333333333333,80.0,90.0,8,26.666666666666668,5,16.666666666666664,6,20.0,5,16.666666666666664,3,10.0,3,10.0
420,True,3.4,1.2806248474865696,3.0,1.0,60.0,83.33333333333334,90.0,2,6.666666666666667,4,13.333333333333334,12,40.0,7,23.333333333333332,2,6.666666666666667,3,10.0,3.066666666666667,1.6719914938645934,2.5,2.0,63.33333333333333,80.0,83.33333333333334,5,16.666666666666664,10,33.33333333333333,4,13.333333333333334,5,16.666666666666664,1,3.3333333333333335,5,16.666666666666664,3.066666666666667,1.569146972791976,3.0,2.0,70.0,80.0,86.66666666666667,5,16.666666666666664,7,23.333333333333332,9,30.0,3,10.0,2,6.666666666666667,4,13.333333333333334,3.4,1.4966629547095764,3.0,2.0,56.666666666666664,76.66666666666667,86.66666666666667,3,10.0,6,20.0,8,26.666666666666668,6,20.0,3,10.0,4,13.333333333333334
421,True,2.6666666666666665,1.5347819244295116,3.0,3.0,63.33333333333333,93.33333333333333,93.33333333333333,11,36.666666666666664,3,10.0,5,16.666666666666664,9,30.0,0,0.0,2,6.666666666666667,2.433333333333333,1.6468825769380833,2.0,2.0,76.66666666666667,86.66666666666667,90.0,13,43.333333333333336,5,16.666666666666664,5,16.666666666666664,3,10.0,1,3.3333333333333335,3,10.0,2.6666666666666665,1.86785676348292,2.0,3.0,63.33333333333333,83.33333333333334,83.33333333333334,13,43.333333333333336,5,16.666666666666664,1,3.3333333333333335,6,20.0,0,0.0,5,16.666666666666664,3.3,1.9857828011475307,3.0,4.75,53.333333333333336,70.0,73.33333333333333,9,30.0,4,13.333333333333334,3,10.0,5,16.666666666666664,1,3.3333333333333335,8,26.666666666666668
422,True,2.8333333333333335,1.5293426329272615,2.5,2.0,66.66666666666666,83.33333333333334,93.33333333333333,7,23.333333333333332,8,26.666666666666668,5,16.666666666666664,5,16.666666666666664,3,10.0,2,6.666666666666667,2.533333333333333,1.6679994670929073,2.0,2.0,76.66666666666667,86.66666666666667,86.66666666666667,11,36.666666666666664,7,23.333333333333332,5,16.666666666666664,3,10.0,0,0.0,4,13.333333333333334,2.6333333333333333,1.7792008193443358,2.0,2.75,73.33333333333333,83.33333333333334,83.33333333333334,11,36.666666666666664,7,23.333333333333332,4,13.333333333333334,3,10.0,0,0.0,5,16.666666666666664,3.2333333333333334,1.9267128022157898,3.0,3.75,56.666666666666664,70.0,76.66666666666667,8,26.666666666666668,6,20.0,3,10.0,4,13.333333333333334,2,6.666666666666667,7,23.333333333333332
423,True,2.4,1.42828568570857,2.0,1.75,86.66666666666667,90.0,90.0,8,26.666666666666668,12,40.0,6,20.0,1,3.3333333333333335,0,0.0,3,10.0,2.1333333333333333,1.4544949486180951,2.0,1.0,90.0,90.0,90.0,12,40.0,11,36.666666666666664,4,13.333333333333334,0,0.0,0,0.0,3,10.0,2.1666666666666665,1.4395215254459457,2.0,1.0,90.0,90.0,90.0,11,36.666666666666664,12,40.0,4,13.333333333333334,0,0.0,0,0.0,3,10.0,2.9,1.972308292331602,2.0,4.25,73.33333333333333,73.33333333333333,73.33333333333333,9,30.0,9,30.0,4,13.333333333333334,0,0.0,0,0.0,8,26.666666666666668
424,True,3.066666666666667,1.5477582354991866,3.0,2.0,70.0,80.0,86.66666666666667,4,13.333333333333334,9,30.0,8,26.666666666666668,3,10.0,2,6.666666666666667,4,13.333333333333334,2.7666666666666666,1.7451520150277902,2.0,2.5,73.33333333333333,80.0,83.33333333333334,8,26.666666666666668,10,33.33333333333333,4,13.333333333333334,2,6.666666666666667,1,3.3333333333333335,5,16.666666666666664,2.933333333333333,1.7876116903722565,2.0,2.0,63.33333333333333,76.66666666666667,83.33333333333334,7,23.333333333333332,11,36.666666666666664,1,3.3333333333333335,4,13.333333333333334,2,6.666666666666667,5,16.666666666666664,3.066666666666667,1.569146972791976,3.0,2.0,66.66666666666666,76.66666666666667,90.0,5,16.666666666666664,8,26.666666666666668,7,23.333333333333332,3,10.0,4,13.333333333333334,3,10.0
425,True,2.466666666666667,1.2310790208412925,2.0,1.0,83.33333333333334,93.33333333333333,96.66666666666667,7,23.333333333333332,10,33.33333333333333,8,26.666666666666668,3,10.0,1,3.3333333333333335,1,3.3333333333333335,2.533333333333333,1.7269111795984826,2.0,2.75,73.33333333333333,83.33333333333334,86.66666666666667,11,36.666666666666664,9,30.0,2,6.666666666666667,3,10.0,1,3.3333333333333335,4,13.333333333333334,2.433333333333333,1.4067298564006128,2.0,2.0,80.0,93.33333333333333,93.33333333333333,10,33.33333333333333,7,23.333333333333332,7,23.333333333333332,4,13.333333333333334,0,0.0,2,6.666666666666667,3.1,1.8681541692269406,3.0,3.75,63.33333333333333,73.33333333333333,80.0,9,30.0,4,13.333333333333334,6,20.0,3,10.0,2,6.666666666666667,6,20.0
426,True,2.966666666666667,1.5807874268505835,3.0,2.75,66.66666666666666,83.33333333333334,90.0,8,26.666666666666668,3,10.0,9,30.0,5,16.666666666666664,2,6.666666666666667,3,10.0,2.533333333333333,1.564892612574067,2.0,2.0,80.0,86.66666666666667,90.0,10,33.33333333333333,7,23.333333333333332,7,23.333333333333332,2,6.666666666666667,1,3.3333333333333335,3,10.0,2.533333333333333,1.521694961401777,2.0,2.0,80.0,90.0,90.0,10,33.33333333333333,6,20.0,8,26.666666666666668,3,10.0,0,0.0,3,10.0,2.8333333333333335,1.5933891203622828,3.0,2.75,70.0,83.33333333333334,90.0,8,26.666666666666668,6,20.0,7,23.333333333333332,4,13.333333333333334,2,6.666666666666667,3,10.0
427,True,3.0,1.591644851508443,3.0,2.0,60.0,83.33333333333334,90.0,7,23.333333333333332,6,20.0,5,16.666666666666664,7,23.333333333333332,2,6.666666666666667,3,10.0,2.3333333333333335,1.6397831834998458,1.5,2.75,73.33333333333333,86.66666666666667,93.33333333333333,15,50.0,4,13.333333333333334,3,10.0,4,13.333333333333334,2,6.666666666666667,2,6.666666666666667,2.3666666666666667,1.6829207415152452,1.5,3.0,70.0,90.0,90.0,15,50.0,4,13.333333333333334,2,6.666666666666667,6,20.0,0,0.0,3,10.0,2.7,1.7349351572897473,2.0,3.0,60.0,76.66666666666667,96.66666666666667,13,43.333333333333336,3,10.0,2,6.666666666666667,5,16.666666666666664,6,20.0,1,3.3333333333333335
428,True,3.1666666666666665,1.7143187827498387,3.0,2.75,56.666666666666664,73.33333333333333,86.66666666666667,6,20.0,8,26.666666666666668,3,10.0,5,16.666666666666664,4,13.333333333333334,4,13.333333333333334,2.6,1.5832456116050557,2.0,2.75,73.33333333333333,86.66666666666667,90.0,9,30.0,9,30.0,4,13.333333333333334,4,13.333333333333334,1,3.3333333333333335,3,10.0,2.6666666666666665,1.5986105077709065,2.0,3.0,70.0,86.66666666666667,90.0,9,30.0,8,26.666666666666668,4,13.333333333333334,5,16.666666666666664,1,3.3333333333333335,3,10.0,2.933333333333333,1.5477582354991866,3.0,2.0,60.0,83.33333333333334,93.33333333333333,7,23.333333333333332,7,23.333333333333332,4,13.333333333333334,7,23.333333333333332,3,10.0,2,6.666666666666667
429,True,2.8666666666666667,1.564892612574067,2.5,2.0,70.0,86.66666666666667,86.66666666666667,6,20.0,9,30.0,6,20.0,5,16.666666666666664,0,0.0,4,13.333333333333334,2.4,1.6041612554021285,2.0,2.0,76.66666666666667,83.33333333333334,93.33333333333333,12,40.0,8,26.666666666666668,3,10.0,2,6.666666666666667,3,10.0,2,6.666666666666667,2.4,1.540562667772179,2.0,2.0,76.66666666666667,83.33333333333334,96.66666666666667,12,40.0,7,23.333333333333332,4,13.333333333333334,2,6.666666666666667,4,13.333333333333334,1,3.3333333333333335,2.966666666666667,1.7978382080215733,2.0,2.75,63.33333333333333,76.66666666666667,83.33333333333334,8,26.666666666666668,8,26.666666666666668,3,10.0,4,13.333333333333334,2,6.666666666666667,5,16.666666666666664
430,True,2.6,1.518771433319269,2.0,2.75,73.33333333333333,86.66666666666667,93.33333333333333,9,30.0,8,26.666666666666668,5,16.666666666666664,4,13.333333333333334,2,6.666666666666667,2,6.666666666666667,2.3333333333333335,1.5776212754932308,2.0,2.75,73.33333333333333,90.0,93.33333333333333,14,46.666666666666664,5,16.666666666666664,3,10.0,5,16.666666666666664,1,3.3333333333333335,2,6.666666666666667,2.533333333333333,1.765093639316497,2.0,2.75,73.33333333333333,83.33333333333334,86.66666666666667,13,43.333333333333336,5,16.666666666666664,4,13.333333333333334,3,10.0,1,3.3333333333333335,4,13.333333333333334,3.066666666666667,1.9821424996424672,3.0,3.75,60.0,73.33333333333333,76.66666666666667,11,36.666666666666664,3,10.0,4,13.333333333333334,4,13.333333333333334,1,3.3333333333333335,7,23.333333333333332
431,True,2.433333333333333,1.498517786199268,2.0,2.0,86.66666666666667,86.66666666666667,90.0,9,30.0,10,33.33333333333333,7,23.333333333333332,0,0.0,1,3.3333333333333335,3,10.0,2.066666666666667,1.4817407180595248,2.0,1.0,90.0,90.0,90.0,14,46.666666666666664,9,30.0,4,13.333333333333334,0,0.0,0,0.0,3,10.0,2.066666666666667,1.4817407180595248,2.0,1.0,90.0,90.0,90.0,14,46.666666666666664,9,30.0,4,13.333333333333334,0,0.0,0,0.0,3,10.0,2.3333333333333335,1.4907119849998598,2.0,2.0,80.0,83.33333333333334,96.66666666666667,11,36.666666666666664,10,33.33333333333333,3,10.0,1,3.3333333333333335,4,13.333333333333334,1,3.3333333333333335
432,True,2.3666666666666667,1.4487542541400487,2.0,2.0,83.33333333333334,90.0,93.33333333333333,11,36.666666666666664,7,23.333333333333332,7,23.333333333333332,2,6.666666666666667,1,3.3333333333333335,2,6.666666666666667,2.2,1.6411378166788229,1.0,2.0,76.66666666666667,90.0,90.0,16,53.333333333333336,5,16.666666666666664,2,6.666666666666667,4,13.333333333333334,0,0.0,3,10.0,2.2,1.514375558880073,2.0,2.0,80.0,90.0,93.33333333333333,14,46.666666666666664,7,23.333333333333332,3,10.0,3,10.0,1,3.3333333333333335,2,6.666666666666667,2.6333333333333333,1.7026123718829511,2.0,3.0,70.0,86.66666666666667,86.66666666666667,11,36.666666666666664,6,20.0,4,13.333333333333334,5,16.666666666666664,0,0.0,4,13.333333333333334
433,True,2.7666666666666666,1.54236470683457,2.0,2.75,63.33333333333333,86.66666666666667,93.33333333333333,8,26.666666666666668,8,26.666666666666668,3,10.0,7,23.333333333333332,2,6.666666666666667,2,6.666666666666667,2.533333333333333,1.7074997966487597,2.0,3.0,70.0,83.33333333333334,90.0,12,40.0,7,23.333333333333332,2,6.666666666666667,4,13.333333333333334,2,6.666666666666667,3,10.0,2.6,1.7243356208503418,2.0,2.75,73.33333333333333,83.33333333333334,86.66666666666667,11,36.666666666666664,7,23.333333333333332,4,13.333333333333334,3,10.0,1,3.3333333333333335,4,13.333333333333334,2.6333333333333333,1.4715826703096075,2.0,3.0,63.33333333333333,90.0,96.66666666666667,9,30.0,8,26.666666666666668,2,6.666666666666667,8,26.666666666666668,2,6.666666666666667,1,3.3333333333333335
434,True,2.3333333333333335,1.3498971154211057,2.0,2.0,83.33333333333334,93.33333333333333,93.33333333333333,9,30.0,11,36.666666666666664,5,16.666666666666664,3,10.0,0,0.0,2,6.666666666666667,2.1333333333333333,1.4772346537440226,2.0,1.0,86.66666666666667,86.66666666666667,93.33333333333333,13,43.333333333333336,10,33.33333333333333,3,10.0,0,0.0,2,6.666666666666667,2,6.666666666666667,2.2666666666666666,1.6110727964792764,2.0,1.0,83.33333333333334,83.33333333333334,90.0,12,40.0,11,36.666666666666664,2,6.666666666666667,0,0.0,2,6.666666666666667,3,10.0,2.966666666666667,1.7603661235347858,2.0,2.75,63.33333333333333,73.33333333333333,86.66666666666667,7,23.333333333333332,10,33.33333333333333,2,6.666666666666667,3,10.0,4,13.333333333333334,4,13.333333333333334
435,True,3.2666666666666666,1.5260697523012794,3.0,1.75,73.33333333333333,76.66666666666667,83.33333333333334,3,10.0,6,20.0,13,43.333333333333336,1,3.3333333333333335,2,6.666666666666667,5,16.666666666666664,2.7333333333333334,1.7876116903722563,2.0,2.0,76.66666666666667,76.66666666666667,83.33333333333334,9,30.0,9,30.0,5,16.666666666666664,0,0.0,2,6.666666666666667,5,16.666666666666664,2.7,1.5947831618540917,2.5,2.0,76.66666666666667,83.33333333333334,90.0,9,30.0,6,20.0,8,26.666666666666668,2,6.666666666666667,2,6.666666666666667,3,10.0,3.1666666666666665,1.7336538165261124,3.0,3.0,66.66666666666666,66.66666666666666,86.66666666666667,6,20.0,7,23.333333333333332,7,23.333333333333332,0,0.0,6,20.0,4,13.333333333333334
436,True,2.6666666666666665,1.4452988925785866,2.5,1.0,80.0,90.0,90.0,7,23.333333333333332,8,26.666666666666668,9,30.0,3,10.0,0,0.0,3,10.0,2.2333333333333334,1.4533486237727762,2.0,2.0,83.33333333333334,90.0,93.33333333333333,12,40.0,9,30.0,4,13.333333333333334,2,6.666666666666667,1,3.3333333333333335,2,6.666666666666667,2.3333333333333335,1.5986105077709065,2.0,2.0,80.0,86.66666666666667,90.0,12,40.0,9,30.0,3,10.0,2,6.666666666666667,1,3.3333333333333335,3,10.0,2.966666666666667,1.8162843634433703,2.0,2.0,66.66666666666666,76.66666666666667,80.0,7,23.333333333333332,10,33.33333333333333,3,10.0,3,10.0,1,3.3333333333333335,6,20.0
437,True,3.0,1.505545305418162,2.5,2.0,63.33333333333333,83.33333333333334,90.0,4,13.333333333333334,11,36.666666666666664,4,13.333333333333334,6,20.0,2,6.666666666666667,3,10.0,2.7333333333333334,1.671991493864594,2.0,2.75,70.0,83.33333333333334,86.66666666666667,8,26.666666666666668,10,33.33333333333333,3,10.0,4,13.333333333333334,1,3.3333333333333335,4,13.333333333333334,2.8666666666666667,1.7650936393164969,2.0,1.75,73.33333333333333,80.0,80.0,7,23.333333333333332,10,33.33333333333333,5,16.666666666666664,2,6.666666666666667,0,0.0,6,20.0,2.933333333333333,1.5260697523012796,2.5,2.0,60.0,83.33333333333334,93.33333333333333,6,20.0,9,30.0,3,10.0,7,23.333333333333332,3,10.0,2,6.666666666666667
438,True,3.033333333333333,1.4715826703096078,3.0,1.75,73.33333333333333,83.33333333333334,86.66666666666667,3,10.0,10,33.33333333333333,9,30.0,3,10.0,1,3.3333333333333335,4,13.333333333333334,2.7,1.5524174696260022,2.0,1.0,76.66666666666667,83.33333333333334,90.0,7,23.333333333333332,10,33.33333333333333,6,20.0,2,6.666666666666667,2,6.666666666666667,3,10.0,2.8,1.6812693617224657,2.0,1.75,73.33333333333333,83.33333333333334,83.33333333333334,7,23.333333333333332,10,33.33333333333333,5,16.666666666666664,3,10.0,0,0.0,5,16.666666666666664,3.2333333333333334,1.764149149653232,3.0,3.0,63.33333333333333,66.66666666666666,83.33333333333334,5,16.666666666666664,9,30.0,5,16.666666666666664,1,3.3333333333333335,5,16.666666666666664,5,16.666666666666664
439,True,2.9,1.556705923844749,3.0,1.75,73.33333333333333,86.66666666666667,86.66666666666667,7,23.333333333333332,5,16.666666666666664,10,33.33333333333333,4,13.333333333333334,0,0.0,4,13.333333333333334,2.2666666666666666,1.7499206331208919,1.0,2.0,76.66666666666667,86.66666666666667,86.66666666666667,16,53.333333333333336,5,16.666666666666664,2,6.666666666666667,3,10.0,0,0.0,4,13.333333333333334,2.3,1.6155494421403511,2.0,2.0,76.66666666666667,90.0,90.0,14,46.666666666666664,6,20.0,3,10.0,4,13.333333333333334,0,0.0,3,10.0,2.6666666666666665,1.6996731711975948,2.0,3.0,70.0,86.66666666666667,86.66666666666667,11,36.666666666666664,5,16.666666666666664,5,16.666666666666664,5,16.666666666666664,0,0.0,4,13.333333333333334
440,True,2.5,1.6881943016134133,2.0,2.0,76.66666666666667,83.33333333333334,90.0,13,43.333333333333336,4,13.333333333333334,6,20.0,2,6.666666666666667,2,6.666666666666667,3,10.0,2.1,1.6401219466856725,1.0,1.0,80.0,83.33333333333334,93.33333333333333,17,56.666666666666664,6,20.0,1,3.3333333333333335,1,3.3333333333333335,3,10.0,2,6.666666666666667,2.1,1.6401219466856725,1.0,1.0,80.0,83.33333333333334,93.33333333333333,17,56.666666666666664,6,20.0,1,3.3333333333333335,1,3.3333333333333335,3,10.0,2,6.666666666666667,2.6666666666666665,1.86785676348292,2.0,2.75,73.33333333333333,76.66666666666667,83.33333333333334,12,40.0,6,20.0,4,13.333333333333334,1,3.3333333333333335,2,6.666666666666667,5,16.666666666666664
441,True,2.7666666666666666,1.7451520150277897,2.0,2.75,73.33333333333333,76.66666666666667,86.66666666666667,9,30.0,8,26.666666666666668,5,16.666666666666664,1,3.3333333333333335,3,10.0,4,13.333333333333334,2.3,1.7349351572897471,2.0,1.75,80.0,83.33333333333334,86.66666666666667,14,46.666666666666664,8,26.666666666666668,2,6.666666666666667,1,3.3333333333333335,1,3.3333333333333335,4,13.333333333333334,2.433333333333333,1.7451520150277897,2.0,1.75,76.66666666666667,76.66666666666667,90.0,12,40.0,10,33.33333333333333,1,3.3333333333333335,0,0.0,4,13.333333333333334,3,10.0,2.533333333333333,1.8749814813900312,2.0,3.5,73.33333333333333,73.33333333333333,86.66666666666667,13,43.333333333333336,8,26.666666666666668,1,3.3333333333333335,0,0.0,4,13.333333333333334,4,13.333333333333334
442,True,3.1,1.5132745950421556,3.0,2.0,60.0,83.33333333333334,90.0,5,16.666666666666664,7,23.333333333333332,6,20.0,7,23.333333333333332,2,6.666666666666667,3,10.0,2.7333333333333334,1.5477582354991866,2.0,2.75,70.0,83.33333333333334,93.33333333333333,8,26.666666666666668,8,26.666666666666668,5,16.666666666666664,4,13.333333333333334,3,10.0,2,6.666666666666667,2.8,1.6206994374857624,2.0,2.75,66.66666666666666,83.33333333333334,90.0,8,26.666666666666668,8,26.666666666666668,4,13.333333333333334,5,16.666666666666664,2,6.666666666666667,3,10.0,3.1333333333333333,1.6478942792411035,3.0,2.75,53.333333333333336,73.33333333333333,93.33333333333333,7,23.333333333333332,6,20.0,3,10.0,6,20.0,6,20.0,2,6.666666666666667
443,True,2.7333333333333334,1.4817407180595243,2.5,1.0,76.66666666666667,83.33333333333334,93.33333333333333,7,23.333333333333332,8,26.666666666666668,8,26.666666666666668,2,6.666666666666667,3,10.0,2,6.666666666666667,2.3666666666666667,1.7026123718829513,2.0,2.0,80.0,80.0,90.0,13,43.333333333333336,8,26.666666666666668,3,10.0,0,0.0,3,10.0,3,10.0,2.466666666666667,1.7838784213679537,2.0,2.0,76.66666666666667,80.0,86.66666666666667,13,43.333333333333336,7,23.333333333333332,3,10.0,1,3.3333333333333335,2,6.666666666666667,4,13.333333333333334,2.6333333333333333,1.5162087220725544,2.0,1.75,76.66666666666667,83.33333333333334,93.33333333333333,8,26.666666666666668,9,30.0,6,20.0,2,6.666666666666667,3,10.0,2,6.666666666666667
444,True,2.966666666666667,1.8526257642120338,2.5,3.0,53.333333333333336,76.66666666666667,86.66666666666667,11,36.666666666666664,4,13.333333333333334,1,3.3333333333333335,7,23.333333333333332,3,10.0,4,13.333333333333334,2.4,1.8184242262647807,2.0,2.0,76.66666666666667,83.33333333333334,83.33333333333334,14,46.666666666666664,7,23.333333333333332,2,6.666666666666667,2,6.666666666666667,0,0.0,5,16.666666666666664,2.5,1.6683325008322931,2.0,3.0,66.66666666666666,90.0,90.0,13,43.333333333333336,5,16.666666666666664,2,6.666666666666667,7,23.333333333333332,0,0.0,3,10.0,3.1,1.7953644012660306,3.0,4.0,53.333333333333336,70.0,90.0,9,30.0,5,16.666666666666664,2,6.666666666666667,5,16.666666666666664,6,20.0,3,10.0
445,True,3.3,1.5947831618540917,3.0,2.0,63.33333333333333,76.66666666666667,83.33333333333334,4,13.333333333333334,6,20.0,9,30.0,4,13.333333333333334,2,6.666666666666667,5,16.666666666666664,2.566666666666667,1.9093337988826249,1.5,3.0,70.0,80.0,83.33333333333334,15,50.0,3,10.0,3,10.0,3,10.0,1,3.3333333333333335,5,16.666666666666664,2.6,1.8366636418607882,2.0,2.75,73.33333333333333,83.33333333333334,83.33333333333334,14,46.666666666666664,2,6.666666666666667,6,20.0,3,10.0,0,0.0,5,16.666666666666664,3.1,1.9382122346808839,3.0,4.0,60.0,70.0,80.0,10,33.33333333333333,4,13.333333333333334,4,13.333333333333334,3,10.0,3,10.0,6,20.0
446,True,2.9,1.4910846164230027,3.0,2.0,70.0,86.66666666666667,90.0,6,20.0,7,23.333333333333332,8,26.666666666666668,5,16.666666666666664,1,3.3333333333333335,3,10.0,2.533333333333333,1.8024674446127702,2.0,3.0,66.66666666666666,80.0,90.0,14,46.666666666666664,5,16.666666666666664,1,3.3333333333333335,4,13.333333333333334,3,10.0,3,10.0,2.466666666666667,1.627540748764494,2.0,3.0,70.0,86.66666666666667,93.33333333333333,13,43.333333333333336,5,16.666666666666664,3,10.0,5,16.666666666666664,2,6.666666666666667,2,6.666666666666667,2.8666666666666667,1.746106780494506,2.0,3.0,63.33333333333333,80.0,86.66666666666667,9,30.0,7,23.333333333333332,3,10.0,5,16.666666666666664,2,6.666666666666667,4,13.333333333333334
447,True,3.0,1.570562531918633,3.0,1.75,73.33333333333333,80.0,86.66666666666667,5,16.666666666666664,8,26.666666666666668,9,30.0,2,6.666666666666667,2,6.666666666666667,4,13.333333333333334,2.5,1.3601470508735443,2.0,1.0,80.0,86.66666666666667,96.66666666666667,7,23.333333333333332,12,40.0,5,16.666666666666664,2,6.666666666666667,3,10.0,1,3.3333333333333335,2.533333333333333,1.4313940369055926,2.0,1.0,80.0,86.66666666666667,93.33333333333333,7,23.333333333333332,12,40.0,5,16.666666666666664,2,6.666666666666667,2,6.666666666666667,2,6.666666666666667,2.933333333333333,1.4590712418826193,3.0,1.0,76.66666666666667,83.33333333333334,90.0,5,16.666666666666664,7,23.333333333333332,11,36.666666666666664,2,6.666666666666667,2,6.666666666666667,3,10.0
448,True,2.7333333333333334,1.5260697523012796,2.0,1.0,76.66666666666667,83.33333333333334,90.0,6,20.0,11,36.666666666666664,6,20.0,2,6.666666666666667,2,6.666666666666667,3,10.0,2.3,1.5524174696260022,2.0,2.0,83.33333333333334,83.33333333333334,93.33333333333333,12,40.0,9,30.0,4,13.333333333333334,0,0.0,3,10.0,2,6.666666666666667,2.3666666666666667,1.6428295373802142,2.0,2.0,80.0,83.33333333333334,90.0,12,40.0,9,30.0,3,10.0,1,3.3333333333333335,2,6.666666666666667,3,10.0,2.8,1.661324772583615,2.0,2.75,70.0,83.33333333333334,86.66666666666667,8,26.666666666666668,8,26.666666666666668,5,16.666666666666664,4,13.333333333333334,1,3.3333333333333335,4,13.333333333333334
449,True,3.7,1.3453624047073711,3.0,1.75,63.33333333333333,73.33333333333333,80.0,0,0.0,4,13.333333333333334,15,50.0,3,10.0,2,6.666666666666667,6,20.0,3.3,1.636052158907737,3.0,3.0,56.666666666666664,66.66666666666666,90.0,4,13.333333333333334,9,30.0,4,13.333333333333334,3,10.0,7,23.333333333333332,3,10.0,3.3666666666666667,1.5595583420386112,3.0,3.0,63.33333333333333,70.0,86.66666666666667,3,10.0,7,23.333333333333332,9,30.0,2,6.666666666666667,5,16.666666666666664,4,13.333333333333334,3.6333333333333333,1.5162087220725546,3.0,2.75,53.333333333333336,63.33333333333333,86.66666666666667,2,6.666666666666667,6,20.0,8,26.666666666666668,3,10.0,7,23.333333333333332,4,13.333333333333334
450,True,3.066666666666667,1.5477582354991866,2.5,2.0,60.0,80.0,90.0,4,13.333333333333334,11,36.666666666666664,3,10.0,6,20.0,3,10.0,3,10.0,2.433333333333333,1.5849991237291654,2.0,2.0,76.66666666666667,86.66666666666667,90.0,10,33.33333333333333,11,36.666666666666664,2,6.666666666666667,3,10.0,1,3.3333333333333335,3,10.0,2.533333333333333,1.7269111795984824,2.0,2.0,76.66666666666667,80.0,86.66666666666667,10,33.33333333333333,11,36.666666666666664,2,6.666666666666667,1,3.3333333333333335,2,6.666666666666667,4,13.333333333333334,2.966666666666667,1.7026123718829511,2.0,2.0,63.33333333333333,76.66666666666667,86.66666666666667,6,20.0,11,36.666666666666664,2,6.666666666666667,4,13.333333333333334,3,10.0,4,13.333333333333334
451,True,2.533333333333333,1.4079141387961918,2.0,1.75,80.0,90.0,93.33333333333333,8,26.666666666666668,9,30.0,7,23.333333333333332,3,10.0,1,3.3333333333333335,2,6.666666666666667,2.3666666666666667,1.682920741515245,2.0,2.75,73.33333333333333,86.66666666666667,90.0,14,46.666666666666664,6,20.0,2,6.666666666666667,4,13.333333333333334,1,3.3333333333333335,3,10.0,2.3666666666666667,1.682920741515245,2.0,2.75,73.33333333333333,86.66666666666667,90.0,14,46.666666666666664,6,20.0,2,6.666666666666667,4,13.333333333333334,1,3.3333333333333335,3,10.0,3.1333333333333333,1.9787762772874442,3.0,4.0,60.0,70.0,76.66666666666667,10,33.33333333333333,4,13.333333333333334,4,13.333333333333334,3,10.0,2,6.666666666666667,7,23.333333333333332
452,True,2.933333333333333,1.5260697523012796,3.0,2.0,70.0,86.66666666666667,86.66666666666667,5,16.666666666666664,9,30.0,7,23.333333333333332,5,16.666666666666664,0,0.0,4,13.333333333333334,2.3333333333333335,1.5129074290546958,2.0,2.0,83.33333333333334,90.0,90.0,11,36.666666666666664,9,30.0,5,16.666666666666664,2,6.666666666666667,0,0.0,3,10.0,2.466666666666667,1.6478942792411035,2.0,2.0,80.0,86.66666666666667,86.66666666666667,11,36.666666666666664,8,26.666666666666668,5,16.666666666666664,2,6.666666666666667,0,0.0,4,13.333333333333334,2.8,1.7009801096230766,2.0,2.5,73.33333333333333,83.33333333333334,83.33333333333334,8,26.666666666666668,8,26.666666666666668,6,20.0,3,10.0,0,0.0,5,16.666666666666664
453,True,2.8333333333333335,1.654958878307521,2.5,3.0,63.33333333333333,83.33333333333334,90.0,9,30.0,6,20.0,4,13.333333333333334,6,20.0,2,6.666666666666667,3,10.0,2.5,1.8211717839530315,1.5,3.0,70.0,83.33333333333334,86.66666666666667,15,50.0,3,10.0,3,10.0,4,13.333333333333334,1,3.3333333333333335,4,13.333333333333334,2.6333333333333333,1.8162843634433703,2.0,3.0,60.0,86.66666666666667,86.66666666666667,14,46.666666666666664,3,10.0,1,3.3333333333333335,8,26.666666666666668,0,0.0,4,13.333333333333334,3.5,2.0289570391377603,4.0,4.75,46.666666666666664,60.0,73.33333333333333,9,30.0,3,10.0,2,6.666666666666667,4,13.333333333333334,4,13.333333333333334,8,26.666666666666668
454,True,2.9,1.7194960502038574,2.0,2.0,70.0,80.0,83.33333333333334,7,23.333333333333332,9,30.0,5,16.666666666666664,3,10.0,1,3.3333333333333335,5,16.666666666666664,2.4,1.6852299546352716,2.0,2.0,76.66666666666667,86.66666666666667,86.66666666666667,12,40.0,9,30.0,2,6.666666666666667,3,10.0,0,0.0,4,13.333333333333334,2.7,1.8284784202536637,2.0,2.0,76.66666666666667,80.0,80.0,10,33.33333333333333,8,26.666666666666668,5,16.666666666666664,1,3.3333333333333335,0,0.0,6,20.0,2.7333333333333334,1.7113996870657915,2.0,3.0,66.66666666666666,80.0,90.0,10,33.33333333333333,7,23.333333333333332,3,10.0,4,13.333333333333334,3,10.0,3,10.0
455,True,3.0,1.3165611772087666,3.0,2.0,60.0,86.66666666666667,96.66666666666667,3,10.0,11,36.666666666666664,4,13.333333333333334,8,26.666666666666668,3,10.0,1,3.3333333333333335,2.6333333333333333,1.251221625274897,2.0,1.75,73.33333333333333,93.33333333333333,96.66666666666667,5,16.666666666666664,12,40.0,5,16.666666666666664,6,20.0,1,3.3333333333333335,1,3.3333333333333335,2.7666666666666666,1.4533486237727762,2.0,2.0,70.0,90.0,90.0,5,16.666666666666664,12,40.0,4,13.333333333333334,6,20.0,0,0.0,3,10.0,3.066666666666667,1.6316317667360554,3.0,2.0,63.33333333333333,83.33333333333334,83.33333333333334,5,16.666666666666664,9,30.0,5,16.666666666666664,6,20.0,0,0.0,5,16.666666666666664
456,True,2.8,1.446835627614047,2.5,2.0,70.0,86.66666666666667,93.33333333333333,6,20.0,9,30.0,6,20.0,5,16.666666666666664,2,6.666666666666667,2,6.666666666666667,2.533333333333333,1.5434449203720302,2.0,2.75,73.33333333333333,86.66666666666667,93.33333333333333,10,33.33333333333333,8,26.666666666666668,4,13.333333333333334,4,13.333333333333334,2,6.666666666666667,2,6.666666666666667,2.6333333333333333,1.6629959577688562,2.0,2.75,73.33333333333333,86.66666666666667,86.66666666666667,10,33.33333333333333,7,23.333333333333332,5,16.666666666666664,4,13.333333333333334,0,0.0,4,13.333333333333334,2.933333333333333,1.7499206331208919,2.5,3.0,60.0,80.0,86.66666666666667,9,30.0,6,20.0,3,10.0,6,20.0,2,6.666666666666667,4,13.333333333333334
457,True,2.7666666666666666,1.5205992970609392,3.0,1.75,76.66666666666667,86.66666666666667,90.0,8,26.666666666666668,5,16.666666666666664,10,33.33333333333333,3,10.0,1,3.3333333333333335,3,10.0,2.3333333333333335,1.4907119849998598,2.0,2.0,80.0,90.0,93.33333333333333,12,40.0,7,23.333333333333332,5,16.666666666666664,3,10.0,1,3.3333333333333335,2,6.666666666666667,2.433333333333333,1.6265163865007801,2.0,2.0,76.66666666666667,86.66666666666667,90.0,12,40.0,7,23.333333333333332,4,13.333333333333334,3,10.0,1,3.3333333333333335,3,10.0,2.7333333333333334,1.6719914938645934,2.5,2.75,73.33333333333333,80.0,90.0,10,33.33333333333333,5,16.666666666666664,7,23.333333333333332,2,6.666666666666667,3,10.0,3,10.0
458,True,2.566666666666667,1.430229196861662,2.0,1.0,83.33333333333334,90.0,90.0,7,23.333333333333332,10,33.33333333333333,8,26.666666666666668,2,6.666666666666667,0,0.0,3,10.0,2.433333333333333,1.6468825769380833,2.0,2.0,80.0,86.66666666666667,86.66666666666667,11,36.666666666666664,9,30.0,4,13.333333333333334,2,6.666666666666667,0,0.0,4,13.333333333333334,2.466666666666667,1.627540748764494,2.0,2.0,83.33333333333334,86.66666666666667,86.66666666666667,11,36.666666666666664,7,23.333333333333332,7,23.333333333333332,1,3.3333333333333335,0,0.0,4,13.333333333333334,2.8,1.7009801096230763,2.0,2.75,70.0,80.0,86.66666666666667,8,26.666666666666668,9,30.0,4,13.333333333333334,3,10.0,2,6.666666666666667,4,13.333333333333334
459,True,2.7666666666666666,1.5849991237291652,2.5,2.5,73.33333333333333,83.33333333333334,90.0,8,26.666666666666668,7,23.333333333333332,7,23.333333333333332,3,10.0,2,6.666666666666667,3,10.0,2.3,1.6155494421403511,2.0,2.0,80.0,86.66666666666667,90.0,13,43.333333333333336,8,26.666666666666668,3,10.0,2,6.666666666666667,1,3.3333333333333335,3,10.0,2.3,1.6360521589077368,2.0,1.75,83.33333333333334,86.66666666666667,86.66666666666667,12,40.0,10,33.33333333333333,3,10.0,1,3.3333333333333335,0,0.0,4,13.333333333333334,2.8333333333333335,1.9163043135739746,2.0,3.0,66.66666666666666,76.66666666666667,80.0,11,36.666666666666664,6,20.0,3,10.0,3,10.0,1,3.3333333333333335,6,20.0
460,True,2.7,1.3203534880225574,2.5,1.0,80.0,90.0,93.33333333333333,5,16.666666666666664,10,33.33333333333333,9,30.0,3,10.0,1,3.3333333333333335,2,6.666666666666667,2.3333333333333335,1.3743685418725535,2.0,2.0,83.33333333333334,93.33333333333333,93.33333333333333,10,33.33333333333333,9,30.0,6,20.0,3,10.0,0,0.0,2,6.666666666666667,2.5,1.5438048235879214,2.0,2.0,76.66666666666667,90.0,90.0,10,33.33333333333333,8,26.666666666666668,5,16.666666666666664,4,13.333333333333334,0,0.0,3,10.0,2.933333333333333,1.5260697523012796,3.0,2.0,70.0,86.66666666666667,86.66666666666667,5,16.666666666666664,9,30.0,7,23.333333333333332,5,16.666666666666664,0,0.0,4,13.333333333333334
461,True,2.8,1.7009801096230763,3.0,2.0,76.66666666666667,83.33333333333334,83.33333333333334,9,30.0,5,16.666666666666664,9,30.0,2,6.666666666666667,0,0.0,5,16.666666666666664,2.533333333333333,1.5648926125740672,2.0,2.0,80.0,86.66666666666667,90.0,10,33.33333333333333,7,23.333333333333332,7,23.333333333333332,2,6.666666666666667,1,3.3333333333333335,3,10.0,2.6666666666666665,1.679947089113887,2.0,2.0,76.66666666666667,83.33333333333334,86.66666666666667,10,33.33333333333333,6,20.0,7,23.333333333333332,2,6.666666666666667,1,3.3333333333333335,4,13.333333333333334,2.933333333333333,1.6519348924485158,3.0,3.0,66.66666666666666,80.0,90.0,9,30.0,3,10.0,8,26.666666666666668,4,13.333333333333334,3,10.0,3,10.0
462,True,2.3666666666666667,1.4715826703096078,2.0,2.0,83.33333333333334,86.66666666666667,93.33333333333333,10,33.33333333333333,10,33.33333333333333,5,16.666666666666664,1,3.3333333333333335,2,6.666666666666667,2,6.666666666666667,2.1666666666666665,1.5933891203622825,1.0,2.0,80.0,86.66666666666667,93.33333333333333,16,53.333333333333336,5,16.666666666666664,3,10.0,2,6.666666666666667,2,6.666666666666667,2,6.666666666666667,2.2333333333333334,1.6265163865007803,1.0,2.0,76.66666666666667,86.66666666666667,93.33333333333333,16,53.333333333333336,4,13.333333333333334,3,10.0,3,10.0,2,6.666666666666667,2,6.666666666666667,2.9,1.9553345834749953,2.0,3.75,63.33333333333333,73.33333333333333,80.0,11,36.666666666666664,6,20.0,2,6.666666666666667,3,10.0,2,6.666666666666667,6,20.0
463,True,2.8666666666666667,1.564892612574067,3.0,2.75,66.66666666666666,86.66666666666667,90.0,8,26.666666666666668,5,16.666666666666664,7,23.333333333333332,6,20.0,1,3.3333333333333335,3,10.0,2.3333333333333335,1.398411797560202,2.0,2.0,86.66666666666667,93.33333333333333,93.33333333333333,12,40.0,4,13.333333333333334,10,33.33333333333333,2,6.666666666666667,0,0.0,2,6.666666666666667,2.533333333333333,1.5216949614017772,2.0,2.0,80.0,90.0,90.0,10,33.33333333333333,6,20.0,8,26.666666666666668,3,10.0,0,0.0,3,10.0,2.533333333333333,1.4079141387961918,2.5,2.0,76.66666666666667,90.0,96.66666666666667,10,33.33333333333333,5,16.666666666666664,8,26.666666666666668,4,13.333333333333334,2,6.666666666666667,1,3.3333333333333335
464,True,3.2666666666666666,1.5260697523012796,3.0,2.0,63.33333333333333,76.66666666666667,86.66666666666667,3,10.0,8,26.666666666666668,8,26.666666666666668,4,13.333333333333334,3,10.0,4,13.333333333333334,2.8333333333333335,1.6141733350404335,2.5,2.75,66.66666666666666,83.33333333333334,90.0,8,26.666666666666668,7,23.333333333333332,5,16.666666666666664,5,16.666666666666664,2,6.666666666666667,3,10.0,3.0,1.6532795690182993,3.0,2.0,60.0,83.33333333333334,86.66666666666667,7,23.333333333333332,7,23.333333333333332,4,13.333333333333334,7,23.333333333333332,1,3.3333333333333335,4,13.333333333333334,3.2,1.7397317800933187,3.0,2.75,60.0,73.33333333333333,83.33333333333334,6,20.0,7,23.333333333333332,5,16.666666666666664,4,13.333333333333334,3,10.0,5,16.666666666666664
465,True,2.8333333333333335,1.654958878307521,2.0,2.75,66.66666666666666,80.0,90.0,8,26.666666666666668,8,26.666666666666668,4,13.333333333333334,4,13.333333333333334,3,10.0,3,10.0,2.6,1.7435595774162693,2.0,3.0,70.0,80.0,90.0,12,40.0,6,20.0,3,10.0,3,10.0,3,10.0,3,10.0,2.7,1.7349351572897473,2.0,2.75,73.33333333333333,80.0,86.66666666666667,10,33.33333333333333,7,23.333333333333332,5,16.666666666666664,2,6.666666666666667,2,6.666666666666667,4,13.333333333333334,2.7333333333333334,1.6918103387266026,2.0,3.0,63.33333333333333,80.0,93.33333333333333,11,36.666666666666664,5,16.666666666666664,3,10.0,5,16.666666666666664,4,13.333333333333334,2,6.666666666666667
466,True,2.533333333333333,1.6069294390925266,2.0,2.0,76.66666666666667,86.66666666666667,90.0,11,36.666666666666664,6,20.0,6,20.0,3,10.0,1,3.3333333333333335,3,10.0,2.3333333333333335,1.679947089113887,2.0,2.0,80.0,83.33333333333334,90.0,14,46.666666666666664,6,20.0,4,13.333333333333334,1,3.3333333333333335,2,6.666666666666667,3,10.0,2.4,1.624807680927192,2.0,2.0,83.33333333333334,83.33333333333334,90.0,12,40.0,7,23.333333333333332,6,20.0,0,0.0,2,6.666666666666667,3,10.0,2.9,1.885912687975418,2.5,3.5,73.33333333333333,73.33333333333333,80.0,10,33.33333333333333,5,16.666666666666664,7,23.333333333333332,0,0.0,2,6.666666666666667,6,20.0
467,True,3.066666666666667,1.7113996870657915,3.0,2.0,66.66666666666666,76.66666666666667,83.33333333333334,6,20.0,8,26.666666666666668,6,20.0,3,10.0,2,6.666666666666667,5,16.666666666666664,2.6666666666666665,1.8135294011647258,2.0,3.0,70.0,80.0,83.33333333333334,10,33.33333333333333,10,33.33333333333333,1,3.3333333333333335,3,10.0,1,3.3333333333333335,5,16.666666666666664,2.6333333333333333,1.6629959577688562,2.0,3.0,70.0,83.33333333333334,90.0,10,33.33333333333333,8,26.666666666666668,3,10.0,4,13.333333333333334,2,6.666666666666667,3,10.0,2.8666666666666667,1.564892612574067,2.5,2.75,56.666666666666664,86.66666666666667,93.33333333333333,8,26.666666666666668,7,23.333333333333332,2,6.666666666666667,9,30.0,2,6.666666666666667,2,6.666666666666667
468,True,2.8,1.5577761927397231,3.0,3.0,53.333333333333336,93.33333333333333,93.33333333333333,10,33.33333333333333,4,13.333333333333334,2,6.666666666666667,12,40.0,0,0.0,2,6.666666666666667,2.466666666666667,1.7074997966487597,2.0,3.0,70.0,86.66666666666667,90.0,14,46.666666666666664,4,13.333333333333334,3,10.0,5,16.666666666666664,1,3.3333333333333335,3,10.0,2.5,1.6881943016134133,2.0,3.0,70.0,86.66666666666667,90.0,13,43.333333333333336,5,16.666666666666664,3,10.0,5,16.666666666666664,1,3.3333333333333335,3,10.0,3.1333333333333333,2.0286832072937253,2.5,4.0,53.333333333333336,70.0,76.66666666666667,11,36.666666666666664,4,13.333333333333334,1,3.3333333333333335,5,16.666666666666664,2,6.666666666666667,7,23.333333333333332
469,True,2.7666666666666666,1.3337499349161706,3.0,1.0,76.66666666666667,90.0,93.33333333333333,5,16.666666666666664,9,30.0,9,30.0,4,13.333333333333334,1,3.3333333333333335,2,6.666666666666667,2.3666666666666667,1.3535960336164636,2.0,2.0,80.0,93.33333333333333,96.66666666666667,11,36.666666666666664,6,20.0,7,23.333333333333332,4,13.333333333333334,1,3.3333333333333335,1,3.3333333333333335,2.3333333333333335,1.247219128924647,2.0,2.0,83.33333333333334,96.66666666666667,96.66666666666667,10,33.33333333333333,7,23.333333333333332,8,26.666666666666668,4,13.333333333333334,0,0.0,1,3.3333333333333335,2.8,1.7397317800933185,2.5,3.0,63.33333333333333,80.0,90.0,11,36.666666666666664,4,13.333333333333334,4,13.333333333333334,5,16.666666666666664,3,10.0,3,10.0
470,True,2.966666666666667,1.5595583420386114,3.0,2.0,63.33333333333333,83.33333333333334,90.0,6,20.0,8,26.666666666666668,5,16.666666666666664,6,20.0,2,6.666666666666667,3,10.0,2.8666666666666667,1.892675942210452,2.0,3.0,66.66666666666666,76.66666666666667,80.0,10,33.33333333333333,7,23.333333333333332,3,10.0,3,10.0,1,3.3333333333333335,6,20.0,2.8,1.661324772583615,2.5,3.0,66.66666666666666,86.66666666666667,86.66666666666667,9,30.0,6,20.0,5,16.666666666666664,6,20.0,0,0.0,4,13.333333333333334,3.066666666666667,1.7499206331208916,3.0,2.0,63.33333333333333,76.66666666666667,83.33333333333334,7,23.333333333333332,7,23.333333333333332,5,16.666666666666664,4,13.333333333333334,2,6.666666666666667,5,16.666666666666664
471,True,2.533333333333333,1.2578641509408806,3.0,1.75,83.33333333333334,93.33333333333333,96.66666666666667,8,26.666666666666668,6,20.0,11,36.666666666666664,3,10.0,1,3.3333333333333335,1,3.3333333333333335,2.533333333333333,1.5648926125740668,2.0,2.0,83.33333333333334,83.33333333333334,90.0,9,30.0,9,30.0,7,23.333333333333332,0,0.0,2,6.666666666666667,3,10.0,2.6666666666666665,1.6397831834998458,2.0,1.75,76.66666666666667,83.33333333333334,86.66666666666667,8,26.666666666666668,10,33.33333333333333,5,16.666666666666664,2,6.666666666666667,1,3.3333333333333335,4,13.333333333333334,3.1333333333333333,1.9275776393067947,2.5,3.75,63.33333333333333,70.0,76.66666666666667,8,26.666666666666668,7,23.333333333333332,4,13.333333333333334,2,6.666666666666667,2,6.666666666666667,7,23.333333333333332
472,True,2.6,1.540562667772179,2.5,2.0,76.66666666666667,90.0,90.0,10,33.33333333333333,5,16.666666666666664,8,26.666666666666668,4,13.333333333333334,0,0.0,3,10.0,2.6,1.8903262505010434,2.0,3.0,70.0,80.0,83.33333333333334,14,46.666666666666664,4,13.333333333333334,3,10.0,3,10.0,1,3.3333333333333335,5,16.666666666666664,2.433333333333333,1.6265163865007801,2.0,2.0,76.66666666666667,83.33333333333334,93.33333333333333,13,43.333333333333336,5,16.666666666666664,5,16.666666666666664,2,6.666666666666667,3,10.0,2,6.666666666666667,3.033333333333333,1.9232495649002208,2.5,3.75,66.66666666666666,73.33333333333333,76.66666666666667,9,30.0,6,20.0,5,16.666666666666664,2,6.666666666666667,1,3.3333333333333335,7,23.333333333333332
473,True,2.3333333333333335,1.5776212754932308,2.0,2.0,76.66666666666667,90.0,90.0,12,40.0,9,30.0,2,6.666666666666667,4,13.333333333333334,0,0.0,3,10.0,1.8666666666666667,1.2840906856172147,1.0,1.0,83.33333333333334,96.66666666666667,96.66666666666667,17,56.666666666666664,7,23.333333333333332,1,3.3333333333333335,4,13.333333333333334,0,0.0,1,3.3333333333333335,1.9333333333333333,1.412641340027806,1.0,1.0,83.33333333333334,93.33333333333333,93.33333333333333,16,53.333333333333336,9,30.0,0,0.0,3,10.0,0,0.0,2,6.666666666666667,2.6333333333333333,1.8162843634433703,2.0,3.0,70.0,83.33333333333334,83.33333333333334,12,40.0,6,20.0,3,10.0,4,13.333333333333334,0,0.0,5,16.666666666666664
474,True,2.566666666666667,1.4985177861992682,2.0,2.75,73.33333333333333,90.0,93.33333333333333,10,33.33333333333333,6,20.0,6,20.0,5,16.666666666666664,1,3.3333333333333335,2,6.666666666666667,2.3,1.6155494421403511,2.0,2.0,83.33333333333334,86.66666666666667,90.0,14,46.666666666666664,5,16.666666666666664,6,20.0,1,3.3333333333333335,1,3.3333333333333335,3,10.0,2.3333333333333335,1.6193277068654823,2.0,2.0,83.33333333333334,86.66666666666667,90.0,14,46.666666666666664,4,13.333333333333334,7,23.333333333333332,1,3.3333333333333335,1,3.3333333333333335,3,10.0,2.933333333333333,1.7876116903722563,3.0,4.0,66.66666666666666,70.0,90.0,10,33.33333333333333,4,13.333333333333334,6,20.0,1,3.3333333333333335,6,20.0,3,10.0
475,True,2.7666666666666666,1.6058919293927874,2.0,1.75,73.33333333333333,80.0,90.0,7,23.333333333333332,10,33.33333333333333,5,16.666666666666664,2,6.666666666666667,3,10.0,3,10.0,2.3333333333333335,1.4681810363696826,2.0,2.0,80.0,90.0,93.33333333333333,11,36.666666666666664,9,30.0,4,13.333333333333334,3,10.0,1,3.3333333333333335,2,6.666666666666667,2.4,1.5187714333192688,2.0,2.0,80.0,86.66666666666667,93.33333333333333,11,36.666666666666664,8,26.666666666666668,5,16.666666666666664,2,6.666666666666667,2,6.666666666666667,2,6.666666666666667,2.533333333333333,1.384035966135113,2.0,1.75,76.66666666666667,93.33333333333333,93.33333333333333,8,26.666666666666668,9,30.0,6,20.0,5,16.666666666666664,0,0.0,2,6.666666666666667
476,True,2.8333333333333335,1.6549588783075213,3.0,2.75,73.33333333333333,83.33333333333334,86.66666666666667,9,30.0,4,13.333333333333334,9,30.0,3,10.0,1,3.3333333333333335,4,13.333333333333334,2.4,1.42828568570857,2.0,2.0,80.0,93.33333333333333,93.33333333333333,11,36.666666666666664,6,20.0,7,23.333333333333332,4,13.333333333333334,0,0.0,2,6.666666666666667,2.6,1.6451950239004087,2.5,2.0,80.0,86.66666666666667,86.66666666666667,11,36.666666666666664,4,13.333333333333334,9,30.0,2,6.666666666666667,0,0.0,4,13.333333333333334,2.8333333333333335,1.5073892072793351,3.0,2.5,73.33333333333333,83.33333333333334,93.33333333333333,8,26.666666666666668,4,13.333333333333334,10,33.33333333333333,3,10.0,3,10.0,2,6.666666666666667
477,True,3.2,1.4696938456699067,3.0,2.0,66.66666666666666,83.33333333333334,86.66666666666667,4,13.333333333333334,5,16.666666666666664,11,36.666666666666664,5,16.666666666666664,1,3.3333333333333335,4,13.333333333333334,2.6,1.4047538337136984,2.0,1.0,76.66666666666667,90.0,93.33333333333333,7,23.333333333333332,10,33.33333333333333,6,20.0,4,13.333333333333334,1,3.3333333333333335,2,6.666666666666667,2.8666666666666667,1.4772346537440226,2.5,1.75,73.33333333333333,80.0,93.33333333333333,5,16.666666666666664,10,33.33333333333333,7,23.333333333333332,2,6.666666666666667,4,13.333333333333334,2,6.666666666666667,3.033333333333333,1.5807874268505835,3.0,2.0,63.33333333333333,80.0,90.0,6,20.0,7,23.333333333333332,6,20.0,5,16.666666666666664,3,10.0,3,10.0
478,True,1.9,1.374772708486752,1.5,1.0,90.0,90.0,93.33333333333333,15,50.0,11,36.666666666666664,1,3.3333333333333335,0,0.0,1,3.3333333333333335,2,6.666666666666667,1.7,1.2948616399703354,1.0,1.0,90.0,90.0,96.66666666666667,19,63.33333333333333,8,26.666666666666668,0,0.0,0,0.0,2,6.666666666666667,1,3.3333333333333335,1.8,1.4236104336041748,1.0,1.0,86.66666666666667,86.66666666666667,96.66666666666667,19,63.33333333333333,7,23.333333333333332,0,0.0,0,0.0,3,10.0,1,3.3333333333333335,2.033333333333333,1.601735170231195,1.0,1.0,83.33333333333334,83.33333333333334,93.33333333333333,17,56.666666666666664,7,23.333333333333332,1,3.3333333333333335,0,0.0,3,10.0,2,6.666666666666667
479,True,2.2,1.2489995996796797,2.0,2.0,83.33333333333334,96.66666666666667,96.66666666666667,11,36.666666666666664,9,30.0,5,16.666666666666664,4,13.333333333333334,0,0.0,1,3.3333333333333335,2.066666666666667,1.3888444437333107,2.0,1.75,86.66666666666667,93.33333333333333,93.33333333333333,14,46.666666666666664,8,26.666666666666668,4,13.333333333333334,2,6.666666666666667,0,0.0,2,6.666666666666667,2.1666666666666665,1.4851112939963644,2.0,2.0,83.33333333333334,90.0,93.33333333333333,14,46.666666666666664,7,23.333333333333332,4,13.333333333333334,2,6.666666666666667,1,3.3333333333333335,2,6.666666666666667,2.6333333333333333,1.7603661235347856,2.0,2.75,73.33333333333333,80.0,86.66666666666667,11,36.666666666666664,7,23.333333333333332,4,13.333333333333334,2,6.666666666666667,2,6.666666666666667,4,13.333333333333334
480,True,3.4,1.42828568570857,3.0,2.0,53.333333333333336,76.66666666666667,90.0,2,6.666666666666667,8,26.666666666666668,6,20.0,7,23.333333333333332,4,13.333333333333334,3,10.0,2.7,1.530795000427338,2.0,2.5,73.33333333333333,83.33333333333334,93.33333333333333,8,26.666666666666668,8,26.666666666666668,6,20.0,3,10.0,3,10.0,2,6.666666666666667,2.8333333333333335,1.654958878307521,2.5,2.75,70.0,83.33333333333334,86.66666666666667,8,26.666666666666668,7,23.333333333333332,6,20.0,4,13.333333333333334,1,3.3333333333333335,4,13.333333333333334,3.3333333333333335,1.7191729277636836,3.0,2.75,60.0,73.33333333333333,80.0,5,16.666666666666664,6,20.0,7,23.333333333333332,4,13.333333333333334,2,6.666666666666667,6,20.0
481,True,2.966666666666667,1.4940623220676648,3.0,2.75,63.33333333333333,86.66666666666667,93.33333333333333,8,26.666666666666668,2,6.666666666666667,9,30.0,7,23.333333333333332,2,6.666666666666667,2,6.666666666666667,2.6,1.624807680927192,2.0,2.75,73.33333333333333,86.66666666666667,90.0,11,36.666666666666664,5,16.666666666666664,6,20.0,4,13.333333333333334,1,3.3333333333333335,3,10.0,2.7,1.5088627063675033,3.0,3.0,66.66666666666666,86.66666666666667,96.66666666666667,10,33.33333333333333,4,13.333333333333334,6,20.0,6,20.0,3,10.0,1,3.3333333333333335,3.3333333333333335,1.8499249234015476,3.0,2.75,53.333333333333336,73.33333333333333,76.66666666666667,7,23.333333333333332,5,16.666666666666664,4,13.333333333333334,6,20.0,1,3.3333333333333335,7,23.333333333333332
482,True,2.9,1.3747727084867523,3.0,1.75,73.33333333333333,80.0,96.66666666666667,4,13.333333333333334,10,33.33333333333333,8,26.666666666666668,2,6.666666666666667,5,16.666666666666664,1,3.3333333333333335,2.566666666666667,1.4067298564006128,2.0,1.0,83.33333333333334,86.66666666666667,93.33333333333333,7,23.333333333333332,10,33.33333333333333,8,26.666666666666668,1,3.3333333333333335,2,6.666666666666667,2,6.666666666666667,2.566666666666667,1.4067298564006128,2.0,1.0,83.33333333333334,86.66666666666667,93.33333333333333,7,23.333333333333332,10,33.33333333333333,8,26.666666666666668,1,3.3333333333333335,2,6.666666666666667,2,6.666666666666667,2.933333333333333,1.5477582354991866,3.0,1.75,73.33333333333333,76.66666666666667,93.33333333333333,7,23.333333333333332,5,16.666666666666664,10,33.33333333333333,1,3.3333333333333335,5,16.666666666666664,2,6.666666666666667
483,True,3.0,1.4832396974191326,3.0,2.0,63.33333333333333,83.33333333333334,93.33333333333333,6,20.0,6,20.0,7,23.333333333333332,6,20.0,3,10.0,2,6.666666666666667,2.2666666666666666,1.4360439485692011,2.0,2.0,80.0,90.0,96.66666666666667,13,43.333333333333336,6,20.0,5,16.666666666666664,3,10.0,2,6.666666666666667,1,3.3333333333333335,2.4,1.518771433319269,2.0,2.0,76.66666666666667,86.66666666666667,96.66666666666667,13,43.333333333333336,4,13.333333333333334,6,20.0,3,10.0,3,10.0,1,3.3333333333333335,2.8,1.869046102516825,2.0,3.75,66.66666666666666,73.33333333333333,86.66666666666667,12,40.0,4,13.333333333333334,4,13.333333333333334,2,6.666666666666667,4,13.333333333333334,4,13.333333333333334
484,True,2.8333333333333335,1.5293426329272615,2.0,2.0,70.0,83.33333333333334,90.0,5,16.666666666666664,12,40.0,4,13.333333333333334,4,13.333333333333334,2,6.666666666666667,3,10.0,2.566666666666667,1.6669999666733315,2.0,2.0,76.66666666666667,80.0,90.0,10,33.33333333333333,9,30.0,4,13.333333333333334,1,3.3333333333333335,3,10.0,3,10.0,2.7,1.8101565309847285,2.0,2.0,76.66666666666667,76.66666666666667,83.33333333333334,10,33.33333333333333,8,26.666666666666668,5,16.666666666666664,0,0.0,2,6.666666666666667,5,16.666666666666664,3.033333333333333,1.7413277182145301,2.5,3.5,56.666666666666664,73.33333333333333,90.0,8,26.666666666666668,7,23.333333333333332,2,6.666666666666667,5,16.666666666666664,5,16.666666666666664,3,10.0
485,True,2.566666666666667,1.358512258154322,2.0,1.0,83.33333333333334,86.66666666666667,93.33333333333333,5,16.666666666666664,14,46.666666666666664,6,20.0,1,3.3333333333333335,2,6.666666666666667,2,6.666666666666667,2.2333333333333334,1.3337499349161706,2.0,1.75,83.33333333333334,90.0,96.66666666666667,10,33.33333333333333,12,40.0,3,10.0,2,6.666666666666667,2,6.666666666666667,1,3.3333333333333335,2.3666666666666667,1.5380362660079103,2.0,2.0,83.33333333333334,86.66666666666667,90.0,10,33.33333333333333,11,36.666666666666664,4,13.333333333333334,1,3.3333333333333335,1,3.3333333333333335,3,10.0,2.7,1.7540429489230493,2.0,2.5,73.33333333333333,80.0,83.33333333333334,8,26.666666666666668,12,40.0,2,6.666666666666667,2,6.666666666666667,1,3.3333333333333335,5,16.666666666666664
486,True,2.9,1.6401219466856727,3.0,2.75,70.0,83.33333333333334,86.66666666666667,8,26.666666666666668,5,16.666666666666664,8,26.666666666666668,4,13.333333333333334,1,3.3333333333333335,4,13.333333333333334,2.466666666666667,1.746106780494506,2.0,2.75,73.33333333333333,80.0,90.0,13,43.333333333333336,7,23.333333333333332,2,6.666666666666667,2,6.666666666666667,3,10.0,3,10.0,2.566666666666667,1.8199511592958264,2.0,2.75,73.33333333333333,76.66666666666667,86.66666666666667,12,40.0,8,26.666666666666668,2,6.666666666666667,1,3.3333333333333335,3,10.0,4,13.333333333333334,2.8333333333333335,1.674979270186815,2.5,3.0,66.66666666666666,80.0,90.0,9,30.0,6,20.0,5,16.666666666666664,4,13.333333333333334,3,10.0,3,10.0
487,True,3.066666666666667,1.671991493864594,3.0,3.5,56.666666666666664,73.33333333333333,93.33333333333333,8,26.666666666666668,5,16.666666666666664,4,13.333333333333334,5,16.666666666666664,6,20.0,2,6.666666666666667,2.6,1.7625738755203049,2.0,2.75,73.33333333333333,76.66666666666667,90.0,12,40.0,6,20.0,4,13.333333333333334,1,3.3333333333333335,4,13.333333333333334,3,10.0,2.6666666666666665,1.8318175552045448,2.0,3.0,70.0,76.66666666666667,86.66666666666667,12,40.0,6,20.0,3,10.0,2,6.666666666666667,3,10.0,4,13.333333333333334,3.2333333333333334,1.8740923729160792,3.0,3.75,56.666666666666664,70.0,80.0,8,26.666666666666668,5,16.666666666666664,4,13.333333333333334,4,13.333333333333334,3,10.0,6,20.0
488,True,3.0,1.4605934866804429,3.0,2.0,70.0,86.66666666666667,86.66666666666667,3,10.0,11,36.666666666666664,7,23.333333333333332,5,16.666666666666664,0,0.0,4,13.333333333333334,2.7333333333333334,1.5477582354991866,2.0,2.0,70.0,86.66666666666667,90.0,7,23.333333333333332,10,33.33333333333333,4,13.333333333333334,5,16.666666666666664,1,3.3333333333333335,3,10.0,2.7333333333333334,1.364632632697248,2.0,1.75,73.33333333333333,90.0,93.33333333333333,5,16.666666666666664,11,36.666666666666664,6,20.0,5,16.666666666666664,1,3.3333333333333335,2,6.666666666666667,2.7333333333333334,1.3888444437333105,2.0,2.0,70.0,86.66666666666667,96.66666666666667,6,20.0,10,33.33333333333333,5,16.666666666666664,5,16.666666666666664,3,10.0,1,3.3333333333333335
489,True,3.3,1.6360521589077368,3.0,2.75,56.666666666666664,73.33333333333333,86.66666666666667,5,16.666666666666664,6,20.0,6,20.0,5,16.666666666666664,4,13.333333333333334,4,13.333333333333334,2.6,1.6852299546352718,2.0,2.75,73.33333333333333,76.66666666666667,93.33333333333333,11,36.666666666666664,7,23.333333333333332,4,13.333333333333334,1,3.3333333333333335,5,16.666666666666664,2,6.666666666666667,2.8,1.7962924780409975,2.0,3.0,66.66666666666666,76.66666666666667,86.66666666666667,10,33.33333333333333,7,23.333333333333332,3,10.0,3,10.0,3,10.0,4,13.333333333333334,3.2333333333333334,1.6669999666733315,3.0,3.0,60.0,63.33333333333333,93.33333333333333,6,20.0,6,20.0,6,20.0,1,3.3333333333333335,9,30.0,2,6.666666666666667
490,True,3.1,1.57797338380595,3.0,2.0,60.0,80.0,90.0,6,20.0,6,20.0,6,20.0,6,20.0,3,10.0,3,10.0,2.8,1.5362291495737217,2.5,1.75,73.33333333333333,80.0,93.33333333333333,7,23.333333333333332,8,26.666666666666668,7,23.333333333333332,2,6.666666666666667,4,13.333333333333334,2,6.666666666666667,2.933333333333333,1.6316317667360556,3.0,1.0,76.66666666666667,76.66666666666667,86.66666666666667,6,20.0,8,26.666666666666668,9,30.0,0,0.0,3,10.0,4,13.333333333333334,3.206896551724138,1.6687660182845323,3.0,2.0,65.51724137931035,75.86206896551724,82.75862068965517,5,17.24137931034483,6,20.689655172413794,8,27.586206896551722,3,10.344827586206897,2,6.896551724137931,5,17.24137931034483
491,True,2.4,1.42828568570857,2.0,2.0,80.0,86.66666666666667,96.66666666666667,10,33.33333333333333,9,30.0,5,16.666666666666664,2,6.666666666666667,3,10.0,1,3.3333333333333335,2.3333333333333335,1.6397831834998458,2.0,2.0,76.66666666666667,86.66666666666667,90.0,13,43.333333333333336,8,26.666666666666668,2,6.666666666666667,3,10.0,1,3.3333333333333335,3,10.0,2.5,1.7841898254763513,2.0,3.0,70.0,83.33333333333334,86.66666666666667,13,43.333333333333336,7,23.333333333333332,1,3.3333333333333335,4,13.333333333333334,1,3.3333333333333335,4,13.333333333333334,2.5,1.648231375343482,2.0,2.75,73.33333333333333,86.66666666666667,90.0,12,40.0,6,20.0,4,13.333333333333334,4,13.333333333333334,1,3.3333333333333335,3,10.0
492,True,3.1666666666666665,1.5723301886761003,3.5,2.0,50.0,80.0,93.33333333333333,7,23.333333333333332,4,13.333333333333334,4,13.333333333333334,9,30.0,4,13.333333333333334,2,6.666666666666667,2.933333333333333,1.6316317667360556,3.0,2.75,60.0,83.33333333333334,90.0,8,26.666666666666668,6,20.0,4,13.333333333333334,7,23.333333333333332,2,6.666666666666667,3,10.0,3.0,1.7126976771553504,3.0,2.75,60.0,80.0,86.66666666666667,8,26.666666666666668,6,20.0,4,13.333333333333334,6,20.0,2,6.666666666666667,4,13.333333333333334,3.4,1.6041612554021285,4.0,2.75,43.333333333333336,73.33333333333333,90.0,5,16.666666666666664,6,20.0,2,6.666666666666667,9,30.0,5,16.666666666666664,3,10.0
493,True,3.2333333333333334,1.54236470683457,3.0,2.0,53.333333333333336,80.0,90.0,5,16.666666666666664,6,20.0,5,16.666666666666664,8,26.666666666666668,3,10.0,3,10.0,2.7,1.6563010998406458,2.0,3.0,66.66666666666666,80.0,93.33333333333333,10,33.33333333333333,7,23.333333333333332,3,10.0,4,13.333333333333334,4,13.333333333333334,2,6.666666666666667,2.8333333333333335,1.674979270186815,2.0,2.75,66.66666666666666,83.33333333333334,86.66666666666667,8,26.666666666666668,8,26.666666666666668,4,13.333333333333334,5,16.666666666666664,1,3.3333333333333335,4,13.333333333333334,3.3333333333333335,1.6599866130651644,3.5,2.75,50.0,73.33333333333333,86.66666666666667,5,16.666666666666664,7,23.333333333333332,3,10.0,7,23.333333333333332,4,13.333333333333334,4,13.333333333333334
494,True,3.0,1.61245154965971,3.0,2.75,56.666666666666664,80.0,93.33333333333333,8,26.666666666666668,5,16.666666666666664,4,13.333333333333334,7,23.333333333333332,4,13.333333333333334,2,6.666666666666667,2.6333333333333333,1.8705317128797596,2.0,3.0,63.33333333333333,80.0,86.66666666666667,14,46.666666666666664,4,13.333333333333334,1,3.3333333333333335,5,16.666666666666664,2,6.666666666666667,4,13.333333333333334,2.7666666666666666,1.9267128022157902,2.0,3.75,66.66666666666666,73.33333333333333,83.33333333333334,12,40.0,6,20.0,2,6.666666666666667,2,6.666666666666667,3,10.0,5,16.666666666666664,3.033333333333333,1.834545054108935,3.0,3.0,53.333333333333336,80.0,83.33333333333334,10,33.33333333333333,4,13.333333333333334,2,6.666666666666667,8,26.666666666666668,1,3.3333333333333335,5,16.666666666666664
495,True,3.1333333333333333,1.4079141387961918,3.0,2.0,56.666666666666664,86.66666666666667,93.33333333333333,5,16.666666666666664,5,16.666666666666664,7,23.333333333333332,9,30.0,2,6.666666666666667,2,6.666666666666667,2.7333333333333334,1.7499206331208916,2.0,3.0,70.0,76.66666666666667,90.0,11,36.666666666666664,5,16.666666666666664,5,16.666666666666664,2,6.666666666666667,4,13.333333333333334,3,10.0,2.8666666666666667,1.687865186822955,2.5,3.0,63.33333333333333,80.0,90.0,9,30.0,6,20.0,4,13.333333333333334,5,16.666666666666664,3,10.0,3,10.0,2.966666666666667,1.7792008193443358,3.0,3.75,66.66666666666666,73.33333333333333,86.66666666666667,9,30.0,5,16.666666666666664,6,20.0,2,6.666666666666667,4,13.333333333333334,4,13.333333333333334
496,True,2.2666666666666666,1.0934146311237813,2.0,1.75,90.0,93.33333333333333,100.0,8,26.666666666666668,11,36.666666666666664,8,26.666666666666668,1,3.3333333333333335,2,6.666666666666667,0,0.0,2.066666666666667,1.3888444437333107,2.0,1.0,83.33333333333334,93.33333333333333,93.33333333333333,13,43.333333333333336,11,36.666666666666664,1,3.3333333333333335,3,10.0,0,0.0,2,6.666666666666667,2.033333333333333,1.3535960336164634,2.0,1.0,86.66666666666667,93.33333333333333,93.33333333333333,13,43.333333333333336,11,36.666666666666664,2,6.666666666666667,2,6.666666666666667,0,0.0,2,6.666666666666667,2.566666666666667,1.6868774571839995,2.0,2.0,76.66666666666667,83.33333333333334,86.66666666666667,10,33.33333333333333,9,30.0,4,13.333333333333334,2,6.666666666666667,1,3.3333333333333335,4,13.333333333333334
497,True,2.9,1.3253930234714029,3.0,2.0,66.66666666666666,86.66666666666667,96.66666666666667,4,13.333333333333334,10,33.33333333333333,6,20.0,6,20.0,3,10.0,1,3.3333333333333335,2.6333333333333333,1.5807874268505835,2.0,1.0,76.66666666666667,86.66666666666667,86.66666666666667,7,23.333333333333332,12,40.0,4,13.333333333333334,3,10.0,0,0.0,4,13.333333333333334,2.6666666666666665,1.5129074290546958,2.0,2.0,70.0,90.0,90.0,7,23.333333333333332,11,36.666666666666664,3,10.0,6,20.0,0,0.0,3,10.0,3.1333333333333333,1.627540748764494,2.5,2.0,60.0,76.66666666666667,86.66666666666667,4,13.333333333333334,11,36.666666666666664,3,10.0,5,16.666666666666664,3,10.0,4,13.333333333333334
498,True,2.966666666666667,1.4940623220676645,3.0,1.75,73.33333333333333,80.0,90.0,4,13.333333333333334,10,33.33333333333333,8,26.666666666666668,2,6.666666666666667,3,10.0,3,10.0,2.4,1.451436070471816,2.0,2.0,80.0,86.66666666666667,96.66666666666667,11,36.666666666666664,7,23.333333333333332,6,20.0,2,6.666666666666667,3,10.0,1,3.3333333333333335,2.6333333333333333,1.6224124698183944,2.0,2.0,76.66666666666667,83.33333333333334,90.0,10,33.33333333333333,6,20.0,7,23.333333333333332,2,6.666666666666667,2,6.666666666666667,3,10.0,2.8,1.6613247725836149,2.5,3.0,70.0,80.0,90.0,9,30.0,6,20.0,6,20.0,3,10.0,3,10.0,3,10.0
499,True,3.1333333333333333,1.765093639316497,3.0,2.0,66.66666666666666,76.66666666666667,80.0,7,23.333333333333332,5,16.666666666666664,8,26.666666666666668,3,10.0,1,3.3333333333333335,6,20.0,2.6666666666666665,1.7191729277636836,2.0,3.0,70.0,80.0,90.0,11,36.666666666666664,6,20.0,4,13.333333333333334,3,10.0,3,10.0,3,10.0,2.8333333333333335,1.790406533599438,2.0,3.0,66.66666666666666,80.0,83.33333333333334,9,30.0,8,26.666666666666668,3,10.0,4,13.333333333333334,1,3.3333333333333335,5,16.666666666666664,3.033333333333333,1.7220788470785986,3.0,3.5,60.0,73.33333333333333,90.0,8,26.666666666666668,6,20.0,4,13.333333333333334,4,13.333333333333334,5,16.666666666666664,3,10.0
500,True,2.3,1.345362404707371,2.0,2.0,86.66666666666667,93.33333333333333,93.33333333333333,10,33.33333333333333,9,30.0,7,23.333333333333332,2,6.666666666666667,0,0.0,2,6.666666666666667,2.1666666666666665,1.5293426329272617,2.0,2.0,86.66666666666667,90.0,90.0,14,46.666666666666664,7,23.333333333333332,5,16.666666666666664,1,3.3333333333333335,0,0.0,3,10.0,2.2333333333333334,1.5205992970609392,2.0,2.0,86.66666666666667,90.0,90.0,13,43.333333333333336,7,23.333333333333332,6,20.0,1,3.3333333333333335,0,0.0,3,10.0,2.6666666666666665,1.5986105077709065,2.5,2.0,80.0,86.66666666666667,86.66666666666667,9,30.0,6,20.0,9,30.0,2,6.666666666666667,0,0.0,4,13.333333333333334
501,True,3.2333333333333334,1.4761059883656353,3.0,2.0,60.0,80.0,90.0,4,13.333333333333334,6,20.0,8,26.666666666666668,6,20.0,3,10.0,3,10.0,2.8666666666666667,1.7074997966487597,3.0,3.0,63.33333333333333,80.0,90.0,10,33.33333333333333,4,13.333333333333334,5,16.666666666666664,5,16.666666666666664,3,10.0,3,10.0,2.966666666666667,1.7413277182145301,3.0,3.0,66.66666666666666,76.66666666666667,86.66666666666667,9,30.0,4,13.333333333333334,7,23.333333333333332,3,10.0,3,10.0,4,13.333333333333334,3.2666666666666666,1.4360439485692011,3.0,2.0,60.0,80.0,90.0,3,10.0,7,23.333333333333332,8,26.666666666666668,6,20.0,3,10.0,3,10.0
502,True,2.7666666666666666,1.3337499349161703,3.0,1.0,83.33333333333334,90.0,90.0,4,13.333333333333334,10,33.33333333333333,11,36.666666666666664,2,6.666666666666667,0,0.0,3,10.0,2.533333333333333,1.4996295838935991,2.0,2.0,83.33333333333334,83.33333333333334,93.33333333333333,9,30.0,8,26.666666666666668,8,26.666666666666668,0,0.0,3,10.0,2,6.666666666666667,2.6666666666666665,1.577621275493231,2.0,1.0,83.33333333333334,83.33333333333334,86.66666666666667,7,23.333333333333332,10,33.33333333333333,8,26.666666666666668,0,0.0,1,3.3333333333333335,4,13.333333333333334,2.933333333333333,1.569146972791976,3.0,2.0,70.0,76.66666666666667,93.33333333333333,7,23.333333333333332,6,20.0,8,26.666666666666668,2,6.666666666666667,5,16.666666666666664,2,6.666666666666667
503,True,2.566666666666667,1.2023125864580952,2.0,1.0,86.66666666666667,93.33333333333333,93.33333333333333,4,13.333333333333334,13,43.333333333333336,9,30.0,2,6.666666666666667,0,0.0,2,6.666666666666667,2.4,1.2543258481484518,2.0,1.0,86.66666666666667,93.33333333333333,93.33333333333333,6,20.0,14,46.666666666666664,6,20.0,2,6.666666666666667,0,0.0,2,6.666666666666667,2.466666666666667,1.2578641509408806,2.0,1.0,83.33333333333334,90.0,96.66666666666667,6,20.0,13,43.333333333333336,6,20.0,2,6.666666666666667,2,6.666666666666667,1,3.3333333333333335,2.8666666666666667,1.564892612574067,2.0,1.75,73.33333333333333,83.33333333333334,86.66666666666667,5,16.666666666666664,11,36.666666666666664,6,20.0,3,10.0,1,3.3333333333333335,4,13.333333333333334
504,True,2.9,1.3,3.0,2.0,70.0,93.33333333333333,93.33333333333333,5,16.666666666666664,6,20.0,10,33.33333333333333,7,23.333333333333332,0,0.0,2,6.666666666666667,2.7666666666666666,1.7259457954666158,2.0,3.0,70.0,80.0,86.66666666666667,9,30.0,8,26.666666666666668,4,13.333333333333334,3,10.0,2,6.666666666666667,4,13.333333333333334,2.7333333333333334,1.6519348924485155,2.5,2.0,76.66666666666667,83.33333333333334,86.66666666666667,9,30.0,6,20.0,8,26.666666666666668,2,6.666666666666667,1,3.3333333333333335,4,13.333333333333334,3.5,1.746424919657298,3.0,3.0,53.333333333333336,66.66666666666666,80.0,5,16.666666666666664,5,16.666666666666664,6,20.0,4,13.333333333333334,4,13.333333333333334,6,20.0
505,True,2.8333333333333335,1.5073892072793351,2.5,2.0,70.0,86.66666666666667,90.0,6,20.0,9,30.0,6,20.0,5,16.666666666666664,1,3.3333333333333335,3,10.0,2.3333333333333335,1.5563490039905006,2.0,2.0,76.66666666666667,86.66666666666667,93.33333333333333,12,40.0,9,30.0,2,6.666666666666667,3,10.0,2,6.666666666666667,2,6.666666666666667,2.3666666666666667,1.5380362660079103,2.0,2.0,76.66666666666667,86.66666666666667,93.33333333333333,11,36.666666666666664,10,33.33333333333333,2,6.666666666666667,3,10.0,2,6.666666666666667,2,6.666666666666667,2.933333333333333,1.6110727964792764,2.5,2.0,63.33333333333333,76.66666666666667,93.33333333333333,7,23.333333333333332,8,26.666666666666668,4,13.333333333333334,4,13.333333333333334,5,16.666666666666664,2,6.666666666666667
506,True,2.8,1.5143755588800731,3.0,1.75,76.66666666666667,86.66666666666667,90.0,8,26.666666666666668,4,13.333333333333334,11,36.666666666666664,3,10.0,1,3.3333333333333335,3,10.0,2.3666666666666667,1.3535960336164636,2.0,2.0,83.33333333333334,90.0,96.66666666666667,10,33.33333333333333,8,26.666666666666668,7,23.333333333333332,2,6.666666666666667,2,6.666666666666667,1,3.3333333333333335,2.6,1.5832456116050557,2.0,2.0,80.0,83.33333333333334,90.0,9,30.0,8,26.666666666666668,7,23.333333333333332,1,3.3333333333333335,2,6.666666666666667,3,10.0,3.033333333333333,1.7792008193443356,2.5,2.75,66.66666666666666,73.33333333333333,83.33333333333334,7,23.333333333333332,8,26.666666666666668,5,16.666666666666664,2,6.666666666666667,3,10.0,5,16.666666666666664
507,True,2.8333333333333335,1.5509853498842456,2.0,2.0,70.0,83.33333333333334,90.0,6,20.0,10,33.33333333333333,5,16.666666666666664,4,13.333333333333334,2,6.666666666666667,3,10.0,2.533333333333333,1.6478942792411033,2.0,2.0,83.33333333333334,83.33333333333334,86.66666666666667,10,33.33333333333333,8,26.666666666666668,7,23.333333333333332,0,0.0,1,3.3333333333333335,4,13.333333333333334,2.5,1.52206000757745,2.0,2.0,76.66666666666667,86.66666666666667,93.33333333333333,10,33.33333333333333,8,26.666666666666668,5,16.666666666666664,3,10.0,2,6.666666666666667,2,6.666666666666667,2.8666666666666667,1.7269111795984826,3.0,2.75,73.33333333333333,76.66666666666667,86.66666666666667,9,30.0,5,16.666666666666664,8,26.666666666666668,1,3.3333333333333335,3,10.0,4,13.333333333333334
508,False,2.8,1.351542328847553,2.0,2.0,70.0,90.0,93.33333333333333,4,13.333333333333334,12,40.0,5,16.666666666666664,6,20.0,1,3.3333333333333335,2,6.666666666666667,2.6333333333333333,1.471582670309608,2.0,1.75,73.33333333333333,90.0,90.0,6,20.0,13,43.333333333333336,3,10.0,5,16.666666666666664,0,0.0,3,10.0,2.8,1.5790292376436015,2.0,2.0,70.0,86.66666666666667,86.66666666666667,6,20.0,11,36.666666666666664,4,13.333333333333334,5,16.666666666666664,0,0.0,4,13.333333333333334,3.3448275862068964,1.7670521345267525,3.0,3.0,58.620689655172406,72.41379310344827,75.86206896551724,3,10.344827586206897,11,37.93103448275862,3,10.344827586206897,4,13.793103448275861,1,3.4482758620689653,7,24.137931034482758
509,True,2.9,1.7578395831246947,2.0,3.5,70.0,73.33333333333333,86.66666666666667,8,26.666666666666668,8,26.666666666666668,5,16.666666666666664,1,3.3333333333333335,4,13.333333333333334,4,13.333333333333334,2.3,1.6563010998406458,2.0,2.0,76.66666666666667,86.66666666666667,90.0,14,46.666666666666664,7,23.333333333333332,2,6.666666666666667,3,10.0,1,3.3333333333333335,3,10.0,2.533333333333333,1.8749814813900312,2.0,2.75,73.33333333333333,80.0,83.33333333333334,14,46.666666666666664,5,16.666666666666664,3,10.0,2,6.666666666666667,1,3.3333333333333335,5,16.666666666666664,2.8,1.833030277982336,2.0,3.0,60.0,80.0,86.66666666666667,12,40.0,4,13.333333333333334,2,6.666666666666667,6,20.0,2,6.666666666666667,4,13.333333333333334
510,True,3.2333333333333334,1.4533486237727762,3.0,2.0,60.0,80.0,90.0,3,10.0,8,26.666666666666668,7,23.333333333333332,6,20.0,3,10.0,3,10.0,2.7666666666666666,1.4761059883656353,2.5,1.0,76.66666666666667,86.66666666666667,90.0,6,20.0,9,30.0,8,26.666666666666668,3,10.0,1,3.3333333333333335,3,10.0,2.9,1.5351438586225938,3.0,2.0,70.0,83.33333333333334,90.0,6,20.0,8,26.666666666666668,7,23.333333333333332,4,13.333333333333334,2,6.666666666666667,3,10.0,3.3333333333333335,1.6996731711975952,3.0,2.75,60.0,73.33333333333333,80.0,4,13.333333333333334,8,26.666666666666668,6,20.0,4,13.333333333333334,2,6.666666666666667,6,20.0
511,True,3.066666666666667,1.569146972791976,3.0,2.75,60.0,80.0,93.33333333333333,8,26.666666666666668,2,6.666666666666667,8,26.666666666666668,6,20.0,4,13.333333333333334,2,6.666666666666667,2.7,1.7729448195962934,2.0,3.0,66.66666666666666,83.33333333333334,86.66666666666667,12,40.0,4,13.333333333333334,4,13.333333333333334,5,16.666666666666664,1,3.3333333333333335,4,13.333333333333334,3.0,2.0,2.5,4.0,60.0,70.0,80.0,12,40.0,3,10.0,3,10.0,3,10.0,3,10.0,6,20.0,3.033333333333333,1.7978382080215733,3.0,3.0,56.666666666666664,76.66666666666667,86.66666666666667,10,33.33333333333333,3,10.0,4,13.333333333333334,6,20.0,3,10.0,4,13.333333333333334
512,True,2.533333333333333,1.309792180292567,2.0,1.0,80.0,90.0,96.66666666666667,7,23.333333333333332,10,33.33333333333333,7,23.333333333333332,3,10.0,2,6.666666666666667,1,3.3333333333333335,2.3333333333333335,1.2736648783028532,2.0,2.0,83.33333333333334,93.33333333333333,96.66666666666667,9,30.0,10,33.33333333333333,6,20.0,3,10.0,1,3.3333333333333335,1,3.3333333333333335,2.4,1.4047538337136984,2.0,2.0,83.33333333333334,90.0,93.33333333333333,9,30.0,10,33.33333333333333,6,20.0,2,6.666666666666667,1,3.3333333333333335,2,6.666666666666667,2.9,1.6603212540549697,3.0,2.75,70.0,76.66666666666667,90.0,8,26.666666666666668,6,20.0,7,23.333333333333332,2,6.666666666666667,4,13.333333333333334,3,10.0
513,True,3.0,1.61245154965971,3.0,2.0,66.66666666666666,76.66666666666667,90.0,6,20.0,8,26.666666666666668,6,20.0,3,10.0,4,13.333333333333334,3,10.0,2.566666666666667,1.7451520150277897,2.0,2.75,73.33333333333333,83.33333333333334,86.66666666666667,12,40.0,6,20.0,4,13.333333333333334,3,10.0,1,3.3333333333333335,4,13.333333333333334,2.533333333333333,1.687865186822955,2.0,2.75,73.33333333333333,86.66666666666667,86.66666666666667,11,36.666666666666664,8,26.666666666666668,3,10.0,4,13.333333333333334,0,0.0,4,13.333333333333334,2.7586206896551726,1.715148981440812,2.0,3.0,68.96551724137932,82.75862068965517,86.20689655172413,9,31.03448275862069,7,24.137931034482758,4,13.793103448275861,4,13.793103448275861,1,3.4482758620689653,4,13.793103448275861
514,True,2.5,1.408308678285174,2.0,2.0,80.0,86.66666666666667,96.66666666666667,9,30.0,8,26.666666666666668,7,23.333333333333332,2,6.666666666666667,3,10.0,1,3.3333333333333335,2.2,1.5577761927397231,2.0,1.75,86.66666666666667,86.66666666666667,90.0,13,43.333333333333336,9,30.0,4,13.333333333333334,0,0.0,1,3.3333333333333335,3,10.0,2.3666666666666667,1.7026123718829513,2.0,1.75,80.0,83.33333333333334,86.66666666666667,12,40.0,10,33.33333333333333,2,6.666666666666667,1,3.3333333333333335,1,3.3333333333333335,4,13.333333333333334,2.7,1.7156145643277028,2.0,2.75,73.33333333333333,76.66666666666667,90.0,10,33.33333333333333,7,23.333333333333332,5,16.666666666666664,1,3.3333333333333335,4,13.333333333333334,3,10.0
515,True,2.4,1.4742229591663987,2.0,1.75,86.66666666666667,86.66666666666667,90.0,8,26.666666666666668,13,43.333333333333336,5,16.666666666666664,0,0.0,1,3.3333333333333335,3,10.0,2.0,1.2382783747337807,2.0,1.0,90.0,93.33333333333333,96.66666666666667,13,43.333333333333336,10,33.33333333333333,4,13.333333333333334,1,3.3333333333333335,1,3.3333333333333335,1,3.3333333333333335,2.2666666666666666,1.6110727964792764,2.0,1.75,80.0,86.66666666666667,90.0,13,43.333333333333336,9,30.0,2,6.666666666666667,2,6.666666666666667,1,3.3333333333333335,3,10.0,2.7,1.7540429489230491,2.0,1.0,76.66666666666667,76.66666666666667,83.33333333333334,7,23.333333333333332,14,46.666666666666664,2,6.666666666666667,0,0.0,2,6.666666666666667,5,16.666666666666664
516,True,3.1333333333333333,1.586050300449376,3.0,2.0,63.33333333333333,80.0,86.66666666666667,5,16.666666666666664,7,23.333333333333332,7,23.333333333333332,5,16.666666666666664,2,6.666666666666667,4,13.333333333333334,2.3333333333333335,1.4452988925785866,2.0,2.0,86.66666666666667,86.66666666666667,93.33333333333333,10,33.33333333333333,10,33.33333333333333,6,20.0,0,0.0,2,6.666666666666667,2,6.666666666666667,2.6,1.6852299546352718,2.0,2.75,73.33333333333333,80.0,90.0,10,33.33333333333333,9,30.0,3,10.0,2,6.666666666666667,3,10.0,3,10.0,2.7333333333333334,1.6110727964792761,2.0,3.0,70.0,80.0,93.33333333333333,9,30.0,7,23.333333333333332,5,16.666666666666664,3,10.0,4,13.333333333333334,2,6.666666666666667
517,True,2.9,1.6802777548171413,3.0,2.75,70.0,80.0,86.66666666666667,8,26.666666666666668,6,20.0,7,23.333333333333332,3,10.0,2,6.666666666666667,4,13.333333333333334,2.3,1.8466185312619388,1.0,2.0,80.0,83.33333333333334,83.33333333333334,17,56.666666666666664,3,10.0,4,13.333333333333334,1,3.3333333333333335,0,0.0,5,16.666666666666664,2.466666666666667,1.7650936393164969,2.0,2.75,73.33333333333333,80.0,90.0,14,46.666666666666664,5,16.666666666666664,3,10.0,2,6.666666666666667,3,10.0,3,10.0,2.566666666666667,1.8740923729160797,2.0,2.0,80.0,80.0,80.0,13,43.333333333333336,5,16.666666666666664,6,20.0,0,0.0,0,0.0,6,20.0
518,True,2.3666666666666667,1.2512216252748973,2.0,2.0,83.33333333333334,96.66666666666667,96.66666666666667,10,33.33333333333333,6,20.0,9,30.0,4,13.333333333333334,0,0.0,1,3.3333333333333335,2.3333333333333335,1.6193277068654826,2.0,2.0,80.0,83.33333333333334,93.33333333333333,14,46.666666666666664,5,16.666666666666664,5,16.666666666666664,1,3.3333333333333335,3,10.0,2,6.666666666666667,2.5,1.707825127659933,2.0,2.0,76.66666666666667,80.0,90.0,12,40.0,7,23.333333333333332,4,13.333333333333334,1,3.3333333333333335,3,10.0,3,10.0,2.5,1.4548768561863463,2.0,2.75,73.33333333333333,90.0,96.66666666666667,11,36.666666666666664,5,16.666666666666664,6,20.0,5,16.666666666666664,2,6.666666666666667,1,3.3333333333333335
519,True,2.9,1.556705923844749,3.0,2.0,63.33333333333333,86.66666666666667,90.0,7,23.333333333333332,7,23.333333333333332,5,16.666666666666664,7,23.333333333333332,1,3.3333333333333335,3,10.0,2.3666666666666667,1.3034143197344767,2.0,2.0,80.0,93.33333333333333,96.66666666666667,9,30.0,10,33.33333333333333,5,16.666666666666664,4,13.333333333333334,1,3.3333333333333335,1,3.3333333333333335,2.566666666666667,1.5638272140986533,2.0,2.0,76.66666666666667,86.66666666666667,90.0,9,30.0,9,30.0,5,16.666666666666664,3,10.0,1,3.3333333333333335,3,10.0,2.7666666666666666,1.4302291968616623,2.0,2.0,66.66666666666666,90.0,93.33333333333333,6,20.0,10,33.33333333333333,4,13.333333333333334,7,23.333333333333332,1,3.3333333333333335,2,6.666666666666667
520,True,2.7,1.2948616399703354,3.0,2.0,70.0,90.0,100.0,7,23.333333333333332,7,23.333333333333332,7,23.333333333333332,6,20.0,3,10.0,0,0.0,2.3333333333333335,1.6193277068654823,2.0,2.0,80.0,86.66666666666667,90.0,13,43.333333333333336,7,23.333333333333332,4,13.333333333333334,2,6.666666666666667,1,3.3333333333333335,3,10.0,2.3333333333333335,1.5347819244295116,2.0,2.0,83.33333333333334,90.0,90.0,12,40.0,7,23.333333333333332,6,20.0,2,6.666666666666667,0,0.0,3,10.0,2.7666666666666666,1.5638272140986533,2.5,2.75,70.0,86.66666666666667,90.0,8,26.666666666666668,7,23.333333333333332,6,20.0,5,16.666666666666664,1,3.3333333333333335,3,10.0
521,True,2.8,1.7776388834631178,2.0,3.0,66.66666666666666,83.33333333333334,83.33333333333334,10,33.33333333333333,6,20.0,4,13.333333333333334,5,16.666666666666664,0,0.0,5,16.666666666666664,2.3666666666666667,1.7603661235347858,2.0,2.0,76.66666666666667,83.33333333333334,86.66666666666667,14,46.666666666666664,7,23.333333333333332,2,6.666666666666667,2,6.666666666666667,1,3.3333333333333335,4,13.333333333333334,2.533333333333333,1.8208667044996885,2.0,3.0,70.0,80.0,86.66666666666667,13,43.333333333333336,7,23.333333333333332,1,3.3333333333333335,3,10.0,2,6.666666666666667,4,13.333333333333334,3.2,1.886796226411321,3.0,3.75,56.666666666666664,70.0,80.0,8,26.666666666666668,6,20.0,3,10.0,4,13.333333333333334,3,10.0,6,20.0
522,True,2.7666666666666666,1.5638272140986536,2.5,1.0,76.66666666666667,86.66666666666667,86.66666666666667,7,23.333333333333332,8,26.666666666666668,8,26.666666666666668,3,10.0,0,0.0,4,13.333333333333334,2.3666666666666667,1.834545054108935,1.0,2.0,76.66666666666667,80.0,86.66666666666667,16,53.333333333333336,4,13.333333333333334,3,10.0,1,3.3333333333333335,2,6.666666666666667,4,13.333333333333334,2.3666666666666667,1.7220788470785986,2.0,2.0,80.0,83.33333333333334,86.66666666666667,13,43.333333333333336,8,26.666666666666668,3,10.0,1,3.3333333333333335,1,3.3333333333333335,4,13.333333333333334,2.933333333333333,1.9821424996424677,2.0,4.0,63.33333333333333,70.0,80.0,11,36.666666666666664,6,20.0,2,6.666666666666667,2,6.666666666666667,3,10.0,6,20.0
523,True,2.8333333333333335,1.6749792701868151,2.5,2.5,73.33333333333333,80.0,86.66666666666667,8,26.666666666666668,7,23.333333333333332,7,23.333333333333332,2,6.666666666666667,2,6.666666666666667,4,13.333333333333334,2.433333333333333,1.6468825769380833,2.0,2.0,80.0,83.33333333333334,90.0,12,40.0,7,23.333333333333332,5,16.666666666666664,1,3.3333333333333335,2,6.666666666666667,3,10.0,2.466666666666667,1.564892612574067,2.0,2.0,76.66666666666667,86.66666666666667,93.33333333333333,12,40.0,5,16.666666666666664,6,20.0,3,10.0,2,6.666666666666667,2,6.666666666666667,2.7,1.636052158907737,2.5,2.75,73.33333333333333,83.33333333333334,90.0,10,33.33333333333333,5,16.666666666666664,7,23.333333333333332,3,10.0,2,6.666666666666667,3,10.0
524,True,2.6,1.5620499351813308,2.0,2.0,76.66666666666667,86.66666666666667,90.0,9,30.0,8,26.666666666666668,6,20.0,3,10.0,1,3.3333333333333335,3,10.0,2.433333333333333,1.6868774571839993,2.0,2.0,76.66666666666667,86.66666666666667,86.66666666666667,12,40.0,8,26.666666666666668,3,10.0,3,10.0,0,0.0,4,13.333333333333334,2.466666666666667,1.627540748764494,2.0,2.0,80.0,86.66666666666667,86.66666666666667,10,33.33333333333333,10,33.33333333333333,4,13.333333333333334,2,6.666666666666667,0,0.0,4,13.333333333333334,2.933333333333333,1.8785337071473829,2.0,3.0,63.33333333333333,76.66666666666667,80.0,9,30.0,8,26.666666666666668,2,6.666666666666667,4,13.333333333333334,1,3.3333333333333335,6,20.0
525,True,2.9,1.3988090172238192,3.0,2.0,66.66666666666666,86.66666666666667,96.66666666666667,7,23.333333333333332,4,13.333333333333334,9,30.0,6,20.0,3,10.0,1,3.3333333333333335,2.533333333333333,1.6679994670929073,2.0,2.0,76.66666666666667,83.33333333333334,90.0,12,40.0,5,16.666666666666664,6,20.0,2,6.666666666666667,2,6.666666666666667,3,10.0,2.8666666666666667,1.80246744461277,2.5,3.75,70.0,73.33333333333333,86.66666666666667,10,33.33333333333333,5,16.666666666666664,6,20.0,1,3.3333333333333335,4,13.333333333333334,4,13.333333333333334,3.2333333333333334,1.8381754238616312,3.0,3.0,60.0,70.0,80.0,7,23.333333333333332,6,20.0,5,16.666666666666664,3,10.0,3,10.0,6,20.0
526,True,3.433333333333333,1.7065234314893605,3.5,3.0,50.0,70.0,83.33333333333334,5,16.666666666666664,6,20.0,4,13.333333333333334,6,20.0,4,13.333333333333334,5,16.666666666666664,2.466666666666667,1.384035966135113,2.0,2.75,73.33333333333333,93.33333333333333,96.66666666666667,10,33.33333333333333,7,23.333333333333332,5,16.666666666666664,6,20.0,1,3.3333333333333335,1,3.3333333333333335,2.5,1.4548768561863463,2.0,2.75,73.33333333333333,93.33333333333333,93.33333333333333,10,33.33333333333333,7,23.333333333333332,5,16.666666666666664,6,20.0,0,0.0,2,6.666666666666667,3.0,1.5275252316519468,3.0,2.0,60.0,86.66666666666667,90.0,6,20.0,7,23.333333333333332,5,16.666666666666664,8,26.666666666666668,1,3.3333333333333335,3,10.0
527,True,2.9,1.491084616423003,3.0,2.0,63.33333333333333,86.66666666666667,93.33333333333333,7,23.333333333333332,6,20.0,6,20.0,7,23.333333333333332,2,6.666666666666667,2,6.666666666666667,2.466666666666667,1.564892612574067,2.0,2.0,76.66666666666667,90.0,90.0,11,36.666666666666664,7,23.333333333333332,5,16.666666666666664,4,13.333333333333334,0,0.0,3,10.0,2.6,1.6852299546352718,2.0,2.75,73.33333333333333,86.66666666666667,86.66666666666667,11,36.666666666666664,6,20.0,5,16.666666666666664,4,13.333333333333334,0,0.0,4,13.333333333333334,2.7333333333333334,1.6519348924485153,2.0,3.0,63.33333333333333,86.66666666666667,90.0,10,33.33333333333333,6,20.0,3,10.0,7,23.333333333333332,1,3.3333333333333335,3,10.0
528,True,2.5,1.5652475842498528,2.0,2.75,73.33333333333333,86.66666666666667,93.33333333333333,11,36.666666666666664,7,23.333333333333332,4,13.333333333333334,4,13.333333333333334,2,6.666666666666667,2,6.666666666666667,2.1,1.57797338380595,1.0,1.75,83.33333333333334,90.0,90.0,16,53.333333333333336,6,20.0,3,10.0,2,6.666666666666667,0,0.0,3,10.0,2.3333333333333335,1.776388345929897,1.0,2.0,76.66666666666667,80.0,90.0,16,53.333333333333336,4,13.333333333333334,3,10.0,1,3.3333333333333335,3,10.0,3,10.0,2.9,2.0712315177207983,2.0,4.0,63.33333333333333,70.0,76.66666666666667,13,43.333333333333336,4,13.333333333333334,2,6.666666666666667,2,6.666666666666667,2,6.666666666666667,7,23.333333333333332
529,True,2.6333333333333333,1.559558342038611,2.0,1.0,76.66666666666667,83.33333333333334,90.0,7,23.333333333333332,12,40.0,4,13.333333333333334,2,6.666666666666667,2,6.666666666666667,3,10.0,2.3,1.6563010998406458,2.0,1.75,80.0,83.33333333333334,90.0,13,43.333333333333336,9,30.0,2,6.666666666666667,1,3.3333333333333335,2,6.666666666666667,3,10.0,2.3,1.5524174696260022,2.0,2.0,80.0,86.66666666666667,93.33333333333333,13,43.333333333333336,7,23.333333333333332,4,13.333333333333334,2,6.666666666666667,2,6.666666666666667,2,6.666666666666667,2.6,1.624807680927192,2.0,2.75,73.33333333333333,83.33333333333334,90.0,9,30.0,10,33.33333333333333,3,10.0,3,10.0,2,6.666666666666667,3,10.0
530,True,3.3333333333333335,1.2472191289246473,3.0,1.75,53.333333333333336,86.66666666666667,93.33333333333333,2,6.666666666666667,6,20.0,8,26.666666666666668,10,33.33333333333333,2,6.666666666666667,2,6.666666666666667,2.8333333333333335,1.694763175851488,2.0,2.0,66.66666666666666,80.0,86.66666666666667,7,23.333333333333332,11,36.666666666666664,2,6.666666666666667,4,13.333333333333334,2,6.666666666666667,4,13.333333333333334,3.0,1.6532795690182993,3.0,2.0,63.33333333333333,76.66666666666667,90.0,7,23.333333333333332,7,23.333333333333332,5,16.666666666666664,4,13.333333333333334,4,13.333333333333334,3,10.0,3.4,1.8,4.0,3.0,46.666666666666664,66.66666666666666,83.33333333333334,6,20.0,7,23.333333333333332,1,3.3333333333333335,6,20.0,5,16.666666666666664,5,16.666666666666664
531,True,2.933333333333333,1.5477582354991866,2.5,2.0,70.0,80.0,90.0,5,16.666666666666664,10,33.33333333333333,6,20.0,3,10.0,3,10.0,3,10.0,2.533333333333333,1.8024674446127702,2.0,2.75,73.33333333333333,80.0,86.66666666666667,13,43.333333333333336,6,20.0,3,10.0,2,6.666666666666667,2,6.666666666666667,4,13.333333333333334,2.6666666666666665,1.8135294011647258,2.0,2.75,73.33333333333333,80.0,83.33333333333334,11,36.666666666666664,7,23.333333333333332,4,13.333333333333334,2,6.666666666666667,1,3.3333333333333335,5,16.666666666666664,3.0,1.8073922282301278,2.5,3.75,60.0,73.33333333333333,86.66666666666667,9,30.0,6,20.0,3,10.0,4,13.333333333333334,4,13.333333333333334,4,13.333333333333334
532,True,3.4,1.6852299546352718,3.0,1.75,56.666666666666664,76.66666666666667,80.0,6,20.0,2,6.666666666666667,9,30.0,6,20.0,1,3.3333333333333335,6,20.0,2.6666666666666665,1.6397831834998458,3.0,3.0,70.0,83.33333333333334,93.33333333333333,12,40.0,2,6.666666666666667,7,23.333333333333332,4,13.333333333333334,3,10.0,2,6.666666666666667,2.8333333333333335,1.6549588783075213,3.0,3.0,66.66666666666666,80.0,93.33333333333333,11,36.666666666666664,1,3.3333333333333335,8,26.666666666666668,4,13.333333333333334,4,13.333333333333334,2,6.666666666666667,3.2,1.8147543451754935,3.0,3.75,56.666666666666664,73.33333333333333,83.33333333333334,9,30.0,2,6.666666666666667,6,20.0,5,16.666666666666664,3,10.0,5,16.666666666666664
533,True,2.7,1.5524174696260022,2.5,3.0,70.0,90.0,90.0,9,30.0,6,20.0,6,20.0,6,20.0,0,0.0,3,10.0,2.4,1.624807680927192,2.0,2.75,73.33333333333333,90.0,90.0,13,43.333333333333336,6,20.0,3,10.0,5,16.666666666666664,0,0.0,3,10.0,2.3666666666666667,1.4715826703096078,2.0,2.0,76.66666666666667,93.33333333333333,93.33333333333333,12,40.0,6,20.0,5,16.666666666666664,5,16.666666666666664,0,0.0,2,6.666666666666667,2.933333333333333,1.896195020443719,2.5,3.0,60.0,80.0,80.0,11,36.666666666666664,4,13.333333333333334,3,10.0,6,20.0,0,0.0,6,20.0
534,True,2.5,1.5,2.0,2.0,80.0,90.0,90.0,9,30.0,9,30.0,6,20.0,3,10.0,0,0.0,3,10.0,2.2666666666666666,1.6316317667360556,2.0,2.0,86.66666666666667,86.66666666666667,86.66666666666667,13,43.333333333333336,8,26.666666666666668,5,16.666666666666664,0,0.0,0,0.0,4,13.333333333333334,2.1666666666666665,1.3682917167849196,2.0,2.0,86.66666666666667,93.33333333333333,93.33333333333333,12,40.0,9,30.0,5,16.666666666666664,2,6.666666666666667,0,0.0,2,6.666666666666667,3.033333333333333,1.8705317128797598,2.5,2.75,66.66666666666666,76.66666666666667,76.66666666666667,8,26.666666666666668,7,23.333333333333332,5,16.666666666666664,3,10.0,0,0.0,7,23.333333333333332
535,True,2.933333333333333,1.5477582354991866,3.0,2.0,66.66666666666666,83.33333333333334,90.0,6,20.0,8,26.666666666666668,6,20.0,5,16.666666666666664,2,6.666666666666667,3,10.0,2.3333333333333335,1.5129074290546956,2.0,2.0,80.0,90.0,93.33333333333333,13,43.333333333333336,5,16.666666666666664,6,20.0,3,10.0,1,3.3333333333333335,2,6.666666666666667,2.433333333333333,1.5638272140986533,2.0,2.0,76.66666666666667,86.66666666666667,93.33333333333333,12,40.0,6,20.0,5,16.666666666666664,3,10.0,2,6.666666666666667,2,6.666666666666667,2.9,1.619670748434179,3.0,2.0,70.0,83.33333333333334,86.66666666666667,7,23.333333333333332,7,23.333333333333332,7,23.333333333333332,4,13.333333333333334,1,3.3333333333333335,4,13.333333333333334
536,True,3.3666666666666667,1.6017351702311948,3.0,2.75,56.666666666666664,73.33333333333333,86.66666666666667,5,16.666666666666664,4,13.333333333333334,8,26.666666666666668,5,16.666666666666664,4,13.333333333333334,4,13.333333333333334,2.7666666666666666,1.7065234314893605,2.0,3.0,66.66666666666666,83.33333333333334,86.66666666666667,9,30.0,8,26.666666666666668,3,10.0,5,16.666666666666664,1,3.3333333333333335,4,13.333333333333334,3.033333333333333,1.7603661235347858,2.5,2.0,63.33333333333333,76.66666666666667,83.33333333333334,7,23.333333333333332,8,26.666666666666668,4,13.333333333333334,4,13.333333333333334,2,6.666666666666667,5,16.666666666666664,3.1333333333333333,1.6878651868229553,3.0,2.75,53.333333333333336,76.66666666666667,90.0,8,26.666666666666668,4,13.333333333333334,4,13.333333333333334,7,23.333333333333332,4,13.333333333333334,3,10.0
537,True,2.6333333333333333,1.168569876197207,3.0,1.0,86.66666666666667,93.33333333333333,96.66666666666667,6,20.0,6,20.0,14,46.666666666666664,2,6.666666666666667,1,3.3333333333333335,1,3.3333333333333335,2.4,1.4966629547095764,2.0,2.0,83.33333333333334,86.66666666666667,93.33333333333333,11,36.666666666666664,7,23.333333333333332,7,23.333333333333332,1,3.3333333333333335,2,6.666666666666667,2,6.666666666666667,2.466666666666667,1.5434449203720302,2.0,2.0,86.66666666666667,86.66666666666667,90.0,11,36.666666666666664,5,16.666666666666664,10,33.33333333333333,0,0.0,1,3.3333333333333335,3,10.0,3.1333333333333333,1.765093639316497,3.0,2.75,70.0,76.66666666666667,80.0,8,26.666666666666668,2,6.666666666666667,11,36.666666666666664,2,6.666666666666667,1,3.3333333333333335,6,20.0
538,True,3.433333333333333,1.358512258154322,3.5,1.0,50.0,83.33333333333334,90.0,3,10.0,4,13.333333333333334,8,26.666666666666668,10,33.33333333333333,2,6.666666666666667,3,10.0,2.933333333333333,1.5477582354991866,3.0,1.75,73.33333333333333,80.0,90.0,6,20.0,7,23.333333333333332,9,30.0,2,6.666666666666667,3,10.0,3,10.0,3.066666666666667,1.6110727964792761,3.0,2.0,66.66666666666666,80.0,86.66666666666667,6,20.0,6,20.0,8,26.666666666666668,4,13.333333333333334,2,6.666666666666667,4,13.333333333333334,3.9,1.7578395831246942,4.0,2.75,46.666666666666664,53.333333333333336,73.33333333333333,4,13.333333333333334,3,10.0,7,23.333333333333332,2,6.666666666666667,6,20.0,8,26.666666666666668
539,True,2.566666666666667,1.4302291968616623,2.0,1.75,83.33333333333334,86.66666666666667,93.33333333333333,8,26.666666666666668,8,26.666666666666668,9,30.0,1,3.3333333333333335,2,6.666666666666667,2,6.666666666666667,2.4,1.6653327995729061,2.0,2.0,80.0,86.66666666666667,86.66666666666667,12,40.0,8,26.666666666666668,4,13.333333333333334,2,6.666666666666667,0,0.0,4,13.333333333333334,2.433333333333333,1.5849991237291654,2.0,2.0,80.0,86.66666666666667,90.0,11,36.666666666666664,8,26.666666666666668,5,16.666666666666664,2,6.666666666666667,1,3.3333333333333335,3,10.0,3.066666666666667,1.9310331143946984,2.5,4.25,70.0,73.33333333333333,73.33333333333333,8,26.666666666666668,7,23.333333333333332,6,20.0,1,3.3333333333333335,0,0.0,8,26.666666666666668
540,True,2.6,1.5832456116050557,2.0,2.75,73.33333333333333,86.66666666666667,90.0,9,30.0,9,30.0,4,13.333333333333334,4,13.333333333333334,1,3.3333333333333335,3,10.0,2.1333333333333333,1.4079141387961918,2.0,1.75,83.33333333333334,93.33333333333333,93.33333333333333,13,43.333333333333336,9,30.0,3,10.0,3,10.0,0,0.0,2,6.666666666666667,2.2333333333333334,1.5205992970609392,2.0,1.75,83.33333333333334,90.0,90.0,12,40.0,10,33.33333333333333,3,10.0,2,6.666666666666667,0,0.0,3,10.0,2.3,1.530795000427338,2.0,2.0,76.66666666666667,90.0,93.33333333333333,13,43.333333333333336,7,23.333333333333332,3,10.0,4,13.333333333333334,1,3.3333333333333335,2,6.666666666666667
541,True,3.033333333333333,1.4715826703096075,3.0,2.0,66.66666666666666,83.33333333333334,90.0,4,13.333333333333334,9,30.0,7,23.333333333333332,5,16.666666666666664,2,6.666666666666667,3,10.0,2.7333333333333334,1.6316317667360556,2.0,2.5,73.33333333333333,80.0,90.0,8,26.666666666666668,9,30.0,5,16.666666666666664,2,6.666666666666667,3,10.0,3,10.0,2.8333333333333335,1.7143187827498387,2.0,2.5,73.33333333333333,76.66666666666667,86.66666666666667,8,26.666666666666668,8,26.666666666666668,6,20.0,1,3.3333333333333335,3,10.0,4,13.333333333333334,2.933333333333333,1.730767331432956,2.0,2.75,70.0,73.33333333333333,86.66666666666667,7,23.333333333333332,9,30.0,5,16.666666666666664,1,3.3333333333333335,4,13.333333333333334,4,13.333333333333334
542,True,3.6,1.4966629547095767,3.5,2.0,50.0,70.0,86.66666666666667,3,10.0,4,13.333333333333334,8,26.666666666666668,6,20.0,5,16.666666666666664,4,13.333333333333334,2.8666666666666667,1.8208667044996885,3.0,3.75,70.0,73.33333333333333,86.66666666666667,11,36.666666666666664,3,10.0,7,23.333333333333332,1,3.3333333333333335,4,13.333333333333334,4,13.333333333333334,2.8333333333333335,1.694763175851488,3.0,2.75,73.33333333333333,76.66666666666667,90.0,10,33.33333333333333,3,10.0,9,30.0,1,3.3333333333333335,4,13.333333333333334,3,10.0,3.533333333333333,1.8208667044996882,3.0,3.0,53.333333333333336,60.0,80.0,6,20.0,4,13.333333333333334,6,20.0,2,6.666666666666667,6,20.0,6,20.0
543,True,3.2333333333333334,1.4302291968616625,3.5,2.0,50.0,83.33333333333334,93.33333333333333,4,13.333333333333334,7,23.333333333333332,4,13.333333333333334,10,33.33333333333333,3,10.0,2,6.666666666666667,2.7333333333333334,1.6110727964792764,2.0,2.5,73.33333333333333,86.66666666666667,86.66666666666667,8,26.666666666666668,8,26.666666666666668,6,20.0,4,13.333333333333334,0,0.0,4,13.333333333333334,2.9,1.619670748434179,2.5,2.0,66.66666666666666,80.0,90.0,7,23.333333333333332,8,26.666666666666668,5,16.666666666666664,4,13.333333333333334,3,10.0,3,10.0,3.6,1.818424226264781,3.0,3.0,53.333333333333336,60.0,76.66666666666667,5,16.666666666666664,5,16.666666666666664,6,20.0,2,6.666666666666667,5,16.666666666666664,7,23.333333333333332
544,True,2.8,1.661324772583615,2.0,1.75,73.33333333333333,80.0,86.66666666666667,7,23.333333333333332,10,33.33333333333333,5,16.666666666666664,2,6.666666666666667,2,6.666666666666667,4,13.333333333333334,2.3333333333333335,1.5129074290546958,2.0,1.75,83.33333333333334,83.33333333333334,93.33333333333333,10,33.33333333333333,12,40.0,3,10.0,0,0.0,3,10.0,2,6.666666666666667,2.3666666666666667,1.4715826703096078,2.0,2.0,83.33333333333334,86.66666666666667,93.33333333333333,10,33.33333333333333,10,33.33333333333333,5,16.666666666666664,1,3.3333333333333335,2,6.666666666666667,2,6.666666666666667,3.1,1.8681541692269403,2.0,3.0,63.33333333333333,70.0,80.0,7,23.333333333333332,9,30.0,3,10.0,2,6.666666666666667,3,10.0,6,20.0
545,True,2.2666666666666666,1.1234866364235143,2.0,1.75,90.0,96.66666666666667,96.66666666666667,8,26.666666666666668,11,36.666666666666664,8,26.666666666666668,2,6.666666666666667,0,0.0,1,3.3333333333333335,2.2333333333333334,1.4302291968616623,2.0,2.0,86.66666666666667,90.0,93.33333333333333,12,40.0,8,26.666666666666668,6,20.0,1,3.3333333333333335,1,3.3333333333333335,2,6.666666666666667,2.3666666666666667,1.5380362660079103,2.0,2.0,83.33333333333334,83.33333333333334,93.33333333333333,11,36.666666666666664,9,30.0,5,16.666666666666664,0,0.0,3,10.0,2,6.666666666666667,3.033333333333333,1.7978382080215733,3.0,4.0,66.66666666666666,70.0,86.66666666666667,9,30.0,4,13.333333333333334,7,23.333333333333332,1,3.3333333333333335,5,16.666666666666664,4,13.333333333333334
546,True,3.0,1.7511900715418263,2.5,2.0,66.66666666666666,76.66666666666667,83.33333333333334,7,23.333333333333332,8,26.666666666666668,5,16.666666666666664,3,10.0,2,6.666666666666667,5,16.666666666666664,2.2666666666666666,1.7688665548562132,1.0,2.0,80.0,83.33333333333334,86.66666666666667,16,53.333333333333336,5,16.666666666666664,3,10.0,1,3.3333333333333335,1,3.3333333333333335,4,13.333333333333334,2.2666666666666666,1.7688665548562132,1.0,2.0,80.0,83.33333333333334,86.66666666666667,16,53.333333333333336,5,16.666666666666664,3,10.0,1,3.3333333333333335,1,3.3333333333333335,4,13.333333333333334,2.933333333333333,1.9821424996424677,2.0,3.75,60.0,73.33333333333333,80.0,12,40.0,4,13.333333333333334,2,6.666666666666667,4,13.333333333333334,2,6.666666666666667,6,20.0
547,True,2.8666666666666667,1.4996295838935991,2.5,1.75,73.33333333333333,83.33333333333334,90.0,5,16.666666666666664,10,33.33333333333333,7,23.333333333333332,3,10.0,2,6.666666666666667,3,10.0,2.3666666666666667,1.6224124698183944,2.0,1.75,80.0,83.33333333333334,90.0,11,36.666666666666664,11,36.666666666666664,2,6.666666666666667,1,3.3333333333333335,2,6.666666666666667,3,10.0,2.533333333333333,1.6478942792411035,2.0,2.75,73.33333333333333,80.0,93.33333333333333,11,36.666666666666664,8,26.666666666666668,3,10.0,2,6.666666666666667,4,13.333333333333334,2,6.666666666666667,3.1333333333333333,1.9102065042525873,2.0,3.0,63.33333333333333,70.0,76.66666666666667,7,23.333333333333332,9,30.0,3,10.0,2,6.666666666666667,2,6.666666666666667,7,23.333333333333332
548,True,2.7,1.46401275039985,3.0,1.75,80.0,90.0,90.0,8,26.666666666666668,5,16.666666666666664,11,36.666666666666664,3,10.0,0,0.0,3,10.0,2.3333333333333335,1.5776212754932308,2.0,2.0,80.0,90.0,90.0,13,43.333333333333336,6,20.0,5,16.666666666666664,3,10.0,0,0.0,3,10.0,2.3333333333333335,1.4452988925785866,2.0,2.0,80.0,93.33333333333333,93.33333333333333,12,40.0,6,20.0,6,20.0,4,13.333333333333334,0,0.0,2,6.666666666666667,2.9,1.491084616423003,3.0,1.75,73.33333333333333,86.66666666666667,90.0,7,23.333333333333332,4,13.333333333333334,11,36.666666666666664,4,13.333333333333334,1,3.3333333333333335,3,10.0
549,True,2.7333333333333334,1.4590712418826193,3.0,2.75,70.0,90.0,93.33333333333333,8,26.666666666666668,6,20.0,7,23.333333333333332,6,20.0,1,3.3333333333333335,2,6.666666666666667,2.466666666666667,1.7269111795984826,2.0,2.75,73.33333333333333,83.33333333333334,90.0,14,46.666666666666664,4,13.333333333333334,4,13.333333333333334,3,10.0,2,6.666666666666667,3,10.0,2.3666666666666667,1.6629959577688562,2.0,2.0,76.66666666666667,86.66666666666667,90.0,14,46.666666666666664,5,16.666666666666664,4,13.333333333333334,3,10.0,1,3.3333333333333335,3,10.0,2.9,1.7767010628315238,2.5,3.75,63.33333333333333,73.33333333333333,90.0,10,33.33333333333333,5,16.666666666666664,4,13.333333333333334,3,10.0,5,16.666666666666664,3,10.0
550,True,2.566666666666667,1.453348623772776,2.0,2.0,76.66666666666667,90.0,93.33333333333333,9,30.0,7,23.333333333333332,7,23.333333333333332,4,13.333333333333334,1,3.3333333333333335,2,6.666666666666667,2.433333333333333,1.498517786199268,2.0,2.0,76.66666666666667,90.0,93.33333333333333,11,36.666666666666664,7,23.333333333333332,5,16.666666666666664,4,13.333333333333334,1,3.3333333333333335,2,6.666666666666667,2.566666666666667,1.5849991237291654,2.0,2.0,76.66666666666667,86.66666666666667,90.0,10,33.33333333333333,7,23.333333333333332,6,20.0,3,10.0,1,3.3333333333333335,3,10.0,3.1,1.5989579940281942,3.0,2.0,63.33333333333333,76.66666666666667,90.0,6,20.0,6,20.0,7,23.333333333333332,4,13.333333333333334,4,13.333333333333334,3,10.0
551,True,3.3,1.3940349110884325,3.0,1.75,56.666666666666664,80.0,93.33333333333333,4,13.333333333333334,4,13.333333333333334,9,30.0,7,23.333333333333332,4,13.333333333333334,2,6.666666666666667,2.566666666666667,1.3828312341794358,3.0,2.0,80.0,93.33333333333333,93.33333333333333,9,30.0,5,16.666666666666664,10,33.33333333333333,4,13.333333333333334,0,0.0,2,6.666666666666667,2.8333333333333335,1.6141733350404335,3.0,3.0,70.0,83.33333333333334,90.0,9,30.0,4,13.333333333333334,8,26.666666666666668,4,13.333333333333334,2,6.666666666666667,3,10.0,3.066666666666667,1.5477582354991866,3.0,2.0,66.66666666666666,80.0,90.0,6,20.0,5,16.666666666666664,9,30.0,4,13.333333333333334,3,10.0,3,10.0
552,True,2.8333333333333335,1.507389207279335,2.5,2.0,70.0,86.66666666666667,90.0,6,20.0,9,30.0,6,20.0,5,16.666666666666664,1,3.3333333333333335,3,10.0,2.466666666666667,1.4772346537440226,2.0,2.0,80.0,86.66666666666667,93.33333333333333,9,30.0,10,33.33333333333333,5,16.666666666666664,2,6.666666666666667,2,6.666666666666667,2,6.666666666666667,2.6333333333333333,1.5807874268505835,2.0,3.0,70.0,83.33333333333334,93.33333333333333,9,30.0,9,30.0,3,10.0,4,13.333333333333334,3,10.0,2,6.666666666666667,2.6,1.3808210118138653,2.0,1.0,76.66666666666667,86.66666666666667,96.66666666666667,7,23.333333333333332,10,33.33333333333333,6,20.0,3,10.0,3,10.0,1,3.3333333333333335
553,True,3.033333333333333,1.4940623220676645,3.0,2.0,66.66666666666666,83.33333333333334,90.0,5,16.666666666666664,7,23.333333333333332,8,26.666666666666668,5,16.666666666666664,2,6.666666666666667,3,10.0,2.6,1.624807680927192,2.0,2.0,76.66666666666667,83.33333333333334,90.0,10,33.33333333333333,7,23.333333333333332,6,20.0,2,6.666666666666667,2,6.666666666666667,3,10.0,2.7333333333333334,1.7113996870657915,2.0,2.0,76.66666666666667,83.33333333333334,83.33333333333334,9,30.0,7,23.333333333333332,7,23.333333333333332,2,6.666666666666667,0,0.0,5,16.666666666666664,2.7666666666666666,1.6265163865007803,2.5,3.0,70.0,83.33333333333334,90.0,9,30.0,6,20.0,6,20.0,4,13.333333333333334,2,6.666666666666667,3,10.0
554,True,2.8,1.5362291495737217,2.5,2.0,70.0,86.66666666666667,90.0,7,23.333333333333332,8,26.666666666666668,6,20.0,5,16.666666666666664,1,3.3333333333333335,3,10.0,2.5,1.3844373104863459,2.0,2.0,76.66666666666667,90.0,96.66666666666667,9,30.0,8,26.666666666666668,6,20.0,4,13.333333333333334,2,6.666666666666667,1,3.3333333333333335,2.6,1.42828568570857,2.0,1.75,76.66666666666667,90.0,93.33333333333333,8,26.666666666666668,8,26.666666666666668,7,23.333333333333332,4,13.333333333333334,1,3.3333333333333335,2,6.666666666666667,2.6333333333333333,1.3535960336164636,2.0,1.75,73.33333333333333,90.0,96.66666666666667,7,23.333333333333332,9,30.0,6,20.0,5,16.666666666666664,2,6.666666666666667,1,3.3333333333333335
555,True,2.7666666666666666,1.2827920936595905,3.0,1.75,73.33333333333333,93.33333333333333,96.66666666666667,7,23.333333333333332,4,13.333333333333334,11,36.666666666666664,6,20.0,1,3.3333333333333335,1,3.3333333333333335,2.7,1.6960738977611403,2.0,2.75,73.33333333333333,83.33333333333334,86.66666666666667,10,33.33333333333333,6,20.0,6,20.0,3,10.0,1,3.3333333333333335,4,13.333333333333334,2.7,1.6563010998406458,2.0,3.0,70.0,83.33333333333334,90.0,10,33.33333333333333,6,20.0,5,16.666666666666664,4,13.333333333333334,2,6.666666666666667,3,10.0,3.3666666666666667,1.6428295373802142,3.0,2.75,53.333333333333336,73.33333333333333,86.66666666666667,6,20.0,3,10.0,7,23.333333333333332,6,20.0,4,13.333333333333334,4,13.333333333333334
556,True,3.1333333333333333,1.6679994670929073,3.0,2.0,60.0,76.66666666666667,86.66666666666667,6,20.0,7,23.333333333333332,5,16.666666666666664,5,16.666666666666664,3,10.0,4,13.333333333333334,2.5,1.6072751268321592,2.0,2.0,76.66666666666667,86.66666666666667,90.0,11,36.666666666666664,7,23.333333333333332,5,16.666666666666664,3,10.0,1,3.3333333333333335,3,10.0,2.6,1.6041612554021285,2.0,2.75,73.33333333333333,86.66666666666667,90.0,10,33.33333333333333,7,23.333333333333332,5,16.666666666666664,4,13.333333333333334,1,3.3333333333333335,3,10.0,2.7,1.7156145643277028,2.0,3.0,70.0,83.33333333333334,86.66666666666667,10,33.33333333333333,7,23.333333333333332,4,13.333333333333334,4,13.333333333333334,1,3.3333333333333335,4,13.333333333333334
557,True,2.933333333333333,1.569146972791976,3.0,2.0,66.66666666666666,86.66666666666667,86.66666666666667,6,20.0,8,26.666666666666668,6,20.0,6,20.0,0,0.0,4,13.333333333333334,2.5,1.5,2.0,2.0,76.66666666666667,86.66666666666667,93.33333333333333,9,30.0,10,33.33333333333333,4,13.333333333333334,3,10.0,2,6.666666666666667,2,6.666666666666667,2.6,1.5620499351813308,2.0,2.75,73.33333333333333,83.33333333333334,93.33333333333333,9,30.0,9,30.0,4,13.333333333333334,3,10.0,3,10.0,2,6.666666666666667,2.9,1.7194960502038574,2.5,3.0,63.33333333333333,76.66666666666667,90.0,9,30.0,6,20.0,4,13.333333333333334,4,13.333333333333334,4,13.333333333333334,3,10.0
558,True,2.933333333333333,1.4817407180595248,3.0,2.0,70.0,86.66666666666667,90.0,6,20.0,6,20.0,9,30.0,5,16.666666666666664,1,3.3333333333333335,3,10.0,2.433333333333333,1.5205992970609392,2.0,2.0,76.66666666666667,90.0,93.33333333333333,12,40.0,5,16.666666666666664,6,20.0,4,13.333333333333334,1,3.3333333333333335,2,6.666666666666667,2.5,1.52206000757745,2.0,2.75,73.33333333333333,90.0,93.33333333333333,11,36.666666666666664,6,20.0,5,16.666666666666664,5,16.666666666666664,1,3.3333333333333335,2,6.666666666666667,3.1,1.6802777548171413,3.0,2.75,60.0,80.0,86.66666666666667,8,26.666666666666668,3,10.0,7,23.333333333333332,6,20.0,2,6.666666666666667,4,13.333333333333334
559,True,2.7666666666666666,1.3337499349161706,3.0,1.0,76.66666666666667,90.0,93.33333333333333,5,16.666666666666664,9,30.0,9,30.0,4,13.333333333333334,1,3.3333333333333335,2,6.666666666666667,2.3333333333333335,1.3743685418725535,2.0,2.0,83.33333333333334,86.66666666666667,96.66666666666667,9,30.0,12,40.0,4,13.333333333333334,1,3.3333333333333335,3,10.0,1,3.3333333333333335,2.4,1.4966629547095764,2.0,2.0,83.33333333333334,83.33333333333334,93.33333333333333,9,30.0,12,40.0,4,13.333333333333334,0,0.0,3,10.0,2,6.666666666666667,2.8333333333333335,1.6549588783075213,2.0,2.0,70.0,76.66666666666667,90.0,7,23.333333333333332,10,33.33333333333333,4,13.333333333333334,2,6.666666666666667,4,13.333333333333334,3,10.0
560,True,2.466666666666667,1.687865186822955,2.0,2.0,76.66666666666667,86.66666666666667,86.66666666666667,12,40.0,7,23.333333333333332,4,13.333333333333334,3,10.0,0,0.0,4,13.333333333333334,1.9333333333333333,1.5040685563571303,1.0,1.0,90.0,90.0,90.0,17,56.666666666666664,7,23.333333333333332,3,10.0,0,0.0,0,0.0,3,10.0,2.066666666666667,1.590248058916875,1.0,1.0,86.66666666666667,86.66666666666667,90.0,16,53.333333333333336,7,23.333333333333332,3,10.0,0,0.0,1,3.3333333333333335,3,10.0,2.5,1.6072751268321592,2.0,3.0,70.0,86.66666666666667,93.33333333333333,12,40.0,6,20.0,3,10.0,5,16.666666666666664,2,6.666666666666667,2,6.666666666666667
561,True,2.5,1.52206000757745,2.0,2.0,83.33333333333334,86.66666666666667,90.0,9,30.0,9,30.0,7,23.333333333333332,1,3.3333333333333335,1,3.3333333333333335,3,10.0,2.2,1.4922019523732928,2.0,1.0,83.33333333333334,86.66666666666667,93.33333333333333,12,40.0,11,36.666666666666664,2,6.666666666666667,1,3.3333333333333335,2,6.666666666666667,2,6.666666666666667,2.2,1.4696938456699067,2.0,1.0,83.33333333333334,83.33333333333334,96.66666666666667,12,40.0,11,36.666666666666664,2,6.666666666666667,0,0.0,4,13.333333333333334,1,3.3333333333333335,2.566666666666667,1.7451520150277897,2.0,2.75,73.33333333333333,76.66666666666667,90.0,11,36.666666666666664,9,30.0,2,6.666666666666667,1,3.3333333333333335,4,13.333333333333334,3,10.0
562,True,2.6666666666666665,1.3984117975602022,2.5,1.0,76.66666666666667,90.0,93.33333333333333,7,23.333333333333332,8,26.666666666666668,8,26.666666666666668,4,13.333333333333334,1,3.3333333333333335,2,6.666666666666667,2.3,1.4410644214144859,2.0,2.0,83.33333333333334,90.0,93.33333333333333,11,36.666666666666664,9,30.0,5,16.666666666666664,2,6.666666666666667,1,3.3333333333333335,2,6.666666666666667,2.3333333333333335,1.3498971154211057,2.0,2.0,86.66666666666667,93.33333333333333,93.33333333333333,10,33.33333333333333,8,26.666666666666668,8,26.666666666666668,2,6.666666666666667,0,0.0,2,6.666666666666667,3.066666666666667,1.8961950204437188,2.5,3.5,66.66666666666666,73.33333333333333,76.66666666666667,8,26.666666666666668,7,23.333333333333332,5,16.666666666666664,2,6.666666666666667,1,3.3333333333333335,7,23.333333333333332
563,True,3.4,1.42828568570857,3.0,1.75,53.333333333333336,83.33333333333334,86.66666666666667,3,10.0,5,16.666666666666664,8,26.666666666666668,9,30.0,1,3.3333333333333335,4,13.333333333333334,2.8666666666666667,1.6478942792411035,3.0,3.0,66.66666666666666,83.33333333333334,90.0,10,33.33333333333333,2,6.666666666666667,8,26.666666666666668,5,16.666666666666664,2,6.666666666666667,3,10.0,2.8666666666666667,1.6478942792411035,3.0,3.0,66.66666666666666,83.33333333333334,90.0,10,33.33333333333333,2,6.666666666666667,8,26.666666666666668,5,16.666666666666664,2,6.666666666666667,3,10.0,3.1333333333333333,1.4772346537440226,3.0,2.0,56.666666666666664,80.0,96.66666666666667,7,23.333333333333332,2,6.666666666666667,8,26.666666666666668,7,23.333333333333332,5,16.666666666666664,1,3.3333333333333335
564,True,3.1333333333333333,1.4313940369055926,3.0,2.0,60.0,83.33333333333334,90.0,2,6.666666666666667,12,40.0,4,13.333333333333334,7,23.333333333333332,2,6.666666666666667,3,10.0,2.6666666666666665,1.247219128924647,2.0,1.0,76.66666666666667,90.0,96.66666666666667,4,13.333333333333334,13,43.333333333333336,6,20.0,4,13.333333333333334,2,6.666666666666667,1,3.3333333333333335,2.8333333333333335,1.3924399049470282,2.0,2.0,66.66666666666666,83.33333333333334,96.66666666666667,4,13.333333333333334,13,43.333333333333336,3,10.0,5,16.666666666666664,4,13.333333333333334,1,3.3333333333333335,2.966666666666667,1.4019827229875392,2.5,2.0,66.66666666666666,83.33333333333334,93.33333333333333,3,10.0,12,40.0,5,16.666666666666664,5,16.666666666666664,3,10.0,2,6.666666666666667
565,True,3.1666666666666665,1.3924399049470282,3.0,2.0,66.66666666666666,83.33333333333334,90.0,3,10.0,7,23.333333333333332,10,33.33333333333333,5,16.666666666666664,2,6.666666666666667,3,10.0,2.566666666666667,1.453348623772776,2.5,2.0,83.33333333333334,86.66666666666667,93.33333333333333,9,30.0,6,20.0,10,33.33333333333333,1,3.3333333333333335,2,6.666666666666667,2,6.666666666666667,2.533333333333333,1.4079141387961918,2.5,2.0,83.33333333333334,90.0,93.33333333333333,9,30.0,6,20.0,10,33.33333333333333,2,6.666666666666667,1,3.3333333333333335,2,6.666666666666667,3.433333333333333,1.7259457954666158,3.0,3.0,63.33333333333333,66.66666666666666,80.0,5,16.666666666666664,4,13.333333333333334,10,33.33333333333333,1,3.3333333333333335,4,13.333333333333334,6,20.0
566,True,3.2333333333333334,1.6669999666733315,3.0,2.0,60.0,80.0,83.33333333333334,7,23.333333333333332,2,6.666666666666667,9,30.0,6,20.0,1,3.3333333333333335,5,16.666666666666664,2.6666666666666665,1.7384539747207064,2.5,2.75,73.33333333333333,83.33333333333334,86.66666666666667,12,40.0,3,10.0,7,23.333333333333332,3,10.0,1,3.3333333333333335,4,13.333333333333334,2.8,1.886796226411321,2.5,3.0,70.0,80.0,80.0,12,40.0,3,10.0,6,20.0,3,10.0,0,0.0,6,20.0,3.2666666666666666,1.8061622912192088,3.0,3.75,56.666666666666664,70.0,83.33333333333334,8,26.666666666666668,3,10.0,6,20.0,4,13.333333333333334,4,13.333333333333334,5,16.666666666666664
567,True,2.6333333333333333,1.2242911781471306,3.0,1.0,76.66666666666667,96.66666666666667,96.66666666666667,7,23.333333333333332,6,20.0,10,33.33333333333333,6,20.0,0,0.0,1,3.3333333333333335,2.433333333333333,1.5638272140986533,2.0,2.0,80.0,86.66666666666667,93.33333333333333,13,43.333333333333336,3,10.0,8,26.666666666666668,2,6.666666666666667,2,6.666666666666667,2,6.666666666666667,2.6,1.6451950239004087,2.5,2.75,73.33333333333333,86.66666666666667,90.0,12,40.0,3,10.0,7,23.333333333333332,4,13.333333333333334,1,3.3333333333333335,3,10.0,3.3666666666666667,1.8705317128797596,3.0,3.75,56.666666666666664,70.0,76.66666666666667,8,26.666666666666668,2,6.666666666666667,7,23.333333333333332,4,13.333333333333334,2,6.666666666666667,7,23.333333333333332
568,True,2.9,1.445683229480096,3.0,2.0,70.0,83.33333333333334,93.33333333333333,5,16.666666666666664,9,30.0,7,23.333333333333332,4,13.333333333333334,3,10.0,2,6.666666666666667,2.6,1.3808210118138653,2.0,1.0,80.0,90.0,93.33333333333333,7,23.333333333333332,9,30.0,8,26.666666666666668,3,10.0,1,3.3333333333333335,2,6.666666666666667,2.6333333333333333,1.3780017739062926,2.5,1.0,80.0,90.0,93.33333333333333,7,23.333333333333332,8,26.666666666666668,9,30.0,3,10.0,1,3.3333333333333335,2,6.666666666666667,2.8333333333333335,1.4395215254459455,2.5,1.75,73.33333333333333,83.33333333333334,93.33333333333333,5,16.666666666666664,10,33.33333333333333,7,23.333333333333332,3,10.0,3,10.0,2,6.666666666666667
569,True,2.7333333333333334,1.3888444437333105,3.0,1.0,80.0,86.66666666666667,93.33333333333333,6,20.0,8,26.666666666666668,10,33.33333333333333,2,6.666666666666667,2,6.666666666666667,2,6.666666666666667,2.466666666666667,1.4544949486180951,2.0,2.0,86.66666666666667,90.0,90.0,9,30.0,8,26.666666666666668,9,30.0,1,3.3333333333333335,0,0.0,3,10.0,2.5,1.4548768561863463,2.0,2.0,86.66666666666667,90.0,90.0,9,30.0,7,23.333333333333332,10,33.33333333333333,1,3.3333333333333335,0,0.0,3,10.0,3.1333333333333333,1.7269111795984828,3.0,1.0,76.66666666666667,76.66666666666667,76.66666666666667,5,16.666666666666664,7,23.333333333333332,11,36.666666666666664,0,0.0,0,0.0,7,23.333333333333332
570,True,2.6333333333333333,1.4487542541400487,2.0,2.5,73.33333333333333,90.0,93.33333333333333,8,26.666666666666668,8,26.666666666666668,6,20.0,5,16.666666666666664,1,3.3333333333333335,2,6.666666666666667,2.4,1.6451950239004087,2.0,2.0,80.0,83.33333333333334,90.0,12,40.0,8,26.666666666666668,4,13.333333333333334,1,3.3333333333333335,2,6.666666666666667,3,10.0,2.466666666666667,1.7269111795984826,2.0,2.0,76.66666666666667,83.33333333333334,86.66666666666667,12,40.0,8,26.666666666666668,3,10.0,2,6.666666666666667,1,3.3333333333333335,4,13.333333333333334,2.6333333333333333,1.5595583420386114,2.0,3.0,70.0,86.66666666666667,93.33333333333333,10,33.33333333333333,6,20.0,5,16.666666666666664,5,16.666666666666664,2,6.666666666666667,2,6.666666666666667
571,True,2.7,1.3940349110884322,3.0,1.0,83.33333333333334,90.0,90.0,6,20.0,8,26.666666666666668,11,36.666666666666664,2,6.666666666666667,0,0.0,3,10.0,2.3333333333333335,1.4907119849998598,2.0,2.0,90.0,90.0,90.0,12,40.0,5,16.666666666666664,10,33.33333333333333,0,0.0,0,0.0,3,10.0,2.3666666666666667,1.4940623220676648,2.0,2.0,86.66666666666667,90.0,90.0,11,36.666666666666664,7,23.333333333333332,8,26.666666666666668,1,3.3333333333333335,0,0.0,3,10.0,3.033333333333333,1.7978382080215736,3.0,2.75,70.0,76.66666666666667,80.0,8,26.666666666666668,5,16.666666666666664,8,26.666666666666668,2,6.666666666666667,1,3.3333333333333335,6,20.0
572,True,2.566666666666667,1.4302291968616623,2.0,1.75,76.66666666666667,90.0,93.33333333333333,8,26.666666666666668,9,30.0,6,20.0,4,13.333333333333334,1,3.3333333333333335,2,6.666666666666667,2.2333333333333334,1.453348623772776,2.0,2.0,80.0,93.33333333333333,93.33333333333333,13,43.333333333333336,7,23.333333333333332,4,13.333333333333334,4,13.333333333333334,0,0.0,2,6.666666666666667,2.3,1.5088627063675035,2.0,2.0,80.0,90.0,93.33333333333333,13,43.333333333333336,6,20.0,5,16.666666666666664,3,10.0,1,3.3333333333333335,2,6.666666666666667,2.7,1.7349351572897471,2.0,2.75,73.33333333333333,80.0,86.66666666666667,10,33.33333333333333,7,23.333333333333332,5,16.666666666666664,2,6.666666666666667,2,6.666666666666667,4,13.333333333333334
573,True,3.0,1.390443574307614,3.0,1.0,76.66666666666667,83.33333333333334,90.0,3,10.0,9,30.0,11,36.666666666666664,2,6.666666666666667,2,6.666666666666667,3,10.0,2.7,1.676305461424021,2.0,1.0,76.66666666666667,83.33333333333334,83.33333333333334,7,23.333333333333332,12,40.0,4,13.333333333333334,2,6.666666666666667,0,0.0,5,16.666666666666664,2.6666666666666665,1.4907119849998598,2.0,1.0,80.0,86.66666666666667,90.0,7,23.333333333333332,9,30.0,8,26.666666666666668,2,6.666666666666667,1,3.3333333333333335,3,10.0,2.933333333333333,1.5040685563571303,3.0,2.0,70.0,83.33333333333334,90.0,5,16.666666666666664,9,30.0,7,23.333333333333332,4,13.333333333333334,2,6.666666666666667,3,10.0
574,True,3.7666666666666666,1.2023125864580955,4.0,1.0,40.0,76.66666666666667,90.0,1,3.3333333333333335,3,10.0,8,26.666666666666668,11,36.666666666666664,4,13.333333333333334,3,10.0,2.966666666666667,1.4715826703096078,3.0,2.0,60.0,86.66666666666667,93.33333333333333,6,20.0,7,23.333333333333332,5,16.666666666666664,8,26.666666666666668,2,6.666666666666667,2,6.666666666666667,3.033333333333333,1.53803626600791,3.0,2.0,60.0,80.0,93.33333333333333,6,20.0,7,23.333333333333332,5,16.666666666666664,6,20.0,4,13.333333333333334,2,6.666666666666667,3.3,1.5307950004273378,3.0,2.0,53.333333333333336,76.66666666666667,90.0,4,13.333333333333334,7,23.333333333333332,5,16.666666666666664,7,23.333333333333332,4,13.333333333333334,3,10.0
575,True,3.1666666666666665,1.6549588783075213,3.0,2.0,60.0,76.66666666666667,86.66666666666667,6,20.0,6,20.0,6,20.0,5,16.666666666666664,3,10.0,4,13.333333333333334,2.7666666666666666,1.6868774571839995,2.0,3.0,66.66666666666666,80.0,90.0,9,30.0,8,26.666666666666668,3,10.0,4,13.333333333333334,3,10.0,3,10.0,2.7333333333333334,1.6519348924485155,2.0,3.0,66.66666666666666,83.33333333333334,90.0,9,30.0,8,26.666666666666668,3,10.0,5,16.666666666666664,2,6.666666666666667,3,10.0,3.2,1.8147543451754935,3.0,3.0,56.666666666666664,70.0,83.33333333333334,7,23.333333333333332,7,23.333333333333332,3,10.0,4,13.333333333333334,4,13.333333333333334,5,16.666666666666664
576,True,2.7666666666666666,1.4985177861992682,3.0,2.75,70.0,86.66666666666667,93.33333333333333,8,26.666666666666668,6,20.0,7,23.333333333333332,5,16.666666666666664,2,6.666666666666667,2,6.666666666666667,2.2333333333333334,1.4985177861992682,2.0,2.0,80.0,90.0,93.33333333333333,13,43.333333333333336,8,26.666666666666668,3,10.0,3,10.0,1,3.3333333333333335,2,6.666666666666667,2.566666666666667,1.8381754238616315,2.0,2.75,73.33333333333333,80.0,83.33333333333334,12,40.0,8,26.666666666666668,2,6.666666666666667,2,6.666666666666667,1,3.3333333333333335,5,16.666666666666664,2.566666666666667,1.5849991237291654,2.0,2.75,73.33333333333333,83.33333333333334,93.33333333333333,10,33.33333333333333,8,26.666666666666668,4,13.333333333333334,3,10.0,3,10.0,2,6.666666666666667
577,True,2.466666666666667,1.3349989596333858,2.0,1.75,83.33333333333334,93.33333333333333,93.33333333333333,8,26.666666666666668,9,30.0,8,26.666666666666668,3,10.0,0,0.0,2,6.666666666666667,2.2666666666666666,1.5040685563571303,2.0,1.75,83.33333333333334,90.0,90.0,11,36.666666666666664,11,36.666666666666664,3,10.0,2,6.666666666666667,0,0.0,3,10.0,2.433333333333333,1.7451520150277897,2.0,1.75,80.0,83.33333333333334,83.33333333333334,11,36.666666666666664,11,36.666666666666664,2,6.666666666666667,1,3.3333333333333335,0,0.0,5,16.666666666666664,2.933333333333333,1.7876116903722565,2.0,2.75,66.66666666666666,76.66666666666667,83.33333333333334,8,26.666666666666668,8,26.666666666666668,4,13.333333333333334,3,10.0,2,6.666666666666667,5,16.666666666666664
578,True,3.3333333333333335,1.5563490039905004,3.0,2.0,53.333333333333336,80.0,86.66666666666667,5,16.666666666666664,4,13.333333333333334,7,23.333333333333332,8,26.666666666666668,2,6.666666666666667,4,13.333333333333334,2.6666666666666665,1.8499249234015478,2.0,3.0,70.0,80.0,83.33333333333334,12,40.0,6,20.0,3,10.0,3,10.0,1,3.3333333333333335,5,16.666666666666664,2.8,1.8330302779823362,2.0,3.0,66.66666666666666,80.0,83.33333333333334,11,36.666666666666664,5,16.666666666666664,4,13.333333333333334,4,13.333333333333334,1,3.3333333333333335,5,16.666666666666664,3.0,1.8618986725025255,2.5,3.0,63.33333333333333,76.66666666666667,80.0,9,30.0,6,20.0,4,13.333333333333334,4,13.333333333333334,1,3.3333333333333335,6,20.0
579,True,2.4,1.3063945294843615,2.0,1.0,90.0,90.0,93.33333333333333,7,23.333333333333332,12,40.0,8,26.666666666666668,0,0.0,1,3.3333333333333335,2,6.666666666666667,2.3333333333333335,1.4681810363696828,2.0,2.0,86.66666666666667,86.66666666666667,93.33333333333333,11,36.666666666666664,8,26.666666666666668,7,23.333333333333332,0,0.0,2,6.666666666666667,2,6.666666666666667,2.3,1.3940349110884325,2.0,2.0,90.0,90.0,93.33333333333333,11,36.666666666666664,7,23.333333333333332,9,30.0,0,0.0,1,3.3333333333333335,2,6.666666666666667,2.7333333333333334,1.7113996870657915,2.0,2.75,73.33333333333333,80.0,86.66666666666667,9,30.0,8,26.666666666666668,5,16.666666666666664,2,6.666666666666667,2,6.666666666666667,4,13.333333333333334
580,True,3.2333333333333334,1.6468825769380835,3.0,2.0,63.33333333333333,76.66666666666667,83.33333333333334,5,16.666666666666664,6,20.0,8,26.666666666666668,4,13.333333333333334,2,6.666666666666667,5,16.666666666666664,2.6,1.6653327995729061,2.0,2.0,80.0,83.33333333333334,86.66666666666667,10,33.33333333333333,7,23.333333333333332,7,23.333333333333332,1,3.3333333333333335,1,3.3333333333333335,4,13.333333333333334,2.6,1.6041612554021285,2.0,2.75,73.33333333333333,86.66666666666667,90.0,10,33.33333333333333,7,23.333333333333332,5,16.666666666666664,4,13.333333333333334,1,3.3333333333333335,3,10.0,2.8666666666666667,1.3597385369580761,3.0,2.0,66.66666666666666,93.33333333333333,93.33333333333333,6,20.0,6,20.0,8,26.666666666666668,8,26.666666666666668,0,0.0,2,6.666666666666667
581,True,3.0,1.6733200530681511,2.5,2.0,60.0,76.66666666666667,90.0,7,23.333333333333332,8,26.666666666666668,3,10.0,5,16.666666666666664,4,13.333333333333334,3,10.0,2.466666666666667,1.564892612574067,2.0,2.0,80.0,83.33333333333334,93.33333333333333,11,36.666666666666664,7,23.333333333333332,6,20.0,1,3.3333333333333335,3,10.0,2,6.666666666666667,2.5,1.52206000757745,2.0,2.0,76.66666666666667,86.66666666666667,93.33333333333333,10,33.33333333333333,8,26.666666666666668,5,16.666666666666664,3,10.0,2,6.666666666666667,2,6.666666666666667,2.8666666666666667,1.8024674446127702,2.5,3.75,70.0,73.33333333333333,86.66666666666667,10,33.33333333333333,5,16.666666666666664,6,20.0,1,3.3333333333333335,4,13.333333333333334,4,13.333333333333334
582,True,1.7666666666666666,1.145522685162639,1.0,1.0,90.0,96.66666666666667,96.66666666666667,16,53.333333333333336,10,33.33333333333333,1,3.3333333333333335,2,6.666666666666667,0,0.0,1,3.3333333333333335,1.7,1.1874342087037917,1.0,1.0,83.33333333333334,96.66666666666667,100.0,20,66.66666666666666,5,16.666666666666664,0,0.0,4,13.333333333333334,1,3.3333333333333335,0,0.0,1.9666666666666666,1.7026123718829513,1.0,1.0,83.33333333333334,83.33333333333334,90.0,20,66.66666666666666,4,13.333333333333334,1,3.3333333333333335,0,0.0,2,6.666666666666667,3,10.0,2.3,1.6155494421403511,2.0,2.75,73.33333333333333,86.66666666666667,93.33333333333333,14,46.666666666666664,7,23.333333333333332,1,3.3333333333333335,4,13.333333333333334,2,6.666666666666667,2,6.666666666666667
583,True,2.466666666666667,1.5216949614017772,2.0,1.75,80.0,86.66666666666667,90.0,8,26.666666666666668,13,43.333333333333336,3,10.0,2,6.666666666666667,1,3.3333333333333335,3,10.0,2.1666666666666665,1.694763175851488,1.0,1.0,80.0,83.33333333333334,90.0,16,53.333333333333336,7,23.333333333333332,1,3.3333333333333335,1,3.3333333333333335,2,6.666666666666667,3,10.0,2.1666666666666665,1.5723301886761005,1.5,1.75,80.0,86.66666666666667,93.33333333333333,15,50.0,7,23.333333333333332,2,6.666666666666667,2,6.666666666666667,2,6.666666666666667,2,6.666666666666667,2.433333333333333,1.6468825769380833,2.0,2.0,76.66666666666667,80.0,93.33333333333333,12,40.0,8,26.666666666666668,3,10.0,1,3.3333333333333335,4,13.333333333333334,2,6.666666666666667
584,True,2.7,1.5088627063675033,2.5,3.0,66.66666666666666,90.0,93.33333333333333,9,30.0,6,20.0,5,16.666666666666664,7,23.333333333333332,1,3.3333333333333335,2,6.666666666666667,2.5,1.875277757204694,1.5,2.75,73.33333333333333,76.66666666666667,86.66666666666667,15,50.0,4,13.333333333333334,3,10.0,1,3.3333333333333335,3,10.0,4,13.333333333333334,2.6333333333333333,1.9232495649002208,2.0,3.0,70.0,76.66666666666667,83.33333333333334,14,46.666666666666664,4,13.333333333333334,3,10.0,2,6.666666666666667,2,6.666666666666667,5,16.666666666666664,3.3,2.0024984394500787,3.0,4.0,53.333333333333336,63.33333333333333,76.66666666666667,9,30.0,5,16.666666666666664,2,6.666666666666667,3,10.0,4,13.333333333333334,7,23.333333333333332
585,True,3.033333333333333,1.5162087220725546,3.0,2.0,63.33333333333333,83.33333333333334,90.0,5,16.666666666666664,8,26.666666666666668,6,20.0,6,20.0,2,6.666666666666667,3,10.0,2.5,1.408308678285174,2.0,1.75,80.0,90.0,93.33333333333333,8,26.666666666666668,10,33.33333333333333,6,20.0,3,10.0,1,3.3333333333333335,2,6.666666666666667,2.566666666666667,1.453348623772776,2.0,2.5,73.33333333333333,90.0,93.33333333333333,8,26.666666666666668,10,33.33333333333333,4,13.333333333333334,5,16.666666666666664,1,3.3333333333333335,2,6.666666666666667,2.9,1.5989579940281942,2.5,2.0,63.33333333333333,83.33333333333334,90.0,7,23.333333333333332,8,26.666666666666668,4,13.333333333333334,6,20.0,2,6.666666666666667,3,10.0
586,True,2.933333333333333,1.6719914938645934,2.5,2.0,66.66666666666666,80.0,86.66666666666667,7,23.333333333333332,8,26.666666666666668,5,16.666666666666664,4,13.333333333333334,2,6.666666666666667,4,13.333333333333334,2.4,1.5832456116050555,2.0,3.0,70.0,90.0,93.33333333333333,13,43.333333333333336,6,20.0,2,6.666666666666667,6,20.0,1,3.3333333333333335,2,6.666666666666667,2.3333333333333335,1.4907119849998598,2.0,2.75,73.33333333333333,90.0,96.66666666666667,13,43.333333333333336,6,20.0,3,10.0,5,16.666666666666664,2,6.666666666666667,1,3.3333333333333335,2.6666666666666665,1.5986105077709065,2.0,3.0,66.66666666666666,90.0,90.0,10,33.33333333333333,6,20.0,4,13.333333333333334,7,23.333333333333332,0,0.0,3,10.0
587,True,2.6,0.9521904571390467,3.0,1.0,83.33333333333334,100.0,100.0,5,16.666666666666664,7,23.333333333333332,13,43.333333333333336,5,16.666666666666664,0,0.0,0,0.0,2.466666666666667,1.4996295838935991,2.0,2.0,86.66666666666667,86.66666666666667,90.0,9,30.0,9,30.0,8,26.666666666666668,0,0.0,1,3.3333333333333335,3,10.0,2.5,1.4548768561863463,2.0,2.0,83.33333333333334,86.66666666666667,93.33333333333333,9,30.0,8,26.666666666666668,8,26.666666666666668,1,3.3333333333333335,2,6.666666666666667,2,6.666666666666667,3.0,1.4832396974191326,3.0,1.75,73.33333333333333,80.0,90.0,4,13.333333333333334,9,30.0,9,30.0,2,6.666666666666667,3,10.0,3,10.0
588,True,3.1333333333333333,1.3349989596333858,3.0,2.0,63.33333333333333,90.0,90.0,3,10.0,7,23.333333333333332,9,30.0,8,26.666666666666668,0,0.0,3,10.0,2.6,1.7243356208503418,2.0,2.75,73.33333333333333,80.0,90.0,12,40.0,5,16.666666666666664,5,16.666666666666664,2,6.666666666666667,3,10.0,3,10.0,2.6333333333333333,1.5380362660079103,2.5,2.75,73.33333333333333,86.66666666666667,93.33333333333333,10,33.33333333333333,5,16.666666666666664,7,23.333333333333332,4,13.333333333333334,2,6.666666666666667,2,6.666666666666667,2.8333333333333335,1.7336538165261124,2.5,3.0,56.666666666666664,83.33333333333334,90.0,11,36.666666666666664,4,13.333333333333334,2,6.666666666666667,8,26.666666666666668,2,6.666666666666667,3,10.0
589,True,2.6333333333333333,1.1396880664852507,3.0,1.0,80.0,96.66666666666667,96.66666666666667,5,16.666666666666664,9,30.0,10,33.33333333333333,5,16.666666666666664,0,0.0,1,3.3333333333333335,2.533333333333333,1.7650936393164969,2.0,2.0,80.0,83.33333333333334,83.33333333333334,12,40.0,6,20.0,6,20.0,1,3.3333333333333335,0,0.0,5,16.666666666666664,2.6333333333333333,1.6428295373802142,2.0,2.0,76.66666666666667,86.66666666666667,86.66666666666667,10,33.33333333333333,6,20.0,7,23.333333333333332,3,10.0,0,0.0,4,13.333333333333334,3.066666666666667,1.7688665548562132,3.0,2.75,66.66666666666666,80.0,80.0,8,26.666666666666668,4,13.333333333333334,8,26.666666666666668,4,13.333333333333334,0,0.0,6,20.0
590,True,2.8333333333333335,1.1571036638473189,3.0,1.0,83.33333333333334,93.33333333333333,93.33333333333333,3,10.0,8,26.666666666666668,14,46.666666666666664,3,10.0,0,0.0,2,6.666666666666667,2.6666666666666665,1.6193277068654826,3.0,2.0,80.0,86.66666666666667,86.66666666666667,10,33.33333333333333,4,13.333333333333334,10,33.33333333333333,2,6.666666666666667,0,0.0,4,13.333333333333334,2.7,1.5088627063675033,3.0,1.75,80.0,86.66666666666667,90.0,8,26.666666666666668,6,20.0,10,33.33333333333333,2,6.666666666666667,1,3.3333333333333335,3,10.0,2.7333333333333334,1.3888444437333105,3.0,1.0,83.33333333333334,90.0,90.0,6,20.0,7,23.333333333333332,12,40.0,2,6.666666666666667,0,0.0,3,10.0
591,True,2.933333333333333,1.8061622912192088,2.5,3.0,66.66666666666666,76.66666666666667,83.33333333333334,9,30.0,6,20.0,5,16.666666666666664,3,10.0,2,6.666666666666667,5,16.666666666666664,2.3666666666666667,1.5807874268505835,2.0,2.0,80.0,90.0,90.0,13,43.333333333333336,5,16.666666666666664,6,20.0,3,10.0,0,0.0,3,10.0,2.3666666666666667,1.5162087220725546,2.0,2.0,80.0,90.0,93.33333333333333,13,43.333333333333336,4,13.333333333333334,7,23.333333333333332,3,10.0,1,3.3333333333333335,2,6.666666666666667,2.6333333333333333,1.601735170231195,2.5,2.75,73.33333333333333,83.33333333333334,93.33333333333333,11,36.666666666666664,4,13.333333333333334,7,23.333333333333332,3,10.0,3,10.0,2,6.666666666666667
592,True,3.066666666666667,1.6918103387266026,3.0,1.75,73.33333333333333,80.0,80.0,6,20.0,6,20.0,10,33.33333333333333,2,6.666666666666667,0,0.0,6,20.0,2.433333333333333,1.453348623772776,2.0,2.0,80.0,90.0,93.33333333333333,10,33.33333333333333,8,26.666666666666668,6,20.0,3,10.0,1,3.3333333333333335,2,6.666666666666667,2.6,1.685229954635272,2.0,2.0,76.66666666666667,83.33333333333334,86.66666666666667,10,33.33333333333333,8,26.666666666666668,5,16.666666666666664,2,6.666666666666667,1,3.3333333333333335,4,13.333333333333334,2.8,1.6,2.5,2.75,70.0,83.33333333333334,90.0,8,26.666666666666668,7,23.333333333333332,6,20.0,4,13.333333333333334,2,6.666666666666667,3,10.0
593,True,3.1666666666666665,1.7527755766846542,3.0,2.75,60.0,73.33333333333333,83.33333333333334,6,20.0,8,26.666666666666668,4,13.333333333333334,4,13.333333333333334,3,10.0,5,16.666666666666664,2.533333333333333,1.6478942792411035,2.0,2.0,76.66666666666667,83.33333333333334,90.0,11,36.666666666666664,7,23.333333333333332,5,16.666666666666664,2,6.666666666666667,2,6.666666666666667,3,10.0,2.466666666666667,1.521694961401777,2.0,2.75,73.33333333333333,90.0,93.33333333333333,11,36.666666666666664,7,23.333333333333332,4,13.333333333333334,5,16.666666666666664,1,3.3333333333333335,2,6.666666666666667,2.9,1.7,2.5,2.75,66.66666666666666,80.0,86.66666666666667,8,26.666666666666668,7,23.333333333333332,5,16.666666666666664,4,13.333333333333334,2,6.666666666666667,4,13.333333333333334
594,True,2.2,1.16619037896906,2.0,2.0,83.33333333333334,96.66666666666667,100.0,11,36.666666666666664,8,26.666666666666668,6,20.0,4,13.333333333333334,1,3.3333333333333335,0,0.0,2.1666666666666665,1.6549588783075213,1.0,1.75,80.0,86.66666666666667,90.0,16,53.333333333333336,6,20.0,2,6.666666666666667,2,6.666666666666667,1,3.3333333333333335,3,10.0,2.5,1.9450792614526877,1.5,2.75,73.33333333333333,80.0,80.0,15,50.0,5,16.666666666666664,2,6.666666666666667,2,6.666666666666667,0,0.0,6,20.0,3.1333333333333333,1.927577639306795,3.0,3.75,60.0,73.33333333333333,76.66666666666667,9,30.0,5,16.666666666666664,4,13.333333333333334,4,13.333333333333334,1,3.3333333333333335,7,23.333333333333332
595,True,2.433333333333333,1.3585122581543219,2.0,2.0,90.0,90.0,93.33333333333333,9,30.0,7,23.333333333333332,11,36.666666666666664,0,0.0,1,3.3333333333333335,2,6.666666666666667,2.3333333333333335,1.5776212754932308,2.0,2.0,80.0,90.0,90.0,13,43.333333333333336,6,20.0,5,16.666666666666664,3,10.0,0,0.0,3,10.0,2.3333333333333335,1.4907119849998596,2.0,2.0,80.0,90.0,93.33333333333333,12,40.0,7,23.333333333333332,5,16.666666666666664,3,10.0,1,3.3333333333333335,2,6.666666666666667,3.2,1.9043809142780934,3.0,3.75,63.33333333333333,70.0,76.66666666666667,8,26.666666666666668,5,16.666666666666664,6,20.0,2,6.666666666666667,2,6.666666666666667,7,23.333333333333332
596,True,3.033333333333333,1.3287420951996498,3.0,2.0,56.666666666666664,90.0,96.66666666666667,5,16.666666666666664,6,20.0,6,20.0,10,33.33333333333333,2,6.666666666666667,1,3.3333333333333335,2.7666666666666666,1.6669999666733315,2.0,3.0,63.33333333333333,80.0,93.33333333333333,10,33.33333333333333,6,20.0,3,10.0,5,16.666666666666664,4,13.333333333333334,2,6.666666666666667,2.8,1.6411378166788226,2.5,3.0,60.0,83.33333333333334,93.33333333333333,10,33.33333333333333,5,16.666666666666664,3,10.0,7,23.333333333333332,3,10.0,2,6.666666666666667,3.2333333333333334,1.7065234314893603,3.5,2.0,50.0,76.66666666666667,86.66666666666667,7,23.333333333333332,5,16.666666666666664,3,10.0,8,26.666666666666668,3,10.0,4,13.333333333333334
597,True,3.066666666666667,1.6519348924485155,3.0,2.0,66.66666666666666,80.0,83.33333333333334,5,16.666666666666664,9,30.0,6,20.0,4,13.333333333333334,1,3.3333333333333335,5,16.666666666666664,2.466666666666667,1.7074997966487595,2.0,2.75,73.33333333333333,83.33333333333334,90.0,13,43.333333333333336,6,20.0,3,10.0,3,10.0,2,6.666666666666667,3,10.0,2.6666666666666665,1.7191729277636836,2.0,3.0,70.0,80.0,90.0,11,36.666666666666664,6,20.0,4,13.333333333333334,3,10.0,3,10.0,3,10.0,2.6333333333333333,1.7603661235347856,2.0,3.0,70.0,83.33333333333334,86.66666666666667,12,40.0,5,16.666666666666664,4,13.333333333333334,4,13.333333333333334,1,3.3333333333333335,4,13.333333333333334
598,True,2.8,1.4236104336041748,3.0,1.75,73.33333333333333,86.66666666666667,93.33333333333333,6,20.0,8,26.666666666666668,8,26.666666666666668,4,13.333333333333334,2,6.666666666666667,2,6.666666666666667,2.6333333333333333,1.7220788470785986,2.0,2.75,73.33333333333333,83.33333333333334,86.66666666666667,11,36.666666666666664,6,20.0,5,16.666666666666664,3,10.0,1,3.3333333333333335,4,13.333333333333334,2.7,1.6155494421403511,2.5,3.0,70.0,86.66666666666667,90.0,10,33.33333333333333,5,16.666666666666664,6,20.0,5,16.666666666666664,1,3.3333333333333335,3,10.0,3.3666666666666667,1.7792008193443356,3.0,3.0,56.666666666666664,70.0,80.0,6,20.0,5,16.666666666666664,6,20.0,4,13.333333333333334,3,10.0,6,20.0
599,True,3.033333333333333,1.5162087220725546,3.0,2.0,70.0,76.66666666666667,93.33333333333333,6,20.0,5,16.666666666666664,10,33.33333333333333,2,6.666666666666667,5,16.666666666666664,2,6.666666666666667,2.466666666666667,1.4772346537440226,2.5,2.0,80.0,86.66666666666667,96.66666666666667,12,40.0,3,10.0,9,30.0,2,6.666666666666667,3,10.0,1,3.3333333333333335,2.6333333333333333,1.601735170231195,3.0,2.0,76.66666666666667,86.66666666666667,90.0,11,36.666666666666664,3,10.0,9,30.0,3,10.0,1,3.3333333333333335,3,10.0,3.2666666666666666,1.8427033281447003,3.0,3.75,60.0,70.0,80.0,8,26.666666666666668,3,10.0,7,23.333333333333332,3,10.0,3,10.0,6,20.0
600,True,2.6666666666666665,1.2736648783028535,3.0,1.0,76.66666666666667,93.33333333333333,96.66666666666667,7,23.333333333333332,6,20.0,10,33.33333333333333,5,16.666666666666664,1,3.3333333333333335,1,3.3333333333333335,2.3333333333333335,1.2995725793078619,2.0,2.0,86.66666666666667,93.33333333333333,96.66666666666667,11,36.666666666666664,5,16.666666666666664,10,33.33333333333333,2,6.666666666666667,1,3.3333333333333335,1,3.3333333333333335,2.433333333333333,1.4533486237727757,2.0,2.0,83.33333333333334,90.0,93.33333333333333,11,36.666666666666664,5,16.666666666666664,9,30.0,2,6.666666666666667,1,3.3333333333333335,2,6.666666666666667,3.066666666666667,1.590248058916875,3.0,2.0,70.0,80.0,86.66666666666667,6,20.0,5,16.666666666666664,10,33.33333333333333,3,10.0,2,6.666666666666667,4,13.333333333333334
601,True,2.5,1.6683325008322931,2.0,2.0,76.66666666666667,86.66666666666667,86.66666666666667,11,36.666666666666664,8,26.666666666666668,4,13.333333333333334,3,10.0,0,0.0,4,13.333333333333334,1.9333333333333333,1.364632632697248,1.0,1.0,90.0,93.33333333333333,93.33333333333333,16,53.333333333333336,7,23.333333333333332,4,13.333333333333334,1,3.3333333333333335,0,0.0,2,6.666666666666667,1.9666666666666666,1.251221625274897,1.5,1.75,86.66666666666667,96.66666666666667,96.66666666666667,15,50.0,7,23.333333333333332,4,13.333333333333334,3,10.0,0,0.0,1,3.3333333333333335,2.2,1.6613247725836147,1.0,2.0,80.0,86.66666666666667,90.0,16,53.333333333333336,5,16.666666666666664,3,10.0,2,6.666666666666667,1,3.3333333333333335,3,10.0
602,True,3.1333333333333333,1.687865186822955,3.0,2.0,60.0,80.0,83.33333333333334,6,20.0,7,23.333333333333332,5,16.666666666666664,6,20.0,1,3.3333333333333335,5,16.666666666666664,2.466666666666667,1.7269111795984824,2.0,2.75,73.33333333333333,76.66666666666667,93.33333333333333,13,43.333333333333336,7,23.333333333333332,2,6.666666666666667,1,3.3333333333333335,5,16.666666666666664,2,6.666666666666667,2.533333333333333,1.839081896551163,2.0,2.75,73.33333333333333,76.66666666666667,86.66666666666667,13,43.333333333333336,7,23.333333333333332,2,6.666666666666667,1,3.3333333333333335,3,10.0,4,13.333333333333334,2.933333333333333,1.7499206331208916,2.5,3.75,63.33333333333333,73.33333333333333,90.0,9,30.0,6,20.0,4,13.333333333333334,3,10.0,5,16.666666666666664,3,10.0
603,True,2.6,1.451436070471816,2.5,1.75,83.33333333333334,90.0,90.0,8,26.666666666666668,7,23.333333333333332,10,33.33333333333333,2,6.666666666666667,0,0.0,3,10.0,2.3,1.4177446878757827,2.0,2.0,83.33333333333334,93.33333333333333,93.33333333333333,12,40.0,6,20.0,7,23.333333333333332,3,10.0,0,0.0,2,6.666666666666667,2.3,1.369914839202301,2.0,2.0,86.66666666666667,93.33333333333333,93.33333333333333,11,36.666666666666664,7,23.333333333333332,8,26.666666666666668,2,6.666666666666667,0,0.0,2,6.666666666666667,2.7,1.5088627063675033,3.0,1.75,80.0,86.66666666666667,90.0,8,26.666666666666668,6,20.0,10,33.33333333333333,2,6.666666666666667,1,3.3333333333333335,3,10.0
604,True,2.7,1.3203534880225574,3.0,1.0,76.66666666666667,90.0,96.66666666666667,7,23.333333333333332,6,20.0,10,33.33333333333333,4,13.333333333333334,2,6.666666666666667,1,3.3333333333333335,2.4,1.5832456116050555,2.0,2.0,80.0,86.66666666666667,90.0,11,36.666666666666664,9,30.0,4,13.333333333333334,2,6.666666666666667,1,3.3333333333333335,3,10.0,2.5,1.6278820596099706,2.0,2.75,73.33333333333333,86.66666666666667,90.0,11,36.666666666666664,8,26.666666666666668,3,10.0,4,13.333333333333334,1,3.3333333333333335,3,10.0,3.3666666666666667,1.9232495649002206,3.0,3.75,60.0,66.66666666666666,73.33333333333333,7,23.333333333333332,5,16.666666666666664,6,20.0,2,6.666666666666667,2,6.666666666666667,8,26.666666666666668
605,True,2.966666666666667,1.6629959577688562,3.0,1.75,73.33333333333333,80.0,83.33333333333334,6,20.0,8,26.666666666666668,8,26.666666666666668,2,6.666666666666667,1,3.3333333333333335,5,16.666666666666664,2.566666666666667,1.6058919293927874,2.0,2.0,76.66666666666667,86.66666666666667,90.0,11,36.666666666666664,5,16.666666666666664,7,23.333333333333332,3,10.0,1,3.3333333333333335,3,10.0,2.6,1.5832456116050555,2.0,2.0,76.66666666666667,86.66666666666667,90.0,10,33.33333333333333,6,20.0,7,23.333333333333332,3,10.0,1,3.3333333333333335,3,10.0,2.8666666666666667,1.6679994670929073,3.0,3.0,66.66666666666666,76.66666666666667,93.33333333333333,10,33.33333333333333,3,10.0,7,23.333333333333332,3,10.0,5,16.666666666666664,2,6.666666666666667
606,True,3.1666666666666665,1.5293426329272617,3.0,2.0,56.666666666666664,83.33333333333334,90.0,6,20.0,4,13.333333333333334,7,23.333333333333332,8,26.666666666666668,2,6.666666666666667,3,10.0,2.4,1.4966629547095764,2.0,2.0,76.66666666666667,90.0,93.33333333333333,11,36.666666666666664,8,26.666666666666668,4,13.333333333333334,4,13.333333333333334,1,3.3333333333333335,2,6.666666666666667,2.433333333333333,1.4761059883656353,2.0,2.75,73.33333333333333,93.33333333333333,93.33333333333333,11,36.666666666666664,7,23.333333333333332,4,13.333333333333334,6,20.0,0,0.0,2,6.666666666666667,3.2333333333333334,1.801542548916221,3.0,3.5,53.333333333333336,73.33333333333333,83.33333333333334,8,26.666666666666668,4,13.333333333333334,4,13.333333333333334,6,20.0,3,10.0,5,16.666666666666664
607,True,2.6,1.4966629547095767,2.5,2.75,73.33333333333333,90.0,93.33333333333333,10,33.33333333333333,5,16.666666666666664,7,23.333333333333332,5,16.666666666666664,1,3.3333333333333335,2,6.666666666666667,2.433333333333333,1.6669999666733315,2.0,2.75,73.33333333333333,86.66666666666667,90.0,13,43.333333333333336,6,20.0,3,10.0,4,13.333333333333334,1,3.3333333333333335,3,10.0,2.533333333333333,1.6478942792411033,2.0,2.75,73.33333333333333,86.66666666666667,90.0,12,40.0,5,16.666666666666664,5,16.666666666666664,4,13.333333333333334,1,3.3333333333333335,3,10.0,3.1333333333333333,1.627540748764494,3.0,2.0,63.33333333333333,83.33333333333334,83.33333333333334,6,20.0,5,16.666666666666664,8,26.666666666666668,6,20.0,0,0.0,5,16.666666666666664
608,True,2.6333333333333333,1.5162087220725546,2.0,2.5,73.33333333333333,90.0,90.0,8,26.666666666666668,9,30.0,5,16.666666666666664,5,16.666666666666664,0,0.0,3,10.0,2.3,1.676305461424021,2.0,1.75,80.0,86.66666666666667,86.66666666666667,13,43.333333333333336,9,30.0,2,6.666666666666667,2,6.666666666666667,0,0.0,4,13.333333333333334,2.4,1.6041612554021285,2.0,2.75,73.33333333333333,90.0,90.0,12,40.0,8,26.666666666666668,2,6.666666666666667,5,16.666666666666664,0,0.0,3,10.0,2.8,1.7009801096230766,2.0,3.0,66.66666666666666,83.33333333333334,86.66666666666667,9,30.0,7,23.333333333333332,4,13.333333333333334,5,16.666666666666664,1,3.3333333333333335,4,13.333333333333334
609,True,2.966666666666667,1.6428295373802142,2.0,2.0,70.0,76.66666666666667,86.66666666666667,5,16.666666666666664,11,36.666666666666664,5,16.666666666666664,2,6.666666666666667,3,10.0,4,13.333333333333334,2.433333333333333,1.5638272140986533,2.0,2.0,80.0,86.66666666666667,90.0,10,33.33333333333333,10,33.33333333333333,4,13.333333333333334,2,6.666666666666667,1,3.3333333333333335,3,10.0,2.466666666666667,1.6275407487644937,2.0,2.0,80.0,86.66666666666667,86.66666666666667,10,33.33333333333333,10,33.33333333333333,4,13.333333333333334,2,6.666666666666667,0,0.0,4,13.333333333333334,2.7333333333333334,1.4817407180595246,2.0,2.0,70.0,86.66666666666667,93.33333333333333,7,23.333333333333332,9,30.0,5,16.666666666666664,5,16.666666666666664,2,6.666666666666667,2,6.666666666666667
610,True,2.7,1.4866068747318506,2.0,1.75,73.33333333333333,90.0,90.0,7,23.333333333333332,9,30.0,6,20.0,5,16.666666666666664,0,0.0,3,10.0,2.4,1.5832456116050557,2.0,2.75,73.33333333333333,86.66666666666667,93.33333333333333,12,40.0,8,26.666666666666668,2,6.666666666666667,4,13.333333333333334,2,6.666666666666667,2,6.666666666666667,2.433333333333333,1.5638272140986533,2.0,2.75,73.33333333333333,86.66666666666667,93.33333333333333,11,36.666666666666664,9,30.0,2,6.666666666666667,4,13.333333333333334,2,6.666666666666667,2,6.666666666666667,2.533333333333333,1.384035966135113,2.0,2.5,73.33333333333333,90.0,96.66666666666667,8,26.666666666666668,10,33.33333333333333,4,13.333333333333334,5,16.666666666666664,2,6.666666666666667,1,3.3333333333333335
611,True,2.8666666666666667,1.4772346537440226,3.0,2.75,66.66666666666666,83.33333333333334,96.66666666666667,8,26.666666666666668,4,13.333333333333334,8,26.666666666666668,5,16.666666666666664,4,13.333333333333334,1,3.3333333333333335,2.2666666666666666,1.412641340027806,2.0,2.0,76.66666666666667,93.33333333333333,96.66666666666667,13,43.333333333333336,6,20.0,4,13.333333333333334,5,16.666666666666664,1,3.3333333333333335,1,3.3333333333333335,2.2666666666666666,1.412641340027806,2.0,2.0,76.66666666666667,93.33333333333333,96.66666666666667,13,43.333333333333336,6,20.0,4,13.333333333333334,5,16.666666666666664,1,3.3333333333333335,1,3.3333333333333335,2.6,1.540562667772179,2.5,3.0,70.0,90.0,93.33333333333333,11,36.666666666666664,4,13.333333333333334,6,20.0,6,20.0,1,3.3333333333333335,2,6.666666666666667
612,True,3.3666666666666667,1.622412469818394,3.0,3.0,56.666666666666664,70.0,86.66666666666667,4,13.333333333333334,7,23.333333333333332,6,20.0,4,13.333333333333334,5,16.666666666666664,4,13.333333333333334,2.8333333333333335,1.6549588783075213,2.0,3.5,70.0,73.33333333333333,93.33333333333333,8,26.666666666666668,8,26.666666666666668,5,16.666666666666664,1,3.3333333333333335,6,20.0,2,6.666666666666667,2.966666666666667,1.7220788470785988,3.0,2.75,66.66666666666666,76.66666666666667,86.66666666666667,8,26.666666666666668,6,20.0,6,20.0,3,10.0,3,10.0,4,13.333333333333334,3.3333333333333335,1.699673171197595,3.0,3.0,56.666666666666664,63.33333333333333,90.0,6,20.0,5,16.666666666666664,6,20.0,2,6.666666666666667,8,26.666666666666668,3,10.0
613,True,3.1,1.7194960502038572,3.0,2.0,66.66666666666666,76.66666666666667,83.33333333333334,7,23.333333333333332,5,16.666666666666664,8,26.666666666666668,3,10.0,2,6.666666666666667,5,16.666666666666664,2.2666666666666666,1.4360439485692011,2.0,2.0,80.0,93.33333333333333,93.33333333333333,12,40.0,8,26.666666666666668,4,13.333333333333334,4,13.333333333333334,0,0.0,2,6.666666666666667,2.3666666666666667,1.5595583420386112,2.0,2.0,80.0,90.0,90.0,12,40.0,7,23.333333333333332,5,16.666666666666664,3,10.0,0,0.0,3,10.0,2.466666666666667,1.3840359661351131,2.0,2.75,73.33333333333333,93.33333333333333,96.66666666666667,10,33.33333333333333,7,23.333333333333332,5,16.666666666666664,6,20.0,1,3.3333333333333335,1,3.3333333333333335
614,True,2.9,1.5989579940281944,2.0,2.0,66.66666666666666,83.33333333333334,86.66666666666667,5,16.666666666666664,12,40.0,3,10.0,5,16.666666666666664,1,3.3333333333333335,4,13.333333333333334,2.4,1.6041612554021285,2.0,2.0,76.66666666666667,86.66666666666667,90.0,11,36.666666666666664,10,33.33333333333333,2,6.666666666666667,3,10.0,1,3.3333333333333335,3,10.0,2.5,1.648231375343482,2.0,2.75,73.33333333333333,83.33333333333334,90.0,10,33.33333333333333,11,36.666666666666664,1,3.3333333333333335,3,10.0,2,6.666666666666667,3,10.0,2.6333333333333333,1.7220788470785988,2.0,3.0,70.0,80.0,90.0,11,36.666666666666664,7,23.333333333333332,3,10.0,3,10.0,3,10.0,3,10.0
615,True,3.1666666666666665,1.4395215254459457,3.0,2.0,66.66666666666666,83.33333333333334,86.66666666666667,2,6.666666666666667,10,33.33333333333333,8,26.666666666666668,5,16.666666666666664,1,3.3333333333333335,4,13.333333333333334,2.8333333333333335,1.771690968789108,2.0,2.5,73.33333333333333,76.66666666666667,83.33333333333334,8,26.666666666666668,9,30.0,5,16.666666666666664,1,3.3333333333333335,2,6.666666666666667,5,16.666666666666664,2.8333333333333335,1.5723301886761005,2.5,2.0,70.0,83.33333333333334,90.0,7,23.333333333333332,8,26.666666666666668,6,20.0,4,13.333333333333334,2,6.666666666666667,3,10.0,3.1666666666666665,1.771690968789108,2.5,2.75,63.33333333333333,73.33333333333333,80.0,5,16.666666666666664,10,33.33333333333333,4,13.333333333333334,3,10.0,2,6.666666666666667,6,20.0
616,True,2.7333333333333334,1.8245242911205346,2.0,3.0,70.0,76.66666666666667,86.66666666666667,12,40.0,4,13.333333333333334,5,16.666666666666664,2,6.666666666666667,3,10.0,4,13.333333333333334,2.2333333333333334,1.5638272140986533,2.0,2.0,80.0,86.66666666666667,93.33333333333333,14,46.666666666666664,7,23.333333333333332,3,10.0,2,6.666666666666667,2,6.666666666666667,2,6.666666666666667,2.3333333333333335,1.699673171197595,2.0,2.0,76.66666666666667,83.33333333333334,90.0,14,46.666666666666664,7,23.333333333333332,2,6.666666666666667,2,6.666666666666667,2,6.666666666666667,3,10.0,2.9,1.8138357147217052,2.5,3.75,66.66666666666666,73.33333333333333,86.66666666666667,10,33.33333333333333,5,16.666666666666664,5,16.666666666666664,2,6.666666666666667,4,13.333333333333334,4,13.333333333333334
617,True,3.466666666666667,1.4079141387961918,3.0,2.5,56.666666666666664,73.33333333333333,90.0,2,6.666666666666667,6,20.0,9,30.0,5,16.666666666666664,5,16.666666666666664,3,10.0,2.7666666666666666,1.6669999666733317,2.0,1.75,73.33333333333333,80.0,86.66666666666667,7,23.333333333333332,11,36.666666666666664,4,13.333333333333334,2,6.666666666666667,2,6.666666666666667,4,13.333333333333334,2.8666666666666667,1.687865186822955,2.0,2.0,66.66666666666666,80.0,86.66666666666667,7,23.333333333333332,10,33.33333333333333,3,10.0,4,13.333333333333334,2,6.666666666666667,4,13.333333333333334,3.4,1.7435595774162695,3.0,3.0,53.333333333333336,66.66666666666666,83.33333333333334,5,16.666666666666664,7,23.333333333333332,4,13.333333333333334,4,13.333333333333334,5,16.666666666666664,5,16.666666666666664
618,True,2.2,1.2489995996796797,2.0,2.0,86.66666666666667,93.33333333333333,96.66666666666667,10,33.33333333333333,11,36.666666666666664,5,16.666666666666664,2,6.666666666666667,1,3.3333333333333335,1,3.3333333333333335,2.0,1.4375905768565218,1.5,1.0,86.66666666666667,90.0,93.33333333333333,15,50.0,9,30.0,2,6.666666666666667,1,3.3333333333333335,1,3.3333333333333335,2,6.666666666666667,1.9666666666666666,1.32874209519965,2.0,1.0,90.0,93.33333333333333,93.33333333333333,14,46.666666666666664,10,33.33333333333333,3,10.0,1,3.3333333333333335,0,0.0,2,6.666666666666667,2.3333333333333335,1.7191729277636836,2.0,1.75,80.0,83.33333333333334,86.66666666666667,13,43.333333333333336,9,30.0,2,6.666666666666667,1,3.3333333333333335,1,3.3333333333333335,4,13.333333333333334
619,True,2.7,1.6155494421403511,2.5,2.0,76.66666666666667,86.66666666666667,86.66666666666667,9,30.0,6,20.0,8,26.666666666666668,3,10.0,0,0.0,4,13.333333333333334,2.2,1.4696938456699067,2.0,2.0,83.33333333333334,90.0,93.33333333333333,13,43.333333333333336,8,26.666666666666668,4,13.333333333333334,2,6.666666666666667,1,3.3333333333333335,2,6.666666666666667,2.3,1.5088627063675035,2.0,2.0,80.0,90.0,93.33333333333333,13,43.333333333333336,6,20.0,5,16.666666666666664,3,10.0,1,3.3333333333333335,2,6.666666666666667,2.3666666666666667,1.4715826703096078,2.0,2.0,80.0,90.0,93.33333333333333,11,36.666666666666664,8,26.666666666666668,5,16.666666666666664,3,10.0,1,3.3333333333333335,2,6.666666666666667
620,True,3.033333333333333,1.4019827229875395,3.0,2.0,66.66666666666666,86.66666666666667,90.0,3,10.0,10,33.33333333333333,7,23.333333333333332,6,20.0,1,3.3333333333333335,3,10.0,2.7333333333333334,1.4817407180595246,2.0,1.0,76.66666666666667,86.66666666666667,90.0,6,20.0,10,33.33333333333333,7,23.333333333333332,3,10.0,1,3.3333333333333335,3,10.0,2.933333333333333,1.590248058916875,3.0,2.0,70.0,83.33333333333334,86.66666666666667,6,20.0,8,26.666666666666668,7,23.333333333333332,4,13.333333333333334,1,3.3333333333333335,4,13.333333333333334,3.1,1.468559384794046,3.0,2.0,66.66666666666666,86.66666666666667,86.66666666666667,4,13.333333333333334,7,23.333333333333332,9,30.0,6,20.0,0,0.0,4,13.333333333333334
621,True,3.1666666666666665,1.5509853498842454,3.0,2.0,63.33333333333333,76.66666666666667,90.0,5,16.666666666666664,6,20.0,8,26.666666666666668,4,13.333333333333334,4,13.333333333333334,3,10.0,2.7333333333333334,1.7499206331208916,2.0,3.0,66.66666666666666,83.33333333333334,86.66666666666667,11,36.666666666666664,5,16.666666666666664,4,13.333333333333334,5,16.666666666666664,1,3.3333333333333335,4,13.333333333333334,2.933333333333333,1.7876116903722565,2.5,3.75,66.66666666666666,73.33333333333333,86.66666666666667,9,30.0,6,20.0,5,16.666666666666664,2,6.666666666666667,4,13.333333333333334,4,13.333333333333334,3.066666666666667,1.6110727964792761,3.0,2.75,56.666666666666664,83.33333333333334,90.0,8,26.666666666666668,3,10.0,6,20.0,8,26.666666666666668,2,6.666666666666667,3,10.0
622,True,2.6666666666666665,1.4907119849998598,2.0,2.5,73.33333333333333,86.66666666666667,93.33333333333333,8,26.666666666666668,8,26.666666666666668,6,20.0,4,13.333333333333334,2,6.666666666666667,2,6.666666666666667,2.466666666666667,1.6679994670929073,2.0,2.0,76.66666666666667,83.33333333333334,90.0,12,40.0,7,23.333333333333332,4,13.333333333333334,2,6.666666666666667,2,6.666666666666667,3,10.0,2.533333333333333,1.6679994670929073,2.0,2.75,73.33333333333333,83.33333333333334,90.0,11,36.666666666666664,8,26.666666666666668,3,10.0,3,10.0,2,6.666666666666667,3,10.0,2.7666666666666666,1.7259457954666158,2.0,3.0,70.0,80.0,86.66666666666667,9,30.0,8,26.666666666666668,4,13.333333333333334,3,10.0,2,6.666666666666667,4,13.333333333333334
623,True,3.2,1.5362291495737217,3.0,2.75,60.0,73.33333333333333,93.33333333333333,5,16.666666666666664,6,20.0,7,23.333333333333332,4,13.333333333333334,6,20.0,2,6.666666666666667,2.7,1.7349351572897471,2.0,2.75,73.33333333333333,83.33333333333334,83.33333333333334,9,30.0,9,30.0,4,13.333333333333334,3,10.0,0,0.0,5,16.666666666666664,2.6333333333333333,1.5807874268505835,2.0,2.0,80.0,83.33333333333334,90.0,9,30.0,7,23.333333333333332,8,26.666666666666668,1,3.3333333333333335,2,6.666666666666667,3,10.0,3.1333333333333333,1.7074997966487597,3.0,2.75,63.33333333333333,73.33333333333333,86.66666666666667,7,23.333333333333332,5,16.666666666666664,7,23.333333333333332,3,10.0,4,13.333333333333334,4,13.333333333333334
624,True,2.466666666666667,1.521694961401777,2.0,2.0,83.33333333333334,86.66666666666667,90.0,9,30.0,10,33.33333333333333,6,20.0,1,3.3333333333333335,1,3.3333333333333335,3,10.0,2.066666666666667,1.1813363431112902,2.0,2.0,90.0,96.66666666666667,96.66666666666667,12,40.0,9,30.0,6,20.0,2,6.666666666666667,0,0.0,1,3.3333333333333335,2.1,1.2206555615733703,2.0,2.0,86.66666666666667,96.66666666666667,96.66666666666667,12,40.0,9,30.0,5,16.666666666666664,3,10.0,0,0.0,1,3.3333333333333335,2.7333333333333334,1.569146972791976,2.0,1.0,76.66666666666667,86.66666666666667,86.66666666666667,7,23.333333333333332,9,30.0,7,23.333333333333332,3,10.0,0,0.0,4,13.333333333333334
625,True,3.0,1.5275252316519468,3.0,2.0,63.33333333333333,80.0,93.33333333333333,6,20.0,7,23.333333333333332,6,20.0,5,16.666666666666664,4,13.333333333333334,2,6.666666666666667,2.5,1.6278820596099706,2.0,2.0,80.0,83.33333333333334,90.0,11,36.666666666666664,7,23.333333333333332,6,20.0,1,3.3333333333333335,2,6.666666666666667,3,10.0,2.533333333333333,1.6478942792411033,2.0,2.0,76.66666666666667,83.33333333333334,90.0,11,36.666666666666664,7,23.333333333333332,5,16.666666666666664,2,6.666666666666667,2,6.666666666666667,3,10.0,3.0,1.8073922282301278,2.5,3.5,66.66666666666666,73.33333333333333,83.33333333333334,8,26.666666666666668,7,23.333333333333332,5,16.666666666666664,2,6.666666666666667,3,10.0,5,16.666666666666664
626,True,2.433333333333333,1.4761059883656353,2.0,2.75,73.33333333333333,86.66666666666667,96.66666666666667,10,33.33333333333333,10,33.33333333333333,2,6.666666666666667,4,13.333333333333334,3,10.0,1,3.3333333333333335,2.1,1.4224392195567912,2.0,1.0,83.33333333333334,90.0,93.33333333333333,12,40.0,13,43.333333333333336,0,0.0,2,6.666666666666667,1,3.3333333333333335,2,6.666666666666667,2.1666666666666665,1.5509853498842456,2.0,1.0,83.33333333333334,86.66666666666667,90.0,12,40.0,13,43.333333333333336,0,0.0,1,3.3333333333333335,1,3.3333333333333335,3,10.0,3.066666666666667,2.031966753883756,2.0,4.5,63.33333333333333,66.66666666666666,73.33333333333333,8,26.666666666666668,11,36.666666666666664,0,0.0,1,3.3333333333333335,2,6.666666666666667,8,26.666666666666668
627,True,2.8,1.6613247725836147,2.5,3.0,60.0,86.66666666666667,90.0,10,33.33333333333333,5,16.666666666666664,3,10.0,8,26.666666666666668,1,3.3333333333333335,3,10.0,2.3,1.6155494421403511,2.0,2.0,76.66666666666667,90.0,90.0,14,46.666666666666664,6,20.0,3,10.0,4,13.333333333333334,0,0.0,3,10.0,2.3,1.6155494421403511,2.0,2.0,76.66666666666667,90.0,90.0,14,46.666666666666664,6,20.0,3,10.0,4,13.333333333333334,0,0.0,3,10.0,3.066666666666667,1.8061622912192088,2.5,4.0,53.333333333333336,70.0,90.0,9,30.0,6,20.0,1,3.3333333333333335,5,16.666666666666664,6,20.0,3,10.0
628,True,2.7666666666666666,1.3337499349161706,3.0,1.75,73.33333333333333,93.33333333333333,93.33333333333333,6,20.0,7,23.333333333333332,9,30.0,6,20.0,0,0.0,2,6.666666666666667,2.7,1.8645821694595996,2.0,3.0,70.0,80.0,83.33333333333334,13,43.333333333333336,3,10.0,5,16.666666666666664,3,10.0,1,3.3333333333333335,5,16.666666666666664,2.6333333333333333,1.7220788470785986,2.0,2.75,73.33333333333333,83.33333333333334,86.66666666666667,11,36.666666666666664,6,20.0,5,16.666666666666664,3,10.0,1,3.3333333333333335,4,13.333333333333334,2.933333333333333,1.6316317667360556,3.0,2.75,66.66666666666666,80.0,90.0,8,26.666666666666668,5,16.666666666666664,7,23.333333333333332,4,13.333333333333334,3,10.0,3,10.0
629,True,2.933333333333333,1.4817407180595248,3.0,2.0,66.66666666666666,83.33333333333334,93.33333333333333,6,20.0,7,23.333333333333332,7,23.333333333333332,5,16.666666666666664,3,10.0,2,6.666666666666667,2.566666666666667,1.7451520150277897,2.0,2.75,73.33333333333333,83.33333333333334,86.66666666666667,12,40.0,6,20.0,4,13.333333333333334,3,10.0,1,3.3333333333333335,4,13.333333333333334,2.533333333333333,1.586050300449376,2.0,2.75,73.33333333333333,90.0,90.0,11,36.666666666666664,6,20.0,5,16.666666666666664,5,16.666666666666664,0,0.0,3,10.0,3.033333333333333,1.834545054108935,2.5,2.75,63.33333333333333,76.66666666666667,80.0,8,26.666666666666668,7,23.333333333333332,4,13.333333333333334,4,13.333333333333334,1,3.3333333333333335,6,20.0
630,True,2.7,1.7349351572897473,2.0,3.0,70.0,83.33333333333334,86.66666666666667,11,36.666666666666664,5,16.666666666666664,5,16.666666666666664,4,13.333333333333334,1,3.3333333333333335,4,13.333333333333334,2.433333333333333,1.764149149653232,2.0,2.0,76.66666666666667,83.33333333333334,86.66666666666667,14,46.666666666666664,5,16.666666666666664,4,13.333333333333334,2,6.666666666666667,1,3.3333333333333335,4,13.333333333333334,2.533333333333333,1.687865186822955,2.0,3.0,66.66666666666666,83.33333333333334,93.33333333333333,13,43.333333333333336,5,16.666666666666664,2,6.666666666666667,5,16.666666666666664,3,10.0,2,6.666666666666667,2.6333333333333333,1.7026123718829513,2.0,2.0,76.66666666666667,83.33333333333334,86.66666666666667,11,36.666666666666664,5,16.666666666666664,7,23.333333333333332,2,6.666666666666667,1,3.3333333333333335,4,13.333333333333334
631,True,3.066666666666667,1.5040685563571303,3.0,2.0,66.66666666666666,83.33333333333334,90.0,6,20.0,4,13.333333333333334,10,33.33333333333333,5,16.666666666666664,2,6.666666666666667,3,10.0,2.4,1.540562667772179,2.0,2.0,80.0,90.0,90.0,11,36.666666666666664,8,26.666666666666668,5,16.666666666666664,3,10.0,0,0.0,3,10.0,2.533333333333333,1.586050300449376,2.0,2.0,76.66666666666667,86.66666666666667,90.0,10,33.33333333333333,8,26.666666666666668,5,16.666666666666664,3,10.0,1,3.3333333333333335,3,10.0,2.8666666666666667,1.564892612574067,3.0,2.0,70.0,83.33333333333334,90.0,7,23.333333333333332,7,23.333333333333332,7,23.333333333333332,4,13.333333333333334,2,6.666666666666667,3,10.0
632,True,2.9,1.5132745950421556,3.0,2.0,70.0,86.66666666666667,90.0,7,23.333333333333332,5,16.666666666666664,9,30.0,5,16.666666666666664,1,3.3333333333333335,3,10.0,2.2666666666666666,1.6110727964792761,2.0,2.0,83.33333333333334,86.66666666666667,90.0,14,46.666666666666664,6,20.0,5,16.666666666666664,1,3.3333333333333335,1,3.3333333333333335,3,10.0,2.4,1.7048949136725895,2.0,2.0,83.33333333333334,83.33333333333334,86.66666666666667,13,43.333333333333336,6,20.0,6,20.0,0,0.0,1,3.3333333333333335,4,13.333333333333334,2.8333333333333335,1.790406533599438,2.5,3.0,70.0,80.0,83.33333333333334,10,33.33333333333333,5,16.666666666666664,6,20.0,3,10.0,1,3.3333333333333335,5,16.666666666666664
633,True,2.6,1.3808210118138653,2.5,3.0,70.0,93.33333333333333,96.66666666666667,9,30.0,6,20.0,6,20.0,7,23.333333333333332,1,3.3333333333333335,1,3.3333333333333335,2.466666666666667,1.8571184369578824,1.0,3.0,70.0,76.66666666666667,90.0,16,53.333333333333336,3,10.0,2,6.666666666666667,2,6.666666666666667,4,13.333333333333334,3,10.0,2.466666666666667,1.6478942792411033,2.0,2.75,73.33333333333333,83.33333333333334,93.33333333333333,13,43.333333333333336,5,16.666666666666664,4,13.333333333333334,3,10.0,3,10.0,2,6.666666666666667,2.8666666666666667,1.9275776393067947,2.0,3.75,63.33333333333333,73.33333333333333,83.33333333333334,12,40.0,4,13.333333333333334,3,10.0,3,10.0,3,10.0,5,16.666666666666664
634,True,2.7666666666666666,1.2565384549980512,2.5,1.75,73.33333333333333,90.0,96.66666666666667,4,13.333333333333334,11,36.666666666666664,7,23.333333333333332,5,16.666666666666664,2,6.666666666666667,1,3.3333333333333335,2.7,1.5524174696260025,2.0,1.75,73.33333333333333,83.33333333333334,90.0,6,20.0,13,43.333333333333336,3,10.0,3,10.0,2,6.666666666666667,3,10.0,2.8333333333333335,1.5933891203622825,2.0,1.75,73.33333333333333,83.33333333333334,86.66666666666667,6,20.0,10,33.33333333333333,6,20.0,3,10.0,1,3.3333333333333335,4,13.333333333333334,3.3333333333333335,1.699673171197595,3.0,3.0,56.666666666666664,70.0,83.33333333333334,4,13.333333333333334,9,30.0,4,13.333333333333334,4,13.333333333333334,4,13.333333333333334,5,16.666666666666664
635,True,2.7333333333333334,1.7499206331208914,2.0,3.0,66.66666666666666,76.66666666666667,90.0,10,33.33333333333333,8,26.666666666666668,2,6.666666666666667,3,10.0,4,13.333333333333334,3,10.0,2.2333333333333334,1.6669999666733317,2.0,1.0,80.0,83.33333333333334,90.0,14,46.666666666666664,9,30.0,1,3.3333333333333335,1,3.3333333333333335,2,6.666666666666667,3,10.0,2.2666666666666666,1.6316317667360556,2.0,1.75,76.66666666666667,83.33333333333334,93.33333333333333,14,46.666666666666664,8,26.666666666666668,1,3.3333333333333335,2,6.666666666666667,3,10.0,2,6.666666666666667,2.433333333333333,1.7065234314893605,2.0,2.75,73.33333333333333,83.33333333333334,90.0,13,43.333333333333336,7,23.333333333333332,2,6.666666666666667,3,10.0,2,6.666666666666667,3,10.0
636,True,2.966666666666667,1.642829537380214,3.0,2.0,70.0,80.0,86.66666666666667,7,23.333333333333332,6,20.0,8,26.666666666666668,3,10.0,2,6.666666666666667,4,13.333333333333334,2.3666666666666667,1.5380362660079103,2.0,2.0,80.0,86.66666666666667,93.33333333333333,12,40.0,7,23.333333333333332,5,16.666666666666664,2,6.666666666666667,2,6.666666666666667,2,6.666666666666667,2.3,1.3699148392023013,2.0,2.0,83.33333333333334,90.0,96.66666666666667,11,36.666666666666664,8,26.666666666666668,6,20.0,2,6.666666666666667,2,6.666666666666667,1,3.3333333333333335,3.0,1.7888543819998317,3.0,3.75,63.33333333333333,73.33333333333333,86.66666666666667,9,30.0,5,16.666666666666664,5,16.666666666666664,3,10.0,4,13.333333333333334,4,13.333333333333334
637,True,2.9,1.5132745950421556,2.0,1.75,73.33333333333333,80.0,90.0,4,13.333333333333334,12,40.0,6,20.0,2,6.666666666666667,3,10.0,3,10.0,2.3666666666666667,1.3287420951996498,2.0,1.0,86.66666666666667,90.0,93.33333333333333,7,23.333333333333332,14,46.666666666666664,5,16.666666666666664,1,3.3333333333333335,1,3.3333333333333335,2,6.666666666666667,2.466666666666667,1.4313940369055924,2.0,1.0,83.33333333333334,90.0,90.0,7,23.333333333333332,13,43.333333333333336,5,16.666666666666664,2,6.666666666666667,0,0.0,3,10.0,2.9,1.6603212540549697,2.0,2.0,70.0,76.66666666666667,86.66666666666667,5,16.666666666666664,13,43.333333333333336,3,10.0,2,6.666666666666667,3,10.0,4,13.333333333333334
638,True,2.933333333333333,1.3888444437333107,2.5,2.0,70.0,83.33333333333334,93.33333333333333,3,10.0,12,40.0,6,20.0,4,13.333333333333334,3,10.0,2,6.666666666666667,2.533333333333333,1.8208667044996885,2.0,3.0,66.66666666666666,83.33333333333334,86.66666666666667,14,46.666666666666664,5,16.666666666666664,1,3.3333333333333335,5,16.666666666666664,1,3.3333333333333335,4,13.333333333333334,2.3666666666666667,1.42556031868954,2.0,3.0,70.0,93.33333333333333,96.66666666666667,11,36.666666666666664,9,30.0,1,3.3333333333333335,7,23.333333333333332,1,3.3333333333333335,1,3.3333333333333335,3.2333333333333334,2.076589083623002,2.0,5.0,56.666666666666664,66.66666666666666,70.0,9,30.0,7,23.333333333333332,1,3.3333333333333335,3,10.0,1,3.3333333333333335,9,30.0
639,True,3.6,1.6041612554021287,4.0,2.75,46.666666666666664,70.0,83.33333333333334,4,13.333333333333334,4,13.333333333333334,6,20.0,7,23.333333333333332,4,13.333333333333334,5,16.666666666666664,2.7333333333333334,1.6719914938645934,2.0,3.0,63.33333333333333,80.0,93.33333333333333,10,33.33333333333333,7,23.333333333333332,2,6.666666666666667,5,16.666666666666664,4,13.333333333333334,2,6.666666666666667,2.9,1.8138357147217055,2.0,3.0,60.0,76.66666666666667,86.66666666666667,10,33.33333333333333,6,20.0,2,6.666666666666667,5,16.666666666666664,3,10.0,4,13.333333333333334,3.066666666666667,1.8061622912192086,3.0,3.75,56.666666666666664,73.33333333333333,86.66666666666667,9,30.0,5,16.666666666666664,3,10.0,5,16.666666666666664,4,13.333333333333334,4,13.333333333333334
640,True,2.7333333333333334,1.6719914938645934,2.0,2.75,73.33333333333333,83.33333333333334,86.66666666666667,9,30.0,7,23.333333333333332,6,20.0,3,10.0,1,3.3333333333333335,4,13.333333333333334,2.3333333333333335,1.6397831834998458,2.0,2.0,80.0,86.66666666666667,90.0,14,46.666666666666664,5,16.666666666666664,5,16.666666666666664,2,6.666666666666667,1,3.3333333333333335,3,10.0,2.4,1.6852299546352716,2.0,2.0,80.0,86.66666666666667,86.66666666666667,13,43.333333333333336,6,20.0,5,16.666666666666664,2,6.666666666666667,0,0.0,4,13.333333333333334,2.966666666666667,1.95760624800347,3.0,3.75,70.0,73.33333333333333,76.66666666666667,11,36.666666666666664,3,10.0,7,23.333333333333332,1,3.3333333333333335,1,3.3333333333333335,7,23.333333333333332
641,False,3.4,1.7243356208503418,3.0,3.0,60.0,70.0,80.0,5,16.666666666666664,5,16.666666666666664,8,26.666666666666668,3,10.0,3,10.0,6,20.0,2.3666666666666667,1.6428295373802142,2.0,2.0,80.0,86.66666666666667,90.0,14,46.666666666666664,4,13.333333333333334,6,20.0,2,6.666666666666667,1,3.3333333333333335,3,10.0,2.4,1.624807680927192,2.0,2.0,80.0,86.66666666666667,90.0,13,43.333333333333336,5,16.666666666666664,6,20.0,2,6.666666666666667,1,3.3333333333333335,3,10.0,3.0,1.9826836567538,2.0,4.0,65.51724137931035,72.41379310344827,75.86206896551724,10,34.48275862068966,5,17.24137931034483,4,13.793103448275861,2,6.896551724137931,1,3.4482758620689653,7,24.137931034482758
642,True,2.0,1.2110601416389966,1.0,2.0,93.33333333333333,93.33333333333333,100.0,16,53.333333333333336,2,6.666666666666667,10,33.33333333333333,0,0.0,2,6.666666666666667,0,0.0,2.0,1.570562531918633,1.0,1.0,83.33333333333334,86.66666666666667,93.33333333333333,18,60.0,5,16.666666666666664,2,6.666666666666667,1,3.3333333333333335,2,6.666666666666667,2,6.666666666666667,2.1,1.619670748434179,1.0,2.0,80.0,86.66666666666667,93.33333333333333,18,60.0,3,10.0,3,10.0,2,6.666666666666667,2,6.666666666666667,2,6.666666666666667,2.8,1.98997487421324,2.0,4.0,70.0,70.0,80.0,12,40.0,6,20.0,3,10.0,0,0.0,3,10.0,6,20.0
643,True,3.1,1.7194960502038572,3.0,2.0,66.66666666666666,80.0,80.0,6,20.0,7,23.333333333333332,7,23.333333333333332,4,13.333333333333334,0,0.0,6,20.0,2.7,1.5947831618540917,2.0,1.75,76.66666666666667,86.66666666666667,86.66666666666667,8,26.666666666666668,8,26.666666666666668,7,23.333333333333332,3,10.0,0,0.0,4,13.333333333333334,2.7333333333333334,1.569146972791976,2.0,2.75,70.0,86.66666666666667,90.0,8,26.666666666666668,8,26.666666666666668,5,16.666666666666664,5,16.666666666666664,1,3.3333333333333335,3,10.0,3.2,1.6812693617224654,3.0,2.0,60.0,76.66666666666667,83.33333333333334,5,16.666666666666664,8,26.666666666666668,5,16.666666666666664,5,16.666666666666664,2,6.666666666666667,5,16.666666666666664
644,True,2.3666666666666667,1.3780017739062926,2.0,1.75,83.33333333333334,90.0,93.33333333333333,8,26.666666666666668,13,43.333333333333336,4,13.333333333333334,2,6.666666666666667,1,3.3333333333333335,2,6.666666666666667,2.3666666666666667,1.4255603186895398,2.0,1.75,86.66666666666667,90.0,90.0,8,26.666666666666668,13,43.333333333333336,5,16.666666666666664,1,3.3333333333333335,0,0.0,3,10.0,2.466666666666667,1.4079141387961918,2.0,1.75,80.0,90.0,93.33333333333333,8,26.666666666666668,11,36.666666666666664,5,16.666666666666664,3,10.0,1,3.3333333333333335,2,6.666666666666667,2.6333333333333333,1.4487542541400489,2.0,1.0,76.66666666666667,86.66666666666667,93.33333333333333,7,23.333333333333332,10,33.33333333333333,6,20.0,3,10.0,2,6.666666666666667,2,6.666666666666667
645,True,2.933333333333333,1.412641340027806,3.0,1.75,73.33333333333333,86.66666666666667,90.0,4,13.333333333333334,9,30.0,9,30.0,4,13.333333333333334,1,3.3333333333333335,3,10.0,2.466666666666667,1.5648926125740672,2.0,1.75,83.33333333333334,86.66666666666667,86.66666666666667,8,26.666666666666668,13,43.333333333333336,4,13.333333333333334,1,3.3333333333333335,0,0.0,4,13.333333333333334,2.566666666666667,1.54236470683457,2.0,1.75,76.66666666666667,86.66666666666667,90.0,8,26.666666666666668,11,36.666666666666664,4,13.333333333333334,3,10.0,1,3.3333333333333335,3,10.0,3.033333333333333,1.7792008193443358,2.0,2.0,60.0,76.66666666666667,83.33333333333334,7,23.333333333333332,9,30.0,2,6.666666666666667,5,16.666666666666664,2,6.666666666666667,5,16.666666666666664
646,True,2.6,1.3063945294843617,3.0,1.75,76.66666666666667,93.33333333333333,96.66666666666667,8,26.666666666666668,6,20.0,9,30.0,5,16.666666666666664,1,3.3333333333333335,1,3.3333333333333335,2.2,1.446835627614047,2.0,2.0,86.66666666666667,90.0,93.33333333333333,13,43.333333333333336,7,23.333333333333332,6,20.0,1,3.3333333333333335,1,3.3333333333333335,2,6.666666666666667,2.2666666666666666,1.5040685563571303,2.0,2.0,86.66666666666667,86.66666666666667,93.33333333333333,13,43.333333333333336,6,20.0,7,23.333333333333332,0,0.0,2,6.666666666666667,2,6.666666666666667,2.7333333333333334,1.6519348924485158,2.5,3.0,70.0,83.33333333333334,90.0,10,33.33333333333333,5,16.666666666666664,6,20.0,4,13.333333333333334,2,6.666666666666667,3,10.0
647,True,2.7,1.5947831618540913,2.0,1.75,73.33333333333333,86.66666666666667,86.66666666666667,7,23.333333333333332,11,36.666666666666664,4,13.333333333333334,4,13.333333333333334,0,0.0,4,13.333333333333334,2.1666666666666665,1.4395215254459457,2.0,1.0,83.33333333333334,90.0,93.33333333333333,12,40.0,11,36.666666666666664,2,6.666666666666667,2,6.666666666666667,1,3.3333333333333335,2,6.666666666666667,2.3333333333333335,1.5986105077709065,2.0,1.75,76.66666666666667,83.33333333333334,93.33333333333333,12,40.0,10,33.33333333333333,1,3.3333333333333335,2,6.666666666666667,3,10.0,2,6.666666666666667,2.6666666666666665,1.776388345929897,2.0,2.75,73.33333333333333,76.66666666666667,86.66666666666667,10,33.33333333333333,9,30.0,3,10.0,1,3.3333333333333335,3,10.0,4,13.333333333333334
648,True,2.533333333333333,1.8024674446127702,2.0,2.0,76.66666666666667,80.0,83.33333333333334,11,36.666666666666664,10,33.33333333333333,2,6.666666666666667,1,3.3333333333333335,1,3.3333333333333335,5,16.666666666666664,1.9666666666666666,1.4940623220676645,1.0,1.75,86.66666666666667,90.0,93.33333333333333,18,60.0,4,13.333333333333334,4,13.333333333333334,1,3.3333333333333335,1,3.3333333333333335,2,6.666666666666667,1.9,1.274100990241093,1.0,1.0,90.0,93.33333333333333,96.66666666666667,16,53.333333333333336,7,23.333333333333332,4,13.333333333333334,1,3.3333333333333335,1,3.3333333333333335,1,3.3333333333333335,2.3,1.5947831618540917,2.0,2.0,83.33333333333334,86.66666666666667,90.0,13,43.333333333333336,7,23.333333333333332,5,16.666666666666664,1,3.3333333333333335,1,3.3333333333333335,3,10.0
649,True,3.3,1.5088627063675035,3.0,2.75,63.33333333333333,73.33333333333333,90.0,4,13.333333333333334,5,16.666666666666664,10,33.33333333333333,3,10.0,5,16.666666666666664,3,10.0,2.7666666666666666,1.8015425489162213,2.5,3.0,66.66666666666666,80.0,86.66666666666667,12,40.0,3,10.0,5,16.666666666666664,4,13.333333333333334,2,6.666666666666667,4,13.333333333333334,3.0,1.7701224063135672,2.5,3.5,63.33333333333333,73.33333333333333,86.66666666666667,8,26.666666666666668,7,23.333333333333332,4,13.333333333333334,3,10.0,4,13.333333333333334,4,13.333333333333334,3.3333333333333335,1.9888578520235065,3.0,4.75,56.666666666666664,66.66666666666666,73.33333333333333,9,30.0,3,10.0,5,16.666666666666664,3,10.0,2,6.666666666666667,8,26.666666666666668
650,True,2.966666666666667,1.27758452644912,3.0,1.0,76.66666666666667,86.66666666666667,93.33333333333333,3,10.0,8,26.666666666666668,12,40.0,3,10.0,2,6.666666666666667,2,6.666666666666667,2.8,1.661324772583615,2.0,2.75,70.0,83.33333333333334,86.66666666666667,8,26.666666666666668,8,26.666666666666668,5,16.666666666666664,4,13.333333333333334,1,3.3333333333333335,4,13.333333333333334,2.9,1.6603212540549694,2.5,2.0,70.0,80.0,86.66666666666667,7,23.333333333333332,8,26.666666666666668,6,20.0,3,10.0,2,6.666666666666667,4,13.333333333333334,3.0,1.4832396974191326,3.0,2.0,63.33333333333333,83.33333333333334,93.33333333333333,6,20.0,6,20.0,7,23.333333333333332,6,20.0,3,10.0,2,6.666666666666667
651,True,2.9,1.619670748434179,3.0,2.0,70.0,83.33333333333334,86.66666666666667,7,23.333333333333332,7,23.333333333333332,7,23.333333333333332,4,13.333333333333334,1,3.3333333333333335,4,13.333333333333334,2.533333333333333,1.765093639316497,2.0,3.0,70.0,80.0,90.0,13,43.333333333333336,6,20.0,2,6.666666666666667,3,10.0,3,10.0,3,10.0,2.6,1.7625738755203049,2.0,3.0,66.66666666666666,76.66666666666667,93.33333333333333,13,43.333333333333336,5,16.666666666666664,2,6.666666666666667,3,10.0,5,16.666666666666664,2,6.666666666666667,3.3,2.06801031589948,4.0,4.0,46.666666666666664,63.33333333333333,76.66666666666667,11,36.666666666666664,3,10.0,0,0.0,5,16.666666666666664,4,13.333333333333334,7,23.333333333333332
652,True,3.1,1.445683229480096,3.0,2.0,66.66666666666666,83.33333333333334,90.0,4,13.333333333333334,7,23.333333333333332,9,30.0,5,16.666666666666664,2,6.666666666666667,3,10.0,2.6,1.7435595774162693,2.0,2.0,76.66666666666667,80.0,86.66666666666667,11,36.666666666666664,7,23.333333333333332,5,16.666666666666664,1,3.3333333333333335,2,6.666666666666667,4,13.333333333333334,2.466666666666667,1.5434449203720302,2.0,2.0,76.66666666666667,86.66666666666667,93.33333333333333,11,36.666666666666664,7,23.333333333333332,5,16.666666666666664,3,10.0,2,6.666666666666667,2,6.666666666666667,3.1,1.7953644012660308,3.0,3.75,60.0,70.0,86.66666666666667,8,26.666666666666668,6,20.0,4,13.333333333333334,3,10.0,5,16.666666666666664,4,13.333333333333334
653,True,2.933333333333333,1.7499206331208916,2.5,1.75,73.33333333333333,80.0,80.0,7,23.333333333333332,8,26.666666666666668,7,23.333333333333332,2,6.666666666666667,0,0.0,6,20.0,2.2,1.3515423288475528,2.0,1.75,83.33333333333334,90.0,96.66666666666667,11,36.666666666666664,11,36.666666666666664,3,10.0,2,6.666666666666667,2,6.666666666666667,1,3.3333333333333335,2.4,1.6451950239004087,2.0,2.0,80.0,86.66666666666667,86.66666666666667,11,36.666666666666664,10,33.33333333333333,3,10.0,2,6.666666666666667,0,0.0,4,13.333333333333334,2.8666666666666667,1.7074997966487597,2.0,2.0,70.0,76.66666666666667,86.66666666666667,7,23.333333333333332,10,33.33333333333333,4,13.333333333333334,2,6.666666666666667,3,10.0,4,13.333333333333334
654,True,3.1333333333333333,1.746106780494506,3.0,2.0,60.0,76.66666666666667,83.33333333333334,7,23.333333333333332,6,20.0,5,16.666666666666664,5,16.666666666666664,2,6.666666666666667,5,16.666666666666664,2.6,1.7243356208503418,2.0,3.0,70.0,80.0,90.0,11,36.666666666666664,8,26.666666666666668,2,6.666666666666667,3,10.0,3,10.0,3,10.0,2.6333333333333333,1.682920741515245,2.0,3.0,66.66666666666666,80.0,93.33333333333333,11,36.666666666666664,7,23.333333333333332,2,6.666666666666667,4,13.333333333333334,4,13.333333333333334,2,6.666666666666667,2.933333333333333,1.8785337071473829,2.0,4.0,60.0,70.0,86.66666666666667,10,33.33333333333333,7,23.333333333333332,1,3.3333333333333335,3,10.0,5,16.666666666666664,4,13.333333333333334
655,True,2.7666666666666666,1.6058919293927874,3.0,3.0,70.0,86.66666666666667,90.0,10,33.33333333333333,3,10.0,8,26.666666666666668,5,16.666666666666664,1,3.3333333333333335,3,10.0,2.533333333333333,1.521694961401777,2.5,2.0,80.0,86.66666666666667,93.33333333333333,11,36.666666666666664,4,13.333333333333334,9,30.0,2,6.666666666666667,2,6.666666666666667,2,6.666666666666667,2.6333333333333333,1.6428295373802142,2.5,2.0,76.66666666666667,83.33333333333334,90.0,11,36.666666666666664,4,13.333333333333334,8,26.666666666666668,2,6.666666666666667,2,6.666666666666667,3,10.0,2.7666666666666666,1.5423647068345698,3.0,2.75,73.33333333333333,83.33333333333334,93.33333333333333,9,30.0,4,13.333333333333334,9,30.0,3,10.0,3,10.0,2,6.666666666666667
656,True,2.6,1.2000000000000002,2.5,1.0,86.66666666666667,90.0,96.66666666666667,5,16.666666666666664,10,33.33333333333333,11,36.666666666666664,1,3.3333333333333335,2,6.666666666666667,1,3.3333333333333335,2.7,1.7349351572897471,2.5,2.0,76.66666666666667,80.0,86.66666666666667,11,36.666666666666664,4,13.333333333333334,8,26.666666666666668,1,3.3333333333333335,2,6.666666666666667,4,13.333333333333334,2.7333333333333334,1.7876116903722563,2.5,2.0,76.66666666666667,80.0,83.33333333333334,11,36.666666666666664,4,13.333333333333334,8,26.666666666666668,1,3.3333333333333335,1,3.3333333333333335,5,16.666666666666664,3.2,1.8147543451754935,3.0,3.0,66.66666666666666,70.0,80.0,7,23.333333333333332,5,16.666666666666664,8,26.666666666666668,1,3.3333333333333335,3,10.0,6,20.0
657,True,3.1666666666666665,1.507389207279335,3.0,2.0,70.0,76.66666666666667,86.66666666666667,2,6.666666666666667,11,36.666666666666664,8,26.666666666666668,2,6.666666666666667,3,10.0,4,13.333333333333334,2.6333333333333333,1.6829207415152447,2.0,2.75,73.33333333333333,80.0,90.0,10,33.33333333333333,8,26.666666666666668,4,13.333333333333334,2,6.666666666666667,3,10.0,3,10.0,2.7,1.6155494421403513,2.0,1.75,76.66666666666667,80.0,90.0,8,26.666666666666668,9,30.0,6,20.0,1,3.3333333333333335,3,10.0,3,10.0,3.2333333333333334,1.686877457183999,3.0,3.0,60.0,70.0,86.66666666666667,5,16.666666666666664,8,26.666666666666668,5,16.666666666666664,3,10.0,5,16.666666666666664,4,13.333333333333334
658,True,3.033333333333333,1.7220788470785986,2.5,2.0,66.66666666666666,76.66666666666667,83.33333333333334,6,20.0,9,30.0,5,16.666666666666664,3,10.0,2,6.666666666666667,5,16.666666666666664,2.2666666666666666,1.5260697523012796,2.0,2.0,80.0,90.0,93.33333333333333,14,46.666666666666664,5,16.666666666666664,5,16.666666666666664,3,10.0,1,3.3333333333333335,2,6.666666666666667,2.2333333333333334,1.406729856400613,2.0,2.0,83.33333333333334,93.33333333333333,93.33333333333333,12,40.0,8,26.666666666666668,5,16.666666666666664,3,10.0,0,0.0,2,6.666666666666667,2.6666666666666665,1.577621275493231,2.5,3.0,70.0,90.0,90.0,10,33.33333333333333,5,16.666666666666664,6,20.0,6,20.0,0,0.0,3,10.0
659,True,2.6333333333333333,1.4487542541400489,2.0,1.75,73.33333333333333,90.0,90.0,5,16.666666666666664,15,50.0,2,6.666666666666667,5,16.666666666666664,0,0.0,3,10.0,2.3333333333333335,1.5563490039905004,2.0,1.0,80.0,86.66666666666667,90.0,10,33.33333333333333,13,43.333333333333336,1,3.3333333333333335,2,6.666666666666667,1,3.3333333333333335,3,10.0,2.466666666666667,1.6679994670929073,2.0,1.0,76.66666666666667,83.33333333333334,86.66666666666667,9,30.0,14,46.666666666666664,0,0.0,2,6.666666666666667,1,3.3333333333333335,4,13.333333333333334,2.7333333333333334,1.590248058916875,2.0,2.0,70.0,83.33333333333334,90.0,7,23.333333333333332,11,36.666666666666664,3,10.0,4,13.333333333333334,2,6.666666666666667,3,10.0
660,True,2.7,1.6360521589077368,2.5,3.0,66.66666666666666,83.33333333333334,93.33333333333333,11,36.666666666666664,4,13.333333333333334,5,16.666666666666664,5,16.666666666666664,3,10.0,2,6.666666666666667,2.533333333333333,1.6478942792411035,2.5,2.0,76.66666666666667,86.66666666666667,90.0,13,43.333333333333336,2,6.666666666666667,8,26.666666666666668,3,10.0,1,3.3333333333333335,3,10.0,2.6666666666666665,1.679947089113887,3.0,2.75,73.33333333333333,83.33333333333334,90.0,12,40.0,2,6.666666666666667,8,26.666666666666668,3,10.0,2,6.666666666666667,3,10.0,3.066666666666667,1.8061622912192088,3.0,3.75,60.0,73.33333333333333,86.66666666666667,10,33.33333333333333,2,6.666666666666667,6,20.0,4,13.333333333333334,4,13.333333333333334,4,13.333333333333334
661,True,3.1666666666666665,1.694763175851488,3.0,2.0,63.33333333333333,76.66666666666667,83.33333333333334,6,20.0,6,20.0,7,23.333333333333332,4,13.333333333333334,2,6.666666666666667,5,16.666666666666664,2.533333333333333,1.6069294390925268,2.0,2.0,76.66666666666667,86.66666666666667,90.0,11,36.666666666666664,6,20.0,6,20.0,3,10.0,1,3.3333333333333335,3,10.0,2.7,1.7540429489230491,2.0,2.75,73.33333333333333,83.33333333333334,83.33333333333334,10,33.33333333333333,7,23.333333333333332,5,16.666666666666664,3,10.0,0,0.0,5,16.666666666666664,2.933333333333333,1.7113996870657915,3.0,2.75,66.66666666666666,83.33333333333334,83.33333333333334,8,26.666666666666668,6,20.0,6,20.0,5,16.666666666666664,0,0.0,5,16.666666666666664
662,True,2.7,1.5947831618540917,2.0,1.0,80.0,83.33333333333334,86.66666666666667,7,23.333333333333332,10,33.33333333333333,7,23.333333333333332,1,3.3333333333333335,1,3.3333333333333335,4,13.333333333333334,2.3,1.5737428845483834,2.0,2.0,83.33333333333334,86.66666666666667,90.0,12,40.0,9,30.0,4,13.333333333333334,1,3.3333333333333335,1,3.3333333333333335,3,10.0,2.433333333333333,1.6868774571839993,2.0,2.0,80.0,83.33333333333334,86.66666666666667,11,36.666666666666664,10,33.33333333333333,3,10.0,1,3.3333333333333335,1,3.3333333333333335,4,13.333333333333334,2.6,1.724335620850342,2.0,2.75,73.33333333333333,83.33333333333334,86.66666666666667,11,36.666666666666664,7,23.333333333333332,4,13.333333333333334,3,10.0,1,3.3333333333333335,4,13.333333333333334
663,True,3.3333333333333335,1.6599866130651644,3.0,2.0,60.0,76.66666666666667,80.0,4,13.333333333333334,7,23.333333333333332,7,23.333333333333332,5,16.666666666666664,1,3.3333333333333335,6,20.0,2.7666666666666666,1.54236470683457,2.5,2.75,66.66666666666666,90.0,90.0,8,26.666666666666668,7,23.333333333333332,5,16.666666666666664,7,23.333333333333332,0,0.0,3,10.0,2.7666666666666666,1.5205992970609392,3.0,2.75,70.0,90.0,90.0,8,26.666666666666668,6,20.0,7,23.333333333333332,6,20.0,0,0.0,3,10.0,2.9,1.468559384794046,3.0,2.0,63.33333333333333,86.66666666666667,93.33333333333333,6,20.0,8,26.666666666666668,5,16.666666666666664,7,23.333333333333332,2,6.666666666666667,2,6.666666666666667
664,True,2.5,1.3844373104863459,2.0,1.0,86.66666666666667,90.0,90.0,6,20.0,13,43.333333333333336,7,23.333333333333332,1,3.3333333333333335,0,0.0,3,10.0,2.1333333333333333,1.3097921802925665,2.0,1.75,90.0,93.33333333333333,93.33333333333333,11,36.666666666666664,11,36.666666666666664,5,16.666666666666664,1,3.3333333333333335,0,0.0,2,6.666666666666667,2.3,1.5947831618540913,2.0,1.75,86.66666666666667,86.66666666666667,86.66666666666667,11,36.666666666666664,11,36.666666666666664,4,13.333333333333334,0,0.0,0,0.0,4,13.333333333333334,2.7,1.656301099840646,2.0,1.0,80.0,83.33333333333334,83.33333333333334,7,23.333333333333332,11,36.666666666666664,6,20.0,1,3.3333333333333335,0,0.0,5,16.666666666666664
665,True,2.533333333333333,1.2578641509408808,2.0,1.75,73.33333333333333,96.66666666666667,96.66666666666667,7,23.333333333333332,10,33.33333333333333,5,16.666666666666664,7,23.333333333333332,0,0.0,1,3.3333333333333335,2.3333333333333335,1.468181036369683,2.0,2.0,80.0,90.0,93.33333333333333,11,36.666666666666664,9,30.0,4,13.333333333333334,3,10.0,1,3.3333333333333335,2,6.666666666666667,2.466666666666667,1.6069294390925266,2.0,2.0,76.66666666666667,86.66666666666667,90.0,11,36.666666666666664,8,26.666666666666668,4,13.333333333333334,3,10.0,1,3.3333333333333335,3,10.0,2.7666666666666666,1.6265163865007801,2.0,1.75,73.33333333333333,83.33333333333334,86.66666666666667,7,23.333333333333332,10,33.33333333333333,5,16.666666666666664,3,10.0,1,3.3333333333333335,4,13.333333333333334
666,True,2.7333333333333334,1.6110727964792761,2.0,1.0,76.66666666666667,83.33333333333334,86.66666666666667,7,23.333333333333332,10,33.33333333333333,6,20.0,2,6.666666666666667,1,3.3333333333333335,4,13.333333333333334,2.3,1.5524174696260025,2.0,2.0,80.0,90.0,90.0,12,40.0,9,30.0,3,10.0,3,10.0,0,0.0,3,10.0,2.533333333333333,1.7074997966487597,2.0,2.0,76.66666666666667,83.33333333333334,86.66666666666667,11,36.666666666666664,8,26.666666666666668,4,13.333333333333334,2,6.666666666666667,1,3.3333333333333335,4,13.333333333333334,2.6333333333333333,1.642829537380214,2.0,2.75,73.33333333333333,86.66666666666667,86.66666666666667,9,30.0,9,30.0,4,13.333333333333334,4,13.333333333333334,0,0.0,4,13.333333333333334
667,True,2.6666666666666665,1.3249737942901194,2.5,1.0,76.66666666666667,93.33333333333333,93.33333333333333,6,20.0,9,30.0,8,26.666666666666668,5,16.666666666666664,0,0.0,2,6.666666666666667,2.433333333333333,1.4533486237727757,2.0,2.0,80.0,90.0,93.33333333333333,10,33.33333333333333,8,26.666666666666668,6,20.0,3,10.0,1,3.3333333333333335,2,6.666666666666667,2.533333333333333,1.5434449203720302,2.0,2.0,76.66666666666667,90.0,90.0,10,33.33333333333333,7,23.333333333333332,6,20.0,4,13.333333333333334,0,0.0,3,10.0,3.3333333333333335,1.7575235101952091,3.0,2.0,60.0,76.66666666666667,76.66666666666667,6,20.0,4,13.333333333333334,8,26.666666666666668,5,16.666666666666664,0,0.0,7,23.333333333333332
668,True,2.066666666666667,1.4817407180595248,1.5,1.0,83.33333333333334,90.0,93.33333333333333,15,50.0,8,26.666666666666668,2,6.666666666666667,2,6.666666666666667,1,3.3333333333333335,2,6.666666666666667,2.0,1.61245154965971,1.0,1.0,86.66666666666667,86.66666666666667,90.0,18,60.0,5,16.666666666666664,3,10.0,0,0.0,1,3.3333333333333335,3,10.0,2.0,1.5491933384829668,1.0,1.0,80.0,90.0,93.33333333333333,18,60.0,5,16.666666666666664,1,3.3333333333333335,3,10.0,1,3.3333333333333335,2,6.666666666666667,2.566666666666667,1.8740923729160797,2.0,2.75,73.33333333333333,80.0,83.33333333333334,14,46.666666666666664,4,13.333333333333334,4,13.333333333333334,2,6.666666666666667,1,3.3333333333333335,5,16.666666666666664
669,True,3.2666666666666666,1.6316317667360556,3.5,2.0,50.0,80.0,86.66666666666667,6,20.0,5,16.666666666666664,4,13.333333333333334,9,30.0,2,6.666666666666667,4,13.333333333333334,2.566666666666667,1.5849991237291654,2.0,2.75,73.33333333333333,83.33333333333334,93.33333333333333,10,33.33333333333333,8,26.666666666666668,4,13.333333333333334,3,10.0,3,10.0,2,6.666666666666667,2.7333333333333334,1.730767331432956,2.0,3.0,70.0,76.66666666666667,90.0,10,33.33333333333333,7,23.333333333333332,4,13.333333333333334,2,6.666666666666667,4,13.333333333333334,3,10.0,3.2,1.851125783588643,3.0,4.0,53.333333333333336,66.66666666666666,86.66666666666667,9,30.0,4,13.333333333333334,3,10.0,4,13.333333333333334,6,20.0,4,13.333333333333334
670,True,3.066666666666667,1.6918103387266026,3.0,2.5,73.33333333333333,73.33333333333333,83.33333333333334,5,16.666666666666664,9,30.0,8,26.666666666666668,0,0.0,3,10.0,5,16.666666666666664,2.466666666666667,1.4996295838935991,2.0,2.0,76.66666666666667,83.33333333333334,96.66666666666667,10,33.33333333333333,9,30.0,4,13.333333333333334,2,6.666666666666667,4,13.333333333333334,1,3.3333333333333335,2.566666666666667,1.498517786199268,2.0,2.0,76.66666666666667,86.66666666666667,93.33333333333333,9,30.0,8,26.666666666666668,6,20.0,3,10.0,2,6.666666666666667,2,6.666666666666667,3.1333333333333333,1.6069294390925268,3.0,2.0,63.33333333333333,76.66666666666667,86.66666666666667,4,13.333333333333334,10,33.33333333333333,5,16.666666666666664,4,13.333333333333334,3,10.0,4,13.333333333333334
671,True,3.1333333333333333,1.4313940369055926,3.0,1.75,63.33333333333333,83.33333333333334,93.33333333333333,6,20.0,2,6.666666666666667,11,36.666666666666664,6,20.0,3,10.0,2,6.666666666666667,2.6,1.6653327995729061,2.0,2.0,76.66666666666667,86.66666666666667,86.66666666666667,11,36.666666666666664,5,16.666666666666664,7,23.333333333333332,3,10.0,0,0.0,4,13.333333333333334,2.6666666666666665,1.577621275493231,3.0,2.0,76.66666666666667,86.66666666666667,90.0,10,33.33333333333333,4,13.333333333333334,9,30.0,3,10.0,1,3.3333333333333335,3,10.0,3.1,1.7767010628315238,3.0,3.0,56.666666666666664,80.0,83.33333333333334,9,30.0,3,10.0,5,16.666666666666664,7,23.333333333333332,1,3.3333333333333335,5,16.666666666666664
672,True,2.8,1.6613247725836149,3.0,3.0,60.0,83.33333333333334,93.33333333333333,11,36.666666666666664,3,10.0,4,13.333333333333334,7,23.333333333333332,3,10.0,2,6.666666666666667,2.6,2.042873792805942,1.0,3.0,66.66666666666666,76.66666666666667,80.0,17,56.666666666666664,1,3.3333333333333335,2,6.666666666666667,3,10.0,1,3.3333333333333335,6,20.0,2.6,1.9595917942265426,1.0,3.0,63.33333333333333,80.0,83.33333333333334,16,53.333333333333336,2,6.666666666666667,1,3.3333333333333335,5,16.666666666666664,1,3.3333333333333335,5,16.666666666666664,2.6333333333333333,1.7220788470785984,2.0,3.0,70.0,86.66666666666667,86.66666666666667,12,40.0,4,13.333333333333334,5,16.666666666666664,5,16.666666666666664,0,0.0,4,13.333333333333334
673,True,2.8333333333333335,1.4851112939963642,3.0,1.75,73.33333333333333,86.66666666666667,90.0,6,20.0,8,26.666666666666668,8,26.666666666666668,4,13.333333333333334,1,3.3333333333333335,3,10.0,2.433333333333333,1.498517786199268,2.0,2.0,80.0,86.66666666666667,93.33333333333333,10,33.33333333333333,9,30.0,5,16.666666666666664,2,6.666666666666667,2,6.666666666666667,2,6.666666666666667,2.5,1.5438048235879214,2.0,2.0,80.0,86.66666666666667,90.0,9,30.0,10,33.33333333333333,5,16.666666666666664,2,6.666666666666667,1,3.3333333333333335,3,10.0,2.8666666666666667,1.7074997966487595,2.5,3.0,66.66666666666666,76.66666666666667,90.0,9,30.0,6,20.0,5,16.666666666666664,3,10.0,4,13.333333333333334,3,10.0
674,True,2.566666666666667,1.5849991237291654,3.0,2.0,76.66666666666667,90.0,90.0,12,40.0,2,6.666666666666667,9,30.0,4,13.333333333333334,0,0.0,3,10.0,2.2,1.514375558880073,1.0,2.0,80.0,93.33333333333333,93.33333333333333,16,53.333333333333336,2,6.666666666666667,6,20.0,4,13.333333333333334,0,0.0,2,6.666666666666667,2.3666666666666667,1.6224124698183944,2.0,2.0,76.66666666666667,90.0,90.0,14,46.666666666666664,4,13.333333333333334,5,16.666666666666664,4,13.333333333333334,0,0.0,3,10.0,2.466666666666667,1.4772346537440226,2.0,2.75,73.33333333333333,90.0,96.66666666666667,12,40.0,4,13.333333333333334,6,20.0,5,16.666666666666664,2,6.666666666666667,1,3.3333333333333335
675,True,2.7666666666666666,1.7065234314893605,2.5,2.0,76.66666666666667,83.33333333333334,83.33333333333334,9,30.0,6,20.0,8,26.666666666666668,2,6.666666666666667,0,0.0,5,16.666666666666664,2.3666666666666667,1.6829207415152447,2.0,2.0,80.0,86.66666666666667,86.66666666666667,13,43.333333333333336,7,23.333333333333332,4,13.333333333333334,2,6.666666666666667,0,0.0,4,13.333333333333334,2.433333333333333,1.6058919293927874,2.0,2.75,73.33333333333333,86.66666666666667,93.33333333333333,13,43.333333333333336,5,16.666666666666664,4,13.333333333333334,4,13.333333333333334,2,6.666666666666667,2,6.666666666666667,3.066666666666667,1.8245242911205344,3.0,3.75,63.33333333333333,73.33333333333333,83.33333333333334,9,30.0,4,13.333333333333334,6,20.0,3,10.0,3,10.0,5,16.666666666666664
676,True,3.033333333333333,1.4940623220676645,3.0,1.75,73.33333333333333,80.0,90.0,5,16.666666666666664,6,20.0,11,36.666666666666664,2,6.666666666666667,3,10.0,3,10.0,2.566666666666667,1.6868774571839995,2.0,2.0,80.0,83.33333333333334,86.66666666666667,11,36.666666666666664,6,20.0,7,23.333333333333332,1,3.3333333333333335,1,3.3333333333333335,4,13.333333333333334,2.6,1.624807680927192,2.0,2.0,76.66666666666667,83.33333333333334,90.0,10,33.33333333333333,7,23.333333333333332,6,20.0,2,6.666666666666667,2,6.666666666666667,3,10.0,2.8666666666666667,1.5434449203720302,3.0,1.75,73.33333333333333,83.33333333333334,90.0,7,23.333333333333332,6,20.0,9,30.0,3,10.0,2,6.666666666666667,3,10.0
677,True,2.933333333333333,1.6110727964792764,2.5,1.75,73.33333333333333,83.33333333333334,83.33333333333334,5,16.666666666666664,10,33.33333333333333,7,23.333333333333332,3,10.0,0,0.0,5,16.666666666666664,2.3333333333333335,1.4907119849998596,2.0,2.0,80.0,90.0,93.33333333333333,12,40.0,7,23.333333333333332,5,16.666666666666664,3,10.0,1,3.3333333333333335,2,6.666666666666667,2.4,1.540562667772179,2.0,2.0,80.0,90.0,90.0,11,36.666666666666664,8,26.666666666666668,5,16.666666666666664,3,10.0,0,0.0,3,10.0,2.6,1.5187714333192688,2.0,2.75,73.33333333333333,86.66666666666667,93.33333333333333,9,30.0,8,26.666666666666668,5,16.666666666666664,4,13.333333333333334,2,6.666666666666667,2,6.666666666666667
678,True,2.1333333333333333,1.1469767022723503,2.0,2.0,90.0,96.66666666666667,96.66666666666667,10,33.33333333333333,11,36.666666666666664,6,20.0,2,6.666666666666667,0,0.0,1,3.3333333333333335,2.1666666666666665,1.4851112939963644,2.0,2.0,90.0,90.0,90.0,13,43.333333333333336,8,26.666666666666668,6,20.0,0,0.0,0,0.0,3,10.0,2.2333333333333334,1.3828312341794362,2.0,2.0,83.33333333333334,93.33333333333333,93.33333333333333,11,36.666666666666664,10,33.33333333333333,4,13.333333333333334,3,10.0,0,0.0,2,6.666666666666667,2.1666666666666665,1.1279282877125754,2.0,2.0,86.66666666666667,96.66666666666667,100.0,11,36.666666666666664,8,26.666666666666668,7,23.333333333333332,3,10.0,1,3.3333333333333335,0,0.0
679,True,2.7,1.2948616399703357,3.0,1.0,76.66666666666667,90.0,96.66666666666667,6,20.0,8,26.666666666666668,9,30.0,4,13.333333333333334,2,6.666666666666667,1,3.3333333333333335,2.566666666666667,1.7259457954666158,2.0,3.0,70.0,83.33333333333334,90.0,13,43.333333333333336,4,13.333333333333334,4,13.333333333333334,4,13.333333333333334,2,6.666666666666667,3,10.0,2.5,1.746424919657298,2.0,2.0,76.66666666666667,83.33333333333334,86.66666666666667,13,43.333333333333336,5,16.666666666666664,5,16.666666666666664,2,6.666666666666667,1,3.3333333333333335,4,13.333333333333334,3.066666666666667,2.0154955277107964,2.0,4.0,56.666666666666664,66.66666666666666,80.0,11,36.666666666666664,5,16.666666666666664,1,3.3333333333333335,3,10.0,4,13.333333333333334,6,20.0
680,True,2.6333333333333333,1.2242911781471306,3.0,1.75,73.33333333333333,93.33333333333333,100.0,7,23.333333333333332,7,23.333333333333332,8,26.666666666666668,6,20.0,2,6.666666666666667,0,0.0,2.3666666666666667,1.6017351702311948,2.0,2.0,80.0,86.66666666666667,90.0,12,40.0,8,26.666666666666668,4,13.333333333333334,2,6.666666666666667,1,3.3333333333333335,3,10.0,2.566666666666667,1.7259457954666158,2.0,2.0,76.66666666666667,83.33333333333334,86.66666666666667,12,40.0,5,16.666666666666664,6,20.0,2,6.666666666666667,1,3.3333333333333335,4,13.333333333333334,2.9,1.8502252115170557,2.0,3.0,70.0,76.66666666666667,80.0,9,30.0,7,23.333333333333332,5,16.666666666666664,2,6.666666666666667,1,3.3333333333333335,6,20.0
681,True,2.6333333333333333,1.1396880664852507,2.0,1.0,76.66666666666667,96.66666666666667,96.66666666666667,4,13.333333333333334,12,40.0,7,23.333333333333332,6,20.0,0,0.0,1,3.3333333333333335,2.6666666666666665,1.2736648783028535,2.0,1.0,76.66666666666667,93.33333333333333,93.33333333333333,4,13.333333333333334,13,43.333333333333336,6,20.0,5,16.666666666666664,0,0.0,2,6.666666666666667,2.6666666666666665,1.2736648783028535,2.0,1.0,76.66666666666667,93.33333333333333,93.33333333333333,4,13.333333333333334,13,43.333333333333336,6,20.0,5,16.666666666666664,0,0.0,2,6.666666666666667,2.8,1.3515423288475528,2.0,2.0,70.0,90.0,93.33333333333333,4,13.333333333333334,12,40.0,5,16.666666666666664,6,20.0,1,3.3333333333333335,2,6.666666666666667
682,True,2.3333333333333335,1.1055415967851334,2.0,1.0,86.66666666666667,93.33333333333333,100.0,7,23.333333333333332,12,40.0,7,23.333333333333332,2,6.666666666666667,2,6.666666666666667,0,0.0,2.3333333333333335,1.4907119849998598,2.0,2.0,76.66666666666667,86.66666666666667,96.66666666666667,12,40.0,8,26.666666666666668,3,10.0,3,10.0,3,10.0,1,3.3333333333333335,2.3333333333333335,1.3984117975602022,2.0,2.0,80.0,90.0,96.66666666666667,11,36.666666666666664,8,26.666666666666668,5,16.666666666666664,3,10.0,2,6.666666666666667,1,3.3333333333333335,2.5,1.5652475842498528,2.0,3.0,70.0,83.33333333333334,96.66666666666667,11,36.666666666666664,8,26.666666666666668,2,6.666666666666667,4,13.333333333333334,4,13.333333333333334,1,3.3333333333333335
683,True,3.1,1.57797338380595,3.0,2.0,53.333333333333336,83.33333333333334,90.0,6,20.0,7,23.333333333333332,3,10.0,9,30.0,2,6.666666666666667,3,10.0,2.7333333333333334,1.4590712418826193,2.5,2.75,66.66666666666666,86.66666666666667,96.66666666666667,8,26.666666666666668,7,23.333333333333332,5,16.666666666666664,6,20.0,3,10.0,1,3.3333333333333335,2.966666666666667,1.6629959577688562,3.0,2.75,63.33333333333333,83.33333333333334,86.66666666666667,8,26.666666666666668,5,16.666666666666664,6,20.0,6,20.0,1,3.3333333333333335,4,13.333333333333334,3.2666666666666666,1.590248058916875,3.5,2.75,50.0,73.33333333333333,93.33333333333333,6,20.0,5,16.666666666666664,4,13.333333333333334,7,23.333333333333332,6,20.0,2,6.666666666666667
684,True,2.8333333333333335,1.790406533599438,2.0,3.5,66.66666666666666,73.33333333333333,86.66666666666667,8,26.666666666666668,11,36.666666666666664,1,3.3333333333333335,2,6.666666666666667,4,13.333333333333334,4,13.333333333333334,2.3666666666666667,1.5595583420386114,2.0,1.0,76.66666666666667,83.33333333333334,93.33333333333333,10,33.33333333333333,13,43.333333333333336,0,0.0,2,6.666666666666667,3,10.0,2,6.666666666666667,2.433333333333333,1.6058919293927874,2.0,1.0,76.66666666666667,83.33333333333334,90.0,9,30.0,14,46.666666666666664,0,0.0,2,6.666666666666667,2,6.666666666666667,3,10.0,2.7,1.7156145643277028,2.0,3.75,66.66666666666666,73.33333333333333,93.33333333333333,9,30.0,11,36.666666666666664,0,0.0,2,6.666666666666667,6,20.0,2,6.666666666666667
685,True,2.8666666666666667,1.3597385369580761,3.0,2.0,63.33333333333333,90.0,96.66666666666667,6,20.0,7,23.333333333333332,6,20.0,8,26.666666666666668,2,6.666666666666667,1,3.3333333333333335,2.2333333333333334,1.406729856400613,2.0,2.0,76.66666666666667,93.33333333333333,96.66666666666667,13,43.333333333333336,7,23.333333333333332,3,10.0,5,16.666666666666664,1,3.3333333333333335,1,3.3333333333333335,2.2333333333333334,1.406729856400613,2.0,2.0,76.66666666666667,93.33333333333333,96.66666666666667,13,43.333333333333336,7,23.333333333333332,3,10.0,5,16.666666666666664,1,3.3333333333333335,1,3.3333333333333335,2.6333333333333333,1.5807874268505835,2.0,3.0,70.0,90.0,90.0,10,33.33333333333333,6,20.0,5,16.666666666666664,6,20.0,0,0.0,3,10.0
686,True,3.1,1.4224392195567912,3.0,2.0,56.666666666666664,86.66666666666667,93.33333333333333,5,16.666666666666664,6,20.0,6,20.0,9,30.0,2,6.666666666666667,2,6.666666666666667,2.7,1.4866068747318506,3.0,3.0,70.0,90.0,93.33333333333333,9,30.0,5,16.666666666666664,7,23.333333333333332,6,20.0,1,3.3333333333333335,2,6.666666666666667,2.7333333333333334,1.364632632697248,3.0,2.75,63.33333333333333,90.0,100.0,8,26.666666666666668,6,20.0,5,16.666666666666664,8,26.666666666666668,3,10.0,0,0.0,3.3666666666666667,1.622412469818394,3.5,2.0,50.0,80.0,83.33333333333334,5,16.666666666666664,5,16.666666666666664,5,16.666666666666664,9,30.0,1,3.3333333333333335,5,16.666666666666664
687,True,2.066666666666667,1.4590712418826193,1.5,1.75,86.66666666666667,90.0,93.33333333333333,15,50.0,7,23.333333333333332,4,13.333333333333334,1,3.3333333333333335,1,3.3333333333333335,2,6.666666666666667,1.8666666666666667,1.384035966135113,1.0,1.0,90.0,93.33333333333333,93.33333333333333,18,60.0,5,16.666666666666664,4,13.333333333333334,1,3.3333333333333335,0,0.0,2,6.666666666666667,1.8333333333333333,1.3186693629901658,1.0,1.0,93.33333333333333,93.33333333333333,93.33333333333333,17,56.666666666666664,7,23.333333333333332,4,13.333333333333334,0,0.0,0,0.0,2,6.666666666666667,2.5,1.8929694486000912,2.0,2.0,76.66666666666667,76.66666666666667,83.33333333333334,14,46.666666666666664,6,20.0,3,10.0,0,0.0,2,6.666666666666667,5,16.666666666666664
688,True,3.1666666666666665,1.593389120362282,3.0,2.0,63.33333333333333,80.0,86.66666666666667,6,20.0,4,13.333333333333334,9,30.0,5,16.666666666666664,2,6.666666666666667,4,13.333333333333334,2.6,1.7243356208503418,2.0,2.75,73.33333333333333,83.33333333333334,86.66666666666667,11,36.666666666666664,7,23.333333333333332,4,13.333333333333334,3,10.0,1,3.3333333333333335,4,13.333333333333334,2.6333333333333333,1.6629959577688562,2.0,2.75,73.33333333333333,83.33333333333334,90.0,11,36.666666666666664,5,16.666666666666664,6,20.0,3,10.0,2,6.666666666666667,3,10.0,3.033333333333333,1.8162843634433703,3.0,3.0,60.0,76.66666666666667,83.33333333333334,9,30.0,5,16.666666666666664,4,13.333333333333334,5,16.666666666666664,2,6.666666666666667,5,16.666666666666664
689,True,2.9,1.6603212540549697,2.0,1.75,73.33333333333333,76.66666666666667,86.66666666666667,6,20.0,10,33.33333333333333,6,20.0,1,3.3333333333333335,3,10.0,4,13.333333333333334,2.2333333333333334,1.5423647068345698,2.0,1.75,80.0,86.66666666666667,93.33333333333333,13,43.333333333333336,9,30.0,2,6.666666666666667,2,6.666666666666667,2,6.666666666666667,2,6.666666666666667,2.3,1.5088627063675033,2.0,2.0,83.33333333333334,90.0,90.0,11,36.666666666666664,10,33.33333333333333,4,13.333333333333334,2,6.666666666666667,0,0.0,3,10.0,2.566666666666667,1.5849991237291654,2.0,2.75,73.33333333333333,83.33333333333334,93.33333333333333,10,33.33333333333333,8,26.666666666666668,4,13.333333333333334,3,10.0,3,10.0,2,6.666666666666667
690,True,3.0,1.6532795690182993,3.0,2.75,70.0,80.0,86.66666666666667,8,26.666666666666668,3,10.0,10,33.33333333333333,3,10.0,2,6.666666666666667,4,13.333333333333334,2.6,1.624807680927192,2.5,2.0,80.0,83.33333333333334,90.0,11,36.666666666666664,4,13.333333333333334,9,30.0,1,3.3333333333333335,2,6.666666666666667,3,10.0,2.8,1.6411378166788229,3.0,2.0,76.66666666666667,83.33333333333334,86.66666666666667,9,30.0,4,13.333333333333334,10,33.33333333333333,2,6.666666666666667,1,3.3333333333333335,4,13.333333333333334,3.1666666666666665,1.7336538165261124,3.0,3.5,60.0,73.33333333333333,86.66666666666667,8,26.666666666666668,3,10.0,7,23.333333333333332,4,13.333333333333334,4,13.333333333333334,4,13.333333333333334
691,True,2.7666666666666666,1.5638272140986533,3.0,3.0,70.0,83.33333333333334,93.33333333333333,9,30.0,5,16.666666666666664,7,23.333333333333332,4,13.333333333333334,3,10.0,2,6.666666666666667,2.3333333333333335,1.5347819244295116,2.0,2.0,80.0,86.66666666666667,93.33333333333333,12,40.0,8,26.666666666666668,4,13.333333333333334,2,6.666666666666667,2,6.666666666666667,2,6.666666666666667,2.3666666666666667,1.5807874268505833,2.0,2.0,80.0,83.33333333333334,93.33333333333333,12,40.0,8,26.666666666666668,4,13.333333333333334,1,3.3333333333333335,3,10.0,2,6.666666666666667,2.8666666666666667,1.8024674446127702,2.0,3.0,63.33333333333333,80.0,83.33333333333334,9,30.0,8,26.666666666666668,2,6.666666666666667,5,16.666666666666664,1,3.3333333333333335,5,16.666666666666664
692,True,2.7666666666666666,1.5205992970609392,3.0,1.75,76.66666666666667,86.66666666666667,90.0,8,26.666666666666668,5,16.666666666666664,10,33.33333333333333,3,10.0,1,3.3333333333333335,3,10.0,2.3,1.4866068747318506,2.0,2.0,83.33333333333334,90.0,93.33333333333333,13,43.333333333333336,5,16.666666666666664,7,23.333333333333332,2,6.666666666666667,1,3.3333333333333335,2,6.666666666666667,2.3666666666666667,1.5162087220725546,2.0,2.0,80.0,90.0,93.33333333333333,13,43.333333333333336,4,13.333333333333334,7,23.333333333333332,3,10.0,1,3.3333333333333335,2,6.666666666666667,3.2,1.9561867668161614,3.0,4.5,60.0,73.33333333333333,73.33333333333333,9,30.0,4,13.333333333333334,5,16.666666666666664,4,13.333333333333334,0,0.0,8,26.666666666666668
693,True,2.7333333333333334,1.4590712418826193,3.0,1.75,76.66666666666667,86.66666666666667,93.33333333333333,8,26.666666666666668,5,16.666666666666664,10,33.33333333333333,3,10.0,2,6.666666666666667,2,6.666666666666667,2.6333333333333333,1.7413277182145301,2.0,3.0,70.0,80.0,90.0,12,40.0,5,16.666666666666664,4,13.333333333333334,3,10.0,3,10.0,3,10.0,2.533333333333333,1.4996295838935991,2.5,2.0,76.66666666666667,90.0,93.33333333333333,11,36.666666666666664,4,13.333333333333334,8,26.666666666666668,4,13.333333333333334,1,3.3333333333333335,2,6.666666666666667,2.966666666666667,1.7603661235347858,2.5,3.5,66.66666666666666,73.33333333333333,86.66666666666667,8,26.666666666666668,7,23.333333333333332,5,16.666666666666664,2,6.666666666666667,4,13.333333333333334,4,13.333333333333334
694,True,2.6333333333333333,1.5380362660079105,2.0,1.75,76.66666666666667,86.66666666666667,90.0,8,26.666666666666668,9,30.0,6,20.0,3,10.0,1,3.3333333333333335,3,10.0,2.2666666666666666,1.5040685563571303,2.0,1.75,83.33333333333334,90.0,90.0,11,36.666666666666664,11,36.666666666666664,3,10.0,2,6.666666666666667,0,0.0,3,10.0,2.433333333333333,1.5638272140986533,2.0,2.0,80.0,86.66666666666667,90.0,10,33.33333333333333,10,33.33333333333333,4,13.333333333333334,2,6.666666666666667,1,3.3333333333333335,3,10.0,2.7333333333333334,1.7499206331208919,2.0,2.0,76.66666666666667,80.0,83.33333333333334,9,30.0,8,26.666666666666668,6,20.0,1,3.3333333333333335,1,3.3333333333333335,5,16.666666666666664
695,True,2.933333333333333,1.3148721948877347,3.0,2.0,66.66666666666666,90.0,93.33333333333333,3,10.0,11,36.666666666666664,6,20.0,7,23.333333333333332,1,3.3333333333333335,2,6.666666666666667,2.6,1.5405626677721789,2.0,2.75,70.0,90.0,90.0,8,26.666666666666668,11,36.666666666666664,2,6.666666666666667,6,20.0,0,0.0,3,10.0,2.7666666666666666,1.7259457954666158,2.0,2.75,70.0,83.33333333333334,83.33333333333334,8,26.666666666666668,10,33.33333333333333,3,10.0,4,13.333333333333334,0,0.0,5,16.666666666666664,2.7666666666666666,1.6265163865007803,2.0,2.75,66.66666666666666,83.33333333333334,90.0,8,26.666666666666668,9,30.0,3,10.0,5,16.666666666666664,2,6.666666666666667,3,10.0
696,True,2.6,1.4047538337136984,2.5,1.75,80.0,90.0,93.33333333333333,8,26.666666666666668,7,23.333333333333332,9,30.0,3,10.0,1,3.3333333333333335,2,6.666666666666667,2.3333333333333335,1.398411797560202,2.0,2.0,86.66666666666667,90.0,93.33333333333333,10,33.33333333333333,9,30.0,7,23.333333333333332,1,3.3333333333333335,1,3.3333333333333335,2,6.666666666666667,2.4,1.3316656236958786,2.0,2.0,83.33333333333334,90.0,96.66666666666667,9,30.0,9,30.0,7,23.333333333333332,2,6.666666666666667,2,6.666666666666667,1,3.3333333333333335,2.966666666666667,1.6224124698183944,3.0,2.0,70.0,80.0,86.66666666666667,6,20.0,8,26.666666666666668,7,23.333333333333332,3,10.0,2,6.666666666666667,4,13.333333333333334
697,True,2.8,1.4,3.0,2.0,70.0,86.66666666666667,96.66666666666667,7,23.333333333333332,6,20.0,8,26.666666666666668,5,16.666666666666664,3,10.0,1,3.3333333333333335,2.433333333333333,1.6468825769380833,2.0,2.75,73.33333333333333,86.66666666666667,90.0,12,40.0,8,26.666666666666668,2,6.666666666666667,4,13.333333333333334,1,3.3333333333333335,3,10.0,2.466666666666667,1.627540748764494,2.0,2.0,76.66666666666667,86.66666666666667,90.0,12,40.0,6,20.0,5,16.666666666666664,3,10.0,1,3.3333333333333335,3,10.0,2.6333333333333333,1.4715826703096078,2.5,3.0,66.66666666666666,90.0,96.66666666666667,10,33.33333333333333,5,16.666666666666664,5,16.666666666666664,7,23.333333333333332,2,6.666666666666667,1,3.3333333333333335
698,True,2.566666666666667,1.4067298564006128,2.5,2.0,80.0,86.66666666666667,96.66666666666667,9,30.0,6,20.0,9,30.0,2,6.666666666666667,3,10.0,1,3.3333333333333335,2.466666666666667,1.521694961401777,2.0,2.0,86.66666666666667,86.66666666666667,90.0,10,33.33333333333333,7,23.333333333333332,9,30.0,0,0.0,1,3.3333333333333335,3,10.0,2.6333333333333333,1.6629959577688562,2.0,2.0,80.0,83.33333333333334,86.66666666666667,10,33.33333333333333,6,20.0,8,26.666666666666668,1,3.3333333333333335,1,3.3333333333333335,4,13.333333333333334,2.8,1.6411378166788229,3.0,2.75,73.33333333333333,80.0,90.0,9,30.0,5,16.666666666666664,8,26.666666666666668,2,6.666666666666667,3,10.0,3,10.0
699,True,3.066666666666667,1.590248058916875,3.0,1.75,73.33333333333333,80.0,83.33333333333334,4,13.333333333333334,9,30.0,9,30.0,2,6.666666666666667,1,3.3333333333333335,5,16.666666666666664,2.566666666666667,1.430229196861662,2.0,1.0,80.0,90.0,90.0,6,20.0,13,43.333333333333336,5,16.666666666666664,3,10.0,0,0.0,3,10.0,2.6,1.451436070471816,2.0,1.0,76.66666666666667,90.0,90.0,6,20.0,13,43.333333333333336,4,13.333333333333334,4,13.333333333333334,0,0.0,3,10.0,2.966666666666667,1.601735170231195,2.5,2.0,70.0,80.0,86.66666666666667,5,16.666666666666664,10,33.33333333333333,6,20.0,3,10.0,2,6.666666666666667,4,13.333333333333334
700,True,2.8,1.5362291495737217,3.0,2.75,70.0,83.33333333333334,93.33333333333333,8,26.666666666666668,6,20.0,7,23.333333333333332,4,13.333333333333334,3,10.0,2,6.666666666666667,2.4,1.4742229591663987,2.0,2.0,76.66666666666667,93.33333333333333,93.33333333333333,12,40.0,5,16.666666666666664,6,20.0,5,16.666666666666664,0,0.0,2,6.666666666666667,2.5,1.6072751268321592,2.0,2.75,73.33333333333333,90.0,90.0,12,40.0,5,16.666666666666664,5,16.666666666666664,5,16.666666666666664,0,0.0,3,10.0,2.6333333333333333,1.601735170231195,2.5,3.0,70.0,90.0,90.0,11,36.666666666666664,4,13.333333333333334,6,20.0,6,20.0,0,0.0,3,10.0
701,True,2.6,1.6653327995729061,2.0,2.0,76.66666666666667,83.33333333333334,86.66666666666667,9,30.0,10,33.33333333333333,4,13.333333333333334,2,6.666666666666667,1,3.3333333333333335,4,13.333333333333334,2.2,1.5577761927397231,2.0,1.75,86.66666666666667,86.66666666666667,90.0,13,43.333333333333336,9,30.0,4,13.333333333333334,0,0.0,1,3.3333333333333335,3,10.0,2.3333333333333335,1.699673171197595,2.0,2.0,83.33333333333334,83.33333333333334,86.66666666666667,13,43.333333333333336,8,26.666666666666668,4,13.333333333333334,0,0.0,1,3.3333333333333335,4,13.333333333333334,2.566666666666667,1.6868774571839993,2.0,2.0,76.66666666666667,83.33333333333334,86.66666666666667,10,33.33333333333333,9,30.0,4,13.333333333333334,2,6.666666666666667,1,3.3333333333333335,4,13.333333333333334
702,True,3.0,1.570562531918633,3.0,2.75,66.66666666666666,83.33333333333334,90.0,8,26.666666666666668,2,6.666666666666667,10,33.33333333333333,5,16.666666666666664,2,6.666666666666667,3,10.0,2.5,1.4776106839534333,2.0,2.0,76.66666666666667,86.66666666666667,96.66666666666667,11,36.666666666666664,5,16.666666666666664,7,23.333333333333332,3,10.0,3,10.0,1,3.3333333333333335,2.533333333333333,1.4772346537440226,2.5,2.0,76.66666666666667,86.66666666666667,96.66666666666667,11,36.666666666666664,4,13.333333333333334,8,26.666666666666668,3,10.0,3,10.0,1,3.3333333333333335,3.0,1.7320508075688772,3.0,2.75,66.66666666666666,80.0,83.33333333333334,8,26.666666666666668,5,16.666666666666664,7,23.333333333333332,4,13.333333333333334,1,3.3333333333333335,5,16.666666666666664
703,True,2.3,1.2948616399703354,2.0,2.0,90.0,93.33333333333333,93.33333333333333,9,30.0,10,33.33333333333333,8,26.666666666666668,1,3.3333333333333335,0,0.0,2,6.666666666666667,2.2666666666666666,1.6519348924485155,2.0,2.0,83.33333333333334,83.33333333333334,90.0,14,46.666666666666664,7,23.333333333333332,4,13.333333333333334,0,0.0,2,6.666666666666667,3,10.0,2.2666666666666666,1.6519348924485158,2.0,2.0,83.33333333333334,83.33333333333334,90.0,14,46.666666666666664,7,23.333333333333332,4,13.333333333333334,0,0.0,2,6.666666666666667,3,10.0,2.7333333333333334,1.6519348924485155,2.0,2.75,73.33333333333333,80.0,90.0,9,30.0,7,23.333333333333332,6,20.0,2,6.666666666666667,3,10.0,3,10.0
704,True,2.7333333333333334,1.569146972791976,2.0,1.75,73.33333333333333,83.33333333333334,90.0,7,23.333333333333332,10,33.33333333333333,5,16.666666666666664,3,10.0,2,6.666666666666667,3,10.0,2.2333333333333334,1.498517786199268,2.0,2.0,83.33333333333334,90.0,93.33333333333333,14,46.666666666666664,5,16.666666666666664,6,20.0,2,6.666666666666667,1,3.3333333333333335,2,6.666666666666667,2.2333333333333334,1.498517786199268,2.0,2.0,83.33333333333334,90.0,93.33333333333333,14,46.666666666666664,5,16.666666666666664,6,20.0,2,6.666666666666667,1,3.3333333333333335,2,6.666666666666667,2.6333333333333333,1.6428295373802142,2.0,2.75,73.33333333333333,80.0,93.33333333333333,11,36.666666666666664,5,16.666666666666664,6,20.0,2,6.666666666666667,4,13.333333333333334,2,6.666666666666667
705,True,3.1666666666666665,1.5293426329272617,3.0,2.0,63.33333333333333,80.0,86.66666666666667,3,10.0,10,33.33333333333333,6,20.0,5,16.666666666666664,2,6.666666666666667,4,13.333333333333334,2.433333333333333,1.62651638650078,2.0,2.0,80.0,83.33333333333334,90.0,11,36.666666666666664,9,30.0,4,13.333333333333334,1,3.3333333333333335,2,6.666666666666667,3,10.0,2.433333333333333,1.5423647068345698,2.0,2.0,80.0,83.33333333333334,93.33333333333333,10,33.33333333333333,10,33.33333333333333,4,13.333333333333334,1,3.3333333333333335,3,10.0,2,6.666666666666667,2.933333333333333,1.6519348924485155,2.0,2.0,63.33333333333333,76.66666666666667,90.0,6,20.0,11,36.666666666666664,2,6.666666666666667,4,13.333333333333334,4,13.333333333333334,3,10.0
706,True,3.066666666666667,1.4590712418826193,3.0,2.0,63.33333333333333,83.33333333333334,93.33333333333333,6,20.0,4,13.333333333333334,9,30.0,6,20.0,3,10.0,2,6.666666666666667,2.8,1.5362291495737217,3.0,2.75,70.0,83.33333333333334,93.33333333333333,8,26.666666666666668,6,20.0,7,23.333333333333332,4,13.333333333333334,3,10.0,2,6.666666666666667,2.966666666666667,1.6428295373802142,3.0,2.0,66.66666666666666,76.66666666666667,90.0,7,23.333333333333332,7,23.333333333333332,6,20.0,3,10.0,4,13.333333333333334,3,10.0,3.0,1.4832396974191326,3.0,2.0,63.33333333333333,80.0,96.66666666666667,7,23.333333333333332,4,13.333333333333334,8,26.666666666666668,5,16.666666666666664,5,16.666666666666664,1,3.3333333333333335
707,True,2.7666666666666666,1.406729856400613,2.5,1.0,76.66666666666667,90.0,90.0,5,16.666666666666664,10,33.33333333333333,8,26.666666666666668,4,13.333333333333334,0,0.0,3,10.0,2.566666666666667,1.6468825769380833,2.0,2.0,76.66666666666667,83.33333333333334,90.0,11,36.666666666666664,6,20.0,6,20.0,2,6.666666666666667,2,6.666666666666667,3,10.0,2.566666666666667,1.5849991237291652,2.0,3.0,70.0,86.66666666666667,93.33333333333333,11,36.666666666666664,6,20.0,4,13.333333333333334,5,16.666666666666664,2,6.666666666666667,2,6.666666666666667,3.3,1.9000000000000001,3.0,3.75,63.33333333333333,70.0,73.33333333333333,7,23.333333333333332,5,16.666666666666664,7,23.333333333333332,2,6.666666666666667,1,3.3333333333333335,8,26.666666666666668
708,True,3.1333333333333333,1.5434449203720302,3.0,2.0,66.66666666666666,80.0,86.66666666666667,4,13.333333333333334,8,26.666666666666668,8,26.666666666666668,4,13.333333333333334,2,6.666666666666667,4,13.333333333333334,2.6333333333333333,1.7026123718829513,2.0,2.75,73.33333333333333,83.33333333333334,86.66666666666667,10,33.33333333333333,8,26.666666666666668,4,13.333333333333334,3,10.0,1,3.3333333333333335,4,13.333333333333334,2.8,1.6206994374857624,2.5,2.5,73.33333333333333,80.0,90.0,8,26.666666666666668,7,23.333333333333332,7,23.333333333333332,2,6.666666666666667,3,10.0,3,10.0,3.3,1.6960738977611405,3.0,2.0,60.0,76.66666666666667,80.0,5,16.666666666666664,6,20.0,7,23.333333333333332,5,16.666666666666664,1,3.3333333333333335,6,20.0
709,True,2.533333333333333,1.6478942792411033,2.0,2.0,80.0,86.66666666666667,86.66666666666667,11,36.666666666666664,6,20.0,7,23.333333333333332,2,6.666666666666667,0,0.0,4,13.333333333333334,2.1,1.3988090172238192,2.0,2.0,86.66666666666667,93.33333333333333,93.33333333333333,14,46.666666666666664,7,23.333333333333332,5,16.666666666666664,2,6.666666666666667,0,0.0,2,6.666666666666667,2.1333333333333333,1.384035966135113,2.0,2.0,86.66666666666667,93.33333333333333,93.33333333333333,13,43.333333333333336,8,26.666666666666668,5,16.666666666666664,2,6.666666666666667,0,0.0,2,6.666666666666667,2.8,1.6812693617224657,2.5,3.0,70.0,83.33333333333334,86.66666666666667,9,30.0,6,20.0,6,20.0,4,13.333333333333334,1,3.3333333333333335,4,13.333333333333334
710,True,2.3333333333333335,1.247219128924647,2.0,2.0,83.33333333333334,96.66666666666667,96.66666666666667,10,33.33333333333333,7,23.333333333333332,8,26.666666666666668,4,13.333333333333334,0,0.0,1,3.3333333333333335,2.2,1.5362291495737217,2.0,2.0,83.33333333333334,86.66666666666667,93.33333333333333,14,46.666666666666664,7,23.333333333333332,4,13.333333333333334,1,3.3333333333333335,2,6.666666666666667,2,6.666666666666667,2.2333333333333334,1.5205992970609392,2.0,2.0,83.33333333333334,86.66666666666667,93.33333333333333,13,43.333333333333336,8,26.666666666666668,4,13.333333333333334,1,3.3333333333333335,2,6.666666666666667,2,6.666666666666667,2.8666666666666667,1.8571184369578826,2.0,3.0,66.66666666666666,80.0,80.0,10,33.33333333333333,6,20.0,4,13.333333333333334,4,13.333333333333334,0,0.0,6,20.0
711,True,3.2,1.5577761927397231,3.0,2.0,60.0,80.0,86.66666666666667,4,13.333333333333334,8,26.666666666666668,6,20.0,6,20.0,2,6.666666666666667,4,13.333333333333334,2.7333333333333334,1.6519348924485158,2.0,3.0,66.66666666666666,83.33333333333334,90.0,9,30.0,8,26.666666666666668,3,10.0,5,16.666666666666664,2,6.666666666666667,3,10.0,2.7,1.4410644214144859,2.0,2.0,70.0,90.0,93.33333333333333,7,23.333333333333332,9,30.0,5,16.666666666666664,6,20.0,1,3.3333333333333335,2,6.666666666666667,3.1,1.6196707484341788,3.0,2.0,60.0,80.0,86.66666666666667,5,16.666666666666664,9,30.0,4,13.333333333333334,6,20.0,2,6.666666666666667,4,13.333333333333334
712,True,2.7666666666666666,1.5638272140986533,3.0,1.75,80.0,86.66666666666667,86.66666666666667,8,26.666666666666668,5,16.666666666666664,11,36.666666666666664,2,6.666666666666667,0,0.0,4,13.333333333333334,2.1333333333333333,1.564892612574067,1.0,2.0,83.33333333333334,86.66666666666667,93.33333333333333,16,53.333333333333336,5,16.666666666666664,4,13.333333333333334,1,3.3333333333333335,2,6.666666666666667,2,6.666666666666667,2.2333333333333334,1.6669999666733317,1.0,2.0,80.0,86.66666666666667,90.0,16,53.333333333333336,4,13.333333333333334,4,13.333333333333334,2,6.666666666666667,1,3.3333333333333335,3,10.0,2.3333333333333335,1.3984117975602022,2.0,2.0,76.66666666666667,93.33333333333333,96.66666666666667,12,40.0,6,20.0,5,16.666666666666664,5,16.666666666666664,1,3.3333333333333335,1,3.3333333333333335
713,True,3.0,1.4832396974191326,3.0,2.0,66.66666666666666,83.33333333333334,90.0,4,13.333333333333334,10,33.33333333333333,6,20.0,5,16.666666666666664,2,6.666666666666667,3,10.0,2.433333333333333,1.6868774571839995,2.0,1.75,76.66666666666667,80.0,90.0,11,36.666666666666664,11,36.666666666666664,1,3.3333333333333335,1,3.3333333333333335,3,10.0,3,10.0,2.5,1.6683325008322931,2.0,2.0,76.66666666666667,80.0,90.0,10,33.33333333333333,11,36.666666666666664,2,6.666666666666667,1,3.3333333333333335,3,10.0,3,10.0,3.0,1.7888543819998317,2.0,2.75,66.66666666666666,73.33333333333333,83.33333333333334,7,23.333333333333332,9,30.0,4,13.333333333333334,2,6.666666666666667,3,10.0,5,16.666666666666664
714,True,3.033333333333333,1.7413277182145304,2.5,2.0,60.0,80.0,83.33333333333334,7,23.333333333333332,8,26.666666666666668,3,10.0,6,20.0,1,3.3333333333333335,5,16.666666666666664,2.7,1.8284784202536635,2.0,3.0,70.0,76.66666666666667,83.33333333333334,9,30.0,12,40.0,0,0.0,2,6.666666666666667,2,6.666666666666667,5,16.666666666666664,2.7,1.7729448195962934,2.0,3.0,70.0,76.66666666666667,86.66666666666667,9,30.0,11,36.666666666666664,1,3.3333333333333335,2,6.666666666666667,3,10.0,4,13.333333333333334,3.2333333333333334,1.92671280221579,2.0,3.0,56.666666666666664,66.66666666666666,76.66666666666667,6,20.0,11,36.666666666666664,0,0.0,3,10.0,3,10.0,7,23.333333333333332
715,True,2.933333333333333,1.3888444437333107,3.0,1.75,73.33333333333333,86.66666666666667,90.0,3,10.0,11,36.666666666666664,8,26.666666666666668,4,13.333333333333334,1,3.3333333333333335,3,10.0,2.566666666666667,1.7641491496532324,2.0,2.0,76.66666666666667,80.0,86.66666666666667,12,40.0,6,20.0,5,16.666666666666664,1,3.3333333333333335,2,6.666666666666667,4,13.333333333333334,2.566666666666667,1.6468825769380833,2.0,2.0,80.0,80.0,90.0,10,33.33333333333333,8,26.666666666666668,6,20.0,0,0.0,3,10.0,3,10.0,3.3666666666666667,2.0733762053445313,3.0,5.0,53.333333333333336,63.33333333333333,70.0,9,30.0,5,16.666666666666664,2,6.666666666666667,3,10.0,2,6.666666666666667,9,30.0
716,True,2.8,1.6,2.0,1.75,73.33333333333333,80.0,90.0,7,23.333333333333332,9,30.0,6,20.0,2,6.666666666666667,3,10.0,3,10.0,2.2333333333333334,1.5638272140986533,2.0,2.0,80.0,86.66666666666667,93.33333333333333,14,46.666666666666664,7,23.333333333333332,3,10.0,2,6.666666666666667,2,6.666666666666667,2,6.666666666666667,2.3333333333333335,1.7384539747207064,2.0,2.0,80.0,83.33333333333334,86.66666666666667,14,46.666666666666664,7,23.333333333333332,3,10.0,1,3.3333333333333335,1,3.3333333333333335,4,13.333333333333334,2.8,1.8690461025168252,2.0,3.0,66.66666666666666,76.66666666666667,83.33333333333334,11,36.666666666666664,6,20.0,3,10.0,3,10.0,2,6.666666666666667,5,16.666666666666664
717,True,2.7333333333333334,1.3888444437333105,2.5,1.0,80.0,90.0,90.0,5,16.666666666666664,10,33.33333333333333,9,30.0,3,10.0,0,0.0,3,10.0,2.4,1.4742229591663987,2.0,2.0,83.33333333333334,86.66666666666667,93.33333333333333,10,33.33333333333333,9,30.0,6,20.0,1,3.3333333333333335,2,6.666666666666667,2,6.666666666666667,2.533333333333333,1.564892612574067,2.0,2.0,80.0,86.66666666666667,90.0,10,33.33333333333333,7,23.333333333333332,7,23.333333333333332,2,6.666666666666667,1,3.3333333333333335,3,10.0,2.6666666666666665,1.6397831834998458,2.0,2.0,76.66666666666667,80.0,90.0,9,30.0,8,26.666666666666668,6,20.0,1,3.3333333333333335,3,10.0,3,10.0
718,True,2.7333333333333334,1.590248058916875,3.0,3.0,66.66666666666666,90.0,90.0,10,33.33333333333333,4,13.333333333333334,6,20.0,7,23.333333333333332,0,0.0,3,10.0,2.5,1.5652475842498528,2.0,3.0,70.0,90.0,93.33333333333333,12,40.0,5,16.666666666666664,4,13.333333333333334,6,20.0,1,3.3333333333333335,2,6.666666666666667,2.6,1.6451950239004087,2.0,3.0,66.66666666666666,90.0,90.0,12,40.0,4,13.333333333333334,4,13.333333333333334,7,23.333333333333332,0,0.0,3,10.0,3.2,1.7009801096230766,3.0,2.0,53.333333333333336,76.66666666666667,86.66666666666667,7,23.333333333333332,5,16.666666666666664,4,13.333333333333334,7,23.333333333333332,3,10.0,4,13.333333333333334
719,True,3.033333333333333,1.5807874268505835,3.0,2.75,63.33333333333333,83.33333333333334,90.0,8,26.666666666666668,2,6.666666666666667,9,30.0,6,20.0,2,6.666666666666667,3,10.0,2.533333333333333,1.6478942792411035,2.0,3.0,66.66666666666666,86.66666666666667,93.33333333333333,13,43.333333333333336,4,13.333333333333334,3,10.0,6,20.0,2,6.666666666666667,2,6.666666666666667,2.7333333333333334,1.8245242911205344,2.5,3.0,66.66666666666666,80.0,86.66666666666667,13,43.333333333333336,2,6.666666666666667,5,16.666666666666664,4,13.333333333333334,2,6.666666666666667,4,13.333333333333334,3.3,1.7349351572897471,3.5,3.5,50.0,73.33333333333333,86.66666666666667,8,26.666666666666668,2,6.666666666666667,5,16.666666666666664,7,23.333333333333332,4,13.333333333333334,4,13.333333333333334
720,True,2.4,1.3063945294843615,2.0,1.0,90.0,90.0,93.33333333333333,7,23.333333333333332,12,40.0,8,26.666666666666668,0,0.0,1,3.3333333333333335,2,6.666666666666667,2.2333333333333334,1.3085190950927015,2.0,2.0,90.0,93.33333333333333,93.33333333333333,10,33.33333333333333,10,33.33333333333333,7,23.333333333333332,1,3.3333333333333335,0,0.0,2,6.666666666666667,2.2,1.2220201853215573,2.0,2.0,90.0,93.33333333333333,96.66666666666667,10,33.33333333333333,10,33.33333333333333,7,23.333333333333332,1,3.3333333333333335,1,3.3333333333333335,1,3.3333333333333335,2.7,1.5524174696260025,2.0,1.0,80.0,86.66666666666667,86.66666666666667,7,23.333333333333332,9,30.0,8,26.666666666666668,2,6.666666666666667,0,0.0,4,13.333333333333334
721,True,3.2333333333333334,1.7065234314893603,3.0,2.75,70.0,73.33333333333333,80.0,5,16.666666666666664,6,20.0,10,33.33333333333333,1,3.3333333333333335,2,6.666666666666667,6,20.0,2.6,1.624807680927192,2.0,2.0,80.0,80.0,90.0,9,30.0,9,30.0,6,20.0,0,0.0,3,10.0,3,10.0,2.933333333333333,1.8607047649270485,2.0,4.0,70.0,70.0,83.33333333333334,9,30.0,7,23.333333333333332,5,16.666666666666664,0,0.0,4,13.333333333333334,5,16.666666666666664,2.9,1.535143858622594,3.0,1.75,73.33333333333333,76.66666666666667,93.33333333333333,6,20.0,8,26.666666666666668,8,26.666666666666668,1,3.3333333333333335,5,16.666666666666664,2,6.666666666666667
722,True,3.1666666666666665,1.5723301886761005,3.0,2.0,60.0,80.0,90.0,7,23.333333333333332,2,6.666666666666667,9,30.0,6,20.0,3,10.0,3,10.0,2.6333333333333333,1.7413277182145301,2.0,2.75,73.33333333333333,83.33333333333334,86.66666666666667,12,40.0,4,13.333333333333334,6,20.0,3,10.0,1,3.3333333333333335,4,13.333333333333334,2.6666666666666665,1.7575235101952091,2.0,3.0,70.0,83.33333333333334,86.66666666666667,12,40.0,4,13.333333333333334,5,16.666666666666664,4,13.333333333333334,1,3.3333333333333335,4,13.333333333333334,2.8333333333333335,1.4624940645653537,3.0,3.0,63.33333333333333,83.33333333333334,100.0,9,30.0,3,10.0,7,23.333333333333332,6,20.0,5,16.666666666666664,0,0.0
723,True,2.8333333333333335,1.6141733350404335,3.0,2.75,73.33333333333333,86.66666666666667,86.66666666666667,9,30.0,3,10.0,10,33.33333333333333,4,13.333333333333334,0,0.0,4,13.333333333333334,2.3333333333333335,1.4907119849998598,2.0,2.0,80.0,86.66666666666667,96.66666666666667,13,43.333333333333336,5,16.666666666666664,6,20.0,2,6.666666666666667,3,10.0,1,3.3333333333333335,2.433333333333333,1.498517786199268,2.0,2.0,76.66666666666667,86.66666666666667,96.66666666666667,12,40.0,5,16.666666666666664,6,20.0,3,10.0,3,10.0,1,3.3333333333333335,2.6333333333333333,1.5162087220725544,3.0,3.0,70.0,86.66666666666667,96.66666666666667,11,36.666666666666664,3,10.0,7,23.333333333333332,5,16.666666666666664,3,10.0,1,3.3333333333333335
724,True,2.966666666666667,1.6017351702311953,3.0,2.75,70.0,80.0,90.0,8,26.666666666666668,3,10.0,10,33.33333333333333,3,10.0,3,10.0,3,10.0,2.3333333333333335,1.398411797560202,2.0,2.0,83.33333333333334,90.0,96.66666666666667,12,40.0,5,16.666666666666664,8,26.666666666666668,2,6.666666666666667,2,6.666666666666667,1,3.3333333333333335,2.3666666666666667,1.4019827229875395,2.0,2.0,83.33333333333334,90.0,96.66666666666667,12,40.0,4,13.333333333333334,9,30.0,2,6.666666666666667,2,6.666666666666667,1,3.3333333333333335,2.533333333333333,1.4996295838935991,2.5,2.0,76.66666666666667,90.0,93.33333333333333,11,36.666666666666664,4,13.333333333333334,8,26.666666666666668,4,13.333333333333334,1,3.3333333333333335,2,6.666666666666667
725,True,2.5,1.3354150416006754,2.0,1.0,86.66666666666667,90.0,93.33333333333333,7,23.333333333333332,10,33.33333333333333,9,30.0,1,3.3333333333333335,1,3.3333333333333335,2,6.666666666666667,2.3666666666666667,1.4715826703096078,2.0,2.0,83.33333333333334,86.66666666666667,93.33333333333333,10,33.33333333333333,10,33.33333333333333,5,16.666666666666664,1,3.3333333333333335,2,6.666666666666667,2,6.666666666666667,2.5,1.6278820596099706,2.0,2.0,76.66666666666667,83.33333333333334,90.0,10,33.33333333333333,10,33.33333333333333,3,10.0,2,6.666666666666667,2,6.666666666666667,3,10.0,2.8666666666666667,1.7838784213679537,2.0,2.75,70.0,76.66666666666667,83.33333333333334,8,26.666666666666668,9,30.0,4,13.333333333333334,2,6.666666666666667,2,6.666666666666667,5,16.666666666666664
726,True,3.066666666666667,1.7113996870657913,3.0,3.0,53.333333333333336,83.33333333333334,86.66666666666667,9,30.0,3,10.0,4,13.333333333333334,9,30.0,1,3.3333333333333335,4,13.333333333333334,2.4,1.6653327995729064,2.0,2.0,76.66666666666667,86.66666666666667,90.0,14,46.666666666666664,4,13.333333333333334,5,16.666666666666664,3,10.0,1,3.3333333333333335,3,10.0,2.533333333333333,1.687865186822955,2.0,3.0,70.0,83.33333333333334,93.33333333333333,14,46.666666666666664,2,6.666666666666667,5,16.666666666666664,4,13.333333333333334,3,10.0,2,6.666666666666667,3.1,1.885912687975418,3.0,3.0,56.666666666666664,76.66666666666667,80.0,10,33.33333333333333,3,10.0,4,13.333333333333334,6,20.0,1,3.3333333333333335,6,20.0
727,True,3.1333333333333333,1.4544949486180951,4.0,2.0,46.666666666666664,90.0,93.33333333333333,6,20.0,5,16.666666666666664,3,10.0,13,43.333333333333336,1,3.3333333333333335,2,6.666666666666667,2.8,1.7962924780409972,2.0,3.0,56.666666666666664,80.0,90.0,12,40.0,4,13.333333333333334,1,3.3333333333333335,7,23.333333333333332,3,10.0,3,10.0,2.933333333333333,1.8427033281447005,3.0,3.0,53.333333333333336,80.0,86.66666666666667,12,40.0,2,6.666666666666667,2,6.666666666666667,8,26.666666666666668,2,6.666666666666667,4,13.333333333333334,3.3333333333333335,1.6996731711975948,4.0,2.0,43.333333333333336,76.66666666666667,86.66666666666667,7,23.333333333333332,4,13.333333333333334,2,6.666666666666667,10,33.33333333333333,3,10.0,4,13.333333333333334
728,True,3.933333333333333,1.2892719737209144,4.0,1.75,33.33333333333333,73.33333333333333,83.33333333333334,1,3.3333333333333335,3,10.0,6,20.0,12,40.0,3,10.0,5,16.666666666666664,3.2,1.6411378166788229,3.0,2.75,63.33333333333333,73.33333333333333,86.66666666666667,5,16.666666666666664,7,23.333333333333332,7,23.333333333333332,3,10.0,4,13.333333333333334,4,13.333333333333334,3.2666666666666666,1.5260697523012796,3.0,2.0,53.333333333333336,80.0,90.0,5,16.666666666666664,5,16.666666666666664,6,20.0,8,26.666666666666668,3,10.0,3,10.0,3.7,1.3453624047073711,4.0,1.75,40.0,73.33333333333333,90.0,2,6.666666666666667,4,13.333333333333334,6,20.0,10,33.33333333333333,5,16.666666666666664,3,10.0
729,True,2.3333333333333335,1.4452988925785866,2.0,2.0,86.66666666666667,86.66666666666667,93.33333333333333,10,33.33333333333333,10,33.33333333333333,6,20.0,0,0.0,2,6.666666666666667,2,6.666666666666667,2.066666666666667,1.2892719737209146,2.0,1.75,93.33333333333333,93.33333333333333,93.33333333333333,12,40.0,10,33.33333333333333,6,20.0,0,0.0,0,0.0,2,6.666666666666667,2.1666666666666665,1.3186693629901654,2.0,2.0,90.0,90.0,96.66666666666667,12,40.0,8,26.666666666666668,7,23.333333333333332,0,0.0,2,6.666666666666667,1,3.3333333333333335,2.533333333333333,1.6069294390925266,2.0,2.0,80.0,83.33333333333334,90.0,10,33.33333333333333,8,26.666666666666668,6,20.0,1,3.3333333333333335,2,6.666666666666667,3,10.0
730,True,2.8333333333333335,1.7143187827498387,3.0,3.0,66.66666666666666,83.33333333333334,86.66666666666667,10,33.33333333333333,4,13.333333333333334,6,20.0,5,16.666666666666664,1,3.3333333333333335,4,13.333333333333334,2.433333333333333,1.782943882708844,1.5,2.0,76.66666666666667,83.33333333333334,86.66666666666667,15,50.0,3,10.0,5,16.666666666666664,2,6.666666666666667,1,3.3333333333333335,4,13.333333333333334,2.533333333333333,1.8208667044996885,2.0,2.75,73.33333333333333,80.0,86.66666666666667,14,46.666666666666664,4,13.333333333333334,4,13.333333333333334,2,6.666666666666667,2,6.666666666666667,4,13.333333333333334,2.7,1.7916472867168918,2.0,3.0,63.33333333333333,80.0,90.0,13,43.333333333333336,3,10.0,3,10.0,5,16.666666666666664,3,10.0,3,10.0
731,True,2.8,1.1075498483890767,3.0,1.0,76.66666666666667,93.33333333333333,100.0,5,16.666666666666664,5,16.666666666666664,13,43.333333333333336,5,16.666666666666664,2,6.666666666666667,0,0.0,2.6333333333333333,1.5595583420386114,2.0,2.0,76.66666666666667,86.66666666666667,90.0,9,30.0,7,23.333333333333332,7,23.333333333333332,3,10.0,1,3.3333333333333335,3,10.0,2.8,1.7009801096230766,2.0,3.0,70.0,76.66666666666667,90.0,9,30.0,7,23.333333333333332,5,16.666666666666664,2,6.666666666666667,4,13.333333333333334,3,10.0,3.433333333333333,1.7451520150277897,3.5,3.0,50.0,70.0,83.33333333333334,7,23.333333333333332,2,6.666666666666667,6,20.0,6,20.0,4,13.333333333333334,5,16.666666666666664
732,True,3.033333333333333,1.3780017739062924,3.0,2.0,70.0,86.66666666666667,90.0,3,10.0,9,30.0,9,30.0,5,16.666666666666664,1,3.3333333333333335,3,10.0,2.6333333333333333,1.4255603186895396,2.0,2.5,73.33333333333333,86.66666666666667,96.66666666666667,8,26.666666666666668,8,26.666666666666668,6,20.0,4,13.333333333333334,3,10.0,1,3.3333333333333335,2.8,1.514375558880073,2.5,2.0,70.0,83.33333333333334,93.33333333333333,7,23.333333333333332,8,26.666666666666668,6,20.0,4,13.333333333333334,3,10.0,2,6.666666666666667,3.066666666666667,1.6918103387266028,3.0,2.75,66.66666666666666,73.33333333333333,86.66666666666667,6,20.0,8,26.666666666666668,6,20.0,2,6.666666666666667,4,13.333333333333334,4,13.333333333333334
733,True,2.4,1.3564659966250536,2.0,1.75,86.66666666666667,90.0,93.33333333333333,8,26.666666666666668,11,36.666666666666664,7,23.333333333333332,1,3.3333333333333335,1,3.3333333333333335,2,6.666666666666667,2.3,1.5947831618540917,2.0,2.0,76.66666666666667,86.66666666666667,93.33333333333333,14,46.666666666666664,6,20.0,3,10.0,3,10.0,2,6.666666666666667,2,6.666666666666667,2.3666666666666667,1.5380362660079103,2.0,2.0,76.66666666666667,90.0,93.33333333333333,13,43.333333333333336,5,16.666666666666664,5,16.666666666666664,4,13.333333333333334,1,3.3333333333333335,2,6.666666666666667,2.8,1.8147543451754933,2.0,3.0,70.0,76.66666666666667,83.33333333333334,9,30.0,9,30.0,3,10.0,2,6.666666666666667,2,6.666666666666667,5,16.666666666666664
734,True,3.033333333333333,1.7978382080215733,2.5,2.0,66.66666666666666,76.66666666666667,80.0,7,23.333333333333332,8,26.666666666666668,5,16.666666666666664,3,10.0,1,3.3333333333333335,6,20.0,2.4,1.6041612554021285,2.0,2.0,80.0,86.66666666666667,90.0,12,40.0,7,23.333333333333332,5,16.666666666666664,2,6.666666666666667,1,3.3333333333333335,3,10.0,2.433333333333333,1.6058919293927874,2.0,2.75,73.33333333333333,90.0,90.0,12,40.0,7,23.333333333333332,3,10.0,5,16.666666666666664,0,0.0,3,10.0,2.7,1.5737428845483834,2.0,3.0,70.0,83.33333333333334,93.33333333333333,9,30.0,7,23.333333333333332,5,16.666666666666664,4,13.333333333333334,3,10.0,2,6.666666666666667
735,True,2.8666666666666667,1.6878651868229553,2.0,1.75,73.33333333333333,80.0,83.33333333333334,6,20.0,11,36.666666666666664,5,16.666666666666664,2,6.666666666666667,1,3.3333333333333335,5,16.666666666666664,2.466666666666667,1.7269111795984826,2.0,2.75,73.33333333333333,86.66666666666667,86.66666666666667,13,43.333333333333336,6,20.0,3,10.0,4,13.333333333333334,0,0.0,4,13.333333333333334,2.533333333333333,1.8024674446127702,2.0,2.75,73.33333333333333,83.33333333333334,83.33333333333334,12,40.0,8,26.666666666666668,2,6.666666666666667,3,10.0,0,0.0,5,16.666666666666664,3.033333333333333,1.9745604292826515,2.0,3.75,60.0,73.33333333333333,76.66666666666667,10,33.33333333333333,6,20.0,2,6.666666666666667,4,13.333333333333334,1,3.3333333333333335,7,23.333333333333332
736,True,3.033333333333333,1.4019827229875395,3.0,2.0,70.0,83.33333333333334,93.33333333333333,5,16.666666666666664,5,16.666666666666664,11,36.666666666666664,4,13.333333333333334,3,10.0,2,6.666666666666667,2.566666666666667,1.6468825769380833,2.0,2.0,76.66666666666667,83.33333333333334,90.0,11,36.666666666666664,6,20.0,6,20.0,2,6.666666666666667,2,6.666666666666667,3,10.0,2.6666666666666665,1.5986105077709065,2.0,2.0,76.66666666666667,83.33333333333334,90.0,9,30.0,7,23.333333333333332,7,23.333333333333332,2,6.666666666666667,2,6.666666666666667,3,10.0,2.933333333333333,1.7876116903722563,2.5,3.75,66.66666666666666,73.33333333333333,86.66666666666667,9,30.0,6,20.0,5,16.666666666666664,2,6.666666666666667,4,13.333333333333334,4,13.333333333333334
737,True,2.3333333333333335,1.2736648783028532,2.0,2.0,83.33333333333334,93.33333333333333,96.66666666666667,9,30.0,10,33.33333333333333,6,20.0,3,10.0,1,3.3333333333333335,1,3.3333333333333335,2.3333333333333335,1.5986105077709065,2.0,1.0,83.33333333333334,86.66666666666667,86.66666666666667,10,33.33333333333333,13,43.333333333333336,2,6.666666666666667,1,3.3333333333333335,0,0.0,4,13.333333333333334,2.3,1.3699148392023013,2.0,2.0,86.66666666666667,90.0,93.33333333333333,9,30.0,12,40.0,5,16.666666666666664,1,3.3333333333333335,1,3.3333333333333335,2,6.666666666666667,3.066666666666667,1.7688665548562132,2.0,2.75,63.33333333333333,73.33333333333333,83.33333333333334,6,20.0,10,33.33333333333333,3,10.0,3,10.0,3,10.0,5,16.666666666666664
738,True,2.7,1.552417469626002,2.0,1.0,76.66666666666667,83.33333333333334,90.0,7,23.333333333333332,10,33.33333333333333,6,20.0,2,6.666666666666667,2,6.666666666666667,3,10.0,2.3,1.69607389776114,2.0,1.75,83.33333333333334,83.33333333333334,86.66666666666667,13,43.333333333333336,9,30.0,3,10.0,0,0.0,1,3.3333333333333335,4,13.333333333333334,2.3333333333333335,1.422048600513436,2.0,2.0,83.33333333333334,90.0,93.33333333333333,10,33.33333333333333,10,33.33333333333333,5,16.666666666666664,2,6.666666666666667,1,3.3333333333333335,2,6.666666666666667,2.8666666666666667,1.8749814813900312,2.0,3.75,66.66666666666666,73.33333333333333,83.33333333333334,10,33.33333333333333,7,23.333333333333332,3,10.0,2,6.666666666666667,3,10.0,5,16.666666666666664
739,True,3.033333333333333,1.27758452644912,3.0,2.0,56.666666666666664,93.33333333333333,96.66666666666667,5,16.666666666666664,5,16.666666666666664,7,23.333333333333332,11,36.666666666666664,1,3.3333333333333335,1,3.3333333333333335,2.5,1.4317821063276353,2.0,3.0,70.0,93.33333333333333,96.66666666666667,11,36.666666666666664,5,16.666666666666664,5,16.666666666666664,7,23.333333333333332,1,3.3333333333333335,1,3.3333333333333335,2.566666666666667,1.358512258154322,2.5,3.0,66.66666666666666,93.33333333333333,100.0,10,33.33333333333333,5,16.666666666666664,5,16.666666666666664,8,26.666666666666668,2,6.666666666666667,0,0.0,3.066666666666667,1.711399687065791,3.0,2.75,56.666666666666664,80.0,86.66666666666667,8,26.666666666666668,5,16.666666666666664,4,13.333333333333334,7,23.333333333333332,2,6.666666666666667,4,13.333333333333334
740,True,2.8333333333333335,1.3437096247164249,3.0,1.0,80.0,86.66666666666667,93.33333333333333,5,16.666666666666664,7,23.333333333333332,12,40.0,2,6.666666666666667,2,6.666666666666667,2,6.666666666666667,2.466666666666667,1.4996295838935991,2.0,2.0,80.0,86.66666666666667,93.33333333333333,10,33.33333333333333,8,26.666666666666668,6,20.0,2,6.666666666666667,2,6.666666666666667,2,6.666666666666667,2.6333333333333333,1.5380362660079105,2.0,2.0,76.66666666666667,83.33333333333334,93.33333333333333,9,30.0,7,23.333333333333332,7,23.333333333333332,2,6.666666666666667,3,10.0,2,6.666666666666667,2.8333333333333335,1.674979270186815,2.5,2.5,73.33333333333333,80.0,86.66666666666667,8,26.666666666666668,7,23.333333333333332,7,23.333333333333332,2,6.666666666666667,2,6.666666666666667,4,13.333333333333334
741,True,2.6666666666666665,1.07496769977314,2.0,1.0,76.66666666666667,93.33333333333333,100.0,3,10.0,13,43.333333333333336,7,23.333333333333332,5,16.666666666666664,2,6.666666666666667,0,0.0,2.7,1.46401275039985,2.0,1.0,76.66666666666667,86.66666666666667,90.0,5,16.666666666666664,13,43.333333333333336,5,16.666666666666664,3,10.0,1,3.3333333333333335,3,10.0,2.7,1.46401275039985,2.0,1.0,76.66666666666667,86.66666666666667,90.0,5,16.666666666666664,13,43.333333333333336,5,16.666666666666664,3,10.0,1,3.3333333333333335,3,10.0,3.033333333333333,1.6629959577688562,2.5,2.0,66.66666666666666,80.0,83.33333333333334,5,16.666666666666664,10,33.33333333333333,5,16.666666666666664,4,13.333333333333334,1,3.3333333333333335,5,16.666666666666664
742,True,2.933333333333333,1.4590712418826193,3.0,1.75,73.33333333333333,83.33333333333334,90.0,4,13.333333333333334,10,33.33333333333333,8,26.666666666666668,3,10.0,2,6.666666666666667,3,10.0,2.433333333333333,1.430229196861662,2.0,2.0,80.0,90.0,93.33333333333333,9,30.0,10,33.33333333333333,5,16.666666666666664,3,10.0,1,3.3333333333333335,2,6.666666666666667,2.6,1.5620499351813308,2.0,2.75,73.33333333333333,83.33333333333334,93.33333333333333,9,30.0,9,30.0,4,13.333333333333334,3,10.0,3,10.0,2,6.666666666666667,2.6,1.3808210118138653,2.0,1.0,76.66666666666667,86.66666666666667,96.66666666666667,7,23.333333333333332,10,33.33333333333333,6,20.0,3,10.0,3,10.0,1,3.3333333333333335
743,True,2.533333333333333,1.4772346537440226,2.0,2.0,80.0,86.66666666666667,93.33333333333333,9,30.0,8,26.666666666666668,7,23.333333333333332,2,6.666666666666667,2,6.666666666666667,2,6.666666666666667,2.033333333333333,1.3535960336164634,1.5,1.75,83.33333333333334,93.33333333333333,96.66666666666667,15,50.0,7,23.333333333333332,3,10.0,3,10.0,1,3.3333333333333335,1,3.3333333333333335,2.066666666666667,1.4360439485692011,1.5,1.75,83.33333333333334,93.33333333333333,93.33333333333333,15,50.0,7,23.333333333333332,3,10.0,3,10.0,0,0.0,2,6.666666666666667,2.966666666666667,1.7978382080215733,2.0,2.75,63.33333333333333,76.66666666666667,83.33333333333334,8,26.666666666666668,8,26.666666666666668,3,10.0,4,13.333333333333334,2,6.666666666666667,5,16.666666666666664
744,True,2.7,1.46401275039985,2.0,1.0,80.0,86.66666666666667,90.0,6,20.0,10,33.33333333333333,8,26.666666666666668,2,6.666666666666667,1,3.3333333333333335,3,10.0,2.2666666666666666,1.2892719737209144,2.0,2.0,83.33333333333334,93.33333333333333,96.66666666666667,10,33.33333333333333,10,33.33333333333333,5,16.666666666666664,3,10.0,1,3.3333333333333335,1,3.3333333333333335,2.3,1.2948616399703354,2.0,2.0,83.33333333333334,93.33333333333333,96.66666666666667,10,33.33333333333333,9,30.0,6,20.0,3,10.0,1,3.3333333333333335,1,3.3333333333333335,2.6666666666666665,1.4452988925785866,2.0,1.75,73.33333333333333,86.66666666666667,93.33333333333333,6,20.0,12,40.0,4,13.333333333333334,4,13.333333333333334,2,6.666666666666667,2,6.666666666666667
745,True,3.0,1.6733200530681511,3.0,2.75,63.33333333333333,76.66666666666667,90.0,8,26.666666666666668,5,16.666666666666664,6,20.0,4,13.333333333333334,4,13.333333333333334,3,10.0,2.7,1.9689252567496476,2.0,3.75,66.66666666666666,73.33333333333333,83.33333333333334,14,46.666666666666664,4,13.333333333333334,2,6.666666666666667,2,6.666666666666667,3,10.0,5,16.666666666666664,2.7333333333333334,1.8607047649270485,2.0,3.0,63.33333333333333,76.66666666666667,86.66666666666667,12,40.0,6,20.0,1,3.3333333333333335,4,13.333333333333334,3,10.0,4,13.333333333333334,2.8666666666666667,1.765093639316497,2.5,3.75,60.0,73.33333333333333,93.33333333333333,11,36.666666666666664,4,13.333333333333334,3,10.0,4,13.333333333333334,6,20.0,2,6.666666666666667
746,True,3.0,1.632993161855452,3.0,2.0,70.0,83.33333333333334,83.33333333333334,6,20.0,7,23.333333333333332,8,26.666666666666668,4,13.333333333333334,0,0.0,5,16.666666666666664,2.466666666666667,1.6069294390925266,2.0,2.0,76.66666666666667,86.66666666666667,90.0,11,36.666666666666664,8,26.666666666666668,4,13.333333333333334,3,10.0,1,3.3333333333333335,3,10.0,2.533333333333333,1.586050300449376,2.0,2.0,76.66666666666667,86.66666666666667,90.0,10,33.33333333333333,8,26.666666666666668,5,16.666666666666664,3,10.0,1,3.3333333333333335,3,10.0,2.966666666666667,1.6224124698183944,3.0,2.75,66.66666666666666,80.0,90.0,8,26.666666666666668,4,13.333333333333334,8,26.666666666666668,4,13.333333333333334,3,10.0,3,10.0
747,True,2.7333333333333334,1.671991493864594,2.5,2.75,73.33333333333333,80.0,90.0,10,33.33333333333333,5,16.666666666666664,7,23.333333333333332,2,6.666666666666667,3,10.0,3,10.0,2.3666666666666667,1.7220788470785986,1.5,2.0,80.0,86.66666666666667,86.66666666666667,15,50.0,3,10.0,6,20.0,2,6.666666666666667,0,0.0,4,13.333333333333334,2.3333333333333335,1.6193277068654826,1.5,2.0,76.66666666666667,86.66666666666667,93.33333333333333,15,50.0,3,10.0,5,16.666666666666664,3,10.0,2,6.666666666666667,2,6.666666666666667,2.5,1.5,2.5,2.0,76.66666666666667,86.66666666666667,96.66666666666667,12,40.0,3,10.0,8,26.666666666666668,3,10.0,3,10.0,1,3.3333333333333335
748,True,2.9,1.2999999999999998,3.0,2.0,70.0,90.0,93.33333333333333,3,10.0,11,36.666666666666664,7,23.333333333333332,6,20.0,1,3.3333333333333335,2,6.666666666666667,2.533333333333333,1.4544949486180956,2.0,2.5,73.33333333333333,90.0,93.33333333333333,8,26.666666666666668,11,36.666666666666664,3,10.0,5,16.666666666666664,1,3.3333333333333335,2,6.666666666666667,2.6666666666666665,1.5986105077709065,2.0,2.5,73.33333333333333,83.33333333333334,90.0,8,26.666666666666668,10,33.33333333333333,4,13.333333333333334,3,10.0,2,6.666666666666667,3,10.0,3.2333333333333334,1.8740923729160792,2.0,3.5,60.0,73.33333333333333,73.33333333333333,5,16.666666666666664,11,36.666666666666664,2,6.666666666666667,4,13.333333333333334,0,0.0,8,26.666666666666668
749,True,2.6,1.4047538337136984,2.0,2.75,70.0,90.0,96.66666666666667,8,26.666666666666668,9,30.0,4,13.333333333333334,6,20.0,2,6.666666666666667,1,3.3333333333333335,2.433333333333333,1.6468825769380833,2.0,2.0,76.66666666666667,83.33333333333334,90.0,11,36.666666666666664,10,33.33333333333333,2,6.666666666666667,2,6.666666666666667,2,6.666666666666667,3,10.0,2.6,1.781385228784985,2.0,2.0,76.66666666666667,80.0,83.33333333333334,10,33.33333333333333,10,33.33333333333333,3,10.0,1,3.3333333333333335,1,3.3333333333333335,5,16.666666666666664,3.1,1.938212234680884,2.5,3.75,60.0,73.33333333333333,76.66666666666667,9,30.0,6,20.0,3,10.0,4,13.333333333333334,1,3.3333333333333335,7,23.333333333333332
750,True,2.8,1.4696938456699067,2.5,2.0,63.33333333333333,90.0,93.33333333333333,7,23.333333333333332,8,26.666666666666668,4,13.333333333333334,8,26.666666666666668,1,3.3333333333333335,2,6.666666666666667,2.6333333333333333,1.5807874268505835,2.0,3.0,66.66666666666666,86.66666666666667,93.33333333333333,10,33.33333333333333,7,23.333333333333332,3,10.0,6,20.0,2,6.666666666666667,2,6.666666666666667,2.8333333333333335,1.654958878307521,2.5,2.75,70.0,83.33333333333334,86.66666666666667,8,26.666666666666668,7,23.333333333333332,6,20.0,4,13.333333333333334,1,3.3333333333333335,4,13.333333333333334,3.3333333333333335,1.8318175552045448,3.0,3.0,53.333333333333336,70.0,80.0,7,23.333333333333332,5,16.666666666666664,4,13.333333333333334,5,16.666666666666664,3,10.0,6,20.0
751,True,2.8,1.5143755588800731,2.0,2.0,70.0,86.66666666666667,90.0,6,20.0,10,33.33333333333333,5,16.666666666666664,5,16.666666666666664,1,3.3333333333333335,3,10.0,2.566666666666667,1.8381754238616315,2.0,2.75,73.33333333333333,80.0,83.33333333333334,12,40.0,8,26.666666666666668,2,6.666666666666667,2,6.666666666666667,1,3.3333333333333335,5,16.666666666666664,2.5,1.7272328544042153,2.0,2.0,80.0,80.0,86.66666666666667,11,36.666666666666664,9,30.0,4,13.333333333333334,0,0.0,2,6.666666666666667,4,13.333333333333334,2.8333333333333335,1.771690968789108,2.0,3.0,66.66666666666666,76.66666666666667,86.66666666666667,9,30.0,8,26.666666666666668,3,10.0,3,10.0,3,10.0,4,13.333333333333334
752,True,2.3333333333333335,1.3984117975602022,2.0,2.0,83.33333333333334,90.0,93.33333333333333,9,30.0,12,40.0,4,13.333333333333334,2,6.666666666666667,1,3.3333333333333335,2,6.666666666666667,2.1333333333333333,1.4996295838935991,2.0,1.0,83.33333333333334,86.66666666666667,93.33333333333333,13,43.333333333333336,11,36.666666666666664,1,3.3333333333333335,1,3.3333333333333335,2,6.666666666666667,2,6.666666666666667,2.466666666666667,1.746106780494506,2.0,2.75,73.33333333333333,83.33333333333334,86.66666666666667,12,40.0,9,30.0,1,3.3333333333333335,3,10.0,1,3.3333333333333335,4,13.333333333333334,2.7,1.8284784202536637,2.0,2.75,73.33333333333333,80.0,80.0,9,30.0,11,36.666666666666664,2,6.666666666666667,2,6.666666666666667,0,0.0,6,20.0
753,True,2.5,1.5,2.0,2.75,73.33333333333333,90.0,93.33333333333333,10,33.33333333333333,8,26.666666666666668,4,13.333333333333334,5,16.666666666666664,1,3.3333333333333335,2,6.666666666666667,2.2333333333333334,1.5849991237291654,1.5,2.75,73.33333333333333,90.0,93.33333333333333,15,50.0,6,20.0,1,3.3333333333333335,5,16.666666666666664,1,3.3333333333333335,2,6.666666666666667,2.3333333333333335,1.5986105077709065,2.0,2.75,73.33333333333333,86.66666666666667,93.33333333333333,13,43.333333333333336,8,26.666666666666668,1,3.3333333333333335,4,13.333333333333334,2,6.666666666666667,2,6.666666666666667,2.5,1.7654083569153813,2.0,3.0,66.66666666666666,83.33333333333334,90.0,14,46.666666666666664,5,16.666666666666664,1,3.3333333333333335,5,16.666666666666664,2,6.666666666666667,3,10.0
754,True,3.533333333333333,1.4313940369055924,4.0,1.0,46.666666666666664,80.0,86.66666666666667,3,10.0,4,13.333333333333334,7,23.333333333333332,10,33.33333333333333,2,6.666666666666667,4,13.333333333333334,2.7666666666666666,1.8199511592958264,2.0,3.0,63.33333333333333,80.0,86.66666666666667,12,40.0,4,13.333333333333334,3,10.0,5,16.666666666666664,2,6.666666666666667,4,13.333333333333334,2.8666666666666667,1.7269111795984824,3.0,3.0,63.33333333333333,83.33333333333334,86.66666666666667,10,33.33333333333333,4,13.333333333333334,5,16.666666666666664,6,20.0,1,3.3333333333333335,4,13.333333333333334,3.1333333333333333,1.746106780494506,3.0,2.0,60.0,76.66666666666667,83.33333333333334,7,23.333333333333332,6,20.0,5,16.666666666666664,5,16.666666666666664,2,6.666666666666667,5,16.666666666666664
755,True,2.6,1.3808210118138653,2.0,1.75,73.33333333333333,93.33333333333333,93.33333333333333,7,23.333333333333332,10,33.33333333333333,5,16.666666666666664,6,20.0,0,0.0,2,6.666666666666667,2.066666666666667,1.2892719737209146,2.0,1.0,83.33333333333334,93.33333333333333,96.66666666666667,12,40.0,12,40.0,1,3.3333333333333335,3,10.0,1,3.3333333333333335,1,3.3333333333333335,2.2666666666666666,1.5477582354991866,2.0,1.0,83.33333333333334,86.66666666666667,90.0,11,36.666666666666664,12,40.0,2,6.666666666666667,1,3.3333333333333335,1,3.3333333333333335,3,10.0,2.8333333333333335,1.654958878307521,2.0,2.0,70.0,80.0,86.66666666666667,6,20.0,12,40.0,3,10.0,3,10.0,2,6.666666666666667,4,13.333333333333334
756,True,3.033333333333333,1.3535960336164634,3.0,1.5,73.33333333333333,90.0,90.0,5,16.666666666666664,3,10.0,14,46.666666666666664,5,16.666666666666664,0,0.0,3,10.0,2.6,1.5620499351813308,2.0,2.75,73.33333333333333,90.0,90.0,10,33.33333333333333,6,20.0,6,20.0,5,16.666666666666664,0,0.0,3,10.0,2.6333333333333333,1.4487542541400487,2.5,3.0,70.0,93.33333333333333,93.33333333333333,9,30.0,6,20.0,6,20.0,7,23.333333333333332,0,0.0,2,6.666666666666667,2.7666666666666666,1.4985177861992682,3.0,2.75,70.0,86.66666666666667,93.33333333333333,8,26.666666666666668,6,20.0,7,23.333333333333332,5,16.666666666666664,2,6.666666666666667,2,6.666666666666667
757,True,2.933333333333333,1.569146972791976,3.0,2.75,66.66666666666666,80.0,93.33333333333333,8,26.666666666666668,4,13.333333333333334,8,26.666666666666668,4,13.333333333333334,4,13.333333333333334,2,6.666666666666667,2.2666666666666666,1.6918103387266028,1.0,2.0,76.66666666666667,86.66666666666667,90.0,16,53.333333333333336,4,13.333333333333334,3,10.0,3,10.0,1,3.3333333333333335,3,10.0,2.3333333333333335,1.757523510195209,1.0,2.75,73.33333333333333,83.33333333333334,90.0,16,53.333333333333336,4,13.333333333333334,2,6.666666666666667,3,10.0,2,6.666666666666667,3,10.0,2.8333333333333335,1.8454147380888546,2.0,3.0,56.666666666666664,80.0,86.66666666666667,12,40.0,4,13.333333333333334,1,3.3333333333333335,7,23.333333333333332,2,6.666666666666667,4,13.333333333333334
758,True,2.7666666666666666,1.406729856400613,3.0,1.0,83.33333333333334,86.66666666666667,90.0,5,16.666666666666664,9,30.0,11,36.666666666666664,1,3.3333333333333335,1,3.3333333333333335,3,10.0,2.4,1.6653327995729061,2.0,2.0,76.66666666666667,83.33333333333334,90.0,12,40.0,9,30.0,2,6.666666666666667,2,6.666666666666667,2,6.666666666666667,3,10.0,2.433333333333333,1.5849991237291652,2.0,2.75,73.33333333333333,86.66666666666667,93.33333333333333,12,40.0,7,23.333333333333332,3,10.0,4,13.333333333333334,2,6.666666666666667,2,6.666666666666667,3.1333333333333333,1.8024674446127702,2.5,2.75,63.33333333333333,73.33333333333333,80.0,6,20.0,9,30.0,4,13.333333333333334,3,10.0,2,6.666666666666667,6,20.0
759,True,3.3666666666666667,1.5595583420386112,3.0,2.75,53.333333333333336,73.33333333333333,90.0,5,16.666666666666664,4,13.333333333333334,7,23.333333333333332,6,20.0,5,16.666666666666664,3,10.0,2.7,1.656301099840646,2.5,2.0,76.66666666666667,80.0,90.0,10,33.33333333333333,5,16.666666666666664,8,26.666666666666668,1,3.3333333333333335,3,10.0,3,10.0,2.8,1.7204650534085255,2.5,3.0,70.0,76.66666666666667,90.0,10,33.33333333333333,5,16.666666666666664,6,20.0,2,6.666666666666667,4,13.333333333333334,3,10.0,3.1666666666666665,1.674979270186815,3.0,3.5,60.0,73.33333333333333,90.0,8,26.666666666666668,2,6.666666666666667,8,26.666666666666668,4,13.333333333333334,5,16.666666666666664,3,10.0
760,True,3.6,1.2806248474865698,3.0,1.0,56.666666666666664,76.66666666666667,86.66666666666667,0,0.0,6,20.0,11,36.666666666666664,6,20.0,3,10.0,4,13.333333333333334,2.933333333333333,1.8245242911205346,2.0,3.5,66.66666666666666,73.33333333333333,83.33333333333334,8,26.666666666666668,9,30.0,3,10.0,2,6.666666666666667,3,10.0,5,16.666666666666664,3.1666666666666665,1.93362066830309,2.0,3.0,63.33333333333333,66.66666666666666,76.66666666666667,7,23.333333333333332,9,30.0,3,10.0,1,3.3333333333333335,3,10.0,7,23.333333333333332,3.433333333333333,1.782943882708844,3.5,3.0,50.0,70.0,80.0,6,20.0,5,16.666666666666664,4,13.333333333333334,6,20.0,3,10.0,6,20.0
761,True,3.2666666666666666,1.3148721948877347,3.0,1.75,66.66666666666666,83.33333333333334,90.0,2,6.666666666666667,6,20.0,12,40.0,5,16.666666666666664,2,6.666666666666667,3,10.0,2.9,1.619670748434179,3.0,2.5,73.33333333333333,83.33333333333334,86.66666666666667,8,26.666666666666668,4,13.333333333333334,10,33.33333333333333,3,10.0,1,3.3333333333333335,4,13.333333333333334,2.966666666666667,1.601735170231195,3.0,2.0,70.0,83.33333333333334,86.66666666666667,7,23.333333333333332,5,16.666666666666664,9,30.0,4,13.333333333333334,1,3.3333333333333335,4,13.333333333333334,3.3666666666666667,1.6428295373802142,3.0,2.75,60.0,73.33333333333333,83.33333333333334,5,16.666666666666664,4,13.333333333333334,9,30.0,4,13.333333333333334,3,10.0,5,16.666666666666664
762,True,2.5,1.5652475842498528,2.0,2.0,80.0,86.66666666666667,90.0,10,33.33333333333333,8,26.666666666666668,6,20.0,2,6.666666666666667,1,3.3333333333333335,3,10.0,2.1666666666666665,1.6947631758514883,1.0,2.0,80.0,86.66666666666667,90.0,18,60.0,2,6.666666666666667,4,13.333333333333334,2,6.666666666666667,1,3.3333333333333335,3,10.0,2.2,1.6613247725836149,1.5,2.0,86.66666666666667,86.66666666666667,86.66666666666667,15,50.0,6,20.0,5,16.666666666666664,0,0.0,0,0.0,4,13.333333333333334,2.3,1.4410644214144859,2.0,2.0,83.33333333333334,93.33333333333333,93.33333333333333,13,43.333333333333336,4,13.333333333333334,8,26.666666666666668,3,10.0,0,0.0,2,6.666666666666667
763,True,2.533333333333333,1.4313940369055926,2.0,1.75,76.66666666666667,90.0,93.33333333333333,8,26.666666666666668,10,33.33333333333333,5,16.666666666666664,4,13.333333333333334,1,3.3333333333333335,2,6.666666666666667,2.433333333333333,1.6058919293927871,2.0,2.0,76.66666666666667,86.66666666666667,90.0,11,36.666666666666664,9,30.0,3,10.0,3,10.0,1,3.3333333333333335,3,10.0,2.7,1.8284784202536637,2.0,3.0,70.0,80.0,83.33333333333334,11,36.666666666666664,7,23.333333333333332,3,10.0,3,10.0,1,3.3333333333333335,5,16.666666666666664,2.8333333333333335,1.6947631758514878,2.0,2.75,70.0,80.0,86.66666666666667,8,26.666666666666668,8,26.666666666666668,5,16.666666666666664,3,10.0,2,6.666666666666667,4,13.333333333333334
764,True,2.533333333333333,1.384035966135113,2.0,2.0,76.66666666666667,90.0,96.66666666666667,9,30.0,7,23.333333333333332,7,23.333333333333332,4,13.333333333333334,2,6.666666666666667,1,3.3333333333333335,2.3333333333333335,1.5563490039905006,2.0,2.0,80.0,90.0,90.0,12,40.0,8,26.666666666666668,4,13.333333333333334,3,10.0,0,0.0,3,10.0,2.533333333333333,1.5860503004493758,2.0,2.75,73.33333333333333,90.0,90.0,11,36.666666666666664,6,20.0,5,16.666666666666664,5,16.666666666666664,0,0.0,3,10.0,2.6,1.6852299546352718,2.0,2.75,73.33333333333333,86.66666666666667,86.66666666666667,11,36.666666666666664,6,20.0,5,16.666666666666664,4,13.333333333333334,0,0.0,4,13.333333333333334
765,True,3.1333333333333333,1.4544949486180954,3.0,2.0,60.0,83.33333333333334,90.0,3,10.0,10,33.33333333333333,5,16.666666666666664,7,23.333333333333332,2,6.666666666666667,3,10.0,2.8,1.3515423288475528,2.5,1.0,76.66666666666667,86.66666666666667,93.33333333333333,4,13.333333333333334,11,36.666666666666664,8,26.666666666666668,3,10.0,2,6.666666666666667,2,6.666666666666667,2.8333333333333335,1.3682917167849196,2.5,1.75,73.33333333333333,86.66666666666667,93.33333333333333,4,13.333333333333334,11,36.666666666666664,7,23.333333333333332,4,13.333333333333334,2,6.666666666666667,2,6.666666666666667,3.033333333333333,1.4255603186895398,3.0,2.0,70.0,83.33333333333334,90.0,3,10.0,10,33.33333333333333,8,26.666666666666668,4,13.333333333333334,2,6.666666666666667,3,10.0
766,True,2.6,1.3564659966250536,2.0,1.0,80.0,86.66666666666667,96.66666666666667,7,23.333333333333332,9,30.0,8,26.666666666666668,2,6.666666666666667,3,10.0,1,3.3333333333333335,2.2,1.4236104336041748,2.0,2.0,86.66666666666667,90.0,93.33333333333333,12,40.0,9,30.0,5,16.666666666666664,1,3.3333333333333335,1,3.3333333333333335,2,6.666666666666667,2.3666666666666667,1.682920741515245,2.0,2.0,83.33333333333334,83.33333333333334,86.66666666666667,12,40.0,9,30.0,4,13.333333333333334,0,0.0,1,3.3333333333333335,4,13.333333333333334,2.9,1.8502252115170557,2.5,3.75,70.0,73.33333333333333,83.33333333333334,10,33.33333333333333,5,16.666666666666664,6,20.0,1,3.3333333333333335,3,10.0,5,16.666666666666664
767,True,3.2,1.7009801096230766,3.0,2.0,60.0,76.66666666666667,83.33333333333334,6,20.0,6,20.0,6,20.0,5,16.666666666666664,2,6.666666666666667,5,16.666666666666664,2.7,1.715614564327703,2.0,3.0,70.0,80.0,90.0,11,36.666666666666664,5,16.666666666666664,5,16.666666666666664,3,10.0,3,10.0,3,10.0,2.8333333333333335,1.694763175851488,2.5,3.0,70.0,76.66666666666667,90.0,9,30.0,6,20.0,6,20.0,2,6.666666666666667,4,13.333333333333334,3,10.0,3.1333333333333333,1.8208667044996887,3.0,3.75,53.333333333333336,73.33333333333333,86.66666666666667,10,33.33333333333333,2,6.666666666666667,4,13.333333333333334,6,20.0,4,13.333333333333334,4,13.333333333333334
768,True,2.9,1.57797338380595,2.5,2.0,70.0,80.0,90.0,6,20.0,9,30.0,6,20.0,3,10.0,3,10.0,3,10.0,2.466666666666667,1.627540748764494,2.0,2.0,76.66666666666667,80.0,93.33333333333333,11,36.666666666666664,9,30.0,3,10.0,1,3.3333333333333335,4,13.333333333333334,2,6.666666666666667,2.433333333333333,1.5423647068345698,2.0,2.0,80.0,83.33333333333334,93.33333333333333,10,33.33333333333333,10,33.33333333333333,4,13.333333333333334,1,3.3333333333333335,3,10.0,2,6.666666666666667,2.6,1.5832456116050557,2.0,2.0,76.66666666666667,80.0,93.33333333333333,9,30.0,9,30.0,5,16.666666666666664,1,3.3333333333333335,4,13.333333333333334,2,6.666666666666667
769,True,2.8666666666666667,1.4079141387961918,3.0,1.75,73.33333333333333,90.0,90.0,5,16.666666666666664,8,26.666666666666668,9,30.0,5,16.666666666666664,0,0.0,3,10.0,2.433333333333333,1.5423647068345698,2.0,2.0,80.0,90.0,90.0,11,36.666666666666664,7,23.333333333333332,6,20.0,3,10.0,0,0.0,3,10.0,2.6666666666666665,1.7191729277636836,2.0,2.75,73.33333333333333,83.33333333333334,86.66666666666667,11,36.666666666666664,5,16.666666666666664,6,20.0,3,10.0,1,3.3333333333333335,4,13.333333333333334,2.933333333333333,1.8607047649270485,2.0,3.0,66.66666666666666,76.66666666666667,80.0,9,30.0,7,23.333333333333332,4,13.333333333333334,3,10.0,1,3.3333333333333335,6,20.0
770,True,1.8,1.0456258094238748,1.0,1.0,86.66666666666667,100.0,100.0,16,53.333333333333336,8,26.666666666666668,2,6.666666666666667,4,13.333333333333334,0,0.0,0,0.0,1.8333333333333333,1.5509853498842456,1.0,1.0,86.66666666666667,90.0,90.0,20,66.66666666666666,5,16.666666666666664,1,3.3333333333333335,1,3.3333333333333335,0,0.0,3,10.0,1.9,1.5567059238447487,1.0,1.0,86.66666666666667,90.0,90.0,19,63.33333333333333,5,16.666666666666664,2,6.666666666666667,1,3.3333333333333335,0,0.0,3,10.0,2.6666666666666665,1.9720265943665385,1.5,3.0,63.33333333333333,76.66666666666667,83.33333333333334,15,50.0,3,10.0,1,3.3333333333333335,4,13.333333333333334,2,6.666666666666667,5,16.666666666666664
771,True,2.966666666666667,1.601735170231195,3.0,2.75,63.33333333333333,83.33333333333334,90.0,8,26.666666666666668,4,13.333333333333334,7,23.333333333333332,6,20.0,2,6.666666666666667,3,10.0,2.7,1.5737428845483834,2.5,2.75,73.33333333333333,86.66666666666667,90.0,9,30.0,6,20.0,7,23.333333333333332,4,13.333333333333334,1,3.3333333333333335,3,10.0,2.7666666666666666,1.6058919293927874,2.5,3.0,66.66666666666666,86.66666666666667,90.0,9,30.0,6,20.0,5,16.666666666666664,6,20.0,1,3.3333333333333335,3,10.0,2.9,1.57797338380595,3.0,2.75,63.33333333333333,86.66666666666667,90.0,8,26.666666666666668,5,16.666666666666664,6,20.0,7,23.333333333333332,1,3.3333333333333335,3,10.0
772,True,3.1333333333333333,1.4544949486180951,3.0,2.0,60.0,86.66666666666667,90.0,5,16.666666666666664,5,16.666666666666664,8,26.666666666666668,8,26.666666666666668,1,3.3333333333333335,3,10.0,2.6666666666666665,1.679947089113887,2.0,2.0,76.66666666666667,83.33333333333334,86.66666666666667,10,33.33333333333333,6,20.0,7,23.333333333333332,2,6.666666666666667,1,3.3333333333333335,4,13.333333333333334,2.8,1.758787461103056,2.0,3.0,66.66666666666666,80.0,86.66666666666667,10,33.33333333333333,6,20.0,4,13.333333333333334,4,13.333333333333334,2,6.666666666666667,4,13.333333333333334,2.9,1.5989579940281942,3.0,2.75,66.66666666666666,83.33333333333334,90.0,8,26.666666666666668,5,16.666666666666664,7,23.333333333333332,5,16.666666666666664,2,6.666666666666667,3,10.0
773,True,2.8,1.351542328847553,2.5,2.0,60.0,93.33333333333333,96.66666666666667,6,20.0,9,30.0,3,10.0,10,33.33333333333333,1,3.3333333333333335,1,3.3333333333333335,2.6666666666666665,1.7950549357115013,2.0,3.0,70.0,83.33333333333334,83.33333333333334,11,36.666666666666664,7,23.333333333333332,3,10.0,4,13.333333333333334,0,0.0,5,16.666666666666664,2.6666666666666665,1.6599866130651642,2.0,3.0,63.33333333333333,86.66666666666667,90.0,10,33.33333333333333,8,26.666666666666668,1,3.3333333333333335,7,23.333333333333332,1,3.3333333333333335,3,10.0,3.1333333333333333,1.687865186822955,3.0,2.0,53.333333333333336,80.0,86.66666666666667,7,23.333333333333332,6,20.0,3,10.0,8,26.666666666666668,2,6.666666666666667,4,13.333333333333334
774,True,2.6666666666666665,1.5129074290546956,3.0,3.0,70.0,90.0,93.33333333333333,10,33.33333333333333,4,13.333333333333334,7,23.333333333333332,6,20.0,1,3.3333333333333335,2,6.666666666666667,2.2666666666666666,1.569146972791976,2.0,2.0,83.33333333333334,90.0,90.0,14,46.666666666666664,5,16.666666666666664,6,20.0,2,6.666666666666667,0,0.0,3,10.0,2.3666666666666667,1.6224124698183944,2.0,2.0,80.0,86.66666666666667,90.0,13,43.333333333333336,6,20.0,5,16.666666666666664,2,6.666666666666667,1,3.3333333333333335,3,10.0,3.033333333333333,1.87053171287976,3.0,3.75,66.66666666666666,73.33333333333333,80.0,9,30.0,5,16.666666666666664,6,20.0,2,6.666666666666667,2,6.666666666666667,6,20.0
775,True,2.3666666666666667,1.1967548714010827,2.0,1.0,90.0,93.33333333333333,93.33333333333333,5,16.666666666666664,16,53.333333333333336,6,20.0,1,3.3333333333333335,0,0.0,2,6.666666666666667,2.2,1.2489995996796797,2.0,0.75,90.0,93.33333333333333,93.33333333333333,8,26.666666666666668,15,50.0,4,13.333333333333334,1,3.3333333333333335,0,0.0,2,6.666666666666667,2.4,1.3063945294843615,2.0,1.0,86.66666666666667,90.0,93.33333333333333,6,20.0,15,50.0,5,16.666666666666664,1,3.3333333333333335,1,3.3333333333333335,2,6.666666666666667,2.5,1.3601470508735443,2.0,1.0,86.66666666666667,90.0,90.0,5,16.666666666666664,15,50.0,6,20.0,1,3.3333333333333335,0,0.0,3,10.0
776,True,3.2333333333333334,1.382831234179436,3.0,2.0,70.0,83.33333333333334,86.66666666666667,2,6.666666666666667,7,23.333333333333332,12,40.0,4,13.333333333333334,1,3.3333333333333335,4,13.333333333333334,2.7333333333333334,1.5040685563571303,2.0,1.0,80.0,83.33333333333334,90.0,6,20.0,10,33.33333333333333,8,26.666666666666668,1,3.3333333333333335,2,6.666666666666667,3,10.0,2.7666666666666666,1.4761059883656353,2.0,1.0,80.0,83.33333333333334,90.0,5,16.666666666666664,11,36.666666666666664,8,26.666666666666668,1,3.3333333333333335,2,6.666666666666667,3,10.0,3.1,1.468559384794046,3.0,1.75,73.33333333333333,76.66666666666667,90.0,3,10.0,9,30.0,10,33.33333333333333,1,3.3333333333333335,4,13.333333333333334,3,10.0
777,True,2.033333333333333,1.2242911781471304,2.0,2.0,93.33333333333333,93.33333333333333,96.66666666666667,13,43.333333333333336,8,26.666666666666668,7,23.333333333333332,0,0.0,1,3.3333333333333335,1,3.3333333333333335,2.066666666666667,1.6316317667360556,1.0,1.0,83.33333333333334,86.66666666666667,90.0,17,56.666666666666664,6,20.0,2,6.666666666666667,1,3.3333333333333335,1,3.3333333333333335,3,10.0,2.033333333333333,1.5595583420386114,1.0,1.0,83.33333333333334,86.66666666666667,93.33333333333333,17,56.666666666666664,6,20.0,2,6.666666666666667,1,3.3333333333333335,2,6.666666666666667,2,6.666666666666667,2.7,1.7916472867168918,2.0,2.75,73.33333333333333,76.66666666666667,86.66666666666667,11,36.666666666666664,6,20.0,5,16.666666666666664,1,3.3333333333333335,3,10.0,4,13.333333333333334
778,True,2.3333333333333335,1.3249737942901194,2.0,1.75,83.33333333333334,93.33333333333333,93.33333333333333,8,26.666666666666668,13,43.333333333333336,4,13.333333333333334,3,10.0,0,0.0,2,6.666666666666667,2.3,1.676305461424021,2.0,1.0,83.33333333333334,83.33333333333334,86.66666666666667,12,40.0,11,36.666666666666664,2,6.666666666666667,0,0.0,1,3.3333333333333335,4,13.333333333333334,2.3333333333333335,1.5986105077709065,2.0,2.0,80.0,86.66666666666667,90.0,12,40.0,9,30.0,3,10.0,2,6.666666666666667,1,3.3333333333333335,3,10.0,2.6666666666666665,1.5129074290546958,2.0,1.0,80.0,83.33333333333334,90.0,6,20.0,12,40.0,6,20.0,1,3.3333333333333335,2,6.666666666666667,3,10.0
779,True,2.2333333333333334,1.1455226851626388,2.0,2.0,90.0,96.66666666666667,96.66666666666667,9,30.0,10,33.33333333333333,8,26.666666666666668,2,6.666666666666667,0,0.0,1,3.3333333333333335,2.2666666666666666,1.4590712418826193,2.0,1.75,86.66666666666667,90.0,90.0,10,33.33333333333333,12,40.0,4,13.333333333333334,1,3.3333333333333335,0,0.0,3,10.0,2.2,1.2489995996796797,2.0,2.0,86.66666666666667,93.33333333333333,96.66666666666667,10,33.33333333333333,11,36.666666666666664,5,16.666666666666664,2,6.666666666666667,1,3.3333333333333335,1,3.3333333333333335,2.8,1.6206994374857624,2.0,1.75,73.33333333333333,83.33333333333334,86.66666666666667,7,23.333333333333332,9,30.0,6,20.0,3,10.0,1,3.3333333333333335,4,13.333333333333334
780,True,2.533333333333333,1.1175369742826808,2.0,1.0,83.33333333333334,96.66666666666667,96.66666666666667,5,16.666666666666664,11,36.666666666666664,9,30.0,4,13.333333333333334,0,0.0,1,3.3333333333333335,2.5,1.648231375343482,2.0,2.0,80.0,86.66666666666667,86.66666666666667,11,36.666666666666664,7,23.333333333333332,6,20.0,2,6.666666666666667,0,0.0,4,13.333333333333334,2.533333333333333,1.6679994670929073,2.0,2.0,76.66666666666667,86.66666666666667,86.66666666666667,11,36.666666666666664,7,23.333333333333332,5,16.666666666666664,3,10.0,0,0.0,4,13.333333333333334,2.933333333333333,1.730767331432956,3.0,2.75,70.0,80.0,83.33333333333334,8,26.666666666666668,6,20.0,7,23.333333333333332,3,10.0,1,3.3333333333333335,5,16.666666666666664
781,True,3.1666666666666665,1.4395215254459455,3.0,2.0,60.0,80.0,93.33333333333333,4,13.333333333333334,7,23.333333333333332,7,23.333333333333332,6,20.0,4,13.333333333333334,2,6.666666666666667,2.7333333333333334,1.6918103387266026,2.0,3.0,70.0,80.0,90.0,10,33.33333333333333,6,20.0,5,16.666666666666664,3,10.0,3,10.0,3,10.0,2.933333333333333,1.7688665548562132,2.5,3.0,63.33333333333333,76.66666666666667,86.66666666666667,9,30.0,6,20.0,4,13.333333333333334,4,13.333333333333334,3,10.0,4,13.333333333333334,3.4,1.7813852287849852,3.0,2.75,53.333333333333336,73.33333333333333,76.66666666666667,5,16.666666666666664,7,23.333333333333332,4,13.333333333333334,6,20.0,1,3.3333333333333335,7,23.333333333333332
782,True,3.1666666666666665,1.4624940645653537,3.0,2.0,63.33333333333333,76.66666666666667,93.33333333333333,4,13.333333333333334,7,23.333333333333332,8,26.666666666666668,4,13.333333333333334,5,16.666666666666664,2,6.666666666666667,2.6333333333333333,1.8526257642120336,2.0,2.0,76.66666666666667,76.66666666666667,83.33333333333334,12,40.0,6,20.0,5,16.666666666666664,0,0.0,2,6.666666666666667,5,16.666666666666664,3.033333333333333,2.1367160680716464,2.0,4.75,63.33333333333333,63.33333333333333,73.33333333333333,12,40.0,5,16.666666666666664,2,6.666666666666667,0,0.0,3,10.0,8,26.666666666666668,3.2666666666666666,1.8427033281447003,3.0,3.0,56.666666666666664,70.0,80.0,7,23.333333333333332,6,20.0,4,13.333333333333334,4,13.333333333333334,3,10.0,6,20.0
783,True,3.1666666666666665,1.6141733350404335,3.0,2.0,56.666666666666664,80.0,86.66666666666667,5,16.666666666666664,8,26.666666666666668,4,13.333333333333334,7,23.333333333333332,2,6.666666666666667,4,13.333333333333334,2.6666666666666665,1.6599866130651644,2.0,2.75,73.33333333333333,80.0,90.0,9,30.0,9,30.0,4,13.333333333333334,2,6.666666666666667,3,10.0,3,10.0,2.7,1.676305461424021,2.0,3.0,70.0,80.0,90.0,9,30.0,9,30.0,3,10.0,3,10.0,3,10.0,3,10.0,3.066666666666667,1.7499206331208916,2.5,2.75,66.66666666666666,73.33333333333333,83.33333333333334,6,20.0,9,30.0,5,16.666666666666664,2,6.666666666666667,3,10.0,5,16.666666666666664
784,True,2.3666666666666667,1.3287420951996498,2.0,2.0,80.0,93.33333333333333,96.66666666666667,10,33.33333333333333,8,26.666666666666668,6,20.0,4,13.333333333333334,1,3.3333333333333335,1,3.3333333333333335,2.1,1.5567059238447487,1.5,1.0,83.33333333333334,90.0,90.0,15,50.0,8,26.666666666666668,2,6.666666666666667,2,6.666666666666667,0,0.0,3,10.0,2.1333333333333333,1.3097921802925667,2.0,1.75,83.33333333333334,93.33333333333333,96.66666666666667,12,40.0,10,33.33333333333333,3,10.0,3,10.0,1,3.3333333333333335,1,3.3333333333333335,2.7333333333333334,1.7688665548562132,2.0,3.0,70.0,83.33333333333334,83.33333333333334,10,33.33333333333333,7,23.333333333333332,4,13.333333333333334,4,13.333333333333334,0,0.0,5,16.666666666666664
785,True,2.7666666666666666,1.7451520150277897,2.0,3.0,70.0,80.0,86.66666666666667,10,33.33333333333333,6,20.0,5,16.666666666666664,3,10.0,2,6.666666666666667,4,13.333333333333334,2.2666666666666666,1.6519348924485155,2.0,1.75,76.66666666666667,86.66666666666667,90.0,14,46.666666666666664,8,26.666666666666668,1,3.3333333333333335,3,10.0,1,3.3333333333333335,3,10.0,2.2666666666666666,1.4126413400278062,2.0,2.0,76.66666666666667,93.33333333333333,96.66666666666667,13,43.333333333333336,6,20.0,4,13.333333333333334,5,16.666666666666664,1,3.3333333333333335,1,3.3333333333333335,2.533333333333333,1.8208667044996885,2.0,2.75,73.33333333333333,83.33333333333334,83.33333333333334,13,43.333333333333336,6,20.0,3,10.0,3,10.0,0,0.0,5,16.666666666666664
786,True,2.8,1.3515423288475528,3.0,2.0,70.0,90.0,96.66666666666667,7,23.333333333333332,5,16.666666666666664,9,30.0,6,20.0,2,6.666666666666667,1,3.3333333333333335,2.6,1.624807680927192,2.0,2.75,73.33333333333333,86.66666666666667,90.0,11,36.666666666666664,5,16.666666666666664,6,20.0,4,13.333333333333334,1,3.3333333333333335,3,10.0,2.7,1.6960738977611403,2.0,2.75,73.33333333333333,83.33333333333334,86.66666666666667,10,33.33333333333333,6,20.0,6,20.0,3,10.0,1,3.3333333333333335,4,13.333333333333334,3.066666666666667,1.730767331432956,3.0,3.0,56.666666666666664,80.0,86.66666666666667,9,30.0,3,10.0,5,16.666666666666664,7,23.333333333333332,2,6.666666666666667,4,13.333333333333334
787,True,2.8333333333333335,1.5723301886761007,3.0,1.75,73.33333333333333,86.66666666666667,86.66666666666667,7,23.333333333333332,7,23.333333333333332,8,26.666666666666668,4,13.333333333333334,0,0.0,4,13.333333333333334,2.5,1.52206000757745,2.0,2.0,80.0,90.0,90.0,10,33.33333333333333,7,23.333333333333332,7,23.333333333333332,3,10.0,0,0.0,3,10.0,2.533333333333333,1.4996295838935991,2.0,2.0,80.0,90.0,90.0,9,30.0,8,26.666666666666668,7,23.333333333333332,3,10.0,0,0.0,3,10.0,3.1333333333333333,1.6069294390925268,3.0,2.0,70.0,76.66666666666667,86.66666666666667,6,20.0,4,13.333333333333334,11,36.666666666666664,2,6.666666666666667,3,10.0,4,13.333333333333334
788,True,2.966666666666667,1.6629959577688562,3.0,2.0,66.66666666666666,80.0,86.66666666666667,7,23.333333333333332,7,23.333333333333332,6,20.0,4,13.333333333333334,2,6.666666666666667,4,13.333333333333334,2.5,1.5864005379054391,2.0,2.0,80.0,80.0,93.33333333333333,10,33.33333333333333,9,30.0,5,16.666666666666664,0,0.0,4,13.333333333333334,2,6.666666666666667,2.5,1.5438048235879214,2.0,2.75,73.33333333333333,86.66666666666667,93.33333333333333,10,33.33333333333333,9,30.0,3,10.0,4,13.333333333333334,2,6.666666666666667,2,6.666666666666667,2.966666666666667,1.682920741515245,3.0,2.75,63.33333333333333,76.66666666666667,90.0,8,26.666666666666668,6,20.0,5,16.666666666666664,4,13.333333333333334,4,13.333333333333334,3,10.0
789,True,2.7333333333333334,1.590248058916875,2.5,1.75,76.66666666666667,86.66666666666667,86.66666666666667,8,26.666666666666668,7,23.333333333333332,8,26.666666666666668,3,10.0,0,0.0,4,13.333333333333334,2.3,1.4866068747318506,2.0,2.0,86.66666666666667,90.0,90.0,11,36.666666666666664,9,30.0,6,20.0,1,3.3333333333333335,0,0.0,3,10.0,2.2666666666666666,1.2364824660660938,2.0,2.0,90.0,93.33333333333333,96.66666666666667,10,33.33333333333333,8,26.666666666666668,9,30.0,1,3.3333333333333335,1,3.3333333333333335,1,3.3333333333333335,2.7666666666666666,1.6058919293927874,2.5,1.75,76.66666666666667,80.0,90.0,8,26.666666666666668,7,23.333333333333332,8,26.666666666666668,1,3.3333333333333335,3,10.0,3,10.0
790,True,2.4,1.42828568570857,2.0,2.0,80.0,93.33333333333333,93.33333333333333,11,36.666666666666664,6,20.0,7,23.333333333333332,4,13.333333333333334,0,0.0,2,6.666666666666667,2.1666666666666665,1.4851112939963644,2.0,2.0,83.33333333333334,90.0,93.33333333333333,14,46.666666666666664,7,23.333333333333332,4,13.333333333333334,2,6.666666666666667,1,3.3333333333333335,2,6.666666666666667,2.1666666666666665,1.4395215254459457,2.0,2.0,83.33333333333334,93.33333333333333,93.33333333333333,14,46.666666666666664,6,20.0,5,16.666666666666664,3,10.0,0,0.0,2,6.666666666666667,2.7333333333333334,1.7499206331208919,2.0,2.75,73.33333333333333,83.33333333333334,83.33333333333334,10,33.33333333333333,6,20.0,6,20.0,3,10.0,0,0.0,5,16.666666666666664
791,True,2.433333333333333,1.4067298564006128,2.0,1.0,86.66666666666667,90.0,90.0,7,23.333333333333332,13,43.333333333333336,6,20.0,1,3.3333333333333335,0,0.0,3,10.0,2.1,1.1647603473104098,2.0,1.0,86.66666666666667,96.66666666666667,96.66666666666667,10,33.33333333333333,13,43.333333333333336,3,10.0,3,10.0,0,0.0,1,3.3333333333333335,2.1666666666666665,1.3186693629901656,2.0,1.0,86.66666666666667,93.33333333333333,93.33333333333333,10,33.33333333333333,13,43.333333333333336,3,10.0,2,6.666666666666667,0,0.0,2,6.666666666666667,2.2,1.2220201853215573,2.0,1.75,86.66666666666667,93.33333333333333,96.66666666666667,9,30.0,13,43.333333333333336,4,13.333333333333334,2,6.666666666666667,1,3.3333333333333335,1,3.3333333333333335
792,True,2.3666666666666667,1.5595583420386112,2.0,2.0,80.0,90.0,90.0,12,40.0,7,23.333333333333332,5,16.666666666666664,3,10.0,0,0.0,3,10.0,2.066666666666667,1.5260697523012796,1.5,1.0,86.66666666666667,90.0,90.0,15,50.0,8,26.666666666666668,3,10.0,1,3.3333333333333335,0,0.0,3,10.0,2.2666666666666666,1.730767331432956,1.5,2.0,83.33333333333334,83.33333333333334,86.66666666666667,15,50.0,6,20.0,4,13.333333333333334,0,0.0,1,3.3333333333333335,4,13.333333333333334,2.533333333333333,1.8208667044996885,2.0,2.0,76.66666666666667,76.66666666666667,86.66666666666667,13,43.333333333333336,6,20.0,4,13.333333333333334,0,0.0,3,10.0,4,13.333333333333334
793,True,3.2,1.6206994374857626,3.0,2.0,66.66666666666666,76.66666666666667,83.33333333333334,4,13.333333333333334,8,26.666666666666668,8,26.666666666666668,3,10.0,2,6.666666666666667,5,16.666666666666664,2.466666666666667,1.4996295838935991,2.0,2.0,80.0,86.66666666666667,93.33333333333333,10,33.33333333333333,8,26.666666666666668,6,20.0,2,6.666666666666667,2,6.666666666666667,2,6.666666666666667,2.533333333333333,1.564892612574067,2.0,2.0,80.0,86.66666666666667,90.0,10,33.33333333333333,7,23.333333333333332,7,23.333333333333332,2,6.666666666666667,1,3.3333333333333335,3,10.0,2.8,1.6,2.0,1.75,73.33333333333333,80.0,90.0,7,23.333333333333332,9,30.0,6,20.0,2,6.666666666666667,3,10.0,3,10.0
794,True,3.0,1.3662601021279464,3.0,2.0,60.0,93.33333333333333,93.33333333333333,6,20.0,4,13.333333333333334,8,26.666666666666668,10,33.33333333333333,0,0.0,2,6.666666666666667,2.6333333333333333,1.5162087220725546,2.0,3.0,66.66666666666666,86.66666666666667,96.66666666666667,10,33.33333333333333,6,20.0,4,13.333333333333334,6,20.0,3,10.0,1,3.3333333333333335,2.8666666666666667,1.586050300449376,3.0,2.75,66.66666666666666,80.0,93.33333333333333,8,26.666666666666668,6,20.0,6,20.0,4,13.333333333333334,4,13.333333333333334,2,6.666666666666667,3.1333333333333333,1.7269111795984828,3.0,2.0,56.666666666666664,80.0,83.33333333333334,7,23.333333333333332,6,20.0,4,13.333333333333334,7,23.333333333333332,1,3.3333333333333335,5,16.666666666666664
795,True,2.8333333333333335,1.6549588783075213,2.5,3.0,63.33333333333333,83.33333333333334,90.0,9,30.0,6,20.0,4,13.333333333333334,6,20.0,2,6.666666666666667,3,10.0,2.3,1.6155494421403511,2.0,2.0,76.66666666666667,90.0,90.0,14,46.666666666666664,6,20.0,3,10.0,4,13.333333333333334,0,0.0,3,10.0,2.4,1.7243356208503418,2.0,2.75,73.33333333333333,83.33333333333334,90.0,14,46.666666666666664,6,20.0,2,6.666666666666667,3,10.0,2,6.666666666666667,3,10.0,3.066666666666667,1.8427033281447003,3.0,3.75,60.0,73.33333333333333,83.33333333333334,9,30.0,5,16.666666666666664,4,13.333333333333334,4,13.333333333333334,3,10.0,5,16.666666666666664
796,True,3.1,1.445683229480096,3.0,2.0,66.66666666666666,86.66666666666667,86.66666666666667,3,10.0,9,30.0,8,26.666666666666668,6,20.0,0,0.0,4,13.333333333333334,2.6666666666666665,1.8135294011647258,2.0,3.0,70.0,83.33333333333334,83.33333333333334,12,40.0,5,16.666666666666664,4,13.333333333333334,4,13.333333333333334,0,0.0,5,16.666666666666664,2.6,1.5187714333192688,2.0,3.0,70.0,90.0,93.33333333333333,10,33.33333333333333,6,20.0,5,16.666666666666664,6,20.0,1,3.3333333333333335,2,6.666666666666667,3.1,1.5567059238447487,3.0,2.0,60.0,86.66666666666667,86.66666666666667,6,20.0,5,16.666666666666664,7,23.333333333333332,8,26.666666666666668,0,0.0,4,13.333333333333334
797,True,2.5,1.1474609652039003,2.5,1.0,90.0,93.33333333333333,96.66666666666667,6,20.0,9,30.0,12,40.0,1,3.3333333333333335,1,3.3333333333333335,1,3.3333333333333335,2.4,1.5620499351813308,2.0,2.0,83.33333333333334,86.66666666666667,90.0,11,36.666666666666664,8,26.666666666666668,6,20.0,1,3.3333333333333335,1,3.3333333333333335,3,10.0,2.4,1.540562667772179,2.0,2.0,86.66666666666667,86.66666666666667,90.0,11,36.666666666666664,7,23.333333333333332,8,26.666666666666668,0,0.0,1,3.3333333333333335,3,10.0,3.066666666666667,2.0154955277107964,2.5,4.75,66.66666666666666,70.0,73.33333333333333,10,33.33333333333333,5,16.666666666666664,5,16.666666666666664,1,3.3333333333333335,1,3.3333333333333335,8,26.666666666666668
798,True,2.5,1.648231375343482,2.0,2.0,80.0,86.66666666666667,86.66666666666667,11,36.666666666666664,7,23.333333333333332,6,20.0,2,6.666666666666667,0,0.0,4,13.333333333333334,2.2333333333333334,1.5423647068345696,2.0,2.0,83.33333333333334,90.0,90.0,13,43.333333333333336,8,26.666666666666668,4,13.333333333333334,2,6.666666666666667,0,0.0,3,10.0,2.3666666666666667,1.6629959577688562,2.0,2.0,83.33333333333334,86.66666666666667,86.66666666666667,13,43.333333333333336,6,20.0,6,20.0,1,3.3333333333333335,0,0.0,4,13.333333333333334,2.533333333333333,1.7650936393164969,2.0,2.0,76.66666666666667,80.0,86.66666666666667,12,40.0,7,23.333333333333332,4,13.333333333333334,1,3.3333333333333335,2,6.666666666666667,4,13.333333333333334
799,True,2.7666666666666666,1.4302291968616625,2.5,1.75,73.33333333333333,86.66666666666667,93.33333333333333,6,20.0,9,30.0,7,23.333333333333332,4,13.333333333333334,2,6.666666666666667,2,6.666666666666667,2.466666666666667,1.6478942792411035,2.0,3.0,70.0,90.0,90.0,13,43.333333333333336,5,16.666666666666664,3,10.0,6,20.0,0,0.0,3,10.0,2.6,1.7243356208503418,2.0,2.75,73.33333333333333,83.33333333333334,86.66666666666667,11,36.666666666666664,7,23.333333333333332,4,13.333333333333334,3,10.0,1,3.3333333333333335,4,13.333333333333334,2.6333333333333333,1.5807874268505835,2.0,3.0,70.0,90.0,90.0,10,33.33333333333333,6,20.0,5,16.666666666666664,6,20.0,0,0.0,3,10.0
800,True,2.6,1.451436070471816,2.0,1.0,80.0,90.0,90.0,7,23.333333333333332,10,33.33333333333333,7,23.333333333333332,3,10.0,0,0.0,3,10.0,2.2666666666666666,1.569146972791976,2.0,1.75,76.66666666666667,86.66666666666667,93.33333333333333,13,43.333333333333336,9,30.0,1,3.3333333333333335,3,10.0,2,6.666666666666667,2,6.666666666666667,2.3666666666666667,1.6224124698183944,2.0,1.75,80.0,83.33333333333334,90.0,11,36.666666666666664,11,36.666666666666664,2,6.666666666666667,1,3.3333333333333335,2,6.666666666666667,3,10.0,2.966666666666667,1.8882678717691395,2.0,3.5,63.33333333333333,73.33333333333333,80.0,8,26.666666666666668,10,33.33333333333333,1,3.3333333333333335,3,10.0,2,6.666666666666667,6,20.0
801,True,3.066666666666667,1.4817407180595246,3.0,2.0,70.0,80.0,90.0,4,13.333333333333334,8,26.666666666666668,9,30.0,3,10.0,3,10.0,3,10.0,2.466666666666667,1.627540748764494,2.0,2.0,76.66666666666667,86.66666666666667,90.0,12,40.0,6,20.0,5,16.666666666666664,3,10.0,1,3.3333333333333335,3,10.0,2.6666666666666665,1.7384539747207064,2.0,2.75,73.33333333333333,80.0,86.66666666666667,10,33.33333333333333,8,26.666666666666668,4,13.333333333333334,2,6.666666666666667,2,6.666666666666667,4,13.333333333333334,2.933333333333333,1.8785337071473829,2.0,3.75,63.33333333333333,73.33333333333333,83.33333333333334,10,33.33333333333333,6,20.0,3,10.0,3,10.0,3,10.0,5,16.666666666666664
802,True,3.066666666666667,1.6918103387266028,3.0,2.75,66.66666666666666,73.33333333333333,86.66666666666667,6,20.0,8,26.666666666666668,6,20.0,2,6.666666666666667,4,13.333333333333334,4,13.333333333333334,2.5,1.5,2.0,2.0,80.0,86.66666666666667,93.33333333333333,10,33.33333333333333,7,23.333333333333332,7,23.333333333333332,2,6.666666666666667,2,6.666666666666667,2,6.666666666666667,2.7,1.636052158907737,2.0,3.0,70.0,83.33333333333334,90.0,9,30.0,8,26.666666666666668,4,13.333333333333334,4,13.333333333333334,2,6.666666666666667,3,10.0,2.9,1.619670748434179,3.0,2.75,70.0,80.0,90.0,8,26.666666666666668,5,16.666666666666664,8,26.666666666666668,3,10.0,3,10.0,3,10.0
803,True,3.1333333333333333,1.627540748764494,3.0,2.0,60.0,80.0,86.66666666666667,6,20.0,6,20.0,6,20.0,6,20.0,2,6.666666666666667,4,13.333333333333334,2.6333333333333333,1.6629959577688562,2.0,3.0,70.0,86.66666666666667,86.66666666666667,9,30.0,10,33.33333333333333,2,6.666666666666667,5,16.666666666666664,0,0.0,4,13.333333333333334,2.7333333333333334,1.6719914938645934,2.0,2.75,70.0,83.33333333333334,86.66666666666667,8,26.666666666666668,10,33.33333333333333,3,10.0,4,13.333333333333334,1,3.3333333333333335,4,13.333333333333334,3.1333333333333333,1.9447936194419764,2.0,3.75,60.0,70.0,76.66666666666667,8,26.666666666666668,8,26.666666666666668,2,6.666666666666667,3,10.0,2,6.666666666666667,7,23.333333333333332
804,True,2.7,1.3940349110884325,2.5,1.0,80.0,86.66666666666667,93.33333333333333,6,20.0,9,30.0,9,30.0,2,6.666666666666667,2,6.666666666666667,2,6.666666666666667,2.433333333333333,1.382831234179436,2.0,2.0,80.0,90.0,96.66666666666667,10,33.33333333333333,7,23.333333333333332,7,23.333333333333332,3,10.0,2,6.666666666666667,1,3.3333333333333335,2.6,1.4966629547095767,2.0,2.0,76.66666666666667,86.66666666666667,93.33333333333333,9,30.0,7,23.333333333333332,7,23.333333333333332,3,10.0,2,6.666666666666667,2,6.666666666666667,3.2666666666666666,1.8061622912192088,3.0,2.75,63.33333333333333,73.33333333333333,76.66666666666667,6,20.0,6,20.0,7,23.333333333333332,3,10.0,1,3.3333333333333335,7,23.333333333333332
805,True,3.1333333333333333,1.4079141387961918,3.0,2.0,60.0,86.66666666666667,90.0,3,10.0,9,30.0,6,20.0,8,26.666666666666668,1,3.3333333333333335,3,10.0,2.7666666666666666,1.453348623772776,2.5,1.75,73.33333333333333,90.0,90.0,6,20.0,9,30.0,7,23.333333333333332,5,16.666666666666664,0,0.0,3,10.0,2.9,1.598957994028194,2.5,2.0,70.0,83.33333333333334,86.66666666666667,6,20.0,9,30.0,6,20.0,4,13.333333333333334,1,3.3333333333333335,4,13.333333333333334,3.433333333333333,1.6058919293927874,3.5,2.0,50.0,76.66666666666667,83.33333333333334,4,13.333333333333334,6,20.0,5,16.666666666666664,8,26.666666666666668,2,6.666666666666667,5,16.666666666666664
806,True,2.6,1.5620499351813308,2.0,2.0,83.33333333333334,83.33333333333334,90.0,9,30.0,7,23.333333333333332,9,30.0,0,0.0,2,6.666666666666667,3,10.0,2.1666666666666665,1.4161763857498668,2.0,1.75,86.66666666666667,90.0,93.33333333333333,12,40.0,10,33.33333333333333,4,13.333333333333334,1,3.3333333333333335,1,3.3333333333333335,2,6.666666666666667,2.3,1.5088627063675035,2.0,2.0,83.33333333333334,86.66666666666667,93.33333333333333,12,40.0,8,26.666666666666668,5,16.666666666666664,1,3.3333333333333335,2,6.666666666666667,2,6.666666666666667,2.7333333333333334,1.7113996870657915,2.0,1.75,76.66666666666667,76.66666666666667,86.66666666666667,8,26.666666666666668,10,33.33333333333333,5,16.666666666666664,0,0.0,3,10.0,4,13.333333333333334
807,True,3.3333333333333335,1.6397831834998458,3.5,2.0,50.0,80.0,83.33333333333334,5,16.666666666666664,6,20.0,4,13.333333333333334,9,30.0,1,3.3333333333333335,5,16.666666666666664,2.8,1.6812693617224657,2.0,2.75,66.66666666666666,83.33333333333334,86.66666666666667,8,26.666666666666668,9,30.0,3,10.0,5,16.666666666666664,1,3.3333333333333335,4,13.333333333333334,3.0,1.7511900715418263,2.0,2.0,60.0,80.0,83.33333333333334,7,23.333333333333332,9,30.0,2,6.666666666666667,6,20.0,1,3.3333333333333335,5,16.666666666666664,3.2,1.9390719429665317,2.5,3.75,56.666666666666664,70.0,76.66666666666667,8,26.666666666666668,7,23.333333333333332,2,6.666666666666667,4,13.333333333333334,2,6.666666666666667,7,23.333333333333332
808,True,2.6666666666666665,1.4452988925785866,2.5,2.5,73.33333333333333,90.0,93.33333333333333,8,26.666666666666668,7,23.333333333333332,7,23.333333333333332,5,16.666666666666664,1,3.3333333333333335,2,6.666666666666667,2.3666666666666667,1.601735170231195,2.0,2.0,80.0,86.66666666666667,90.0,12,40.0,8,26.666666666666668,4,13.333333333333334,2,6.666666666666667,1,3.3333333333333335,3,10.0,2.466666666666667,1.687865186822955,2.0,2.0,76.66666666666667,86.66666666666667,86.66666666666667,12,40.0,7,23.333333333333332,4,13.333333333333334,3,10.0,0,0.0,4,13.333333333333334,2.6333333333333333,1.601735170231195,2.0,3.0,66.66666666666666,86.66666666666667,93.33333333333333,11,36.666666666666664,5,16.666666666666664,4,13.333333333333334,6,20.0,2,6.666666666666667,2,6.666666666666667
809,True,3.1,1.535143858622594,3.0,2.0,66.66666666666666,83.33333333333334,86.66666666666667,5,16.666666666666664,6,20.0,9,30.0,5,16.666666666666664,1,3.3333333333333335,4,13.333333333333334,2.533333333333333,1.564892612574067,2.0,2.75,73.33333333333333,86.66666666666667,93.33333333333333,11,36.666666666666664,6,20.0,5,16.666666666666664,4,13.333333333333334,2,6.666666666666667,2,6.666666666666667,2.6,1.5620499351813306,2.0,3.0,70.0,86.66666666666667,93.33333333333333,10,33.33333333333333,7,23.333333333333332,4,13.333333333333334,5,16.666666666666664,2,6.666666666666667,2,6.666666666666667,2.7333333333333334,1.5260697523012796,2.5,3.0,66.66666666666666,83.33333333333334,96.66666666666667,9,30.0,6,20.0,5,16.666666666666664,5,16.666666666666664,4,13.333333333333334,1,3.3333333333333335
810,True,3.066666666666667,1.7113996870657915,3.0,3.0,63.33333333333333,70.0,90.0,7,23.333333333333332,7,23.333333333333332,5,16.666666666666664,2,6.666666666666667,6,20.0,3,10.0,2.466666666666667,1.7461067804945059,1.0,3.0,66.66666666666666,83.33333333333334,93.33333333333333,16,53.333333333333336,1,3.3333333333333335,3,10.0,5,16.666666666666664,3,10.0,2,6.666666666666667,2.6666666666666665,1.9379255804998177,1.5,3.0,70.0,76.66666666666667,83.33333333333334,15,50.0,1,3.3333333333333335,5,16.666666666666664,2,6.666666666666667,2,6.666666666666667,5,16.666666666666664,2.8,1.92180470738661,2.0,3.0,63.33333333333333,76.66666666666667,83.33333333333334,13,43.333333333333336,3,10.0,3,10.0,4,13.333333333333334,2,6.666666666666667,5,16.666666666666664
811,True,3.0,1.6532795690182993,3.0,2.0,66.66666666666666,80.0,86.66666666666667,7,23.333333333333332,6,20.0,7,23.333333333333332,4,13.333333333333334,2,6.666666666666667,4,13.333333333333334,2.466666666666667,1.6679994670929075,2.0,2.0,76.66666666666667,83.33333333333334,90.0,12,40.0,7,23.333333333333332,4,13.333333333333334,2,6.666666666666667,2,6.666666666666667,3,10.0,2.533333333333333,1.687865186822955,2.0,2.0,76.66666666666667,80.0,90.0,11,36.666666666666664,8,26.666666666666668,4,13.333333333333334,1,3.3333333333333335,3,10.0,3,10.0,3.066666666666667,1.948218559493661,2.5,4.0,66.66666666666666,70.0,76.66666666666667,9,30.0,6,20.0,5,16.666666666666664,1,3.3333333333333335,2,6.666666666666667,7,23.333333333333332
812,True,2.7666666666666666,1.2827920936595905,3.0,1.0,76.66666666666667,93.33333333333333,93.33333333333333,5,16.666666666666664,8,26.666666666666668,10,33.33333333333333,5,16.666666666666664,0,0.0,2,6.666666666666667,2.466666666666667,1.4772346537440226,2.0,2.75,73.33333333333333,93.33333333333333,93.33333333333333,11,36.666666666666664,6,20.0,5,16.666666666666664,6,20.0,0,0.0,2,6.666666666666667,2.6666666666666665,1.7384539747207064,2.0,2.0,76.66666666666667,83.33333333333334,83.33333333333334,10,33.33333333333333,7,23.333333333333332,6,20.0,2,6.666666666666667,0,0.0,5,16.666666666666664,2.7666666666666666,1.4302291968616623,3.0,2.0,70.0,90.0,93.33333333333333,7,23.333333333333332,7,23.333333333333332,7,23.333333333333332,6,20.0,1,3.3333333333333335,2,6.666666666666667
813,True,2.7333333333333334,1.569146972791976,2.0,1.75,73.33333333333333,83.33333333333334,90.0,7,23.333333333333332,10,33.33333333333333,5,16.666666666666664,3,10.0,2,6.666666666666667,3,10.0,2.2,1.351542328847553,2.0,1.75,83.33333333333334,90.0,96.66666666666667,11,36.666666666666664,11,36.666666666666664,3,10.0,2,6.666666666666667,2,6.666666666666667,1,3.3333333333333335,2.3,1.4410644214144859,2.0,2.0,83.33333333333334,90.0,93.33333333333333,11,36.666666666666664,9,30.0,5,16.666666666666664,2,6.666666666666667,1,3.3333333333333335,2,6.666666666666667,2.8666666666666667,1.667999467092907,2.0,2.0,70.0,80.0,86.66666666666667,7,23.333333333333332,9,30.0,5,16.666666666666664,3,10.0,2,6.666666666666667,4,13.333333333333334
814,True,2.8666666666666667,1.4313940369055926,3.0,2.0,70.0,86.66666666666667,93.33333333333333,6,20.0,7,23.333333333333332,8,26.666666666666668,5,16.666666666666664,2,6.666666666666667,2,6.666666666666667,2.466666666666667,1.687865186822955,2.0,2.0,76.66666666666667,86.66666666666667,86.66666666666667,12,40.0,7,23.333333333333332,4,13.333333333333334,3,10.0,0,0.0,4,13.333333333333334,2.533333333333333,1.6679994670929073,2.0,2.0,76.66666666666667,86.66666666666667,86.66666666666667,11,36.666666666666664,7,23.333333333333332,5,16.666666666666664,3,10.0,0,0.0,4,13.333333333333334,2.933333333333333,1.7688665548562132,3.0,3.0,66.66666666666666,80.0,83.33333333333334,9,30.0,5,16.666666666666664,6,20.0,4,13.333333333333334,1,3.3333333333333335,5,16.666666666666664
815,True,3.1,1.7194960502038577,3.0,2.0,60.0,80.0,83.33333333333334,7,23.333333333333332,6,20.0,5,16.666666666666664,6,20.0,1,3.3333333333333335,5,16.666666666666664,2.566666666666667,1.8199511592958266,2.0,2.75,73.33333333333333,76.66666666666667,86.66666666666667,12,40.0,8,26.666666666666668,2,6.666666666666667,1,3.3333333333333335,3,10.0,4,13.333333333333334,2.533333333333333,1.7269111795984824,2.0,2.75,73.33333333333333,80.0,90.0,12,40.0,7,23.333333333333332,3,10.0,2,6.666666666666667,3,10.0,3,10.0,2.6333333333333333,1.5162087220725544,2.0,1.75,76.66666666666667,83.33333333333334,93.33333333333333,8,26.666666666666668,9,30.0,6,20.0,2,6.666666666666667,3,10.0,2,6.666666666666667
816,True,2.2333333333333334,1.430229196861662,2.0,2.0,80.0,90.0,96.66666666666667,13,43.333333333333336,7,23.333333333333332,4,13.333333333333334,3,10.0,2,6.666666666666667,1,3.3333333333333335,2.033333333333333,1.5807874268505835,1.0,1.0,83.33333333333334,83.33333333333334,93.33333333333333,16,53.333333333333336,9,30.0,0,0.0,0,0.0,3,10.0,2,6.666666666666667,2.033333333333333,1.5807874268505835,1.0,1.0,83.33333333333334,83.33333333333334,93.33333333333333,16,53.333333333333336,9,30.0,0,0.0,0,0.0,3,10.0,2,6.666666666666667,2.7,2.035517952102937,2.0,3.75,70.0,73.33333333333333,76.66666666666667,13,43.333333333333336,7,23.333333333333332,1,3.3333333333333335,1,3.3333333333333335,1,3.3333333333333335,7,23.333333333333332
817,True,2.8666666666666667,1.586050300449376,3.0,1.75,73.33333333333333,80.0,90.0,7,23.333333333333332,7,23.333333333333332,8,26.666666666666668,2,6.666666666666667,3,10.0,3,10.0,2.466666666666667,1.6069294390925266,2.0,2.0,80.0,86.66666666666667,90.0,12,40.0,5,16.666666666666664,7,23.333333333333332,2,6.666666666666667,1,3.3333333333333335,3,10.0,2.5,1.5438048235879214,2.0,2.0,76.66666666666667,86.66666666666667,93.33333333333333,11,36.666666666666664,6,20.0,6,20.0,3,10.0,2,6.666666666666667,2,6.666666666666667,3.2333333333333334,1.7829438827088437,3.0,2.75,63.33333333333333,73.33333333333333,80.0,7,23.333333333333332,4,13.333333333333334,8,26.666666666666668,3,10.0,2,6.666666666666667,6,20.0
818,True,1.9333333333333333,0.9637888196533975,2.0,1.0,93.33333333333333,96.66666666666667,100.0,11,36.666666666666664,13,43.333333333333336,4,13.333333333333334,1,3.3333333333333335,1,3.3333333333333335,0,0.0,1.9666666666666666,1.3535960336164634,2.0,1.0,90.0,90.0,93.33333333333333,13,43.333333333333336,13,43.333333333333336,1,3.3333333333333335,0,0.0,1,3.3333333333333335,2,6.666666666666667,2.033333333333333,1.32874209519965,2.0,1.0,86.66666666666667,90.0,96.66666666666667,13,43.333333333333336,11,36.666666666666664,2,6.666666666666667,1,3.3333333333333335,2,6.666666666666667,1,3.3333333333333335,2.466666666666667,1.586050300449376,2.0,2.0,80.0,83.33333333333334,90.0,9,30.0,12,40.0,3,10.0,1,3.3333333333333335,2,6.666666666666667,3,10.0
819,True,2.6666666666666665,1.5986105077709065,2.5,2.0,80.0,86.66666666666667,86.66666666666667,9,30.0,6,20.0,9,30.0,2,6.666666666666667,0,0.0,4,13.333333333333334,2.3666666666666667,1.642829537380214,2.0,2.0,83.33333333333334,86.66666666666667,86.66666666666667,12,40.0,8,26.666666666666668,5,16.666666666666664,1,3.3333333333333335,0,0.0,4,13.333333333333334,2.3,1.4410644214144859,2.0,2.0,83.33333333333334,90.0,93.33333333333333,11,36.666666666666664,9,30.0,5,16.666666666666664,2,6.666666666666667,1,3.3333333333333335,2,6.666666666666667,2.533333333333333,1.6069294390925266,2.0,2.0,76.66666666666667,86.66666666666667,90.0,11,36.666666666666664,6,20.0,6,20.0,3,10.0,1,3.3333333333333335,3,10.0
820,True,2.1333333333333333,1.2310790208412925,2.0,1.0,93.33333333333333,93.33333333333333,93.33333333333333,9,30.0,14,46.666666666666664,5,16.666666666666664,0,0.0,0,0.0,2,6.666666666666667,2.2,1.4922019523732928,2.0,1.75,86.66666666666667,90.0,90.0,12,40.0,10,33.33333333333333,4,13.333333333333334,1,3.3333333333333335,0,0.0,3,10.0,2.466666666666667,1.7269111795984826,2.0,2.0,80.0,80.0,86.66666666666667,11,36.666666666666664,10,33.33333333333333,3,10.0,0,0.0,2,6.666666666666667,4,13.333333333333334,2.566666666666667,1.6868774571839993,2.0,2.0,76.66666666666667,83.33333333333334,86.66666666666667,10,33.33333333333333,9,30.0,4,13.333333333333334,2,6.666666666666667,1,3.3333333333333335,4,13.333333333333334
821,True,2.7666666666666666,1.54236470683457,2.5,1.0,76.66666666666667,83.33333333333334,90.0,7,23.333333333333332,8,26.666666666666668,8,26.666666666666668,2,6.666666666666667,2,6.666666666666667,3,10.0,2.3333333333333335,1.4220486005134358,2.0,2.0,80.0,90.0,96.66666666666667,12,40.0,6,20.0,6,20.0,3,10.0,2,6.666666666666667,1,3.3333333333333335,2.466666666666667,1.4996295838935991,2.0,2.75,73.33333333333333,86.66666666666667,96.66666666666667,11,36.666666666666664,7,23.333333333333332,4,13.333333333333334,4,13.333333333333334,3,10.0,1,3.3333333333333335,3.066666666666667,1.7876116903722563,3.0,3.5,66.66666666666666,73.33333333333333,83.33333333333334,8,26.666666666666668,5,16.666666666666664,7,23.333333333333332,2,6.666666666666667,3,10.0,5,16.666666666666664
822,True,2.566666666666667,1.6265163865007803,2.0,3.0,70.0,86.66666666666667,90.0,10,33.33333333333333,9,30.0,2,6.666666666666667,5,16.666666666666664,1,3.3333333333333335,3,10.0,2.2,1.6411378166788229,1.5,1.0,76.66666666666667,83.33333333333334,93.33333333333333,15,50.0,8,26.666666666666668,0,0.0,2,6.666666666666667,3,10.0,2,6.666666666666667,2.3,1.6763054614240211,1.5,2.75,73.33333333333333,83.33333333333334,93.33333333333333,15,50.0,6,20.0,1,3.3333333333333335,3,10.0,3,10.0,2,6.666666666666667,2.7666666666666666,1.8381754238616315,2.0,3.75,66.66666666666666,73.33333333333333,86.66666666666667,10,33.33333333333333,9,30.0,1,3.3333333333333335,2,6.666666666666667,4,13.333333333333334,4,13.333333333333334
823,False,2.566666666666667,1.3085190950927015,3.0,1.75,86.66666666666667,93.33333333333333,93.33333333333333,8,26.666666666666668,5,16.666666666666664,13,43.333333333333336,2,6.666666666666667,0,0.0,2,6.666666666666667,2.466666666666667,1.746106780494506,2.0,2.0,80.0,83.33333333333334,86.66666666666667,14,46.666666666666664,3,10.0,7,23.333333333333332,1,3.3333333333333335,1,3.3333333333333335,4,13.333333333333334,2.533333333333333,1.6679994670929073,2.0,2.0,83.33333333333334,83.33333333333334,86.66666666666667,11,36.666666666666664,6,20.0,8,26.666666666666668,0,0.0,1,3.3333333333333335,4,13.333333333333334,2.8620689655172415,1.675876259341085,3.0,1.0,75.86206896551724,82.75862068965517,82.75862068965517,7,24.137931034482758,7,24.137931034482758,8,27.586206896551722,2,6.896551724137931,0,0.0,5,17.24137931034483
824,True,3.566666666666667,1.5205992970609392,3.0,2.75,56.666666666666664,73.33333333333333,80.0,1,3.3333333333333335,8,26.666666666666668,8,26.666666666666668,5,16.666666666666664,2,6.666666666666667,6,20.0,2.8,1.4922019523732928,2.5,1.75,73.33333333333333,86.66666666666667,90.0,6,20.0,9,30.0,7,23.333333333333332,4,13.333333333333334,1,3.3333333333333335,3,10.0,2.933333333333333,1.4817407180595246,2.5,2.0,70.0,83.33333333333334,90.0,4,13.333333333333334,11,36.666666666666664,6,20.0,4,13.333333333333334,2,6.666666666666667,3,10.0,3.2,1.5577761927397231,3.0,2.75,63.33333333333333,73.33333333333333,90.0,4,13.333333333333334,8,26.666666666666668,7,23.333333333333332,3,10.0,5,16.666666666666664,3,10.0
825,True,2.8666666666666667,1.4544949486180951,2.5,2.0,70.0,83.33333333333334,93.33333333333333,5,16.666666666666664,10,33.33333333333333,6,20.0,4,13.333333333333334,3,10.0,2,6.666666666666667,2.6,1.4742229591663987,2.0,2.75,70.0,90.0,93.33333333333333,8,26.666666666666668,10,33.33333333333333,3,10.0,6,20.0,1,3.3333333333333335,2,6.666666666666667,2.6333333333333333,1.4487542541400487,2.0,2.75,70.0,86.66666666666667,96.66666666666667,8,26.666666666666668,9,30.0,4,13.333333333333334,5,16.666666666666664,3,10.0,1,3.3333333333333335,3.066666666666667,1.7113996870657913,2.5,2.0,60.0,80.0,83.33333333333334,6,20.0,9,30.0,3,10.0,6,20.0,1,3.3333333333333335,5,16.666666666666664
826,True,3.1333333333333333,1.6069294390925266,3.0,2.0,63.33333333333333,80.0,86.66666666666667,6,20.0,5,16.666666666666664,8,26.666666666666668,5,16.666666666666664,2,6.666666666666667,4,13.333333333333334,2.7,1.5947831618540917,3.0,2.75,73.33333333333333,86.66666666666667,90.0,10,33.33333333333333,4,13.333333333333334,8,26.666666666666668,4,13.333333333333334,1,3.3333333333333335,3,10.0,2.7333333333333334,1.569146972791976,3.0,2.75,73.33333333333333,86.66666666666667,90.0,9,30.0,5,16.666666666666664,8,26.666666666666668,4,13.333333333333334,1,3.3333333333333335,3,10.0,2.933333333333333,1.6316317667360556,3.0,3.0,63.33333333333333,83.33333333333334,90.0,9,30.0,3,10.0,7,23.333333333333332,6,20.0,2,6.666666666666667,3,10.0
827,True,2.6333333333333333,1.6017351702311948,2.0,2.0,76.66666666666667,83.33333333333334,90.0,9,30.0,8,26.666666666666668,6,20.0,2,6.666666666666667,2,6.666666666666667,3,10.0,2.1666666666666665,1.3924399049470284,2.0,1.75,83.33333333333334,93.33333333333333,93.33333333333333,12,40.0,10,33.33333333333333,3,10.0,3,10.0,0,0.0,2,6.666666666666667,2.1666666666666665,1.3682917167849196,2.0,1.75,83.33333333333334,90.0,96.66666666666667,12,40.0,10,33.33333333333333,3,10.0,2,6.666666666666667,2,6.666666666666667,1,3.3333333333333335,2.6333333333333333,1.5807874268505835,2.0,3.0,70.0,83.33333333333334,93.33333333333333,9,30.0,9,30.0,3,10.0,4,13.333333333333334,3,10.0,2,6.666666666666667
828,True,2.3,1.5088627063675033,2.0,1.0,80.0,90.0,90.0,10,33.33333333333333,13,43.333333333333336,1,3.3333333333333335,3,10.0,0,0.0,3,10.0,2.1,1.619670748434179,1.0,1.0,83.33333333333334,86.66666666666667,90.0,16,53.333333333333336,7,23.333333333333332,2,6.666666666666667,1,3.3333333333333335,1,3.3333333333333335,3,10.0,2.3,1.7916472867168918,2.0,1.0,80.0,83.33333333333334,83.33333333333334,14,46.666666666666664,9,30.0,1,3.3333333333333335,1,3.3333333333333335,0,0.0,5,16.666666666666664,2.3,1.5947831618540915,2.0,1.75,80.0,86.66666666666667,90.0,12,40.0,10,33.33333333333333,2,6.666666666666667,2,6.666666666666667,1,3.3333333333333335,3,10.0
829,True,2.933333333333333,1.7113996870657915,3.0,3.0,60.0,80.0,90.0,10,33.33333333333333,3,10.0,5,16.666666666666664,6,20.0,3,10.0,3,10.0,2.433333333333333,1.7065234314893605,2.0,3.0,70.0,86.66666666666667,90.0,14,46.666666666666664,5,16.666666666666664,2,6.666666666666667,5,16.666666666666664,1,3.3333333333333335,3,10.0,2.566666666666667,1.6265163865007801,2.0,3.0,66.66666666666666,86.66666666666667,93.33333333333333,12,40.0,5,16.666666666666664,3,10.0,6,20.0,2,6.666666666666667,2,6.666666666666667,2.7666666666666666,1.7829438827088444,2.0,3.0,66.66666666666666,80.0,86.66666666666667,11,36.666666666666664,5,16.666666666666664,4,13.333333333333334,4,13.333333333333334,2,6.666666666666667,4,13.333333333333334
830,True,3.2666666666666666,1.8061622912192086,3.0,2.75,56.666666666666664,73.33333333333333,80.0,7,23.333333333333332,5,16.666666666666664,5,16.666666666666664,5,16.666666666666664,2,6.666666666666667,6,20.0,2.7333333333333334,1.7688665548562132,2.0,3.0,70.0,80.0,86.66666666666667,11,36.666666666666664,5,16.666666666666664,5,16.666666666666664,3,10.0,2,6.666666666666667,4,13.333333333333334,2.8666666666666667,1.765093639316497,2.5,3.75,66.66666666666666,73.33333333333333,90.0,10,33.33333333333333,5,16.666666666666664,5,16.666666666666664,2,6.666666666666667,5,16.666666666666664,3,10.0,3.2666666666666666,1.7688665548562132,3.0,3.5,56.666666666666664,73.33333333333333,83.33333333333334,8,26.666666666666668,2,6.666666666666667,7,23.333333333333332,5,16.666666666666664,3,10.0,5,16.666666666666664
831,True,2.5,1.6072751268321592,2.0,2.0,80.0,86.66666666666667,90.0,12,40.0,4,13.333333333333334,8,26.666666666666668,2,6.666666666666667,1,3.3333333333333335,3,10.0,2.1,1.3988090172238192,1.5,2.0,80.0,93.33333333333333,96.66666666666667,15,50.0,6,20.0,3,10.0,4,13.333333333333334,1,3.3333333333333335,1,3.3333333333333335,2.1333333333333333,1.4772346537440226,1.5,2.0,80.0,93.33333333333333,93.33333333333333,15,50.0,6,20.0,3,10.0,4,13.333333333333334,0,0.0,2,6.666666666666667,2.7333333333333334,1.7499206331208919,2.0,3.0,66.66666666666666,83.33333333333334,86.66666666666667,11,36.666666666666664,5,16.666666666666664,4,13.333333333333334,5,16.666666666666664,1,3.3333333333333335,4,13.333333333333334
832,False,2.7,1.5524174696260022,2.0,1.0,80.0,86.66666666666667,86.66666666666667,7,23.333333333333332,9,30.0,8,26.666666666666668,2,6.666666666666667,0,0.0,4,13.333333333333334,2.2333333333333334,1.3585122581543223,2.0,2.0,86.66666666666667,93.33333333333333,93.33333333333333,11,36.666666666666664,9,30.0,6,20.0,2,6.666666666666667,0,0.0,2,6.666666666666667,2.4,1.4966629547095764,2.0,2.0,83.33333333333334,90.0,90.0,10,33.33333333333333,9,30.0,6,20.0,2,6.666666666666667,0,0.0,3,10.0,2.5517241379310347,1.5884541801766927,2.0,2.0,75.86206896551724,86.20689655172413,89.65517241379311,9,31.03448275862069,9,31.03448275862069,4,13.793103448275861,3,10.344827586206897,1,3.4482758620689653,3,10.344827586206897
833,True,2.8,1.4236104336041748,3.0,2.0,70.0,90.0,93.33333333333333,7,23.333333333333332,6,20.0,8,26.666666666666668,6,20.0,1,3.3333333333333335,2,6.666666666666667,2.5,1.5438048235879214,2.0,2.0,80.0,90.0,90.0,11,36.666666666666664,5,16.666666666666664,8,26.666666666666668,3,10.0,0,0.0,3,10.0,2.566666666666667,1.498517786199268,2.0,2.75,73.33333333333333,90.0,93.33333333333333,10,33.33333333333333,6,20.0,6,20.0,5,16.666666666666664,1,3.3333333333333335,2,6.666666666666667,2.6333333333333333,1.2242911781471306,3.0,1.75,73.33333333333333,93.33333333333333,100.0,7,23.333333333333332,7,23.333333333333332,8,26.666666666666668,6,20.0,2,6.666666666666667,0,0.0
834,True,2.4,1.4966629547095762,2.0,2.0,80.0,86.66666666666667,93.33333333333333,10,33.33333333333333,10,33.33333333333333,4,13.333333333333334,2,6.666666666666667,2,6.666666666666667,2,6.666666666666667,2.1666666666666665,1.4624940645653537,2.0,1.75,83.33333333333334,90.0,93.33333333333333,13,43.333333333333336,9,30.0,3,10.0,2,6.666666666666667,1,3.3333333333333335,2,6.666666666666667,2.2,1.5362291495737217,2.0,1.75,83.33333333333334,90.0,90.0,13,43.333333333333336,9,30.0,3,10.0,2,6.666666666666667,0,0.0,3,10.0,3.0,1.8073922282301278,2.0,2.0,66.66666666666666,76.66666666666667,80.0,7,23.333333333333332,9,30.0,4,13.333333333333334,3,10.0,1,3.3333333333333335,6,20.0
835,True,3.2666666666666666,1.6918103387266026,3.0,3.0,60.0,70.0,86.66666666666667,6,20.0,5,16.666666666666664,7,23.333333333333332,3,10.0,5,16.666666666666664,4,13.333333333333334,2.4,1.8547236990991407,1.5,2.0,76.66666666666667,76.66666666666667,86.66666666666667,15,50.0,6,20.0,2,6.666666666666667,0,0.0,3,10.0,4,13.333333333333334,2.433333333333333,1.7065234314893603,2.0,2.0,80.0,80.0,90.0,13,43.333333333333336,6,20.0,5,16.666666666666664,0,0.0,3,10.0,3,10.0,2.8333333333333335,1.93362066830309,2.0,4.0,66.66666666666666,66.66666666666666,86.66666666666667,12,40.0,5,16.666666666666664,3,10.0,0,0.0,6,20.0,4,13.333333333333334
836,True,3.0,1.5275252316519468,3.0,2.0,66.66666666666666,83.33333333333334,90.0,6,20.0,6,20.0,8,26.666666666666668,5,16.666666666666664,2,6.666666666666667,3,10.0,2.466666666666667,1.6679994670929073,2.0,2.0,76.66666666666667,83.33333333333334,90.0,12,40.0,7,23.333333333333332,4,13.333333333333334,2,6.666666666666667,2,6.666666666666667,3,10.0,2.4,1.3808210118138653,2.0,2.0,76.66666666666667,93.33333333333333,96.66666666666667,11,36.666666666666664,6,20.0,6,20.0,5,16.666666666666664,1,3.3333333333333335,1,3.3333333333333335,3.066666666666667,1.7688665548562132,2.0,2.75,63.33333333333333,73.33333333333333,83.33333333333334,6,20.0,10,33.33333333333333,3,10.0,3,10.0,3,10.0,5,16.666666666666664
837,True,2.7,1.6960738977611403,2.0,2.75,73.33333333333333,83.33333333333334,86.66666666666667,10,33.33333333333333,6,20.0,6,20.0,3,10.0,1,3.3333333333333335,4,13.333333333333334,2.4,1.6041612554021285,2.0,2.0,80.0,86.66666666666667,90.0,12,40.0,7,23.333333333333332,5,16.666666666666664,2,6.666666666666667,1,3.3333333333333335,3,10.0,2.466666666666667,1.564892612574067,2.0,2.0,80.0,86.66666666666667,90.0,10,33.33333333333333,9,30.0,5,16.666666666666664,2,6.666666666666667,1,3.3333333333333335,3,10.0,2.533333333333333,1.586050300449376,2.0,2.0,76.66666666666667,86.66666666666667,90.0,10,33.33333333333333,8,26.666666666666668,5,16.666666666666664,3,10.0,1,3.3333333333333335,3,10.0
838,True,3.033333333333333,1.7413277182145301,2.0,2.0,70.0,76.66666666666667,80.0,5,16.666666666666664,11,36.666666666666664,5,16.666666666666664,2,6.666666666666667,1,3.3333333333333335,6,20.0,2.466666666666667,1.746106780494506,2.0,2.75,73.33333333333333,83.33333333333334,86.66666666666667,12,40.0,9,30.0,1,3.3333333333333335,3,10.0,1,3.3333333333333335,4,13.333333333333334,2.7,1.8823743871327334,2.0,3.0,66.66666666666666,76.66666666666667,83.33333333333334,11,36.666666666666664,9,30.0,0,0.0,3,10.0,2,6.666666666666667,5,16.666666666666664,3.033333333333333,1.8526257642120338,2.0,4.0,56.666666666666664,70.0,86.66666666666667,9,30.0,7,23.333333333333332,1,3.3333333333333335,4,13.333333333333334,5,16.666666666666664,4,13.333333333333334
839,True,3.2666666666666666,1.4590712418826193,3.0,2.0,60.0,80.0,90.0,4,13.333333333333334,5,16.666666666666664,9,30.0,6,20.0,3,10.0,3,10.0,2.566666666666667,1.7259457954666158,2.0,2.75,73.33333333333333,80.0,90.0,12,40.0,6,20.0,4,13.333333333333334,2,6.666666666666667,3,10.0,3,10.0,2.6333333333333333,1.7792008193443356,2.0,2.75,73.33333333333333,80.0,86.66666666666667,12,40.0,5,16.666666666666664,5,16.666666666666664,2,6.666666666666667,2,6.666666666666667,4,13.333333333333334,3.066666666666667,1.768866554856213,3.0,2.75,63.33333333333333,76.66666666666667,83.33333333333334,8,26.666666666666668,5,16.666666666666664,6,20.0,4,13.333333333333334,2,6.666666666666667,5,16.666666666666664
840,True,2.7,1.5947831618540917,2.5,2.0,76.66666666666667,83.33333333333334,90.0,9,30.0,6,20.0,8,26.666666666666668,2,6.666666666666667,2,6.666666666666667,3,10.0,2.2666666666666666,1.569146972791976,2.0,2.0,80.0,86.66666666666667,93.33333333333333,14,46.666666666666664,6,20.0,4,13.333333333333334,2,6.666666666666667,2,6.666666666666667,2,6.666666666666667,2.3666666666666667,1.682920741515245,2.0,2.0,80.0,83.33333333333334,90.0,14,46.666666666666664,5,16.666666666666664,5,16.666666666666664,1,3.3333333333333335,2,6.666666666666667,3,10.0,2.6666666666666665,1.8135294011647258,2.0,3.0,70.0,83.33333333333334,83.33333333333334,12,40.0,5,16.666666666666664,4,13.333333333333334,4,13.333333333333334,0,0.0,5,16.666666666666664
841,True,3.2,1.4696938456699067,3.0,2.0,63.33333333333333,83.33333333333334,86.66666666666667,3,10.0,8,26.666666666666668,8,26.666666666666668,6,20.0,1,3.3333333333333335,4,13.333333333333334,2.9,1.6603212540549697,2.0,2.0,66.66666666666666,80.0,86.66666666666667,6,20.0,11,36.666666666666664,3,10.0,4,13.333333333333334,2,6.666666666666667,4,13.333333333333334,3.033333333333333,1.4940623220676648,3.0,2.0,70.0,83.33333333333334,86.66666666666667,3,10.0,11,36.666666666666664,7,23.333333333333332,4,13.333333333333334,1,3.3333333333333335,4,13.333333333333334,3.2,1.4468356276140468,3.0,2.0,60.0,83.33333333333334,90.0,4,13.333333333333334,6,20.0,8,26.666666666666668,7,23.333333333333332,2,6.666666666666667,3,10.0
842,True,2.466666666666667,1.6478942792411035,2.0,2.0,76.66666666666667,83.33333333333334,90.0,11,36.666666666666664,9,30.0,3,10.0,2,6.666666666666667,2,6.666666666666667,3,10.0,1.9333333333333333,1.2364824660660938,2.0,1.0,90.0,93.33333333333333,96.66666666666667,14,46.666666666666664,10,33.33333333333333,3,10.0,1,3.3333333333333335,1,3.3333333333333335,1,3.3333333333333335,2.1666666666666665,1.4624940645653537,2.0,1.75,83.33333333333334,90.0,93.33333333333333,13,43.333333333333336,9,30.0,3,10.0,2,6.666666666666667,1,3.3333333333333335,2,6.666666666666667,2.2666666666666666,1.5477582354991866,2.0,2.0,80.0,86.66666666666667,93.33333333333333,13,43.333333333333336,8,26.666666666666668,3,10.0,2,6.666666666666667,2,6.666666666666667,2,6.666666666666667
843,True,2.7,1.5307950004273378,2.0,2.5,73.33333333333333,83.33333333333334,93.33333333333333,8,26.666666666666668,8,26.666666666666668,6,20.0,3,10.0,3,10.0,2,6.666666666666667,2.5,1.7654083569153813,2.0,2.0,76.66666666666667,80.0,86.66666666666667,12,40.0,8,26.666666666666668,3,10.0,1,3.3333333333333335,2,6.666666666666667,4,13.333333333333334,2.566666666666667,1.8381754238616315,2.0,2.75,73.33333333333333,80.0,83.33333333333334,12,40.0,8,26.666666666666668,2,6.666666666666667,2,6.666666666666667,1,3.3333333333333335,5,16.666666666666664,3.1,1.9209372712298547,3.0,3.75,63.33333333333333,73.33333333333333,76.66666666666667,9,30.0,5,16.666666666666664,5,16.666666666666664,3,10.0,1,3.3333333333333335,7,23.333333333333332
844,True,3.3,1.6155494421403511,4.0,2.0,43.333333333333336,83.33333333333334,86.66666666666667,6,20.0,5,16.666666666666664,2,6.666666666666667,12,40.0,1,3.3333333333333335,4,13.333333333333334,2.8666666666666667,1.765093639316497,2.0,3.0,60.0,80.0,86.66666666666667,9,30.0,8,26.666666666666668,1,3.3333333333333335,6,20.0,2,6.666666666666667,4,13.333333333333334,3.066666666666667,1.7113996870657915,3.0,3.0,53.333333333333336,83.33333333333334,86.66666666666667,9,30.0,3,10.0,4,13.333333333333334,9,30.0,1,3.3333333333333335,4,13.333333333333334,3.466666666666667,1.8390818965511628,4.0,3.0,46.666666666666664,70.0,76.66666666666667,6,20.0,6,20.0,2,6.666666666666667,7,23.333333333333332,2,6.666666666666667,7,23.333333333333332
845,True,2.7333333333333334,1.339983416149452,2.5,1.0,76.66666666666667,90.0,93.33333333333333,5,16.666666666666664,10,33.33333333333333,8,26.666666666666668,4,13.333333333333334,1,3.3333333333333335,2,6.666666666666667,2.4,1.4047538337136984,2.0,2.0,83.33333333333334,90.0,93.33333333333333,9,30.0,10,33.33333333333333,6,20.0,2,6.666666666666667,1,3.3333333333333335,2,6.666666666666667,2.566666666666667,1.6265163865007801,2.0,2.0,76.66666666666667,86.66666666666667,86.66666666666667,9,30.0,10,33.33333333333333,4,13.333333333333334,3,10.0,0,0.0,4,13.333333333333334,2.8333333333333335,1.7336538165261124,2.0,2.0,70.0,80.0,83.33333333333334,7,23.333333333333332,11,36.666666666666664,3,10.0,3,10.0,1,3.3333333333333335,5,16.666666666666664
846,True,2.966666666666667,1.4255603186895396,3.0,1.75,73.33333333333333,86.66666666666667,90.0,5,16.666666666666664,6,20.0,11,36.666666666666664,4,13.333333333333334,1,3.3333333333333335,3,10.0,2.566666666666667,1.382831234179436,2.5,2.0,76.66666666666667,90.0,96.66666666666667,9,30.0,6,20.0,8,26.666666666666668,4,13.333333333333334,2,6.666666666666667,1,3.3333333333333335,2.7666666666666666,1.5205992970609392,3.0,1.75,76.66666666666667,86.66666666666667,90.0,8,26.666666666666668,5,16.666666666666664,10,33.33333333333333,3,10.0,1,3.3333333333333335,3,10.0,2.966666666666667,1.5807874268505835,3.0,2.0,63.33333333333333,83.33333333333334,90.0,7,23.333333333333332,6,20.0,6,20.0,6,20.0,2,6.666666666666667,3,10.0
847,True,2.7666666666666666,1.6058919293927874,2.0,1.75,73.33333333333333,80.0,90.0,7,23.333333333333332,10,33.33333333333333,5,16.666666666666664,2,6.666666666666667,3,10.0,3,10.0,2.2333333333333334,1.453348623772776,2.0,2.0,83.33333333333334,90.0,93.33333333333333,12,40.0,9,30.0,4,13.333333333333334,2,6.666666666666667,1,3.3333333333333335,2,6.666666666666667,2.433333333333333,1.5423647068345698,2.0,2.0,76.66666666666667,86.66666666666667,93.33333333333333,11,36.666666666666664,8,26.666666666666668,4,13.333333333333334,3,10.0,2,6.666666666666667,2,6.666666666666667,2.6333333333333333,1.5807874268505833,2.0,2.75,73.33333333333333,86.66666666666667,90.0,9,30.0,8,26.666666666666668,5,16.666666666666664,4,13.333333333333334,1,3.3333333333333335,3,10.0
848,True,2.6333333333333333,1.32874209519965,2.0,2.0,70.0,93.33333333333333,96.66666666666667,7,23.333333333333332,9,30.0,5,16.666666666666664,7,23.333333333333332,1,3.3333333333333335,1,3.3333333333333335,2.2333333333333334,1.498517786199268,2.0,2.0,80.0,90.0,93.33333333333333,13,43.333333333333336,8,26.666666666666668,3,10.0,3,10.0,1,3.3333333333333335,2,6.666666666666667,2.433333333333333,1.6868774571839995,2.0,2.0,76.66666666666667,86.66666666666667,86.66666666666667,12,40.0,8,26.666666666666668,3,10.0,3,10.0,0,0.0,4,13.333333333333334,2.9,1.8138357147217055,2.0,3.0,60.0,80.0,83.33333333333334,9,30.0,8,26.666666666666668,1,3.3333333333333335,6,20.0,1,3.3333333333333335,5,16.666666666666664
849,True,2.7,1.4410644214144859,2.5,1.0,76.66666666666667,86.66666666666667,93.33333333333333,7,23.333333333333332,8,26.666666666666668,8,26.666666666666668,3,10.0,2,6.666666666666667,2,6.666666666666667,2.433333333333333,1.5423647068345698,2.0,2.0,83.33333333333334,86.66666666666667,90.0,10,33.33333333333333,9,30.0,6,20.0,1,3.3333333333333335,1,3.3333333333333335,3,10.0,2.533333333333333,1.6478942792411033,2.0,2.0,83.33333333333334,83.33333333333334,86.66666666666667,10,33.33333333333333,8,26.666666666666668,7,23.333333333333332,0,0.0,1,3.3333333333333335,4,13.333333333333334,2.8333333333333335,1.5293426329272617,2.5,1.75,73.33333333333333,83.33333333333334,90.0,6,20.0,9,30.0,7,23.333333333333332,3,10.0,2,6.666666666666667,3,10.0
850,True,2.566666666666667,1.5849991237291654,2.0,2.0,83.33333333333334,86.66666666666667,86.66666666666667,9,30.0,8,26.666666666666668,8,26.666666666666668,1,3.3333333333333335,0,0.0,4,13.333333333333334,2.2666666666666666,1.364632632697248,2.0,2.0,83.33333333333334,90.0,96.66666666666667,11,36.666666666666664,9,30.0,5,16.666666666666664,2,6.666666666666667,2,6.666666666666667,1,3.3333333333333335,2.3666666666666667,1.32874209519965,2.0,2.0,86.66666666666667,90.0,96.66666666666667,10,33.33333333333333,7,23.333333333333332,9,30.0,1,3.3333333333333335,2,6.666666666666667,1,3.3333333333333335,2.6666666666666665,1.5563490039905001,2.0,2.5,73.33333333333333,86.66666666666667,90.0,8,26.666666666666668,9,30.0,5,16.666666666666664,4,13.333333333333334,1,3.3333333333333335,3,10.0
851,True,3.6,1.4047538337136984,4.0,3.0,40.0,70.0,93.33333333333333,2,6.666666666666667,7,23.333333333333332,3,10.0,9,30.0,7,23.333333333333332,2,6.666666666666667,3.1333333333333333,1.8208667044996887,3.0,3.75,60.0,73.33333333333333,83.33333333333334,9,30.0,3,10.0,6,20.0,4,13.333333333333334,3,10.0,5,16.666666666666664,3.1,1.5989579940281942,3.0,2.0,60.0,83.33333333333334,86.66666666666667,6,20.0,6,20.0,6,20.0,7,23.333333333333332,1,3.3333333333333335,4,13.333333333333334,3.6333333333333333,1.9058389811897072,4.0,3.75,43.333333333333336,63.33333333333333,73.33333333333333,7,23.333333333333332,3,10.0,3,10.0,6,20.0,3,10.0,8,26.666666666666668
852,True,3.1333333333333333,1.6679994670929073,3.0,2.75,63.33333333333333,73.33333333333333,86.66666666666667,5,16.666666666666664,9,30.0,5,16.666666666666664,3,10.0,4,13.333333333333334,4,13.333333333333334,2.533333333333333,1.6275407487644937,2.0,2.75,73.33333333333333,83.33333333333334,93.33333333333333,12,40.0,5,16.666666666666664,5,16.666666666666664,3,10.0,3,10.0,2,6.666666666666667,2.6666666666666665,1.679947089113887,2.0,3.0,70.0,83.33333333333334,90.0,11,36.666666666666664,5,16.666666666666664,5,16.666666666666664,4,13.333333333333334,2,6.666666666666667,3,10.0,3.033333333333333,1.9576062480034697,2.5,3.75,56.666666666666664,73.33333333333333,80.0,11,36.666666666666664,4,13.333333333333334,2,6.666666666666667,5,16.666666666666664,2,6.666666666666667,6,20.0
853,True,3.566666666666667,1.6058919293927874,4.0,3.0,46.666666666666664,70.0,83.33333333333334,3,10.0,7,23.333333333333332,4,13.333333333333334,7,23.333333333333332,4,13.333333333333334,5,16.666666666666664,2.8,1.5577761927397231,2.5,3.0,60.0,83.33333333333334,96.66666666666667,9,30.0,6,20.0,3,10.0,7,23.333333333333332,4,13.333333333333334,1,3.3333333333333335,2.933333333333333,1.671991493864594,3.0,3.0,56.666666666666664,83.33333333333334,90.0,9,30.0,5,16.666666666666664,3,10.0,8,26.666666666666668,2,6.666666666666667,3,10.0,3.2666666666666666,1.7307673314329557,3.5,2.0,50.0,76.66666666666667,83.33333333333334,6,20.0,7,23.333333333333332,2,6.666666666666667,8,26.666666666666668,2,6.666666666666667,5,16.666666666666664
854,True,2.3,1.3203534880225574,2.0,2.0,86.66666666666667,93.33333333333333,93.33333333333333,9,30.0,11,36.666666666666664,6,20.0,2,6.666666666666667,0,0.0,2,6.666666666666667,2.2,1.7204650534085253,1.0,1.75,80.0,86.66666666666667,86.66666666666667,16,53.333333333333336,6,20.0,2,6.666666666666667,2,6.666666666666667,0,0.0,4,13.333333333333334,2.1333333333333333,1.4079141387961915,2.0,1.75,83.33333333333334,93.33333333333333,93.33333333333333,13,43.333333333333336,9,30.0,3,10.0,3,10.0,0,0.0,2,6.666666666666667,2.566666666666667,1.8381754238616317,2.0,2.75,73.33333333333333,76.66666666666667,86.66666666666667,13,43.333333333333336,6,20.0,3,10.0,1,3.3333333333333335,3,10.0,4,13.333333333333334
855,True,3.2666666666666666,1.6110727964792761,3.0,2.0,56.666666666666664,76.66666666666667,86.66666666666667,5,16.666666666666664,6,20.0,6,20.0,6,20.0,3,10.0,4,13.333333333333334,2.7333333333333334,1.6719914938645934,2.0,3.0,70.0,80.0,90.0,9,30.0,8,26.666666666666668,4,13.333333333333334,3,10.0,3,10.0,3,10.0,2.7666666666666666,1.6669999666733315,2.0,3.0,70.0,80.0,90.0,9,30.0,7,23.333333333333332,5,16.666666666666664,3,10.0,3,10.0,3,10.0,3.3,1.6763054614240211,3.0,3.0,56.666666666666664,66.66666666666666,90.0,6,20.0,5,16.666666666666664,6,20.0,3,10.0,7,23.333333333333332,3,10.0
856,True,3.1,1.4685593847940461,3.0,2.0,70.0,80.0,90.0,4,13.333333333333334,7,23.333333333333332,10,33.33333333333333,3,10.0,3,10.0,3,10.0,2.5,1.6683325008322931,2.0,2.0,83.33333333333334,83.33333333333334,86.66666666666667,11,36.666666666666664,7,23.333333333333332,7,23.333333333333332,0,0.0,1,3.3333333333333335,4,13.333333333333334,2.466666666666667,1.5648926125740672,2.0,2.0,83.33333333333334,86.66666666666667,90.0,11,36.666666666666664,6,20.0,8,26.666666666666668,1,3.3333333333333335,1,3.3333333333333335,3,10.0,3.2,1.869046102516825,3.0,3.75,60.0,70.0,80.0,8,26.666666666666668,5,16.666666666666664,5,16.666666666666664,3,10.0,3,10.0,6,20.0
857,True,3.1666666666666665,1.6346933113652304,3.0,2.0,56.666666666666664,76.66666666666667,90.0,7,23.333333333333332,4,13.333333333333334,6,20.0,6,20.0,4,13.333333333333334,3,10.0,2.6,1.7435595774162695,2.0,3.0,70.0,80.0,90.0,12,40.0,6,20.0,3,10.0,3,10.0,3,10.0,3,10.0,2.7333333333333334,1.8061622912192088,2.0,3.0,70.0,76.66666666666667,86.66666666666667,11,36.666666666666664,6,20.0,4,13.333333333333334,2,6.666666666666667,3,10.0,4,13.333333333333334,3.4,1.8903262505010434,3.5,3.75,50.0,70.0,76.66666666666667,8,26.666666666666668,3,10.0,4,13.333333333333334,6,20.0,2,6.666666666666667,7,23.333333333333332
858,True,2.4,1.451436070471816,2.0,2.0,83.33333333333334,86.66666666666667,96.66666666666667,12,40.0,4,13.333333333333334,9,30.0,1,3.3333333333333335,3,10.0,1,3.3333333333333335,2.1,1.5132745950421556,1.5,2.0,90.0,90.0,90.0,15,50.0,6,20.0,6,20.0,0,0.0,0,0.0,3,10.0,2.066666666666667,1.4360439485692011,1.5,2.0,90.0,90.0,93.33333333333333,15,50.0,6,20.0,6,20.0,0,0.0,1,3.3333333333333335,2,6.666666666666667,2.433333333333333,1.6468825769380833,2.0,2.0,80.0,80.0,93.33333333333333,13,43.333333333333336,5,16.666666666666664,6,20.0,0,0.0,4,13.333333333333334,2,6.666666666666667
859,True,3.2,1.4696938456699067,3.0,2.0,60.0,76.66666666666667,93.33333333333333,4,13.333333333333334,7,23.333333333333332,7,23.333333333333332,5,16.666666666666664,5,16.666666666666664,2,6.666666666666667,2.566666666666667,1.498517786199268,2.0,2.5,73.33333333333333,86.66666666666667,93.33333333333333,8,26.666666666666668,11,36.666666666666664,3,10.0,4,13.333333333333334,2,6.666666666666667,2,6.666666666666667,2.7,1.530795000427338,2.0,2.0,70.0,83.33333333333334,93.33333333333333,7,23.333333333333332,11,36.666666666666664,3,10.0,4,13.333333333333334,3,10.0,2,6.666666666666667,2.933333333333333,1.569146972791976,3.0,2.0,60.0,86.66666666666667,90.0,7,23.333333333333332,7,23.333333333333332,4,13.333333333333334,8,26.666666666666668,1,3.3333333333333335,3,10.0
860,True,2.933333333333333,1.569146972791976,2.5,2.0,70.0,83.33333333333334,86.66666666666667,5,16.666666666666664,10,33.33333333333333,6,20.0,4,13.333333333333334,1,3.3333333333333335,4,13.333333333333334,2.433333333333333,1.5423647068345698,2.0,2.0,76.66666666666667,86.66666666666667,93.33333333333333,11,36.666666666666664,8,26.666666666666668,4,13.333333333333334,3,10.0,2,6.666666666666667,2,6.666666666666667,2.6333333333333333,1.7026123718829513,2.0,2.75,73.33333333333333,80.0,90.0,11,36.666666666666664,6,20.0,5,16.666666666666664,2,6.666666666666667,3,10.0,3,10.0,3.3,1.9519221295943137,3.0,4.5,56.666666666666664,70.0,73.33333333333333,8,26.666666666666668,5,16.666666666666664,4,13.333333333333334,4,13.333333333333334,1,3.3333333333333335,8,26.666666666666668
861,True,3.1,1.7578395831246947,3.0,2.75,63.33333333333333,76.66666666666667,83.33333333333334,8,26.666666666666668,4,13.333333333333334,7,23.333333333333332,4,13.333333333333334,2,6.666666666666667,5,16.666666666666664,2.2666666666666666,1.4360439485692011,2.0,2.0,80.0,90.0,96.66666666666667,13,43.333333333333336,6,20.0,5,16.666666666666664,3,10.0,2,6.666666666666667,1,3.3333333333333335,2.3,1.5088627063675035,2.0,2.0,80.0,90.0,93.33333333333333,13,43.333333333333336,6,20.0,5,16.666666666666664,3,10.0,1,3.3333333333333335,2,6.666666666666667,2.8666666666666667,1.839081896551163,3.0,3.0,70.0,76.66666666666667,83.33333333333334,11,36.666666666666664,3,10.0,7,23.333333333333332,2,6.666666666666667,2,6.666666666666667,5,16.666666666666664
862,True,2.7666666666666666,1.5638272140986533,2.0,2.75,66.66666666666666,83.33333333333334,93.33333333333333,8,26.666666666666668,8,26.666666666666668,4,13.333333333333334,5,16.666666666666664,3,10.0,2,6.666666666666667,2.3333333333333335,1.5776212754932308,2.0,2.0,76.66666666666667,86.66666666666667,93.33333333333333,13,43.333333333333336,7,23.333333333333332,3,10.0,3,10.0,2,6.666666666666667,2,6.666666666666667,2.533333333333333,1.8208667044996885,2.0,2.0,76.66666666666667,80.0,83.33333333333334,12,40.0,8,26.666666666666668,3,10.0,1,3.3333333333333335,1,3.3333333333333335,5,16.666666666666664,2.8333333333333335,1.7527755766846542,2.0,3.0,63.33333333333333,76.66666666666667,90.0,10,33.33333333333333,6,20.0,3,10.0,4,13.333333333333334,4,13.333333333333334,3,10.0
863,True,3.2,1.3515423288475528,3.0,2.0,60.0,83.33333333333334,93.33333333333333,3,10.0,7,23.333333333333332,8,26.666666666666668,7,23.333333333333332,3,10.0,2,6.666666666666667,2.8,1.7204650534085255,2.0,3.0,70.0,80.0,86.66666666666667,9,30.0,7,23.333333333333332,5,16.666666666666664,3,10.0,2,6.666666666666667,4,13.333333333333334,3.0,1.7888543819998317,2.5,2.75,63.33333333333333,76.66666666666667,83.33333333333334,8,26.666666666666668,7,23.333333333333332,4,13.333333333333334,4,13.333333333333334,2,6.666666666666667,5,16.666666666666664,3.3666666666666667,1.622412469818394,3.0,2.75,53.333333333333336,73.33333333333333,86.66666666666667,5,16.666666666666664,5,16.666666666666664,6,20.0,6,20.0,4,13.333333333333334,4,13.333333333333334
864,True,2.7666666666666666,1.4067298564006128,3.0,1.0,80.0,86.66666666666667,93.33333333333333,7,23.333333333333332,5,16.666666666666664,12,40.0,2,6.666666666666667,2,6.666666666666667,2,6.666666666666667,2.6333333333333333,1.5162087220725546,2.0,1.75,76.66666666666667,83.33333333333334,93.33333333333333,8,26.666666666666668,9,30.0,6,20.0,2,6.666666666666667,3,10.0,2,6.666666666666667,2.7,1.5524174696260025,2.0,1.75,76.66666666666667,80.0,93.33333333333333,8,26.666666666666668,8,26.666666666666668,7,23.333333333333332,1,3.3333333333333335,4,13.333333333333334,2,6.666666666666667,2.966666666666667,1.7220788470785986,2.5,2.75,70.0,73.33333333333333,86.66666666666667,7,23.333333333333332,8,26.666666666666668,6,20.0,1,3.3333333333333335,4,13.333333333333334,4,13.333333333333334
865,True,2.966666666666667,1.4487542541400487,3.0,1.75,73.33333333333333,83.33333333333334,90.0,4,13.333333333333334,9,30.0,9,30.0,3,10.0,2,6.666666666666667,3,10.0,2.6,1.4742229591663987,2.0,1.75,76.66666666666667,86.66666666666667,93.33333333333333,8,26.666666666666668,9,30.0,6,20.0,3,10.0,2,6.666666666666667,2,6.666666666666667,2.6666666666666665,1.5347819244295118,2.0,1.75,76.66666666666667,86.66666666666667,90.0,8,26.666666666666668,8,26.666666666666668,7,23.333333333333332,3,10.0,1,3.3333333333333335,3,10.0,2.7666666666666666,1.3585122581543223,2.0,1.0,76.66666666666667,86.66666666666667,93.33333333333333,4,13.333333333333334,12,40.0,7,23.333333333333332,3,10.0,2,6.666666666666667,2,6.666666666666667
866,True,2.7333333333333334,1.5040685563571303,2.0,2.75,63.33333333333333,90.0,93.33333333333333,8,26.666666666666668,8,26.666666666666668,3,10.0,8,26.666666666666668,1,3.3333333333333335,2,6.666666666666667,2.4,1.4742229591663987,2.0,2.0,76.66666666666667,90.0,93.33333333333333,10,33.33333333333333,10,33.33333333333333,3,10.0,4,13.333333333333334,1,3.3333333333333335,2,6.666666666666667,2.7333333333333334,1.7499206331208919,2.0,3.0,66.66666666666666,76.66666666666667,90.0,10,33.33333333333333,8,26.666666666666668,2,6.666666666666667,3,10.0,4,13.333333333333334,3,10.0,3.1333333333333333,1.8749814813900312,2.0,3.0,60.0,70.0,80.0,7,23.333333333333332,9,30.0,2,6.666666666666667,3,10.0,3,10.0,6,20.0
867,True,2.6666666666666665,1.3984117975602022,3.0,1.75,80.0,90.0,93.33333333333333,8,26.666666666666668,5,16.666666666666664,11,36.666666666666664,3,10.0,1,3.3333333333333335,2,6.666666666666667,2.5,1.7654083569153813,2.0,2.75,73.33333333333333,80.0,90.0,14,46.666666666666664,4,13.333333333333334,4,13.333333333333334,2,6.666666666666667,3,10.0,3,10.0,2.533333333333333,1.6069294390925268,2.0,2.0,76.66666666666667,86.66666666666667,90.0,11,36.666666666666664,6,20.0,6,20.0,3,10.0,1,3.3333333333333335,3,10.0,3.0,1.7126976771553504,3.0,2.75,70.0,80.0,83.33333333333334,8,26.666666666666668,4,13.333333333333334,9,30.0,3,10.0,1,3.3333333333333335,5,16.666666666666664
868,True,2.566666666666667,1.2827920936595902,2.0,1.0,76.66666666666667,93.33333333333333,96.66666666666667,7,23.333333333333332,9,30.0,7,23.333333333333332,5,16.666666666666664,1,3.3333333333333335,1,3.3333333333333335,2.433333333333333,1.453348623772776,2.0,2.0,80.0,90.0,93.33333333333333,10,33.33333333333333,8,26.666666666666668,6,20.0,3,10.0,1,3.3333333333333335,2,6.666666666666667,2.533333333333333,1.521694961401777,2.0,2.0,76.66666666666667,86.66666666666667,93.33333333333333,10,33.33333333333333,7,23.333333333333332,6,20.0,3,10.0,2,6.666666666666667,2,6.666666666666667,2.9,1.795364401266031,2.5,3.0,70.0,76.66666666666667,83.33333333333334,9,30.0,6,20.0,6,20.0,2,6.666666666666667,2,6.666666666666667,5,16.666666666666664
869,True,2.8333333333333335,1.3186693629901656,3.0,1.75,73.33333333333333,90.0,96.66666666666667,7,23.333333333333332,3,10.0,12,40.0,5,16.666666666666664,2,6.666666666666667,1,3.3333333333333335,2.566666666666667,1.5205992970609392,2.5,2.0,80.0,90.0,90.0,10,33.33333333333333,5,16.666666666666664,9,30.0,3,10.0,0,0.0,3,10.0,2.566666666666667,1.358512258154322,2.5,2.75,73.33333333333333,93.33333333333333,96.66666666666667,9,30.0,6,20.0,7,23.333333333333332,6,20.0,1,3.3333333333333335,1,3.3333333333333335,2.933333333333333,1.671991493864594,3.0,2.75,70.0,80.0,86.66666666666667,8,26.666666666666668,5,16.666666666666664,8,26.666666666666668,3,10.0,2,6.666666666666667,4,13.333333333333334
870,True,2.7666666666666666,1.2565384549980512,3.0,1.0,76.66666666666667,90.0,96.66666666666667,5,16.666666666666664,8,26.666666666666668,10,33.33333333333333,4,13.333333333333334,2,6.666666666666667,1,3.3333333333333335,2.566666666666667,1.358512258154322,2.0,1.75,76.66666666666667,90.0,96.66666666666667,8,26.666666666666668,8,26.666666666666668,7,23.333333333333332,4,13.333333333333334,2,6.666666666666667,1,3.3333333333333335,2.8333333333333335,1.5723301886761005,3.0,1.75,73.33333333333333,86.66666666666667,86.66666666666667,7,23.333333333333332,7,23.333333333333332,8,26.666666666666668,4,13.333333333333334,0,0.0,4,13.333333333333334,3.0,1.5312829869775528,3.0,2.0,65.51724137931035,79.3103448275862,93.10344827586206,6,20.689655172413794,6,20.689655172413794,7,24.137931034482758,4,13.793103448275861,4,13.793103448275861,2,6.896551724137931
871,True,2.7666666666666666,1.6669999666733313,3.0,3.0,70.0,86.66666666666667,86.66666666666667,10,33.33333333333333,4,13.333333333333334,7,23.333333333333332,5,16.666666666666664,0,0.0,4,13.333333333333334,2.3333333333333335,1.5347819244295118,2.0,2.0,76.66666666666667,90.0,93.33333333333333,13,43.333333333333336,6,20.0,4,13.333333333333334,4,13.333333333333334,1,3.3333333333333335,2,6.666666666666667,2.566666666666667,1.7451520150277902,2.0,2.75,73.33333333333333,83.33333333333334,86.66666666666667,12,40.0,6,20.0,4,13.333333333333334,3,10.0,1,3.3333333333333335,4,13.333333333333334,2.8666666666666667,1.6478942792411033,3.0,2.75,70.0,83.33333333333334,86.66666666666667,8,26.666666666666668,6,20.0,7,23.333333333333332,4,13.333333333333334,1,3.3333333333333335,4,13.333333333333334
872,True,3.3666666666666667,1.81628436344337,3.5,3.0,50.0,66.66666666666666,83.33333333333334,7,23.333333333333332,5,16.666666666666664,3,10.0,5,16.666666666666664,5,16.666666666666664,5,16.666666666666664,2.6666666666666665,1.8499249234015478,2.0,3.75,66.66666666666666,73.33333333333333,90.0,13,43.333333333333336,5,16.666666666666664,2,6.666666666666667,2,6.666666666666667,5,16.666666666666664,3,10.0,2.6333333333333333,1.7978382080215733,2.0,3.0,70.0,76.66666666666667,90.0,13,43.333333333333336,4,13.333333333333334,4,13.333333333333334,2,6.666666666666667,4,13.333333333333334,3,10.0,3.033333333333333,1.834545054108935,2.5,4.0,56.666666666666664,63.33333333333333,93.33333333333333,10,33.33333333333333,5,16.666666666666664,2,6.666666666666667,2,6.666666666666667,9,30.0,2,6.666666666666667
873,True,3.0,1.3662601021279464,3.0,2.0,66.66666666666666,86.66666666666667,93.33333333333333,4,13.333333333333334,8,26.666666666666668,8,26.666666666666668,6,20.0,2,6.666666666666667,2,6.666666666666667,2.6333333333333333,1.642829537380214,2.0,2.0,80.0,83.33333333333334,86.66666666666667,9,30.0,8,26.666666666666668,7,23.333333333333332,1,3.3333333333333335,1,3.3333333333333335,4,13.333333333333334,2.7,1.6763054614240211,2.0,2.75,73.33333333333333,83.33333333333334,86.66666666666667,9,30.0,8,26.666666666666668,5,16.666666666666664,3,10.0,1,3.3333333333333335,4,13.333333333333334,2.9,1.491084616423003,3.0,2.0,66.66666666666666,83.33333333333334,93.33333333333333,6,20.0,8,26.666666666666668,6,20.0,5,16.666666666666664,3,10.0,2,6.666666666666667
874,True,2.7666666666666666,1.5423647068345698,2.5,3.0,63.33333333333333,83.33333333333334,96.66666666666667,9,30.0,6,20.0,4,13.333333333333334,6,20.0,4,13.333333333333334,1,3.3333333333333335,2.3,1.676305461424021,2.0,1.75,80.0,86.66666666666667,86.66666666666667,13,43.333333333333336,9,30.0,2,6.666666666666667,2,6.666666666666667,0,0.0,4,13.333333333333334,2.433333333333333,1.7451520150277897,2.0,2.0,76.66666666666667,83.33333333333334,86.66666666666667,13,43.333333333333336,7,23.333333333333332,3,10.0,2,6.666666666666667,1,3.3333333333333335,4,13.333333333333334,3.3333333333333335,1.9032136564826931,3.0,3.75,56.666666666666664,70.0,73.33333333333333,6,20.0,8,26.666666666666668,3,10.0,4,13.333333333333334,1,3.3333333333333335,8,26.666666666666668
875,True,2.933333333333333,1.6316317667360556,2.0,2.0,66.66666666666666,76.66666666666667,90.0,6,20.0,10,33.33333333333333,4,13.333333333333334,3,10.0,4,13.333333333333334,3,10.0,2.3333333333333335,1.5347819244295118,2.0,2.0,80.0,86.66666666666667,93.33333333333333,12,40.0,8,26.666666666666668,4,13.333333333333334,2,6.666666666666667,2,6.666666666666667,2,6.666666666666667,2.566666666666667,1.7829438827088444,2.0,2.75,73.33333333333333,80.0,86.66666666666667,12,40.0,7,23.333333333333332,3,10.0,2,6.666666666666667,2,6.666666666666667,4,13.333333333333334,3.033333333333333,1.9405039437103846,2.5,4.0,63.33333333333333,70.0,80.0,10,33.33333333333333,5,16.666666666666664,4,13.333333333333334,2,6.666666666666667,3,10.0,6,20.0
876,True,3.1,1.776701062831524,3.0,3.0,53.333333333333336,76.66666666666667,86.66666666666667,9,30.0,4,13.333333333333334,3,10.0,7,23.333333333333332,3,10.0,4,13.333333333333334,2.466666666666667,1.6069294390925266,2.0,2.75,73.33333333333333,86.66666666666667,93.33333333333333,13,43.333333333333336,4,13.333333333333334,5,16.666666666666664,4,13.333333333333334,2,6.666666666666667,2,6.666666666666667,2.6333333333333333,1.7978382080215733,2.0,3.0,70.0,76.66666666666667,90.0,13,43.333333333333336,4,13.333333333333334,4,13.333333333333334,2,6.666666666666667,4,13.333333333333334,3,10.0,2.9,1.7387735140993301,3.0,3.0,63.33333333333333,76.66666666666667,90.0,10,33.33333333333333,4,13.333333333333334,5,16.666666666666664,4,13.333333333333334,4,13.333333333333334,3,10.0
877,True,3.066666666666667,1.364632632697248,3.0,2.0,66.66666666666666,90.0,90.0,4,13.333333333333334,6,20.0,10,33.33333333333333,7,23.333333333333332,0,0.0,3,10.0,2.7666666666666666,1.7259457954666158,2.5,2.75,73.33333333333333,80.0,86.66666666666667,10,33.33333333333333,5,16.666666666666664,7,23.333333333333332,2,6.666666666666667,2,6.666666666666667,4,13.333333333333334,2.7,1.5947831618540917,2.5,2.0,76.66666666666667,83.33333333333334,90.0,9,30.0,6,20.0,8,26.666666666666668,2,6.666666666666667,2,6.666666666666667,3,10.0,3.0,1.632993161855452,3.0,2.75,66.66666666666666,83.33333333333334,86.66666666666667,8,26.666666666666668,3,10.0,9,30.0,5,16.666666666666664,1,3.3333333333333335,4,13.333333333333334
878,True,2.7333333333333334,1.6519348924485153,2.0,3.0,66.66666666666666,83.33333333333334,90.0,9,30.0,8,26.666666666666668,3,10.0,5,16.666666666666664,2,6.666666666666667,3,10.0,2.466666666666667,1.7838784213679537,2.0,2.75,73.33333333333333,83.33333333333334,86.66666666666667,14,46.666666666666664,5,16.666666666666664,3,10.0,3,10.0,1,3.3333333333333335,4,13.333333333333334,2.566666666666667,1.7829438827088442,2.0,3.0,70.0,83.33333333333334,86.66666666666667,13,43.333333333333336,5,16.666666666666664,3,10.0,4,13.333333333333334,1,3.3333333333333335,4,13.333333333333334,2.933333333333333,1.8245242911205346,2.0,3.0,63.33333333333333,76.66666666666667,83.33333333333334,9,30.0,7,23.333333333333332,3,10.0,4,13.333333333333334,2,6.666666666666667,5,16.666666666666664
879,True,2.8333333333333335,1.5933891203622825,3.0,1.75,80.0,83.33333333333334,86.66666666666667,8,26.666666666666668,4,13.333333333333334,12,40.0,1,3.3333333333333335,1,3.3333333333333335,4,13.333333333333334,2.4,1.5832456116050557,2.0,2.0,80.0,90.0,90.0,13,43.333333333333336,4,13.333333333333334,7,23.333333333333332,3,10.0,0,0.0,3,10.0,2.566666666666667,1.5205992970609392,2.5,2.0,80.0,90.0,90.0,10,33.33333333333333,5,16.666666666666664,9,30.0,3,10.0,0,0.0,3,10.0,2.966666666666667,1.7792008193443358,3.0,3.0,63.33333333333333,76.66666666666667,86.66666666666667,10,33.33333333333333,3,10.0,6,20.0,4,13.333333333333334,3,10.0,4,13.333333333333334
880,True,3.1666666666666665,1.5723301886761007,3.0,2.0,60.0,76.66666666666667,90.0,5,16.666666666666664,7,23.333333333333332,6,20.0,5,16.666666666666664,4,13.333333333333334,3,10.0,2.6666666666666665,1.9379255804998177,2.0,3.75,70.0,73.33333333333333,83.33333333333334,13,43.333333333333336,6,20.0,2,6.666666666666667,1,3.3333333333333335,3,10.0,5,16.666666666666664,2.7,1.8466185312619388,2.0,3.75,70.0,73.33333333333333,86.66666666666667,11,36.666666666666664,8,26.666666666666668,2,6.666666666666667,1,3.3333333333333335,4,13.333333333333334,4,13.333333333333334,3.1,1.9553345834749951,2.5,4.0,56.666666666666664,70.0,80.0,10,33.33333333333333,5,16.666666666666664,2,6.666666666666667,4,13.333333333333334,3,10.0,6,20.0
881,True,3.2666666666666666,1.5477582354991866,3.0,2.75,63.33333333333333,73.33333333333333,90.0,5,16.666666666666664,4,13.333333333333334,10,33.33333333333333,3,10.0,5,16.666666666666664,3,10.0,2.533333333333333,1.564892612574067,2.0,2.0,83.33333333333334,83.33333333333334,90.0,9,30.0,9,30.0,7,23.333333333333332,0,0.0,2,6.666666666666667,3,10.0,2.5,1.52206000757745,2.0,2.0,83.33333333333334,86.66666666666667,90.0,9,30.0,9,30.0,7,23.333333333333332,1,3.3333333333333335,1,3.3333333333333335,3,10.0,3.3,1.7916472867168918,3.0,3.0,63.33333333333333,66.66666666666666,80.0,5,16.666666666666664,8,26.666666666666668,6,20.0,1,3.3333333333333335,4,13.333333333333334,6,20.0
882,True,2.5,1.4776106839534333,2.0,2.0,83.33333333333334,90.0,90.0,9,30.0,8,26.666666666666668,8,26.666666666666668,2,6.666666666666667,0,0.0,3,10.0,2.1666666666666665,1.3682917167849193,2.0,2.0,86.66666666666667,90.0,96.66666666666667,13,43.333333333333336,7,23.333333333333332,6,20.0,1,3.3333333333333335,2,6.666666666666667,1,3.3333333333333335,2.3333333333333335,1.4907119849998596,2.0,2.0,80.0,90.0,93.33333333333333,12,40.0,7,23.333333333333332,5,16.666666666666664,3,10.0,1,3.3333333333333335,2,6.666666666666667,2.7,1.636052158907737,2.5,2.75,73.33333333333333,83.33333333333334,90.0,10,33.33333333333333,5,16.666666666666664,7,23.333333333333332,3,10.0,2,6.666666666666667,3,10.0
883,True,2.966666666666667,1.3034143197344767,3.0,1.75,73.33333333333333,83.33333333333334,96.66666666666667,4,13.333333333333334,7,23.333333333333332,11,36.666666666666664,3,10.0,4,13.333333333333334,1,3.3333333333333335,2.566666666666667,1.5423647068345698,2.0,2.0,76.66666666666667,83.33333333333334,93.33333333333333,9,30.0,9,30.0,5,16.666666666666664,2,6.666666666666667,3,10.0,2,6.666666666666667,2.6,1.6041612554021285,2.0,2.0,76.66666666666667,83.33333333333334,90.0,9,30.0,9,30.0,5,16.666666666666664,2,6.666666666666667,2,6.666666666666667,3,10.0,3.2,1.7962924780409972,3.0,2.75,60.0,73.33333333333333,80.0,6,20.0,8,26.666666666666668,4,13.333333333333334,4,13.333333333333334,2,6.666666666666667,6,20.0
884,True,2.933333333333333,1.7688665548562132,3.0,3.0,66.66666666666666,80.0,83.33333333333334,9,30.0,5,16.666666666666664,6,20.0,4,13.333333333333334,1,3.3333333333333335,5,16.666666666666664,2.566666666666667,1.5638272140986533,2.0,2.75,73.33333333333333,86.66666666666667,93.33333333333333,11,36.666666666666664,5,16.666666666666664,6,20.0,4,13.333333333333334,2,6.666666666666667,2,6.666666666666667,2.8,1.6613247725836149,2.0,2.75,70.0,83.33333333333334,86.66666666666667,8,26.666666666666668,8,26.666666666666668,5,16.666666666666664,4,13.333333333333334,1,3.3333333333333335,4,13.333333333333334,2.7,1.5088627063675033,3.0,3.0,66.66666666666666,86.66666666666667,96.66666666666667,10,33.33333333333333,4,13.333333333333334,6,20.0,6,20.0,3,10.0,1,3.3333333333333335
885,True,2.7,1.2948616399703357,2.5,1.0,76.66666666666667,93.33333333333333,93.33333333333333,5,16.666666666666664,10,33.33333333333333,8,26.666666666666668,5,16.666666666666664,0,0.0,2,6.666666666666667,2.6666666666666665,1.813529401164726,2.0,2.75,73.33333333333333,80.0,83.33333333333334,11,36.666666666666664,7,23.333333333333332,4,13.333333333333334,2,6.666666666666667,1,3.3333333333333335,5,16.666666666666664,2.7333333333333334,1.806162291219209,2.0,3.0,70.0,80.0,83.33333333333334,10,33.33333333333333,8,26.666666666666668,3,10.0,3,10.0,1,3.3333333333333335,5,16.666666666666664,3.566666666666667,1.6868774571839995,3.0,2.75,56.666666666666664,70.0,76.66666666666667,4,13.333333333333334,4,13.333333333333334,9,30.0,4,13.333333333333334,2,6.666666666666667,7,23.333333333333332
886,True,2.4,1.451436070471816,2.0,1.75,83.33333333333334,90.0,90.0,8,26.666666666666668,13,43.333333333333336,4,13.333333333333334,2,6.666666666666667,0,0.0,3,10.0,2.2,1.6812693617224654,1.5,1.0,80.0,83.33333333333334,90.0,15,50.0,8,26.666666666666668,1,3.3333333333333335,1,3.3333333333333335,2,6.666666666666667,3,10.0,2.3,1.656301099840646,2.0,2.0,76.66666666666667,86.66666666666667,90.0,14,46.666666666666664,7,23.333333333333332,2,6.666666666666667,3,10.0,1,3.3333333333333335,3,10.0,2.7333333333333334,1.7876116903722563,2.0,3.5,73.33333333333333,73.33333333333333,86.66666666666667,9,30.0,10,33.33333333333333,3,10.0,0,0.0,4,13.333333333333334,4,13.333333333333334
887,True,2.566666666666667,1.2023125864580955,3.0,1.0,80.0,96.66666666666667,96.66666666666667,7,23.333333333333332,7,23.333333333333332,10,33.33333333333333,5,16.666666666666664,0,0.0,1,3.3333333333333335,2.3666666666666667,1.4715826703096078,2.0,2.0,83.33333333333334,90.0,93.33333333333333,12,40.0,5,16.666666666666664,8,26.666666666666668,2,6.666666666666667,1,3.3333333333333335,2,6.666666666666667,2.4,1.540562667772179,2.0,2.0,83.33333333333334,90.0,90.0,12,40.0,5,16.666666666666664,8,26.666666666666668,2,6.666666666666667,0,0.0,3,10.0,3.066666666666667,1.590248058916875,3.0,2.0,70.0,80.0,86.66666666666667,6,20.0,5,16.666666666666664,10,33.33333333333333,3,10.0,2,6.666666666666667,4,13.333333333333334
888,True,2.8,1.7776388834631176,3.0,3.0,66.66666666666666,76.66666666666667,90.0,12,40.0,2,6.666666666666667,6,20.0,3,10.0,4,13.333333333333334,3,10.0,2.1666666666666665,1.654958878307521,1.0,2.0,76.66666666666667,86.66666666666667,93.33333333333333,18,60.0,2,6.666666666666667,3,10.0,3,10.0,2,6.666666666666667,2,6.666666666666667,2.2,1.5790292376436015,1.0,2.0,83.33333333333334,86.66666666666667,93.33333333333333,16,53.333333333333336,3,10.0,6,20.0,1,3.3333333333333335,2,6.666666666666667,2,6.666666666666667,2.9,2.0387904911164036,2.0,4.0,60.0,66.66666666666666,83.33333333333334,14,46.666666666666664,2,6.666666666666667,2,6.666666666666667,2,6.666666666666667,5,16.666666666666664,5,16.666666666666664
889,True,2.9,1.3503086067019396,3.0,1.0,76.66666666666667,86.66666666666667,93.33333333333333,5,16.666666666666664,6,20.0,12,40.0,3,10.0,2,6.666666666666667,2,6.666666666666667,2.6666666666666665,1.6599866130651644,2.0,2.0,76.66666666666667,80.0,90.0,10,33.33333333333333,6,20.0,7,23.333333333333332,1,3.3333333333333335,3,10.0,3,10.0,2.7,1.636052158907737,2.0,2.0,76.66666666666667,80.0,90.0,9,30.0,7,23.333333333333332,7,23.333333333333332,1,3.3333333333333335,3,10.0,3,10.0,3.1,1.619670748434179,3.0,2.0,70.0,76.66666666666667,86.66666666666667,6,20.0,5,16.666666666666664,10,33.33333333333333,2,6.666666666666667,3,10.0,4,13.333333333333334
890,True,2.566666666666667,1.054619467970425,3.0,1.0,80.0,100.0,100.0,7,23.333333333333332,5,16.666666666666664,12,40.0,6,20.0,0,0.0,0,0.0,2.566666666666667,1.7065234314893605,2.0,2.75,73.33333333333333,86.66666666666667,86.66666666666667,12,40.0,5,16.666666666666664,5,16.666666666666664,4,13.333333333333334,0,0.0,4,13.333333333333334,2.7,1.7916472867168918,2.0,3.0,70.0,83.33333333333334,83.33333333333334,11,36.666666666666664,6,20.0,4,13.333333333333334,4,13.333333333333334,0,0.0,5,16.666666666666664,3.1333333333333333,1.8571184369578826,3.0,3.0,56.666666666666664,76.66666666666667,80.0,9,30.0,4,13.333333333333334,4,13.333333333333334,6,20.0,1,3.3333333333333335,6,20.0
891,True,2.7333333333333334,1.4817407180595246,3.0,1.75,76.66666666666667,90.0,90.0,8,26.666666666666668,5,16.666666666666664,10,33.33333333333333,4,13.333333333333334,0,0.0,3,10.0,2.566666666666667,1.54236470683457,2.5,2.0,83.33333333333334,86.66666666666667,90.0,10,33.33333333333333,5,16.666666666666664,10,33.33333333333333,1,3.3333333333333335,1,3.3333333333333335,3,10.0,2.566666666666667,1.54236470683457,2.5,2.0,83.33333333333334,86.66666666666667,90.0,10,33.33333333333333,5,16.666666666666664,10,33.33333333333333,1,3.3333333333333335,1,3.3333333333333335,3,10.0,2.7333333333333334,1.4817407180595246,3.0,2.5,73.33333333333333,86.66666666666667,93.33333333333333,8,26.666666666666668,6,20.0,8,26.666666666666668,4,13.333333333333334,2,6.666666666666667,2,6.666666666666667
892,True,2.5,1.6278820596099706,2.0,2.0,80.0,83.33333333333334,90.0,11,36.666666666666664,7,23.333333333333332,6,20.0,1,3.3333333333333335,2,6.666666666666667,3,10.0,2.1333333333333333,1.7074997966487597,1.0,1.0,80.0,83.33333333333334,90.0,17,56.666666666666664,6,20.0,1,3.3333333333333335,1,3.3333333333333335,2,6.666666666666667,3,10.0,2.1666666666666665,1.694763175851488,1.0,1.0,80.0,83.33333333333334,90.0,16,53.333333333333336,7,23.333333333333332,1,3.3333333333333335,1,3.3333333333333335,2,6.666666666666667,3,10.0,2.3,1.6155494421403511,2.0,2.0,76.66666666666667,90.0,90.0,14,46.666666666666664,6,20.0,3,10.0,4,13.333333333333334,0,0.0,3,10.0
893,True,3.2,1.6411378166788229,3.0,2.0,53.333333333333336,80.0,86.66666666666667,6,20.0,6,20.0,4,13.333333333333334,8,26.666666666666668,2,6.666666666666667,4,13.333333333333334,2.6333333333333333,1.601735170231195,2.0,3.0,70.0,83.33333333333334,93.33333333333333,10,33.33333333333333,7,23.333333333333332,4,13.333333333333334,4,13.333333333333334,3,10.0,2,6.666666666666667,2.6333333333333333,1.601735170231195,2.0,3.0,70.0,83.33333333333334,93.33333333333333,10,33.33333333333333,7,23.333333333333332,4,13.333333333333334,4,13.333333333333334,3,10.0,2,6.666666666666667,3.1333333333333333,1.6679994670929073,3.0,2.0,56.666666666666664,80.0,86.66666666666667,7,23.333333333333332,5,16.666666666666664,5,16.666666666666664,7,23.333333333333332,2,6.666666666666667,4,13.333333333333334
894,True,3.1666666666666665,1.4624940645653535,3.0,2.0,60.0,83.33333333333334,90.0,4,13.333333333333334,7,23.333333333333332,7,23.333333333333332,7,23.333333333333332,2,6.666666666666667,3,10.0,2.7666666666666666,1.4533486237727762,2.0,2.0,70.0,86.66666666666667,93.33333333333333,6,20.0,10,33.33333333333333,5,16.666666666666664,5,16.666666666666664,2,6.666666666666667,2,6.666666666666667,2.9,1.5989579940281942,2.5,2.0,70.0,83.33333333333334,86.66666666666667,6,20.0,9,30.0,6,20.0,4,13.333333333333334,1,3.3333333333333335,4,13.333333333333334,3.2,1.6206994374857624,3.0,2.0,60.0,76.66666666666667,86.66666666666667,5,16.666666666666664,7,23.333333333333332,6,20.0,5,16.666666666666664,3,10.0,4,13.333333333333334
895,True,3.2,1.3759844960366863,3.0,2.0,60.0,86.66666666666667,90.0,3,10.0,7,23.333333333333332,8,26.666666666666668,8,26.666666666666668,1,3.3333333333333335,3,10.0,2.8666666666666667,1.5648926125740672,3.0,2.0,70.0,83.33333333333334,90.0,7,23.333333333333332,7,23.333333333333332,7,23.333333333333332,4,13.333333333333334,2,6.666666666666667,3,10.0,2.966666666666667,1.53803626600791,3.0,2.0,66.66666666666666,83.33333333333334,90.0,6,20.0,7,23.333333333333332,7,23.333333333333332,5,16.666666666666664,2,6.666666666666667,3,10.0,3.533333333333333,1.7074997966487597,3.0,3.0,53.333333333333336,70.0,76.66666666666667,3,10.0,8,26.666666666666668,5,16.666666666666664,5,16.666666666666664,2,6.666666666666667,7,23.333333333333332
896,True,3.1,1.6401219466856725,3.0,2.0,63.33333333333333,76.66666666666667,86.66666666666667,5,16.666666666666664,9,30.0,5,16.666666666666664,4,13.333333333333334,3,10.0,4,13.333333333333334,2.566666666666667,1.725945795466616,2.0,3.0,70.0,83.33333333333334,90.0,13,43.333333333333336,4,13.333333333333334,4,13.333333333333334,4,13.333333333333334,2,6.666666666666667,3,10.0,2.6,1.6653327995729064,2.0,3.0,70.0,80.0,93.33333333333333,11,36.666666666666664,7,23.333333333333332,3,10.0,3,10.0,4,13.333333333333334,2,6.666666666666667,2.8666666666666667,1.7838784213679537,2.0,3.75,63.33333333333333,73.33333333333333,90.0,10,33.33333333333333,6,20.0,3,10.0,3,10.0,5,16.666666666666664,3,10.0
897,True,2.533333333333333,1.3349989596333858,2.0,1.0,86.66666666666667,90.0,93.33333333333333,7,23.333333333333332,9,30.0,10,33.33333333333333,1,3.3333333333333335,1,3.3333333333333335,2,6.666666666666667,2.3333333333333335,1.5986105077709065,2.0,2.0,76.66666666666667,86.66666666666667,93.33333333333333,14,46.666666666666664,5,16.666666666666664,4,13.333333333333334,3,10.0,2,6.666666666666667,2,6.666666666666667,2.4,1.6041612554021285,2.0,2.0,80.0,86.66666666666667,90.0,12,40.0,7,23.333333333333332,5,16.666666666666664,2,6.666666666666667,1,3.3333333333333335,3,10.0,2.7666666666666666,1.8015425489162211,2.0,3.0,70.0,76.66666666666667,86.66666666666667,11,36.666666666666664,5,16.666666666666664,5,16.666666666666664,2,6.666666666666667,3,10.0,4,13.333333333333334
898,False,3.1666666666666665,1.694763175851488,3.0,2.0,56.666666666666664,80.0,83.33333333333334,6,20.0,7,23.333333333333332,4,13.333333333333334,7,23.333333333333332,1,3.3333333333333335,5,16.666666666666664,2.6666666666666665,1.5986105077709065,2.0,2.5,73.33333333333333,83.33333333333334,90.0,8,26.666666666666668,10,33.33333333333333,4,13.333333333333334,3,10.0,2,6.666666666666667,3,10.0,2.8333333333333335,1.654958878307521,2.0,2.75,63.33333333333333,86.66666666666667,86.66666666666667,8,26.666666666666668,8,26.666666666666668,3,10.0,7,23.333333333333332,0,0.0,4,13.333333333333334,3.2758620689655173,1.8174736487040604,3.0,3.0,55.172413793103445,72.41379310344827,79.3103448275862,6,20.689655172413794,7,24.137931034482758,3,10.344827586206897,5,17.24137931034483,2,6.896551724137931,6,20.689655172413794
899,True,3.0,1.6931233465600393,3.0,1.75,73.33333333333333,76.66666666666667,83.33333333333334,6,20.0,8,26.666666666666668,8,26.666666666666668,1,3.3333333333333335,2,6.666666666666667,5,16.666666666666664,2.3,1.3940349110884325,2.0,2.0,83.33333333333334,90.0,96.66666666666667,12,40.0,6,20.0,7,23.333333333333332,2,6.666666666666667,2,6.666666666666667,1,3.3333333333333335,2.3666666666666667,1.4487542541400487,2.0,2.0,83.33333333333334,90.0,93.33333333333333,11,36.666666666666664,7,23.333333333333332,7,23.333333333333332,2,6.666666666666667,1,3.3333333333333335,2,6.666666666666667,2.7666666666666666,1.6265163865007801,2.5,3.0,70.0,83.33333333333334,90.0,9,30.0,6,20.0,6,20.0,4,13.333333333333334,2,6.666666666666667,3,10.0
900,True,2.8666666666666667,1.5216949614017772,3.0,2.75,63.33333333333333,86.66666666666667,93.33333333333333,8,26.666666666666668,5,16.666666666666664,6,20.0,7,23.333333333333332,2,6.666666666666667,2,6.666666666666667,2.533333333333333,1.8208667044996885,2.0,2.75,73.33333333333333,83.33333333333334,83.33333333333334,13,43.333333333333336,6,20.0,3,10.0,3,10.0,0,0.0,5,16.666666666666664,2.433333333333333,1.6669999666733315,2.0,2.75,73.33333333333333,86.66666666666667,90.0,13,43.333333333333336,6,20.0,3,10.0,4,13.333333333333334,1,3.3333333333333335,3,10.0,3.3333333333333335,2.038517980189421,2.5,4.75,53.333333333333336,66.66666666666666,70.0,8,26.666666666666668,7,23.333333333333332,1,3.3333333333333335,4,13.333333333333334,1,3.3333333333333335,9,30.0
901,True,3.0,1.4375905768565218,3.0,2.0,70.0,80.0,93.33333333333333,4,13.333333333333334,9,30.0,8,26.666666666666668,3,10.0,4,13.333333333333334,2,6.666666666666667,2.6666666666666665,1.5347819244295118,2.0,1.0,76.66666666666667,80.0,93.33333333333333,7,23.333333333333332,11,36.666666666666664,5,16.666666666666664,1,3.3333333333333335,4,13.333333333333334,2,6.666666666666667,2.8666666666666667,1.6478942792411035,2.0,2.0,70.0,76.66666666666667,90.0,7,23.333333333333332,9,30.0,5,16.666666666666664,2,6.666666666666667,4,13.333333333333334,3,10.0,3.3666666666666667,1.6629959577688562,3.0,3.0,60.0,70.0,83.33333333333334,4,13.333333333333334,7,23.333333333333332,7,23.333333333333332,3,10.0,4,13.333333333333334,5,16.666666666666664
902,True,2.8666666666666667,1.586050300449376,3.0,2.5,73.33333333333333,86.66666666666667,86.66666666666667,8,26.666666666666668,4,13.333333333333334,10,33.33333333333333,4,13.333333333333334,0,0.0,4,13.333333333333334,2.3666666666666667,1.471582670309608,2.0,2.0,76.66666666666667,90.0,96.66666666666667,13,43.333333333333336,4,13.333333333333334,6,20.0,4,13.333333333333334,2,6.666666666666667,1,3.3333333333333335,2.533333333333333,1.6478942792411035,2.0,2.75,73.33333333333333,86.66666666666667,90.0,12,40.0,5,16.666666666666664,5,16.666666666666664,4,13.333333333333334,1,3.3333333333333335,3,10.0,2.8333333333333335,1.5933891203622828,3.0,3.0,66.66666666666666,83.33333333333334,93.33333333333333,10,33.33333333333333,2,6.666666666666667,8,26.666666666666668,5,16.666666666666664,3,10.0,2,6.666666666666667
903,True,2.433333333333333,1.430229196861662,2.0,2.0,80.0,90.0,93.33333333333333,9,30.0,10,33.33333333333333,5,16.666666666666664,3,10.0,1,3.3333333333333335,2,6.666666666666667,2.3666666666666667,1.4019827229875395,2.0,2.0,83.33333333333334,90.0,93.33333333333333,9,30.0,11,36.666666666666664,5,16.666666666666664,2,6.666666666666667,1,3.3333333333333335,2,6.666666666666667,2.3333333333333335,1.247219128924647,2.0,1.75,83.33333333333334,93.33333333333333,96.66666666666667,8,26.666666666666668,12,40.0,5,16.666666666666664,3,10.0,1,3.3333333333333335,1,3.3333333333333335,2.7333333333333334,1.590248058916875,2.0,2.5,73.33333333333333,83.33333333333334,90.0,8,26.666666666666668,8,26.666666666666668,6,20.0,3,10.0,2,6.666666666666667,3,10.0
904,True,2.8,1.6613247725836147,2.0,3.0,63.33333333333333,83.33333333333334,90.0,9,30.0,7,23.333333333333332,3,10.0,6,20.0,2,6.666666666666667,3,10.0,2.4,1.7625738755203046,2.0,1.75,80.0,83.33333333333334,83.33333333333334,12,40.0,10,33.33333333333333,2,6.666666666666667,1,3.3333333333333335,0,0.0,5,16.666666666666664,2.3666666666666667,1.6829207415152454,2.0,1.75,76.66666666666667,86.66666666666667,86.66666666666667,12,40.0,10,33.33333333333333,1,3.3333333333333335,3,10.0,0,0.0,4,13.333333333333334,3.066666666666667,1.8785337071473827,2.0,3.0,63.33333333333333,70.0,80.0,7,23.333333333333332,10,33.33333333333333,2,6.666666666666667,2,6.666666666666667,3,10.0,6,20.0
905,True,2.3333333333333335,1.2736648783028535,2.0,1.0,86.66666666666667,93.33333333333333,93.33333333333333,7,23.333333333333332,14,46.666666666666664,5,16.666666666666664,2,6.666666666666667,0,0.0,2,6.666666666666667,2.1,1.044030650891055,2.0,2.0,90.0,96.66666666666667,100.0,10,33.33333333333333,11,36.666666666666664,6,20.0,2,6.666666666666667,1,3.3333333333333335,0,0.0,2.3,1.2151817422372122,2.0,1.75,86.66666666666667,93.33333333333333,96.66666666666667,8,26.666666666666668,12,40.0,6,20.0,2,6.666666666666667,1,3.3333333333333335,1,3.3333333333333335,2.5,1.52206000757745,2.0,2.0,83.33333333333334,86.66666666666667,90.0,9,30.0,9,30.0,7,23.333333333333332,1,3.3333333333333335,1,3.3333333333333335,3,10.0
906,True,2.2666666666666666,1.2631530214330946,2.0,2.0,93.33333333333333,93.33333333333333,93.33333333333333,9,30.0,10,33.33333333333333,9,30.0,0,0.0,0,0.0,2,6.666666666666667,2.2666666666666666,1.6519348924485155,2.0,1.75,83.33333333333334,86.66666666666667,86.66666666666667,13,43.333333333333336,9,30.0,3,10.0,1,3.3333333333333335,0,0.0,4,13.333333333333334,2.1333333333333333,1.3597385369580761,2.0,1.75,86.66666666666667,93.33333333333333,93.33333333333333,12,40.0,10,33.33333333333333,4,13.333333333333334,2,6.666666666666667,0,0.0,2,6.666666666666667,2.6666666666666665,1.679947089113887,2.0,2.75,73.33333333333333,83.33333333333334,86.66666666666667,9,30.0,9,30.0,4,13.333333333333334,3,10.0,1,3.3333333333333335,4,13.333333333333334
907,True,2.8666666666666667,1.3097921802925665,3.0,2.0,70.0,86.66666666666667,96.66666666666667,4,13.333333333333334,10,33.33333333333333,7,23.333333333333332,5,16.666666666666664,3,10.0,1,3.3333333333333335,2.6333333333333333,1.4255603186895398,2.0,1.0,80.0,86.66666666666667,93.33333333333333,7,23.333333333333332,9,30.0,8,26.666666666666668,2,6.666666666666667,2,6.666666666666667,2,6.666666666666667,2.7333333333333334,1.5260697523012796,2.0,1.0,80.0,86.66666666666667,86.66666666666667,6,20.0,10,33.33333333333333,8,26.666666666666668,2,6.666666666666667,0,0.0,4,13.333333333333334,3.1,1.6802777548171413,3.0,2.0,70.0,76.66666666666667,83.33333333333334,6,20.0,6,20.0,9,30.0,2,6.666666666666667,2,6.666666666666667,5,16.666666666666664
908,True,2.7333333333333334,1.4817407180595246,3.0,1.75,76.66666666666667,90.0,90.0,8,26.666666666666668,5,16.666666666666664,10,33.33333333333333,4,13.333333333333334,0,0.0,3,10.0,2.4,1.518771433319269,2.0,2.0,76.66666666666667,90.0,93.33333333333333,12,40.0,6,20.0,5,16.666666666666664,4,13.333333333333334,1,3.3333333333333335,2,6.666666666666667,2.433333333333333,1.453348623772776,2.0,2.0,76.66666666666667,93.33333333333333,93.33333333333333,11,36.666666666666664,6,20.0,6,20.0,5,16.666666666666664,0,0.0,2,6.666666666666667,2.8,1.5790292376436015,2.5,2.75,70.0,80.0,93.33333333333333,8,26.666666666666668,7,23.333333333333332,6,20.0,3,10.0,4,13.333333333333334,2,6.666666666666667
909,True,2.3333333333333335,1.3984117975602022,2.0,2.0,80.0,93.33333333333333,93.33333333333333,10,33.33333333333333,10,33.33333333333333,4,13.333333333333334,4,13.333333333333334,0,0.0,2,6.666666666666667,2.1666666666666665,1.4624940645653537,2.0,1.75,83.33333333333334,90.0,93.33333333333333,13,43.333333333333336,9,30.0,3,10.0,2,6.666666666666667,1,3.3333333333333335,2,6.666666666666667,2.2333333333333334,1.4761059883656353,2.0,1.75,80.0,90.0,93.33333333333333,12,40.0,10,33.33333333333333,2,6.666666666666667,3,10.0,1,3.3333333333333335,2,6.666666666666667,2.8333333333333335,1.694763175851488,2.0,2.75,66.66666666666666,76.66666666666667,90.0,8,26.666666666666668,9,30.0,3,10.0,3,10.0,4,13.333333333333334,3,10.0
910,True,2.8333333333333335,1.2931443160847214,3.0,1.0,80.0,86.66666666666667,93.33333333333333,3,10.0,11,36.666666666666664,10,33.33333333333333,2,6.666666666666667,2,6.666666666666667,2,6.666666666666667,2.5,1.4548768561863463,2.0,1.0,80.0,90.0,90.0,7,23.333333333333332,13,43.333333333333336,4,13.333333333333334,3,10.0,0,0.0,3,10.0,2.6,1.540562667772179,2.0,1.75,73.33333333333333,86.66666666666667,90.0,7,23.333333333333332,13,43.333333333333336,2,6.666666666666667,4,13.333333333333334,1,3.3333333333333335,3,10.0,2.8,1.5362291495737217,2.0,1.75,73.33333333333333,83.33333333333334,90.0,6,20.0,10,33.33333333333333,6,20.0,3,10.0,2,6.666666666666667,3,10.0
911,True,3.0,1.505545305418162,3.0,2.0,63.33333333333333,86.66666666666667,90.0,6,20.0,6,20.0,7,23.333333333333332,7,23.333333333333332,1,3.3333333333333335,3,10.0,2.466666666666667,1.564892612574067,2.0,2.0,76.66666666666667,90.0,90.0,11,36.666666666666664,7,23.333333333333332,5,16.666666666666664,4,13.333333333333334,0,0.0,3,10.0,2.466666666666667,1.564892612574067,2.0,2.0,76.66666666666667,90.0,90.0,11,36.666666666666664,7,23.333333333333332,5,16.666666666666664,4,13.333333333333334,0,0.0,3,10.0,2.9,1.7194960502038572,3.0,3.0,66.66666666666666,80.0,86.66666666666667,9,30.0,5,16.666666666666664,6,20.0,4,13.333333333333334,2,6.666666666666667,4,13.333333333333334
912,True,2.8666666666666667,1.586050300449376,3.0,1.75,73.33333333333333,80.0,90.0,7,23.333333333333332,7,23.333333333333332,8,26.666666666666668,2,6.666666666666667,3,10.0,3,10.0,2.3,1.242309676905615,2.0,2.0,83.33333333333334,96.66666666666667,96.66666666666667,10,33.33333333333333,8,26.666666666666668,7,23.333333333333332,4,13.333333333333334,0,0.0,1,3.3333333333333335,2.5,1.408308678285174,2.0,2.0,83.33333333333334,90.0,93.33333333333333,9,30.0,7,23.333333333333332,9,30.0,2,6.666666666666667,1,3.3333333333333335,2,6.666666666666667,2.9,1.7194960502038574,3.0,3.0,66.66666666666666,80.0,86.66666666666667,9,30.0,5,16.666666666666664,6,20.0,4,13.333333333333334,2,6.666666666666667,4,13.333333333333334
913,True,2.6333333333333333,1.6017351702311948,2.0,2.0,76.66666666666667,83.33333333333334,90.0,9,30.0,8,26.666666666666668,6,20.0,2,6.666666666666667,2,6.666666666666667,3,10.0,2.2333333333333334,1.5849991237291654,2.0,2.0,80.0,90.0,90.0,14,46.666666666666664,7,23.333333333333332,3,10.0,3,10.0,0,0.0,3,10.0,2.5,1.8393839548428526,2.0,2.75,73.33333333333333,83.33333333333334,83.33333333333334,14,46.666666666666664,5,16.666666666666664,3,10.0,3,10.0,0,0.0,5,16.666666666666664,2.8333333333333335,1.771690968789108,2.5,3.0,66.66666666666666,83.33333333333334,83.33333333333334,10,33.33333333333333,5,16.666666666666664,5,16.666666666666664,5,16.666666666666664,0,0.0,5,16.666666666666664
914,True,3.1,1.491084616423003,3.0,2.0,63.33333333333333,86.66666666666667,86.66666666666667,4,13.333333333333334,8,26.666666666666668,7,23.333333333333332,7,23.333333333333332,0,0.0,4,13.333333333333334,2.433333333333333,1.6669999666733315,2.0,2.75,73.33333333333333,86.66666666666667,90.0,13,43.333333333333336,6,20.0,3,10.0,4,13.333333333333334,1,3.3333333333333335,3,10.0,2.3333333333333335,1.5129074290546958,2.0,2.0,76.66666666666667,90.0,93.33333333333333,12,40.0,8,26.666666666666668,3,10.0,4,13.333333333333334,1,3.3333333333333335,2,6.666666666666667,2.8333333333333335,1.5933891203622825,2.5,2.75,63.33333333333333,86.66666666666667,90.0,8,26.666666666666668,7,23.333333333333332,4,13.333333333333334,7,23.333333333333332,1,3.3333333333333335,3,10.0
915,True,2.966666666666667,1.5162087220725546,3.0,2.0,70.0,83.33333333333334,90.0,6,20.0,6,20.0,9,30.0,4,13.333333333333334,2,6.666666666666667,3,10.0,2.466666666666667,1.521694961401777,2.0,2.0,76.66666666666667,86.66666666666667,93.33333333333333,10,33.33333333333333,9,30.0,4,13.333333333333334,3,10.0,2,6.666666666666667,2,6.666666666666667,2.6333333333333333,1.5595583420386114,2.0,3.0,70.0,90.0,90.0,9,30.0,8,26.666666666666668,4,13.333333333333334,6,20.0,0,0.0,3,10.0,2.8666666666666667,1.521694961401777,2.5,2.0,70.0,80.0,93.33333333333333,6,20.0,9,30.0,6,20.0,3,10.0,4,13.333333333333334,2,6.666666666666667
916,True,2.6333333333333333,1.5162087220725546,2.0,1.0,83.33333333333334,86.66666666666667,86.66666666666667,6,20.0,12,40.0,7,23.333333333333332,1,3.3333333333333335,0,0.0,4,13.333333333333334,2.2333333333333334,1.4067298564006128,2.0,2.0,83.33333333333334,93.33333333333333,93.33333333333333,12,40.0,8,26.666666666666668,5,16.666666666666664,3,10.0,0,0.0,2,6.666666666666667,2.2666666666666666,1.2892719737209144,2.0,2.0,83.33333333333334,93.33333333333333,96.66666666666667,10,33.33333333333333,10,33.33333333333333,5,16.666666666666664,3,10.0,1,3.3333333333333335,1,3.3333333333333335,2.433333333333333,1.4302291968616623,2.0,2.0,80.0,90.0,93.33333333333333,9,30.0,10,33.33333333333333,5,16.666666666666664,3,10.0,1,3.3333333333333335,2,6.666666666666667
917,True,2.5,1.3844373104863459,2.0,1.0,80.0,90.0,93.33333333333333,7,23.333333333333332,12,40.0,5,16.666666666666664,3,10.0,1,3.3333333333333335,2,6.666666666666667,2.2666666666666666,1.6719914938645934,1.5,2.0,76.66666666666667,86.66666666666667,90.0,15,50.0,6,20.0,2,6.666666666666667,3,10.0,1,3.3333333333333335,3,10.0,2.3,1.656301099840646,2.0,2.0,76.66666666666667,86.66666666666667,90.0,14,46.666666666666664,7,23.333333333333332,2,6.666666666666667,3,10.0,1,3.3333333333333335,3,10.0,2.8666666666666667,1.7269111795984826,2.5,3.0,66.66666666666666,80.0,86.66666666666667,9,30.0,6,20.0,5,16.666666666666664,4,13.333333333333334,2,6.666666666666667,4,13.333333333333334
918,True,3.033333333333333,1.4715826703096075,3.0,1.75,73.33333333333333,83.33333333333334,86.66666666666667,3,10.0,10,33.33333333333333,9,30.0,3,10.0,1,3.3333333333333335,4,13.333333333333334,2.6,1.6041612554021287,2.0,2.75,73.33333333333333,86.66666666666667,90.0,10,33.33333333333333,7,23.333333333333332,5,16.666666666666664,4,13.333333333333334,1,3.3333333333333335,3,10.0,2.6333333333333333,1.6224124698183944,2.0,1.75,80.0,83.33333333333334,86.66666666666667,8,26.666666666666668,10,33.33333333333333,6,20.0,1,3.3333333333333335,1,3.3333333333333335,4,13.333333333333334,3.033333333333333,1.7792008193443356,3.0,2.75,63.33333333333333,76.66666666666667,83.33333333333334,8,26.666666666666668,6,20.0,5,16.666666666666664,4,13.333333333333334,2,6.666666666666667,5,16.666666666666664
919,True,2.8,1.5143755588800727,2.5,2.0,70.0,83.33333333333334,93.33333333333333,7,23.333333333333332,8,26.666666666666668,6,20.0,4,13.333333333333334,3,10.0,2,6.666666666666667,2.3666666666666667,1.4940623220676645,2.0,2.0,76.66666666666667,90.0,93.33333333333333,11,36.666666666666664,9,30.0,3,10.0,4,13.333333333333334,1,3.3333333333333335,2,6.666666666666667,2.466666666666667,1.521694961401777,2.0,2.0,76.66666666666667,86.66666666666667,93.33333333333333,10,33.33333333333333,9,30.0,4,13.333333333333334,3,10.0,2,6.666666666666667,2,6.666666666666667,2.9,1.6802777548171413,2.5,2.75,63.33333333333333,83.33333333333334,86.66666666666667,8,26.666666666666668,7,23.333333333333332,4,13.333333333333334,6,20.0,1,3.3333333333333335,4,13.333333333333334
920,True,2.8,1.5362291495737217,2.5,2.75,63.33333333333333,86.66666666666667,93.33333333333333,8,26.666666666666668,7,23.333333333333332,4,13.333333333333334,7,23.333333333333332,2,6.666666666666667,2,6.666666666666667,2.3333333333333335,1.639783183499846,2.0,2.0,76.66666666666667,83.33333333333334,93.33333333333333,14,46.666666666666664,6,20.0,3,10.0,2,6.666666666666667,3,10.0,2,6.666666666666667,2.5,1.7654083569153813,2.0,3.0,70.0,76.66666666666667,93.33333333333333,14,46.666666666666664,5,16.666666666666664,2,6.666666666666667,2,6.666666666666667,5,16.666666666666664,2,6.666666666666667,2.8333333333333335,1.8089284734953512,2.5,3.0,60.0,76.66666666666667,90.0,12,40.0,3,10.0,3,10.0,5,16.666666666666664,4,13.333333333333334,3,10.0
921,True,2.933333333333333,1.569146972791976,2.5,2.0,70.0,83.33333333333334,86.66666666666667,5,16.666666666666664,10,33.33333333333333,6,20.0,4,13.333333333333334,1,3.3333333333333335,4,13.333333333333334,2.3666666666666667,1.6224124698183942,2.0,2.75,73.33333333333333,86.66666666666667,93.33333333333333,14,46.666666666666664,5,16.666666666666664,3,10.0,4,13.333333333333334,2,6.666666666666667,2,6.666666666666667,2.4,1.685229954635272,2.0,2.0,76.66666666666667,83.33333333333334,90.0,13,43.333333333333336,7,23.333333333333332,3,10.0,2,6.666666666666667,2,6.666666666666667,3,10.0,2.9,1.7578395831246945,2.5,3.0,60.0,76.66666666666667,90.0,10,33.33333333333333,5,16.666666666666664,3,10.0,5,16.666666666666664,4,13.333333333333334,3,10.0
922,True,2.433333333333333,1.5638272140986533,2.0,2.0,76.66666666666667,86.66666666666667,93.33333333333333,12,40.0,6,20.0,5,16.666666666666664,3,10.0,2,6.666666666666667,2,6.666666666666667,2.1,1.619670748434179,1.0,1.0,83.33333333333334,86.66666666666667,90.0,16,53.333333333333336,7,23.333333333333332,2,6.666666666666667,1,3.3333333333333335,1,3.3333333333333335,3,10.0,2.1666666666666665,1.6549588783075213,1.0,1.75,80.0,86.66666666666667,90.0,16,53.333333333333336,6,20.0,2,6.666666666666667,2,6.666666666666667,1,3.3333333333333335,3,10.0,2.3333333333333335,1.699673171197595,2.0,2.0,80.0,86.66666666666667,86.66666666666667,14,46.666666666666664,6,20.0,4,13.333333333333334,2,6.666666666666667,0,0.0,4,13.333333333333334
923,True,3.2666666666666666,1.5902480589168748,3.0,2.0,66.66666666666666,76.66666666666667,83.33333333333334,4,13.333333333333334,6,20.0,10,33.33333333333333,3,10.0,2,6.666666666666667,5,16.666666666666664,2.433333333333333,1.4302291968616623,2.0,2.0,83.33333333333334,90.0,93.33333333333333,10,33.33333333333333,7,23.333333333333332,8,26.666666666666668,2,6.666666666666667,1,3.3333333333333335,2,6.666666666666667,2.5,1.5,2.0,2.0,83.33333333333334,90.0,90.0,10,33.33333333333333,6,20.0,9,30.0,2,6.666666666666667,0,0.0,3,10.0,2.6666666666666665,1.6193277068654826,2.0,2.0,80.0,80.0,90.0,9,30.0,7,23.333333333333332,8,26.666666666666668,0,0.0,3,10.0,3,10.0
924,True,3.3666666666666667,1.3535960336164634,3.0,1.75,60.0,80.0,90.0,2,6.666666666666667,6,20.0,10,33.33333333333333,6,20.0,3,10.0,3,10.0,2.7333333333333334,1.6316317667360556,2.0,1.75,73.33333333333333,83.33333333333334,86.66666666666667,7,23.333333333333332,11,36.666666666666664,4,13.333333333333334,3,10.0,1,3.3333333333333335,4,13.333333333333334,2.8,1.5790292376436015,2.0,2.0,66.66666666666666,83.33333333333334,90.0,6,20.0,12,40.0,2,6.666666666666667,5,16.666666666666664,2,6.666666666666667,3,10.0,3.2,1.8147543451754935,3.0,3.0,63.33333333333333,70.0,80.0,6,20.0,8,26.666666666666668,5,16.666666666666664,2,6.666666666666667,3,10.0,6,20.0
925,True,2.7,1.6763054614240211,2.0,2.75,73.33333333333333,83.33333333333334,86.66666666666667,9,30.0,8,26.666666666666668,5,16.666666666666664,3,10.0,1,3.3333333333333335,4,13.333333333333334,2.3333333333333335,1.699673171197595,2.0,1.75,80.0,80.0,90.0,13,43.333333333333336,9,30.0,2,6.666666666666667,0,0.0,3,10.0,3,10.0,2.3333333333333335,1.6599866130651644,2.0,2.0,80.0,83.33333333333334,90.0,13,43.333333333333336,8,26.666666666666668,3,10.0,1,3.3333333333333335,2,6.666666666666667,3,10.0,2.533333333333333,1.6679994670929073,2.0,2.0,76.66666666666667,76.66666666666667,93.33333333333333,11,36.666666666666664,8,26.666666666666668,4,13.333333333333334,0,0.0,5,16.666666666666664,2,6.666666666666667
926,True,2.8666666666666667,1.586050300449376,2.5,1.75,73.33333333333333,83.33333333333334,86.66666666666667,6,20.0,9,30.0,7,23.333333333333332,3,10.0,1,3.3333333333333335,4,13.333333333333334,2.466666666666667,1.4772346537440226,2.0,2.0,76.66666666666667,90.0,93.33333333333333,10,33.33333333333333,8,26.666666666666668,5,16.666666666666664,4,13.333333333333334,1,3.3333333333333335,2,6.666666666666667,2.466666666666667,1.4313940369055924,2.0,2.0,80.0,90.0,93.33333333333333,9,30.0,9,30.0,6,20.0,3,10.0,1,3.3333333333333335,2,6.666666666666667,2.9,1.5567059238447487,3.0,2.75,60.0,80.0,96.66666666666667,8,26.666666666666668,6,20.0,4,13.333333333333334,6,20.0,5,16.666666666666664,1,3.3333333333333335
927,True,3.0,1.3165611772087666,3.0,2.0,66.66666666666666,90.0,93.33333333333333,4,13.333333333333334,7,23.333333333333332,9,30.0,7,23.333333333333332,1,3.3333333333333335,2,6.666666666666667,2.6333333333333333,1.5807874268505835,2.0,2.75,73.33333333333333,86.66666666666667,90.0,9,30.0,8,26.666666666666668,5,16.666666666666664,4,13.333333333333334,1,3.3333333333333335,3,10.0,2.7,1.5737428845483836,2.0,1.75,76.66666666666667,83.33333333333334,90.0,8,26.666666666666668,8,26.666666666666668,7,23.333333333333332,2,6.666666666666667,2,6.666666666666667,3,10.0,3.1333333333333333,1.687865186822955,3.0,2.0,60.0,80.0,83.33333333333334,6,20.0,7,23.333333333333332,5,16.666666666666664,6,20.0,1,3.3333333333333335,5,16.666666666666664
928,True,2.7333333333333334,1.730767331432956,2.0,2.75,73.33333333333333,83.33333333333334,83.33333333333334,9,30.0,8,26.666666666666668,5,16.666666666666664,3,10.0,0,0.0,5,16.666666666666664,2.3,1.6360521589077368,2.0,2.0,80.0,86.66666666666667,90.0,14,46.666666666666664,6,20.0,4,13.333333333333334,2,6.666666666666667,1,3.3333333333333335,3,10.0,2.2333333333333334,1.54236470683457,2.0,2.0,83.33333333333334,90.0,90.0,13,43.333333333333336,8,26.666666666666668,4,13.333333333333334,2,6.666666666666667,0,0.0,3,10.0,2.8,1.7776388834631176,2.5,3.0,60.0,80.0,90.0,12,40.0,3,10.0,3,10.0,6,20.0,3,10.0,3,10.0
929,True,2.6333333333333333,1.4715826703096075,2.5,2.75,73.33333333333333,90.0,93.33333333333333,9,30.0,6,20.0,7,23.333333333333332,5,16.666666666666664,1,3.3333333333333335,2,6.666666666666667,2.2,1.4696938456699067,2.0,2.0,83.33333333333334,90.0,93.33333333333333,13,43.333333333333336,8,26.666666666666668,4,13.333333333333334,2,6.666666666666667,1,3.3333333333333335,2,6.666666666666667,2.4,1.6041612554021285,2.0,2.0,80.0,86.66666666666667,90.0,12,40.0,7,23.333333333333332,5,16.666666666666664,2,6.666666666666667,1,3.3333333333333335,3,10.0,3.066666666666667,1.9136933459209762,3.0,3.75,60.0,73.33333333333333,80.0,10,33.33333333333333,4,13.333333333333334,4,13.333333333333334,4,13.333333333333334,2,6.666666666666667,6,20.0
930,True,2.466666666666667,1.4313940369055926,2.0,2.0,76.66666666666667,93.33333333333333,93.33333333333333,10,33.33333333333333,7,23.333333333333332,6,20.0,5,16.666666666666664,0,0.0,2,6.666666666666667,2.2,1.4696938456699071,2.0,2.0,80.0,93.33333333333333,93.33333333333333,14,46.666666666666664,6,20.0,4,13.333333333333334,4,13.333333333333334,0,0.0,2,6.666666666666667,2.4,1.624807680927192,2.0,2.75,73.33333333333333,90.0,90.0,13,43.333333333333336,6,20.0,3,10.0,5,16.666666666666664,0,0.0,3,10.0,2.6333333333333333,1.7413277182145301,2.0,3.0,70.0,83.33333333333334,86.66666666666667,11,36.666666666666664,7,23.333333333333332,3,10.0,4,13.333333333333334,1,3.3333333333333335,4,13.333333333333334
931,True,2.566666666666667,1.4067298564006128,3.0,2.0,83.33333333333334,90.0,93.33333333333333,9,30.0,5,16.666666666666664,11,36.666666666666664,2,6.666666666666667,1,3.3333333333333335,2,6.666666666666667,2.2,1.5577761927397231,2.0,1.75,86.66666666666667,86.66666666666667,90.0,13,43.333333333333336,9,30.0,4,13.333333333333334,0,0.0,1,3.3333333333333335,3,10.0,2.2333333333333334,1.5205992970609392,2.0,2.0,86.66666666666667,90.0,90.0,13,43.333333333333336,7,23.333333333333332,6,20.0,1,3.3333333333333335,0,0.0,3,10.0,2.5,1.5652475842498528,2.0,2.0,80.0,86.66666666666667,90.0,10,33.33333333333333,8,26.666666666666668,6,20.0,2,6.666666666666667,1,3.3333333333333335,3,10.0
932,True,2.7,1.5088627063675033,3.0,3.0,66.66666666666666,86.66666666666667,96.66666666666667,10,33.33333333333333,4,13.333333333333334,6,20.0,6,20.0,3,10.0,1,3.3333333333333335,2.2333333333333334,1.5205992970609392,1.5,2.0,83.33333333333334,90.0,93.33333333333333,15,50.0,3,10.0,7,23.333333333333332,2,6.666666666666667,1,3.3333333333333335,2,6.666666666666667,2.433333333333333,1.7065234314893605,2.0,2.0,76.66666666666667,83.33333333333334,90.0,14,46.666666666666664,4,13.333333333333334,5,16.666666666666664,2,6.666666666666667,2,6.666666666666667,3,10.0,2.966666666666667,1.8526257642120338,3.0,3.75,66.66666666666666,73.33333333333333,83.33333333333334,10,33.33333333333333,4,13.333333333333334,6,20.0,2,6.666666666666667,3,10.0,5,16.666666666666664
933,True,2.3333333333333335,1.247219128924647,2.0,2.0,83.33333333333334,96.66666666666667,96.66666666666667,10,33.33333333333333,7,23.333333333333332,8,26.666666666666668,4,13.333333333333334,0,0.0,1,3.3333333333333335,2.2666666666666666,1.4817407180595246,2.0,2.0,83.33333333333334,90.0,93.33333333333333,13,43.333333333333336,6,20.0,6,20.0,2,6.666666666666667,1,3.3333333333333335,2,6.666666666666667,2.433333333333333,1.6265163865007801,2.0,2.0,83.33333333333334,86.66666666666667,86.66666666666667,11,36.666666666666664,8,26.666666666666668,6,20.0,1,3.3333333333333335,0,0.0,4,13.333333333333334,2.466666666666667,1.4996295838935991,2.0,2.0,76.66666666666667,90.0,93.33333333333333,11,36.666666666666664,6,20.0,6,20.0,4,13.333333333333334,1,3.3333333333333335,2,6.666666666666667
934,True,2.2333333333333334,1.5638272140986533,2.0,1.75,80.0,90.0,90.0,13,43.333333333333336,9,30.0,2,6.666666666666667,3,10.0,0,0.0,3,10.0,1.9,1.1647603473104098,1.5,1.0,83.33333333333334,96.66666666666667,100.0,15,50.0,9,30.0,1,3.3333333333333335,4,13.333333333333334,1,3.3333333333333335,0,0.0,2.0,1.390443574307614,1.5,1.0,86.66666666666667,93.33333333333333,93.33333333333333,15,50.0,8,26.666666666666668,3,10.0,2,6.666666666666667,0,0.0,2,6.666666666666667,2.3,1.5737428845483834,2.0,2.0,80.0,90.0,90.0,13,43.333333333333336,7,23.333333333333332,4,13.333333333333334,3,10.0,0,0.0,3,10.0
935,True,2.7666666666666666,1.5638272140986536,2.5,2.5,73.33333333333333,80.0,93.33333333333333,8,26.666666666666668,7,23.333333333333332,7,23.333333333333332,2,6.666666666666667,4,13.333333333333334,2,6.666666666666667,2.4,1.624807680927192,2.0,2.0,83.33333333333334,83.33333333333334,90.0,12,40.0,7,23.333333333333332,6,20.0,0,0.0,2,6.666666666666667,3,10.0,2.6333333333333333,1.7978382080215733,2.0,2.0,76.66666666666667,80.0,83.33333333333334,11,36.666666666666664,7,23.333333333333332,5,16.666666666666664,1,3.3333333333333335,1,3.3333333333333335,5,16.666666666666664,2.933333333333333,1.7876116903722563,2.5,3.75,66.66666666666666,73.33333333333333,86.66666666666667,9,30.0,6,20.0,5,16.666666666666664,2,6.666666666666667,4,13.333333333333334,4,13.333333333333334
936,True,2.6333333333333333,1.196754871401083,3.0,1.0,83.33333333333334,93.33333333333333,96.66666666666667,6,20.0,7,23.333333333333332,12,40.0,3,10.0,1,3.3333333333333335,1,3.3333333333333335,2.4,1.4047538337136984,2.0,2.0,86.66666666666667,90.0,93.33333333333333,10,33.33333333333333,7,23.333333333333332,9,30.0,1,3.3333333333333335,1,3.3333333333333335,2,6.666666666666667,2.3666666666666667,1.32874209519965,2.0,2.0,86.66666666666667,90.0,96.66666666666667,10,33.33333333333333,7,23.333333333333332,9,30.0,1,3.3333333333333335,2,6.666666666666667,1,3.3333333333333335,3.1,1.7194960502038572,3.0,2.0,66.66666666666666,76.66666666666667,83.33333333333334,7,23.333333333333332,5,16.666666666666664,8,26.666666666666668,3,10.0,2,6.666666666666667,5,16.666666666666664
937,True,2.966666666666667,1.4715826703096075,3.0,2.0,63.33333333333333,90.0,90.0,6,20.0,6,20.0,7,23.333333333333332,8,26.666666666666668,0,0.0,3,10.0,2.533333333333333,1.3840359661351131,2.5,2.75,73.33333333333333,93.33333333333333,96.66666666666667,10,33.33333333333333,5,16.666666666666664,7,23.333333333333332,6,20.0,1,3.3333333333333335,1,3.3333333333333335,2.7666666666666666,1.5849991237291654,2.5,3.0,63.33333333333333,90.0,90.0,9,30.0,6,20.0,4,13.333333333333334,8,26.666666666666668,0,0.0,3,10.0,2.7666666666666666,1.4985177861992682,3.0,3.0,63.33333333333333,86.66666666666667,96.66666666666667,9,30.0,5,16.666666666666664,5,16.666666666666664,7,23.333333333333332,3,10.0,1,3.3333333333333335
938,True,2.8,1.4922019523732928,2.5,2.0,66.66666666666666,86.66666666666667,93.33333333333333,7,23.333333333333332,8,26.666666666666668,5,16.666666666666664,6,20.0,2,6.666666666666667,2,6.666666666666667,2.5,1.6278820596099706,2.0,2.0,76.66666666666667,83.33333333333334,90.0,10,33.33333333333333,10,33.33333333333333,3,10.0,2,6.666666666666667,2,6.666666666666667,3,10.0,2.6666666666666665,1.6397831834998458,2.0,3.0,70.0,83.33333333333334,90.0,9,30.0,9,30.0,3,10.0,4,13.333333333333334,2,6.666666666666667,3,10.0,3.066666666666667,1.8245242911205344,2.5,3.5,60.0,73.33333333333333,83.33333333333334,8,26.666666666666668,7,23.333333333333332,3,10.0,4,13.333333333333334,3,10.0,5,16.666666666666664
939,True,2.433333333333333,1.085766498326822,2.0,1.0,80.0,96.66666666666667,100.0,6,20.0,12,40.0,6,20.0,5,16.666666666666664,1,3.3333333333333335,0,0.0,2.3,1.636052158907737,2.0,1.75,83.33333333333334,86.66666666666667,86.66666666666667,12,40.0,10,33.33333333333333,3,10.0,1,3.3333333333333335,0,0.0,4,13.333333333333334,2.3,1.4866068747318506,2.0,2.0,80.0,90.0,93.33333333333333,12,40.0,8,26.666666666666668,4,13.333333333333334,3,10.0,1,3.3333333333333335,2,6.666666666666667,2.7666666666666666,1.5638272140986533,2.5,2.75,70.0,86.66666666666667,90.0,8,26.666666666666668,7,23.333333333333332,6,20.0,5,16.666666666666664,1,3.3333333333333335,3,10.0
940,True,2.8666666666666667,1.687865186822955,3.0,3.0,70.0,76.66666666666667,90.0,9,30.0,5,16.666666666666664,7,23.333333333333332,2,6.666666666666667,4,13.333333333333334,3,10.0,2.566666666666667,1.7259457954666158,2.0,2.75,73.33333333333333,80.0,90.0,12,40.0,6,20.0,4,13.333333333333334,2,6.666666666666667,3,10.0,3,10.0,2.6666666666666665,1.6397831834998458,2.0,3.0,66.66666666666666,83.33333333333334,93.33333333333333,11,36.666666666666664,5,16.666666666666664,4,13.333333333333334,5,16.666666666666664,3,10.0,2,6.666666666666667,3.3,1.8101565309847287,3.0,3.0,56.666666666666664,66.66666666666666,83.33333333333334,7,23.333333333333332,5,16.666666666666664,5,16.666666666666664,3,10.0,5,16.666666666666664,5,16.666666666666664
941,True,3.1666666666666665,1.5509853498842454,3.0,2.0,66.66666666666666,80.0,86.66666666666667,5,16.666666666666664,5,16.666666666666664,10,33.33333333333333,4,13.333333333333334,2,6.666666666666667,4,13.333333333333334,2.8,1.6206994374857624,2.5,2.5,73.33333333333333,80.0,90.0,8,26.666666666666668,7,23.333333333333332,7,23.333333333333332,2,6.666666666666667,3,10.0,3,10.0,2.8666666666666667,1.627540748764494,3.0,1.0,76.66666666666667,80.0,86.66666666666667,7,23.333333333333332,7,23.333333333333332,9,30.0,1,3.3333333333333335,2,6.666666666666667,4,13.333333333333334,3.5,1.857417562100671,3.0,3.0,53.333333333333336,63.33333333333333,76.66666666666667,6,20.0,5,16.666666666666664,5,16.666666666666664,3,10.0,4,13.333333333333334,7,23.333333333333332
942,True,2.9,1.5989579940281942,2.5,2.0,70.0,83.33333333333334,86.66666666666667,6,20.0,9,30.0,6,20.0,4,13.333333333333334,1,3.3333333333333335,4,13.333333333333334,2.533333333333333,1.586050300449376,2.0,3.0,70.0,86.66666666666667,93.33333333333333,11,36.666666666666664,7,23.333333333333332,3,10.0,5,16.666666666666664,2,6.666666666666667,2,6.666666666666667,2.7666666666666666,1.7065234314893605,2.0,3.0,66.66666666666666,80.0,90.0,10,33.33333333333333,6,20.0,4,13.333333333333334,4,13.333333333333334,3,10.0,3,10.0,2.966666666666667,1.6428295373802142,2.5,2.0,60.0,80.0,90.0,7,23.333333333333332,8,26.666666666666668,3,10.0,6,20.0,3,10.0,3,10.0
943,True,3.0,1.6532795690182993,3.0,2.0,70.0,76.66666666666667,86.66666666666667,6,20.0,8,26.666666666666668,7,23.333333333333332,2,6.666666666666667,3,10.0,4,13.333333333333334,2.5,1.6683325008322931,2.0,2.75,73.33333333333333,86.66666666666667,90.0,13,43.333333333333336,4,13.333333333333334,5,16.666666666666664,4,13.333333333333334,1,3.3333333333333335,3,10.0,2.6,1.5620499351813306,2.5,2.75,73.33333333333333,86.66666666666667,93.33333333333333,11,36.666666666666664,4,13.333333333333334,7,23.333333333333332,4,13.333333333333334,2,6.666666666666667,2,6.666666666666667,2.8333333333333335,1.6346933113652304,3.0,2.5,73.33333333333333,83.33333333333334,86.66666666666667,8,26.666666666666668,6,20.0,8,26.666666666666668,3,10.0,1,3.3333333333333335,4,13.333333333333334
944,True,2.7333333333333334,1.339983416149452,3.0,2.0,66.66666666666666,93.33333333333333,96.66666666666667,7,23.333333333333332,7,23.333333333333332,6,20.0,8,26.666666666666668,1,3.3333333333333335,1,3.3333333333333335,2.2,1.5790292376436015,2.0,1.75,80.0,90.0,90.0,14,46.666666666666664,8,26.666666666666668,2,6.666666666666667,3,10.0,0,0.0,3,10.0,2.3,1.6155494421403511,2.0,2.0,80.0,86.66666666666667,90.0,13,43.333333333333336,8,26.666666666666668,3,10.0,2,6.666666666666667,1,3.3333333333333335,3,10.0,2.6333333333333333,1.601735170231195,2.0,3.0,70.0,86.66666666666667,90.0,9,30.0,9,30.0,3,10.0,5,16.666666666666664,1,3.3333333333333335,3,10.0
945,True,3.2,1.5577761927397231,3.0,2.0,63.33333333333333,80.0,86.66666666666667,5,16.666666666666664,5,16.666666666666664,9,30.0,5,16.666666666666664,2,6.666666666666667,4,13.333333333333334,2.533333333333333,1.687865186822955,2.0,2.75,73.33333333333333,83.33333333333334,90.0,12,40.0,6,20.0,4,13.333333333333334,3,10.0,2,6.666666666666667,3,10.0,2.8,1.851125783588643,2.0,3.0,70.0,76.66666666666667,83.33333333333334,11,36.666666666666664,5,16.666666666666664,5,16.666666666666664,2,6.666666666666667,2,6.666666666666667,5,16.666666666666664,2.9,1.598957994028194,3.0,2.75,66.66666666666666,83.33333333333334,90.0,8,26.666666666666668,5,16.666666666666664,7,23.333333333333332,5,16.666666666666664,2,6.666666666666667,3,10.0
946,True,3.1666666666666665,1.674979270186815,3.0,2.0,60.0,76.66666666666667,86.66666666666667,7,23.333333333333332,4,13.333333333333334,7,23.333333333333332,5,16.666666666666664,3,10.0,4,13.333333333333334,2.7333333333333334,1.5902480589168748,2.0,2.5,73.33333333333333,83.33333333333334,90.0,8,26.666666666666668,8,26.666666666666668,6,20.0,3,10.0,2,6.666666666666667,3,10.0,2.7,1.4866068747318506,2.0,2.75,70.0,83.33333333333334,96.66666666666667,8,26.666666666666668,8,26.666666666666668,5,16.666666666666664,4,13.333333333333334,4,13.333333333333334,1,3.3333333333333335,2.8666666666666667,1.586050300449376,3.0,2.75,70.0,83.33333333333334,90.0,8,26.666666666666668,5,16.666666666666664,8,26.666666666666668,4,13.333333333333334,2,6.666666666666667,3,10.0
947,True,3.3333333333333335,1.4907119849998598,3.0,2.0,70.0,76.66666666666667,83.33333333333334,2,6.666666666666667,7,23.333333333333332,12,40.0,2,6.666666666666667,2,6.666666666666667,5,16.666666666666664,2.7333333333333334,1.4817407180595243,2.5,1.0,76.66666666666667,83.33333333333334,93.33333333333333,7,23.333333333333332,8,26.666666666666668,8,26.666666666666668,2,6.666666666666667,3,10.0,2,6.666666666666667,2.7333333333333334,1.436043948569201,2.5,1.75,73.33333333333333,83.33333333333334,96.66666666666667,7,23.333333333333332,8,26.666666666666668,7,23.333333333333332,3,10.0,4,13.333333333333334,1,3.3333333333333335,3.3,1.6763054614240211,3.0,3.0,56.666666666666664,70.0,86.66666666666667,5,16.666666666666664,7,23.333333333333332,5,16.666666666666664,4,13.333333333333334,5,16.666666666666664,4,13.333333333333334
948,True,3.3,1.5737428845483836,3.5,2.75,50.0,73.33333333333333,93.33333333333333,6,20.0,4,13.333333333333334,5,16.666666666666664,7,23.333333333333332,6,20.0,2,6.666666666666667,2.6333333333333333,1.7413277182145301,2.0,3.0,66.66666666666666,76.66666666666667,93.33333333333333,12,40.0,6,20.0,2,6.666666666666667,3,10.0,5,16.666666666666664,2,6.666666666666667,2.6666666666666665,1.7950549357115013,2.0,3.0,66.66666666666666,76.66666666666667,90.0,12,40.0,6,20.0,2,6.666666666666667,3,10.0,4,13.333333333333334,3,10.0,3.466666666666667,1.910206504252587,3.5,3.0,50.0,63.33333333333333,76.66666666666667,7,23.333333333333332,5,16.666666666666664,3,10.0,4,13.333333333333334,4,13.333333333333334,7,23.333333333333332
949,True,3.2,1.92180470738661,3.0,3.75,56.666666666666664,73.33333333333333,76.66666666666667,9,30.0,4,13.333333333333334,4,13.333333333333334,5,16.666666666666664,1,3.3333333333333335,7,23.333333333333332,2.6666666666666665,1.776388345929897,2.0,3.0,66.66666666666666,80.0,90.0,13,43.333333333333336,3,10.0,4,13.333333333333334,4,13.333333333333334,3,10.0,3,10.0,2.8666666666666667,1.910206504252587,2.0,3.0,60.0,76.66666666666667,83.33333333333334,12,40.0,4,13.333333333333334,2,6.666666666666667,5,16.666666666666664,2,6.666666666666667,5,16.666666666666664,2.9,1.7194960502038574,3.0,3.0,60.0,76.66666666666667,93.33333333333333,11,36.666666666666664,2,6.666666666666667,5,16.666666666666664,5,16.666666666666664,5,16.666666666666664,2,6.666666666666667
950,True,3.033333333333333,1.4019827229875395,3.0,2.0,66.66666666666666,83.33333333333334,93.33333333333333,4,13.333333333333334,8,26.666666666666668,8,26.666666666666668,5,16.666666666666664,3,10.0,2,6.666666666666667,2.433333333333333,1.4067298564006128,2.0,2.0,83.33333333333334,90.0,93.33333333333333,9,30.0,9,30.0,7,23.333333333333332,2,6.666666666666667,1,3.3333333333333335,2,6.666666666666667,2.566666666666667,1.5849991237291652,2.0,1.75,80.0,86.66666666666667,86.66666666666667,8,26.666666666666668,11,36.666666666666664,5,16.666666666666664,2,6.666666666666667,0,0.0,4,13.333333333333334,2.8666666666666667,1.6478942792411033,3.0,2.75,70.0,83.33333333333334,86.66666666666667,8,26.666666666666668,6,20.0,7,23.333333333333332,4,13.333333333333334,1,3.3333333333333335,4,13.333333333333334
951,True,2.533333333333333,1.1756794725698934,2.5,1.0,93.33333333333333,93.33333333333333,93.33333333333333,5,16.666666666666664,10,33.33333333333333,13,43.333333333333336,0,0.0,0,0.0,2,6.666666666666667,2.5,1.5652475842498528,2.0,2.0,86.66666666666667,86.66666666666667,86.66666666666667,9,30.0,9,30.0,8,26.666666666666668,0,0.0,0,0.0,4,13.333333333333334,2.466666666666667,1.4079141387961918,2.0,1.75,86.66666666666667,86.66666666666667,93.33333333333333,8,26.666666666666668,10,33.33333333333333,8,26.666666666666668,0,0.0,2,6.666666666666667,2,6.666666666666667,2.966666666666667,1.6829207415152447,3.0,1.75,73.33333333333333,80.0,83.33333333333334,7,23.333333333333332,6,20.0,9,30.0,2,6.666666666666667,1,3.3333333333333335,5,16.666666666666664
952,True,3.066666666666667,1.5477582354991866,3.0,2.75,56.666666666666664,83.33333333333334,93.33333333333333,8,26.666666666666668,2,6.666666666666667,7,23.333333333333332,8,26.666666666666668,3,10.0,2,6.666666666666667,2.6,1.8184242262647807,2.0,3.0,70.0,80.0,86.66666666666667,13,43.333333333333336,5,16.666666666666664,3,10.0,3,10.0,2,6.666666666666667,4,13.333333333333334,2.7333333333333334,1.8607047649270485,2.0,3.0,66.66666666666666,76.66666666666667,86.66666666666667,13,43.333333333333336,3,10.0,4,13.333333333333334,3,10.0,3,10.0,4,13.333333333333334,3.3333333333333335,1.776388345929897,4.0,2.75,46.666666666666664,73.33333333333333,83.33333333333334,7,23.333333333333332,5,16.666666666666664,2,6.666666666666667,8,26.666666666666668,3,10.0,5,16.666666666666664
953,True,3.1,1.4224392195567912,3.0,1.75,73.33333333333333,83.33333333333334,86.66666666666667,2,6.666666666666667,10,33.33333333333333,10,33.33333333333333,3,10.0,1,3.3333333333333335,4,13.333333333333334,2.7,1.530795000427338,2.0,2.5,73.33333333333333,83.33333333333334,93.33333333333333,8,26.666666666666668,8,26.666666666666668,6,20.0,3,10.0,3,10.0,2,6.666666666666667,2.7666666666666666,1.54236470683457,2.5,2.75,70.0,83.33333333333334,93.33333333333333,8,26.666666666666668,7,23.333333333333332,6,20.0,4,13.333333333333334,3,10.0,2,6.666666666666667,3.1666666666666665,1.654958878307521,3.0,2.75,63.33333333333333,73.33333333333333,86.66666666666667,5,16.666666666666664,8,26.666666666666668,6,20.0,3,10.0,4,13.333333333333334,4,13.333333333333334
954,True,2.5,1.5438048235879214,2.0,2.0,76.66666666666667,86.66666666666667,93.33333333333333,11,36.666666666666664,6,20.0,6,20.0,3,10.0,2,6.666666666666667,2,6.666666666666667,2.1666666666666665,1.4395215254459457,2.0,2.0,83.33333333333334,93.33333333333333,93.33333333333333,14,46.666666666666664,6,20.0,5,16.666666666666664,3,10.0,0,0.0,2,6.666666666666667,2.1666666666666665,1.4395215254459457,2.0,2.0,83.33333333333334,93.33333333333333,93.33333333333333,14,46.666666666666664,6,20.0,5,16.666666666666664,3,10.0,0,0.0,2,6.666666666666667,2.5,1.648231375343482,2.0,2.75,73.33333333333333,86.66666666666667,90.0,12,40.0,6,20.0,4,13.333333333333334,4,13.333333333333334,1,3.3333333333333335,3,10.0
955,True,2.533333333333333,1.3349989596333858,2.5,1.75,83.33333333333334,93.33333333333333,93.33333333333333,8,26.666666666666668,7,23.333333333333332,10,33.33333333333333,3,10.0,0,0.0,2,6.666666666666667,2.433333333333333,1.7259457954666158,2.0,2.75,73.33333333333333,83.33333333333334,90.0,14,46.666666666666664,5,16.666666666666664,3,10.0,3,10.0,2,6.666666666666667,3,10.0,2.5,1.6683325008322931,2.0,2.75,73.33333333333333,86.66666666666667,90.0,13,43.333333333333336,4,13.333333333333334,5,16.666666666666664,4,13.333333333333334,1,3.3333333333333335,3,10.0,3.033333333333333,1.6428295373802144,3.0,2.0,66.66666666666666,80.0,86.66666666666667,7,23.333333333333332,5,16.666666666666664,8,26.666666666666668,4,13.333333333333334,2,6.666666666666667,4,13.333333333333334
956,True,3.1,1.4456832294800959,3.0,1.75,73.33333333333333,83.33333333333334,86.66666666666667,3,10.0,8,26.666666666666668,11,36.666666666666664,3,10.0,1,3.3333333333333335,4,13.333333333333334,2.6666666666666665,1.6397831834998458,2.0,1.0,80.0,80.0,86.66666666666667,7,23.333333333333332,12,40.0,5,16.666666666666664,0,0.0,2,6.666666666666667,4,13.333333333333334,2.6333333333333333,1.6017351702311953,2.0,1.0,80.0,83.33333333333334,86.66666666666667,7,23.333333333333332,12,40.0,5,16.666666666666664,1,3.3333333333333335,1,3.3333333333333335,4,13.333333333333334,2.7,1.3203534880225574,2.0,1.0,76.66666666666667,86.66666666666667,96.66666666666667,5,16.666666666666664,11,36.666666666666664,7,23.333333333333332,3,10.0,3,10.0,1,3.3333333333333335
957,True,2.7333333333333334,1.3888444437333107,2.5,1.75,73.33333333333333,90.0,93.33333333333333,6,20.0,9,30.0,7,23.333333333333332,5,16.666666666666664,1,3.3333333333333335,2,6.666666666666667,2.4,1.5832456116050555,2.0,2.0,76.66666666666667,83.33333333333334,93.33333333333333,11,36.666666666666664,10,33.33333333333333,2,6.666666666666667,2,6.666666666666667,3,10.0,2,6.666666666666667,2.566666666666667,1.5638272140986533,2.0,3.0,70.0,86.66666666666667,93.33333333333333,10,33.33333333333333,8,26.666666666666668,3,10.0,5,16.666666666666664,2,6.666666666666667,2,6.666666666666667,2.6666666666666665,1.4907119849998598,2.0,2.5,73.33333333333333,86.66666666666667,93.33333333333333,8,26.666666666666668,8,26.666666666666668,6,20.0,4,13.333333333333334,2,6.666666666666667,2,6.666666666666667
958,True,2.3666666666666667,1.559558342038611,2.0,2.0,83.33333333333334,90.0,90.0,13,43.333333333333336,4,13.333333333333334,8,26.666666666666668,2,6.666666666666667,0,0.0,3,10.0,2.033333333333333,1.4019827229875392,1.0,2.0,83.33333333333334,93.33333333333333,96.66666666666667,17,56.666666666666664,3,10.0,5,16.666666666666664,3,10.0,1,3.3333333333333335,1,3.3333333333333335,2.2666666666666666,1.671991493864594,1.0,2.0,80.0,86.66666666666667,90.0,16,53.333333333333336,3,10.0,5,16.666666666666664,2,6.666666666666667,1,3.3333333333333335,3,10.0,2.3666666666666667,1.6224124698183944,1.5,2.75,73.33333333333333,83.33333333333334,96.66666666666667,15,50.0,3,10.0,4,13.333333333333334,3,10.0,4,13.333333333333334,1,3.3333333333333335
959,True,2.6,1.6041612554021285,2.0,2.75,73.33333333333333,83.33333333333334,93.33333333333333,11,36.666666666666664,5,16.666666666666664,6,20.0,3,10.0,3,10.0,2,6.666666666666667,2.2333333333333334,1.382831234179436,2.0,2.0,80.0,93.33333333333333,96.66666666666667,13,43.333333333333336,6,20.0,5,16.666666666666664,4,13.333333333333334,1,3.3333333333333335,1,3.3333333333333335,2.3,1.4177446878757824,2.0,2.0,80.0,86.66666666666667,100.0,13,43.333333333333336,5,16.666666666666664,6,20.0,2,6.666666666666667,4,13.333333333333334,0,0.0,2.8333333333333335,1.827262676488766,2.0,3.0,70.0,76.66666666666667,83.33333333333334,10,33.33333333333333,6,20.0,5,16.666666666666664,2,6.666666666666667,2,6.666666666666667,5,16.666666666666664
960,True,2.8,1.4696938456699071,3.0,1.0,76.66666666666667,86.66666666666667,90.0,6,20.0,8,26.666666666666668,9,30.0,3,10.0,1,3.3333333333333335,3,10.0,2.3666666666666667,1.5162087220725544,2.0,2.0,76.66666666666667,90.0,93.33333333333333,12,40.0,7,23.333333333333332,4,13.333333333333334,4,13.333333333333334,1,3.3333333333333335,2,6.666666666666667,2.566666666666667,1.520599297060939,2.0,2.0,76.66666666666667,86.66666666666667,93.33333333333333,10,33.33333333333333,6,20.0,7,23.333333333333332,3,10.0,2,6.666666666666667,2,6.666666666666667,3.3,1.8823743871327336,3.0,3.75,63.33333333333333,70.0,73.33333333333333,6,20.0,7,23.333333333333332,6,20.0,2,6.666666666666667,1,3.3333333333333335,8,26.666666666666668
961,True,3.1333333333333333,1.3597385369580761,3.0,2.0,60.0,86.66666666666667,93.33333333333333,4,13.333333333333334,6,20.0,8,26.666666666666668,8,26.666666666666668,2,6.666666666666667,2,6.666666666666667,2.8666666666666667,1.6069294390925266,3.0,3.0,63.33333333333333,83.33333333333334,93.33333333333333,10,33.33333333333333,2,6.666666666666667,7,23.333333333333332,6,20.0,3,10.0,2,6.666666666666667,2.8666666666666667,1.6069294390925266,3.0,2.75,66.66666666666666,83.33333333333334,90.0,8,26.666666666666668,6,20.0,6,20.0,5,16.666666666666664,2,6.666666666666667,3,10.0,3.0,1.570562531918633,3.0,2.75,56.666666666666664,83.33333333333334,93.33333333333333,8,26.666666666666668,4,13.333333333333334,5,16.666666666666664,8,26.666666666666668,3,10.0,2,6.666666666666667
962,True,3.1333333333333333,1.6478942792411035,2.5,2.75,56.666666666666664,73.33333333333333,90.0,5,16.666666666666664,10,33.33333333333333,2,6.666666666666667,5,16.666666666666664,5,16.666666666666664,3,10.0,2.433333333333333,1.7065234314893605,2.0,2.75,73.33333333333333,83.33333333333334,90.0,13,43.333333333333336,7,23.333333333333332,2,6.666666666666667,3,10.0,2,6.666666666666667,3,10.0,2.4,1.6451950239004087,2.0,2.0,80.0,86.66666666666667,86.66666666666667,11,36.666666666666664,10,33.33333333333333,3,10.0,2,6.666666666666667,0,0.0,4,13.333333333333334,3.0,1.8439088914585775,2.5,3.75,56.666666666666664,73.33333333333333,86.66666666666667,10,33.33333333333333,5,16.666666666666664,2,6.666666666666667,5,16.666666666666664,4,13.333333333333334,4,13.333333333333334
963,True,2.6333333333333333,1.4487542541400487,2.5,2.75,73.33333333333333,86.66666666666667,96.66666666666667,9,30.0,6,20.0,7,23.333333333333332,4,13.333333333333334,3,10.0,1,3.3333333333333335,2.433333333333333,1.6669999666733317,2.0,2.0,76.66666666666667,83.33333333333334,90.0,12,40.0,8,26.666666666666668,3,10.0,2,6.666666666666667,2,6.666666666666667,3,10.0,2.533333333333333,1.6679994670929073,2.0,2.75,73.33333333333333,83.33333333333334,90.0,11,36.666666666666664,8,26.666666666666668,3,10.0,3,10.0,2,6.666666666666667,3,10.0,2.9,1.7767010628315238,2.5,3.0,66.66666666666666,80.0,83.33333333333334,9,30.0,6,20.0,5,16.666666666666664,4,13.333333333333334,1,3.3333333333333335,5,16.666666666666664
964,True,3.033333333333333,1.8526257642120336,3.0,3.0,63.33333333333333,76.66666666666667,80.0,9,30.0,5,16.666666666666664,5,16.666666666666664,4,13.333333333333334,1,3.3333333333333335,6,20.0,2.2666666666666666,1.569146972791976,2.0,1.75,76.66666666666667,86.66666666666667,93.33333333333333,13,43.333333333333336,9,30.0,1,3.3333333333333335,3,10.0,2,6.666666666666667,2,6.666666666666667,2.566666666666667,1.8015425489162211,2.0,3.0,70.0,80.0,86.66666666666667,12,40.0,8,26.666666666666668,1,3.3333333333333335,3,10.0,2,6.666666666666667,4,13.333333333333334,2.8,1.739731780093319,2.5,3.0,70.0,80.0,86.66666666666667,10,33.33333333333333,5,16.666666666666664,6,20.0,3,10.0,2,6.666666666666667,4,13.333333333333334
965,True,2.933333333333333,1.7113996870657917,2.0,2.0,66.66666666666666,76.66666666666667,86.66666666666667,7,23.333333333333332,9,30.0,4,13.333333333333334,3,10.0,3,10.0,4,13.333333333333334,2.533333333333333,1.627540748764494,2.0,2.0,76.66666666666667,83.33333333333334,90.0,10,33.33333333333333,9,30.0,4,13.333333333333334,2,6.666666666666667,2,6.666666666666667,3,10.0,2.6666666666666665,1.757523510195209,2.0,2.75,73.33333333333333,83.33333333333334,83.33333333333334,10,33.33333333333333,8,26.666666666666668,4,13.333333333333334,3,10.0,0,0.0,5,16.666666666666664,2.7333333333333334,1.6110727964792761,2.0,3.0,66.66666666666666,86.66666666666667,90.0,9,30.0,7,23.333333333333332,4,13.333333333333334,6,20.0,1,3.3333333333333335,3,10.0
966,True,2.3,1.3203534880225574,2.0,2.0,83.33333333333334,93.33333333333333,96.66666666666667,11,36.666666666666664,7,23.333333333333332,7,23.333333333333332,3,10.0,1,3.3333333333333335,1,3.3333333333333335,2.2333333333333334,1.4302291968616625,2.0,2.0,83.33333333333334,93.33333333333333,93.33333333333333,13,43.333333333333336,6,20.0,6,20.0,3,10.0,0,0.0,2,6.666666666666667,2.2333333333333334,1.4302291968616623,2.0,2.0,80.0,90.0,96.66666666666667,13,43.333333333333336,7,23.333333333333332,4,13.333333333333334,3,10.0,2,6.666666666666667,1,3.3333333333333335,2.7666666666666666,1.8381754238616315,2.0,2.75,73.33333333333333,80.0,80.0,10,33.33333333333333,7,23.333333333333332,5,16.666666666666664,2,6.666666666666667,0,0.0,6,20.0
967,True,3.066666666666667,1.8061622912192086,2.5,2.0,63.33333333333333,76.66666666666667,80.0,7,23.333333333333332,8,26.666666666666668,4,13.333333333333334,4,13.333333333333334,1,3.3333333333333335,6,20.0,2.466666666666667,1.7269111795984828,2.0,2.0,76.66666666666667,83.33333333333334,86.66666666666667,12,40.0,8,26.666666666666668,3,10.0,2,6.666666666666667,1,3.3333333333333335,4,13.333333333333334,2.5,1.648231375343482,2.0,2.75,73.33333333333333,86.66666666666667,90.0,12,40.0,6,20.0,4,13.333333333333334,4,13.333333333333334,1,3.3333333333333335,3,10.0,2.7666666666666666,1.6669999666733317,2.0,3.0,70.0,80.0,90.0,9,30.0,7,23.333333333333332,5,16.666666666666664,3,10.0,3,10.0,3,10.0
968,True,2.7666666666666666,1.498517786199268,3.0,1.0,76.66666666666667,86.66666666666667,90.0,7,23.333333333333332,7,23.333333333333332,9,30.0,3,10.0,1,3.3333333333333335,3,10.0,2.4,1.540562667772179,2.0,2.0,83.33333333333334,86.66666666666667,90.0,10,33.33333333333333,10,33.33333333333333,5,16.666666666666664,1,3.3333333333333335,1,3.3333333333333335,3,10.0,2.4,1.540562667772179,2.0,2.0,83.33333333333334,86.66666666666667,90.0,10,33.33333333333333,10,33.33333333333333,5,16.666666666666664,1,3.3333333333333335,1,3.3333333333333335,3,10.0,2.8333333333333335,1.8089284734953512,2.0,3.0,70.0,76.66666666666667,83.33333333333334,9,30.0,8,26.666666666666668,4,13.333333333333334,2,6.666666666666667,2,6.666666666666667,5,16.666666666666664
969,True,2.6,1.5187714333192688,2.0,1.75,76.66666666666667,83.33333333333334,93.33333333333333,8,26.666666666666668,10,33.33333333333333,5,16.666666666666664,2,6.666666666666667,3,10.0,2,6.666666666666667,2.2666666666666666,1.6110727964792764,1.5,2.0,76.66666666666667,86.66666666666667,93.33333333333333,15,50.0,5,16.666666666666664,3,10.0,3,10.0,2,6.666666666666667,2,6.666666666666667,2.2333333333333334,1.4533486237727762,2.0,2.0,80.0,90.0,96.66666666666667,14,46.666666666666664,5,16.666666666666664,5,16.666666666666664,3,10.0,2,6.666666666666667,1,3.3333333333333335,2.6666666666666665,1.7950549357115013,2.0,3.0,70.0,80.0,86.66666666666667,12,40.0,5,16.666666666666664,4,13.333333333333334,3,10.0,2,6.666666666666667,4,13.333333333333334
970,True,2.7666666666666666,1.764149149653232,2.0,2.75,73.33333333333333,80.0,83.33333333333334,9,30.0,8,26.666666666666668,5,16.666666666666664,2,6.666666666666667,1,3.3333333333333335,5,16.666666666666664,2.3,1.5524174696260025,2.0,2.0,80.0,86.66666666666667,93.33333333333333,13,43.333333333333336,7,23.333333333333332,4,13.333333333333334,2,6.666666666666667,2,6.666666666666667,2,6.666666666666667,2.3,1.3940349110884325,2.0,2.0,83.33333333333334,90.0,96.66666666666667,12,40.0,6,20.0,7,23.333333333333332,2,6.666666666666667,2,6.666666666666667,1,3.3333333333333335,2.7,1.7540429489230493,2.0,3.0,70.0,76.66666666666667,90.0,11,36.666666666666664,6,20.0,4,13.333333333333334,2,6.666666666666667,4,13.333333333333334,3,10.0
971,True,2.8666666666666667,1.4313940369055929,3.0,1.75,73.33333333333333,86.66666666666667,93.33333333333333,7,23.333333333333332,4,13.333333333333334,11,36.666666666666664,4,13.333333333333334,2,6.666666666666667,2,6.666666666666667,2.7,1.5737428845483836,3.0,2.0,76.66666666666667,86.66666666666667,90.0,10,33.33333333333333,3,10.0,10,33.33333333333333,3,10.0,1,3.3333333333333335,3,10.0,2.8333333333333335,1.7143187827498387,3.0,2.75,73.33333333333333,80.0,86.66666666666667,10,33.33333333333333,3,10.0,9,30.0,2,6.666666666666667,2,6.666666666666667,4,13.333333333333334,3.2666666666666666,1.5477582354991863,3.0,2.75,63.33333333333333,73.33333333333333,90.0,5,16.666666666666664,4,13.333333333333334,10,33.33333333333333,3,10.0,5,16.666666666666664,3,10.0
972,True,3.1,1.3253930234714029,3.0,2.0,66.66666666666666,90.0,90.0,3,10.0,7,23.333333333333332,10,33.33333333333333,7,23.333333333333332,0,0.0,3,10.0,2.7333333333333334,1.6719914938645934,2.0,2.75,73.33333333333333,83.33333333333334,86.66666666666667,9,30.0,7,23.333333333333332,6,20.0,3,10.0,1,3.3333333333333335,4,13.333333333333334,2.6333333333333333,1.471582670309608,2.0,1.75,76.66666666666667,86.66666666666667,93.33333333333333,8,26.666666666666668,8,26.666666666666668,7,23.333333333333332,3,10.0,2,6.666666666666667,2,6.666666666666667,2.933333333333333,1.671991493864594,3.0,2.0,70.0,83.33333333333334,83.33333333333334,7,23.333333333333332,7,23.333333333333332,7,23.333333333333332,4,13.333333333333334,0,0.0,5,16.666666666666664
973,True,2.8333333333333335,1.8089284734953512,2.0,2.75,73.33333333333333,80.0,80.0,9,30.0,7,23.333333333333332,6,20.0,2,6.666666666666667,0,0.0,6,20.0,2.2333333333333334,1.5638272140986533,2.0,2.0,86.66666666666667,86.66666666666667,90.0,13,43.333333333333336,8,26.666666666666668,5,16.666666666666664,0,0.0,1,3.3333333333333335,3,10.0,2.4,1.7243356208503418,2.0,2.0,80.0,83.33333333333334,86.66666666666667,13,43.333333333333336,7,23.333333333333332,4,13.333333333333334,1,3.3333333333333335,1,3.3333333333333335,4,13.333333333333334,2.533333333333333,1.6275407487644937,2.0,2.0,76.66666666666667,80.0,93.33333333333333,11,36.666666666666664,7,23.333333333333332,5,16.666666666666664,1,3.3333333333333335,4,13.333333333333334,2,6.666666666666667
974,True,3.2666666666666666,1.6918103387266026,3.0,2.0,63.33333333333333,76.66666666666667,80.0,5,16.666666666666664,6,20.0,8,26.666666666666668,4,13.333333333333334,1,3.3333333333333335,6,20.0,2.6666666666666665,1.699673171197595,2.0,2.75,73.33333333333333,80.0,90.0,11,36.666666666666664,5,16.666666666666664,6,20.0,2,6.666666666666667,3,10.0,3,10.0,2.7666666666666666,1.6669999666733317,3.0,2.75,73.33333333333333,80.0,90.0,10,33.33333333333333,4,13.333333333333334,8,26.666666666666668,2,6.666666666666667,3,10.0,3,10.0,3.0,1.6931233465600393,3.0,3.0,63.33333333333333,76.66666666666667,90.0,9,30.0,3,10.0,7,23.333333333333332,4,13.333333333333334,4,13.333333333333334,3,10.0
975,True,2.8666666666666667,1.359738536958076,3.0,2.0,70.0,90.0,93.33333333333333,5,16.666666666666664,8,26.666666666666668,8,26.666666666666668,6,20.0,1,3.3333333333333335,2,6.666666666666667,2.4,1.2806248474865698,2.0,2.0,83.33333333333334,93.33333333333333,96.66666666666667,9,30.0,8,26.666666666666668,8,26.666666666666668,3,10.0,1,3.3333333333333335,1,3.3333333333333335,2.6,1.4742229591663987,2.0,1.75,80.0,90.0,90.0,8,26.666666666666668,8,26.666666666666668,8,26.666666666666668,3,10.0,0,0.0,3,10.0,2.433333333333333,1.085766498326822,2.0,1.0,83.33333333333334,96.66666666666667,100.0,7,23.333333333333332,9,30.0,9,30.0,4,13.333333333333334,1,3.3333333333333335,0,0.0
976,True,2.7,1.2948616399703354,3.0,1.0,80.0,90.0,96.66666666666667,7,23.333333333333332,5,16.666666666666664,12,40.0,3,10.0,2,6.666666666666667,1,3.3333333333333335,2.6,1.6653327995729061,2.0,2.75,73.33333333333333,83.33333333333334,90.0,11,36.666666666666664,6,20.0,5,16.666666666666664,3,10.0,2,6.666666666666667,3,10.0,2.566666666666667,1.5638272140986533,2.0,2.75,73.33333333333333,86.66666666666667,93.33333333333333,11,36.666666666666664,5,16.666666666666664,6,20.0,4,13.333333333333334,2,6.666666666666667,2,6.666666666666667,3.2666666666666666,1.7688665548562132,3.0,2.75,60.0,73.33333333333333,80.0,6,20.0,6,20.0,6,20.0,4,13.333333333333334,2,6.666666666666667,6,20.0
977,True,3.1666666666666665,1.5723301886761005,3.0,2.0,70.0,80.0,83.33333333333334,4,13.333333333333334,7,23.333333333333332,10,33.33333333333333,3,10.0,1,3.3333333333333335,5,16.666666666666664,2.6666666666666665,1.5563490039905004,2.0,2.5,73.33333333333333,86.66666666666667,90.0,8,26.666666666666668,9,30.0,5,16.666666666666664,4,13.333333333333334,1,3.3333333333333335,3,10.0,2.7333333333333334,1.590248058916875,2.5,1.75,76.66666666666667,86.66666666666667,86.66666666666667,8,26.666666666666668,7,23.333333333333332,8,26.666666666666668,3,10.0,0,0.0,4,13.333333333333334,3.033333333333333,1.5595583420386114,3.0,2.0,66.66666666666666,83.33333333333334,86.66666666666667,5,16.666666666666664,8,26.666666666666668,7,23.333333333333332,5,16.666666666666664,1,3.3333333333333335,4,13.333333333333334
978,True,3.1,1.3,3.0,2.0,63.33333333333333,90.0,93.33333333333333,4,13.333333333333334,5,16.666666666666664,10,33.33333333333333,8,26.666666666666668,1,3.3333333333333335,2,6.666666666666667,2.7,1.6155494421403513,2.0,1.75,76.66666666666667,80.0,90.0,8,26.666666666666668,9,30.0,6,20.0,1,3.3333333333333335,3,10.0,3,10.0,2.6666666666666665,1.4907119849998598,2.0,1.0,76.66666666666667,83.33333333333334,93.33333333333333,7,23.333333333333332,10,33.33333333333333,6,20.0,2,6.666666666666667,3,10.0,2,6.666666666666667,3.066666666666667,1.7113996870657913,2.5,2.75,63.33333333333333,73.33333333333333,86.66666666666667,6,20.0,9,30.0,4,13.333333333333334,3,10.0,4,13.333333333333334,4,13.333333333333334
979,True,2.7,1.4177446878757827,2.0,1.0,76.66666666666667,86.66666666666667,93.33333333333333,6,20.0,10,33.33333333333333,7,23.333333333333332,3,10.0,2,6.666666666666667,2,6.666666666666667,2.3333333333333335,1.6397831834998458,2.0,2.0,76.66666666666667,86.66666666666667,90.0,13,43.333333333333336,8,26.666666666666668,2,6.666666666666667,3,10.0,1,3.3333333333333335,3,10.0,2.433333333333333,1.6868774571839993,2.0,2.0,76.66666666666667,86.66666666666667,86.66666666666667,12,40.0,8,26.666666666666668,3,10.0,3,10.0,0,0.0,4,13.333333333333334,2.8,1.7397317800933185,2.0,2.75,66.66666666666666,83.33333333333334,83.33333333333334,8,26.666666666666668,10,33.33333333333333,2,6.666666666666667,5,16.666666666666664,0,0.0,5,16.666666666666664
980,True,3.6333333333333333,1.4255603186895398,4.0,1.75,46.666666666666664,73.33333333333333,86.66666666666667,2,6.666666666666667,5,16.666666666666664,7,23.333333333333332,8,26.666666666666668,4,13.333333333333334,4,13.333333333333334,2.9,1.6999999999999997,2.5,3.0,60.0,80.0,90.0,9,30.0,6,20.0,3,10.0,6,20.0,3,10.0,3,10.0,3.033333333333333,1.7413277182145301,3.0,3.0,56.666666666666664,80.0,86.66666666666667,9,30.0,4,13.333333333333334,4,13.333333333333334,7,23.333333333333332,2,6.666666666666667,4,13.333333333333334,3.533333333333333,1.7461067804945059,4.0,2.75,46.666666666666664,73.33333333333333,76.66666666666667,5,16.666666666666664,5,16.666666666666664,4,13.333333333333334,8,26.666666666666668,1,3.3333333333333335,7,23.333333333333332
981,True,2.8333333333333335,1.8454147380888544,2.5,2.0,76.66666666666667,76.66666666666667,80.0,10,33.33333333333333,5,16.666666666666664,8,26.666666666666668,0,0.0,1,3.3333333333333335,6,20.0,2.2,1.5577761927397231,2.0,2.0,83.33333333333334,90.0,90.0,14,46.666666666666664,7,23.333333333333332,4,13.333333333333334,2,6.666666666666667,0,0.0,3,10.0,2.3333333333333335,1.5986105077709065,2.0,2.0,80.0,86.66666666666667,90.0,12,40.0,9,30.0,3,10.0,2,6.666666666666667,1,3.3333333333333335,3,10.0,2.433333333333333,1.54236470683457,2.0,2.0,76.66666666666667,86.66666666666667,93.33333333333333,11,36.666666666666664,8,26.666666666666668,4,13.333333333333334,3,10.0,2,6.666666666666667,2,6.666666666666667
982,True,3.033333333333333,1.6224124698183942,3.0,1.75,73.33333333333333,80.0,83.33333333333334,5,16.666666666666664,8,26.666666666666668,9,30.0,2,6.666666666666667,1,3.3333333333333335,5,16.666666666666664,2.3,1.4866068747318506,2.0,2.0,80.0,86.66666666666667,96.66666666666667,13,43.333333333333336,6,20.0,5,16.666666666666664,2,6.666666666666667,3,10.0,1,3.3333333333333335,2.3666666666666667,1.4487542541400487,2.0,2.0,80.0,86.66666666666667,96.66666666666667,11,36.666666666666664,8,26.666666666666668,5,16.666666666666664,2,6.666666666666667,3,10.0,1,3.3333333333333335,3.1333333333333333,1.8208667044996885,3.0,3.5,66.66666666666666,73.33333333333333,80.0,8,26.666666666666668,4,13.333333333333334,8,26.666666666666668,2,6.666666666666667,2,6.666666666666667,6,20.0
983,True,2.4,1.1135528725660042,2.0,1.0,86.66666666666667,96.66666666666667,96.66666666666667,6,20.0,12,40.0,8,26.666666666666668,3,10.0,0,0.0,1,3.3333333333333335,2.2333333333333334,1.5205992970609392,2.0,1.0,86.66666666666667,86.66666666666667,90.0,11,36.666666666666664,12,40.0,3,10.0,0,0.0,1,3.3333333333333335,3,10.0,2.2333333333333334,1.5205992970609392,2.0,1.0,86.66666666666667,86.66666666666667,90.0,11,36.666666666666664,12,40.0,3,10.0,0,0.0,1,3.3333333333333335,3,10.0,2.8333333333333335,1.9507833184532706,2.0,3.75,70.0,73.33333333333333,76.66666666666667,9,30.0,11,36.666666666666664,1,3.3333333333333335,1,3.3333333333333335,1,3.3333333333333335,7,23.333333333333332
984,True,2.7333333333333334,1.4360439485692011,3.0,2.75,66.66666666666666,93.33333333333333,93.33333333333333,8,26.666666666666668,6,20.0,6,20.0,8,26.666666666666668,0,0.0,2,6.666666666666667,2.6,1.624807680927192,2.0,3.0,70.0,86.66666666666667,90.0,10,33.33333333333333,8,26.666666666666668,3,10.0,5,16.666666666666664,1,3.3333333333333335,3,10.0,2.7,1.5947831618540917,2.0,3.0,63.33333333333333,86.66666666666667,93.33333333333333,10,33.33333333333333,6,20.0,3,10.0,7,23.333333333333332,2,6.666666666666667,2,6.666666666666667,3.066666666666667,1.6519348924485153,3.0,2.0,56.666666666666664,83.33333333333334,86.66666666666667,7,23.333333333333332,6,20.0,4,13.333333333333334,8,26.666666666666668,1,3.3333333333333335,4,13.333333333333334
985,True,2.8,1.6812693617224657,2.0,2.5,73.33333333333333,80.0,86.66666666666667,8,26.666666666666668,8,26.666666666666668,6,20.0,2,6.666666666666667,2,6.666666666666667,4,13.333333333333334,2.1,1.445683229480096,2.0,1.75,86.66666666666667,90.0,93.33333333333333,14,46.666666666666664,8,26.666666666666668,4,13.333333333333334,1,3.3333333333333335,1,3.3333333333333335,2,6.666666666666667,2.2666666666666666,1.5040685563571303,2.0,2.0,80.0,90.0,93.33333333333333,13,43.333333333333336,7,23.333333333333332,4,13.333333333333334,3,10.0,1,3.3333333333333335,2,6.666666666666667,2.7,1.7729448195962934,2.0,3.0,70.0,80.0,86.66666666666667,11,36.666666666666664,6,20.0,4,13.333333333333334,3,10.0,2,6.666666666666667,4,13.333333333333334
986,True,2.466666666666667,1.407914138796192,2.0,2.0,76.66666666666667,90.0,96.66666666666667,10,33.33333333333333,7,23.333333333333332,6,20.0,4,13.333333333333334,2,6.666666666666667,1,3.3333333333333335,2.4,1.7243356208503415,1.5,2.75,73.33333333333333,80.0,93.33333333333333,15,50.0,4,13.333333333333334,3,10.0,2,6.666666666666667,4,13.333333333333334,2,6.666666666666667,2.533333333333333,1.839081896551163,2.0,3.0,70.0,80.0,86.66666666666667,14,46.666666666666664,5,16.666666666666664,2,6.666666666666667,3,10.0,2,6.666666666666667,4,13.333333333333334,3.1666666666666665,1.9507833184532706,3.0,4.0,60.0,66.66666666666666,80.0,10,33.33333333333333,3,10.0,5,16.666666666666664,2,6.666666666666667,4,13.333333333333334,6,20.0
987,True,3.0,1.7701224063135672,2.0,2.0,63.33333333333333,76.66666666666667,83.33333333333334,7,23.333333333333332,9,30.0,3,10.0,4,13.333333333333334,2,6.666666666666667,5,16.666666666666664,2.566666666666667,1.7065234314893605,2.0,2.75,73.33333333333333,80.0,90.0,11,36.666666666666664,8,26.666666666666668,3,10.0,2,6.666666666666667,3,10.0,3,10.0,2.6666666666666665,1.7191729277636836,2.0,3.0,66.66666666666666,76.66666666666667,93.33333333333333,11,36.666666666666664,7,23.333333333333332,2,6.666666666666667,3,10.0,5,16.666666666666664,2,6.666666666666667,2.8333333333333335,1.827262676488766,2.0,3.0,66.66666666666666,76.66666666666667,83.33333333333334,9,30.0,9,30.0,2,6.666666666666667,3,10.0,2,6.666666666666667,5,16.666666666666664
988,True,3.0,1.61245154965971,3.0,1.75,73.33333333333333,83.33333333333334,83.33333333333334,6,20.0,6,20.0,10,33.33333333333333,3,10.0,0,0.0,5,16.666666666666664,2.4,1.5620499351813308,2.0,2.0,80.0,90.0,90.0,12,40.0,6,20.0,6,20.0,3,10.0,0,0.0,3,10.0,2.6,1.8184242262647807,2.0,2.0,76.66666666666667,80.0,83.33333333333334,12,40.0,6,20.0,5,16.666666666666664,1,3.3333333333333335,1,3.3333333333333335,5,16.666666666666664,2.933333333333333,1.4590712418826193,3.0,2.0,70.0,86.66666666666667,90.0,5,16.666666666666664,8,26.666666666666668,8,26.666666666666668,5,16.666666666666664,1,3.3333333333333335,3,10.0
989,True,2.566666666666667,1.5423647068345696,2.0,2.75,73.33333333333333,86.66666666666667,93.33333333333333,10,33.33333333333333,7,23.333333333333332,5,16.666666666666664,4,13.333333333333334,2,6.666666666666667,2,6.666666666666667,2.2,1.4696938456699071,2.0,2.0,83.33333333333334,90.0,93.33333333333333,13,43.333333333333336,8,26.666666666666668,4,13.333333333333334,2,6.666666666666667,1,3.3333333333333335,2,6.666666666666667,2.4,1.624807680927192,2.0,2.0,83.33333333333334,86.66666666666667,86.66666666666667,11,36.666666666666664,9,30.0,5,16.666666666666664,1,3.3333333333333335,0,0.0,4,13.333333333333334,2.7666666666666666,1.7065234314893605,2.5,3.0,70.0,83.33333333333334,86.66666666666667,10,33.33333333333333,5,16.666666666666664,6,20.0,4,13.333333333333334,1,3.3333333333333335,4,13.333333333333334
990,True,3.2666666666666666,1.6110727964792761,3.0,2.75,53.333333333333336,73.33333333333333,90.0,5,16.666666666666664,7,23.333333333333332,4,13.333333333333334,6,20.0,5,16.666666666666664,3,10.0,2.7333333333333334,1.730767331432956,2.0,3.0,70.0,76.66666666666667,90.0,10,33.33333333333333,7,23.333333333333332,4,13.333333333333334,2,6.666666666666667,4,13.333333333333334,3,10.0,2.933333333333333,1.7688665548562135,2.5,3.0,63.33333333333333,76.66666666666667,86.66666666666667,9,30.0,6,20.0,4,13.333333333333334,4,13.333333333333334,3,10.0,4,13.333333333333334,3.1333333333333333,1.7269111795984826,3.0,3.0,56.666666666666664,70.0,90.0,7,23.333333333333332,7,23.333333333333332,3,10.0,4,13.333333333333334,6,20.0,3,10.0
991,True,2.6,1.2000000000000002,2.0,1.0,80.0,93.33333333333333,96.66666666666667,5,16.666666666666664,11,36.666666666666664,8,26.666666666666668,4,13.333333333333334,1,3.3333333333333335,1,3.3333333333333335,2.2666666666666666,1.5477582354991866,2.0,2.75,73.33333333333333,86.66666666666667,96.66666666666667,14,46.666666666666664,7,23.333333333333332,1,3.3333333333333335,4,13.333333333333334,3,10.0,1,3.3333333333333335,2.433333333333333,1.7451520150277897,2.0,2.0,76.66666666666667,83.33333333333334,86.66666666666667,13,43.333333333333336,7,23.333333333333332,3,10.0,2,6.666666666666667,1,3.3333333333333335,4,13.333333333333334,3.0,1.8439088914585775,2.0,2.75,63.33333333333333,76.66666666666667,80.0,8,26.666666666666668,8,26.666666666666668,3,10.0,4,13.333333333333334,1,3.3333333333333335,6,20.0
992,True,2.566666666666667,1.2827920936595905,2.0,1.0,76.66666666666667,93.33333333333333,96.66666666666667,7,23.333333333333332,9,30.0,7,23.333333333333332,5,16.666666666666664,1,3.3333333333333335,1,3.3333333333333335,2.5,1.7654083569153813,2.0,2.0,76.66666666666667,83.33333333333334,83.33333333333334,11,36.666666666666664,10,33.33333333333333,2,6.666666666666667,2,6.666666666666667,0,0.0,5,16.666666666666664,2.533333333333333,1.6478942792411033,2.0,2.0,76.66666666666667,86.66666666666667,86.66666666666667,10,33.33333333333333,9,30.0,4,13.333333333333334,3,10.0,0,0.0,4,13.333333333333334,3.3,1.8284784202536637,3.0,3.0,60.0,66.66666666666666,80.0,6,20.0,7,23.333333333333332,5,16.666666666666664,2,6.666666666666667,4,13.333333333333334,6,20.0
993,True,2.7333333333333334,1.4360439485692011,3.0,2.75,70.0,86.66666666666667,96.66666666666667,8,26.666666666666668,6,20.0,7,23.333333333333332,5,16.666666666666664,3,10.0,1,3.3333333333333335,2.466666666666667,1.765093639316497,2.0,2.75,73.33333333333333,83.33333333333334,86.66666666666667,13,43.333333333333336,7,23.333333333333332,2,6.666666666666667,3,10.0,1,3.3333333333333335,4,13.333333333333334,2.6,1.8366636418607882,2.0,2.75,73.33333333333333,80.0,83.33333333333334,12,40.0,7,23.333333333333332,3,10.0,2,6.666666666666667,1,3.3333333333333335,5,16.666666666666664,3.066666666666667,1.8785337071473827,3.0,3.75,63.33333333333333,73.33333333333333,80.0,9,30.0,5,16.666666666666664,5,16.666666666666664,3,10.0,2,6.666666666666667,6,20.0
994,True,2.533333333333333,1.1756794725698931,2.0,1.75,73.33333333333333,96.66666666666667,100.0,7,23.333333333333332,9,30.0,6,20.0,7,23.333333333333332,1,3.3333333333333335,0,0.0,2.2333333333333334,1.4533486237727762,2.0,2.0,83.33333333333334,90.0,93.33333333333333,12,40.0,9,30.0,4,13.333333333333334,2,6.666666666666667,1,3.3333333333333335,2,6.666666666666667,2.3333333333333335,1.5563490039905004,2.0,2.0,76.66666666666667,86.66666666666667,93.33333333333333,12,40.0,9,30.0,2,6.666666666666667,3,10.0,2,6.666666666666667,2,6.666666666666667,2.933333333333333,1.8427033281447005,2.5,3.0,63.33333333333333,76.66666666666667,83.33333333333334,10,33.33333333333333,5,16.666666666666664,4,13.333333333333334,4,13.333333333333334,2,6.666666666666667,5,16.666666666666664
995,True,2.4,1.4966629547095764,2.0,2.0,83.33333333333334,90.0,90.0,10,33.33333333333333,9,30.0,6,20.0,2,6.666666666666667,0,0.0,3,10.0,2.066666666666667,1.5260697523012796,1.5,1.0,83.33333333333334,86.66666666666667,93.33333333333333,15,50.0,9,30.0,1,3.3333333333333335,1,3.3333333333333335,2,6.666666666666667,2,6.666666666666667,2.1666666666666665,1.5509853498842454,1.5,2.0,83.33333333333334,86.66666666666667,93.33333333333333,15,50.0,6,20.0,4,13.333333333333334,1,3.3333333333333335,2,6.666666666666667,2,6.666666666666667,2.7333333333333334,1.9136933459209766,2.0,3.0,70.0,76.66666666666667,80.0,11,36.666666666666664,8,26.666666666666668,2,6.666666666666667,2,6.666666666666667,1,3.3333333333333335,6,20.0
996,True,2.533333333333333,1.3597385369580761,2.0,1.0,83.33333333333334,90.0,93.33333333333333,7,23.333333333333332,10,33.33333333333333,8,26.666666666666668,2,6.666666666666667,1,3.3333333333333335,2,6.666666666666667,2.466666666666667,1.7269111795984826,2.0,2.0,80.0,80.0,86.66666666666667,11,36.666666666666664,10,33.33333333333333,3,10.0,0,0.0,2,6.666666666666667,4,13.333333333333334,2.5,1.5864005379054391,2.0,2.75,73.33333333333333,83.33333333333334,93.33333333333333,10,33.33333333333333,10,33.33333333333333,2,6.666666666666667,3,10.0,3,10.0,2,6.666666666666667,2.8666666666666667,1.8024674446127702,2.0,3.75,66.66666666666666,73.33333333333333,86.66666666666667,9,30.0,8,26.666666666666668,3,10.0,2,6.666666666666667,4,13.333333333333334,4,13.333333333333334
997,True,2.8,1.5143755588800731,2.0,2.0,70.0,86.66666666666667,90.0,6,20.0,10,33.33333333333333,5,16.666666666666664,5,16.666666666666664,1,3.3333333333333335,3,10.0,2.433333333333333,1.4761059883656353,2.0,2.75,73.33333333333333,90.0,93.33333333333333,9,30.0,12,40.0,1,3.3333333333333335,5,16.666666666666664,1,3.3333333333333335,2,6.666666666666667,2.6,1.6653327995729061,2.0,3.0,70.0,86.66666666666667,86.66666666666667,9,30.0,11,36.666666666666664,1,3.3333333333333335,5,16.666666666666664,0,0.0,4,13.333333333333334,2.8333333333333335,1.5509853498842456,2.0,2.0,63.33333333333333,86.66666666666667,90.0,6,20.0,11,36.666666666666664,2,6.666666666666667,7,23.333333333333332,1,3.3333333333333335,3,10.0
998,True,3.1,1.6196707484341788,3.0,1.75,73.33333333333333,76.66666666666667,83.33333333333334,4,13.333333333333334,9,30.0,9,30.0,1,3.3333333333333335,2,6.666666666666667,5,16.666666666666664,2.6333333333333333,1.6224124698183944,2.0,2.0,76.66666666666667,86.66666666666667,86.66666666666667,9,30.0,8,26.666666666666668,6,20.0,3,10.0,0,0.0,4,13.333333333333334,2.7333333333333334,1.5477582354991866,2.0,2.75,70.0,83.33333333333334,93.33333333333333,8,26.666666666666668,8,26.666666666666668,5,16.666666666666664,4,13.333333333333334,3,10.0,2,6.666666666666667,3.1666666666666665,1.5293426329272617,3.0,2.0,63.33333333333333,76.66666666666667,90.0,4,13.333333333333334,8,26.666666666666668,7,23.333333333333332,4,13.333333333333334,4,13.333333333333334,3,10.0
999,True,2.7666666666666666,1.6868774571839995,2.0,1.75,76.66666666666667,83.33333333333334,83.33333333333334,8,26.666666666666668,8,26.666666666666668,7,23.333333333333332,2,6.666666666666667,0,0.0,5,16.666666666666664,2.5,1.707825127659933,2.0,2.0,76.66666666666667,80.0,90.0,12,40.0,7,23.333333333333332,4,13.333333333333334,1,3.3333333333333335,3,10.0,3,10.0,2.533333333333333,1.6679994670929073,2.0,2.0,76.66666666666667,80.0,90.0,10,33.33333333333333,10,33.33333333333333,3,10.0,1,3.3333333333333335,3,10.0,3,10.0,2.8333333333333335,1.674979270186815,2.0,2.75,70.0,76.66666666666667,90.0,8,26.666666666666668,8,26.666666666666668,5,16.666666666666664,2,6.666666666666667,4,13.333333333333334,3,10.0
1000,True,3.2,1.7397317800933187,3.0,2.75,63.33333333333333,73.33333333333333,83.33333333333334,7,23.333333333333332,4,13.333333333333334,8,26.666666666666668,3,10.0,3,10.0,5,16.666666666666664,2.6666666666666665,1.577621275493231,2.5,2.75,73.33333333333333,83.33333333333334,93.33333333333333,10,33.33333333333333,5,16.666666666666664,7,23.333333333333332,3,10.0,3,10.0,2,6.666666666666667,2.8,1.7397317800933185,2.5,3.0,70.0,80.0,86.66666666666667,10,33.33333333333333,5,16.666666666666664,6,20.0,3,10.0,2,6.666666666666667,4,13.333333333333334,3.2333333333333334,1.8562207723101136,3.0,4.0,53.333333333333336,70.0,83.33333333333334,9,30.0,3,10.0,4,13.333333333333334,5,16.666666666666664,4,13.333333333333334,5,16.666666666666664
