trial,total_students,total_companies,companies_ranked,avg_company_ranking,company_popularity_std,company_ranking_skewness,company_ranking_kurtosis,company_entropy,company_outlier_count,company_outlier_percentage,highly_ranked_outlier_count,highly_ranked_outlier_percentage,lowly_ranked_outlier_count,lowly_ranked_outlier_percentage,best_company_avg_ranking,worst_company_avg_ranking,company_ranking_range,top_company,top_company_score,second_company,second_company_score,third_company,third_company_score,most_included_company,most_included_count,company_score_range,total_rankings_given,total_unranked_assignments
1,30,30,30,3.0535714285714284,0.8002947171715838,-0.3761715070955063,0.14184208000392884,2.6004422822781614,1,3.3333333333333335,1,3.3333333333333335,0,0.0,1.0,4.5,3.5,Vertex Valley Ventures,22.65625,HydraFlux Labs,22.65625,Orion Synergy,22.555555555555557,EchoSphere Analytics,3,0.10069444444444287,150,750
2,30,30,30,3.0054365079365084,0.6808561983446938,-0.6368105229937248,-0.21923653978198354,2.4464393446710155,2,6.666666666666667,2,6.666666666666667,0,0.0,1.5,4.0,2.5,ZenithWorks,21.875,LuxeLoom Enterprises,20.3125,Catalyst Core,20.3125,EverVault Enterprises,3,1.5625,150,750
3,30,30,30,3.0143650793650787,0.7906094464400243,-0.10705815813047158,-0.18198989194554693,2.5561489336858494,0,0.0,0,0.0,0,0.0,1.0,4.4,3.4000000000000004,DeltaBloom Group,23.4375,Magnetar Innovations,22.785714285714285,FusionBridge Networks,19.642857142857142,BlueFern BioTech,4,3.7946428571428577,150,750
4,30,30,29,2.9266420361247945,0.6420428624619695,0.36534064514122727,-0.902691997091877,2.1360604099707614,0,0.0,0,0.0,0,0.0,2.0,4.333333333333333,2.333333333333333,Nebula Dynamics,23.333333333333332,BlueFern BioTech,21.09375,StellarPath Logistics,20.3125,Vertex Valley Ventures,5,3.020833333333332,150,750
5,30,30,30,2.923915343915344,0.6739625882738345,-0.4807166032882731,0.5374853895719389,2.2874548350088157,1,3.3333333333333335,1,3.3333333333333335,0,0.0,1.0,4.166666666666667,3.166666666666667,Vortex Venture Group,25.4375,Crimson Arc Media,19.642857142857142,Ascendify Technologies,18.208333333333332,LuxeLoom Enterprises,4,7.229166666666668,150,750
6,30,30,30,2.8600396825396825,0.8589379727198557,-0.5969707448029593,-0.4706764207454279,2.629473298359841,0,0.0,0,0.0,0,0.0,1.0,4.333333333333333,3.333333333333333,Quantum Forge,24.21875,IronClad Systems,21.7,Cobalt Circuitry,19.53125,Cobalt Circuitry,4,4.6875,150,750
7,30,30,30,3.0775396825396824,0.7152949704029796,0.6269179315463876,0.09347635817449396,2.4296102518918294,1,3.3333333333333335,0,0.0,1,3.3333333333333335,1.75,5.0,3.25,Ascendify Technologies,29.291666666666668,TitanEdge Consulting,22.0,ZenithWorks,20.428571428571427,PeakVista Partners,4,8.86309523809524,150,750
8,30,30,30,2.931785714285714,0.7219707710272537,-0.8412959542064405,0.46891861782012656,2.4518411137950773,2,6.666666666666667,2,6.666666666666667,0,0.0,1.0,4.0,3.0,HarborWay Holdings,26.979166666666668,TerraNova Solutions,24.21875,BlueFern BioTech,18.208333333333332,Magnetar Innovations,4,8.770833333333336,150,750
9,30,30,29,3.077586206896551,0.6629621644649071,-0.04277840563491066,0.1231446515647101,2.4514137557544395,1,3.4482758620689653,1,3.4482758620689653,0,0.0,1.5,4.666666666666667,3.166666666666667,Aurora Axis,30.0625,ZenithWorks,22.65625,Quantum Forge,20.428571428571427,Crimson Arc Media,2,9.633928571428573,150,750
10,30,30,30,2.9595238095238097,0.5809994614022115,-0.20808958773011485,0.36499498412449194,2.1028329700472614,2,6.666666666666667,1,3.3333333333333335,1,3.3333333333333335,1.5,4.333333333333333,2.833333333333333,FusionBridge Networks,21.875,TitanEdge Consulting,21.0,Aurora Axis,21.0,EverVault Enterprises,4,0.875,150,750
11,30,30,30,2.9969047619047617,0.711819857441631,0.26576236387689883,0.938868446088553,2.4811939311696194,1,3.3333333333333335,0,0.0,1,3.3333333333333335,1.25,5.0,3.75,Orion Synergy,21.7,ZenithWorks,21.214285714285715,PrismPoint Studios,19.642857142857142,Quantum Forge,4,2.057142857142857,150,750
12,30,30,29,3.0096059113300493,0.6893789085767194,-0.3314544941173549,-0.7223891701229461,2.421048772263534,0,0.0,0,0.0,0,0.0,1.6666666666666667,4.25,2.583333333333333,Aurora Axis,23.571428571428573,Crimson Arc Media,21.214285714285715,Apexion Innovations,20.15,Apexion Innovations,3,3.4214285714285744,150,750
13,30,30,30,2.9496693121693123,0.7195771529964848,0.14443458782105473,-0.47419861237441774,2.5594777826895116,0,0.0,0,0.0,0,0.0,1.5,4.5,3.0,Nebula Dynamics,22.475,TitanEdge Consulting,21.77777777777778,Crimson Arc Media,20.428571428571427,Apexion Innovations,3,2.0464285714285744,150,750
14,30,30,30,3.04700937950938,0.6735751288540369,-0.2270497329836965,-0.8450801706181723,2.4430190302453973,0,0.0,0,0.0,0,0.0,1.6666666666666667,4.2,2.533333333333333,Nebula Dynamics,28.675,Ascendify Technologies,24.21875,HydraFlux Labs,20.583333333333332,Nebula Dynamics,3,8.091666666666669,150,750
15,30,30,30,3.0618253968253977,0.6532481009392224,0.7381573640940664,1.2515473114712554,2.2892464285091583,1,3.3333333333333335,0,0.0,1,3.3333333333333335,1.7142857142857142,5.0,3.2857142857142856,Lumeon Strategies,30.0625,Magnetar Innovations,26.35,Catalyst Core,23.571428571428573,BlueFern BioTech,3,6.491071428571427,150,750
16,30,30,30,3.04484126984127,0.5956332286388202,1.0117976688568489,1.984142853296321,2.078203801008596,1,3.3333333333333335,0,0.0,1,3.3333333333333335,2.0,5.0,3.0,Quantum Forge,23.4375,BlueFern BioTech,17.285714285714285,DeltaBloom Group,16.5,Quantum Forge,3,6.9375,150,750
17,30,30,30,3.0963888888888893,0.8046744624311052,0.6202092311859826,0.10124444132127186,2.4811939311696194,0,0.0,0,0.0,0,0.0,1.75,5.0,3.25,Solaris Systems,23.4375,Ascendify Technologies,23.25,Vortex Venture Group,21.09375,Magnetar Innovations,5,2.34375,150,750
18,30,30,30,3.027222222222222,0.8418655896981595,0.2166355494491033,0.20112734957658285,2.3949490477321436,4,13.333333333333334,1,3.3333333333333335,3,10.0,1.3333333333333333,5.0,3.666666666666667,TerraNova Solutions,20.22222222222222,Crimson Arc Media,19.791666666666668,HydraFlux Labs,19.53125,Vortex Venture Group,3,0.6909722222222214,150,750
19,30,30,30,3.018227513227513,0.7546704188856652,0.3672589675272696,-0.7764922547381747,2.494739663055176,0,0.0,0,0.0,0,0.0,1.8,4.75,2.95,Nebula Dynamics,25.0,Catalyst Core,20.428571428571427,Aurora Axis,17.88888888888889,TerraNova Solutions,4,7.111111111111111,150,750
20,30,30,30,2.96466810966811,0.7129289525580408,-0.305278540835525,-0.6793052668892607,2.43978164666369,0,0.0,0,0.0,0,0.0,1.5,4.333333333333333,2.833333333333333,BlueFern BioTech,26.5625,Catalyst Core,26.272727272727273,Apexion Innovations,18.75,Vertex Valley Ventures,4,7.8125,150,750
21,30,30,29,2.96031746031746,0.6436811129009009,0.05274596381182253,-1.1796529077196083,2.1924559969845445,0,0.0,0,0.0,0,0.0,2.0,4.166666666666667,2.166666666666667,Cobalt Circuitry,24.88888888888889,TitanEdge Consulting,19.642857142857142,TerraNova Solutions,17.416666666666668,Orion Synergy,3,7.472222222222221,150,750
22,30,30,30,3.0186507936507936,0.7693748587115615,0.1889612219582281,-0.07837832696859381,2.569786130993361,0,0.0,0,0.0,0,0.0,1.6,5.0,3.4,Apexion Innovations,21.214285714285715,Magnetar Innovations,20.3125,EchoSphere Analytics,18.75,Aurora Axis,3,2.4642857142857153,150,750
23,30,30,30,3.0171031746031747,0.7445802844640715,0.4713800768045688,-0.05289161781378571,2.4602209150665963,1,3.3333333333333335,0,0.0,1,3.3333333333333335,1.6666666666666667,5.0,3.333333333333333,TerraNova Solutions,21.214285714285715,HarborWay Holdings,21.0,StellarPath Logistics,19.53125,FusionBridge Networks,3,1.6830357142857153,150,750
24,30,30,30,3.061111111111111,0.7711390019265432,0.4319694549027758,-0.32855007912652967,2.5185992458836997,0,0.0,0,0.0,0,0.0,1.8,5.0,3.2,Catalyst Core,22.65625,Apexion Innovations,22.0,FusionBridge Networks,20.428571428571427,Crimson Arc Media,5,2.227678571428573,150,750
25,30,30,30,2.847976190476191,0.755479801666215,-0.4971213801527897,-0.24925286791970258,2.5601029958115844,0,0.0,0,0.0,0,0.0,1.0,4.2,3.2,TitanEdge Consulting,20.583333333333332,Lumeon Strategies,19.0,HarborWay Holdings,17.825,IronClad Systems,4,2.758333333333333,150,750
26,30,30,30,2.8316522366522374,0.7233639822871178,-0.7374231245358224,0.8910829282485158,2.398277896735806,4,13.333333333333334,3,10.0,1,3.3333333333333335,1.0,4.166666666666667,3.166666666666667,EverVault Enterprises,27.045454545454547,BlueFern BioTech,24.727272727272727,FusionBridge Networks,18.75,DeltaBloom Group,5,8.295454545454547,150,750
27,30,30,29,2.989819376026273,0.6939681944690272,-0.29898383492548863,1.0050284298883634,2.2601202944325878,1,3.4482758620689653,1,3.4482758620689653,0,0.0,1.0,4.5,3.5,HarborWay Holdings,30.0,ZenithWorks,25.0,Orion Synergy,23.333333333333332,HarborWay Holdings,3,6.666666666666668,150,750
28,30,30,30,3.005291005291005,0.7859355504100786,-0.4049081317422331,0.3733844947641374,2.4027150507922492,2,6.666666666666667,1,3.3333333333333335,1,3.3333333333333335,1.0,4.75,3.75,HarborWay Holdings,21.875,LuxeLoom Enterprises,18.75,Orion Synergy,17.88888888888889,Apexion Innovations,3,3.9861111111111107,150,750
29,30,30,30,3.003544973544974,0.7711842247346646,-0.4202827633036697,0.10239399913191205,2.5478605978362863,0,0.0,0,0.0,0,0.0,1.0,4.666666666666667,3.666666666666667,BlueFern BioTech,27.22222222222222,Aurora Axis,24.025,Vertex Valley Ventures,18.666666666666668,Aurora Axis,3,8.555555555555554,150,750
30,30,30,29,3.041256157635468,0.8018812594223704,0.40464506808999584,1.2128654193374295,2.469760961810973,3,10.344827586206897,1,3.4482758620689653,2,6.896551724137931,1.0,5.0,4.0,Quantum Forge,24.025,Crimson Arc Media,21.214285714285715,PrismPoint Studios,19.53125,PeakVista Partners,5,4.493749999999999,150,750
31,30,30,30,3.105277777777778,0.7101968739090975,0.3447221167358669,0.036433989083239915,2.531519764647184,0,0.0,0,0.0,0,0.0,1.6666666666666667,5.0,3.333333333333333,BlueFern BioTech,24.21875,Vertex Valley Ventures,21.875,Orion Synergy,19.642857142857142,FusionBridge Networks,4,4.575892857142858,150,750
32,30,30,30,3.043095238095238,0.7027838768971625,0.05109394324039373,-0.6556583887488254,2.4811939311696194,0,0.0,0,0.0,0,0.0,1.6666666666666667,4.5,2.833333333333333,Vertex Valley Ventures,24.21875,Solaris Systems,21.09375,LuxeLoom Enterprises,20.428571428571427,Vortex Venture Group,4,3.790178571428573,150,750
33,30,30,30,2.9836111111111108,0.8166743418662272,-0.1906532798367149,0.33941313744642576,2.586569246460625,0,0.0,0,0.0,0,0.0,1.0,5.0,4.0,Aurora Axis,25.78125,Apexion Innovations,18.75,ZenithWorks,18.4,Solaris Systems,3,7.381250000000001,150,750
34,30,30,30,2.9942063492063498,0.5789343963467438,0.4060020287975793,-0.24878762069416593,2.1348486136508464,0,0.0,0,0.0,0,0.0,2.0,4.5,2.5,DeltaBloom Group,19.642857142857142,Aurora Axis,19.375,Nimbus Nexus,18.75,DeltaBloom Group,3,0.8928571428571423,150,750
35,30,30,30,3.019325396825397,0.6283637887063672,0.5067777166721472,-0.5047501466122255,2.1642928964473436,0,0.0,0,0.0,0,0.0,2.0,4.4,2.4000000000000004,Vortex Venture Group,23.25,Catalyst Core,19.642857142857142,Orion Synergy,17.285714285714285,BlueFern BioTech,3,5.964285714285715,150,750
36,30,30,30,2.8973809523809524,0.7490274873933188,0.40914591001231065,-0.5865622514789246,2.4797991318374057,0,0.0,0,0.0,0,0.0,1.5,4.4,2.9000000000000004,StellarPath Logistics,19.642857142857142,Lumeon Strategies,19.53125,Quantum Forge,18.857142857142858,Crimson Arc Media,4,0.7857142857142847,150,750
37,30,30,30,3.0700396825396825,0.8472823526113424,0.3072189642253249,-0.4369205917763046,2.7357096652829433,0,0.0,0,0.0,0,0.0,1.6,5.0,3.4,Ascendify Technologies,21.214285714285715,Cobalt Circuitry,20.3125,LuxeLoom Enterprises,18.208333333333332,LuxeLoom Enterprises,3,3.005952380952383,150,750
38,30,30,30,3.00973544973545,0.7482056566209155,0.41612524290414243,0.22774482091989068,2.4602209150665963,1,3.3333333333333335,0,0.0,1,3.3333333333333335,1.6666666666666667,5.0,3.333333333333333,Crimson Arc Media,22.555555555555557,HarborWay Holdings,21.214285714285715,PeakVista Partners,18.857142857142858,Lumeon Strategies,3,3.6984126984126995,150,750
39,30,30,30,2.9680291005291,0.8629262601924109,0.026689242723890894,0.1830394920030325,2.6922718656836104,2,6.666666666666667,1,3.3333333333333335,1,3.3333333333333335,1.0,5.0,4.0,HarborWay Holdings,24.21875,Apexion Innovations,18.857142857142858,BlueFern BioTech,17.96875,Catalyst Core,3,6.25,150,750
40,30,30,30,2.973055555555556,0.7008251860186139,0.0404084182058368,-0.5198440093766847,2.4402239289418524,0,0.0,0,0.0,0,0.0,1.5,4.4,2.9000000000000004,Orion Synergy,21.875,Solaris Systems,21.875,HydraFlux Labs,20.925,StellarPath Logistics,4,0.9499999999999993,150,750
41,30,30,30,3.0194841269841266,0.5414199231601653,-0.518576504269963,-0.708204540308762,1.9946625534527107,0,0.0,0,0.0,0,0.0,1.875,3.8,1.9249999999999998,ZenithWorks,25.78125,Lumeon Strategies,20.8125,BlueFern BioTech,19.642857142857142,TitanEdge Consulting,3,6.138392857142858,150,750
42,30,30,30,3.060793650793651,0.628020963072053,0.47968175124766554,-0.05376084959235561,2.263061504480175,1,3.3333333333333335,0,0.0,1,3.3333333333333335,2.0,4.666666666666667,2.666666666666667,Apexion Innovations,21.875,IronClad Systems,19.0,FusionBridge Networks,17.285714285714285,StellarPath Logistics,3,4.589285714285715,150,750
43,30,30,30,2.993333333333333,0.5518523914783261,0.5142752968645719,0.8146756389998839,1.9128025995084716,1,3.3333333333333335,0,0.0,1,3.3333333333333335,2.0,4.6,2.5999999999999996,Nebula Dynamics,22.65625,Crimson Arc Media,19.642857142857142,Quantum Forge,18.857142857142858,Aurora Axis,3,3.7991071428571423,150,750
44,30,30,30,2.9638095238095237,0.4899022600537904,-0.41342487958090784,0.009871447715185777,1.9728284857175908,0,0.0,0,0.0,0,0.0,1.7142857142857142,3.8333333333333335,2.1190476190476195,Ascendify Technologies,23.571428571428573,Nimbus Nexus,21.77777777777778,Crimson Arc Media,20.925,HarborWay Holdings,4,2.6464285714285722,150,750
45,30,30,29,2.9697044334975367,0.7768382426423998,-0.41438418333397387,0.27726183496821566,2.5689968431412344,4,13.793103448275861,3,10.344827586206897,1,3.4482758620689653,1.0,4.5,3.5,BlueFern BioTech,23.25,Ascendify Technologies,19.53125,Catalyst Core,18.75,PeakVista Partners,3,4.5,150,750
46,30,30,30,3.0115873015873027,0.803322062033002,0.10850855403206244,-0.7816187782704351,2.5478605978362863,0,0.0,0,0.0,0,0.0,1.3333333333333333,4.5,3.166666666666667,Quantum Forge,25.78125,HydraFlux Labs,21.214285714285715,Nimbus Nexus,21.0,Catalyst Core,5,4.78125,150,750
47,30,30,30,3.0363347763347766,0.7252686405514959,0.12234297126860752,-0.5123307424799788,2.494739663055176,0,0.0,0,0.0,0,0.0,1.5,4.5,3.0,Nebula Dynamics,29.45,TitanEdge Consulting,26.272727272727273,Orion Synergy,20.428571428571427,FusionBridge Networks,4,9.021428571428572,150,750
48,30,30,30,2.9955291005291005,0.7502829309656579,0.5858915875347767,0.23971857823554066,2.448603730213371,1,3.3333333333333335,0,0.0,1,3.3333333333333335,1.6,5.0,3.4,HydraFlux Labs,29.291666666666668,TitanEdge Consulting,20.3125,Aurora Axis,19.0,Solaris Systems,4,10.291666666666668,150,750
49,30,30,30,3.0413492063492056,0.5636455692989836,-0.4997462056621848,1.2143313058770069,2.010801621331162,3,10.0,2,6.666666666666667,1,3.3333333333333335,1.6,4.333333333333333,2.733333333333333,EchoSphere Analytics,24.025,Magnetar Innovations,18.857142857142858,Aurora Axis,17.6,PeakVista Partners,4,6.424999999999997,150,750
50,30,30,30,2.980039682539682,0.6913996071684182,0.2770852357127273,-0.08842775078921372,2.4023763319496103,0,0.0,0,0.0,0,0.0,1.5,4.666666666666667,3.166666666666667,BlueFern BioTech,21.214285714285715,FusionBridge Networks,20.3125,TerraNova Solutions,18.071428571428573,Nebula Dynamics,3,3.1428571428571423,150,750
51,30,30,30,2.9486507936507933,0.7636160551728945,-0.14096776625319796,0.28021881107586877,2.598277896735806,1,3.3333333333333335,1,3.3333333333333335,0,0.0,1.0,4.75,3.75,Aurora Axis,23.571428571428573,BlueFern BioTech,20.925,TerraNova Solutions,20.3125,Solaris Systems,3,3.258928571428573,150,750
52,30,30,30,3.014113756613756,0.7040478656997173,-0.5217457088091766,0.841738508793898,2.3260265301011662,1,3.3333333333333335,1,3.3333333333333335,0,0.0,1.0,4.4,3.4000000000000004,Magnetar Innovations,24.11111111111111,PrismPoint Studios,23.333333333333332,ZenithWorks,21.214285714285715,Magnetar Innovations,3,2.8968253968253954,150,750
53,30,30,30,2.99531746031746,0.7975587476219473,0.08790941823421114,-0.6371114512471836,2.619250912838829,0,0.0,0,0.0,0,0.0,1.5714285714285714,4.6,3.0285714285714285,EchoSphere Analytics,24.357142857142858,Ascendify Technologies,18.857142857142858,StellarPath Logistics,17.416666666666668,Apexion Innovations,4,6.94047619047619,150,750
54,30,30,29,2.9508210180623977,0.6233673729361211,0.11917947150884621,-1.2368977952283429,2.214152220539396,0,0.0,0,0.0,0,0.0,2.0,4.0,2.0,BlueFern BioTech,24.21875,IronClad Systems,21.7,EchoSphere Analytics,20.041666666666668,EverVault Enterprises,5,4.177083333333332,150,750
55,30,30,30,2.929087301587302,0.7393308706995554,-0.8057656957132763,0.30743223021666033,2.4920415298127034,1,3.3333333333333335,1,3.3333333333333335,0,0.0,1.0,4.0,3.0,Lumeon Strategies,27.125,Aurora Axis,25.575,BlueFern BioTech,21.875,HydraFlux Labs,4,5.25,150,750
56,30,30,30,3.0354629629629626,0.7036240940617654,-0.25671478149608595,-0.7589946207095792,2.452702165427174,0,0.0,0,0.0,0,0.0,1.5,4.333333333333333,2.833333333333333,PrismPoint Studios,26.979166666666668,Catalyst Core,22.785714285714285,Magnetar Innovations,21.77777777777778,Aurora Axis,4,5.201388888888889,150,750
57,30,30,30,3.043015873015873,0.5123223513101585,-0.27416332436799806,-0.42321487221967935,2.169837121742512,0,0.0,0,0.0,0,0.0,1.8333333333333333,4.0,2.166666666666667,HarborWay Holdings,24.11111111111111,ZenithWorks,19.791666666666668,FusionBridge Networks,18.857142857142858,ZenithWorks,3,5.253968253968253,150,750
58,30,30,30,3.0859259259259257,0.6748988671390679,0.46055140691889707,1.0214345142479084,2.346602752036061,1,3.3333333333333335,0,0.0,1,3.3333333333333335,1.5,5.0,3.5,Nebula Dynamics,21.09375,DeltaBloom Group,20.22222222222222,StellarPath Logistics,18.857142857142858,Quantum Forge,4,2.2366071428571423,150,750
59,30,30,30,2.9214550264550265,0.7839692953318181,0.11536489468299242,-1.0761246903541835,2.5357096652829436,0,0.0,0,0.0,0,0.0,1.6666666666666667,4.333333333333333,2.666666666666666,IronClad Systems,23.571428571428573,PeakVista Partners,21.77777777777778,FusionBridge Networks,18.75,Aurora Axis,4,4.821428571428573,150,750
60,30,30,30,3.0668109668109667,0.6990396612562566,-0.12792807303388473,-0.6694203552023108,2.6057051809532723,0,0.0,0,0.0,0,0.0,1.6,4.5,2.9,HarborWay Holdings,26.272727272727273,Crimson Arc Media,25.666666666666668,StellarPath Logistics,18.208333333333332,EchoSphere Analytics,4,8.064393939393941,150,750
61,30,30,30,2.9838888888888886,0.5802382037937948,0.29642895966752375,-0.46731622945859685,2.128282381065477,0,0.0,0,0.0,0,0.0,2.0,4.285714285714286,2.2857142857142856,TitanEdge Consulting,20.428571428571427,Lumeon Strategies,20.3125,EverVault Enterprises,18.857142857142858,ZenithWorks,3,1.5714285714285694,150,750
62,30,30,30,3.07505291005291,0.6437962124540063,0.24953512539242928,1.965476800629542,2.2929480695548334,2,6.666666666666667,1,3.3333333333333335,1,3.3333333333333335,1.3333333333333333,5.0,3.666666666666667,HarborWay Holdings,22.65625,TerraNova Solutions,21.875,Aurora Axis,19.53125,Cobalt Circuitry,3,3.125,150,750
63,30,30,29,2.9334228989401407,0.6664311240154569,0.2329873249021725,-0.971742102805131,2.1669775462548913,0,0.0,0,0.0,0,0.0,2.0,4.25,2.25,FusionBridge Networks,23.4375,Aurora Axis,21.0,TitanEdge Consulting,20.863636363636363,Catalyst Core,3,2.5738636363636367,150,750
64,30,30,30,2.951243386243386,0.687298186732711,-0.34315139248547033,0.7969468176035495,2.3512809122619043,2,6.666666666666667,1,3.3333333333333335,1,3.3333333333333335,1.0,4.5,3.5,ZenithWorks,20.428571428571427,Solaris Systems,20.3125,TitanEdge Consulting,20.22222222222222,FusionBridge Networks,4,0.20634920634920562,150,750
65,30,30,30,2.960092592592593,0.762370928289981,0.004639145363543356,0.520675883222252,2.5329145639793977,1,3.3333333333333335,1,3.3333333333333335,0,0.0,1.0,4.666666666666667,3.666666666666667,PrismPoint Studios,22.785714285714285,LuxeLoom Enterprises,19.53125,Nimbus Nexus,18.857142857142858,Quantum Forge,4,3.928571428571427,150,750
66,30,30,30,2.99505291005291,0.6529087912570455,-0.19665107406566423,-0.11430579785548112,2.3546097612655665,1,3.3333333333333335,1,3.3333333333333335,0,0.0,1.5,4.333333333333333,2.833333333333333,Solaris Systems,19.53125,PeakVista Partners,19.53125,LuxeLoom Enterprises,18.857142857142858,Lumeon Strategies,3,0.6741071428571423,150,750
67,30,30,30,2.9669047619047624,0.6949189580639198,-0.4715957219433229,1.4332291142772897,2.233800152527589,3,10.0,2,6.666666666666667,1,3.3333333333333335,1.0,4.666666666666667,3.666666666666667,Aurora Axis,22.475,ZenithWorks,20.3125,BlueFern BioTech,19.53125,Catalyst Core,3,2.9437500000000014,150,750
68,30,30,29,2.948003433348261,0.7408394012820696,0.21804733554104058,-0.9871778216846905,2.388130894939975,0,0.0,0,0.0,0,0.0,1.6666666666666667,4.333333333333333,2.666666666666666,Nimbus Nexus,27.125,Vortex Venture Group,24.727272727272727,Solaris Systems,18.208333333333332,ZenithWorks,3,8.916666666666668,150,750
69,30,30,30,2.9708766233766233,0.7212884758252296,-0.7560123467182173,1.0671205287767709,2.3642014310253883,2,6.666666666666667,2,6.666666666666667,0,0.0,1.0,4.5,3.5,TitanEdge Consulting,27.75,Magnetar Innovations,23.25,LuxeLoom Enterprises,23.181818181818183,EverVault Enterprises,3,4.568181818181817,150,750
70,30,30,30,2.9071825396825397,0.7084345321422225,-0.4239396786926156,-0.562648995042137,2.552584246172162,0,0.0,0,0.0,0,0.0,1.3333333333333333,4.0,2.666666666666667,BlueFern BioTech,20.15,PeakVista Partners,19.642857142857142,IronClad Systems,19.53125,Ascendify Technologies,4,0.6187499999999986,150,750
71,30,30,30,3.0164285714285715,0.6625833993912797,0.4820502213371964,0.9984486396948702,2.2530408842698137,2,6.666666666666667,1,3.3333333333333335,1,3.3333333333333335,1.75,5.0,3.25,EverVault Enterprises,20.428571428571427,Nebula Dynamics,19.0,FusionBridge Networks,18.75,Solaris Systems,4,1.678571428571427,150,750
72,30,30,30,2.997645502645503,0.6636679687370239,0.4259379094446013,0.052538170613201096,2.356774146807922,1,3.3333333333333335,0,0.0,1,3.3333333333333335,1.8333333333333333,4.666666666666667,2.833333333333334,Vertex Valley Ventures,20.3125,Quantum Forge,19.791666666666668,Apexion Innovations,19.444444444444443,DeltaBloom Group,3,0.8680555555555571,150,750
73,30,30,30,3.054960317460318,0.751970018086012,-0.5448995322653991,-0.3380549022854611,2.464456303812389,0,0.0,0,0.0,0,0.0,1.3333333333333333,4.25,2.916666666666667,Vertex Valley Ventures,22.785714285714285,Ascendify Technologies,22.166666666666668,EverVault Enterprises,21.09375,Magnetar Innovations,3,1.6919642857142847,150,750
74,30,30,30,2.9366402116402117,0.7717673998784421,0.17984270348432593,0.4100457662523609,2.426678197056295,1,3.3333333333333335,1,3.3333333333333335,0,0.0,1.0,4.6,3.5999999999999996,HarborWay Holdings,23.895833333333332,Aurora Axis,22.65625,Cobalt Circuitry,22.555555555555557,TitanEdge Consulting,3,1.340277777777775,150,750
75,30,30,30,3.0150793650793655,0.5400384855596992,-0.014097269135091883,-0.3718622945122658,2.0660528684552535,0,0.0,0,0.0,0,0.0,2.0,4.2,2.2,TitanEdge Consulting,21.09375,BlueFern BioTech,20.428571428571427,Orion Synergy,19.53125,PrismPoint Studios,3,1.5625,150,750
76,30,30,30,2.9915873015873014,0.6623844850970272,-0.0460188449665364,-1.1314005615780773,2.3559130951758247,0,0.0,0,0.0,0,0.0,1.8,4.0,2.2,EchoSphere Analytics,24.21875,PeakVista Partners,18.666666666666668,ZenithWorks,18.071428571428573,FusionBridge Networks,3,6.147321428571427,150,750
77,30,30,30,3.107133699633699,0.5788895823428553,0.20820111487725249,-0.5733107847368051,2.263061504480175,0,0.0,0,0.0,0,0.0,1.8333333333333333,4.25,2.416666666666667,Nebula Dynamics,31.53846153846154,EchoSphere Analytics,23.333333333333332,Vortex Venture Group,22.65625,ZenithWorks,3,8.88221153846154,150,750
78,30,30,29,3.0211698263422404,0.7050261916541273,0.8866581076607796,0.8985046332132423,2.2888950136097135,3,10.344827586206897,0,0.0,3,10.344827586206897,2.0,5.0,3.0,FusionBridge Networks,24.727272727272727,ZenithWorks,20.3125,Catalyst Core,20.3125,EverVault Enterprises,4,4.414772727272727,150,750
79,30,30,30,3.003452380952381,0.644526794706512,0.4213064152581325,-0.19016452772347758,2.346602752036061,0,0.0,0,0.0,0,0.0,1.8,4.5,2.7,Ascendify Technologies,24.11111111111111,Solaris Systems,21.09375,IronClad Systems,18.857142857142858,DeltaBloom Group,4,5.253968253968253,150,750
80,30,30,30,3.0664285714285713,0.6380470693735735,0.5292034846325306,-0.5388213168487552,2.29155327022262,0,0.0,0,0.0,0,0.0,2.0,4.5,2.5,Orion Synergy,24.8,Magnetar Innovations,21.214285714285715,Vortex Venture Group,21.0,TitanEdge Consulting,3,3.8000000000000007,150,750
81,30,30,29,3.0111111111111115,0.5994925769107327,-0.1797691153840394,0.3772666728791978,2.3014649438373094,1,3.4482758620689653,1,3.4482758620689653,0,0.0,1.4,4.25,2.85,Cobalt Circuitry,22.65625,Nimbus Nexus,19.642857142857142,Crimson Arc Media,18.857142857142858,BlueFern BioTech,2,3.7991071428571423,150,750
82,30,30,30,3.058915343915344,0.7239359771691006,0.43839980586146854,0.33144873513128426,2.4125932148315044,1,3.3333333333333335,0,0.0,1,3.3333333333333335,1.6666666666666667,5.0,3.333333333333333,Nebula Dynamics,23.333333333333332,Nimbus Nexus,20.583333333333332,Lumeon Strategies,18.75,Nimbus Nexus,3,4.583333333333332,150,750
83,30,30,30,3.0122486772486776,0.5920046810845535,-0.1549623634019626,-0.6765486773328679,2.29155327022262,0,0.0,0,0.0,0,0.0,1.75,4.0,2.25,Solaris Systems,21.77777777777778,Vertex Valley Ventures,20.428571428571427,Ascendify Technologies,20.3125,Vortex Venture Group,2,1.4652777777777786,150,750
84,30,30,29,2.9034345922276956,0.5981237140833233,-1.1312491844475188,1.4178541066081882,1.969801657533178,1,3.4482758620689653,1,3.4482758620689653,0,0.0,1.0,3.8,2.8,FusionBridge Networks,22.0,DeltaBloom Group,21.875,StellarPath Logistics,19.444444444444443,EverVault Enterprises,3,2.555555555555557,150,750
85,30,30,30,2.932159692159692,0.8364691724085613,0.05922540888989723,-0.697129081913543,2.5601029958115844,0,0.0,0,0.0,0,0.0,1.5,4.666666666666667,3.166666666666667,Crimson Arc Media,26.5625,DeltaBloom Group,23.181818181818183,Nebula Dynamics,21.875,TerraNova Solutions,4,4.6875,150,750
86,30,30,30,3.050542328042327,0.7621246960131737,-0.216059006943725,1.6653470101838357,2.3810760119146073,4,13.333333333333334,2,6.666666666666667,2,6.666666666666667,1.0,5.0,4.0,TitanEdge Consulting,21.875,IronClad Systems,21.09375,Apexion Innovations,19.444444444444443,Catalyst Core,3,2.430555555555557,150,750
87,30,30,30,2.9397619047619044,0.6708623358190258,-0.04260528199056756,-0.613886241973356,2.2660528684552537,0,0.0,0,0.0,0,0.0,1.6666666666666667,4.333333333333333,2.666666666666666,HarborWay Holdings,24.21875,Ascendify Technologies,21.875,EchoSphere Analytics,17.96875,Cobalt Circuitry,4,6.25,150,750
88,30,30,30,3.0618326118326116,0.7574727106443954,0.8706209830156945,-0.1674953376223267,2.251932579217033,0,0.0,0,0.0,0,0.0,2.0,4.75,2.75,PeakVista Partners,28.0,IronClad Systems,25.0,Catalyst Core,20.863636363636363,Orion Synergy,3,7.136363636363637,150,750
89,30,30,30,2.9992195767195766,0.8606873514373372,0.04470986812259255,-0.27438990141182407,2.6574258137630506,0,0.0,0,0.0,0,0.0,1.0,5.0,4.0,FusionBridge Networks,22.555555555555557,EverVault Enterprises,20.428571428571427,Lumeon Strategies,19.642857142857142,Apexion Innovations,3,2.912698412698415,150,750
90,30,30,30,3.0374867724867727,0.5196332102449192,-0.04159535014419655,-0.7668252578006145,1.9382689280764644,0,0.0,0,0.0,0,0.0,2.0,4.0,2.0,FusionBridge Networks,21.875,LuxeLoom Enterprises,18.857142857142858,ZenithWorks,18.071428571428573,Vertex Valley Ventures,4,3.803571428571427,150,750
91,30,30,29,2.939408866995074,0.7684248893816471,0.33593576692617205,-1.2386445105789214,2.244517204030301,0,0.0,0,0.0,0,0.0,2.0,4.333333333333333,2.333333333333333,Lumeon Strategies,20.428571428571427,Crimson Arc Media,19.0,Ascendify Technologies,18.208333333333332,TitanEdge Consulting,3,2.220238095238095,150,750
92,30,30,30,2.9317460317460315,0.8493691432745772,-0.08788317064944966,0.7168568756932316,2.615922063835167,3,10.0,2,6.666666666666667,1,3.3333333333333335,1.0,5.0,4.0,Nimbus Nexus,21.875,TitanEdge Consulting,20.583333333333332,EverVault Enterprises,19.642857142857142,EchoSphere Analytics,4,2.2321428571428577,150,750
93,30,30,30,2.980224867724868,0.8325423563046461,-0.1655425998081066,-0.39697254085762834,2.6975347643587213,0,0.0,0,0.0,0,0.0,1.0,4.5,3.5,StellarPath Logistics,22.0,EchoSphere Analytics,21.214285714285715,Vertex Valley Ventures,21.09375,Nebula Dynamics,4,0.90625,150,750
94,30,30,30,3.1184523809523816,0.7055633949338622,0.7402383756626372,-0.03556713334767725,2.1847776529602827,1,3.3333333333333335,0,0.0,1,3.3333333333333335,2.0,5.0,3.0,DeltaBloom Group,25.666666666666668,IronClad Systems,23.4375,Nimbus Nexus,19.0,EchoSphere Analytics,3,6.666666666666668,150,750
95,30,30,30,2.9974074074074073,0.747942081137927,-0.4896313180834234,-0.9662000224128717,2.310546748544161,0,0.0,0,0.0,0,0.0,1.5,4.0,2.5,FusionBridge Networks,26.5625,PrismPoint Studios,24.88888888888889,PeakVista Partners,21.214285714285715,Solaris Systems,4,5.348214285714285,150,750
96,30,30,30,3.009140211640212,0.6200351850277802,0.44771678553956534,-0.535516118388919,2.235591746027931,0,0.0,0,0.0,0,0.0,2.0,4.5,2.5,Crimson Arc Media,21.77777777777778,Ascendify Technologies,21.77777777777778,Nimbus Nexus,21.09375,FusionBridge Networks,3,0.6840277777777786,150,750
97,30,30,30,3.058849206349206,0.6248337407988748,-0.053971144318528334,-0.8041412568736086,2.386569246460625,0,0.0,0,0.0,0,0.0,1.6666666666666667,4.0,2.333333333333333,DeltaBloom Group,24.21875,Nebula Dynamics,20.3125,Magnetar Innovations,18.75,Apexion Innovations,5,5.46875,150,750
98,30,30,30,3.009656084656085,0.5662646997884271,-0.07840760993543226,-0.8448127270481658,2.1055872616982603,0,0.0,0,0.0,0,0.0,2.0,4.0,2.0,EchoSphere Analytics,21.875,Solaris Systems,20.428571428571427,Catalyst Core,18.857142857142858,Quantum Forge,3,3.0178571428571423,150,750
99,30,30,30,3.033915343915344,0.618137505359932,0.20463738186514388,-0.04116302139362649,2.396883097403592,0,0.0,0,0.0,0,0.0,1.75,4.5,2.75,PeakVista Partners,25.4375,HarborWay Holdings,21.214285714285715,IronClad Systems,21.214285714285715,LuxeLoom Enterprises,3,4.223214285714285,150,750
100,30,30,29,3.013998357963875,0.5874662291650276,-0.28655379045178203,-0.5253214460547517,2.2614215142259244,0,0.0,0,0.0,0,0.0,1.6666666666666667,4.166666666666667,2.5,Vortex Venture Group,33.145833333333336,Ascendify Technologies,19.53125,ZenithWorks,19.375,PeakVista Partners,3,13.770833333333336,150,750
101,30,30,30,3.0211507936507944,0.6149631495431611,0.15440662469433294,-0.19831224477027565,2.29155327022262,1,3.3333333333333335,1,3.3333333333333335,0,0.0,1.6,4.25,2.65,Quantum Forge,26.35,HarborWay Holdings,18.208333333333332,TitanEdge Consulting,17.96875,Crimson Arc Media,3,8.381250000000001,150,750
102,30,30,30,2.9437301587301588,0.6475587866843783,0.08997467302867034,-1.0949295657239346,2.3962578842815194,0,0.0,0,0.0,0,0.0,1.8571428571428572,4.0,2.142857142857143,DeltaBloom Group,24.025,Vertex Valley Ventures,22.785714285714285,LuxeLoom Enterprises,21.0,HydraFlux Labs,4,3.0249999999999986,150,750
103,30,30,30,3.0116666666666663,0.6956910624851873,0.049891863848676075,0.42160734793375676,2.532380816279281,0,0.0,0,0.0,0,0.0,1.3333333333333333,4.8,3.466666666666667,DeltaBloom Group,23.4375,Apexion Innovations,21.09375,Vortex Venture Group,19.791666666666668,LuxeLoom Enterprises,4,3.645833333333332,150,750
104,30,30,29,3.0423234811165845,0.7511515117059201,0.08182781070282022,0.5491209348456589,2.4176051353631935,2,6.896551724137931,1,3.4482758620689653,1,3.4482758620689653,1.25,5.0,3.75,ZenithWorks,24.8,Apexion Innovations,20.925,Cobalt Circuitry,18.75,Magnetar Innovations,3,6.050000000000001,150,750
105,30,30,30,3.105846560846561,0.6157842175161053,-0.2217668185722676,-0.09000566378013142,2.3735572622751855,0,0.0,0,0.0,0,0.0,1.7142857142857142,4.5,2.7857142857142856,TitanEdge Consulting,24.88888888888889,StellarPath Logistics,23.571428571428573,EverVault Enterprises,22.785714285714285,PeakVista Partners,4,2.1031746031746046,150,750
106,30,30,30,2.9656349206349204,0.70788606215741,-0.5543086845224036,0.19172029619078046,2.4011184861493846,1,3.3333333333333335,1,3.3333333333333335,0,0.0,1.0,4.0,3.0,DeltaBloom Group,29.45,Lumeon Strategies,23.4375,LuxeLoom Enterprises,21.7,Ascendify Technologies,4,7.75,150,750
107,30,30,30,3.094920634920635,0.8887494363399666,0.3393611962313477,-0.40240839604771983,2.6729055953200564,0,0.0,0,0.0,0,0.0,1.5,5.0,3.5,LuxeLoom Enterprises,23.333333333333332,BlueFern BioTech,22.785714285714285,IronClad Systems,19.791666666666668,Vertex Valley Ventures,3,3.5416666666666643,150,750
108,30,30,30,3.009040404040404,0.5514306849586843,0.01890480880916489,-0.2330278216661834,2.245274881209708,0,0.0,0,0.0,0,0.0,1.75,4.2,2.45,EverVault Enterprises,30.136363636363637,StellarPath Logistics,18.75,DeltaBloom Group,18.208333333333332,Solaris Systems,3,11.928030303030305,150,750
109,30,30,30,3.0130423280423284,0.502729748579075,0.469445191931467,-0.3228321246267627,2.128821631404712,0,0.0,0,0.0,0,0.0,2.3333333333333335,4.333333333333333,1.9999999999999996,Cobalt Circuitry,22.65625,LuxeLoom Enterprises,19.53125,Orion Synergy,19.53125,Nebula Dynamics,3,3.125,150,750
110,30,30,30,2.942167277167277,0.6773764244656578,-0.1435394010839047,-1.0230224839658437,2.3511894468399483,0,0.0,0,0.0,0,0.0,1.5,4.0,2.5,Vortex Venture Group,29.23076923076923,HarborWay Holdings,17.416666666666668,FusionBridge Networks,16.625,Nimbus Nexus,3,12.60576923076923,150,750
111,30,30,30,2.9714021164021163,0.7155343725395744,-0.2754020404040439,-0.9381616223732436,2.353984548143494,0,0.0,0,0.0,0,0.0,1.5,4.2,2.7,EchoSphere Analytics,21.214285714285715,DeltaBloom Group,18.208333333333332,EverVault Enterprises,17.416666666666668,Ascendify Technologies,3,3.7976190476190474,150,750
112,30,30,30,3.0584391534391533,0.6309845831632437,0.37862251917848144,-0.36206737541272993,2.311941547876375,0,0.0,0,0.0,0,0.0,2.125,4.666666666666667,2.541666666666667,Solaris Systems,24.21875,Nebula Dynamics,23.4375,HarborWay Holdings,21.214285714285715,Crimson Arc Media,3,3.0044642857142847,150,750
113,30,30,30,2.961626984126984,0.7141989596786367,0.16702218342590777,-0.9969458187889466,2.2588261157343825,0,0.0,0,0.0,0,0.0,2.0,4.5,2.5,ZenithWorks,22.65625,Cobalt Circuitry,22.555555555555557,Orion Synergy,18.857142857142858,TerraNova Solutions,3,3.7991071428571423,150,750
114,30,30,30,2.8722077922077918,0.7951384075970649,-0.13080902737652578,0.03322825295700671,2.498929563690935,2,6.666666666666667,1,3.3333333333333335,1,3.3333333333333335,1.0,4.666666666666667,3.666666666666667,TitanEdge Consulting,26.272727272727273,Solaris Systems,19.0,Cobalt Circuitry,18.75,Nebula Dynamics,3,7.522727272727273,150,750
115,30,30,30,3.10287037037037,0.639588206142979,-0.24343821546784253,-0.25058039719100433,2.473766646952153,0,0.0,0,0.0,0,0.0,1.6666666666666667,4.5,2.833333333333333,DeltaBloom Group,26.444444444444443,HarborWay Holdings,24.11111111111111,HydraFlux Labs,22.785714285714285,Cobalt Circuitry,2,3.658730158730158,150,750
116,30,30,30,2.9087301587301586,0.8155921080347103,0.1987378189036141,0.2339564272913912,2.6261444493561785,0,0.0,0,0.0,0,0.0,1.0,5.0,4.0,ZenithWorks,27.125,Solaris Systems,19.642857142857142,HarborWay Holdings,17.96875,Lumeon Strategies,3,9.15625,150,750
117,30,30,30,2.9301984126984126,0.7223058003707163,-0.6706052251275506,-0.068563915217982,2.5138755975478237,1,3.3333333333333335,1,3.3333333333333335,0,0.0,1.0,4.0,3.0,LuxeLoom Enterprises,21.214285714285715,TerraNova Solutions,21.09375,Orion Synergy,20.428571428571427,Nimbus Nexus,3,0.7857142857142883,150,750
118,30,30,30,3.0903571428571426,0.641918505663945,1.2909025068090692,1.7566616950804903,2.1404333136188196,3,10.0,0,0.0,3,10.0,2.142857142857143,5.0,2.857142857142857,TerraNova Solutions,29.45,Crimson Arc Media,23.333333333333332,Nimbus Nexus,21.214285714285715,Vortex Venture Group,4,8.235714285714284,150,750
119,30,30,30,3.0226719576719576,0.6868078582497286,0.6093394582278346,0.44143475444442926,2.199723686817171,1,3.3333333333333335,0,0.0,1,3.3333333333333335,2.0,5.0,3.0,HydraFlux Labs,24.025,Aurora Axis,21.77777777777778,PeakVista Partners,19.0,Quantum Forge,3,5.024999999999999,150,750
120,30,30,30,2.9096693121693127,0.7039980374876653,-0.3464133240321499,-0.27341933325803414,2.32742132943338,0,0.0,0,0.0,0,0.0,1.5,4.333333333333333,2.833333333333333,Orion Synergy,21.875,LuxeLoom Enterprises,21.77777777777778,Vertex Valley Ventures,18.208333333333332,EchoSphere Analytics,5,3.666666666666668,150,750
121,30,30,30,3.0474470899470902,0.5889451805278437,0.4704501557174439,0.14418388330791831,2.1642014310253876,2,6.666666666666667,0,0.0,2,6.666666666666667,2.0,4.5,2.5,Orion Synergy,24.11111111111111,PeakVista Partners,21.214285714285715,HydraFlux Labs,19.53125,Catalyst Core,4,4.579861111111111,150,750
122,30,30,30,2.9407936507936503,0.7535456585110297,0.5659371286586113,-0.19784482030176997,2.334848613650846,0,0.0,0,0.0,0,0.0,1.6666666666666667,4.6,2.9333333333333327,BlueFern BioTech,19.53125,HydraFlux Labs,18.071428571428573,StellarPath Logistics,17.416666666666668,Nebula Dynamics,3,2.114583333333332,150,750
123,30,30,30,3.023835978835979,0.8202416976530742,-0.3566324334387386,0.5973223431405632,2.4011184861493846,2,6.666666666666667,1,3.3333333333333335,1,3.3333333333333335,1.0,5.0,4.0,Lumeon Strategies,24.11111111111111,Orion Synergy,20.3125,PeakVista Partners,18.208333333333332,HydraFlux Labs,3,5.902777777777779,150,750
124,30,30,30,2.945780423280423,0.6361584369748596,-0.5669682129889151,0.27014836318407287,2.3927846621897886,2,6.666666666666667,2,6.666666666666667,0,0.0,1.3333333333333333,4.0,2.666666666666667,Crimson Arc Media,22.65625,LuxeLoom Enterprises,20.3125,ZenithWorks,17.11111111111111,Ascendify Technologies,3,5.545138888888889,150,750
125,30,30,30,2.981574074074074,0.7165074770563393,-0.1738810215805696,-0.8565276478031207,2.4975347643587216,0,0.0,0,0.0,0,0.0,1.5,4.125,2.625,Quantum Forge,28.0,Ascendify Technologies,26.444444444444443,TerraNova Solutions,25.0,PrismPoint Studios,3,3.0,150,750
126,30,30,29,3.015585659551177,0.4705003598505216,-0.9224679986631346,0.4113435264974217,2.0574635032744535,1,3.4482758620689653,1,3.4482758620689653,0,0.0,1.6666666666666667,3.6666666666666665,1.9999999999999998,FusionBridge Networks,25.666666666666668,Vertex Valley Ventures,21.77777777777778,Orion Synergy,17.96875,ZenithWorks,4,7.697916666666668,150,750
127,30,30,30,2.9870634920634918,0.6369353006573603,0.04898761097859076,-0.05856221951169882,2.3064483133303573,0,0.0,0,0.0,0,0.0,1.6666666666666667,4.333333333333333,2.666666666666666,Solaris Systems,24.8,Vertex Valley Ventures,24.025,DeltaBloom Group,20.428571428571427,Crimson Arc Media,3,4.371428571428574,150,750
128,30,30,30,2.9382142857142854,0.679471301822233,-0.580493927890619,0.6924301724332476,2.3731149799970237,1,3.3333333333333335,1,3.3333333333333335,0,0.0,1.0,4.2,3.2,TerraNova Solutions,19.642857142857142,HarborWay Holdings,19.0,FusionBridge Networks,18.071428571428573,Catalyst Core,4,1.5714285714285694,150,750
129,30,30,30,2.978095238095238,0.653590698533396,0.1588183066016624,-0.9716794217668268,2.2444138295776113,0,0.0,0,0.0,0,0.0,2.0,4.25,2.25,Crimson Arc Media,21.875,Orion Synergy,18.208333333333332,Lumeon Strategies,18.208333333333332,Apexion Innovations,5,3.666666666666668,150,750
130,30,30,30,2.957738095238095,0.7567522171611937,-0.17952688206104198,0.046492964646072554,2.4668786130739218,0,0.0,0,0.0,0,0.0,1.0,4.5,3.5,HydraFlux Labs,20.428571428571427,Ascendify Technologies,19.53125,StellarPath Logistics,19.0,StellarPath Logistics,4,1.428571428571427,150,750
131,30,30,30,3.0321825396825397,0.6145515515694409,1.1378939685068614,1.7930085335278987,2.1274213294333797,2,6.666666666666667,0,0.0,2,6.666666666666667,2.0,5.0,3.0,EverVault Enterprises,19.642857142857142,TitanEdge Consulting,17.96875,PrismPoint Studios,17.96875,FusionBridge Networks,3,1.6741071428571423,150,750
132,30,30,30,2.996415343915344,0.6187542080683085,-0.34092596522887714,-0.8087758539350225,2.2648530979805175,0,0.0,0,0.0,0,0.0,1.6,4.0,2.4,Orion Synergy,21.77777777777778,StellarPath Logistics,19.0,Apexion Innovations,17.6,Crimson Arc Media,3,4.177777777777777,150,750
133,30,30,28,2.8871315192743756,0.7685696289912856,-0.39640794669146684,-0.375369121148045,2.5705981190900795,0,0.0,0,0.0,0,0.0,1.0,4.333333333333333,3.333333333333333,StellarPath Logistics,25.666666666666668,IronClad Systems,25.4375,Aurora Axis,22.785714285714285,Vertex Valley Ventures,4,2.880952380952383,150,750
134,30,30,30,2.919761904761905,0.7371575969569347,-0.33179683078005234,0.34800936179230835,2.362943585225163,1,3.3333333333333335,1,3.3333333333333335,0,0.0,1.0,4.25,3.25,TitanEdge Consulting,21.214285714285715,Orion Synergy,19.642857142857142,BlueFern BioTech,15.833333333333334,Vortex Venture Group,3,5.380952380952381,150,750
135,30,30,30,2.9595634920634923,0.6236735344421935,0.11740152902885287,-0.299029051514049,2.35079265267182,0,0.0,0,0.0,0,0.0,1.75,4.2,2.45,Apexion Innovations,20.428571428571427,Crimson Arc Media,19.53125,Cobalt Circuitry,18.071428571428573,FusionBridge Networks,3,2.357142857142854,150,750
136,30,30,30,2.9595502645502645,0.5617981650650749,-0.500766989714413,0.024072030611081985,2.1541215016754824,1,3.3333333333333335,1,3.3333333333333335,0,0.0,1.5,4.0,2.5,Apexion Innovations,21.77777777777778,Aurora Axis,17.416666666666668,Magnetar Innovations,17.285714285714285,PrismPoint Studios,3,4.492063492063494,150,750
137,30,30,30,3.0252380952380955,0.6615650464297493,0.06950469124062297,-1.1514717742085396,2.2908770663513964,0,0.0,0,0.0,0,0.0,2.0,4.166666666666667,2.166666666666667,Magnetar Innovations,32.375,IronClad Systems,22.65625,ZenithWorks,18.208333333333332,Ascendify Technologies,3,14.166666666666668,150,750
138,30,30,30,3.016901154401155,0.8029831775782587,0.4792483250359989,-0.1826722147239508,2.586035498760508,0,0.0,0,0.0,0,0.0,1.6666666666666667,5.0,3.333333333333333,Aurora Axis,27.818181818181817,Crimson Arc Media,21.875,BlueFern BioTech,21.09375,IronClad Systems,4,6.724431818181817,150,750
139,30,30,30,2.9730555555555553,0.6224329355009028,0.030154211712649964,-0.07311394661796422,2.254773168630612,0,0.0,0,0.0,0,0.0,1.5,4.25,2.75,Solaris Systems,24.8,EverVault Enterprises,21.875,Vertex Valley Ventures,19.53125,TitanEdge Consulting,3,5.268750000000001,150,750
140,30,30,30,2.9225661375661374,0.6348428419053201,0.09407114559533462,-0.21028335847856594,2.236452797660028,0,0.0,0,0.0,0,0.0,1.5,4.333333333333333,2.833333333333333,Quantum Forge,24.11111111111111,Ascendify Technologies,17.285714285714285,LuxeLoom Enterprises,16.625,LuxeLoom Enterprises,4,7.486111111111111,150,750
141,30,30,30,3.070555555555556,0.7587200885962531,-0.09929405592414144,-0.4931046307708953,2.4920415298127034,0,0.0,0,0.0,0,0.0,1.3333333333333333,4.5,3.166666666666667,DeltaBloom Group,28.675,Orion Synergy,22.65625,Cobalt Circuitry,22.0,Lumeon Strategies,4,6.675000000000001,150,750
142,30,30,30,2.9605555555555556,0.6322246631470161,0.5436871119433363,0.016656039887117835,2.075075483501529,3,10.0,0,0.0,3,10.0,1.75,4.333333333333333,2.583333333333333,Quantum Forge,19.791666666666668,EverVault Enterprises,19.53125,HydraFlux Labs,19.53125,Lumeon Strategies,4,0.26041666666666785,150,750
143,30,30,30,2.9610582010582007,0.6792883039411354,0.016999544106194968,-0.15921387768703,2.4682734124061354,0,0.0,0,0.0,0,0.0,1.5,4.6,3.0999999999999996,BlueFern BioTech,21.0,Orion Synergy,21.0,TerraNova Solutions,19.791666666666668,Apexion Innovations,4,1.2083333333333321,150,750
144,30,30,30,3.006230158730158,0.6978118593815058,0.9823174932985977,1.0435253868857135,2.3240924804297176,2,6.666666666666667,0,0.0,2,6.666666666666667,2.0,5.0,3.0,EchoSphere Analytics,22.0,DeltaBloom Group,21.7,Nebula Dynamics,19.53125,PeakVista Partners,3,2.46875,150,750
145,30,30,30,2.997738095238095,0.7562396873106061,-0.3134245870733079,-0.2711957500018696,2.572253928364927,1,3.3333333333333335,1,3.3333333333333335,0,0.0,1.25,4.5,3.25,Solaris Systems,21.09375,Nimbus Nexus,21.09375,Aurora Axis,18.071428571428573,TitanEdge Consulting,3,3.022321428571427,150,750
146,30,30,30,2.991085858585858,0.6896062275415059,-0.7479141157918908,0.6400258620199382,2.3722539283649264,2,6.666666666666667,2,6.666666666666667,0,0.0,1.0,4.090909090909091,3.090909090909091,Catalyst Core,21.214285714285715,Nebula Dynamics,19.642857142857142,TitanEdge Consulting,19.53125,Orion Synergy,5,1.6830357142857153,150,750
147,30,30,30,2.9951851851851847,0.6993495154984898,-0.2691007281982897,0.9655633823548384,2.329728171146842,2,6.666666666666667,1,3.3333333333333335,1,3.3333333333333335,1.0,4.666666666666667,3.666666666666667,EchoSphere Analytics,21.09375,Aurora Axis,19.53125,FusionBridge Networks,19.444444444444443,Vertex Valley Ventures,4,1.6493055555555571,150,750
148,30,30,30,2.965315055315055,0.8585962105295744,-0.29512734215632835,0.6152385145405161,2.6023763319496096,5,16.666666666666664,3,10.0,2,6.666666666666667,1.0,5.0,4.0,HydraFlux Labs,27.045454545454547,Solaris Systems,24.8,Orion Synergy,23.4375,BlueFern BioTech,4,3.6079545454545467,150,750
149,30,30,30,3.021031746031746,0.72070923415866,0.37550454609227407,0.02172076863726602,2.358082983357298,1,3.3333333333333335,0,0.0,1,3.3333333333333335,2.0,5.0,3.0,PeakVista Partners,30.225,DeltaBloom Group,21.0,Catalyst Core,18.857142857142858,PeakVista Partners,4,11.367857142857144,150,750
150,30,30,30,2.925589225589225,0.8223605134959274,-0.5354190479924562,0.151286819123706,2.4908770663513966,2,6.666666666666667,2,6.666666666666667,0,0.0,1.0,4.333333333333333,3.333333333333333,TitanEdge Consulting,27.818181818181817,Nebula Dynamics,27.045454545454547,TerraNova Solutions,24.11111111111111,Magnetar Innovations,4,3.707070707070706,150,750
151,30,30,30,3.022420634920635,0.5995176383160494,0.16364291043926915,-0.07111769361916975,2.3031194643266946,1,3.3333333333333335,0,0.0,1,3.3333333333333335,1.8333333333333333,4.5,2.666666666666667,HarborWay Holdings,22.0,IronClad Systems,20.925,Vortex Venture Group,19.791666666666668,Magnetar Innovations,4,2.208333333333332,150,750
152,30,30,30,3.0971428571428574,0.7281600952954073,0.0635317013334434,-0.960829022863821,2.5185992458836997,0,0.0,0,0.0,0,0.0,1.7777777777777777,4.5,2.7222222222222223,LuxeLoom Enterprises,29.555555555555557,HarborWay Holdings,21.214285714285715,BlueFern BioTech,20.428571428571427,BlueFern BioTech,3,9.12698412698413,150,750
153,30,30,30,3.020833333333333,0.8150012375424759,0.2297396793203804,-0.2243778856620815,2.6519325792170334,1,3.3333333333333335,0,0.0,1,3.3333333333333335,1.5,5.0,3.5,HarborWay Holdings,24.8,HydraFlux Labs,23.333333333333332,Nimbus Nexus,19.642857142857142,Solaris Systems,4,5.157142857142858,150,750
154,30,30,30,3.0952910052910054,0.7680382784953624,0.2096585859836419,-0.4348895299996185,2.534314865950729,0,0.0,0,0.0,0,0.0,1.8333333333333333,5.0,3.166666666666667,PeakVista Partners,22.555555555555557,Lumeon Strategies,22.0,Vertex Valley Ventures,20.428571428571427,Solaris Systems,3,2.12698412698413,150,750
155,30,30,30,3.020119047619048,0.8031577624261792,0.3957382693603829,-0.32023800159640636,2.5459265481648377,0,0.0,0,0.0,0,0.0,1.5,5.0,3.5,BlueFern BioTech,19.791666666666668,ZenithWorks,18.071428571428573,Ascendify Technologies,17.285714285714285,Apexion Innovations,5,2.505952380952383,150,750
156,30,30,30,2.995039682539683,0.713144331678723,0.32866824766310876,-0.2774052612463809,2.5601029958115844,0,0.0,0,0.0,0,0.0,1.5,4.6,3.0999999999999996,Orion Synergy,32.55,Lumeon Strategies,22.65625,StellarPath Logistics,17.285714285714285,PeakVista Partners,3,15.264285714285712,150,750
157,30,30,30,2.983293650793651,0.6187182032060994,0.12254081475415754,-0.9598743309128377,2.1874302980927216,0,0.0,0,0.0,0,0.0,2.0,4.142857142857143,2.1428571428571432,Nebula Dynamics,23.4375,PeakVista Partners,20.3125,Vortex Venture Group,18.857142857142858,BlueFern BioTech,5,4.580357142857142,150,750
158,30,30,30,3.0615873015873016,0.6609227422718971,0.7196669984234497,0.6070621727139036,2.2057051809532724,1,3.3333333333333335,0,0.0,1,3.3333333333333335,2.2,5.0,2.8,Crimson Arc Media,29.45,Cobalt Circuitry,23.25,Vertex Valley Ventures,20.925,Solaris Systems,5,8.524999999999999,150,750
159,30,30,30,3.051071428571428,0.6254222572079087,0.16708594877641877,-0.5581492206581333,2.450537779884819,0,0.0,0,0.0,0,0.0,1.8333333333333333,4.5,2.666666666666667,FusionBridge Networks,21.09375,EchoSphere Analytics,20.3125,LuxeLoom Enterprises,19.791666666666668,Nimbus Nexus,4,1.3020833333333321,150,750
160,30,30,30,3.054166666666667,0.6981063598098457,0.299962647880706,-0.666671025720778,2.4704377979484904,0,0.0,0,0.0,0,0.0,1.6666666666666667,4.5,2.833333333333333,HydraFlux Labs,23.4375,Lumeon Strategies,23.4375,TitanEdge Consulting,18.071428571428573,PrismPoint Studios,3,5.366071428571427,150,750
161,30,30,29,2.923809523809524,0.6015649795189432,-0.06722695638539258,-0.9816760232965951,2.0849370026582426,0,0.0,0,0.0,0,0.0,2.0,4.0,2.0,BlueFern BioTech,22.0,TerraNova Solutions,19.642857142857142,Nimbus Nexus,19.53125,FusionBridge Networks,3,2.46875,150,750
162,30,30,29,2.9666803503010404,0.7670646882851586,0.16163652366656087,0.9384984090071997,2.316421262044348,2,6.896551724137931,1,3.4482758620689653,1,3.4482758620689653,1.0,5.0,4.0,BlueFern BioTech,24.88888888888889,EchoSphere Analytics,22.65625,Ascendify Technologies,18.208333333333332,ZenithWorks,3,6.680555555555557,150,750
163,30,30,30,3.040119047619048,0.5779996807545666,-0.1376921814578097,-1.2674342688781186,2.1417421501681955,0,0.0,0,0.0,0,0.0,2.0,4.0,2.0,Quantum Forge,22.65625,StellarPath Logistics,21.214285714285715,Apexion Innovations,18.071428571428573,HydraFlux Labs,3,4.584821428571427,150,750
164,30,30,30,3.046785714285714,0.6423659315257019,-0.4155128145865639,-0.47951212162490586,2.3092889027439356,0,0.0,0,0.0,0,0.0,1.5,4.0,2.5,HarborWay Holdings,28.0,Crimson Arc Media,21.375,Ascendify Technologies,19.0,Quantum Forge,4,9.0,150,750
165,30,30,29,2.9872742200328406,0.5962914410139583,-0.16091111099347746,-0.3021998962710444,2.165571174890631,2,6.896551724137931,1,3.4482758620689653,1,3.4482758620689653,1.8,4.25,2.45,TitanEdge Consulting,25.0,ZenithWorks,21.7,Cobalt Circuitry,20.3125,Nimbus Nexus,6,4.6875,150,750
166,30,30,30,2.973174603174603,0.6666825205975819,-0.450578716738988,-0.350624313278487,2.2497120352661515,0,0.0,0,0.0,0,0.0,1.5,4.285714285714286,2.7857142857142856,HarborWay Holdings,27.125,Apexion Innovations,20.583333333333332,Magnetar Innovations,18.857142857142858,Apexion Innovations,3,8.267857142857142,150,750
167,30,30,29,3.0084564860426934,0.6076418105640987,0.22495681706396556,-0.6466730624212413,2.213042222567653,0,0.0,0,0.0,0,0.0,2.0,4.333333333333333,2.333333333333333,Ascendify Technologies,21.09375,EverVault Enterprises,19.53125,Vertex Valley Ventures,18.857142857142858,PeakVista Partners,3,2.2366071428571423,150,750
168,30,30,30,3.0303174603174603,0.6943819291589133,0.41503985946493777,-0.26476509958488403,2.4668786130739218,1,3.3333333333333335,0,0.0,1,3.3333333333333335,1.6666666666666667,4.666666666666667,3.0,Solaris Systems,24.025,Orion Synergy,20.428571428571427,Ascendify Technologies,19.642857142857142,IronClad Systems,3,4.382142857142856,150,750
169,30,30,30,3.046071428571429,0.5720311100734927,-0.07032638795170951,-0.8649694482888015,2.220111964470926,0,0.0,0,0.0,0,0.0,2.0,4.0,2.0,Apexion Innovations,27.9,HarborWay Holdings,21.09375,EchoSphere Analytics,18.208333333333332,PrismPoint Studios,4,9.691666666666666,150,750
170,30,30,29,3.044577548887894,0.6325161719612813,0.006565604341743228,-1.0490137666257346,2.2536434973575568,0,0.0,0,0.0,0,0.0,2.0,4.2,2.2,Quantum Forge,27.818181818181817,EchoSphere Analytics,22.0,BlueFern BioTech,17.96875,Aurora Axis,3,9.849431818181817,150,750
171,30,30,30,2.949232804232804,0.6320842642107081,0.07230757432168024,-0.7355508897629304,2.2797991318374056,0,0.0,0,0.0,0,0.0,1.75,4.4,2.6500000000000004,Solaris Systems,21.875,FusionBridge Networks,21.7,Lumeon Strategies,19.642857142857142,PrismPoint Studios,4,2.2321428571428577,150,750
172,30,30,30,3.04243265993266,0.78412483181967,0.49177624755873156,-0.47120416284960065,2.3764438290006864,0,0.0,0,0.0,0,0.0,2.0,5.0,3.0,Vortex Venture Group,26.272727272727273,HarborWay Holdings,22.65625,Apexion Innovations,21.77777777777778,Ascendify Technologies,3,4.494949494949495,150,750
173,30,30,30,2.937896825396825,0.6202697097123123,-0.13132065124395803,0.015316497748158131,2.2212764279322332,0,0.0,0,0.0,0,0.0,1.3333333333333333,4.25,2.916666666666667,ZenithWorks,19.0,PeakVista Partners,18.857142857142858,HydraFlux Labs,15.041666666666666,PrismPoint Studios,4,3.958333333333334,150,750
174,30,30,30,3.05447570947571,0.7565103678114828,0.31696944598392235,-0.08356954785221138,2.6057051809532723,1,3.3333333333333335,0,0.0,1,3.3333333333333335,1.6,5.0,3.4,Quantum Forge,30.90909090909091,Ascendify Technologies,24.88888888888889,Apexion Innovations,20.428571428571427,HarborWay Holdings,3,10.480519480519483,150,750
175,30,30,30,3.0390079365079368,0.6986816547875788,0.1566136261249713,-0.4356546697143222,2.5594777826895116,0,0.0,0,0.0,0,0.0,1.75,4.666666666666667,2.916666666666667,Crimson Arc Media,25.5,Nebula Dynamics,20.428571428571427,Ascendify Technologies,20.428571428571427,Apexion Innovations,4,5.071428571428573,150,750
176,30,30,30,2.9288095238095235,0.6386530226152073,-0.7701186828940793,-0.3125782363457019,2.128282381065477,0,0.0,0,0.0,0,0.0,1.5,3.8333333333333335,2.3333333333333335,Vortex Venture Group,21.0,Lumeon Strategies,18.857142857142858,Quantum Forge,18.857142857142858,Vortex Venture Group,3,2.1428571428571423,150,750
177,30,30,29,3.0391215106732345,0.7332498089241555,0.7873209353899155,0.45787503041825994,2.538726479052352,1,3.4482758620689653,0,0.0,1,3.4482758620689653,1.8571428571428572,5.0,3.142857142857143,Vertex Valley Ventures,27.125,DeltaBloom Group,22.785714285714285,Ascendify Technologies,21.09375,Ascendify Technologies,3,6.03125,150,750
178,30,30,30,3.037169312169312,0.6562816444544161,-0.8642407131278778,0.5075527949296128,2.356148933685849,1,3.3333333333333335,1,3.3333333333333335,0,0.0,1.25,4.0,2.75,ZenithWorks,29.555555555555557,PrismPoint Studios,23.333333333333332,FusionBridge Networks,20.3125,Lumeon Strategies,2,9.243055555555557,150,750
179,30,30,30,3.061283068783069,0.8252904749564276,0.4259147685366103,-0.10109369492879416,2.6300985114819135,1,3.3333333333333335,0,0.0,1,3.3333333333333335,1.3333333333333333,5.0,3.666666666666667,Crimson Arc Media,25.0,Nebula Dynamics,22.475,TitanEdge Consulting,21.09375,FusionBridge Networks,3,3.90625,150,750
180,30,30,30,2.9044179894179893,0.6467275117719959,0.22359908913789475,-0.27174647933804374,2.186035498760508,0,0.0,0,0.0,0,0.0,1.6666666666666667,4.428571428571429,2.761904761904762,EchoSphere Analytics,21.77777777777778,Nebula Dynamics,21.77777777777778,ZenithWorks,19.642857142857142,Crimson Arc Media,3,2.134920634920636,150,750
181,30,30,30,3.040032467532468,0.6786167598279067,0.6435547396952747,0.8790623200515628,2.3559130951758247,1,3.3333333333333335,0,0.0,1,3.3333333333333335,1.6666666666666667,5.0,3.333333333333333,Ascendify Technologies,21.636363636363637,LuxeLoom Enterprises,21.0,TerraNova Solutions,19.53125,Ascendify Technologies,3,2.1051136363636367,150,750
182,30,30,30,2.9715873015873018,0.690350780741437,0.05478496036841051,-0.5681778788879868,2.4242103996847297,0,0.0,0,0.0,0,0.0,1.6,4.5,2.9,EchoSphere Analytics,22.65625,Nimbus Nexus,19.53125,Orion Synergy,19.444444444444443,Apexion Innovations,3,3.211805555555557,150,750
183,30,30,30,3.0599470899470895,0.701219580108035,0.8677953286205893,0.6017544846769196,2.347463803668157,1,3.3333333333333335,0,0.0,1,3.3333333333333335,2.0,5.0,3.0,DeltaBloom Group,21.214285714285715,PrismPoint Studios,21.0,LuxeLoom Enterprises,19.444444444444443,LuxeLoom Enterprises,3,1.7698412698412724,150,750
184,30,30,30,3.059087301587302,0.7876170599574202,0.2631135968949988,-0.9435101572481472,2.5064483133303574,0,0.0,0,0.0,0,0.0,1.5,4.666666666666667,3.166666666666667,FusionBridge Networks,28.125,IronClad Systems,24.88888888888889,PrismPoint Studios,22.0,Cobalt Circuitry,3,6.125,150,750
185,30,30,30,3.0783730158730154,0.7913561321578004,-0.41451498261933806,0.11769563380834747,2.5885947615540292,1,3.3333333333333335,1,3.3333333333333335,0,0.0,1.0,4.6,3.5999999999999996,Aurora Axis,23.571428571428573,ZenithWorks,21.875,EchoSphere Analytics,21.875,FusionBridge Networks,2,1.696428571428573,150,750
186,30,30,30,2.9622222222222225,0.6519140761718606,0.29463524695069776,-0.9433709323412107,2.156774146807922,0,0.0,0,0.0,0,0.0,2.0,4.285714285714286,2.2857142857142856,TitanEdge Consulting,20.3125,DeltaBloom Group,18.857142857142858,Ascendify Technologies,17.416666666666668,Solaris Systems,4,2.895833333333332,150,750
187,30,30,30,2.974867724867725,0.6812965587611725,-0.06303895441925332,-0.9305051072474817,2.4280729963885093,0,0.0,0,0.0,0,0.0,1.6666666666666667,4.166666666666667,2.5,StellarPath Logistics,21.77777777777778,TerraNova Solutions,20.3125,HarborWay Holdings,19.791666666666668,EverVault Enterprises,4,1.9861111111111107,150,750
188,30,30,30,3.0049675324675325,0.6690438495108469,-0.05170082761946766,-0.9789247134574053,2.310546748544161,0,0.0,0,0.0,0,0.0,1.8571428571428572,4.333333333333333,2.476190476190476,Orion Synergy,28.675,PeakVista Partners,23.4375,IronClad Systems,22.785714285714285,DeltaBloom Group,3,5.889285714285716,150,750
189,30,30,30,3.044007936507937,0.7516948903483798,-0.14745454915925812,0.33933095947325675,2.386374217603147,1,3.3333333333333335,0,0.0,1,3.3333333333333335,1.4285714285714286,5.0,3.571428571428571,Nimbus Nexus,25.142857142857142,Crimson Arc Media,22.0,Cobalt Circuitry,19.375,BlueFern BioTech,4,5.767857142857142,150,750
190,30,30,30,2.9601322751322754,0.6770862078806615,-0.858951380860633,0.5956483067322913,2.3297281711468414,1,3.3333333333333335,1,3.3333333333333335,0,0.0,1.0,4.0,3.0,EverVault Enterprises,22.555555555555557,TerraNova Solutions,21.214285714285715,Lumeon Strategies,20.583333333333332,Catalyst Core,3,1.972222222222225,150,750
191,30,30,30,3.001984126984127,0.7390871684244048,-0.0015881948626446985,-0.6028536934768498,2.4037711312818235,0,0.0,0,0.0,0,0.0,1.6,4.4,2.8000000000000003,EchoSphere Analytics,25.5,Orion Synergy,18.75,DeltaBloom Group,17.6,Crimson Arc Media,3,7.899999999999999,150,750
192,30,30,30,2.956482683982684,0.7015820504035584,-0.8955502996290051,0.7690064091502546,2.298929563690935,2,6.666666666666667,2,6.666666666666667,0,0.0,1.0,4.0,3.0,Quantum Forge,24.727272727272727,TitanEdge Consulting,20.428571428571427,BlueFern BioTech,16.625,Nebula Dynamics,3,8.102272727272727,150,750
193,30,30,30,2.954378306878307,0.6271094282681579,-0.5441735148503973,-0.27326485113948173,2.275700696623602,0,0.0,0,0.0,0,0.0,1.5,4.0,2.5,Quantum Forge,22.555555555555557,EchoSphere Analytics,21.875,DeltaBloom Group,21.214285714285715,Quantum Forge,4,1.3412698412698418,150,750
194,30,30,30,2.963637566137566,0.6396713346279691,-0.5111319288546701,0.1685014472649775,2.2616667051479613,1,3.3333333333333335,1,3.3333333333333335,0,0.0,1.3333333333333333,4.2,2.866666666666667,HydraFlux Labs,18.75,DeltaBloom Group,18.071428571428573,Lumeon Strategies,17.6,Apexion Innovations,3,1.1499999999999986,150,750
195,30,30,30,2.983822751322751,0.738805268679572,-0.37499875647102565,-0.4473841876207256,2.5282823810654773,0,0.0,0,0.0,0,0.0,1.25,4.2,2.95,Aurora Axis,24.21875,PrismPoint Studios,22.555555555555557,Crimson Arc Media,20.925,HarborWay Holdings,4,3.2937499999999993,150,750
196,30,30,30,3.0045238095238096,0.62851621631011,-0.17029370804253213,-0.9304154430857166,2.3683913316611473,0,0.0,0,0.0,0,0.0,1.75,4.0,2.25,Quantum Forge,23.25,Apexion Innovations,21.77777777777778,Ascendify Technologies,20.428571428571427,Ascendify Technologies,3,2.821428571428573,150,750
197,30,30,30,3.0009788359788363,0.6680395502168693,-0.10516995695547579,-0.890924090929071,2.4648530979805177,0,0.0,0,0.0,0,0.0,1.75,4.0,2.25,StellarPath Logistics,21.0,Crimson Arc Media,19.444444444444443,Vertex Valley Ventures,18.208333333333332,Nebula Dynamics,3,2.791666666666668,150,750
198,30,30,30,3.019047619047619,0.628512503250534,0.8460950341993418,1.220894383512296,2.225605199016943,1,3.3333333333333335,0,0.0,1,3.3333333333333335,2.0,5.0,3.0,Catalyst Core,23.4375,Lumeon Strategies,20.3125,Nimbus Nexus,18.857142857142858,Magnetar Innovations,3,4.580357142857142,150,750
199,30,30,30,3.0471886446886445,0.5633701425655586,-0.20498738944229597,-0.7010637520215726,2.1268875817332633,0,0.0,0,0.0,0,0.0,1.8,4.0,2.2,ZenithWorks,32.30769230769231,LuxeLoom Enterprises,19.53125,Catalyst Core,19.0,Vortex Venture Group,3,13.307692307692307,150,750
200,30,30,30,3.0665079365079366,0.5705025344810768,0.33343107529848637,-0.7710924190405186,2.134451819482718,0,0.0,0,0.0,0,0.0,2.0,4.0,2.0,PrismPoint Studios,21.875,Solaris Systems,21.875,Magnetar Innovations,20.3125,Nebula Dynamics,4,1.5625,150,750
201,30,30,30,2.9522222222222223,0.6063593398554873,0.04759005390328319,-1.018484169854564,2.1852659125503666,0,0.0,0,0.0,0,0.0,2.0,4.0,2.0,HarborWay Holdings,22.0,Vertex Valley Ventures,21.09375,PeakVista Partners,20.3125,IronClad Systems,4,1.6875,150,750
202,30,30,30,2.966111111111111,0.6326537956456697,-0.2044744653280656,0.4579311113831306,2.251932579217033,2,6.666666666666667,1,3.3333333333333335,1,3.3333333333333335,1.3333333333333333,4.5,3.166666666666667,Nimbus Nexus,21.214285714285715,BlueFern BioTech,18.857142857142858,Cobalt Circuitry,18.071428571428573,EchoSphere Analytics,3,3.1428571428571423,150,750
203,30,30,30,3.0216269841269834,0.7180351383299729,-0.2534993427980023,-0.794156325250309,2.415922063835167,0,0.0,0,0.0,0,0.0,1.5,4.2,2.7,Orion Synergy,19.791666666666668,PeakVista Partners,19.0,LuxeLoom Enterprises,18.857142857142858,HydraFlux Labs,3,0.9345238095238102,150,750
204,30,30,30,3.059444444444445,0.7672480008673669,-0.01379856027143067,0.15638068649678294,2.52742132943338,0,0.0,0,0.0,0,0.0,1.25,5.0,3.75,Vertex Valley Ventures,22.0,Quantum Forge,21.875,EverVault Enterprises,21.875,TitanEdge Consulting,3,0.125,150,750
205,30,30,30,2.975793650793651,0.5327310528339466,-0.015276210935122964,-0.5821734097217646,2.14197056912214,0,0.0,0,0.0,0,0.0,1.75,4.0,2.25,FusionBridge Networks,21.0,EchoSphere Analytics,20.428571428571427,Orion Synergy,18.857142857142858,Orion Synergy,4,2.1428571428571423,150,750
206,30,30,30,2.953888888888889,0.8160648977621427,-0.10626429753285534,-0.5720574320138381,2.643019030245397,0,0.0,0,0.0,0,0.0,1.3333333333333333,4.5,3.166666666666667,Cobalt Circuitry,25.666666666666668,EchoSphere Analytics,19.642857142857142,Solaris Systems,17.96875,Magnetar Innovations,6,7.697916666666668,150,750
207,30,30,30,2.9206481481481474,0.6933410469424217,-0.10851646307049663,-0.5407173079288277,2.4527021654271746,0,0.0,0,0.0,0,0.0,1.4285714285714286,4.142857142857143,2.7142857142857144,HarborWay Holdings,25.142857142857142,PeakVista Partners,21.875,PrismPoint Studios,20.3125,Lumeon Strategies,4,4.830357142857142,150,750
208,30,30,30,2.9746825396825396,0.5638051276551762,0.22485329142738839,0.20135984684397856,1.9594777826895113,1,3.3333333333333335,0,0.0,1,3.3333333333333335,2.0,4.5,2.5,LuxeLoom Enterprises,18.857142857142858,HarborWay Holdings,18.071428571428573,Vortex Venture Group,17.1875,Nebula Dynamics,3,1.6696428571428577,150,750
209,30,30,30,2.996798941798942,0.7466922800057116,-0.2486363341865148,0.06696845810766883,2.311941547876375,1,3.3333333333333335,1,3.3333333333333335,0,0.0,1.0,4.333333333333333,3.333333333333333,IronClad Systems,21.214285714285715,Quantum Forge,20.428571428571427,Catalyst Core,18.857142857142858,TitanEdge Consulting,5,2.3571428571428577,150,750
210,30,30,30,3.085064102564103,0.5009227400107963,1.673427868513611,4.802591083675183,1.820111964470926,1,3.3333333333333335,0,0.0,1,3.3333333333333335,2.3333333333333335,5.0,2.6666666666666665,PrismPoint Studios,29.23076923076923,Ascendify Technologies,25.666666666666668,Crimson Arc Media,19.642857142857142,Crimson Arc Media,3,9.587912087912088,150,750
211,30,30,30,2.960198412698413,0.7454220121028678,0.2669053656231816,-0.6076732421843989,2.372253928364927,0,0.0,0,0.0,0,0.0,1.6666666666666667,4.75,3.083333333333333,EchoSphere Analytics,21.09375,PrismPoint Studios,18.75,Magnetar Innovations,18.666666666666668,EverVault Enterprises,3,2.427083333333332,150,750
212,30,30,30,2.927724867724868,0.8249264515783837,-0.0442352800837635,0.3057799255831446,2.6419460322060457,1,3.3333333333333335,0,0.0,1,3.3333333333333335,1.0,5.0,4.0,Apexion Innovations,26.444444444444443,FusionBridge Networks,18.75,Ascendify Technologies,18.071428571428573,FusionBridge Networks,2,8.37301587301587,150,750
213,30,30,30,3.0435714285714286,0.8619615762209648,0.1419055029545553,-0.39652750644779955,2.6607546627667134,0,0.0,0,0.0,0,0.0,1.5,4.8,3.3,Quantum Forge,22.475,Lumeon Strategies,21.214285714285715,ZenithWorks,21.214285714285715,TerraNova Solutions,4,1.2607142857142861,150,750
214,30,30,29,3.122660098522167,0.6854994819236492,0.45308514559339275,0.24319016642982616,2.431065808658476,1,3.4482758620689653,0,0.0,1,3.4482758620689653,1.8571428571428572,5.0,3.142857142857143,Cobalt Circuitry,30.833333333333332,EverVault Enterprises,22.785714285714285,Lumeon Strategies,18.6,Aurora Axis,3,12.23333333333333,150,750
215,30,30,30,2.9216161616161616,0.6674903809641485,0.21779641084108736,-0.130247540583861,2.2341969466957172,0,0.0,0,0.0,0,0.0,1.5,4.5,3.0,HydraFlux Labs,23.954545454545453,BlueFern BioTech,18.75,TerraNova Solutions,17.96875,Nebula Dynamics,3,5.985795454545453,150,750
216,30,30,30,2.9381216931216936,0.7744603824533636,-0.08433813092530526,0.559651218064833,2.427877967531032,3,10.0,1,3.3333333333333335,2,6.666666666666667,1.0,4.666666666666667,3.666666666666667,ZenithWorks,24.11111111111111,Vertex Valley Ventures,22.475,HarborWay Holdings,20.428571428571427,Magnetar Innovations,4,3.6825396825396837,150,750
217,30,30,30,3.0296428571428566,0.5851186923734166,0.421436193844119,-0.27865828901652545,2.1847776529602823,1,3.3333333333333335,0,0.0,1,3.3333333333333335,2.0,4.5,2.5,Solaris Systems,21.09375,Apexion Innovations,19.53125,LuxeLoom Enterprises,19.0,EverVault Enterprises,4,2.09375,150,750
218,30,30,29,3.133568443051202,0.6122668843963037,0.19786603504317277,-0.2568120458019276,2.3302924120652806,0,0.0,0,0.0,0,0.0,2.0,4.666666666666667,2.666666666666667,TerraNova Solutions,32.45454545454545,Vortex Venture Group,24.8,Cobalt Circuitry,21.77777777777778,Ascendify Technologies,3,10.676767676767675,150,750
219,30,30,30,2.9450793650793647,0.685279397416649,-0.3295931317776645,0.6238382810512371,2.3055872616982604,1,3.3333333333333335,1,3.3333333333333335,0,0.0,1.0,4.333333333333333,3.333333333333333,Ascendify Technologies,24.11111111111111,Solaris Systems,20.428571428571427,PeakVista Partners,18.857142857142858,Nebula Dynamics,3,5.253968253968253,150,750
220,30,30,30,3.046339031339031,0.7003368934166646,0.10618148390535523,-1.2183327113107398,2.2880874676869687,0,0.0,0,0.0,0,0.0,2.0,4.333333333333333,2.333333333333333,Nimbus Nexus,26.153846153846153,Orion Synergy,24.8,Magnetar Innovations,24.11111111111111,EchoSphere Analytics,3,2.0427350427350426,150,750
221,30,30,30,3.0122354497354498,0.5259662598112027,-0.060406737490644256,-0.6244587414734992,2.128282381065477,0,0.0,0,0.0,0,0.0,2.0,4.0,2.0,FusionBridge Networks,20.925,PeakVista Partners,19.642857142857142,Cobalt Circuitry,19.53125,TerraNova Solutions,5,1.3937500000000007,150,750
222,30,30,29,3.0306376573617957,0.9643347059668497,-0.008210024850533376,-0.4229196670549684,2.839728408473061,0,0.0,0,0.0,0,0.0,1.0,5.0,4.0,Orion Synergy,24.88888888888889,EverVault Enterprises,23.25,IronClad Systems,22.65625,Quantum Forge,3,2.2326388888888893,150,750
223,30,30,30,2.9308730158730154,0.7598878272167076,-0.48520873194243425,-0.2837790957567683,2.4505377798848196,0,0.0,0,0.0,0,0.0,1.0,4.333333333333333,3.333333333333333,Nimbus Nexus,23.75,HarborWay Holdings,23.25,Catalyst Core,20.3125,Vortex Venture Group,3,3.4375,150,750
224,30,30,30,3.0473809523809527,0.7791942923789213,0.15659215782107858,-0.11000828896930459,2.5302164307369255,1,3.3333333333333335,0,0.0,1,3.3333333333333335,1.6666666666666667,5.0,3.333333333333333,BlueFern BioTech,19.0,Apexion Innovations,18.857142857142858,TitanEdge Consulting,18.75,Vertex Valley Ventures,4,0.25,150,750
225,30,30,30,2.971084656084656,0.6711354596596875,0.7503988395835877,1.148371840080599,2.272371847619939,1,3.3333333333333335,0,0.0,1,3.3333333333333335,1.8,5.0,3.2,Solaris Systems,22.555555555555557,Crimson Arc Media,19.642857142857142,BlueFern BioTech,19.642857142857142,IronClad Systems,4,2.912698412698415,150,750
226,30,30,30,3.047575757575758,0.7275972129659969,0.5816793641647713,0.6522292626217459,2.432262897024269,2,6.666666666666667,0,0.0,2,6.666666666666667,1.6666666666666667,5.0,3.333333333333333,StellarPath Logistics,36.31818181818182,HydraFlux Labs,23.4375,Ascendify Technologies,23.25,Quantum Forge,3,13.06818181818182,150,750
227,30,30,30,2.9903174603174594,0.7284129232429168,-0.444810144175575,0.41239223650560364,2.4519325792170332,1,3.3333333333333335,1,3.3333333333333335,0,0.0,1.0,4.25,3.25,EverVault Enterprises,28.0,PrismPoint Studios,21.0,Cobalt Circuitry,18.857142857142858,Cobalt Circuitry,3,9.142857142857142,150,750
228,30,30,30,3.047310004810005,0.7082093160747978,0.050151092220170605,-0.4955071682001817,2.4929480695548336,0,0.0,0,0.0,0,0.0,1.6666666666666667,4.5,2.833333333333333,EchoSphere Analytics,26.444444444444443,Nimbus Nexus,20.583333333333332,Nebula Dynamics,20.09090909090909,DeltaBloom Group,3,6.353535353535353,150,750
229,30,30,30,2.9741666666666666,0.7500791085121489,0.1416092088317231,0.6197037994923922,2.456564762130954,1,3.3333333333333335,1,3.3333333333333335,0,0.0,1.0,4.666666666666667,3.666666666666667,TerraNova Solutions,30.90909090909091,LuxeLoom Enterprises,20.09090909090909,EchoSphere Analytics,17.96875,Crimson Arc Media,4,12.94034090909091,150,750
230,30,30,30,2.9978042328042327,0.7887674880595413,0.3662482662195098,1.7042485666047122,2.170033384414045,4,13.333333333333334,2,6.666666666666667,2,6.666666666666667,1.0,5.0,4.0,ZenithWorks,22.475,Vertex Valley Ventures,21.875,EverVault Enterprises,21.77777777777778,HydraFlux Labs,3,0.6972222222222229,150,750
231,30,30,30,2.9457539682539675,0.7963210051054057,-0.3916625576725217,-0.0131910933007644,2.654096964759389,1,3.3333333333333335,1,3.3333333333333335,0,0.0,1.0,4.5,3.5,DeltaBloom Group,25.5,BlueFern BioTech,21.214285714285715,Orion Synergy,19.0,EchoSphere Analytics,5,6.5,150,750
232,30,30,29,2.9831280788177335,0.4700051053483833,0.0415349234932873,0.48303936344829745,1.8897091059251139,1,3.4482758620689653,1,3.4482758620689653,0,0.0,1.75,4.0,2.25,BlueFern BioTech,24.11111111111111,HarborWay Holdings,18.857142857142858,ZenithWorks,18.75,Vertex Valley Ventures,4,5.361111111111111,150,750
233,30,30,30,3.000661375661376,0.5910420030234099,0.9517364430259179,2.725260287993283,2.188594761554029,2,6.666666666666667,1,3.3333333333333335,1,3.3333333333333335,1.8,5.0,3.2,TitanEdge Consulting,21.0,Crimson Arc Media,19.444444444444443,EverVault Enterprises,16.8,BlueFern BioTech,4,4.199999999999999,150,750
234,30,30,30,2.9248015873015873,0.7707858626336793,-0.14862330095138235,0.12855793169702556,2.454773168630612,1,3.3333333333333335,1,3.3333333333333335,0,0.0,1.0,4.5,3.5,Ascendify Technologies,29.291666666666668,ZenithWorks,26.444444444444443,EchoSphere Analytics,18.857142857142858,PrismPoint Studios,3,10.43452380952381,150,750
235,30,30,30,2.9766402116402113,0.5574905713116813,0.34165278398886095,0.32334918012911507,2.0027150507922493,1,3.3333333333333335,0,0.0,1,3.3333333333333335,2.0,4.5,2.5,Crimson Arc Media,20.428571428571427,Catalyst Core,20.22222222222222,Ascendify Technologies,17.285714285714285,TitanEdge Consulting,4,3.1428571428571423,150,750
236,30,30,30,3.0975793650793646,0.6733272352256733,0.5720394840693148,0.5139721151033565,2.235591746027931,1,3.3333333333333335,0,0.0,1,3.3333333333333335,2.0,5.0,3.0,Catalyst Core,24.21875,Cobalt Circuitry,22.65625,TitanEdge Consulting,19.53125,PrismPoint Studios,3,4.6875,150,750
237,30,30,30,2.915464165464165,0.7149789160709364,0.04474863610206255,-0.8632120119776863,2.371231921074726,0,0.0,0,0.0,0,0.0,1.75,4.5,2.75,LuxeLoom Enterprises,24.727272727272727,TerraNova Solutions,20.428571428571427,Magnetar Innovations,19.791666666666668,ZenithWorks,4,4.935606060606059,150,750
238,30,30,30,3.0062698412698414,0.6178974306629328,0.00031538795910931034,0.3482151513323064,2.3031194643266946,2,6.666666666666667,1,3.3333333333333335,1,3.3333333333333335,1.5,4.5,3.0,Catalyst Core,20.3125,Nimbus Nexus,19.0,StellarPath Logistics,18.071428571428573,Vortex Venture Group,4,2.241071428571427,150,750
239,30,30,30,3.088955026455026,0.6401603412315173,1.0531693940405722,1.3018863378109495,2.2300985114819136,2,6.666666666666667,0,0.0,2,6.666666666666667,2.0,5.0,3.0,Aurora Axis,21.77777777777778,Vortex Venture Group,21.214285714285715,Lumeon Strategies,21.09375,Magnetar Innovations,4,0.6840277777777786,150,750
240,30,30,30,3.00281746031746,0.7690969124782472,-0.11055862954897651,0.18060829552068292,2.555913095175825,1,3.3333333333333335,1,3.3333333333333335,0,0.0,1.0,4.5,3.5,Solaris Systems,27.9,Apexion Innovations,21.09375,Cobalt Circuitry,20.428571428571427,PrismPoint Studios,5,7.4714285714285715,150,750
241,30,30,30,3.0495899470899475,0.8561650953904473,-0.14982432964396306,-1.032176806753481,2.685917579505496,0,0.0,0,0.0,0,0.0,1.5555555555555556,4.5,2.9444444444444446,FusionBridge Networks,31.11111111111111,Vertex Valley Ventures,19.791666666666668,Nebula Dynamics,19.53125,Vertex Valley Ventures,3,11.57986111111111,150,750
242,30,30,30,2.960039682539682,0.6332969081401821,0.2717746256137869,-0.401101183321666,2.144623214254579,0,0.0,0,0.0,0,0.0,2.0,4.333333333333333,2.333333333333333,Magnetar Innovations,21.09375,Vertex Valley Ventures,19.375,Nebula Dynamics,18.071428571428573,Cobalt Circuitry,4,3.022321428571427,150,750
243,30,30,29,2.943555008210181,0.8145528991282232,-0.40852176689349123,0.6808113287569144,2.356969787783406,3,10.344827586206897,2,6.896551724137931,1,3.4482758620689653,1.0,4.666666666666667,3.666666666666667,LuxeLoom Enterprises,25.0,IronClad Systems,21.77777777777778,HydraFlux Labs,20.22222222222222,TitanEdge Consulting,4,4.777777777777779,150,750
244,30,30,30,3.0963492063492066,0.8488490904051691,-0.04140919010164191,0.2811433938727079,2.8104288292891484,1,3.3333333333333335,1,3.3333333333333335,0,0.0,1.0,5.0,4.0,Crimson Arc Media,24.357142857142858,IronClad Systems,22.65625,PeakVista Partners,20.3125,PrismPoint Studios,5,4.044642857142858,150,750
245,30,30,30,3.0169841269841267,0.772631088842343,0.045136182783822476,-0.22343050620553306,2.5885947615540292,0,0.0,0,0.0,0,0.0,1.3333333333333333,4.75,3.416666666666667,HarborWay Holdings,22.0,IronClad Systems,19.53125,Nimbus Nexus,18.208333333333332,StellarPath Logistics,3,3.791666666666668,150,750
246,30,30,30,3.0855158730158734,0.7470794789434406,0.816481457047086,1.06140965333506,2.2616157143988103,5,16.666666666666664,2,6.666666666666667,3,10.0,1.75,5.0,3.25,Solaris Systems,23.333333333333332,Crimson Arc Media,23.25,Vortex Venture Group,19.791666666666668,EverVault Enterprises,3,3.5416666666666643,150,750
247,30,30,30,3.0487037037037035,0.7266939730611979,0.35718300404930475,0.13875078257292506,2.5302164307369255,0,0.0,0,0.0,0,0.0,1.6666666666666667,5.0,3.333333333333333,StellarPath Logistics,20.3125,Solaris Systems,19.642857142857142,Orion Synergy,18.857142857142858,Aurora Axis,5,1.4553571428571423,150,750
248,30,30,30,2.9841269841269837,0.6703183248193065,-0.1385114857308756,-0.4676996049147202,2.4016067457394685,0,0.0,0,0.0,0,0.0,1.5,4.4,2.9000000000000004,PeakVista Partners,20.428571428571427,Vortex Venture Group,19.375,EchoSphere Analytics,18.208333333333332,Nebula Dynamics,4,2.220238095238095,150,750
249,30,30,30,2.9217460317460318,0.7747389981426869,-0.12163273212034904,-0.18854668338897485,2.52742132943338,0,0.0,0,0.0,0,0.0,1.0,4.4,3.4000000000000004,ZenithWorks,23.25,TitanEdge Consulting,20.428571428571427,Vortex Venture Group,19.53125,Lumeon Strategies,3,3.71875,150,750
250,30,30,30,2.904064454064454,0.8073048682909144,0.023887159612114472,-1.1500930910147316,2.635591746027931,0,0.0,0,0.0,0,0.0,1.5,4.5,3.0,BlueFern BioTech,23.333333333333332,LuxeLoom Enterprises,23.181818181818183,FusionBridge Networks,21.214285714285715,BlueFern BioTech,3,2.119047619047617,150,750
251,30,30,30,3.0032671957671955,0.6691878166525569,0.5172067729244811,-0.6828753348038648,2.220651214810161,0,0.0,0,0.0,0,0.0,2.0,4.333333333333333,2.333333333333333,Solaris Systems,22.555555555555557,Orion Synergy,18.071428571428573,FusionBridge Networks,17.96875,BlueFern BioTech,4,4.586805555555557,150,750
252,30,30,30,2.98984126984127,0.5847630465493912,-0.031828066012359296,0.29574363012508487,2.091416316690631,2,6.666666666666667,1,3.3333333333333335,1,3.3333333333333335,1.6,4.333333333333333,2.733333333333333,ZenithWorks,21.7,Vortex Venture Group,21.0,BlueFern BioTech,19.642857142857142,StellarPath Logistics,3,2.057142857142857,150,750
253,30,30,29,2.962807881773398,0.642525126751445,0.10883738502351453,-0.3314402705825197,2.370430461078689,0,0.0,0,0.0,0,0.0,1.8,4.5,2.7,Magnetar Innovations,20.15,Ascendify Technologies,19.642857142857142,Vertex Valley Ventures,18.857142857142858,PeakVista Partners,4,1.292857142857141,150,750
254,30,30,30,3.0300000000000002,0.6628294756814904,-0.14813917318161512,0.14062794202297146,2.3675302800290505,3,10.0,2,6.666666666666667,1,3.3333333333333335,1.5,4.5,3.0,TitanEdge Consulting,23.333333333333332,Solaris Systems,21.09375,LuxeLoom Enterprises,21.09375,Solaris Systems,4,2.239583333333332,150,750
255,30,30,30,3.0264682539682544,0.6335064869019401,0.04404815736564852,-0.6939224386941527,2.3683913316611473,0,0.0,0,0.0,0,0.0,1.8,4.25,2.45,FusionBridge Networks,33.145833333333336,DeltaBloom Group,19.642857142857142,TitanEdge Consulting,19.53125,Cobalt Circuitry,5,13.614583333333336,150,750
256,30,30,30,2.9715608465608465,0.611719860456334,-0.6954048260291807,1.8480798488876022,2.264944563402473,1,3.3333333333333335,1,3.3333333333333335,0,0.0,1.0,4.111111111111111,3.1111111111111107,IronClad Systems,26.35,Catalyst Core,24.8,StellarPath Logistics,21.214285714285715,IronClad Systems,3,5.135714285714286,150,750
257,30,30,30,2.9396428571428572,0.7720990344083073,-0.05038931167249091,-0.03716065804817559,2.6004422822781614,1,3.3333333333333335,1,3.3333333333333335,0,0.0,1.0,4.5,3.5,IronClad Systems,20.428571428571427,Crimson Arc Media,20.3125,DeltaBloom Group,18.071428571428573,TerraNova Solutions,3,2.357142857142854,150,750
258,30,30,30,3.046706349206349,0.671731236193843,0.5463879133065076,0.9353633454466812,2.3042277693794757,2,6.666666666666667,1,3.3333333333333335,1,3.3333333333333335,1.6666666666666667,5.0,3.333333333333333,Crimson Arc Media,27.9,DeltaBloom Group,19.53125,Apexion Innovations,18.857142857142858,FusionBridge Networks,3,9.042857142857141,150,750
259,30,30,30,3.061600529100529,0.7781493934824003,0.6525461243928543,0.7478761920948513,2.477865082165957,2,6.666666666666667,0,0.0,2,6.666666666666667,1.5,5.0,3.5,Vertex Valley Ventures,20.428571428571427,Quantum Forge,20.428571428571427,Lumeon Strategies,20.3125,EchoSphere Analytics,3,0.11607142857142705,150,750
260,30,30,30,2.9347619047619053,0.7138267308408165,0.3161241110213303,-0.5028829097837271,2.435591746027931,0,0.0,0,0.0,0,0.0,1.75,4.666666666666667,2.916666666666667,Vertex Valley Ventures,22.0,EverVault Enterprises,21.214285714285715,Magnetar Innovations,21.0,Quantum Forge,4,1.0,150,750
261,30,30,30,3.0033068783068786,0.592525630428701,0.030475417388352962,-0.9775926142119888,2.2444138295776113,0,0.0,0,0.0,0,0.0,2.0,4.0,2.0,TitanEdge Consulting,21.214285714285715,HarborWay Holdings,21.09375,Ascendify Technologies,20.22222222222222,TerraNova Solutions,4,0.9920634920634939,150,750
262,30,30,30,2.9542063492063493,0.7042758763099365,-0.49052702739960663,0.6030254395142056,2.4677851528160515,2,6.666666666666667,1,3.3333333333333335,1,3.3333333333333335,1.0,4.5,3.5,Ascendify Technologies,30.0625,Aurora Axis,27.75,Vortex Venture Group,23.333333333333332,ZenithWorks,4,6.729166666666668,150,750
263,30,30,29,2.9763683634373295,0.7132064733783989,-0.4327919747567157,-1.0512754554960513,2.4076827183702747,0,0.0,0,0.0,0,0.0,1.6666666666666667,4.0,2.333333333333333,Ascendify Technologies,24.88888888888889,Aurora Axis,20.583333333333332,Vertex Valley Ventures,19.0,Quantum Forge,4,5.888888888888889,150,750
264,30,30,30,2.9732539682539687,0.8197716053931231,-0.029849129883179677,0.2496481898165741,2.6967651781485804,2,6.666666666666667,1,3.3333333333333335,1,3.3333333333333335,1.0,5.0,4.0,EchoSphere Analytics,22.785714285714285,BlueFern BioTech,20.3125,Quantum Forge,19.791666666666668,PeakVista Partners,4,2.994047619047617,150,750
265,30,30,30,3.0076875901875897,0.698037810120783,-0.8235382179702544,0.9396864350045937,2.2513073660949607,2,6.666666666666667,2,6.666666666666667,0,0.0,1.0,4.166666666666667,3.166666666666667,HydraFlux Labs,23.954545454545453,Nimbus Nexus,23.4375,HarborWay Holdings,19.642857142857142,FusionBridge Networks,4,4.311688311688311,150,750
266,30,30,30,2.961630591630592,0.8999915719251735,0.0596481022288268,-0.4214899227858613,2.623440813474588,0,0.0,0,0.0,0,0.0,1.0,4.8,3.8,Quantum Forge,25.575,Orion Synergy,25.0,TitanEdge Consulting,23.181818181818183,Quantum Forge,3,2.393181818181816,150,750
267,30,30,30,3.168982683982684,0.8153730685283227,0.20273260168316912,-0.1507888194236866,2.6764702828337428,0,0.0,0,0.0,0,0.0,1.25,5.0,3.75,FusionBridge Networks,24.727272727272727,Nimbus Nexus,23.4375,Solaris Systems,23.4375,EverVault Enterprises,3,1.2897727272727266,150,750
268,30,30,30,2.9667460317460326,0.6958438009812775,0.333734629938415,0.035470245122090294,2.4049355947431312,0,0.0,0,0.0,0,0.0,1.5,4.666666666666667,3.166666666666667,Solaris Systems,22.65625,Aurora Axis,22.65625,Quantum Forge,20.925,HarborWay Holdings,3,1.7312499999999993,150,750
269,30,30,30,2.9862037037037035,0.6471238533310827,-0.9975083870632563,1.1360163272039578,2.2711140018197136,1,3.3333333333333335,1,3.3333333333333335,0,0.0,1.0,4.0,3.0,Vertex Valley Ventures,22.475,Nebula Dynamics,21.875,Orion Synergy,19.444444444444443,Quantum Forge,3,3.0305555555555586,150,750
270,30,30,30,3.0302777777777776,0.839252542591867,-0.04089935935517481,0.003599373037367126,2.4408899517164713,2,6.666666666666667,1,3.3333333333333335,1,3.3333333333333335,1.0,4.8,3.8,Lumeon Strategies,25.0,Quantum Forge,23.25,FusionBridge Networks,22.0,FusionBridge Networks,4,3.0,150,750
271,30,30,30,3.008888888888889,0.6892443673574623,-0.048628831097967166,-0.5124113825803631,2.4929480695548336,1,3.3333333333333335,0,0.0,1,3.3333333333333335,1.7142857142857142,4.5,2.7857142857142856,Nimbus Nexus,24.8,Apexion Innovations,23.571428571428573,TitanEdge Consulting,22.785714285714285,BlueFern BioTech,4,2.014285714285716,150,750
272,30,30,30,2.9203727753727757,0.7947453108020294,0.10628513076374363,-0.2196941329354063,2.5587081964793703,0,0.0,0,0.0,0,0.0,1.25,4.666666666666667,3.416666666666667,Apexion Innovations,23.954545454545453,IronClad Systems,20.428571428571427,Vortex Venture Group,19.444444444444443,Nimbus Nexus,4,4.51010101010101,150,750
273,30,30,30,2.89265873015873,0.7219894149892456,-0.47409851971300027,0.13693309967181078,2.3995812306460644,2,6.666666666666667,2,6.666666666666667,0,0.0,1.0,4.0,3.0,TerraNova Solutions,21.09375,PeakVista Partners,18.666666666666668,EverVault Enterprises,18.071428571428573,StellarPath Logistics,3,3.022321428571427,150,750
274,30,30,30,3.0337037037037033,0.7926253357510719,-0.008506223257718167,-0.3558599427686242,2.3974168451037094,0,0.0,0,0.0,0,0.0,1.5,5.0,3.5,EchoSphere Analytics,19.791666666666668,Vortex Venture Group,17.88888888888889,Catalyst Core,17.1875,EverVault Enterprises,3,2.604166666666668,150,750
275,30,30,30,2.9704365079365074,0.6785636370572823,-0.1844570205034715,-0.8680611159795375,2.365596230357602,0,0.0,0,0.0,0,0.0,1.6,4.125,2.525,FusionBridge Networks,30.225,Solaris Systems,27.125,PeakVista Partners,18.857142857142858,Vortex Venture Group,4,11.367857142857144,150,750
276,30,30,30,2.9708658008658007,0.6276099583759817,0.2895516424990206,-0.5199189145782124,1.972828485717591,0,0.0,0,0.0,0,0.0,2.0,4.333333333333333,2.333333333333333,Catalyst Core,21.636363636363637,IronClad Systems,19.642857142857142,HydraFlux Labs,18.857142857142858,DeltaBloom Group,5,2.779220779220779,150,750
277,30,30,30,2.9657539682539684,0.7514817614589809,-0.06721037040096042,0.28300247969650627,2.4234408134745884,1,3.3333333333333335,1,3.3333333333333335,0,0.0,1.0,4.5,3.5,TitanEdge Consulting,24.666666666666668,StellarPath Logistics,19.791666666666668,HydraFlux Labs,18.857142857142858,PeakVista Partners,3,5.80952380952381,150,750
278,30,30,30,3.0009126984126984,0.6986894980434735,-0.5137350155494966,-0.5082385501914755,2.1950000384812944,0,0.0,0,0.0,0,0.0,1.25,4.0,2.75,TitanEdge Consulting,28.0,Cobalt Circuitry,21.214285714285715,Lumeon Strategies,20.428571428571427,TitanEdge Consulting,3,7.571428571428573,150,750
279,30,30,30,3.0547354497354493,0.7726789321227522,0.6361140428513459,0.787526287461624,2.477095495955816,2,6.666666666666667,0,0.0,2,6.666666666666667,1.5,5.0,3.5,HarborWay Holdings,19.791666666666668,LuxeLoom Enterprises,18.666666666666668,Vortex Venture Group,18.071428571428573,PrismPoint Studios,3,1.720238095238095,150,750
280,30,30,30,3.026507936507937,0.6454547704294964,0.08212865956875971,-0.048684207589201556,2.3974168451037094,0,0.0,0,0.0,0,0.0,1.6666666666666667,4.5,2.833333333333333,EverVault Enterprises,22.785714285714285,Quantum Forge,20.428571428571427,PeakVista Partners,18.75,PrismPoint Studios,3,4.035714285714285,150,750
281,30,30,30,3.060211640211641,0.7812339185097759,-0.0016852490611900675,0.27051739676870135,2.397416845103709,1,3.3333333333333335,1,3.3333333333333335,0,0.0,1.0,4.666666666666667,3.666666666666667,Ascendify Technologies,27.22222222222222,TitanEdge Consulting,24.11111111111111,PrismPoint Studios,22.555555555555557,PrismPoint Studios,3,4.666666666666664,150,750
282,30,30,29,2.9456759715380407,0.8658588953059462,0.4511495043467226,0.46879037183998706,2.6757667704674244,4,13.793103448275861,1,3.4482758620689653,3,10.344827586206897,1.0,5.0,4.0,Cobalt Circuitry,23.333333333333332,Lumeon Strategies,21.875,IronClad Systems,21.7,ZenithWorks,4,1.6333333333333329,150,750
283,30,30,30,2.9408333333333334,0.739921010548999,-0.371410440418387,-0.05745900226613321,2.5008636133623843,0,0.0,0,0.0,0,0.0,1.0,4.25,3.25,BlueFern BioTech,22.0,PeakVista Partners,18.75,Lumeon Strategies,18.75,Catalyst Core,3,3.25,150,750
284,30,30,30,2.8347619047619053,0.7719733648509542,-0.7083329609814688,0.368346615139997,2.3764438290006864,0,0.0,0,0.0,0,0.0,1.0,4.333333333333333,3.333333333333333,TitanEdge Consulting,21.875,Cobalt Circuitry,20.428571428571427,IronClad Systems,19.53125,FusionBridge Networks,4,2.34375,150,750
285,30,30,29,3.1165547096581574,0.7561200216484638,0.43131095981772893,-0.03260271022518291,2.625944582948242,0,0.0,0,0.0,0,0.0,1.7142857142857142,5.0,3.2857142857142856,PrismPoint Studios,28.675,Vortex Venture Group,27.045454545454547,EverVault Enterprises,23.571428571428573,TerraNova Solutions,3,5.103571428571428,150,750
286,30,30,30,3.0816269841269843,0.680270199095014,-0.3050444683904388,-0.4404057240236692,2.407961031917583,0,0.0,0,0.0,0,0.0,1.4,4.2,2.8000000000000003,EchoSphere Analytics,34.0,TerraNova Solutions,25.666666666666668,Vertex Valley Ventures,20.428571428571427,Aurora Axis,5,13.571428571428573,150,750
287,30,30,30,2.9780844155844153,0.6076372007488725,0.3058324162850343,0.134011126237374,2.2477426785812735,1,3.3333333333333335,0,0.0,1,3.3333333333333335,1.6,4.5,2.9,PrismPoint Studios,23.954545454545453,Ascendify Technologies,22.65625,LuxeLoom Enterprises,17.6,Nebula Dynamics,4,6.354545454545452,150,750
288,30,30,30,2.9901587301587305,0.7255276010074553,-0.07730462219600988,0.4329592622763423,2.5131060113376824,2,6.666666666666667,1,3.3333333333333335,1,3.3333333333333335,1.2,4.666666666666667,3.466666666666667,Quantum Forge,20.3125,Nebula Dynamics,19.642857142857142,PrismPoint Studios,19.2,Nimbus Nexus,3,1.1125000000000007,150,750
289,30,30,30,2.9847907647907648,0.7029831632916846,0.17396004233119472,-0.38430982091034815,2.4967651781485802,0,0.0,0,0.0,0,0.0,1.5,4.5,3.0,Apexion Innovations,23.954545454545453,Aurora Axis,20.428571428571427,BlueFern BioTech,19.642857142857142,FusionBridge Networks,5,4.311688311688311,150,750
290,30,30,30,3.050859788359788,0.7620098450691116,0.19514064891512534,-0.8814745057301447,2.368925079361264,0,0.0,0,0.0,0,0.0,2.0,4.666666666666667,2.666666666666667,TitanEdge Consulting,26.444444444444443,Vertex Valley Ventures,24.025,StellarPath Logistics,22.0,Quantum Forge,4,4.444444444444443,150,750
291,30,30,30,3.006507936507936,0.7970891234979247,-0.0410147851749704,-0.48670017353355366,2.5874302980927215,0,0.0,0,0.0,0,0.0,1.5,4.666666666666667,3.166666666666667,Nebula Dynamics,22.785714285714285,PrismPoint Studios,22.0,ZenithWorks,17.6,LuxeLoom Enterprises,3,5.185714285714283,150,750
292,30,30,30,3.0979894179894183,0.7458791280719321,0.6726878587978089,-0.09191568684373408,2.4668786130739218,1,3.3333333333333335,0,0.0,1,3.3333333333333335,2.0,5.0,3.0,Lumeon Strategies,23.25,Nebula Dynamics,20.22222222222222,Magnetar Innovations,19.0,Aurora Axis,5,4.25,150,750
293,30,30,30,3.00718253968254,0.6198054338460941,0.1465319809954733,-0.7316198904156477,2.2002119464072547,0,0.0,0,0.0,0,0.0,2.0,4.4,2.4000000000000004,HarborWay Holdings,28.0,Nebula Dynamics,18.666666666666668,Ascendify Technologies,18.208333333333332,Nimbus Nexus,4,9.791666666666668,150,750
294,30,30,30,2.9926046176046173,0.6607291465317185,0.04309574435451673,-0.6181265735613168,2.343762162622482,0,0.0,0,0.0,0,0.0,1.6666666666666667,4.4,2.7333333333333334,DeltaBloom Group,26.272727272727273,Vertex Valley Ventures,22.0,BlueFern BioTech,22.0,Solaris Systems,4,4.272727272727273,150,750
295,30,30,30,2.9967592592592593,0.7496126353548346,-0.4352601628783719,0.37779505931810187,2.4704377979484904,1,3.3333333333333335,1,3.3333333333333335,0,0.0,1.0,4.333333333333333,3.333333333333333,EchoSphere Analytics,26.444444444444443,StellarPath Logistics,19.642857142857142,Orion Synergy,19.53125,Aurora Axis,3,6.913194444444443,150,750
296,30,30,30,2.9851322751322744,0.7359300019173483,0.12035916199864284,1.4273433953984478,2.356774146807922,2,6.666666666666667,1,3.3333333333333335,1,3.3333333333333335,1.0,5.0,4.0,Apexion Innovations,27.22222222222222,Nimbus Nexus,21.875,IronClad Systems,21.875,Solaris Systems,4,5.347222222222221,150,750
297,30,30,30,2.995820105820106,0.6561092417308477,-0.024389262827576717,0.1852182190149807,2.2646580691230396,1,3.3333333333333335,0,0.0,1,3.3333333333333335,1.6,4.666666666666667,3.066666666666667,Lumeon Strategies,26.208333333333332,Magnetar Innovations,23.333333333333332,EverVault Enterprises,19.444444444444443,Nebula Dynamics,4,6.763888888888889,150,750
298,30,30,29,2.9992200328407224,0.6617890026965128,-0.1677162239945293,0.046482460794837976,2.362100291417097,0,0.0,0,0.0,0,0.0,1.5,4.5,3.0,EchoSphere Analytics,27.125,StellarPath Logistics,22.65625,Lumeon Strategies,19.0,PrismPoint Studios,3,8.125,150,750
299,30,30,30,2.974563492063493,0.7945275603493557,0.4987293757535387,1.3908636898780031,2.2057051809532724,3,10.0,1,3.3333333333333335,2,6.666666666666667,1.0,5.0,4.0,Crimson Arc Media,24.025,TitanEdge Consulting,20.3125,Orion Synergy,19.53125,Nimbus Nexus,5,4.493749999999999,150,750
300,30,30,30,3.058796296296296,0.8320898765429265,0.24782812443698118,-0.8371379436321078,2.660754662766713,0,0.0,0,0.0,0,0.0,1.6666666666666667,4.5,2.833333333333333,Nebula Dynamics,26.444444444444443,IronClad Systems,22.65625,TerraNova Solutions,20.3125,Vertex Valley Ventures,6,6.131944444444443,150,750
301,30,30,30,3.1269444444444443,0.7241217269542572,0.39898875382131604,-0.2778170440371679,2.519368832093841,2,6.666666666666667,0,0.0,2,6.666666666666667,1.8333333333333333,4.666666666666667,2.833333333333334,TitanEdge Consulting,25.78125,Nimbus Nexus,24.025,Cobalt Circuitry,21.875,EverVault Enterprises,3,3.90625,150,750
302,30,30,30,3.0335714285714284,0.513303220838379,-0.48167750881921484,0.006469256027731962,2.089246428509158,0,0.0,0,0.0,0,0.0,1.75,4.0,2.25,Magnetar Innovations,19.53125,FusionBridge Networks,19.0,EchoSphere Analytics,18.208333333333332,Orion Synergy,3,1.3229166666666679,150,750
303,30,30,30,3.090978835978836,0.7769746010444835,0.37867735402517455,-0.5410921086579181,2.4892464285091584,0,0.0,0,0.0,0,0.0,1.6666666666666667,5.0,3.333333333333333,Vortex Venture Group,28.675,Nimbus Nexus,22.0,HydraFlux Labs,21.77777777777778,HarborWay Holdings,3,6.897222222222222,150,750
304,30,30,30,2.930132275132275,0.7892206575994322,-0.543738714971864,-0.43567069536237746,2.5647351787255053,1,3.3333333333333335,1,3.3333333333333335,0,0.0,1.0,4.0,3.0,IronClad Systems,23.4375,Apexion Innovations,22.65625,EchoSphere Analytics,20.3125,LuxeLoom Enterprises,4,3.125,150,750
305,30,30,30,3.004007936507937,0.4107439008569779,-0.15127453112478662,-0.721070800846364,1.8464393446710154,0,0.0,0,0.0,0,0.0,2.2,3.8,1.5999999999999996,Apexion Innovations,23.4375,EverVault Enterprises,23.25,Vortex Venture Group,20.3125,Catalyst Core,4,3.125,150,750
306,30,30,30,3.1302861952861956,0.744361583720256,-0.21606315633097942,-0.812352249368435,2.5879695484319565,0,0.0,0,0.0,0,0.0,1.5,4.5,3.0,Ascendify Technologies,28.59090909090909,BlueFern BioTech,27.9,Nebula Dynamics,22.555555555555557,HarborWay Holdings,3,6.035353535353533,150,750
307,30,30,29,2.9745621237000544,0.6830222764753989,0.28021289566873225,-0.3240689619767978,2.457096412181354,0,0.0,0,0.0,0,0.0,1.6666666666666667,4.5,2.833333333333333,Quantum Forge,20.22222222222222,FusionBridge Networks,19.791666666666668,EverVault Enterprises,18.857142857142858,DeltaBloom Group,4,1.3650793650793638,150,750
308,30,30,30,3.046050986050986,0.645107078266895,0.5467511933208328,1.1933845592724337,2.381937063546704,1,3.3333333333333335,0,0.0,1,3.3333333333333335,1.6666666666666667,5.0,3.333333333333333,Apexion Innovations,21.77777777777778,FusionBridge Networks,21.636363636363637,ZenithWorks,20.3125,Lumeon Strategies,6,1.4652777777777786,150,750
309,30,30,30,2.927936507936508,0.669886409560067,-0.7432438430059235,0.4500254900100966,2.3377806684863804,1,3.3333333333333335,1,3.3333333333333335,0,0.0,1.0,4.0,3.0,LuxeLoom Enterprises,23.4375,Crimson Arc Media,17.96875,Nimbus Nexus,16.8,TitanEdge Consulting,3,6.637499999999999,150,750
310,30,30,29,3.037246852764094,0.6793231937170272,-0.14660996928474548,-0.03402317621708084,2.4015915682352573,3,10.344827586206897,2,6.896551724137931,1,3.4482758620689653,1.6,4.5,2.9,TerraNova Solutions,22.555555555555557,IronClad Systems,20.15,ZenithWorks,18.071428571428573,HydraFlux Labs,3,4.484126984126984,150,750
311,30,30,30,3.0242989417989414,0.7974002416676725,-0.04033409783288757,-0.9146660105972355,2.6643193502804,0,0.0,0,0.0,0,0.0,1.4,4.666666666666667,3.266666666666667,EverVault Enterprises,33.145833333333336,LuxeLoom Enterprises,21.214285714285715,HydraFlux Labs,18.4,HarborWay Holdings,3,14.745833333333337,150,750
312,30,30,30,2.9731481481481485,0.7274927125534647,0.2319432386565605,-0.8059360558979711,2.5096856969120642,0,0.0,0,0.0,0,0.0,1.6666666666666667,4.5,2.833333333333333,StellarPath Logistics,22.555555555555557,HarborWay Holdings,21.0,Apexion Innovations,19.53125,EverVault Enterprises,3,3.024305555555557,150,750
313,30,30,29,2.999521072796935,0.6736978968780274,0.20380289262897777,0.2637175070218811,2.457096412181354,1,3.4482758620689653,0,0.0,1,3.4482758620689653,1.5,4.666666666666667,3.166666666666667,IronClad Systems,24.88888888888889,Orion Synergy,21.875,Nebula Dynamics,18.857142857142858,LuxeLoom Enterprises,3,6.031746031746032,150,750
314,30,30,30,2.9819841269841265,0.6867583771102586,-0.6163066191749357,0.6256015496934264,2.4212764279322334,1,3.3333333333333335,1,3.3333333333333335,0,0.0,1.0,4.0,3.0,StellarPath Logistics,20.3125,Orion Synergy,19.642857142857142,HarborWay Holdings,18.666666666666668,FusionBridge Networks,3,1.6458333333333321,150,750
315,30,30,30,3.0124074074074083,0.5476855734966602,0.7709276381687584,-0.08611351633119746,2.072905595320056,2,6.666666666666667,0,0.0,2,6.666666666666667,2.2,4.333333333333333,2.133333333333333,Apexion Innovations,21.77777777777778,Vertex Valley Ventures,20.428571428571427,LuxeLoom Enterprises,20.3125,PrismPoint Studios,3,1.4652777777777786,150,750
316,30,30,30,2.9571560846560843,0.6314666009079216,-0.4305806054610705,-0.023733507663426412,2.2231543191951557,1,3.3333333333333335,1,3.3333333333333335,0,0.0,1.4,4.25,2.85,DeltaBloom Group,22.555555555555557,PrismPoint Studios,18.4,IronClad Systems,16.8,Orion Synergy,3,5.755555555555556,150,750
317,30,30,30,3.0371428571428565,0.7085674816411663,-0.09335097461926734,-0.2699470443392644,2.636452797660028,0,0.0,0,0.0,0,0.0,1.4,4.5,3.1,Orion Synergy,24.8,Vortex Venture Group,23.4375,Cobalt Circuitry,18.857142857142858,TitanEdge Consulting,5,5.942857142857143,150,750
318,30,30,29,3.0047345374931584,0.5635926382009696,-0.48295216905957594,-0.6440348287862037,2.0742204450172075,0,0.0,0,0.0,0,0.0,1.6666666666666667,3.8,2.133333333333333,TerraNova Solutions,23.4375,Magnetar Innovations,23.4375,DeltaBloom Group,20.22222222222222,Magnetar Innovations,4,3.2152777777777786,150,750
319,30,30,30,2.9629629629629624,0.6654778495003293,0.03977058804848622,-0.15231032032187652,2.371231921074726,2,6.666666666666667,1,3.3333333333333335,1,3.3333333333333335,1.5,4.5,3.0,Apexion Innovations,24.21875,FusionBridge Networks,24.11111111111111,Quantum Forge,19.53125,Ascendify Technologies,3,4.6875,150,750
320,30,30,30,2.999431216931217,0.7830935106429338,-0.2651083888080322,0.806362648680572,2.5092889027439353,2,6.666666666666667,1,3.3333333333333335,1,3.3333333333333335,1.0,5.0,4.0,PeakVista Partners,24.11111111111111,EchoSphere Analytics,18.857142857142858,ZenithWorks,18.666666666666668,Nebula Dynamics,4,5.444444444444443,150,750
321,30,30,29,3.0329526795044033,0.70075972505259,-0.26739834477460717,-0.8162262030594634,2.4562056691136678,0,0.0,0,0.0,0,0.0,1.6,4.25,2.65,DeltaBloom Group,24.21875,Vertex Valley Ventures,23.954545454545453,Apexion Innovations,20.428571428571427,Vortex Venture Group,3,3.790178571428573,150,750
322,30,30,30,3.010470177970178,0.8102976233383243,0.031027097807733117,0.8778238237706071,2.5260265301011664,3,10.0,1,3.3333333333333335,2,6.666666666666667,1.0,5.0,4.0,Apexion Innovations,22.0,StellarPath Logistics,20.863636363636363,Magnetar Innovations,18.208333333333332,FusionBridge Networks,4,3.791666666666668,150,750
323,30,30,30,2.970595238095238,0.5395071333179782,0.17227974084265466,0.5242834960088438,2.05279363084913,2,6.666666666666667,1,3.3333333333333335,1,3.3333333333333335,1.75,4.333333333333333,2.583333333333333,Vortex Venture Group,21.09375,Quantum Forge,20.925,HarborWay Holdings,18.75,Aurora Axis,4,2.34375,150,750
324,30,30,30,2.9907936507936506,0.5762126892390611,0.028837805644047816,-0.6879146876770812,2.143762162622482,0,0.0,0,0.0,0,0.0,2.0,4.0,2.0,Cobalt Circuitry,21.583333333333332,IronClad Systems,20.428571428571427,TitanEdge Consulting,18.75,HydraFlux Labs,3,2.833333333333332,150,750
325,30,30,30,2.998095238095239,0.6886104102118659,0.07971800873366813,-0.7843782795275613,2.4961399650265075,0,0.0,0,0.0,0,0.0,1.75,4.5,2.75,Catalyst Core,18.857142857142858,TitanEdge Consulting,18.208333333333332,Quantum Forge,17.96875,LuxeLoom Enterprises,4,0.8883928571428577,150,750
326,30,30,30,3.013478835978836,0.585145212601173,-0.024227460614735585,-0.5477389625023661,2.29155327022262,0,0.0,0,0.0,0,0.0,1.7142857142857142,4.0,2.2857142857142856,StellarPath Logistics,23.571428571428573,Lumeon Strategies,19.444444444444443,LuxeLoom Enterprises,18.071428571428573,Apexion Innovations,4,5.5,150,750
327,30,30,30,3.0816269841269843,0.7242159392711413,0.247400035782947,-0.5748715145139838,2.464083511770376,0,0.0,0,0.0,0,0.0,1.75,4.5,2.75,Crimson Arc Media,31.0,Nimbus Nexus,22.65625,PeakVista Partners,21.09375,Nimbus Nexus,4,9.90625,150,750
328,30,30,30,2.948928571428572,0.7810796662385585,-0.017400664090067776,0.6211478880516306,2.4908770663513966,0,0.0,0,0.0,0,0.0,1.0,5.0,4.0,Aurora Axis,19.642857142857142,BlueFern BioTech,17.416666666666668,Vertex Valley Ventures,17.1875,Vertex Valley Ventures,3,2.4553571428571423,150,750
329,30,30,30,3.003730158730159,0.44341051078922034,0.6802511033548266,0.5065083056765394,1.8873178814768274,2,6.666666666666667,0,0.0,2,6.666666666666667,2.3333333333333335,4.2,1.8666666666666667,HarborWay Holdings,23.333333333333332,Crimson Arc Media,18.857142857142858,IronClad Systems,17.416666666666668,Magnetar Innovations,3,5.916666666666664,150,750
330,30,30,30,3.0755663780663776,0.6912184145235093,0.6109663273398254,-0.07647666586853452,2.389898095464287,0,0.0,0,0.0,0,0.0,2.0,4.75,2.75,Nebula Dynamics,27.045454545454547,ZenithWorks,24.88888888888889,Solaris Systems,24.025,FusionBridge Networks,4,3.020454545454548,150,750
331,30,30,30,2.9934920634920643,0.7620704019682562,-0.04949986745696861,-0.07950200963213527,2.464083511770376,5,16.666666666666664,2,6.666666666666667,3,10.0,1.25,4.5,3.25,Ascendify Technologies,22.0,Solaris Systems,19.0,TerraNova Solutions,18.071428571428573,TerraNova Solutions,4,3.928571428571427,150,750
332,30,30,30,2.959047619047619,0.8682164757872429,0.07625558545773257,-0.04588088431481241,2.764201431025388,0,0.0,0,0.0,0,0.0,1.0,5.0,4.0,TerraNova Solutions,20.3125,Nimbus Nexus,19.791666666666668,Catalyst Core,17.1875,DeltaBloom Group,3,3.125,150,750
333,30,30,30,3.0421428571428573,0.6709404957997438,0.6880740146095017,1.06296853897648,2.346602752036061,3,10.0,1,3.3333333333333335,2,6.666666666666667,1.6,5.0,3.4,Orion Synergy,21.09375,IronClad Systems,19.642857142857142,Aurora Axis,18.857142857142858,DeltaBloom Group,4,2.2366071428571423,150,750
334,30,30,30,3.031414141414141,0.5806977958535512,-0.1610484150127716,-0.7777044617037698,2.0823937016443557,0,0.0,0,0.0,0,0.0,2.0,4.0,2.0,ZenithWorks,27.9,IronClad Systems,26.272727272727273,HydraFlux Labs,25.0,TerraNova Solutions,4,2.8999999999999986,150,750
335,30,30,30,3.0177777777777783,0.6094462169527551,-0.16294187012993672,-0.3498686818731165,2.000981532617396,0,0.0,0,0.0,0,0.0,2.0,4.4,2.4000000000000004,Catalyst Core,23.4375,Ascendify Technologies,23.25,Vortex Venture Group,20.925,StellarPath Logistics,4,2.5124999999999993,150,750
336,30,30,30,3.0001587301587302,0.6602246513430369,-0.5950382741032045,-0.07255798418673054,2.4011184861493846,0,0.0,0,0.0,0,0.0,1.25,4.0,2.75,Solaris Systems,19.642857142857142,LuxeLoom Enterprises,18.071428571428573,Vortex Venture Group,17.88888888888889,Catalyst Core,4,1.753968253968253,150,750
337,30,30,30,3.0203174603174605,0.7189699535826924,0.5617124767648621,0.3787240085831636,2.3792844184142647,1,3.3333333333333335,0,0.0,1,3.3333333333333335,1.8,5.0,3.2,Cobalt Circuitry,25.666666666666668,TitanEdge Consulting,23.333333333333332,HydraFlux Labs,20.428571428571427,Vortex Venture Group,4,5.238095238095241,150,750
338,30,30,30,3.0277380952380955,0.7364507505936065,0.6743766602670619,0.42931603656422235,2.4178561135066152,1,3.3333333333333335,0,0.0,1,3.3333333333333335,1.6666666666666667,5.0,3.333333333333333,EchoSphere Analytics,22.0,TerraNova Solutions,20.583333333333332,Quantum Forge,18.857142857142858,Vortex Venture Group,3,3.1428571428571423,150,750
339,30,30,30,2.9999867724867726,0.6270867614352921,0.20528279595509977,0.18876884439415864,2.233800152527589,0,0.0,0,0.0,0,0.0,1.75,4.5,2.75,TitanEdge Consulting,21.875,Nimbus Nexus,21.09375,PrismPoint Studios,20.22222222222222,Magnetar Innovations,3,1.6527777777777786,150,750
340,30,30,30,2.928508898508899,0.8241161146195916,-0.15022517666434654,0.8269136965878503,2.477865082165957,3,10.0,2,6.666666666666667,1,3.3333333333333335,1.0,5.0,4.0,FusionBridge Networks,28.59090909090909,LuxeLoom Enterprises,28.59090909090909,TerraNova Solutions,21.214285714285715,EverVault Enterprises,4,7.376623376623375,150,750
341,30,30,30,3.000238095238096,0.569124106568373,0.13296254800845173,-0.26734180579704603,2.199723686817171,0,0.0,0,0.0,0,0.0,1.8571428571428572,4.428571428571429,2.5714285714285716,DeltaBloom Group,22.785714285714285,Orion Synergy,20.428571428571427,IronClad Systems,20.428571428571427,Magnetar Innovations,2,2.3571428571428577,150,750
342,30,30,29,3.0569786535303782,0.6499041867570763,0.14185669899057923,-0.35774727346254487,2.3409562206554697,0,0.0,0,0.0,0,0.0,1.75,4.5,2.75,DeltaBloom Group,26.979166666666668,BlueFern BioTech,19.0,IronClad Systems,18.75,Orion Synergy,3,8.229166666666668,150,750
343,30,30,30,3.077698412698413,0.862990301958765,0.09747982182956955,-0.5640602670848209,2.5587081964793703,0,0.0,0,0.0,0,0.0,1.4,5.0,3.6,HarborWay Holdings,20.428571428571427,Quantum Forge,19.642857142857142,Crimson Arc Media,18.75,DeltaBloom Group,3,1.678571428571427,150,750
344,30,30,30,3.0618121693121694,0.7679605544253736,-0.20866014107389644,0.39969038639060006,2.494205915355059,1,3.3333333333333335,1,3.3333333333333335,0,0.0,1.0,4.666666666666667,3.666666666666667,Crimson Arc Media,21.875,Aurora Axis,21.214285714285715,FusionBridge Networks,20.428571428571427,IronClad Systems,4,1.446428571428573,150,750
345,30,30,30,2.9439021164021164,0.6789760581046682,-0.278547144507377,-1.1547943463748402,2.3124807982156095,0,0.0,0,0.0,0,0.0,1.6666666666666667,4.0,2.333333333333333,TitanEdge Consulting,21.09375,PeakVista Partners,18.857142857142858,PrismPoint Studios,17.88888888888889,Nebula Dynamics,4,3.2048611111111107,150,750
346,30,30,30,2.9986111111111113,0.7351988796272682,-0.1482381885322018,0.6748416004623663,2.4004422822781613,1,3.3333333333333335,1,3.3333333333333335,0,0.0,1.0,4.5,3.5,DeltaBloom Group,24.8,Apexion Innovations,22.785714285714285,Nebula Dynamics,21.09375,DeltaBloom Group,3,3.7062500000000007,150,750
347,30,30,30,2.955833333333333,0.7779774413708503,-0.4320115244789905,-0.26679746957561123,2.5348486136508463,0,0.0,0,0.0,0,0.0,1.0,4.0,3.0,Cobalt Circuitry,23.333333333333332,Lumeon Strategies,19.53125,Vertex Valley Ventures,18.75,Orion Synergy,5,4.583333333333332,150,750
348,30,30,30,2.895683760683761,0.7788567084125888,-0.38132931286534777,1.5967498043341433,2.1832459000960798,5,16.666666666666664,4,13.333333333333334,1,3.3333333333333335,1.0,5.0,4.0,PeakVista Partners,28.46153846153846,EchoSphere Analytics,20.3125,Lumeon Strategies,18.071428571428573,Ascendify Technologies,3,10.390109890109887,150,750
349,30,30,30,3.025013227513227,0.6138175013414889,-0.2767973310251216,-0.08143577403768187,2.2711140018197136,0,0.0,0,0.0,0,0.0,1.5,4.333333333333333,2.833333333333333,EchoSphere Analytics,27.22222222222222,Aurora Axis,24.21875,Crimson Arc Media,21.875,LuxeLoom Enterprises,5,5.347222222222221,150,750
350,30,30,30,2.9957936507936513,0.772158417566692,0.6925148625708336,0.9632340080394428,2.311941547876375,3,10.0,1,3.3333333333333335,2,6.666666666666667,1.5,5.0,3.5,TerraNova Solutions,30.225,Vertex Valley Ventures,18.071428571428573,EverVault Enterprises,18.071428571428573,Nebula Dynamics,4,12.153571428571428,150,750
351,30,30,30,3.0361640211640206,0.6600087334518326,0.7833599950159675,0.7526938420879934,2.279402337669277,1,3.3333333333333335,0,0.0,1,3.3333333333333335,2.0,5.0,3.0,PeakVista Partners,25.5,Nimbus Nexus,21.09375,IronClad Systems,21.0,Vortex Venture Group,3,4.5,150,750
352,30,30,30,2.9304761904761905,0.6865871624468756,-0.5545662298868154,0.4615946101309474,2.387430298092722,1,3.3333333333333335,1,3.3333333333333335,0,0.0,1.0,4.166666666666667,3.166666666666667,TerraNova Solutions,25.0,HydraFlux Labs,24.88888888888889,ZenithWorks,21.875,HydraFlux Labs,4,3.125,150,750
353,30,30,30,2.993531746031746,0.7236476220436249,-0.6194249842639366,0.027324870232191323,2.386374217603147,2,6.666666666666667,2,6.666666666666667,0,0.0,1.3333333333333333,4.333333333333333,3.0,BlueFern BioTech,22.166666666666668,Cobalt Circuitry,20.428571428571427,Lumeon Strategies,19.642857142857142,BlueFern BioTech,4,2.5238095238095255,150,750
354,30,30,30,3.0369841269841276,0.7057813795766489,0.252909549624947,0.48435795380727065,2.379284418414265,1,3.3333333333333335,0,0.0,1,3.3333333333333335,1.6666666666666667,5.0,3.333333333333333,Vertex Valley Ventures,21.875,Apexion Innovations,19.791666666666668,Nimbus Nexus,19.53125,Apexion Innovations,3,2.34375,150,750
355,30,30,30,3.0157671957671957,0.8128535042711889,0.10096359980510376,-0.20954034809864863,2.598277896735806,0,0.0,0,0.0,0,0.0,1.5,5.0,3.5,Aurora Axis,22.555555555555557,Nimbus Nexus,21.0,IronClad Systems,19.642857142857142,Catalyst Core,3,2.912698412698415,150,750
356,30,30,30,3.0492989417989422,0.7804555975956059,0.07153489457476095,0.7740775587753035,2.49155327022262,2,6.666666666666667,1,3.3333333333333335,1,3.3333333333333335,1.0,5.0,4.0,LuxeLoom Enterprises,22.354166666666668,HydraFlux Labs,21.09375,Catalyst Core,19.0,PrismPoint Studios,5,3.354166666666668,150,750
357,30,30,30,2.9680555555555554,0.6955144647563494,-0.7257194104723051,0.3305310027354662,2.4206512148101607,0,0.0,0,0.0,0,0.0,1.0,4.0,3.0,Nimbus Nexus,22.785714285714285,IronClad Systems,21.0,Vertex Valley Ventures,19.791666666666668,Crimson Arc Media,3,2.994047619047617,150,750
358,30,30,30,3.0616269841269843,0.695932511115636,0.8575628540045014,0.4728719969967874,2.315270396880037,1,3.3333333333333335,0,0.0,1,3.3333333333333335,2.0,5.0,3.0,Orion Synergy,22.65625,Cobalt Circuitry,19.642857142857142,DeltaBloom Group,18.857142857142858,PrismPoint Studios,4,3.7991071428571423,150,750
359,30,30,30,2.982579365079365,0.6773856432113025,-0.6774879219312273,0.5159726641665143,2.2711140018197136,1,3.3333333333333335,1,3.3333333333333335,0,0.0,1.0,4.125,3.125,Nebula Dynamics,26.444444444444443,Crimson Arc Media,25.666666666666668,DeltaBloom Group,22.0,HydraFlux Labs,4,4.444444444444443,150,750
360,30,30,30,2.9795370370370367,0.8297377183875112,-0.24733531326420463,-0.26153929086794525,2.6797991318374055,0,0.0,0,0.0,0,0.0,1.25,4.75,3.5,Lumeon Strategies,21.875,PrismPoint Studios,20.22222222222222,StellarPath Logistics,19.642857142857142,Vertex Valley Ventures,3,2.2321428571428577,150,750
361,30,30,30,2.9363888888888896,0.6246346975600904,-0.2773204597234557,-0.5481889908305089,2.311941547876375,0,0.0,0,0.0,0,0.0,1.5,4.0,2.5,ZenithWorks,22.0,FusionBridge Networks,20.22222222222222,Apexion Innovations,19.642857142857142,PrismPoint Studios,3,2.3571428571428577,150,750
362,30,30,30,2.995542328042328,0.6086292425760327,-0.7026283828252827,0.4401098993779007,2.089482267019182,1,3.3333333333333335,1,3.3333333333333335,0,0.0,1.25,4.0,2.75,Aurora Axis,26.444444444444443,Cobalt Circuitry,18.071428571428573,BlueFern BioTech,17.1875,Nimbus Nexus,3,9.256944444444443,150,750
363,30,30,30,2.9791666666666665,0.650846137304697,0.16549566069260285,0.08485490668019446,2.3022584126945973,1,3.3333333333333335,0,0.0,1,3.3333333333333335,1.6666666666666667,4.5,2.833333333333333,PeakVista Partners,24.21875,StellarPath Logistics,19.53125,EchoSphere Analytics,18.75,PrismPoint Studios,3,5.46875,150,750
364,30,30,30,3.076283068783069,0.6486051219481751,0.36010318562958127,0.27085515272872396,2.326026530101166,3,10.0,1,3.3333333333333335,2,6.666666666666667,1.8,4.666666666666667,2.866666666666667,Ascendify Technologies,21.77777777777778,EchoSphere Analytics,21.77777777777778,IronClad Systems,19.53125,LuxeLoom Enterprises,3,2.2465277777777786,150,750
365,30,30,29,2.970662287903667,0.5555596795045398,-0.11506075290909697,1.3653220747439123,1.982466207162797,2,6.896551724137931,1,3.4482758620689653,1,3.4482758620689653,1.5,4.5,3.0,TerraNova Solutions,22.555555555555557,IronClad Systems,20.22222222222222,HydraFlux Labs,18.857142857142858,TitanEdge Consulting,3,3.6984126984126995,150,750
366,30,30,30,3.0086111111111107,0.6025884801041631,0.1587993530845935,-0.2575051676340201,2.264944563402473,0,0.0,0,0.0,0,0.0,1.6666666666666667,4.25,2.583333333333333,HydraFlux Labs,22.65625,Quantum Forge,21.09375,Cobalt Circuitry,18.857142857142858,Catalyst Core,3,3.7991071428571423,150,750
367,30,30,30,3.016547619047619,0.6623002094672155,-0.40976104550615666,-0.6042911258872512,2.3357096652829434,0,0.0,0,0.0,0,0.0,1.6666666666666667,4.2,2.533333333333333,EchoSphere Analytics,20.583333333333332,Vortex Venture Group,20.583333333333332,TitanEdge Consulting,20.428571428571427,EverVault Enterprises,3,0.1547619047619051,150,750
368,30,30,30,3.0317472342472347,0.756706524763016,0.24616364824399364,0.004640587990070166,2.372253928364927,1,3.3333333333333335,0,0.0,1,3.3333333333333335,1.5,5.0,3.5,Apexion Innovations,33.22727272727273,LuxeLoom Enterprises,22.0,Quantum Forge,21.77777777777778,Orion Synergy,3,11.449494949494948,150,750
369,30,30,30,2.871955266955267,0.7887801134072482,-0.922025538777536,0.8521034050013081,2.236452797660028,3,10.0,3,10.0,0,0.0,1.0,4.333333333333333,3.333333333333333,Orion Synergy,27.045454545454547,Catalyst Core,21.214285714285715,PrismPoint Studios,17.96875,Crimson Arc Media,3,9.076704545454547,150,750
370,30,30,29,2.9737137383689105,0.7178687247247669,0.00031928195993166555,-0.6217821351555317,2.443635738886072,0,0.0,0,0.0,0,0.0,1.5,4.333333333333333,2.833333333333333,HarborWay Holdings,21.77777777777778,BlueFern BioTech,20.925,LuxeLoom Enterprises,20.583333333333332,IronClad Systems,3,1.1944444444444464,150,750
371,30,30,30,2.931349206349206,0.7118105483481774,-0.44037933431818677,0.20414136137514172,2.1213028817652897,6,20.0,4,13.333333333333334,2,6.666666666666667,1.5,4.4,2.9000000000000004,Aurora Axis,26.208333333333332,Apexion Innovations,24.357142857142858,HydraFlux Labs,17.1875,Aurora Axis,3,9.020833333333332,150,750
372,30,30,30,3.0370899470899473,0.7197439071066447,-0.05087412723423978,0.05545432927698224,2.3810760119146073,0,0.0,0,0.0,0,0.0,1.3333333333333333,4.75,3.416666666666667,ZenithWorks,26.444444444444443,Quantum Forge,21.875,Ascendify Technologies,21.09375,Lumeon Strategies,3,5.350694444444443,150,750
373,30,30,30,3.0264285714285717,0.6500483585709033,0.6114317051634225,0.8465830012631432,2.2405512328738317,1,3.3333333333333335,0,0.0,1,3.3333333333333335,2.0,5.0,3.0,EchoSphere Analytics,21.875,Quantum Forge,20.925,Vortex Venture Group,18.071428571428573,Cobalt Circuitry,3,3.803571428571427,150,750
374,30,30,30,2.9557407407407412,0.6614556888090748,0.12426367815182801,-1.0969402107459212,2.2593598634344993,0,0.0,0,0.0,0,0.0,2.0,4.2,2.2,Nimbus Nexus,24.11111111111111,Quantum Forge,19.0,DeltaBloom Group,19.0,Orion Synergy,5,5.111111111111111,150,750
375,30,30,30,2.9742724867724863,0.6416827086774741,-0.5154663503129338,-0.23905517671418286,2.3967916319816367,0,0.0,0,0.0,0,0.0,1.5,4.0,2.5,EverVault Enterprises,22.555555555555557,Quantum Forge,21.77777777777778,Nebula Dynamics,20.428571428571427,Ascendify Technologies,3,2.12698412698413,150,750
376,30,30,30,3.001859066859067,0.6729955352995677,-0.033900640514014424,-1.000682244035409,2.38936434776417,0,0.0,0,0.0,0,0.0,1.6666666666666667,4.25,2.583333333333333,PrismPoint Studios,20.863636363636363,TitanEdge Consulting,20.583333333333332,ZenithWorks,19.444444444444443,Crimson Arc Media,2,1.4191919191919204,150,750
377,30,30,30,3.0517460317460317,0.796079225189954,-0.23735780881225346,-0.7435894844880662,2.6560310144308374,0,0.0,0,0.0,0,0.0,1.5,4.5,3.0,Nimbus Nexus,26.979166666666668,TitanEdge Consulting,24.21875,Vertex Valley Ventures,18.071428571428573,BlueFern BioTech,3,8.907738095238095,150,750
378,30,30,30,3.0224074074074077,0.6354083670104927,-0.7501049245374788,1.7252367642735837,2.2640835117703757,1,3.3333333333333335,1,3.3333333333333335,0,0.0,1.0,4.25,3.25,Apexion Innovations,33.145833333333336,EchoSphere Analytics,24.88888888888889,Lumeon Strategies,20.22222222222222,Nimbus Nexus,4,12.923611111111114,150,750
379,30,30,30,3.0337037037037033,0.5951916995439951,-0.18774858432963346,-0.6480421789078701,2.143762162622482,0,0.0,0,0.0,0,0.0,2.0,4.0,2.0,TitanEdge Consulting,22.0,EverVault Enterprises,22.0,Nebula Dynamics,21.214285714285715,Vortex Venture Group,4,0.7857142857142847,150,750
380,30,30,30,3.033531746031746,0.8089817327996519,-0.2918951294558364,-0.6023448324958336,2.7614063297218427,0,0.0,0,0.0,0,0.0,1.3333333333333333,4.5,3.166666666666667,Ascendify Technologies,22.65625,Nebula Dynamics,22.0,StellarPath Logistics,21.7,TitanEdge Consulting,4,0.9562500000000007,150,750
381,30,30,30,3.0031349206349205,0.7000006924944684,0.3291953289486526,1.1314146060055883,2.3377806684863804,2,6.666666666666667,1,3.3333333333333335,1,3.3333333333333335,1.3333333333333333,5.0,3.666666666666667,Solaris Systems,24.025,Apexion Innovations,22.555555555555557,IronClad Systems,21.77777777777778,Nebula Dynamics,3,2.24722222222222,150,750
382,30,30,30,3.0031878306878306,0.6904511830548181,-0.6949109778790352,0.167410134376762,2.4920415298127034,1,3.3333333333333335,1,3.3333333333333335,0,0.0,1.25,4.0,2.75,Apexion Innovations,24.11111111111111,StellarPath Logistics,24.11111111111111,HarborWay Holdings,21.77777777777778,Aurora Axis,2,2.333333333333332,150,750
383,30,30,30,3.0071825396825402,0.6787464605318803,0.7207942023740216,0.6507455474974013,2.181076011914607,1,3.3333333333333335,0,0.0,1,3.3333333333333335,2.0,5.0,3.0,PeakVista Partners,21.875,FusionBridge Networks,21.09375,Apexion Innovations,20.3125,IronClad Systems,5,1.5625,150,750
384,30,30,30,3.0553174603174598,0.7895133463159986,-0.01787115403128793,-0.628928352198197,2.544531748832623,0,0.0,0,0.0,0,0.0,1.5,4.8,3.3,Catalyst Core,21.214285714285715,Cobalt Circuitry,21.214285714285715,Nebula Dynamics,20.3125,Catalyst Core,4,0.9017857142857153,150,750
385,30,30,30,2.9518253968253965,0.8126274964408854,-0.4645482075683096,-0.6154699757263695,2.58324590009608,0,0.0,0,0.0,0,0.0,1.3333333333333333,4.25,2.916666666666667,Quantum Forge,22.166666666666668,BlueFern BioTech,21.0,Crimson Arc Media,20.583333333333332,Aurora Axis,4,1.5833333333333357,150,750
386,30,30,30,2.960714285714286,0.7455940120729259,-0.1215694446088075,-0.2951003058532935,2.596883097403592,1,3.3333333333333335,1,3.3333333333333335,0,0.0,1.3333333333333333,4.5,3.166666666666667,TitanEdge Consulting,29.45,TerraNova Solutions,17.96875,LuxeLoom Enterprises,17.1875,TitanEdge Consulting,4,12.2625,150,750
387,30,30,30,2.9674867724867724,0.6125359423309282,0.058261808017355844,0.045825167805894296,2.078203801008596,0,0.0,0,0.0,0,0.0,1.5,4.285714285714286,2.7857142857142856,PrismPoint Studios,21.875,LuxeLoom Enterprises,19.444444444444443,Nebula Dynamics,19.0,Magnetar Innovations,4,2.875,150,750
388,30,30,29,3.04280240831965,0.7758676804419874,0.04926336677231022,-0.802097869509498,2.641405997282954,0,0.0,0,0.0,0,0.0,1.6666666666666667,4.5,2.833333333333333,Vertex Valley Ventures,29.45,Crimson Arc Media,20.583333333333332,TerraNova Solutions,19.444444444444443,TitanEdge Consulting,4,10.005555555555556,150,750
389,30,30,30,3.0145899470899473,0.9823462388068757,0.07459252917434496,-0.1636644253422146,2.8770954959558153,4,13.333333333333334,2,6.666666666666667,2,6.666666666666667,1.0,5.0,4.0,FusionBridge Networks,25.78125,Lumeon Strategies,21.875,Magnetar Innovations,20.428571428571427,Aurora Axis,3,5.352678571428573,150,750
390,30,30,30,3.0098809523809527,0.6403824465236151,0.19840456965167833,1.300721587746585,2.156487652528489,3,10.0,1,3.3333333333333335,2,6.666666666666667,1.3333333333333333,4.6,3.2666666666666666,PeakVista Partners,22.166666666666668,Crimson Arc Media,21.7,ZenithWorks,21.7,EchoSphere Analytics,3,0.46666666666666856,150,750
391,30,30,30,3.0040476190476197,0.6433091885074708,-0.358682601874701,-0.653364363420947,2.3119415478763745,0,0.0,0,0.0,0,0.0,1.5,4.0,2.5,Lumeon Strategies,23.333333333333332,Apexion Innovations,18.857142857142858,EchoSphere Analytics,18.75,Vertex Valley Ventures,3,4.583333333333332,150,750
392,30,30,30,3.0072222222222225,0.7416841785833758,0.23698908763471804,-1.212544579064054,2.22421039968473,0,0.0,0,0.0,0,0.0,2.0,4.333333333333333,2.333333333333333,Catalyst Core,20.925,Apexion Innovations,19.642857142857142,Ascendify Technologies,19.0,LuxeLoom Enterprises,3,1.9250000000000007,150,750
393,30,30,30,3.072063492063492,0.6932773458047632,0.4769077549337305,0.14688084098894105,2.3764438290006864,1,3.3333333333333335,0,0.0,1,3.3333333333333335,2.0,5.0,3.0,Catalyst Core,21.875,DeltaBloom Group,21.214285714285715,Ascendify Technologies,21.09375,HydraFlux Labs,4,0.78125,150,750
394,30,30,30,2.968902116402116,0.7660916189058011,-0.05758504039656379,-0.6761003618739192,2.464083511770376,0,0.0,0,0.0,0,0.0,1.3333333333333333,4.5,3.166666666666667,PrismPoint Studios,24.025,IronClad Systems,19.642857142857142,FusionBridge Networks,19.642857142857142,Magnetar Innovations,3,4.382142857142856,150,750
395,30,30,30,3.0819841269841275,0.7590625766120339,0.17871432657783554,-0.6507368622434111,2.477095495955816,0,0.0,0,0.0,0,0.0,1.5,4.5,3.0,LuxeLoom Enterprises,32.375,StellarPath Logistics,30.225,BlueFern BioTech,22.785714285714285,PrismPoint Studios,4,9.589285714285715,150,750
396,30,30,30,2.9836640211640204,0.5656745877092536,-0.06076175995718782,-0.6435877168151647,2.2405512328738317,0,0.0,0,0.0,0,0.0,1.75,4.0,2.25,Crimson Arc Media,22.475,Nebula Dynamics,21.875,Ascendify Technologies,17.416666666666668,PrismPoint Studios,4,5.058333333333334,150,750
397,30,30,30,2.9971428571428573,0.7205689650608879,-0.08990560576276749,-0.493423535875849,2.373884566207165,1,3.3333333333333335,1,3.3333333333333335,0,0.0,1.5,4.333333333333333,2.833333333333333,Apexion Innovations,30.833333333333332,Nebula Dynamics,25.78125,Quantum Forge,21.0,LuxeLoom Enterprises,4,9.833333333333332,150,750
398,30,30,29,2.9901477832512313,0.6656426789099146,-0.44396152685578394,1.7574872507392234,2.191950900856872,2,6.896551724137931,1,3.4482758620689653,1,3.4482758620689653,1.0,4.666666666666667,3.666666666666667,EchoSphere Analytics,32.2,TitanEdge Consulting,21.09375,Catalyst Core,20.3125,HydraFlux Labs,3,11.887500000000003,150,750
399,30,30,28,3.0269841269841273,0.6220622567293128,0.41080908967118596,0.2268086630068753,2.2784750896585417,2,7.142857142857142,0,0.0,2,7.142857142857142,1.75,4.5,2.75,Quantum Forge,24.11111111111111,TitanEdge Consulting,18.75,TerraNova Solutions,16.625,IronClad Systems,3,7.486111111111111,150,750
400,30,30,30,3.045496632996633,0.775053196444802,0.06924157421773518,0.3695863865674949,2.494205915355059,1,3.3333333333333335,1,3.3333333333333335,0,0.0,1.0,4.6,3.5999999999999996,Magnetar Innovations,22.65625,BlueFern BioTech,22.555555555555557,ZenithWorks,21.7,TerraNova Solutions,4,0.9562500000000007,150,750
401,30,30,30,3.01734126984127,0.6115972363028326,0.27799361985900617,-0.14490343014717677,2.3559130951758247,0,0.0,0,0.0,0,0.0,1.7142857142857142,4.5,2.7857142857142856,Orion Synergy,24.21875,Vortex Venture Group,23.571428571428573,Apexion Innovations,20.15,Orion Synergy,4,4.068750000000001,150,750
402,30,30,30,3.02574074074074,0.6767727540941578,0.9345413587269693,0.7753692972421011,2.251932579217033,1,3.3333333333333335,0,0.0,1,3.3333333333333335,2.0,5.0,3.0,PeakVista Partners,29.45,Quantum Forge,21.875,Lumeon Strategies,18.071428571428573,FusionBridge Networks,4,11.378571428571426,150,750
403,30,30,30,3.048306878306879,0.6315161613288612,0.5645915393131364,1.1697164935237758,2.1138755975478234,1,3.3333333333333335,0,0.0,1,3.3333333333333335,2.0,5.0,3.0,Apexion Innovations,23.333333333333332,Solaris Systems,20.3125,Vortex Venture Group,20.22222222222222,Quantum Forge,3,3.1111111111111107,150,750
404,30,30,30,2.986428571428571,0.574482957914541,0.14396079219111693,-0.7625683864860728,2.3323808162792807,0,0.0,0,0.0,0,0.0,1.8333333333333333,4.0,2.166666666666667,Vortex Venture Group,21.0,Lumeon Strategies,19.791666666666668,TerraNova Solutions,18.75,Solaris Systems,4,2.25,150,750
405,30,30,30,3.0375649350649354,0.6858409593091185,-0.03757576740608833,-0.4846702234862219,2.5337756156114946,0,0.0,0,0.0,0,0.0,1.75,4.5,2.75,Apexion Innovations,26.272727272727273,EverVault Enterprises,24.21875,PeakVista Partners,19.375,Ascendify Technologies,5,6.897727272727273,150,750
406,30,30,30,2.990767195767196,0.7563446671564222,-0.28192243454449145,0.6037380806243804,2.5974168451037096,2,6.666666666666667,1,3.3333333333333335,1,3.3333333333333335,1.0,4.75,3.75,Cobalt Circuitry,28.0,BlueFern BioTech,22.555555555555557,Catalyst Core,21.0,PeakVista Partners,5,7.0,150,750
407,30,30,30,3.0024999999999995,0.5998782905972314,0.4056360073088507,-0.5757662293435772,2.1995812306460647,0,0.0,0,0.0,0,0.0,2.0,4.25,2.25,TerraNova Solutions,19.53125,TitanEdge Consulting,18.857142857142858,BlueFern BioTech,18.071428571428573,Crimson Arc Media,4,1.459821428571427,150,750
408,30,30,30,2.9763888888888896,0.8218564036136397,-0.10297400701604721,0.4251426532812954,2.4660528684552534,2,6.666666666666667,1,3.3333333333333335,1,3.3333333333333335,1.0,5.0,4.0,Nimbus Nexus,22.65625,EverVault Enterprises,22.65625,Vortex Venture Group,21.375,FusionBridge Networks,4,1.28125,150,750
409,30,30,30,3.0288492063492067,0.7252998495926343,0.34262609049041043,-0.3884703801691858,2.3512809122619043,1,3.3333333333333335,0,0.0,1,3.3333333333333335,1.6666666666666667,4.666666666666667,3.0,ZenithWorks,26.35,Nebula Dynamics,21.09375,Ascendify Technologies,18.857142857142858,Lumeon Strategies,3,7.492857142857144,150,750
410,30,30,30,3.0329761904761905,0.6365737107124642,-0.008330634809904147,-1.095754623451854,2.223440813474588,0,0.0,0,0.0,0,0.0,2.0,4.0,2.0,TitanEdge Consulting,24.88888888888889,Cobalt Circuitry,22.65625,EchoSphere Analytics,19.642857142857142,FusionBridge Networks,4,5.246031746031747,150,750
411,30,30,30,2.94787037037037,0.6522411834478559,-0.44535500783969295,-0.2652212752796079,2.463458298648303,0,0.0,0,0.0,0,0.0,1.3333333333333333,4.0,2.666666666666667,Magnetar Innovations,28.675,Orion Synergy,20.22222222222222,Vertex Valley Ventures,18.6,PeakVista Partners,3,10.075,150,750
412,30,30,30,3.0100661375661373,0.6042849228175615,0.04340537251254637,-0.276015001312806,2.2341969466957172,0,0.0,0,0.0,0,0.0,1.75,4.333333333333333,2.583333333333333,EverVault Enterprises,21.09375,HarborWay Holdings,19.444444444444443,Cobalt Circuitry,19.0,StellarPath Logistics,4,2.09375,150,750
413,30,30,30,2.9548015873015867,0.6405598637835896,-0.11290287810398501,-0.5239599721288459,2.3055872616982604,0,0.0,0,0.0,0,0.0,1.5,4.25,2.75,Solaris Systems,24.21875,PeakVista Partners,19.642857142857142,Nimbus Nexus,18.857142857142858,Lumeon Strategies,3,5.361607142857142,150,750
414,30,30,30,3.037751322751322,0.7335067287770587,-0.11140583486606442,1.5493449550175207,2.4027150507922492,3,10.0,2,6.666666666666667,1,3.3333333333333335,1.0,5.0,4.0,Vortex Venture Group,24.88888888888889,Nebula Dynamics,21.0,FusionBridge Networks,20.583333333333332,Apexion Innovations,3,4.305555555555557,150,750
415,30,30,29,2.9928708264915165,0.605503414563728,0.2204554174518126,-0.35984445185868674,2.126934116643506,1,3.4482758620689653,0,0.0,1,3.4482758620689653,2.0,4.5,2.5,StellarPath Logistics,24.21875,DeltaBloom Group,18.208333333333332,Magnetar Innovations,17.96875,Vertex Valley Ventures,4,6.25,150,750
416,30,30,30,3.015833333333333,0.5805822030035406,0.47604262837015665,-0.043723666101649794,2.2004422822781615,0,0.0,0,0.0,0,0.0,2.0,4.5,2.5,Solaris Systems,23.4375,ZenithWorks,23.333333333333332,Crimson Arc Media,17.96875,Magnetar Innovations,3,5.46875,150,750
417,30,30,30,2.900395622895623,0.8158513787783979,0.2568623316387622,0.20927245505746495,2.634196946695717,0,0.0,0,0.0,0,0.0,1.2,5.0,3.8,IronClad Systems,24.11111111111111,Catalyst Core,21.77777777777778,PrismPoint Studios,19.642857142857142,Aurora Axis,4,4.468253968253968,150,750
418,30,30,30,3.033650793650794,0.6904358864354487,-0.6150393839215961,0.7172010588880768,2.27462769858425,4,13.333333333333334,3,10.0,1,3.3333333333333335,1.25,4.5,3.25,Vortex Venture Group,27.125,TitanEdge Consulting,17.6,Solaris Systems,17.1875,Vortex Venture Group,3,9.9375,150,750
419,30,30,29,2.911288998357964,0.87263036710477,-0.34464456875617283,-0.24320123012302908,2.625944582948242,0,0.0,0,0.0,0,0.0,1.0,4.5,3.5,EverVault Enterprises,23.25,PrismPoint Studios,19.53125,Crimson Arc Media,17.416666666666668,Nimbus Nexus,4,5.833333333333332,150,750
420,30,30,30,3.0275396825396825,0.5911582988428339,-0.7176350503515765,0.711331931089632,2.1431369495004096,1,3.3333333333333335,1,3.3333333333333335,0,0.0,1.3333333333333333,4.0,2.666666666666667,ZenithWorks,22.166666666666668,Quantum Forge,18.75,Nimbus Nexus,18.666666666666668,Nimbus Nexus,3,3.5,150,750
421,30,30,30,2.9430555555555555,0.681869393323622,-0.37965228842791554,-0.7429794009820241,1.9735572622751854,0,0.0,0,0.0,0,0.0,1.75,4.333333333333333,2.583333333333333,FusionBridge Networks,25.78125,TerraNova Solutions,25.5,LuxeLoom Enterprises,18.75,EchoSphere Analytics,4,7.03125,150,750
422,30,30,30,2.99202380952381,0.6370059369276145,-0.08755583186247302,-1.1859693549073087,2.1981864313138506,0,0.0,0,0.0,0,0.0,2.0,4.2,2.2,PrismPoint Studios,21.875,BlueFern BioTech,20.428571428571427,StellarPath Logistics,19.642857142857142,PrismPoint Studios,4,2.2321428571428577,150,750
423,30,30,30,2.917222222222223,0.6954393825088339,-0.4069672084770487,-0.8453946873059013,2.3847776529602824,0,0.0,0,0.0,0,0.0,1.5,4.0,2.5,ZenithWorks,20.428571428571427,IronClad Systems,19.375,PeakVista Partners,17.1875,Apexion Innovations,3,3.241071428571427,150,750
424,30,30,30,2.949140211640212,0.6049474354287893,-0.7110335684861543,0.06416470463412915,2.130750178437043,0,0.0,0,0.0,0,0.0,1.5,3.875,2.375,PeakVista Partners,27.125,Nimbus Nexus,21.77777777777778,IronClad Systems,19.444444444444443,Catalyst Core,4,7.680555555555557,150,750
425,30,30,30,3.0041414141414147,0.7511254920233493,-0.2876152429939698,-0.7889167806082491,2.40237633194961,0,0.0,0,0.0,0,0.0,1.5,4.5,3.0,Aurora Axis,33.22727272727273,EchoSphere Analytics,19.53125,Nimbus Nexus,18.75,Vertex Valley Ventures,3,14.477272727272727,150,750
426,30,30,29,3.049206349206349,0.5822783298807455,0.2672515394494298,-0.8304597805301102,2.221283465212516,0,0.0,0,0.0,0,0.0,2.0,4.333333333333333,2.333333333333333,BlueFern BioTech,24.11111111111111,TitanEdge Consulting,21.875,Apexion Innovations,19.0,HydraFlux Labs,4,5.111111111111111,150,750
427,30,30,30,2.9111616161616163,0.7267870459710877,-0.27270694042522314,-0.9378733410152766,2.3077516472406154,0,0.0,0,0.0,0,0.0,1.5,4.0,2.5,Orion Synergy,21.375,Nimbus Nexus,19.642857142857142,Vertex Valley Ventures,18.545454545454547,HarborWay Holdings,4,2.8295454545454533,150,750
428,30,30,30,3.001997354497355,0.5071043580634721,0.10486312354010427,-0.5427034218322144,2.0192509128388285,1,3.3333333333333335,0,0.0,1,3.3333333333333335,2.0,4.0,2.0,LuxeLoom Enterprises,26.444444444444443,HarborWay Holdings,19.444444444444443,ZenithWorks,18.208333333333332,EverVault Enterprises,4,8.23611111111111,150,750
429,30,30,30,3.1001455026455025,0.6477948595791276,-0.21971984858464685,-0.6433998795491807,2.4220460141423747,0,0.0,0,0.0,0,0.0,1.8,4.333333333333333,2.533333333333333,HarborWay Holdings,25.0,StellarPath Logistics,22.785714285714285,PrismPoint Studios,19.444444444444443,Nimbus Nexus,4,5.555555555555557,150,750
430,30,30,30,2.9194444444444447,0.6991735574170997,0.08574996220822793,-0.2972336446885335,2.4220460141423747,0,0.0,0,0.0,0,0.0,1.5,4.4,2.9000000000000004,Nimbus Nexus,21.09375,DeltaBloom Group,19.53125,FusionBridge Networks,18.857142857142858,Ascendify Technologies,4,2.2366071428571423,150,750
431,30,30,30,3.070119047619047,0.4720258378493487,-0.4338209843750167,-0.7464957951441065,1.8739091031232595,0,0.0,0,0.0,0,0.0,2.0,3.8,1.7999999999999998,HydraFlux Labs,24.11111111111111,Cobalt Circuitry,22.65625,FusionBridge Networks,21.77777777777778,FusionBridge Networks,5,2.333333333333332,150,750
432,30,30,30,2.989166666666667,0.5974294859987584,-0.04985778449718928,-0.07683562054655857,2.1863742176031473,0,0.0,0,0.0,0,0.0,1.6666666666666667,4.4,2.7333333333333334,Ascendify Technologies,21.7,TerraNova Solutions,20.583333333333332,Crimson Arc Media,19.53125,Vertex Valley Ventures,4,2.1687499999999993,150,750
433,30,30,29,3.026204159824849,0.6088046780851116,-0.09272143221971323,-0.21164129888599392,2.281116996741346,0,0.0,0,0.0,0,0.0,1.7142857142857142,4.333333333333333,2.6190476190476186,Vortex Venture Group,24.21875,FusionBridge Networks,23.571428571428573,Aurora Axis,22.475,Orion Synergy,3,1.7437499999999986,150,750
434,30,30,29,3.0591282280937455,0.6287889233824244,-0.11317162614072102,0.21127417257367176,2.330939184260528,2,6.896551724137931,1,3.4482758620689653,1,3.4482758620689653,1.5,4.5,3.0,Aurora Axis,24.727272727272727,Vortex Venture Group,21.214285714285715,Quantum Forge,18.75,Crimson Arc Media,3,5.977272727272727,150,750
435,30,30,30,2.9616666666666664,0.8500343130329112,0.09866816581798911,0.1855357105128146,2.6084088168348627,0,0.0,0,0.0,0,0.0,1.0,5.0,4.0,Apexion Innovations,23.25,LuxeLoom Enterprises,21.0,Cobalt Circuitry,20.8125,Nebula Dynamics,4,2.4375,150,750
436,30,30,30,3.0280555555555555,0.7088771877299695,0.04193713042838012,-0.46788968425112065,2.465714149612614,0,0.0,0,0.0,0,0.0,1.5,4.5,3.0,Aurora Axis,23.333333333333332,HydraFlux Labs,22.0,TerraNova Solutions,21.09375,PeakVista Partners,3,2.239583333333332,150,750
437,30,30,30,2.989087301587302,0.6958580680039921,-0.28273929964749417,-0.4928015970607946,2.449912566762747,0,0.0,0,0.0,0,0.0,1.5,4.333333333333333,2.833333333333333,Cobalt Circuitry,19.642857142857142,ZenithWorks,18.208333333333332,HarborWay Holdings,17.96875,Nimbus Nexus,4,1.6741071428571423,150,750
438,30,30,30,3.024087301587301,0.6519322304779619,-0.616125611715591,-0.04594558201994081,2.333057020150504,1,3.3333333333333335,1,3.3333333333333335,0,0.0,1.3333333333333333,4.0,2.666666666666667,EchoSphere Analytics,22.0,Vertex Valley Ventures,21.875,EverVault Enterprises,20.22222222222222,BlueFern BioTech,3,1.7777777777777786,150,750
439,30,30,30,2.9500396825396824,0.5845316880577677,0.5037969439052697,-0.1643510676547293,2.141742150168196,0,0.0,0,0.0,0,0.0,2.0,4.5,2.5,BlueFern BioTech,21.0,StellarPath Logistics,19.0,LuxeLoom Enterprises,17.1875,TitanEdge Consulting,4,3.8125,150,750
440,30,30,30,2.939365079365079,0.6813576142809844,0.1354078710772795,0.2493188927529486,2.5131060113376824,1,3.3333333333333335,0,0.0,1,3.3333333333333335,1.3333333333333333,4.6,3.2666666666666666,Cobalt Circuitry,21.0,Nimbus Nexus,18.75,ZenithWorks,18.071428571428573,Apexion Innovations,3,2.928571428571427,150,750
441,30,30,30,3.0284259259259256,0.832295829859492,-0.14718698710184594,0.2520641988682102,2.6267696624782513,2,6.666666666666667,1,3.3333333333333335,1,3.3333333333333335,1.0,5.0,4.0,Lumeon Strategies,27.22222222222222,Nebula Dynamics,23.333333333333332,Quantum Forge,17.285714285714285,Ascendify Technologies,3,9.936507936507937,150,750
442,30,30,30,2.985435305435305,0.5929930380841822,-0.15877910638362097,-0.415038715370434,2.130986016947067,7,23.333333333333332,4,13.333333333333334,3,10.0,1.8,4.0,2.2,Magnetar Innovations,26.272727272727273,Nimbus Nexus,22.0,Crimson Arc Media,21.77777777777778,Catalyst Core,3,4.494949494949495,150,750
443,30,30,30,2.9693386243386244,0.6441856246282063,-0.9084498684649815,1.2075078584433676,2.4242103996847297,1,3.3333333333333335,1,3.3333333333333335,0,0.0,1.0,4.0,3.0,Lumeon Strategies,24.88888888888889,TerraNova Solutions,21.875,Aurora Axis,19.642857142857142,FusionBridge Networks,3,5.246031746031747,150,750
444,30,30,30,2.9111075036075036,0.7789189072173325,-0.19371505663880428,-0.5344619967715571,2.3764438290006864,0,0.0,0,0.0,0,0.0,1.0,4.4,3.4000000000000004,PeakVista Partners,26.35,Vortex Venture Group,19.642857142857142,PrismPoint Studios,19.318181818181817,Vertex Valley Ventures,4,7.031818181818185,150,750
445,30,30,30,2.891230158730159,0.7615281555860104,-0.18924347340161343,0.13999313127558954,2.5404333136188195,0,0.0,0,0.0,0,0.0,1.0,4.6,3.5999999999999996,HarborWay Holdings,24.11111111111111,TitanEdge Consulting,22.555555555555557,LuxeLoom Enterprises,19.642857142857142,Vortex Venture Group,3,4.468253968253968,150,750
446,30,30,30,3.0443650793650794,0.8035318587161191,0.13788103618870226,0.8899558174020799,2.43843233544151,4,13.333333333333334,1,3.3333333333333335,3,10.0,1.0,5.0,4.0,BlueFern BioTech,26.35,EverVault Enterprises,24.357142857142858,TitanEdge Consulting,18.857142857142858,Apexion Innovations,3,7.492857142857144,150,750
447,30,30,30,2.9708994708994707,0.4909242052128316,-0.11247890055713805,-0.4732421611100244,1.9700333844140452,0,0.0,0,0.0,0,0.0,2.0,4.0,2.0,Orion Synergy,25.4375,TerraNova Solutions,23.333333333333332,Nimbus Nexus,21.77777777777778,EverVault Enterprises,3,3.6597222222222214,150,750
448,30,30,30,2.8985185185185185,0.6905041040192872,0.13330281512289074,-0.45116338452158944,2.3055872616982604,0,0.0,0,0.0,0,0.0,1.5,4.25,2.75,Lumeon Strategies,21.09375,ZenithWorks,19.444444444444443,Apexion Innovations,17.416666666666668,Quantum Forge,3,3.677083333333332,150,750
449,30,30,30,2.903809523809524,0.6716383151451697,-0.1594798078659637,-0.6296149134964937,2.375279365539379,0,0.0,0,0.0,0,0.0,1.5,4.25,2.75,Magnetar Innovations,21.875,TitanEdge Consulting,21.0,Crimson Arc Media,19.444444444444443,Vortex Venture Group,4,2.430555555555557,150,750
450,30,30,30,2.8919312169312175,0.7040941377200232,-0.27892758071914303,0.22626551478974033,2.415922063835166,1,3.3333333333333335,1,3.3333333333333335,0,0.0,1.0,4.2,3.2,Ascendify Technologies,23.571428571428573,DeltaBloom Group,22.555555555555557,Aurora Axis,18.857142857142858,Aurora Axis,4,4.714285714285715,150,750
451,30,30,30,3.0914682539682543,0.80716709258772,0.5613450185150416,0.5954982770077679,2.4355917460279306,4,13.333333333333334,1,3.3333333333333335,3,10.0,1.3333333333333333,5.0,3.666666666666667,Solaris Systems,28.0,ZenithWorks,21.09375,Cobalt Circuitry,20.925,Apexion Innovations,3,7.074999999999999,150,750
452,30,30,30,3.062698412698413,0.7116479292868431,0.028786600660250284,1.1180116218297425,2.182798115178801,2,6.666666666666667,1,3.3333333333333335,1,3.3333333333333335,1.2,5.0,3.8,PeakVista Partners,22.65625,TitanEdge Consulting,21.214285714285715,LuxeLoom Enterprises,21.09375,TerraNova Solutions,3,1.5625,150,750
453,30,30,30,3.0378968253968255,0.6654366546546896,-0.2715196521650352,-0.16688126161334083,2.3689250793612646,0,0.0,0,0.0,0,0.0,1.5,4.333333333333333,2.833333333333333,Vertex Valley Ventures,21.09375,HydraFlux Labs,20.428571428571427,HarborWay Holdings,18.666666666666668,Orion Synergy,3,2.427083333333332,150,750
454,30,30,30,3.057849927849928,0.7791828532804513,0.07672381813125123,-0.2967350186610975,2.457425813763051,0,0.0,0,0.0,0,0.0,1.3333333333333333,4.666666666666667,3.333333333333334,DeltaBloom Group,30.136363636363637,Cobalt Circuitry,29.291666666666668,Aurora Axis,20.428571428571427,StellarPath Logistics,3,9.70779220779221,150,750
455,30,30,30,3.1369312169312167,0.7713972706687204,0.6858412161930724,0.21014862799532086,2.454773168630612,5,16.666666666666664,1,3.3333333333333335,4,13.333333333333334,1.75,5.0,3.25,DeltaBloom Group,30.225,Catalyst Core,24.21875,BlueFern BioTech,21.77777777777778,Vortex Venture Group,4,8.447222222222223,150,750
456,30,30,29,2.9756033238791857,0.5796594373375134,-0.09424128613066247,-0.5205486729975375,2.1635339093545505,1,3.4482758620689653,0,0.0,1,3.4482758620689653,1.8333333333333333,4.2,2.366666666666667,TerraNova Solutions,24.88888888888889,Crimson Arc Media,24.727272727272727,EchoSphere Analytics,19.791666666666668,PeakVista Partners,3,5.097222222222221,150,750
457,30,30,30,2.9455555555555555,0.7175317073626774,-0.5836504754051614,0.07128049242624979,2.5511894468399485,1,3.3333333333333335,1,3.3333333333333335,0,0.0,1.0,4.0,3.0,Solaris Systems,18.071428571428573,HydraFlux Labs,17.416666666666668,DeltaBloom Group,16.8,Cobalt Circuitry,2,1.2714285714285722,150,750
458,30,30,30,2.96468253968254,0.7693193493438731,-0.25253198722280107,0.3693544366847097,2.303795668197918,2,6.666666666666667,1,3.3333333333333335,1,3.3333333333333335,1.0,4.5,3.5,Vortex Venture Group,21.0,Nimbus Nexus,20.3125,Quantum Forge,16.625,ZenithWorks,2,4.375,150,750
459,30,30,30,3.041349206349207,0.6389503519681098,0.5464687366917276,0.11809772428676535,2.311941547876375,1,3.3333333333333335,0,0.0,1,3.3333333333333335,2.0,4.8,2.8,BlueFern BioTech,30.833333333333332,Catalyst Core,23.4375,HarborWay Holdings,21.875,LuxeLoom Enterprises,3,8.958333333333332,150,750
460,30,30,30,2.9781084656084658,0.705739735301259,-0.3224949300928724,0.6492498161050038,2.4242103996847297,1,3.3333333333333335,1,3.3333333333333335,0,0.0,1.0,4.5,3.5,BlueFern BioTech,21.09375,IronClad Systems,20.22222222222222,Vortex Venture Group,19.0,Quantum Forge,5,2.09375,150,750
461,30,30,30,3.099140211640212,0.8192367563096622,0.5509107187985643,-0.5599286184449577,2.504962048576188,0,0.0,0,0.0,0,0.0,2.0,5.0,3.0,Solaris Systems,22.0,Aurora Axis,19.0,PeakVista Partners,18.857142857142858,HydraFlux Labs,4,3.1428571428571423,150,750
462,30,30,30,3.0339021164021167,0.7008609661904002,0.41498837579002584,-0.28045201708689005,2.2874548350088157,1,3.3333333333333335,0,0.0,1,3.3333333333333335,2.0,4.666666666666667,2.666666666666667,IronClad Systems,27.22222222222222,DeltaBloom Group,22.0,TerraNova Solutions,18.857142857142858,Ascendify Technologies,3,8.365079365079364,150,750
463,30,30,30,2.976269841269841,0.6786994634617004,-0.36758321202789285,-0.5825753887216782,2.4464393446710155,0,0.0,0,0.0,0,0.0,1.5,4.0,2.5,Crimson Arc Media,21.77777777777778,Cobalt Circuitry,21.375,PeakVista Partners,19.444444444444443,Cobalt Circuitry,3,2.3333333333333357,150,750
464,30,30,30,3.0701984126984128,0.6557306313836073,0.23958721085770798,0.5606178938289457,2.4242103996847297,2,6.666666666666667,1,3.3333333333333335,1,3.3333333333333335,1.5,4.666666666666667,3.166666666666667,Solaris Systems,24.8,Orion Synergy,24.21875,LuxeLoom Enterprises,24.025,EverVault Enterprises,3,0.7750000000000021,150,750
465,30,30,28,2.9958191609977325,0.650659436015641,-0.07261321880352338,-0.6539671843630512,2.4132276920698406,0,0.0,0,0.0,0,0.0,1.6,4.25,2.65,FusionBridge Networks,19.642857142857142,EchoSphere Analytics,19.53125,Aurora Axis,18.071428571428573,Vortex Venture Group,3,1.5714285714285694,150,750
466,30,30,30,2.9850925925925926,0.666537982693495,0.07681436764509088,-0.8636494154741174,2.4015152803175135,0,0.0,0,0.0,0,0.0,1.8,4.333333333333333,2.533333333333333,Catalyst Core,22.0,EverVault Enterprises,21.77777777777778,Cobalt Circuitry,21.09375,Quantum Forge,4,0.90625,150,750
467,30,30,30,3.0311111111111106,0.4603865301218769,-0.8361506386857459,1.6615753615473432,1.9232314287976207,1,3.3333333333333335,1,3.3333333333333335,0,0.0,1.6,4.0,2.4,Catalyst Core,25.5,EchoSphere Analytics,18.208333333333332,HarborWay Holdings,18.071428571428573,Solaris Systems,3,7.428571428571427,150,750
468,30,30,30,2.9771031746031746,0.6071247805691627,0.019398410639825756,-0.7164571713887264,2.3764438290006864,0,0.0,0,0.0,0,0.0,1.6666666666666667,4.166666666666667,2.5,StellarPath Logistics,19.53125,PeakVista Partners,19.375,PrismPoint Studios,18.857142857142858,BlueFern BioTech,5,0.6741071428571423,150,750
469,30,30,30,2.9098460798460803,0.7170680537695892,0.21542061722267522,-0.6205807585471872,2.3995812306460644,0,0.0,0,0.0,0,0.0,1.5,4.25,2.75,BlueFern BioTech,27.75,Cobalt Circuitry,22.40909090909091,Nebula Dynamics,21.77777777777778,Catalyst Core,4,5.972222222222221,150,750
470,30,30,29,3.004026720406031,0.6484268789813622,-0.1188341265619927,-0.6685144685308351,2.4007008251675708,0,0.0,0,0.0,0,0.0,1.5,4.0,2.5,ZenithWorks,23.181818181818183,FusionBridge Networks,19.642857142857142,Catalyst Core,18.857142857142858,Nimbus Nexus,4,4.324675324675326,150,750
471,30,30,30,3.009404761904761,0.6556986336906109,-0.36903138934406965,-0.4018121619542563,2.2384323354415097,0,0.0,0,0.0,0,0.0,1.6,4.333333333333333,2.733333333333333,Orion Synergy,21.875,StellarPath Logistics,21.875,Ascendify Technologies,18.208333333333332,IronClad Systems,4,3.666666666666668,150,750
472,30,30,30,2.9398941798941793,0.7155797782003303,-0.6786144953608603,0.2679513491801253,2.383382853628069,1,3.3333333333333335,1,3.3333333333333335,0,0.0,1.0,4.166666666666667,3.166666666666667,ZenithWorks,28.125,Quantum Forge,21.7,HydraFlux Labs,18.666666666666668,IronClad Systems,3,9.458333333333332,150,750
473,30,30,30,3.0910317460317454,0.8109149306131674,0.7276410035541142,-0.3800738740865919,2.5348486136508463,0,0.0,0,0.0,0,0.0,2.0,5.0,3.0,LuxeLoom Enterprises,21.875,Ascendify Technologies,20.925,ZenithWorks,20.428571428571427,Nebula Dynamics,4,1.446428571428573,150,750
474,30,30,30,2.944166666666667,0.7654433174456631,-0.16929926809939597,-0.8433257445011813,2.5575437330180635,0,0.0,0,0.0,0,0.0,1.5,4.333333333333333,2.833333333333333,Lumeon Strategies,19.791666666666668,PeakVista Partners,18.75,DeltaBloom Group,18.208333333333332,EverVault Enterprises,3,1.5833333333333357,150,750
475,30,30,30,3.012195767195767,0.5871498886498682,0.42796109415310357,-0.1624097224535772,2.1819370635467035,0,0.0,0,0.0,0,0.0,2.0,4.5,2.5,Solaris Systems,22.65625,Quantum Forge,22.555555555555557,Nimbus Nexus,22.0,Vertex Valley Ventures,4,0.65625,150,750
476,30,30,30,2.986732804232804,0.7066651965700531,0.08853217705109401,-0.6423577575375266,2.386569246460625,0,0.0,0,0.0,0,0.0,1.5,4.333333333333333,2.833333333333333,Orion Synergy,27.125,Solaris Systems,21.09375,Quantum Forge,18.857142857142858,Ascendify Technologies,3,8.267857142857142,150,750
477,30,30,30,2.9524074074074074,0.5625491116670872,-0.029710520175089277,-0.39576784779148655,2.14197056912214,0,0.0,0,0.0,0,0.0,1.8,4.25,2.45,Vortex Venture Group,24.11111111111111,Magnetar Innovations,21.09375,EverVault Enterprises,17.96875,ZenithWorks,4,6.142361111111111,150,750
478,30,30,30,3.0812301587301585,0.7296233382605314,0.4056311326928937,0.3968724334084892,2.557543733018063,1,3.3333333333333335,0,0.0,1,3.3333333333333335,1.6666666666666667,5.0,3.333333333333333,Catalyst Core,21.7,TerraNova Solutions,21.09375,Magnetar Innovations,20.583333333333332,Nebula Dynamics,4,1.1166666666666671,150,750
479,30,30,30,2.951164021164021,0.6076313950155181,-0.8476074842901845,0.6814238933633403,2.2231543191951553,1,3.3333333333333335,1,3.3333333333333335,0,0.0,1.2,4.0,2.8,Cobalt Circuitry,20.925,StellarPath Logistics,20.3125,Vertex Valley Ventures,20.22222222222222,LuxeLoom Enterprises,4,0.7027777777777793,150,750
480,30,30,28,3.0304988662131516,0.584147835133689,0.45967986758140134,0.08625970593599641,2.2194935020012836,1,3.571428571428571,0,0.0,1,3.571428571428571,2.0,4.5,2.5,Catalyst Core,22.555555555555557,Magnetar Innovations,21.7,Ascendify Technologies,21.214285714285715,StellarPath Logistics,5,1.3412698412698418,150,750
481,30,30,30,3.0155555555555558,0.709641711023733,0.1418119509977242,0.9146269636665476,2.4098036161670766,1,3.3333333333333335,0,0.0,1,3.3333333333333335,1.25,5.0,3.75,Aurora Axis,25.575,DeltaBloom Group,21.0,Ascendify Technologies,20.3125,TerraNova Solutions,3,5.262499999999999,150,750
482,30,30,30,3.0271560846560845,0.7722887490126811,0.06837942291262128,0.0408924620030402,2.54043331361882,0,0.0,0,0.0,0,0.0,1.3333333333333333,5.0,3.666666666666667,Magnetar Innovations,24.88888888888889,Solaris Systems,22.166666666666668,TerraNova Solutions,20.428571428571427,HarborWay Holdings,3,4.460317460317462,150,750
483,30,30,30,2.887883597883598,0.808489715422188,-0.5345906880405223,-0.10868530847847557,2.590759147096384,0,0.0,0,0.0,0,0.0,1.0,4.166666666666667,3.166666666666667,Lumeon Strategies,18.857142857142858,Orion Synergy,18.208333333333332,Aurora Axis,17.416666666666668,Cobalt Circuitry,5,1.4404761904761898,150,750
484,30,30,30,2.8581493506493505,0.743130235525514,-0.40223412978425566,0.2508645154330815,2.40237633194961,1,3.3333333333333335,1,3.3333333333333335,0,0.0,1.0,4.5,3.5,Magnetar Innovations,24.727272727272727,HarborWay Holdings,21.214285714285715,StellarPath Logistics,21.0,TerraNova Solutions,3,3.7272727272727266,150,750
485,30,30,30,2.9627380952380955,0.6755452677135402,-0.15134522592728758,0.3074736505592681,2.236452797660028,4,13.333333333333334,3,10.0,1,3.3333333333333335,1.5,4.6,3.0999999999999996,Ascendify Technologies,25.666666666666668,DeltaBloom Group,19.642857142857142,Solaris Systems,18.75,LuxeLoom Enterprises,3,6.916666666666668,150,750
486,30,30,30,3.0198412698412698,0.7196092259425558,0.27280044603546716,-0.27597835092402523,2.417459319338487,1,3.3333333333333335,0,0.0,1,3.3333333333333335,1.6666666666666667,4.75,3.083333333333333,Quantum Forge,22.65625,Lumeon Strategies,21.77777777777778,Aurora Axis,20.583333333333332,PeakVista Partners,3,2.072916666666668,150,750
487,30,30,30,2.8251587301587295,0.7678782901808829,-0.5546948851428414,-0.7667652918103731,2.399386201788587,0,0.0,0,0.0,0,0.0,1.3333333333333333,4.0,2.666666666666667,Orion Synergy,21.875,DeltaBloom Group,18.75,EverVault Enterprises,18.666666666666668,HydraFlux Labs,3,3.208333333333332,150,750
488,30,30,30,3.0454629629629637,0.7200806938311441,-0.1576061977089272,-0.6840765242131095,2.4438800818774946,0,0.0,0,0.0,0,0.0,1.3333333333333333,4.2,2.866666666666667,ZenithWorks,24.11111111111111,PrismPoint Studios,21.09375,Catalyst Core,21.0,Crimson Arc Media,3,3.1111111111111107,150,750
489,30,30,30,3.0288492063492063,0.720387278484824,0.147684041502033,0.5446910015147202,2.2405512328738317,1,3.3333333333333335,0,0.0,1,3.3333333333333335,1.3333333333333333,5.0,3.666666666666667,FusionBridge Networks,25.575,Catalyst Core,17.96875,Apexion Innovations,17.285714285714285,PeakVista Partners,3,8.289285714285715,150,750
490,30,30,30,3.1246825396825395,0.7557741280487617,0.4121260574432982,-0.06344820682447816,2.5719505165357166,1,3.3333333333333335,0,0.0,1,3.3333333333333335,1.875,5.0,3.125,Nimbus Nexus,25.78125,Solaris Systems,21.0,LuxeLoom Enterprises,19.0,EverVault Enterprises,3,6.78125,150,750
491,30,30,30,2.948809523809524,0.6659593044342195,-0.09084574574972115,-0.9174581567146536,2.4397816466636906,0,0.0,0,0.0,0,0.0,1.6666666666666667,4.0,2.333333333333333,PrismPoint Studios,22.785714285714285,BlueFern BioTech,20.583333333333332,IronClad Systems,18.857142857142858,EchoSphere Analytics,3,3.928571428571427,150,750
492,30,30,30,2.9885978835978833,0.593495207921999,0.7929515353585589,0.48842928294725185,2.1671334858609224,1,3.3333333333333335,0,0.0,1,3.3333333333333335,2.0,4.666666666666667,2.666666666666667,Catalyst Core,21.214285714285715,HarborWay Holdings,20.3125,Quantum Forge,18.75,BlueFern BioTech,4,2.4642857142857153,150,750
493,30,30,30,3.018280423280423,0.6193435557501755,0.1623455308049469,-0.9164955061285394,2.263061504480175,0,0.0,0,0.0,0,0.0,1.8,4.0,2.2,Catalyst Core,20.3125,Magnetar Innovations,20.3125,PrismPoint Studios,19.642857142857142,PeakVista Partners,3,0.6696428571428577,150,750
494,30,30,30,2.90994708994709,0.6972919619333975,-0.5217933324333396,0.17015879639763343,2.4811939311696194,1,3.3333333333333335,1,3.3333333333333335,0,0.0,1.0,4.222222222222222,3.2222222222222223,EchoSphere Analytics,24.025,Nebula Dynamics,20.925,Apexion Innovations,19.642857142857142,Vortex Venture Group,4,4.382142857142856,150,750
495,30,30,30,2.9596560846560847,0.6513553948468728,-0.40830752927512165,-0.5278645931380224,2.3357096652829434,0,0.0,0,0.0,0,0.0,1.6666666666666667,4.0,2.333333333333333,Orion Synergy,25.575,Magnetar Innovations,24.11111111111111,Crimson Arc Media,21.77777777777778,TitanEdge Consulting,4,3.7972222222222207,150,750
496,30,30,30,3.017777777777778,0.5945941702213997,0.21078255427129852,-0.3983008362155491,2.251932579217033,1,3.3333333333333335,0,0.0,1,3.3333333333333335,1.8,4.333333333333333,2.533333333333333,Solaris Systems,21.0,BlueFern BioTech,18.208333333333332,Aurora Axis,18.071428571428573,Orion Synergy,4,2.928571428571427,150,750
497,30,30,30,3.0271693121693124,0.7317353200599374,-0.38029854855026785,0.20721863445787525,2.4980685120588384,0,0.0,0,0.0,0,0.0,1.3333333333333333,4.5,3.166666666666667,TitanEdge Consulting,25.0,Nebula Dynamics,21.77777777777778,PrismPoint Studios,18.857142857142858,Magnetar Innovations,4,6.142857142857142,150,750
498,30,30,30,3.013035113035113,0.6296215229371728,0.00888641024945707,-0.37241301868284893,2.2341969466957172,0,0.0,0,0.0,0,0.0,1.6666666666666667,4.5,2.833333333333333,TitanEdge Consulting,30.136363636363637,DeltaBloom Group,24.11111111111111,Cobalt Circuitry,23.895833333333332,EverVault Enterprises,3,6.2405303030303045,150,750
499,30,30,30,2.9592857142857136,0.6428252784577927,-0.5368376133916074,0.4232703440927086,2.2098036161670764,1,3.3333333333333335,1,3.3333333333333335,0,0.0,1.3333333333333333,4.4,3.0666666666666673,Solaris Systems,20.428571428571427,LuxeLoom Enterprises,18.208333333333332,Ascendify Technologies,17.96875,TitanEdge Consulting,4,2.459821428571427,150,750
500,30,30,30,3.0071296296296297,0.5613357512966473,-0.5389483389336474,0.00972002867694588,1.9614063297218427,1,3.3333333333333335,1,3.3333333333333335,0,0.0,1.6666666666666667,4.2,2.533333333333333,Orion Synergy,24.11111111111111,Nebula Dynamics,19.0,TerraNova Solutions,18.071428571428573,Vertex Valley Ventures,3,6.039682539682538,150,750
501,30,30,30,2.9890608465608466,0.783759953109464,0.44811655395479405,-0.1650693790784059,2.53624341298306,1,3.3333333333333335,0,0.0,1,3.3333333333333335,1.6666666666666667,5.0,3.333333333333333,Cobalt Circuitry,22.555555555555557,HarborWay Holdings,19.0,Apexion Innovations,18.208333333333332,PrismPoint Studios,3,4.347222222222225,150,750
502,30,30,30,2.9644444444444447,0.6937116133301616,-0.435569298538607,-0.169340755568808,2.1594777826895117,3,10.0,3,10.0,0,0.0,1.5,4.2,2.7,Solaris Systems,23.25,StellarPath Logistics,21.0,TerraNova Solutions,20.583333333333332,HydraFlux Labs,3,2.666666666666668,150,750
503,30,30,30,3.02484126984127,0.715455109779326,0.11336138626001646,0.050042142002205026,2.4811939311696194,0,0.0,0,0.0,0,0.0,1.3333333333333333,4.6,3.2666666666666666,LuxeLoom Enterprises,25.575,HarborWay Holdings,22.65625,Cobalt Circuitry,22.0,EchoSphere Analytics,4,3.5749999999999993,150,750
504,30,30,30,3.0597871572871567,0.8215503504321044,-0.23376746810798193,-0.015054643702128612,2.524092480429718,4,13.333333333333334,3,10.0,1,3.3333333333333335,1.5,5.0,3.5,PeakVista Partners,34.875,EverVault Enterprises,26.272727272727273,Nebula Dynamics,18.071428571428573,PeakVista Partners,3,16.803571428571427,150,750
505,30,30,30,3.0604365079365077,0.7940380216057705,0.44101766224294325,0.06692607118890992,2.5546097612655663,2,6.666666666666667,0,0.0,2,6.666666666666667,1.5,5.0,3.5,Apexion Innovations,25.78125,PrismPoint Studios,20.3125,LuxeLoom Enterprises,18.857142857142858,HydraFlux Labs,3,6.924107142857142,150,750
506,30,30,30,2.9104629629629626,0.8118291203012694,-0.30066696166754575,-0.10391337095320718,2.52742132943338,0,0.0,0,0.0,0,0.0,1.0,4.5,3.5,Lumeon Strategies,21.875,LuxeLoom Enterprises,19.444444444444443,PrismPoint Studios,18.75,TitanEdge Consulting,3,3.125,150,750
507,30,30,30,2.9774603174603174,0.6941995214350083,0.7036379378229618,0.7022823005891348,2.3124807982156095,1,3.3333333333333335,0,0.0,1,3.3333333333333335,2.0,5.0,3.0,Catalyst Core,25.4375,Lumeon Strategies,23.333333333333332,Magnetar Innovations,20.3125,HydraFlux Labs,4,5.125,150,750
508,30,30,30,3.035396825396825,0.5938080387620759,0.8382633941080638,1.4201108622513443,2.073766646952153,2,6.666666666666667,0,0.0,2,6.666666666666667,1.8333333333333333,4.666666666666667,2.833333333333334,Quantum Forge,23.333333333333332,LuxeLoom Enterprises,20.3125,HydraFlux Labs,19.791666666666668,Orion Synergy,3,3.5416666666666643,150,750
509,30,30,30,3.108690476190476,0.691872094046313,0.49922480640448896,0.7009907267934143,2.394949047732144,1,3.3333333333333335,0,0.0,1,3.3333333333333335,1.6,5.0,3.4,Crimson Arc Media,24.8,StellarPath Logistics,21.875,EverVault Enterprises,17.6,Crimson Arc Media,4,7.199999999999999,150,750
510,30,30,29,2.993787629994527,0.7168005679609457,-0.4265832778690714,-0.8745749263133824,2.419938774291791,0,0.0,0,0.0,0,0.0,1.6,4.0,2.4,Solaris Systems,24.11111111111111,StellarPath Logistics,20.22222222222222,Nebula Dynamics,19.444444444444443,Nimbus Nexus,3,4.666666666666668,150,750
511,30,30,30,3.060859788359788,0.8549420138323774,-0.3262488184069713,0.3565148195417587,2.6037711312818237,4,13.333333333333334,3,10.0,1,3.3333333333333335,1.0,5.0,4.0,TerraNova Solutions,24.357142857142858,Catalyst Core,21.0,DeltaBloom Group,20.428571428571427,Solaris Systems,3,3.9285714285714306,150,750
512,30,30,30,2.975846560846561,0.6902591242860696,0.30094183702192406,-0.7662880183389067,2.3962578842815194,0,0.0,0,0.0,0,0.0,1.6666666666666667,4.333333333333333,2.666666666666666,StellarPath Logistics,24.11111111111111,Nimbus Nexus,18.208333333333332,HarborWay Holdings,18.071428571428573,IronClad Systems,4,6.039682539682538,150,750
513,30,30,30,3.0553968253968256,0.6335334847037422,0.33283354504688145,-0.4838825450890112,2.311941547876375,0,0.0,0,0.0,0,0.0,2.0,4.6,2.5999999999999996,Nebula Dynamics,29.291666666666668,Vortex Venture Group,19.642857142857142,Quantum Forge,18.208333333333332,Magnetar Innovations,4,11.083333333333336,150,750
514,30,30,30,2.936944444444444,0.7221638614567712,0.23159285003532973,-0.5651047790192489,2.4892464285091584,0,0.0,0,0.0,0,0.0,1.5,4.5,3.0,Crimson Arc Media,22.0,Vertex Valley Ventures,18.857142857142858,TerraNova Solutions,18.071428571428573,Vortex Venture Group,3,3.928571428571427,150,750
515,30,30,30,2.9992255892255897,0.5658792618328911,-0.2615411115938597,-0.27667729374005656,2.222815600352516,0,0.0,0,0.0,0,0.0,1.75,4.25,2.5,LuxeLoom Enterprises,24.727272727272727,HydraFlux Labs,24.11111111111111,PeakVista Partners,22.40909090909091,HarborWay Holdings,3,2.3181818181818166,150,750
516,30,30,30,2.9716534391534397,0.6084472335907362,0.20163581049847695,-0.8230901431478213,2.206238928653389,0,0.0,0,0.0,0,0.0,2.0,4.25,2.25,LuxeLoom Enterprises,24.11111111111111,Ascendify Technologies,23.333333333333332,Quantum Forge,21.09375,Nebula Dynamics,4,3.0173611111111107,150,750
517,30,30,30,3.0297751322751325,0.6853268541873657,-0.004007671898371524,-0.7975008730149749,2.4131324651707384,0,0.0,0,0.0,0,0.0,1.75,4.4,2.6500000000000004,Orion Synergy,25.78125,Crimson Arc Media,24.11111111111111,Ascendify Technologies,24.11111111111111,EchoSphere Analytics,4,1.6701388888888893,150,750
518,30,30,30,3.0174867724867727,0.5756127211581632,-0.07030262095842146,-0.6312267235515394,2.0660528684552535,0,0.0,0,0.0,0,0.0,2.0,4.2,2.2,Vortex Venture Group,28.520833333333332,Nebula Dynamics,22.65625,HydraFlux Labs,19.444444444444443,EverVault Enterprises,3,9.07638888888889,150,750
519,30,30,30,2.9066666666666663,0.7769928241267329,-0.10391562747246204,-0.5729196281647018,2.552584246172162,0,0.0,0,0.0,0,0.0,1.3333333333333333,4.5,3.166666666666667,BlueFern BioTech,22.555555555555557,Aurora Axis,20.428571428571427,LuxeLoom Enterprises,19.642857142857142,Cobalt Circuitry,3,2.912698412698415,150,750
520,30,30,30,3.0590019240019246,0.7507486486012156,0.44981030380325754,-0.8987612786825143,2.452702165427174,0,0.0,0,0.0,0,0.0,2.0,4.5,2.5,IronClad Systems,29.363636363636363,Lumeon Strategies,23.333333333333332,PeakVista Partners,20.428571428571427,Nimbus Nexus,2,8.935064935064936,150,750
521,30,30,30,2.9391137566137564,0.690355746377451,-0.6021760254303703,0.7924753992580755,2.2392933870736065,1,3.3333333333333335,1,3.3333333333333335,0,0.0,1.0,4.333333333333333,3.333333333333333,Quantum Forge,24.025,Vertex Valley Ventures,23.333333333333332,HarborWay Holdings,21.77777777777778,HydraFlux Labs,3,2.24722222222222,150,750
522,30,30,30,3.008716931216932,0.5599012431379405,-0.545936569780017,0.30596404902536145,2.181650569267271,2,6.666666666666667,2,6.666666666666667,0,0.0,1.6666666666666667,4.0,2.333333333333333,Magnetar Innovations,21.77777777777778,LuxeLoom Enterprises,21.7,DeltaBloom Group,21.09375,DeltaBloom Group,4,0.6840277777777786,150,750
523,30,30,30,3.1065079365079367,0.7372596866457816,0.3319294241728769,0.08053130829963351,2.4125932148315044,1,3.3333333333333335,0,0.0,1,3.3333333333333335,1.7,5.0,3.3,Quantum Forge,33.325,LuxeLoom Enterprises,21.0,DeltaBloom Group,19.642857142857142,BlueFern BioTech,3,13.68214285714286,150,750
524,30,30,30,3.015132275132275,0.7306443040723538,0.5349053309713866,0.0835192101794675,2.4668786130739218,1,3.3333333333333335,0,0.0,1,3.3333333333333335,1.8333333333333333,5.0,3.166666666666667,EchoSphere Analytics,21.7,Cobalt Circuitry,19.791666666666668,FusionBridge Networks,17.416666666666668,Catalyst Core,2,4.283333333333331,150,750
525,30,30,30,3.0031746031746036,0.7383848851372455,-0.4725095762920093,0.6712969926771462,2.557543733018063,1,3.3333333333333335,1,3.3333333333333335,0,0.0,1.0,4.5,3.5,LuxeLoom Enterprises,31.775,EverVault Enterprises,21.09375,Aurora Axis,19.642857142857142,LuxeLoom Enterprises,3,12.132142857142856,150,750
526,30,30,29,3.05303776683087,0.7196215308118517,0.7469371763502678,0.8820183403711841,2.326052651499277,5,17.24137931034483,2,6.896551724137931,3,10.344827586206897,1.75,5.0,3.25,Ascendify Technologies,22.354166666666668,TerraNova Solutions,21.875,PrismPoint Studios,19.53125,Apexion Innovations,4,2.822916666666668,150,750
527,30,30,30,2.928492063492064,0.6393125661483902,-0.41140389128010035,-0.3908672338892418,2.3431369495004097,0,0.0,0,0.0,0,0.0,1.5,4.0,2.5,IronClad Systems,24.88888888888889,Catalyst Core,23.125,HarborWay Holdings,21.77777777777778,Aurora Axis,3,3.1111111111111107,150,750
528,30,30,30,3.0733201058201063,0.6659385328531806,0.40922575754005514,0.717036197806546,2.442622236077269,1,3.3333333333333335,0,0.0,1,3.3333333333333335,1.8333333333333333,5.0,3.166666666666667,Orion Synergy,28.77777777777778,HydraFlux Labs,21.214285714285715,Nebula Dynamics,19.791666666666668,Aurora Axis,3,8.98611111111111,150,750
529,30,30,30,2.988571428571428,0.7198626595936538,-0.35975939676585234,0.21566685534624686,2.38054226421449,0,0.0,0,0.0,0,0.0,1.0,4.333333333333333,3.333333333333333,HydraFlux Labs,25.666666666666668,Catalyst Core,21.09375,TerraNova Solutions,18.208333333333332,FusionBridge Networks,5,7.458333333333336,150,750
530,30,30,30,3.006693121693121,0.5723633845113971,-0.05627513410843066,-0.5785284246997691,2.186035498760508,0,0.0,0,0.0,0,0.0,1.75,4.2,2.45,Crimson Arc Media,24.11111111111111,Catalyst Core,23.333333333333332,ZenithWorks,22.0,EchoSphere Analytics,4,2.1111111111111107,150,750
531,30,30,30,2.9371693121693125,0.6532930480575708,0.12826250941945788,-0.8615330348950918,2.3587081964793706,0,0.0,0,0.0,0,0.0,1.75,4.25,2.5,Crimson Arc Media,24.8,BlueFern BioTech,21.214285714285715,Nebula Dynamics,20.3125,Aurora Axis,3,4.487500000000001,150,750
532,30,30,30,3.0116269841269836,0.7423497251629338,0.06096267532317482,1.3390379457978598,2.372253928364927,2,6.666666666666667,1,3.3333333333333335,1,3.3333333333333335,1.0,5.0,4.0,BlueFern BioTech,24.8,Nebula Dynamics,19.53125,PeakVista Partners,18.857142857142858,HydraFlux Labs,3,5.942857142857143,150,750
533,30,30,30,2.9079497354497352,0.7250854523980628,-0.40056052099059636,0.3332262865455693,2.3731149799970237,1,3.3333333333333335,1,3.3333333333333335,0,0.0,1.0,4.2,3.2,FusionBridge Networks,19.791666666666668,Crimson Arc Media,18.071428571428573,Magnetar Innovations,17.88888888888889,IronClad Systems,4,1.9027777777777786,150,750
534,30,30,30,3.064810004810005,0.7598252424582742,1.0511566372871635,0.7328452547864615,2.226281402888167,2,6.666666666666667,0,0.0,2,6.666666666666667,2.0,5.0,3.0,PrismPoint Studios,21.875,Aurora Axis,20.09090909090909,Vortex Venture Group,19.444444444444443,Lumeon Strategies,3,2.430555555555557,150,750
535,30,30,30,3.053669108669108,0.7190282871927871,1.0357068392396278,1.2155243435150105,2.097534764358721,2,6.666666666666667,0,0.0,2,6.666666666666667,2.0,5.0,3.0,Magnetar Innovations,26.923076923076923,Catalyst Core,24.11111111111111,Cobalt Circuitry,20.22222222222222,Solaris Systems,2,6.700854700854702,150,750
536,30,30,30,3.0859126984126988,0.6571772250138052,0.7111774728501137,0.5913799169700553,2.303889050536836,1,3.3333333333333335,0,0.0,1,3.3333333333333335,2.0,5.0,3.0,Cobalt Circuitry,23.25,Nimbus Nexus,21.214285714285715,Vertex Valley Ventures,20.15,Nebula Dynamics,3,3.1000000000000014,150,750
537,30,30,30,3.009748677248678,0.6005140927954801,0.05054931165709019,-1.010534548708537,2.30558726169826,0,0.0,0,0.0,0,0.0,1.75,4.0,2.25,Orion Synergy,21.875,Apexion Innovations,21.09375,StellarPath Logistics,16.625,Lumeon Strategies,3,5.25,150,750
538,30,30,30,2.9766402116402118,0.7330587948200522,-0.14021213685653552,1.3152273065099553,2.3791474648822764,2,6.666666666666667,1,3.3333333333333335,1,3.3333333333333335,1.0,5.0,4.0,Ascendify Technologies,25.666666666666668,Crimson Arc Media,20.22222222222222,HarborWay Holdings,19.53125,Crimson Arc Media,4,6.135416666666668,150,750
539,30,30,30,3.0757142857142856,0.6999448336970555,0.3669668747772126,-0.20931323586764838,2.4565647621309536,0,0.0,0,0.0,0,0.0,1.8,4.666666666666667,2.866666666666667,Crimson Arc Media,28.0,BlueFern BioTech,18.071428571428573,PeakVista Partners,17.285714285714285,FusionBridge Networks,4,10.714285714285715,150,750
540,30,30,30,3.0609920634920638,0.8109409679670505,-0.03600430526742237,-0.04635447194777287,2.5348486136508463,1,3.3333333333333335,0,0.0,1,3.3333333333333335,1.5,5.0,3.5,Cobalt Circuitry,21.375,Quantum Forge,19.791666666666668,Lumeon Strategies,19.791666666666668,DeltaBloom Group,3,1.5833333333333321,150,750
541,30,30,29,3.1138752052545158,0.7040731525977235,0.19033026996663602,0.34912095541473365,2.439395978320068,2,6.896551724137931,1,3.4482758620689653,1,3.4482758620689653,1.4,4.666666666666667,3.266666666666667,Solaris Systems,23.4375,TerraNova Solutions,23.333333333333332,StellarPath Logistics,21.7,Magnetar Innovations,3,1.7375000000000007,150,750
542,30,30,30,3.0674867724867725,0.7371087303751636,0.5005819228372219,-0.5241408003366299,2.560102995811584,0,0.0,0,0.0,0,0.0,1.8,4.666666666666667,2.866666666666667,Aurora Axis,21.875,PeakVista Partners,21.77777777777778,Magnetar Innovations,19.642857142857142,LuxeLoom Enterprises,3,2.2321428571428577,150,750
543,30,30,30,3.046719576719577,0.6935750789054241,0.033745057254845,-0.5630670988819988,2.519368832093841,0,0.0,0,0.0,0,0.0,1.5,4.5,3.0,Solaris Systems,27.125,HydraFlux Labs,20.3125,EchoSphere Analytics,19.642857142857142,Solaris Systems,4,7.482142857142858,150,750
544,30,30,30,2.958581048581048,0.7051079259430035,-0.9293817476942331,0.3495680311012763,2.2131324651707387,3,10.0,3,10.0,0,0.0,1.0,4.0,3.0,EchoSphere Analytics,23.571428571428573,Nimbus Nexus,20.22222222222222,Vortex Venture Group,19.791666666666668,Vortex Venture Group,5,3.779761904761905,150,750
545,30,30,29,2.9667301089714884,0.6380947137030549,0.5038913641163362,-0.37911160330961646,2.3149256171325914,1,3.4482758620689653,0,0.0,1,3.4482758620689653,2.0,4.5,2.5,EverVault Enterprises,25.5,BlueFern BioTech,23.4375,Nebula Dynamics,20.09090909090909,Crimson Arc Media,2,5.40909090909091,150,750
546,30,30,30,2.984854497354497,0.7324935645263038,-0.5137102391639966,-0.13234394818909445,2.3445317488326234,0,0.0,0,0.0,0,0.0,1.0,4.0,3.0,Magnetar Innovations,25.0,FusionBridge Networks,22.475,Aurora Axis,19.0,Magnetar Innovations,3,6.0,150,750
547,30,30,30,3.050833333333334,0.6755649877851045,0.46299501257733644,-0.7174835732635017,2.4043103816210585,0,0.0,0,0.0,0,0.0,2.0,4.666666666666667,2.666666666666667,Apexion Innovations,25.5,PrismPoint Studios,21.875,Nebula Dynamics,21.09375,Vertex Valley Ventures,5,4.40625,150,750
548,30,30,30,3.0607936507936504,0.6526354309987397,-0.2898044279944718,-0.9542788061494272,2.343762162622482,0,0.0,0,0.0,0,0.0,1.7142857142857142,4.0,2.2857142857142856,Nimbus Nexus,23.571428571428573,Nebula Dynamics,23.333333333333332,Cobalt Circuitry,21.214285714285715,Orion Synergy,3,2.3571428571428577,150,750
549,30,30,30,3.0259523809523814,0.6614916348054687,0.7950474970809351,0.17677785688784287,2.235591746027931,0,0.0,0,0.0,0,0.0,2.0,4.666666666666667,2.666666666666667,Apexion Innovations,23.333333333333332,IronClad Systems,20.3125,TerraNova Solutions,19.642857142857142,Quantum Forge,3,3.69047619047619,150,750
550,30,30,30,3.101031746031746,0.7928274538827055,0.21766170661183712,-1.0328641410310735,2.5730235145750684,0,0.0,0,0.0,0,0.0,1.75,4.5,2.75,Solaris Systems,22.65625,PrismPoint Studios,21.214285714285715,Quantum Forge,20.428571428571427,HarborWay Holdings,6,2.227678571428573,150,750
551,30,30,30,3.0826851851851855,0.7048369347553631,0.19986816118262776,0.13668134301822166,2.4178561135066152,1,3.3333333333333335,0,0.0,1,3.3333333333333335,1.75,5.0,3.25,TerraNova Solutions,24.88888888888889,IronClad Systems,24.21875,Crimson Arc Media,21.77777777777778,DeltaBloom Group,3,3.1111111111111107,150,750
552,30,30,30,2.9567063492063497,0.6463553031743046,0.3215652970956668,-0.15164426313766954,2.222815600352516,0,0.0,0,0.0,0,0.0,2.0,4.666666666666667,2.666666666666667,BlueFern BioTech,30.0625,TerraNova Solutions,21.214285714285715,Catalyst Core,20.15,Vertex Valley Ventures,4,9.912500000000001,150,750
553,30,30,30,2.988835978835979,0.6171803657104478,0.19454835323863648,0.1519397178842925,2.195625251603367,3,10.0,1,3.3333333333333335,2,6.666666666666667,1.5,4.25,2.75,Nimbus Nexus,21.77777777777778,PeakVista Partners,18.75,Vertex Valley Ventures,16.625,Lumeon Strategies,3,5.152777777777779,150,750
554,30,30,30,2.866683501683502,0.8950694139545463,-0.14405765502331142,0.3171431037209591,2.621276427932233,3,10.0,2,6.666666666666667,1,3.3333333333333335,1.0,5.0,4.0,Catalyst Core,23.181818181818183,Orion Synergy,19.0,LuxeLoom Enterprises,18.75,EverVault Enterprises,3,4.431818181818183,150,750
555,30,30,30,3.0277777777777777,0.7624046186042788,0.2589216768943169,0.04699458557257019,2.4419460322060456,1,3.3333333333333335,0,0.0,1,3.3333333333333335,1.5,5.0,3.5,EverVault Enterprises,21.875,PrismPoint Studios,21.0,Quantum Forge,19.53125,Cobalt Circuitry,3,2.34375,150,750
556,30,30,30,2.9941005291005287,0.7378766156091584,-0.0395849808042625,-0.6804996035311768,2.5647351787255053,0,0.0,0,0.0,0,0.0,1.6666666666666667,4.5,2.833333333333333,EverVault Enterprises,24.11111111111111,Ascendify Technologies,19.444444444444443,Catalyst Core,18.666666666666668,Vertex Valley Ventures,4,5.444444444444443,150,750
557,30,30,30,2.9942063492063493,0.5822418305624731,-0.26965375497378014,-0.5283025699733814,2.280797137001491,0,0.0,0,0.0,0,0.0,1.6666666666666667,4.0,2.333333333333333,Apexion Innovations,21.875,Nebula Dynamics,21.0,StellarPath Logistics,21.0,Magnetar Innovations,3,0.875,150,750
558,30,30,30,2.9215740740740737,0.7879636212296506,0.19289640010892803,0.23184968014380125,2.6023763319496096,1,3.3333333333333335,0,0.0,1,3.3333333333333335,1.3333333333333333,5.0,3.666666666666667,LuxeLoom Enterprises,23.895833333333332,BlueFern BioTech,19.791666666666668,Quantum Forge,19.444444444444443,HydraFlux Labs,4,4.451388888888889,150,750
559,30,30,30,2.9456746031746026,0.7815885235329505,-0.38867878360219105,-0.14747453639942254,2.4220460141423747,0,0.0,0,0.0,0,0.0,1.0,4.25,3.25,HydraFlux Labs,22.475,HarborWay Holdings,21.214285714285715,Lumeon Strategies,17.285714285714285,EverVault Enterprises,4,5.189285714285717,150,750
560,30,30,30,3.0305555555555554,0.6392488633915924,-0.191545722902842,-1.0014999429811178,2.3893643477641704,0,0.0,0,0.0,0,0.0,1.8333333333333333,4.0,2.166666666666667,TerraNova Solutions,26.979166666666668,Lumeon Strategies,21.0,LuxeLoom Enterprises,19.791666666666668,Aurora Axis,3,7.1875,150,750
561,30,30,30,2.9839417989417987,0.7095261378976903,-0.5329934157483005,0.15914248864626312,2.3431369495004093,0,0.0,0,0.0,0,0.0,1.0,4.2,3.2,Cobalt Circuitry,22.555555555555557,FusionBridge Networks,19.0,Aurora Axis,18.071428571428573,ZenithWorks,5,4.484126984126984,150,750
562,30,30,29,3.0246579091406676,0.6360547114147609,-0.23133508741734152,-0.06788619277275165,2.305294227677663,4,13.793103448275861,3,10.344827586206897,1,3.4482758620689653,1.5,4.333333333333333,2.833333333333333,TitanEdge Consulting,26.444444444444443,Apexion Innovations,25.0,HydraFlux Labs,20.3125,PeakVista Partners,3,6.131944444444443,150,750
563,30,30,29,2.914778325123153,0.711754238638269,-0.7947622540475914,0.2605501897043685,2.49434866947294,1,3.4482758620689653,1,3.4482758620689653,0,0.0,1.0,4.0,3.0,FusionBridge Networks,27.75,DeltaBloom Group,24.025,Vortex Venture Group,20.428571428571427,BlueFern BioTech,4,7.321428571428573,150,750
564,30,30,29,2.956226053639847,0.7175058406158114,0.4103471893609387,-0.8906556147128346,2.228165046627903,0,0.0,0,0.0,0,0.0,2.0,4.4,2.4000000000000004,EchoSphere Analytics,23.25,Nebula Dynamics,21.77777777777778,LuxeLoom Enterprises,19.0,Solaris Systems,3,4.25,150,750
565,30,30,30,2.9434126984126983,0.6337810010317708,-0.23594142301334023,-0.010770320215887974,2.263061504480175,0,0.0,0,0.0,0,0.0,1.3333333333333333,4.25,2.916666666666667,TerraNova Solutions,19.642857142857142,Nimbus Nexus,19.53125,TitanEdge Consulting,18.666666666666668,Vortex Venture Group,4,0.9761904761904745,150,750
566,30,30,30,3.092611832611832,0.7246989518943535,-0.09929259649269562,-0.01139295437641552,2.492041529812704,0,0.0,0,0.0,0,0.0,1.5,4.666666666666667,3.166666666666667,Crimson Arc Media,30.136363636363637,EchoSphere Analytics,22.65625,Quantum Forge,21.09375,PrismPoint Studios,3,9.042613636363637,150,750
567,30,30,30,3.00419191919192,0.7674081816833592,-0.38366521604049736,0.3355230203856294,2.6396901812417353,1,3.3333333333333335,1,3.3333333333333335,0,0.0,1.0,4.666666666666667,3.666666666666667,IronClad Systems,26.272727272727273,EverVault Enterprises,24.8,PrismPoint Studios,24.025,FusionBridge Networks,4,2.247727272727275,150,750
568,30,30,30,2.9395899470899476,0.7496119603327298,-0.2002707302405332,-0.08540544208532497,2.466247897312731,0,0.0,0,0.0,0,0.0,1.0,4.5,3.5,Vortex Venture Group,20.428571428571427,Lumeon Strategies,19.642857142857142,TerraNova Solutions,18.857142857142858,Magnetar Innovations,6,1.5714285714285694,150,750
569,30,30,30,2.963425925925926,0.8033555793668598,-0.03470129979043876,0.2504148223863134,2.5622673813539394,1,3.3333333333333335,0,0.0,1,3.3333333333333335,1.2,5.0,3.8,TitanEdge Consulting,22.65625,BlueFern BioTech,19.53125,Nimbus Nexus,19.2,LuxeLoom Enterprises,3,3.4562500000000007,150,750
570,30,30,30,2.917936507936508,0.688623292313527,-0.5681453192563838,0.7069851315467721,2.1412943652509164,1,3.3333333333333335,1,3.3333333333333335,0,0.0,1.0,4.5,3.5,ZenithWorks,24.21875,Solaris Systems,19.791666666666668,Nebula Dynamics,19.444444444444443,TitanEdge Consulting,3,4.774305555555557,150,750
571,30,30,30,2.8201322751322753,0.9080408300995964,-0.38022312924754353,-0.26606681595976545,2.711080496244278,0,0.0,0,0.0,0,0.0,1.0,4.6,3.5999999999999996,Orion Synergy,23.25,EchoSphere Analytics,20.22222222222222,DeltaBloom Group,18.857142857142858,BlueFern BioTech,3,4.392857142857142,150,750
572,30,30,30,2.9923015873015877,0.5220847988239203,0.8203243928925661,-0.008365122706943673,1.8983958159908185,0,0.0,0,0.0,0,0.0,2.2,4.25,2.05,Catalyst Core,20.428571428571427,PeakVista Partners,17.1875,Cobalt Circuitry,16.625,Apexion Innovations,4,3.803571428571427,150,750
573,30,30,30,2.945079365079365,0.7556504319960581,-0.22601880546718067,-0.4508679705915606,2.5851744471284115,0,0.0,0,0.0,0,0.0,1.3333333333333333,4.285714285714286,2.9523809523809526,Solaris Systems,26.444444444444443,Vortex Venture Group,22.555555555555557,Ascendify Technologies,21.0,BlueFern BioTech,3,5.444444444444443,150,750
574,30,30,29,3.123426382047072,0.858834957863058,0.5195453205052504,0.08662998283412371,2.583009669229741,4,13.793103448275861,1,3.4482758620689653,3,10.344827586206897,1.4,5.0,3.6,ZenithWorks,22.785714285714285,BlueFern BioTech,22.0,HarborWay Holdings,19.444444444444443,FusionBridge Networks,3,3.341269841269842,150,750
575,30,30,30,3.040383597883598,0.7303597871571827,0.0818178380070373,-0.40394694742787296,2.5601029958115844,0,0.0,0,0.0,0,0.0,1.6666666666666667,4.5,2.833333333333333,Vertex Valley Ventures,24.11111111111111,Vortex Venture Group,22.0,StellarPath Logistics,20.428571428571427,IronClad Systems,2,3.6825396825396837,150,750
576,30,30,30,2.929285714285714,0.7634617399845632,-0.44440556862812775,0.2193820815830092,2.5860354987605083,2,6.666666666666667,1,3.3333333333333335,1,3.3333333333333335,1.0,4.5,3.5,Magnetar Innovations,23.333333333333332,Orion Synergy,23.25,PrismPoint Studios,21.875,Magnetar Innovations,3,1.4583333333333321,150,750
577,30,30,30,3.0329437229437226,0.5612820958525261,0.7838157849055567,0.8191499055286395,2.1474638036681575,1,3.3333333333333335,0,0.0,1,3.3333333333333335,2.0,4.666666666666667,2.666666666666667,HarborWay Holdings,29.363636363636363,PrismPoint Studios,22.475,Cobalt Circuitry,17.1875,Vertex Valley Ventures,4,12.176136363636363,150,750
578,30,30,30,2.907099567099567,0.6937946970296084,-0.052678293760279084,-0.5341621711723614,2.481193931169619,0,0.0,0,0.0,0,0.0,1.3333333333333333,4.333333333333333,3.0,EchoSphere Analytics,19.318181818181817,Vertex Valley Ventures,18.6,PeakVista Partners,18.208333333333332,Cobalt Circuitry,4,1.1098484848484844,150,750
579,30,30,30,2.988412698412699,0.5536229651153837,-0.6837097549035112,0.46089776868511745,2.1309860169470665,2,6.666666666666667,2,6.666666666666667,0,0.0,1.6,4.0,2.4,FusionBridge Networks,24.025,DeltaBloom Group,23.25,EchoSphere Analytics,18.857142857142858,EverVault Enterprises,4,5.167857142857141,150,750
580,30,30,30,2.9639285714285717,0.5677043944505433,0.42391827275937416,-0.7132053325408632,2.1921594490677156,0,0.0,0,0.0,0,0.0,2.0,4.25,2.25,HydraFlux Labs,19.642857142857142,Vortex Venture Group,19.642857142857142,EchoSphere Analytics,18.071428571428573,IronClad Systems,3,1.5714285714285694,150,750
581,30,30,29,2.9336281534557394,0.7356632927814829,-0.3135996131509731,0.6782804451004414,2.3999047015019075,1,3.4482758620689653,1,3.4482758620689653,0,0.0,1.0,4.666666666666667,3.666666666666667,Magnetar Innovations,29.363636363636363,Nebula Dynamics,23.333333333333332,Catalyst Core,21.09375,PeakVista Partners,4,8.269886363636363,150,750
582,30,30,30,2.9685545935545936,0.6297872524104549,-0.3760346007462997,-0.19934417932566273,2.333057020150504,1,3.3333333333333335,1,3.3333333333333335,0,0.0,1.5,4.0,2.5,HydraFlux Labs,21.77777777777778,Apexion Innovations,21.375,Orion Synergy,19.318181818181817,FusionBridge Networks,3,2.459595959595962,150,750
583,30,30,30,3.1109126984126982,0.7360635814458999,0.10652172232159372,-0.47553973544685,2.5819370635467043,0,0.0,0,0.0,0,0.0,1.625,4.666666666666667,3.041666666666667,PrismPoint Studios,27.34375,Vortex Venture Group,21.09375,Magnetar Innovations,18.857142857142858,BlueFern BioTech,4,8.486607142857142,150,750
584,30,30,29,3.0969243400277886,0.7173930419449717,-0.36265613578955097,1.049493645561527,2.468870218743287,1,3.4482758620689653,1,3.4482758620689653,0,0.0,1.0,4.5,3.5,Orion Synergy,36.15384615384615,FusionBridge Networks,24.025,Nebula Dynamics,24.025,StellarPath Logistics,4,12.128846153846155,150,750
585,30,30,30,2.9814947089947093,0.6403249862768488,-0.7705866060665749,0.0763414570251526,2.2660528684552537,1,3.3333333333333335,1,3.3333333333333335,0,0.0,1.3333333333333333,4.0,2.666666666666667,HarborWay Holdings,22.0,IronClad Systems,19.53125,EchoSphere Analytics,19.444444444444443,Ascendify Technologies,3,2.555555555555557,150,750
586,30,30,30,2.932116402116402,0.6861163128422085,-0.385752759136725,-0.47328787764412805,2.4737666469521526,0,0.0,0,0.0,0,0.0,1.3333333333333333,4.0,2.666666666666667,TerraNova Solutions,18.208333333333332,ZenithWorks,18.071428571428573,Nimbus Nexus,16.625,Lumeon Strategies,3,1.5833333333333321,150,750
587,30,30,30,2.964391534391534,0.5955418883785817,0.26232076750432337,-0.3121102426921416,2.0956007146872726,0,0.0,0,0.0,0,0.0,2.0,4.5,2.5,FusionBridge Networks,20.428571428571427,Nebula Dynamics,20.15,Cobalt Circuitry,18.75,Orion Synergy,3,1.678571428571427,150,750
588,30,30,30,3.07531746031746,0.655735346612624,-0.04680374608033706,-0.5574876228047811,2.1219280948873624,0,0.0,0,0.0,0,0.0,1.5,4.4,2.9000000000000004,Catalyst Core,23.4375,PeakVista Partners,23.333333333333332,Quantum Forge,23.333333333333332,HarborWay Holdings,2,0.10416666666666785,150,750
589,30,30,30,3.0366666666666666,0.8545508869827079,0.06008665635886623,-0.6493873077605286,2.668273412406135,0,0.0,0,0.0,0,0.0,1.4,4.75,3.35,Orion Synergy,23.4375,TitanEdge Consulting,21.375,HarborWay Holdings,19.0,IronClad Systems,3,4.4375,150,750
590,30,30,30,3.002415824915825,0.7430972888514381,0.13819058849841515,1.1441935987958693,2.440551232873832,2,6.666666666666667,1,3.3333333333333335,1,3.3333333333333335,1.0,5.0,4.0,HarborWay Holdings,28.59090909090909,Nebula Dynamics,20.3125,Catalyst Core,19.53125,Magnetar Innovations,3,9.05965909090909,150,750
591,30,30,30,2.970608465608466,0.7848461676664432,-0.47796026485646786,1.4241906802688966,2.271114001819714,3,10.0,2,6.666666666666667,1,3.3333333333333335,1.0,5.0,4.0,StellarPath Logistics,25.575,FusionBridge Networks,21.09375,Catalyst Core,20.22222222222222,PrismPoint Studios,4,5.352777777777778,150,750
592,30,30,30,3.013465608465608,0.7230326499349667,-0.3379152404468887,0.3750001839365722,2.4027150507922492,3,10.0,2,6.666666666666667,1,3.3333333333333335,1.25,4.666666666666667,3.416666666666667,ZenithWorks,28.0,Apexion Innovations,21.09375,Orion Synergy,20.3125,LuxeLoom Enterprises,4,7.6875,150,750
593,30,30,30,3.0341666666666667,0.7671053382438471,0.0812828931402607,-0.9430668553229014,2.573884566207165,0,0.0,0,0.0,0,0.0,1.5,4.5,3.0,EverVault Enterprises,32.375,IronClad Systems,24.21875,Magnetar Innovations,18.208333333333332,Crimson Arc Media,6,14.166666666666668,150,750
594,30,30,30,3.104054834054834,0.7007235806789986,1.1510615228636034,1.2890336453583355,2.3038890505368355,2,6.666666666666667,0,0.0,2,6.666666666666667,2.0,5.0,3.0,PrismPoint Studios,29.363636363636363,Vertex Valley Ventures,18.75,Aurora Axis,17.416666666666668,IronClad Systems,4,11.946969696969695,150,750
595,30,30,29,2.949824887755922,0.8164883521632336,0.07905797271528724,-0.3721706185490037,2.6800065310334285,0,0.0,0,0.0,0,0.0,1.3333333333333333,4.6,3.2666666666666666,ZenithWorks,27.045454545454547,DeltaBloom Group,26.923076923076923,Solaris Systems,24.025,Aurora Axis,2,3.020454545454548,150,750
596,30,30,30,2.96095238095238,0.639983022497794,-0.3766084557286286,0.1281886290961598,2.315270396880037,1,3.3333333333333335,1,3.3333333333333335,0,0.0,1.25,4.2,2.95,Vortex Venture Group,21.09375,IronClad Systems,19.53125,Cobalt Circuitry,19.53125,TitanEdge Consulting,4,1.5625,150,750
597,30,30,30,2.9649867724867724,0.6301912123901247,0.28019227401090036,-0.3185875621702037,2.396883097403592,0,0.0,0,0.0,0,0.0,1.8,4.5,2.7,Cobalt Circuitry,26.444444444444443,Vortex Venture Group,21.77777777777778,Vertex Valley Ventures,18.857142857142858,Magnetar Innovations,3,7.587301587301585,150,750
598,30,30,30,3.0110221260221257,0.6461641173730616,-0.05604955104537044,-0.23707689638587137,2.3077516472406154,1,3.3333333333333335,1,3.3333333333333335,0,0.0,1.6,4.333333333333333,2.733333333333333,HydraFlux Labs,28.0,Cobalt Circuitry,23.181818181818183,Apexion Innovations,21.77777777777778,Nebula Dynamics,3,6.222222222222221,150,750
599,30,30,30,2.9000661375661374,0.7935336030100604,-0.6161743227624776,0.23934050396853568,2.5423673632902686,2,6.666666666666667,2,6.666666666666667,0,0.0,1.0,4.333333333333333,3.333333333333333,BlueFern BioTech,19.642857142857142,TitanEdge Consulting,18.208333333333332,Quantum Forge,18.071428571428573,StellarPath Logistics,3,1.5714285714285694,150,750
600,30,30,30,2.965145502645503,0.6662700703943858,-0.14183360123469732,-0.5446537259994733,2.3792844184142647,0,0.0,0,0.0,0,0.0,1.6666666666666667,4.222222222222222,2.5555555555555554,FusionBridge Networks,29.45,LuxeLoom Enterprises,21.7,Catalyst Core,20.428571428571427,Cobalt Circuitry,4,9.021428571428572,150,750
601,30,30,30,2.903564213564214,0.8673629482247418,-0.33122285114280076,0.17705614624202548,2.6023763319496096,2,6.666666666666667,2,6.666666666666667,0,0.0,1.0,4.75,3.75,FusionBridge Networks,21.636363636363637,Catalyst Core,20.925,Vortex Venture Group,19.642857142857142,TitanEdge Consulting,4,1.9935064935064943,150,750
602,30,30,29,2.970853858784893,0.7304198370192381,-0.050878107459991016,0.7186595410887113,2.4576485649745785,1,3.4482758620689653,1,3.4482758620689653,0,0.0,1.0,4.666666666666667,3.666666666666667,HarborWay Holdings,22.475,IronClad Systems,21.875,Nimbus Nexus,19.53125,Vortex Venture Group,4,2.9437500000000014,150,750
603,30,30,30,2.9847619047619043,0.776983867568094,-0.5278279198784144,-0.705636573538234,2.35079265267182,0,0.0,0,0.0,0,0.0,1.5,4.25,2.75,PrismPoint Studios,25.666666666666668,Solaris Systems,21.7,PeakVista Partners,21.0,Vertex Valley Ventures,3,4.666666666666668,150,750
604,30,30,30,2.9513095238095235,0.7423244395189886,-0.19033156871782006,0.6296541041081354,2.432262897024269,2,6.666666666666667,1,3.3333333333333335,1,3.3333333333333335,1.0,4.666666666666667,3.666666666666667,Crimson Arc Media,20.925,Cobalt Circuitry,20.428571428571427,Lumeon Strategies,19.53125,Nimbus Nexus,3,1.3937500000000007,150,750
605,30,30,30,2.982222222222222,0.6978695534125606,-0.12658568620638436,-0.7823383575054339,2.4676481992840626,0,0.0,0,0.0,0,0.0,1.5,4.25,2.75,Nebula Dynamics,25.666666666666668,BlueFern BioTech,21.09375,FusionBridge Networks,19.53125,BlueFern BioTech,3,6.135416666666668,150,750
606,30,30,30,3.1094708994708995,0.8462318209808528,0.6662823162514028,-0.5152856333616018,2.5348486136508463,0,0.0,0,0.0,0,0.0,1.8333333333333333,5.0,3.166666666666667,BlueFern BioTech,29.291666666666668,LuxeLoom Enterprises,25.666666666666668,Solaris Systems,21.77777777777778,Catalyst Core,3,7.513888888888889,150,750
607,30,30,30,2.9512698412698417,0.7541329143505996,-0.35369000394842215,-0.23259016064853144,2.519368832093841,0,0.0,0,0.0,0,0.0,1.0,4.333333333333333,3.333333333333333,Nebula Dynamics,23.4375,Quantum Forge,20.3125,FusionBridge Networks,18.857142857142858,Vertex Valley Ventures,3,4.580357142857142,150,750
608,30,30,29,2.9595238095238092,0.679304115718912,-0.621958173067873,-0.29098959647161093,2.3360696878942186,0,0.0,0,0.0,0,0.0,1.3333333333333333,4.0,2.666666666666667,Nebula Dynamics,33.916666666666664,Orion Synergy,19.53125,Quantum Forge,18.857142857142858,EchoSphere Analytics,3,15.059523809523807,150,750
609,30,30,30,3.060642135642135,0.5703583922353801,0.8692081122641231,2.4904296759651707,1.8314018453921717,1,3.3333333333333335,0,0.0,1,3.3333333333333335,2.0,5.0,3.0,TitanEdge Consulting,29.363636363636363,Aurora Axis,22.65625,Nebula Dynamics,18.208333333333332,Orion Synergy,4,11.155303030303031,150,750
610,30,30,30,2.996150793650794,0.8022769516776906,-0.29972309247508594,-0.4999774263875594,2.6452748812097084,0,0.0,0,0.0,0,0.0,1.25,4.333333333333333,3.083333333333333,Ascendify Technologies,24.21875,HarborWay Holdings,19.642857142857142,DeltaBloom Group,17.285714285714285,PrismPoint Studios,4,6.933035714285715,150,750
611,30,30,29,3.0319985569985572,0.6757349714701462,0.09111645304984593,-0.054571737798261744,2.5386318596503292,1,3.4482758620689653,0,0.0,1,3.4482758620689653,1.6666666666666667,4.666666666666667,3.0,PrismPoint Studios,30.136363636363637,DeltaBloom Group,28.77777777777778,FusionBridge Networks,22.0,DeltaBloom Group,4,8.136363636363637,150,750
612,30,30,30,2.965277777777778,0.755601786175666,0.03226611433108757,-1.01568663444742,2.435591746027931,0,0.0,0,0.0,0,0.0,1.6666666666666667,4.5,2.833333333333333,StellarPath Logistics,22.65625,IronClad Systems,21.7,Nimbus Nexus,18.857142857142858,Cobalt Circuitry,3,3.7991071428571423,150,750
613,30,30,30,2.9888359788359793,0.6551590885540036,-0.5238802567837997,0.12126987178912829,2.413757678292811,0,0.0,0,0.0,0,0.0,1.4,4.25,2.85,Aurora Axis,24.025,Cobalt Circuitry,22.555555555555557,TerraNova Solutions,20.22222222222222,DeltaBloom Group,3,3.802777777777777,150,750
614,30,30,30,3.0333730158730168,0.6417919546514631,0.2908134247199131,-0.5657689763748524,2.3362434129830603,0,0.0,0,0.0,0,0.0,2.0,4.5,2.5,EchoSphere Analytics,24.88888888888889,Vortex Venture Group,21.77777777777778,PeakVista Partners,21.214285714285715,LuxeLoom Enterprises,4,3.674603174603174,150,750
615,30,30,30,3.045491822991823,0.7242397016875735,-0.40808585545567677,0.4798882099414312,2.3323808162792807,1,3.3333333333333335,1,3.3333333333333335,0,0.0,1.0,4.333333333333333,3.333333333333333,LuxeLoom Enterprises,32.45454545454545,DeltaBloom Group,24.21875,Nebula Dynamics,21.214285714285715,HydraFlux Labs,5,11.240259740259738,150,750
616,30,30,30,3.1219576719576714,0.7955198978286626,0.3172118885246322,-0.4957956828795278,2.6643193502804,0,0.0,0,0.0,0,0.0,1.6666666666666667,5.0,3.333333333333333,Quantum Forge,28.675,EchoSphere Analytics,27.22222222222222,Vortex Venture Group,23.333333333333332,DeltaBloom Group,4,5.341666666666669,150,750
617,30,30,30,3.0945454545454543,0.7680077695020274,0.5437899481558102,-0.23320158966833437,2.5437621626224822,1,3.3333333333333335,0,0.0,1,3.3333333333333335,1.8571428571428572,5.0,3.142857142857143,Vortex Venture Group,28.59090909090909,FusionBridge Networks,23.25,Cobalt Circuitry,22.785714285714285,Orion Synergy,3,5.805194805194805,150,750
618,30,30,30,3.0623809523809524,0.6279153171428816,0.417064603147124,1.320933886298823,2.0027150507922493,1,3.3333333333333335,0,0.0,1,3.3333333333333335,2.0,5.0,3.0,EverVault Enterprises,25.0,Cobalt Circuitry,24.21875,Quantum Forge,19.0,BlueFern BioTech,3,6.0,150,750
619,30,30,30,2.9374074074074072,0.7110132483366324,-0.003289270814763734,0.5722252628481739,2.248603730213371,2,6.666666666666667,1,3.3333333333333335,1,3.3333333333333335,1.0,4.4,3.4000000000000004,Catalyst Core,27.125,Cobalt Circuitry,20.428571428571427,Crimson Arc Media,20.22222222222222,EchoSphere Analytics,5,6.902777777777779,150,750
620,30,30,30,2.9404365079365076,0.7383189294503982,-0.650704607427146,0.7072566438937002,2.2513073660949603,3,10.0,2,6.666666666666667,1,3.3333333333333335,1.0,4.5,3.5,StellarPath Logistics,17.96875,Quantum Forge,17.96875,BlueFern BioTech,17.96875,PeakVista Partners,3,0.0,150,750
621,30,30,30,2.9341269841269835,0.8022705192505961,-0.33450892620021655,1.2205912207051206,2.4027150507922497,3,10.0,2,6.666666666666667,1,3.3333333333333335,1.0,5.0,4.0,Apexion Innovations,21.0,HydraFlux Labs,19.444444444444443,EchoSphere Analytics,18.071428571428573,Crimson Arc Media,3,2.928571428571427,150,750
622,30,30,30,3.017037037037037,0.869449352274691,-0.025894145787976233,-0.3435788262558881,2.8029100796497266,0,0.0,0,0.0,0,0.0,1.3333333333333333,5.0,3.666666666666667,PrismPoint Studios,28.77777777777778,Aurora Axis,23.571428571428573,Vertex Valley Ventures,17.96875,EverVault Enterprises,4,10.809027777777779,150,750
623,30,30,30,3.054682539682539,0.6801545118500074,0.6768658737710603,1.0210941481320344,2.5349400790728023,1,3.3333333333333335,0,0.0,1,3.3333333333333335,1.6,5.0,3.4,Vertex Valley Ventures,21.875,PrismPoint Studios,19.642857142857142,Aurora Axis,19.642857142857142,Aurora Axis,3,2.2321428571428577,150,750
624,30,30,29,3.0093322386425827,0.6033615234517785,0.3293571759158485,-0.33400593106204246,2.0582068778892713,1,3.4482758620689653,0,0.0,1,3.4482758620689653,2.0,4.333333333333333,2.333333333333333,Ascendify Technologies,25.0,Catalyst Core,20.428571428571427,Crimson Arc Media,20.3125,Crimson Arc Media,3,4.6875,150,750
625,30,30,30,2.9454761904761906,0.7270368733897405,-0.4471995056898192,0.8343193185887396,2.4594513288564555,3,10.0,2,6.666666666666667,1,3.3333333333333335,1.0,4.666666666666667,3.666666666666667,Aurora Axis,24.8,Ascendify Technologies,21.09375,Nimbus Nexus,19.0,Cobalt Circuitry,4,5.800000000000001,150,750
626,30,30,30,3.025753968253968,0.8258007911409567,-0.11985903005895913,-0.5481589465165828,2.6574258137630506,0,0.0,0,0.0,0,0.0,1.25,4.666666666666667,3.416666666666667,TitanEdge Consulting,22.0,Nebula Dynamics,20.428571428571427,Lumeon Strategies,19.53125,ZenithWorks,3,2.46875,150,750
627,30,30,30,2.8245634920634917,0.7624080978365605,-0.8979526308014035,0.3937865278061614,2.279402337669277,3,10.0,3,10.0,0,0.0,1.0,4.0,3.0,Nebula Dynamics,21.0,Cobalt Circuitry,19.642857142857142,Solaris Systems,18.75,Apexion Innovations,5,2.25,150,750
628,30,30,30,2.9921031746031748,0.6980848222531533,0.5214157821041834,0.4265511195941616,2.3377806684863804,1,3.3333333333333335,0,0.0,1,3.3333333333333335,1.8,5.0,3.2,Vertex Valley Ventures,21.09375,FusionBridge Networks,17.416666666666668,Quantum Forge,16.8,Ascendify Technologies,4,4.293749999999999,150,750
629,30,30,30,3.1010750360750357,0.6845519725302536,0.7254215797131842,0.5646081146345883,2.347463803668157,1,3.3333333333333335,0,0.0,1,3.3333333333333335,2.0,5.0,3.0,Vertex Valley Ventures,31.681818181818183,EchoSphere Analytics,24.025,HydraFlux Labs,19.642857142857142,StellarPath Logistics,7,12.038961038961041,150,750
630,30,30,30,3.002539682539682,0.7244738840477072,-0.3639878805581715,0.46600506821698273,2.439293387073606,1,3.3333333333333335,1,3.3333333333333335,0,0.0,1.0,4.4,3.4000000000000004,Ascendify Technologies,21.214285714285715,FusionBridge Networks,19.791666666666668,Vertex Valley Ventures,19.642857142857142,Apexion Innovations,3,1.571428571428573,150,750
631,30,30,30,2.9593253968253967,0.8186268116192751,0.05543966012800265,0.39941600619801276,2.6341969466957176,2,6.666666666666667,1,3.3333333333333335,1,3.3333333333333335,1.0,5.0,4.0,TitanEdge Consulting,23.4375,StellarPath Logistics,20.428571428571427,DeltaBloom Group,20.3125,Catalyst Core,3,3.125,150,750
632,30,30,30,2.9348148148148145,0.9247854688549555,-0.09549367434893456,-0.6915726888076836,2.643019030245397,0,0.0,0,0.0,0,0.0,1.0,5.0,4.0,Apexion Innovations,24.21875,Lumeon Strategies,21.875,Vortex Venture Group,19.791666666666668,FusionBridge Networks,3,4.427083333333332,150,750
633,30,30,30,2.991772486772486,0.7370362412967594,-0.6329120621286665,0.6527861212798274,2.2497120352661515,2,6.666666666666667,2,6.666666666666667,0,0.0,1.0,4.25,3.25,EchoSphere Analytics,21.77777777777778,DeltaBloom Group,21.09375,Crimson Arc Media,19.642857142857142,EchoSphere Analytics,3,2.134920634920636,150,750
634,30,30,30,2.9273148148148143,0.7537116946068342,-0.007423811630666791,-0.7015672757699085,2.6546362150986234,0,0.0,0,0.0,0,0.0,1.3333333333333333,4.5,3.166666666666667,HarborWay Holdings,30.225,Crimson Arc Media,19.53125,TitanEdge Consulting,17.88888888888889,ZenithWorks,4,12.336111111111112,150,750
635,30,30,30,2.969695767195767,0.7969642899679114,-0.2936751402584391,-0.14936540411971366,2.5968830974035924,0,0.0,0,0.0,0,0.0,1.0,4.5,3.5,PeakVista Partners,25.666666666666668,Nebula Dynamics,19.642857142857142,Ascendify Technologies,19.0,Lumeon Strategies,3,6.666666666666668,150,750
636,30,30,30,3.0162566137566142,0.6270955503709882,0.699455238784029,0.017095307050523534,2.30558726169826,0,0.0,0,0.0,0,0.0,2.0,4.5,2.5,Cobalt Circuitry,26.444444444444443,Quantum Forge,24.025,DeltaBloom Group,20.3125,Apexion Innovations,3,6.131944444444443,150,750
637,30,30,30,3.0702777777777777,0.6793122163177981,0.8336082319395758,0.4423362453804973,2.364735178725505,1,3.3333333333333335,0,0.0,1,3.3333333333333335,2.0,5.0,3.0,BlueFern BioTech,29.291666666666668,ZenithWorks,23.4375,EverVault Enterprises,23.4375,EverVault Enterprises,3,5.854166666666668,150,750
638,30,30,30,2.9214682539682544,0.6162950467049825,-0.3019852445247909,-0.07374141236079357,2.222579761842492,2,6.666666666666667,2,6.666666666666667,0,0.0,1.5,4.0,2.5,EchoSphere Analytics,20.3125,Ascendify Technologies,18.857142857142858,FusionBridge Networks,17.96875,StellarPath Logistics,3,2.34375,150,750
639,30,30,30,3.023677248677248,0.6801882740502271,-0.36627577930680694,0.02225115934186883,2.3045652544080593,1,3.3333333333333335,1,3.3333333333333335,0,0.0,1.5,4.333333333333333,2.833333333333333,PeakVista Partners,21.77777777777778,EchoSphere Analytics,19.642857142857142,Apexion Innovations,18.208333333333332,TitanEdge Consulting,3,3.5694444444444464,150,750
640,30,30,30,2.990886243386243,0.7284624842419146,-0.019972782117243425,1.3042488291499392,2.3786082145430414,2,6.666666666666667,1,3.3333333333333335,1,3.3333333333333335,1.0,5.0,4.0,HarborWay Holdings,21.214285714285715,EchoSphere Analytics,21.09375,TitanEdge Consulting,21.09375,Magnetar Innovations,3,0.1205357142857153,150,750
641,30,30,30,3.0724603174603176,0.7196336000122325,0.8429108566928101,0.5080702162792283,2.61119841549929,1,3.3333333333333335,0,0.0,1,3.3333333333333335,1.8,5.0,3.2,TerraNova Solutions,27.9,PeakVista Partners,24.8,Quantum Forge,21.214285714285715,Ascendify Technologies,3,6.685714285714283,150,750
642,30,30,30,3.023412698412698,0.7748132887354918,-0.2296555779438825,-0.20320298464719988,2.546465798504072,0,0.0,0,0.0,0,0.0,1.0,4.5,3.5,FusionBridge Networks,22.0,Nebula Dynamics,19.642857142857142,Vortex Venture Group,18.857142857142858,Quantum Forge,5,3.1428571428571423,150,750
643,30,30,30,2.962157287157287,0.7731140136793394,-0.020978400804605436,-0.20562977287961193,2.3622673813539397,0,0.0,0,0.0,0,0.0,1.0,4.333333333333333,3.333333333333333,PeakVista Partners,27.125,HydraFlux Labs,24.727272727272727,Vortex Venture Group,20.428571428571427,Apexion Innovations,3,6.696428571428573,150,750
644,30,30,30,2.9770238095238097,0.6562120413382239,-0.6371904468375124,0.881045635214261,2.29155327022262,1,3.3333333333333335,1,3.3333333333333335,0,0.0,1.0,4.0,3.0,Orion Synergy,23.333333333333332,Solaris Systems,21.875,Crimson Arc Media,18.857142857142858,Orion Synergy,4,4.4761904761904745,150,750
645,30,30,30,2.9350925925925924,0.724476029249976,0.005570145549963149,-1.0933798946639384,2.3852659125503664,0,0.0,0,0.0,0,0.0,1.6666666666666667,4.333333333333333,2.666666666666666,PrismPoint Studios,27.9,Solaris Systems,23.4375,Lumeon Strategies,19.53125,StellarPath Logistics,4,8.368749999999999,150,750
646,30,30,30,3.0365079365079364,0.677199973963902,0.47388214543760815,0.8812173583681351,2.240889951716471,2,6.666666666666667,1,3.3333333333333335,1,3.3333333333333335,1.6666666666666667,5.0,3.333333333333333,Vortex Venture Group,21.0,BlueFern BioTech,20.3125,FusionBridge Networks,19.53125,Crimson Arc Media,4,1.46875,150,750
647,30,30,30,2.970634920634921,0.6315984512952106,-0.4675541588760433,0.4451450565117896,2.1863742176031473,1,3.3333333333333335,1,3.3333333333333335,0,0.0,1.25,4.142857142857143,2.8928571428571432,BlueFern BioTech,20.428571428571427,EchoSphere Analytics,18.071428571428573,DeltaBloom Group,17.1875,Solaris Systems,3,3.241071428571427,150,750
648,30,30,29,2.940996168582375,0.5620697926776063,-1.2338148061173555,2.957300654462549,1.9266109644139697,1,3.4482758620689653,1,3.4482758620689653,0,0.0,1.0,4.0,3.0,Ascendify Technologies,21.09375,DeltaBloom Group,19.642857142857142,Crimson Arc Media,19.444444444444443,Magnetar Innovations,4,1.6493055555555571,150,750
649,30,30,30,2.9620105820105826,0.5469887766822081,0.15385252857059656,-1.1327244086581487,2.1219280948873624,0,0.0,0,0.0,0,0.0,2.0,4.0,2.0,Ascendify Technologies,19.642857142857142,EverVault Enterprises,18.857142857142858,Aurora Axis,18.208333333333332,Solaris Systems,3,1.4345238095238102,150,750
650,30,30,30,3.0157431457431456,0.8606076138152163,0.2927986244320564,-0.7324375650240573,2.5976526836137337,0,0.0,0,0.0,0,0.0,1.5,5.0,3.5,DeltaBloom Group,23.954545454545453,HarborWay Holdings,19.0,PeakVista Partners,18.208333333333332,Lumeon Strategies,4,5.746212121212121,150,750
651,30,30,30,2.945687830687831,0.5422892978804505,-0.566072014613591,0.11100677615745003,2.1033667177473787,1,3.3333333333333335,1,3.3333333333333335,0,0.0,1.6666666666666667,4.0,2.333333333333333,Quantum Forge,21.09375,BlueFern BioTech,20.22222222222222,Orion Synergy,20.22222222222222,LuxeLoom Enterprises,3,0.8715277777777786,150,750
652,30,30,30,2.9232539682539684,0.877277768120737,0.3738447427826645,-0.5172623020171612,2.682588730501833,0,0.0,0,0.0,0,0.0,1.3333333333333333,5.0,3.666666666666667,Quantum Forge,20.428571428571427,Cobalt Circuitry,20.3125,LuxeLoom Enterprises,20.3125,Cobalt Circuitry,5,0.11607142857142705,150,750
653,30,30,29,3.019458128078818,0.6814961798488756,-0.6771527589419044,0.3792934551817164,2.3309391842605276,1,3.4482758620689653,1,3.4482758620689653,0,0.0,1.25,4.25,3.0,Aurora Axis,23.571428571428573,TitanEdge Consulting,23.25,Quantum Forge,20.925,Nimbus Nexus,2,2.6464285714285722,150,750
654,30,30,30,2.999761904761905,0.8458570503695431,-0.04760325673848856,0.01748061421957514,2.6723718476199387,2,6.666666666666667,1,3.3333333333333335,1,3.3333333333333335,1.0,5.0,4.0,Catalyst Core,24.357142857142858,Cobalt Circuitry,21.875,IronClad Systems,21.09375,LuxeLoom Enterprises,4,3.2633928571428577,150,750
655,30,30,30,2.8888227513227513,0.8036745448460352,-0.25449431291378216,-0.48387227065551786,2.5730235145750684,0,0.0,0,0.0,0,0.0,1.0,4.25,3.25,DeltaBloom Group,22.65625,IronClad Systems,18.208333333333332,Orion Synergy,17.88888888888889,Nimbus Nexus,3,4.767361111111111,150,750
656,30,30,30,3.0476058201058205,0.7474020012294113,0.6191008893583508,0.263752292216513,2.5478605978362863,1,3.3333333333333335,0,0.0,1,3.3333333333333335,1.5,5.0,3.5,PeakVista Partners,22.65625,HydraFlux Labs,21.214285714285715,Cobalt Circuitry,20.22222222222222,PrismPoint Studios,5,2.4340277777777786,150,750
657,30,30,30,2.8980952380952383,0.7690733324120411,-0.058100300836551474,-0.8408858835999107,2.612593214831504,0,0.0,0,0.0,0,0.0,1.5,4.5,3.0,HarborWay Holdings,20.15,Aurora Axis,19.53125,PeakVista Partners,17.96875,Cobalt Circuitry,4,2.1812499999999986,150,750
658,30,30,30,3.003492063492063,0.6887423450671789,-0.11494950890691176,-0.3483242475783084,2.3860354987605077,0,0.0,0,0.0,0,0.0,1.5,4.333333333333333,2.833333333333333,Nebula Dynamics,25.78125,Ascendify Technologies,18.071428571428573,Quantum Forge,17.285714285714285,Solaris Systems,3,8.495535714285715,150,750
659,30,30,30,3.0575396825396823,0.6565649616913797,0.6857627514116021,0.7883900307209517,2.2588261157343825,1,3.3333333333333335,0,0.0,1,3.3333333333333335,2.0,5.0,3.0,Catalyst Core,30.225,PeakVista Partners,27.22222222222222,FusionBridge Networks,21.875,Quantum Forge,3,8.350000000000001,150,750
660,30,30,30,2.937566137566137,0.7234500024726361,-0.27518528893390903,0.45256586929118914,2.5086126988727124,1,3.3333333333333335,1,3.3333333333333335,0,0.0,1.0,4.5,3.5,Vertex Valley Ventures,22.65625,HarborWay Holdings,19.642857142857142,EchoSphere Analytics,19.53125,Solaris Systems,4,3.125,150,750
661,30,30,30,2.97228835978836,0.5906127886046662,0.2633440876604934,0.14846167178910674,2.3459265481648375,0,0.0,0,0.0,0,0.0,1.6666666666666667,4.5,2.833333333333333,Ascendify Technologies,24.21875,Vortex Venture Group,21.875,Orion Synergy,18.75,Vortex Venture Group,4,5.46875,150,750
662,30,30,30,3.0225925925925923,0.6402946096046939,0.8914913822814824,1.0010140771625098,2.3302164307369253,1,3.3333333333333335,0,0.0,1,3.3333333333333335,2.0,5.0,3.0,Ascendify Technologies,19.642857142857142,EverVault Enterprises,18.857142857142858,Orion Synergy,17.88888888888889,IronClad Systems,3,1.753968253968253,150,750
663,30,30,30,3.0276322751322753,0.6538159631853764,-0.16014045861473655,-0.3322502015951083,2.316716186961402,0,0.0,0,0.0,0,0.0,1.5,4.25,2.75,TitanEdge Consulting,27.125,BlueFern BioTech,25.78125,FusionBridge Networks,20.22222222222222,StellarPath Logistics,4,6.902777777777779,150,750
664,30,30,30,3.0458994708994704,0.7584866028729667,0.14497818748411012,0.3511081262182869,2.5055872616982606,2,6.666666666666667,1,3.3333333333333335,1,3.3333333333333335,1.5,5.0,3.5,Apexion Innovations,25.575,Cobalt Circuitry,23.333333333333332,Catalyst Core,21.77777777777778,Nebula Dynamics,4,3.7972222222222207,150,750
665,30,30,30,3.0035582010582007,0.5833118763225458,-0.35425560706501663,0.08353187544709595,2.1881065019639454,0,0.0,0,0.0,0,0.0,1.75,4.333333333333333,2.583333333333333,Orion Synergy,21.77777777777778,PeakVista Partners,21.09375,HydraFlux Labs,17.96875,Solaris Systems,3,3.8090277777777786,150,750
666,30,30,30,2.969444444444444,0.5644431109042043,-0.4980249365130331,0.2717821857161038,2.143136949500409,1,3.3333333333333335,1,3.3333333333333335,0,0.0,1.5,4.0,2.5,Solaris Systems,19.642857142857142,BlueFern BioTech,18.666666666666668,DeltaBloom Group,17.285714285714285,Lumeon Strategies,3,2.3571428571428577,150,750
667,30,30,30,3.0104761904761905,0.685366313825668,0.7084373499259939,0.6356956642750093,2.241227436745055,2,6.666666666666667,0,0.0,2,6.666666666666667,2.0,5.0,3.0,EchoSphere Analytics,26.208333333333332,Cobalt Circuitry,17.285714285714285,Vortex Venture Group,16.625,LuxeLoom Enterprises,5,9.583333333333332,150,750
668,30,30,30,3.027738095238095,0.6644247415248891,0.5984284074714215,-0.03962783023511385,2.236452797660028,1,3.3333333333333335,0,0.0,1,3.3333333333333335,2.0,4.75,2.75,IronClad Systems,24.21875,Nebula Dynamics,20.428571428571427,LuxeLoom Enterprises,16.625,HarborWay Holdings,3,7.59375,150,750
669,30,30,30,2.8706807081807084,0.7113433174020105,-0.02853648843788762,0.5964286729268662,2.2797991318374056,0,0.0,0,0.0,0,0.0,1.0,4.666666666666667,3.666666666666667,HarborWay Holdings,24.8,Nimbus Nexus,22.307692307692307,LuxeLoom Enterprises,20.428571428571427,PrismPoint Studios,4,4.371428571428574,150,750
670,30,30,29,2.9050903119868634,0.7610128513435577,-0.15151797771474443,0.10196399764646902,2.4576485649745785,1,3.4482758620689653,1,3.4482758620689653,0,0.0,1.0,4.4,3.4000000000000004,TerraNova Solutions,25.575,Catalyst Core,20.15,Vertex Valley Ventures,20.15,Catalyst Core,4,5.425000000000001,150,750
671,30,30,30,3.0408068783068787,0.6849630450563435,0.3660154434831942,0.9541615723809129,2.4179475789285707,1,3.3333333333333335,0,0.0,1,3.3333333333333335,1.5,5.0,3.5,Quantum Forge,21.09375,Vertex Valley Ventures,20.22222222222222,Orion Synergy,18.857142857142858,StellarPath Logistics,3,2.2366071428571423,150,750
672,30,30,29,2.8846059113300497,0.7402676681348552,-0.5791052520204494,-0.08323775043691883,2.1093830342526356,0,0.0,0,0.0,0,0.0,1.0,4.333333333333333,3.333333333333333,StellarPath Logistics,20.15,TitanEdge Consulting,19.791666666666668,Lumeon Strategies,18.208333333333332,BlueFern BioTech,2,1.9416666666666664,150,750
673,30,30,30,3.0131746031746034,0.6730377916466733,0.27673952803476565,-0.9630695576207047,2.2505377798848194,0,0.0,0,0.0,0,0.0,2.0,4.333333333333333,2.333333333333333,Cobalt Circuitry,25.666666666666668,PeakVista Partners,20.3125,Magnetar Innovations,18.857142857142858,Nebula Dynamics,3,6.80952380952381,150,750
674,30,30,30,2.9269576719576715,0.6515707221412586,-0.039968613410831584,-0.955470564968675,2.226281402888167,0,0.0,0,0.0,0,0.0,1.75,4.142857142857143,2.3928571428571432,HydraFlux Labs,27.9,Crimson Arc Media,21.0,StellarPath Logistics,20.22222222222222,FusionBridge Networks,4,7.677777777777777,150,750
675,30,30,29,3.056279544210579,0.8056166630314907,0.12805433799616348,1.0237243055892025,2.416303915569857,3,10.344827586206897,1,3.4482758620689653,2,6.896551724137931,1.0,5.0,4.0,Apexion Innovations,26.272727272727273,Magnetar Innovations,25.575,TerraNova Solutions,20.22222222222222,Magnetar Innovations,3,6.050505050505052,150,750
676,30,30,30,2.9767724867724867,0.7718591601361868,0.08042154505061776,-0.5785073200552784,2.6057051809532723,0,0.0,0,0.0,0,0.0,1.5,4.6,3.0999999999999996,Cobalt Circuitry,21.77777777777778,HarborWay Holdings,19.791666666666668,Aurora Axis,18.75,Aurora Axis,4,3.0277777777777786,150,750
677,30,30,30,3.014126984126984,0.6480154404687561,0.8136280720265818,1.3009983000346628,2.356774146807922,1,3.3333333333333335,0,0.0,1,3.3333333333333335,1.8,5.0,3.2,HydraFlux Labs,21.7,LuxeLoom Enterprises,20.3125,Magnetar Innovations,18.071428571428573,TitanEdge Consulting,3,3.6285714285714263,150,750
678,30,30,30,2.9814285714285718,0.6417761045763076,0.11184731444053889,-0.332414775259926,2.2660528684552537,0,0.0,0,0.0,0,0.0,1.75,4.5,2.75,EverVault Enterprises,20.3125,Lumeon Strategies,18.857142857142858,HarborWay Holdings,18.208333333333332,Vortex Venture Group,4,2.104166666666668,150,750
679,30,30,30,3.0450925925925927,0.5698288203984626,0.04973902027498423,-0.5710104736887129,2.2011184861493844,0,0.0,0,0.0,0,0.0,2.0,4.0,2.0,Magnetar Innovations,24.88888888888889,Nebula Dynamics,23.25,TitanEdge Consulting,21.214285714285715,Cobalt Circuitry,3,3.674603174603174,150,750
680,30,30,30,2.9178174603174596,0.6908414799563787,0.07023411546026162,-0.5954945711161321,2.2593598634345,0,0.0,0,0.0,0,0.0,1.6,4.333333333333333,2.733333333333333,Crimson Arc Media,19.791666666666668,PeakVista Partners,18.6,Vortex Venture Group,18.208333333333332,Catalyst Core,4,1.5833333333333357,150,750
681,30,30,30,2.9290079365079364,0.6358216189139507,0.15843127496302306,-1.0524687362526166,2.1852659125503666,0,0.0,0,0.0,0,0.0,2.0,4.166666666666667,2.166666666666667,Apexion Innovations,27.125,Ascendify Technologies,25.575,PrismPoint Studios,19.642857142857142,LuxeLoom Enterprises,3,7.482142857142858,150,750
682,30,30,30,3.0445105820105822,0.7219056961142449,-0.17451902024850294,-0.4668004745235024,2.464083511770376,0,0.0,0,0.0,0,0.0,1.6,4.5,2.9,Ascendify Technologies,22.555555555555557,Cobalt Circuitry,21.09375,BlueFern BioTech,21.0,Lumeon Strategies,3,1.5555555555555571,150,750
683,30,30,29,3.0147783251231526,0.7628007814496084,0.11221819948104864,-0.6160929556665016,2.385386779285727,0,0.0,0,0.0,0,0.0,1.6666666666666667,4.666666666666667,3.0,DeltaBloom Group,27.125,StellarPath Logistics,21.7,Aurora Axis,20.428571428571427,StellarPath Logistics,3,6.696428571428573,150,750
684,30,30,30,2.918240740740741,0.5965670744580415,-0.498616297354679,-0.27087715158215486,2.294205915355059,0,0.0,0,0.0,0,0.0,1.5,4.0,2.5,Quantum Forge,25.666666666666668,PeakVista Partners,17.96875,PrismPoint Studios,17.285714285714285,Aurora Axis,4,8.380952380952383,150,750
685,30,30,29,3.0132183908045973,0.7050757040619117,0.665983470738265,-0.036282512229112385,2.0842374814121496,0,0.0,0,0.0,0,0.0,2.0,5.0,3.0,Ascendify Technologies,22.65625,Lumeon Strategies,21.214285714285715,Catalyst Core,19.53125,Aurora Axis,3,3.125,150,750
686,30,30,30,3.0015608465608463,0.6119470501700814,0.7697032585711839,2.032841683829778,1.9946625534527105,1,3.3333333333333335,0,0.0,1,3.3333333333333335,2.0,5.0,3.0,Vertex Valley Ventures,23.25,PeakVista Partners,20.22222222222222,Catalyst Core,18.75,EverVault Enterprises,3,4.5,150,750
687,30,30,29,3.060509031198686,0.6601335906548762,-0.008695776250079055,0.040371998033617906,2.443225262160422,0,0.0,0,0.0,0,0.0,1.6666666666666667,4.666666666666667,3.0,DeltaBloom Group,22.475,Orion Synergy,20.3125,Solaris Systems,18.857142857142858,Magnetar Innovations,5,3.6178571428571438,150,750
688,30,30,30,3.0205952380952383,0.658239620615584,0.21277145198395267,1.7324588715429874,2.1913898628575748,2,6.666666666666667,1,3.3333333333333335,1,3.3333333333333335,1.3333333333333333,5.0,3.666666666666667,PrismPoint Studios,18.857142857142858,FusionBridge Networks,18.208333333333332,StellarPath Logistics,18.208333333333332,Vertex Valley Ventures,3,0.6488095238095255,150,750
689,30,30,30,3.0502248677248684,0.8368180459095701,0.7287672534591436,-0.4566962920426958,2.473766646952153,1,3.3333333333333335,0,0.0,1,3.3333333333333335,2.0,5.0,3.0,Cobalt Circuitry,24.11111111111111,PrismPoint Studios,22.0,Orion Synergy,20.428571428571427,Vortex Venture Group,2,3.6825396825396837,150,750
690,30,30,30,3.071626984126984,0.6968426974597205,0.7098687883145577,1.2981221415973758,2.305960053740273,3,10.0,1,3.3333333333333335,2,6.666666666666667,1.5,5.0,3.5,Vortex Venture Group,24.11111111111111,Quantum Forge,20.428571428571427,HydraFlux Labs,19.0,Nebula Dynamics,3,5.111111111111111,150,750
691,30,30,30,3.1345370370370373,0.8192831841232139,-0.06912274968437043,0.26097161688844794,2.6389205950315935,0,0.0,0,0.0,0,0.0,1.0,5.0,4.0,ZenithWorks,29.45,HydraFlux Labs,24.8,Aurora Axis,21.875,FusionBridge Networks,3,7.574999999999999,150,750
692,30,30,30,3.0130291005291006,0.7413735233006384,0.3823865199601941,-0.1105130353947863,2.4811939311696194,0,0.0,0,0.0,0,0.0,1.6666666666666667,5.0,3.333333333333333,EverVault Enterprises,24.88888888888889,Vortex Venture Group,21.214285714285715,Aurora Axis,21.09375,Lumeon Strategies,3,3.7951388888888893,150,750
693,30,30,30,2.9147883597883597,0.661546173257923,-0.3290705975725922,1.2133936821567168,2.105960053740273,3,10.0,1,3.3333333333333335,2,6.666666666666667,1.0,4.333333333333333,3.333333333333333,BlueFern BioTech,30.714285714285715,EchoSphere Analytics,22.555555555555557,IronClad Systems,20.22222222222222,Quantum Forge,3,10.492063492063494,150,750
694,30,30,30,3.0497619047619042,0.6470352469017295,0.7117041004694858,0.8979909586085957,2.294205915355059,1,3.3333333333333335,0,0.0,1,3.3333333333333335,2.0,5.0,3.0,Vortex Venture Group,25.0,Orion Synergy,20.428571428571427,Crimson Arc Media,18.75,Aurora Axis,3,6.25,150,750
695,30,30,30,3.009880952380952,0.7737120298778006,0.4003290469547095,-0.42885109490505924,2.5730235145750684,0,0.0,0,0.0,0,0.0,1.6,4.75,3.15,Vortex Venture Group,21.0,FusionBridge Networks,19.642857142857142,BlueFern BioTech,18.666666666666668,Nimbus Nexus,4,2.333333333333332,150,750
696,30,30,30,2.980396825396825,0.7225065766748233,-0.5036453019374444,-0.2476960384500546,2.4704377979484904,0,0.0,0,0.0,0,0.0,1.25,4.25,3.0,TerraNova Solutions,21.0,DeltaBloom Group,20.428571428571427,LuxeLoom Enterprises,20.3125,EverVault Enterprises,3,0.6875,150,750
697,30,30,30,3.0098412698412695,0.6657859781925972,-0.25434668528211646,-0.16446373461521002,2.130986016947067,1,3.3333333333333335,1,3.3333333333333335,0,0.0,1.5,4.333333333333333,2.833333333333333,TerraNova Solutions,24.666666666666668,DeltaBloom Group,23.25,Cobalt Circuitry,22.0,Cobalt Circuitry,2,2.666666666666668,150,750
698,30,30,30,3.0276587301587297,0.680578324622583,0.7585653961949455,0.3415468720946806,2.358082983357298,0,0.0,0,0.0,0,0.0,2.0,5.0,3.0,Solaris Systems,25.666666666666668,HydraFlux Labs,25.575,Catalyst Core,19.642857142857142,LuxeLoom Enterprises,5,6.0238095238095255,150,750
699,30,30,30,3.051626984126984,0.8244607300544183,0.004871546057478287,0.31247738544681614,2.6011184861493843,1,3.3333333333333335,0,0.0,1,3.3333333333333335,1.2,5.0,3.8,HarborWay Holdings,33.916666666666664,IronClad Systems,19.2,DeltaBloom Group,18.857142857142858,StellarPath Logistics,3,15.059523809523807,150,750
700,30,30,30,2.9138492063492065,0.7705311801832996,0.2699302361787808,-0.6768936883754448,2.5445317488326236,0,0.0,0,0.0,0,0.0,1.5,4.5,3.0,DeltaBloom Group,20.3125,Aurora Axis,19.791666666666668,EverVault Enterprises,18.75,EchoSphere Analytics,3,1.5625,150,750
701,30,30,30,3.0796031746031742,0.7735725359524759,0.2446450787408783,-0.30151395045345275,2.56226738135394,1,3.3333333333333335,0,0.0,1,3.3333333333333335,1.8,5.0,3.2,Aurora Axis,21.214285714285715,Vortex Venture Group,19.53125,PeakVista Partners,19.0,Crimson Arc Media,3,2.2142857142857153,150,750
702,30,30,30,2.9853835978835983,0.6851580612238715,0.045900778763137154,0.19117428221546273,2.4242103996847297,0,0.0,0,0.0,0,0.0,1.3333333333333333,4.666666666666667,3.333333333333334,Cobalt Circuitry,22.166666666666668,BlueFern BioTech,21.0,Vortex Venture Group,20.3125,Quantum Forge,5,1.8541666666666679,150,750
703,30,30,30,2.962883597883598,0.7855083553376467,-0.4873409852299035,-0.28611138134934455,2.4355917460279306,0,0.0,0,0.0,0,0.0,1.0,4.5,3.5,Magnetar Innovations,31.775,LuxeLoom Enterprises,21.214285714285715,Quantum Forge,19.444444444444443,Quantum Forge,3,12.330555555555556,150,750
704,30,30,30,2.9848544973544975,0.876791810674403,-0.16567158022516024,-0.8850737681084526,2.590759147096384,0,0.0,0,0.0,0,0.0,1.0,4.4,3.4000000000000004,Aurora Axis,27.9,FusionBridge Networks,23.4375,Nimbus Nexus,22.65625,DeltaBloom Group,4,5.243749999999999,150,750
705,30,30,30,3.0573544973544973,0.6646100152594692,-0.0119921232042039,-1.0850790414870533,2.397416845103709,0,0.0,0,0.0,0,0.0,1.8,4.333333333333333,2.533333333333333,BlueFern BioTech,21.875,Vertex Valley Ventures,21.875,ZenithWorks,19.444444444444443,Nebula Dynamics,4,2.430555555555557,150,750
706,30,30,30,2.9667857142857144,0.6684665576808742,-0.7868681730122208,0.154652305263983,2.292811116022845,1,3.3333333333333335,1,3.3333333333333335,0,0.0,1.3333333333333333,4.0,2.666666666666667,Catalyst Core,23.4375,ZenithWorks,20.15,Magnetar Innovations,18.857142857142858,Nebula Dynamics,4,4.580357142857142,150,750
707,30,30,30,2.902592592592592,0.709761093726395,-0.3816533110623263,0.11284641951536267,2.4602209150665963,1,3.3333333333333335,1,3.3333333333333335,0,0.0,1.0,4.25,3.25,Vortex Venture Group,28.675,Ascendify Technologies,20.22222222222222,Vertex Valley Ventures,18.857142857142858,Lumeon Strategies,3,9.817857142857143,150,750
708,30,30,30,2.9794708994708996,0.5388010125938328,-0.7188907177003917,0.7667527030742542,2.1033667177473787,2,6.666666666666667,2,6.666666666666667,0,0.0,1.5,4.0,2.5,TitanEdge Consulting,24.11111111111111,FusionBridge Networks,20.925,ZenithWorks,19.642857142857142,ZenithWorks,4,4.468253968253968,150,750
709,30,30,30,2.9923015873015872,0.766282976879349,-0.28367982083763416,-0.5004054448072135,2.597416845103709,0,0.0,0,0.0,0,0.0,1.3333333333333333,4.5,3.166666666666667,Orion Synergy,23.25,PrismPoint Studios,19.375,ZenithWorks,18.208333333333332,TitanEdge Consulting,3,5.041666666666668,150,750
710,30,30,30,2.983981481481481,0.6057684280828518,0.14907403623614873,-0.5960072839668777,2.1738845662071653,0,0.0,0,0.0,0,0.0,2.0,4.333333333333333,2.333333333333333,Catalyst Core,19.53125,Vortex Venture Group,19.444444444444443,HydraFlux Labs,18.071428571428573,Nimbus Nexus,4,1.459821428571427,150,750
711,30,30,30,2.975992063492064,0.7624564026873879,-0.49086728986626255,-0.408313954750513,2.2131324651707387,0,0.0,0,0.0,0,0.0,1.3333333333333333,4.25,2.916666666666667,TerraNova Solutions,22.65625,HydraFlux Labs,20.3125,Orion Synergy,19.0,Quantum Forge,4,3.65625,150,750
712,30,30,30,2.887989417989418,0.8063869997843697,-0.0836954031052414,1.1256761247313785,2.555913095175825,3,10.0,2,6.666666666666667,1,3.3333333333333335,1.0,5.0,4.0,TitanEdge Consulting,21.09375,ZenithWorks,21.09375,PrismPoint Studios,20.22222222222222,IronClad Systems,3,0.8715277777777786,150,750
713,30,30,30,3.0426719576719576,0.7389337185217703,-0.2969290283660754,1.3074525004687825,2.303119464326695,2,6.666666666666667,1,3.3333333333333335,1,3.3333333333333335,1.0,5.0,4.0,Ascendify Technologies,26.5625,BlueFern BioTech,21.214285714285715,Solaris Systems,18.666666666666668,Apexion Innovations,4,7.895833333333332,150,750
714,30,30,30,2.998589466089465,0.6673954832581352,0.5814077364560596,0.7099099152023993,2.2588261157343825,1,3.3333333333333335,0,0.0,1,3.3333333333333335,1.8,5.0,3.2,Catalyst Core,22.40909090909091,Solaris Systems,16.8,Cobalt Circuitry,16.5,Apexion Innovations,4,5.90909090909091,150,750
715,30,30,30,3.0349603174603175,0.7906750320313776,0.2260314951558713,0.3111437130447561,2.700863613362384,2,6.666666666666667,1,3.3333333333333335,1,3.3333333333333335,1.3333333333333333,5.0,3.666666666666667,Nimbus Nexus,28.675,HydraFlux Labs,23.333333333333332,Orion Synergy,22.555555555555557,DeltaBloom Group,3,6.119444444444444,150,750
716,30,30,30,3.2149603174603176,0.7783801330046177,0.7864664522190866,-0.23877359823630595,2.5138755975478233,0,0.0,0,0.0,0,0.0,2.125,5.0,2.875,Magnetar Innovations,24.21875,Quantum Forge,21.875,PeakVista Partners,21.214285714285715,FusionBridge Networks,4,3.0044642857142847,150,750
717,30,30,30,3.0133597883597885,0.7562279374828962,0.11898093379137159,0.16373793194176134,2.5907591470963838,0,0.0,0,0.0,0,0.0,1.5,5.0,3.5,Solaris Systems,28.77777777777778,IronClad Systems,19.53125,Magnetar Innovations,19.53125,DeltaBloom Group,5,9.246527777777779,150,750
718,30,30,30,3.0473015873015874,0.7896705311362606,0.04746772381249452,-0.027884369249497,2.542367363290268,1,3.3333333333333335,0,0.0,1,3.3333333333333335,1.5,5.0,3.5,Crimson Arc Media,24.21875,Aurora Axis,21.0,PeakVista Partners,20.583333333333332,LuxeLoom Enterprises,3,3.635416666666668,150,750
719,30,30,30,2.958333333333334,0.7483593165496552,-0.39066246169015406,0.2463383529535319,2.56226738135394,0,0.0,0,0.0,0,0.0,1.0,4.5,3.5,IronClad Systems,22.65625,FusionBridge Networks,22.65625,Aurora Axis,21.0,HydraFlux Labs,3,1.65625,150,750
720,30,30,30,2.8958730158730157,0.9204089624184877,-0.28811233587132,0.2403094804211947,2.590759147096384,0,0.0,0,0.0,0,0.0,1.0,5.0,4.0,Vortex Venture Group,25.5,Crimson Arc Media,24.025,Solaris Systems,18.857142857142858,Cobalt Circuitry,4,6.642857142857142,150,750
721,30,30,30,3.0190343915343916,0.5907585453390654,-0.11066552950082015,-0.3738364352570964,2.217856113506615,1,3.3333333333333335,1,3.3333333333333335,0,0.0,1.7142857142857142,4.0,2.2857142857142856,Quantum Forge,26.35,Aurora Axis,23.571428571428573,Vertex Valley Ventures,19.642857142857142,LuxeLoom Enterprises,3,6.707142857142859,150,750
722,30,30,30,2.8958189033189035,0.8026239413055866,-0.6247708746398916,-0.4376325018230771,2.634196946695717,0,0.0,0,0.0,0,0.0,1.0,4.0,3.0,Nimbus Nexus,26.272727272727273,Crimson Arc Media,24.88888888888889,ZenithWorks,19.53125,HarborWay Holdings,3,6.741477272727273,150,750
723,30,30,30,3.033431938431938,0.5803172802781406,-0.33142314898336583,-0.16285946018903008,2.1431369495004096,1,3.3333333333333335,1,3.3333333333333335,0,0.0,1.6666666666666667,4.142857142857143,2.4761904761904763,Catalyst Core,30.136363636363637,HarborWay Holdings,24.88888888888889,TitanEdge Consulting,20.583333333333332,StellarPath Logistics,4,9.553030303030305,150,750
724,30,30,30,2.8974074074074077,0.7564169699134954,-0.16452529917167943,-0.7064454755807072,2.6057051809532723,0,0.0,0,0.0,0,0.0,1.3333333333333333,4.25,2.916666666666667,Lumeon Strategies,23.4375,Solaris Systems,22.555555555555557,Catalyst Core,20.22222222222222,HarborWay Holdings,3,3.2152777777777786,150,750
725,30,30,29,3.0239874110563765,0.7143484554501542,0.5647187517809505,0.9262031579003791,2.358656654516756,2,6.896551724137931,1,3.4482758620689653,1,3.4482758620689653,1.3333333333333333,5.0,3.666666666666667,Nimbus Nexus,22.65625,TitanEdge Consulting,21.09375,Catalyst Core,21.09375,EchoSphere Analytics,3,1.5625,150,750
726,30,30,30,3.051944444444445,0.6887948524527692,0.046126340059827,-0.1995766623530817,2.441084980573949,0,0.0,0,0.0,0,0.0,1.6666666666666667,4.5,2.833333333333333,HydraFlux Labs,21.09375,Vertex Valley Ventures,21.09375,DeltaBloom Group,20.583333333333332,FusionBridge Networks,3,0.5104166666666679,150,750
727,30,30,30,3.0145502645502646,0.5781379456712434,0.4659727422051444,-0.3828738480062821,2.144623214254579,0,0.0,0,0.0,0,0.0,2.0,4.25,2.25,PrismPoint Studios,24.88888888888889,Catalyst Core,21.875,Vertex Valley Ventures,17.88888888888889,LuxeLoom Enterprises,4,7.0,150,750
728,30,30,30,3.107486772486773,0.7281558085700255,0.2555538868884495,0.38149325280020197,2.4159220638351666,1,3.3333333333333335,0,0.0,1,3.3333333333333335,1.4285714285714286,5.0,3.571428571428571,EverVault Enterprises,25.142857142857142,Vertex Valley Ventures,23.333333333333332,StellarPath Logistics,19.444444444444443,PrismPoint Studios,4,5.6984126984126995,150,750
729,30,30,30,2.97787037037037,0.7031251825178851,-0.07811679500685344,-0.8360386157453279,2.4383868473314765,0,0.0,0,0.0,0,0.0,1.6666666666666667,4.333333333333333,2.666666666666666,Nebula Dynamics,21.77777777777778,TitanEdge Consulting,19.444444444444443,Ascendify Technologies,18.208333333333332,StellarPath Logistics,4,3.5694444444444464,150,750
730,30,30,30,3.003787878787878,0.7812524455088128,0.34026134534467894,-1.0765284117174194,2.627539248688392,0,0.0,0,0.0,0,0.0,1.8333333333333333,4.5,2.666666666666667,Apexion Innovations,22.40909090909091,Lumeon Strategies,20.428571428571427,Ascendify Technologies,20.428571428571427,Quantum Forge,3,1.980519480519483,150,750
731,30,30,30,2.933172198172198,0.8615591346052345,-0.5451229831988846,-0.030971215714442835,2.586569246460625,0,0.0,0,0.0,0,0.0,1.0,4.75,3.75,Nimbus Nexus,27.045454545454547,DeltaBloom Group,26.444444444444443,ZenithWorks,23.4375,Magnetar Innovations,3,3.6079545454545467,150,750
732,30,30,30,3.018769841269842,0.6840020567352411,0.010931382947537564,0.13936069160188902,2.435591746027931,2,6.666666666666667,1,3.3333333333333335,1,3.3333333333333335,1.3333333333333333,4.666666666666667,3.333333333333334,Orion Synergy,23.333333333333332,IronClad Systems,20.428571428571427,Apexion Innovations,18.75,PrismPoint Studios,5,4.583333333333332,150,750
733,30,30,30,3.130952380952381,0.7361473913961867,0.6219283116536318,0.008867739748965597,2.6150610122030695,1,3.3333333333333335,0,0.0,1,3.3333333333333335,1.8333333333333333,5.0,3.166666666666667,Vertex Valley Ventures,25.575,LuxeLoom Enterprises,22.65625,EverVault Enterprises,19.791666666666668,Nimbus Nexus,5,5.783333333333331,150,750
734,30,30,30,3.0296428571428566,0.584073416981797,-0.13228367974957048,-0.9123529296960031,2.2002119464072547,0,0.0,0,0.0,0,0.0,2.0,4.0,2.0,Lumeon Strategies,22.0,Nebula Dynamics,20.428571428571427,Vortex Venture Group,19.53125,IronClad Systems,4,2.46875,150,750
735,30,30,30,3.016031746031746,0.6476511235442801,0.3153859742089401,-0.25610688223635547,2.468273412406135,0,0.0,0,0.0,0,0.0,1.75,4.5,2.75,HarborWay Holdings,20.3125,Nebula Dynamics,19.642857142857142,Apexion Innovations,18.071428571428573,Apexion Innovations,4,2.241071428571427,150,750
736,30,30,30,2.920410052910053,0.5996587493226958,-1.0165874736919256,1.8195789954334707,2.103795668197918,2,6.666666666666667,2,6.666666666666667,0,0.0,1.0,3.8,2.8,Aurora Axis,21.09375,Crimson Arc Media,20.22222222222222,StellarPath Logistics,18.071428571428573,FusionBridge Networks,3,3.022321428571427,150,750
737,30,30,29,3.024562123700055,0.5961233368496538,0.4912739594250318,-0.6382981791054676,2.1524596240387113,0,0.0,0,0.0,0,0.0,2.0,4.333333333333333,2.333333333333333,Quantum Forge,24.025,Vortex Venture Group,22.555555555555557,Orion Synergy,21.09375,FusionBridge Networks,4,2.9312499999999986,150,750
738,30,30,30,3.0532010582010587,0.7800623297655105,0.24687940904284958,-0.14464208405696555,2.5214398352972784,1,3.3333333333333335,0,0.0,1,3.3333333333333335,1.6666666666666667,5.0,3.333333333333333,ZenithWorks,19.791666666666668,Ascendify Technologies,19.444444444444443,Apexion Innovations,18.857142857142858,EverVault Enterprises,4,0.9345238095238102,150,750
739,30,30,30,2.8604761904761897,0.8745266185202014,-0.37093226852803823,-0.5681565197987855,2.6593598634344997,0,0.0,0,0.0,0,0.0,1.0,4.333333333333333,3.333333333333333,Solaris Systems,22.785714285714285,Crimson Arc Media,22.354166666666668,IronClad Systems,20.428571428571427,Lumeon Strategies,3,2.3571428571428577,150,750
740,30,30,29,3.0120950888192266,0.5503806525637072,-0.8192957272583183,1.210855609406008,1.9999579182889273,1,3.4482758620689653,1,3.4482758620689653,0,0.0,1.3333333333333333,4.0,2.666666666666667,Magnetar Innovations,26.272727272727273,LuxeLoom Enterprises,21.875,Lumeon Strategies,21.875,ZenithWorks,2,4.397727272727273,150,750
741,30,30,30,3.002103174603174,0.7240996235775884,0.3122527705628616,0.9260318541739454,2.289820985861822,3,10.0,2,6.666666666666667,1,3.3333333333333335,1.5,5.0,3.5,TerraNova Solutions,23.333333333333332,TitanEdge Consulting,21.09375,HarborWay Holdings,18.75,Lumeon Strategies,4,4.583333333333332,150,750
742,30,30,30,3.0332142857142856,0.5889575284624329,0.05365521453613219,-0.714319812261166,2.1507926526718197,0,0.0,0,0.0,0,0.0,2.0,4.333333333333333,2.333333333333333,Cobalt Circuitry,21.875,Lumeon Strategies,21.7,TitanEdge Consulting,19.642857142857142,ZenithWorks,3,2.2321428571428577,150,750
743,30,30,30,3.021190476190476,0.7568893331161656,0.34634827051591005,0.1399944309780512,2.5437621626224827,1,3.3333333333333335,0,0.0,1,3.3333333333333335,1.75,5.0,3.25,TitanEdge Consulting,27.125,Catalyst Core,22.0,Apexion Innovations,19.791666666666668,EverVault Enterprises,3,7.333333333333332,150,750
744,30,30,30,3.0630291005291004,0.6245334370362986,-0.3942668737007651,0.29211658210543723,2.3311229704790555,1,3.3333333333333335,1,3.3333333333333335,0,0.0,1.3333333333333333,4.166666666666667,2.833333333333334,DeltaBloom Group,24.88888888888889,Solaris Systems,24.21875,Quantum Forge,23.4375,PeakVista Partners,3,1.4513888888888893,150,750
745,30,30,30,2.9287301587301586,0.6888637256760441,-0.4540465765848503,0.466795830194199,2.091416316690631,1,3.3333333333333335,1,3.3333333333333335,0,0.0,1.0,4.285714285714286,3.2857142857142856,IronClad Systems,23.4375,BlueFern BioTech,21.0,PeakVista Partners,18.071428571428573,Quantum Forge,4,5.366071428571427,150,750
746,30,30,30,3.1120634920634918,0.8378403291997587,0.6193027388453938,-0.13508803987186546,2.588106501963945,0,0.0,0,0.0,0,0.0,1.6,5.0,3.4,DeltaBloom Group,24.11111111111111,Vortex Venture Group,24.11111111111111,Solaris Systems,24.11111111111111,Apexion Innovations,4,0.0,150,750
747,30,30,30,2.9751587301587303,0.6672242928039276,0.17691709596930644,-0.6760440807456853,2.3974168451037094,0,0.0,0,0.0,0,0.0,1.6666666666666667,4.333333333333333,2.666666666666666,Ascendify Technologies,24.88888888888889,TitanEdge Consulting,24.11111111111111,Vortex Venture Group,19.791666666666668,Orion Synergy,4,5.097222222222221,150,750
748,30,30,30,3.01297619047619,0.7522861572540528,-0.31261108717835406,0.5676125795246567,2.586569246460625,1,3.3333333333333335,1,3.3333333333333335,0,0.0,1.0,4.666666666666667,3.666666666666667,Orion Synergy,23.4375,PrismPoint Studios,21.214285714285715,Cobalt Circuitry,20.3125,Solaris Systems,3,3.125,150,750
749,30,30,30,2.9465476190476187,0.6971555932514736,-0.7130247984268937,0.5418512767585137,2.468273412406135,1,3.3333333333333335,1,3.3333333333333335,0,0.0,1.0,4.166666666666667,3.166666666666667,PeakVista Partners,23.4375,Catalyst Core,20.428571428571427,IronClad Systems,19.53125,Nebula Dynamics,3,3.90625,150,750
750,30,30,30,3.04521164021164,0.6992145313988741,0.2335245108093859,-0.732692716050463,2.3357096652829434,0,0.0,0,0.0,0,0.0,1.75,4.333333333333333,2.583333333333333,FusionBridge Networks,27.9,ZenithWorks,25.575,Cobalt Circuitry,24.11111111111111,DeltaBloom Group,4,3.788888888888888,150,750
751,30,30,30,3.027380952380952,0.7034314850214095,0.7520497650527488,0.3253454023507394,2.4527021654271746,0,0.0,0,0.0,0,0.0,1.8,5.0,3.2,EchoSphere Analytics,21.875,DeltaBloom Group,19.642857142857142,PrismPoint Studios,18.857142857142858,Aurora Axis,3,3.0178571428571423,150,750
752,30,30,30,2.9632900432900438,0.6837356911523154,0.4170203112663919,-1.1061052200904884,2.2505377798848194,0,0.0,0,0.0,0,0.0,2.0,4.333333333333333,2.333333333333333,TitanEdge Consulting,21.214285714285715,Orion Synergy,20.3125,Ascendify Technologies,19.318181818181817,Apexion Innovations,3,1.8961038961038987,150,750
753,30,30,30,2.982354497354498,0.6664626068187307,-0.2992727520752892,-0.6575981986537012,2.4220460141423747,0,0.0,0,0.0,0,0.0,1.5,4.0,2.5,Lumeon Strategies,20.583333333333332,Orion Synergy,18.75,Apexion Innovations,18.208333333333332,Cobalt Circuitry,3,2.375,150,750
754,30,30,30,3.0309523809523804,0.5462550300208953,0.17014306838538334,-1.0561390951263863,2.1738845662071653,0,0.0,0,0.0,0,0.0,2.125,4.0,1.875,Nebula Dynamics,29.45,Aurora Axis,24.21875,Quantum Forge,19.642857142857142,TerraNova Solutions,2,9.807142857142857,150,750
755,30,30,30,3.001917989417989,0.6201641681031443,-1.544494273960841,2.56267916420719,1.982798115178801,3,10.0,3,10.0,0,0.0,1.0,4.0,3.0,TerraNova Solutions,31.88888888888889,Catalyst Core,18.857142857142858,Crimson Arc Media,18.75,EverVault Enterprises,3,13.13888888888889,150,750
756,30,30,30,2.965820105820106,0.5570210803668144,-0.3370900757526091,-0.06186118321162537,2.089482267019182,1,3.3333333333333335,1,3.3333333333333335,0,0.0,1.6666666666666667,4.166666666666667,2.5,TerraNova Solutions,28.675,StellarPath Logistics,23.333333333333332,TitanEdge Consulting,20.583333333333332,Apexion Innovations,3,8.091666666666669,150,750
757,30,30,30,3.0417857142857145,0.744716723131306,0.17966511927306647,0.34944407084403784,2.3974168451037094,1,3.3333333333333335,0,0.0,1,3.3333333333333335,1.6,5.0,3.4,DeltaBloom Group,20.3125,StellarPath Logistics,20.22222222222222,HydraFlux Labs,19.444444444444443,Lumeon Strategies,5,0.8680555555555571,150,750
758,30,30,30,2.882169312169312,0.6789188668790791,0.16810913072290437,-0.7122871848508177,2.2137576782928114,0,0.0,0,0.0,0,0.0,1.5,4.333333333333333,2.833333333333333,Vortex Venture Group,24.025,Quantum Forge,21.214285714285715,BlueFern BioTech,18.208333333333332,BlueFern BioTech,3,5.816666666666666,150,750
759,30,30,30,3.056349206349206,0.7664951827672117,0.24403552097684236,0.04085573820108657,2.454773168630612,1,3.3333333333333335,0,0.0,1,3.3333333333333335,1.5,5.0,3.5,TerraNova Solutions,23.333333333333332,IronClad Systems,20.428571428571427,HarborWay Holdings,18.857142857142858,TerraNova Solutions,4,4.4761904761904745,150,750
760,30,30,30,3.05021164021164,0.6026439354328326,-0.006214629133471209,-0.7768173227251589,2.2341969466957172,0,0.0,0,0.0,0,0.0,1.75,4.333333333333333,2.583333333333333,EverVault Enterprises,23.4375,IronClad Systems,21.09375,TerraNova Solutions,20.22222222222222,Catalyst Core,3,3.2152777777777786,150,750
761,30,30,30,2.954232804232804,0.6333280069438716,-0.2035775196279575,-0.5501466060657867,2.311941547876375,0,0.0,0,0.0,0,0.0,1.5,4.166666666666667,2.666666666666667,Magnetar Innovations,25.666666666666668,BlueFern BioTech,21.7,Quantum Forge,19.444444444444443,EverVault Enterprises,3,6.222222222222225,150,750
762,30,30,30,3.039523809523809,0.7685575985656021,0.6206715004381933,0.005353753278640738,2.6178561135066154,1,3.3333333333333335,0,0.0,1,3.3333333333333335,1.6666666666666667,5.0,3.333333333333333,Catalyst Core,25.5,DeltaBloom Group,22.65625,Vertex Valley Ventures,22.475,Solaris Systems,4,3.0249999999999986,150,750
763,30,30,30,2.9297486772486763,0.8164601710551147,-0.6478523310331513,0.04143374948017309,2.555379347475708,2,6.666666666666667,2,6.666666666666667,0,0.0,1.0,4.333333333333333,3.333333333333333,Ascendify Technologies,24.11111111111111,Aurora Axis,21.875,Catalyst Core,19.53125,Crimson Arc Media,3,4.579861111111111,150,750
764,30,30,30,2.988068783068783,0.6278877516010495,-0.044637045493927295,-0.952385816491895,2.4043103816210585,0,0.0,0,0.0,0,0.0,1.8571428571428572,4.0,2.142857142857143,HarborWay Holdings,24.88888888888889,Cobalt Circuitry,22.785714285714285,TerraNova Solutions,17.285714285714285,Vertex Valley Ventures,3,7.603174603174605,150,750
765,30,30,30,3.028359788359788,0.567240112797952,-0.09033541347794685,0.40155656159603126,2.0605596339092362,1,3.3333333333333335,1,3.3333333333333335,0,0.0,1.6,4.333333333333333,2.733333333333333,ZenithWorks,21.77777777777778,LuxeLoom Enterprises,19.53125,Vertex Valley Ventures,19.53125,BlueFern BioTech,3,2.2465277777777786,150,750
766,30,30,30,2.965873015873016,0.65623883450411,-0.1987244015680414,-0.45720582051357006,2.386035498760508,0,0.0,0,0.0,0,0.0,1.5,4.25,2.75,Orion Synergy,22.785714285714285,IronClad Systems,20.3125,Aurora Axis,19.0,Cobalt Circuitry,3,3.7857142857142847,150,750
767,30,30,30,3.1066005291005285,0.8859214361320603,0.6310590360052301,-0.3236950732950157,2.6797991318374055,0,0.0,0,0.0,0,0.0,1.6,5.0,3.4,HarborWay Holdings,23.4375,Quantum Forge,21.875,Solaris Systems,19.642857142857142,Catalyst Core,3,3.7946428571428577,150,750
768,30,30,30,3.0204761904761903,0.696663466017016,0.19764392763380137,-0.4212781278031503,2.383382853628069,1,3.3333333333333335,0,0.0,1,3.3333333333333335,1.8571428571428572,4.666666666666667,2.8095238095238098,TitanEdge Consulting,22.785714285714285,FusionBridge Networks,22.785714285714285,Apexion Innovations,18.75,Cobalt Circuitry,3,4.035714285714285,150,750
769,30,30,30,2.9282539682539688,0.5905197063244979,-0.17910138111752924,-0.9726071635620039,2.2797991318374056,0,0.0,0,0.0,0,0.0,1.6666666666666667,4.0,2.333333333333333,Cobalt Circuitry,19.53125,Apexion Innovations,18.857142857142858,Vortex Venture Group,18.208333333333332,LuxeLoom Enterprises,3,1.3229166666666679,150,750
770,30,30,29,3.0047755883962783,0.6850022758675995,0.5284203917105668,0.802370054180733,2.4042390814699344,1,3.4482758620689653,0,0.0,1,3.4482758620689653,1.6,5.0,3.4,PeakVista Partners,20.22222222222222,Aurora Axis,18.857142857142858,TitanEdge Consulting,18.75,Vertex Valley Ventures,4,1.4722222222222214,150,750
771,30,30,30,3.022116402116402,0.6766790573272048,0.16386501696565112,-0.7576973167550198,2.489246428509158,0,0.0,0,0.0,0,0.0,1.75,4.5,2.75,TitanEdge Consulting,24.88888888888889,Aurora Axis,18.857142857142858,BlueFern BioTech,17.416666666666668,Crimson Arc Media,3,7.472222222222221,150,750
772,30,30,30,3.038637566137566,0.6479513723811205,-0.14583771319408503,-0.9844291056595464,2.426144449356179,0,0.0,0,0.0,0,0.0,1.75,4.0,2.25,FusionBridge Networks,20.428571428571427,EverVault Enterprises,19.53125,PrismPoint Studios,19.0,TitanEdge Consulting,2,1.428571428571427,150,750
773,30,30,29,3.0067323481116586,0.5979569495161609,0.24939339271177824,-0.5985973484861238,2.200786166646137,0,0.0,0,0.0,0,0.0,2.0,4.4,2.4000000000000004,EchoSphere Analytics,22.65625,StellarPath Logistics,22.0,Aurora Axis,17.416666666666668,Nimbus Nexus,4,5.239583333333332,150,750
774,30,30,30,2.929682539682539,0.6935138390460206,-0.07059116614636801,-0.7488393296849263,2.3689250793612646,0,0.0,0,0.0,0,0.0,1.6666666666666667,4.333333333333333,2.666666666666666,Quantum Forge,22.0,ZenithWorks,21.7,PeakVista Partners,21.7,Aurora Axis,3,0.3000000000000007,150,750
775,30,30,29,3.016619395929741,0.6850432371047998,0.9217758180499964,0.7926112817643363,2.4514137557544395,1,3.4482758620689653,0,0.0,1,3.4482758620689653,1.75,5.0,3.25,Nebula Dynamics,29.363636363636363,StellarPath Logistics,19.642857142857142,HarborWay Holdings,19.444444444444443,Nimbus Nexus,4,9.91919191919192,150,750
776,30,30,30,2.8695370370370368,0.6672645788407946,-1.0143364216839181,0.7379701327969168,2.1827981151788007,1,3.3333333333333335,1,3.3333333333333335,0,0.0,1.0,4.0,3.0,Catalyst Core,21.09375,Nimbus Nexus,17.88888888888889,HydraFlux Labs,17.416666666666668,Aurora Axis,4,3.677083333333332,150,750
777,30,30,29,3.0680449818380855,0.6748648176428416,0.13740380263405239,0.5254382388522028,2.4570964121813543,3,10.344827586206897,1,3.4482758620689653,2,6.896551724137931,1.5,4.666666666666667,3.166666666666667,Nebula Dynamics,27.818181818181817,Orion Synergy,25.5,Aurora Axis,24.11111111111111,PeakVista Partners,3,3.707070707070706,150,750
778,30,30,30,3.0672751322751326,0.6473930927577838,0.023611708183065638,-0.5655760696234333,2.401515280317513,0,0.0,0,0.0,0,0.0,1.6,4.333333333333333,2.733333333333333,Aurora Axis,20.428571428571427,Catalyst Core,20.22222222222222,Vortex Venture Group,18.208333333333332,Vertex Valley Ventures,3,2.220238095238095,150,750
779,30,30,30,3.1710052910052915,0.7685940022487978,0.20646830536098068,-0.5639634239097617,2.581937063546704,0,0.0,0,0.0,0,0.0,1.8,5.0,3.2,Vertex Valley Ventures,30.833333333333332,HarborWay Holdings,29.291666666666668,DeltaBloom Group,20.428571428571427,Lumeon Strategies,5,10.404761904761905,150,750
780,30,30,29,3.024493705528188,0.5763726686933118,-0.2572252061949966,0.17334745391627582,2.155554138495689,0,0.0,0,0.0,0,0.0,1.5714285714285714,4.2,2.628571428571429,FusionBridge Networks,24.357142857142858,Vortex Venture Group,21.09375,Cobalt Circuitry,20.3125,LuxeLoom Enterprises,4,4.044642857142858,150,750
781,30,30,30,2.9444047619047624,0.6941265814484546,-0.04747285568973103,1.1027641311183052,2.3459265481648375,2,6.666666666666667,1,3.3333333333333335,1,3.3333333333333335,1.0,4.666666666666667,3.666666666666667,EchoSphere Analytics,21.875,HarborWay Holdings,20.3125,Solaris Systems,18.666666666666668,TerraNova Solutions,3,3.208333333333332,150,750
782,30,30,30,2.9355555555555553,0.7729381988940965,-0.45772235672175093,0.1115644216692746,2.5974168451037096,1,3.3333333333333335,1,3.3333333333333335,0,0.0,1.0,4.5,3.5,LuxeLoom Enterprises,21.7,FusionBridge Networks,18.4,Vortex Venture Group,17.416666666666668,Orion Synergy,4,4.283333333333331,150,750
783,30,30,29,3.1026135741652983,0.5690312778172113,0.4945458274920467,-0.2103499326212135,2.05322374270845,0,0.0,0,0.0,0,0.0,2.0,4.333333333333333,2.333333333333333,Orion Synergy,28.675,TerraNova Solutions,25.575,BlueFern BioTech,25.575,BlueFern BioTech,3,3.1000000000000014,150,750
784,30,30,30,2.9037566137566135,0.725383132717066,-0.7287956064174798,0.22907675151917628,2.412593214831504,1,3.3333333333333335,1,3.3333333333333335,0,0.0,1.0,4.0,3.0,ZenithWorks,20.22222222222222,Catalyst Core,19.0,Aurora Axis,18.857142857142858,Vortex Venture Group,4,1.3650793650793638,150,750
785,30,30,30,2.994431216931217,0.7220551327394837,0.8280525394767284,0.3962803040922811,2.4011184861493846,1,3.3333333333333335,0,0.0,1,3.3333333333333335,1.75,5.0,3.25,DeltaBloom Group,18.857142857142858,PeakVista Partners,17.416666666666668,Cobalt Circuitry,17.285714285714285,Lumeon Strategies,3,1.571428571428573,150,750
786,30,30,30,2.985,0.5756452063798655,-0.30813679205766875,-0.4887471389987983,2.217856113506615,0,0.0,0,0.0,0,0.0,1.6666666666666667,4.0,2.333333333333333,StellarPath Logistics,27.9,EchoSphere Analytics,21.0,Solaris Systems,21.0,HydraFlux Labs,5,6.899999999999999,150,750
787,30,30,30,2.9771572871572873,0.6236457044448337,0.18047604125706593,1.2283670239042328,2.188594761554029,4,13.333333333333334,2,6.666666666666667,2,6.666666666666667,1.3333333333333333,4.666666666666667,3.333333333333334,Vortex Venture Group,24.8,TerraNova Solutions,24.727272727272727,Ascendify Technologies,21.875,Crimson Arc Media,4,2.9250000000000007,150,750
788,30,30,30,2.986666666666667,0.706869744585852,-0.34548476819181784,0.4251438039122286,2.4247496500239647,0,0.0,0,0.0,0,0.0,1.0,4.5,3.5,Vertex Valley Ventures,24.11111111111111,TitanEdge Consulting,22.555555555555557,FusionBridge Networks,20.428571428571427,FusionBridge Networks,3,3.6825396825396837,150,750
789,30,30,30,2.9368831168831173,0.6490347291862824,-0.21212748569174497,-0.17424678609315913,2.279936085369394,1,3.3333333333333335,0,0.0,1,3.3333333333333335,1.6666666666666667,4.2,2.533333333333333,Solaris Systems,30.90909090909091,HarborWay Holdings,27.125,Nimbus Nexus,19.53125,FusionBridge Networks,4,11.37784090909091,150,750
790,30,30,30,3.07297619047619,0.7442935561794279,0.5477574725208244,0.3485788779302208,2.56226738135394,1,3.3333333333333335,0,0.0,1,3.3333333333333335,1.8,5.0,3.2,FusionBridge Networks,25.666666666666668,Nimbus Nexus,25.4375,TitanEdge Consulting,25.0,Cobalt Circuitry,4,0.6666666666666679,150,750
791,30,30,30,2.967857142857143,0.6574196420779285,0.002359742424973372,-0.24378150936451215,2.4011184861493846,0,0.0,0,0.0,0,0.0,1.6666666666666667,4.5,2.833333333333333,HarborWay Holdings,23.4375,LuxeLoom Enterprises,20.3125,HydraFlux Labs,18.75,Catalyst Core,3,4.6875,150,750
792,30,30,30,2.953531746031746,0.5937165858309446,-0.06316501380044286,0.06023845419483065,2.226281402888167,0,0.0,0,0.0,0,0.0,1.6666666666666667,4.333333333333333,2.666666666666666,TitanEdge Consulting,21.875,PeakVista Partners,21.09375,Nimbus Nexus,19.642857142857142,Nimbus Nexus,3,2.2321428571428577,150,750
793,30,30,30,2.9691005291005292,0.6288248691848727,0.08107586418979339,0.05921129411860315,2.209406821998948,0,0.0,0,0.0,0,0.0,1.5,4.5,3.0,Cobalt Circuitry,21.214285714285715,HarborWay Holdings,20.15,Vertex Valley Ventures,19.0,Ascendify Technologies,5,2.2142857142857153,150,750
794,30,30,30,3.0299603174603176,0.549526361316093,-0.0018127378419414142,-0.8301736651094278,2.143762162622482,0,0.0,0,0.0,0,0.0,2.0,4.0,2.0,TitanEdge Consulting,22.65625,HydraFlux Labs,18.75,Solaris Systems,18.208333333333332,Ascendify Technologies,3,4.447916666666668,150,750
795,30,30,30,2.96568783068783,0.8928292631351726,-0.3304237215857152,-0.09105791562688159,2.495600714687273,2,6.666666666666667,2,6.666666666666667,0,0.0,1.0,4.5,3.5,Vortex Venture Group,24.88888888888889,Solaris Systems,21.0,Crimson Arc Media,19.53125,Vertex Valley Ventures,3,5.357638888888889,150,750
796,30,30,29,2.9608784893267655,0.6212237333083673,0.296004548022641,-0.22397987198238578,2.303851331816752,0,0.0,0,0.0,0,0.0,1.875,4.5,2.625,PrismPoint Studios,25.78125,Vertex Valley Ventures,24.025,Catalyst Core,18.666666666666668,LuxeLoom Enterprises,4,7.114583333333332,150,750
797,30,30,30,2.9812674362674367,0.7546524680652501,0.11630203310003408,-0.4652067249540104,2.546465798504072,0,0.0,0,0.0,0,0.0,1.4,4.666666666666667,3.266666666666667,Cobalt Circuitry,27.045454545454547,Vortex Venture Group,21.875,FusionBridge Networks,18.4,TitanEdge Consulting,3,8.645454545454548,150,750
798,30,30,30,2.8657804232804236,0.6188519793567743,-0.4934933512166718,-1.0555310040961783,2.0547731686306117,0,0.0,0,0.0,0,0.0,1.5,3.6666666666666665,2.1666666666666665,Apexion Innovations,21.7,Quantum Forge,19.0,Vertex Valley Ventures,17.416666666666668,Cobalt Circuitry,3,4.283333333333331,150,750
799,30,30,30,3.0364417989417998,0.6680870960330229,0.40997590428195496,-0.3176876347720432,2.263061504480175,2,6.666666666666667,0,0.0,2,6.666666666666667,1.8571428571428572,4.4,2.542857142857143,TerraNova Solutions,22.785714285714285,EverVault Enterprises,20.3125,LuxeLoom Enterprises,20.22222222222222,StellarPath Logistics,3,2.5634920634920633,150,750
800,30,30,30,2.8587698412698415,0.7616042613834432,-0.38848959536691524,-0.5457712563288593,2.36753028002905,0,0.0,0,0.0,0,0.0,1.25,4.333333333333333,3.083333333333333,StellarPath Logistics,21.7,Solaris Systems,20.15,Magnetar Innovations,18.071428571428573,ZenithWorks,4,3.6285714285714263,150,750
801,30,30,30,2.923214285714286,0.6568019266004723,0.600095889321788,1.8497354799331962,2.1594777826895113,2,6.666666666666667,1,3.3333333333333335,1,3.3333333333333335,1.5,5.0,3.5,BlueFern BioTech,25.5,HydraFlux Labs,19.53125,LuxeLoom Enterprises,16.5,TitanEdge Consulting,4,9.0,150,750
802,30,30,30,3.1367496392496386,0.7784626731872424,0.8087887146541459,0.3984021158374751,2.58054226421449,2,6.666666666666667,0,0.0,2,6.666666666666667,1.8,5.0,3.2,Catalyst Core,31.681818181818183,Magnetar Innovations,23.333333333333332,ZenithWorks,21.09375,IronClad Systems,3,10.588068181818183,150,750
803,30,30,30,2.9736772486772485,0.6795200162459778,0.01805083963018049,-1.0673397133243834,2.4015152803175135,0,0.0,0,0.0,0,0.0,1.6,4.0,2.4,ZenithWorks,21.0,DeltaBloom Group,20.428571428571427,Lumeon Strategies,18.208333333333332,PeakVista Partners,4,2.791666666666668,150,750
804,30,30,30,3.140634920634921,0.8433437151121113,0.195547008382344,-0.5665290986209701,2.7329145639793975,0,0.0,0,0.0,0,0.0,1.6666666666666667,5.0,3.333333333333333,EchoSphere Analytics,26.5625,StellarPath Logistics,23.333333333333332,Vortex Venture Group,20.428571428571427,Aurora Axis,3,6.133928571428573,150,750
805,30,30,30,2.9471825396825397,0.7525811268858139,-0.0679886913955097,1.472008841694957,2.2874548350088157,3,10.0,2,6.666666666666667,1,3.3333333333333335,1.0,5.0,4.0,Crimson Arc Media,24.666666666666668,HydraFlux Labs,21.0,TitanEdge Consulting,19.53125,Crimson Arc Media,4,5.135416666666668,150,750
806,30,30,30,2.963624338624339,0.6345571076806983,0.02709839335847544,-0.941002822590931,2.34043331361882,0,0.0,0,0.0,0,0.0,1.8571428571428572,4.0,2.142857142857143,HarborWay Holdings,22.785714285714285,PeakVista Partners,20.3125,ZenithWorks,17.88888888888889,Cobalt Circuitry,5,4.896825396825395,150,750
807,30,30,29,3.0618226600985228,0.6201816323932501,0.27848427307852086,-0.15301686470964526,2.2102981069134056,1,3.4482758620689653,0,0.0,1,3.4482758620689653,2.0,4.5,2.5,DeltaBloom Group,28.675,Magnetar Innovations,24.8,Ascendify Technologies,21.583333333333332,Aurora Axis,2,7.091666666666669,150,750
808,30,30,29,2.9909762651141962,0.6680484437841547,-0.27948436584825764,-0.9640234763208584,2.348639618121814,0,0.0,0,0.0,0,0.0,1.6666666666666667,4.125,2.458333333333333,Quantum Forge,23.4375,HydraFlux Labs,21.875,HarborWay Holdings,21.09375,LuxeLoom Enterprises,3,2.34375,150,750
809,30,30,30,2.929404761904762,0.7349171091228118,-0.3832150985416863,-0.06478032407373435,2.3683913316611473,0,0.0,0,0.0,0,0.0,1.0,4.333333333333333,3.333333333333333,Aurora Axis,24.11111111111111,EchoSphere Analytics,22.0,Magnetar Innovations,19.642857142857142,TitanEdge Consulting,3,4.468253968253968,150,750
810,30,30,30,2.953492063492064,0.6556748997788845,-0.06860470971911142,0.611243825686762,2.226281402888167,3,10.0,2,6.666666666666667,1,3.3333333333333335,1.5,4.666666666666667,3.166666666666667,TitanEdge Consulting,23.333333333333332,Nimbus Nexus,21.875,Orion Synergy,20.3125,Solaris Systems,3,3.020833333333332,150,750
811,30,30,30,3.0503174603174608,0.7472822978657073,0.6447056951282093,-0.036055937645239844,2.381937063546704,2,6.666666666666667,0,0.0,2,6.666666666666667,1.75,5.0,3.25,Lumeon Strategies,24.025,HarborWay Holdings,18.75,HydraFlux Labs,18.208333333333332,Magnetar Innovations,4,5.816666666666666,150,750
812,30,30,30,2.99287037037037,0.6837333867833938,0.4301042363225135,0.3674038463498501,2.3792844184142647,3,10.0,1,3.3333333333333335,2,6.666666666666667,1.5,4.666666666666667,3.166666666666667,Lumeon Strategies,22.65625,Nebula Dynamics,19.53125,Vertex Valley Ventures,18.071428571428573,IronClad Systems,3,4.584821428571427,150,750
813,30,30,30,2.88962962962963,0.7068119563005318,-0.9583210593278245,0.5238531471024768,2.387430298092722,2,6.666666666666667,2,6.666666666666667,0,0.0,1.0,4.0,3.0,Nimbus Nexus,20.3125,Nebula Dynamics,19.444444444444443,Cobalt Circuitry,17.285714285714285,Orion Synergy,4,3.0267857142857153,150,750
814,30,30,30,2.9690079365079365,0.5509334210952516,0.9535098115467417,0.7461166943127742,2.1949490477321434,2,6.666666666666667,0,0.0,2,6.666666666666667,2.2,4.6,2.3999999999999995,EverVault Enterprises,21.0,LuxeLoom Enterprises,18.75,HarborWay Holdings,17.96875,EverVault Enterprises,4,3.03125,150,750
815,30,30,30,3.003240740740741,0.7631449760741092,0.2639780845970734,0.33693502797962704,2.432262897024269,1,3.3333333333333335,0,0.0,1,3.3333333333333335,1.25,5.0,3.75,TitanEdge Consulting,22.555555555555557,Solaris Systems,18.857142857142858,TerraNova Solutions,18.208333333333332,ZenithWorks,5,4.347222222222225,150,750
816,30,30,30,2.9081216931216933,0.7877965083143995,-1.0195770805478506,0.024245170048998066,2.226281402888167,2,6.666666666666667,2,6.666666666666667,0,0.0,1.0,4.0,3.0,Orion Synergy,28.125,Lumeon Strategies,21.09375,HydraFlux Labs,19.53125,TerraNova Solutions,3,8.59375,150,750
817,30,30,30,2.9831349206349205,0.690910651719607,-0.12070329055613796,-0.6939953807021464,2.3885947615540295,0,0.0,0,0.0,0,0.0,1.5,4.2,2.7,IronClad Systems,24.21875,Apexion Innovations,18.75,Crimson Arc Media,18.208333333333332,Orion Synergy,3,6.010416666666668,150,750
818,30,30,30,2.8315079365079368,0.8322609161508667,-0.8873845574248045,0.047608322903273326,2.2634582986483034,4,13.333333333333334,4,13.333333333333334,0,0.0,1.0,4.4,3.4000000000000004,TitanEdge Consulting,24.666666666666668,LuxeLoom Enterprises,23.333333333333332,EchoSphere Analytics,20.925,Nimbus Nexus,4,3.741666666666667,150,750
819,30,30,30,3.027362914862914,0.6746695945900201,0.15379494693490445,-0.13110884123855415,2.450537779884819,0,0.0,0,0.0,0,0.0,1.5,4.666666666666667,3.166666666666667,Vortex Venture Group,28.59090909090909,Cobalt Circuitry,21.875,Vertex Valley Ventures,21.214285714285715,Lumeon Strategies,5,7.376623376623375,150,750
820,30,30,30,3.0020959595959598,0.7013931238450551,-0.10521768862295411,-0.06810214353152455,2.6084088168348627,0,0.0,0,0.0,0,0.0,1.3333333333333333,4.5,3.166666666666667,Lumeon Strategies,30.136363636363637,TerraNova Solutions,19.53125,HydraFlux Labs,16.5,Ascendify Technologies,3,13.636363636363637,150,750
821,30,30,30,2.950624098124099,0.6742398772480614,-0.2551936055861393,2.0265317228706543,2.29676517814858,4,13.333333333333334,2,6.666666666666667,2,6.666666666666667,1.0,4.75,3.75,TerraNova Solutions,24.11111111111111,Magnetar Innovations,23.954545454545453,Nimbus Nexus,20.22222222222222,ZenithWorks,3,3.8888888888888893,150,750
822,30,30,30,2.897791005291005,0.8440143517455855,0.030081633613921948,0.21842648299303669,2.5629435852251627,1,3.3333333333333335,0,0.0,1,3.3333333333333335,1.0,5.0,4.0,HarborWay Holdings,22.785714285714285,Orion Synergy,21.77777777777778,Vertex Valley Ventures,20.3125,EchoSphere Analytics,4,2.4732142857142847,150,750
823,30,30,30,2.9763492063492065,0.8890685086376339,0.2406133804065852,0.15209652095520187,2.7219280948873625,0,0.0,0,0.0,0,0.0,1.0,5.0,4.0,Nimbus Nexus,19.791666666666668,Vertex Valley Ventures,19.642857142857142,ZenithWorks,16.8,IronClad Systems,4,2.991666666666667,150,750
824,30,30,30,2.9991558441558444,0.5596552833273746,-0.10752575983836274,0.26754278048696944,2.05279363084913,2,6.666666666666667,1,3.3333333333333335,1,3.3333333333333335,1.6666666666666667,4.25,2.583333333333333,HarborWay Holdings,32.45454545454545,Quantum Forge,24.21875,Apexion Innovations,21.09375,BlueFern BioTech,4,11.360795454545453,150,750
825,30,30,30,3.022857142857143,0.7274009167758723,0.6039089471057468,0.7791892608440638,2.2660528684552537,1,3.3333333333333335,0,0.0,1,3.3333333333333335,1.3333333333333333,5.0,3.666666666666667,PeakVista Partners,23.333333333333332,Solaris Systems,21.214285714285715,Crimson Arc Media,18.857142857142858,Solaris Systems,4,4.4761904761904745,150,750
826,30,30,30,2.9192592592592583,0.6862640155507066,-0.4681297932678799,0.4401846836495107,2.4602209150665963,1,3.3333333333333335,1,3.3333333333333335,0,0.0,1.0,4.25,3.25,Magnetar Innovations,23.25,BlueFern BioTech,20.925,EverVault Enterprises,20.3125,BlueFern BioTech,3,2.9375,150,750
827,30,30,30,2.9786111111111118,0.6718182818232078,0.05403110598195411,-0.6514844858503879,2.3055872616982604,0,0.0,0,0.0,0,0.0,1.6,4.4,2.8000000000000003,Quantum Forge,19.642857142857142,DeltaBloom Group,18.208333333333332,PrismPoint Studios,18.208333333333332,Aurora Axis,5,1.4345238095238102,150,750
828,30,30,30,3.110396825396826,0.6902634714599303,0.8885946146741219,0.5081383522532281,2.387430298092722,3,10.0,0,0.0,3,10.0,2.0,5.0,3.0,Vertex Valley Ventures,24.11111111111111,EchoSphere Analytics,20.22222222222222,TitanEdge Consulting,19.642857142857142,HarborWay Holdings,3,4.468253968253968,150,750
829,30,30,30,2.9833201058201055,0.5022062737366196,-1.329298730457826,2.9405246262076448,1.8987345348334579,1,3.3333333333333335,1,3.3333333333333335,0,0.0,1.2,3.6666666666666665,2.466666666666667,Cobalt Circuitry,24.11111111111111,IronClad Systems,20.3125,Lumeon Strategies,19.53125,PeakVista Partners,3,4.579861111111111,150,750
830,30,30,30,2.961560846560847,0.646843750618733,0.5973317833725322,0.13312286308193944,2.3055872616982604,0,0.0,0,0.0,0,0.0,1.6666666666666667,4.5,2.833333333333333,IronClad Systems,21.09375,Orion Synergy,20.22222222222222,Nimbus Nexus,18.071428571428573,EverVault Enterprises,3,3.022321428571427,150,750
831,30,30,30,3.0368783068783065,0.5573546448988868,0.6979307033023671,0.28863172269972104,2.114983902600604,1,3.3333333333333335,0,0.0,1,3.3333333333333335,2.125,4.5,2.375,Lumeon Strategies,24.21875,FusionBridge Networks,23.333333333333332,StellarPath Logistics,20.22222222222222,Magnetar Innovations,3,3.9965277777777786,150,750
832,30,30,30,2.9178571428571427,0.8136773695255416,0.09651672084319968,-0.8434148893339097,2.6275392486883917,0,0.0,0,0.0,0,0.0,1.5,4.666666666666667,3.166666666666667,Quantum Forge,21.09375,HarborWay Holdings,20.583333333333332,Catalyst Core,17.825,Magnetar Innovations,3,3.2687500000000007,150,750
833,30,30,30,3.0098773448773444,0.7065784401564295,0.38690672813875226,-0.6608772862608654,2.4682734124061354,0,0.0,0,0.0,0,0.0,1.8,4.5,2.7,BlueFern BioTech,27.818181818181817,Aurora Axis,18.857142857142858,TerraNova Solutions,18.071428571428573,PrismPoint Studios,4,9.746753246753244,150,750
834,30,30,30,3.025132275132275,0.7328377807345771,0.10299326184836853,0.6832858506975605,2.251932579217033,0,0.0,0,0.0,0,0.0,1.2,5.0,3.8,PeakVista Partners,25.5,Crimson Arc Media,22.555555555555557,Vertex Valley Ventures,19.2,Orion Synergy,3,6.300000000000001,150,750
835,30,30,30,3.0073148148148143,0.6481031110851047,0.3564531643113413,-0.5993895537097731,2.220651214810161,0,0.0,0,0.0,0,0.0,2.0,4.333333333333333,2.333333333333333,HydraFlux Labs,24.21875,Quantum Forge,22.555555555555557,Crimson Arc Media,18.208333333333332,EchoSphere Analytics,3,6.010416666666668,150,750
836,30,30,30,2.954497354497354,0.533466579291384,0.13594293396584942,-1.049247829754306,2.102494251204622,0,0.0,0,0.0,0,0.0,2.0,4.0,2.0,TitanEdge Consulting,21.875,EverVault Enterprises,20.428571428571427,TerraNova Solutions,20.22222222222222,Cobalt Circuitry,3,1.6527777777777786,150,750
837,30,30,30,3.075833333333333,0.6576078948918088,0.7001099913480976,-0.4675234352628377,2.3967916319816367,0,0.0,0,0.0,0,0.0,2.25,4.5,2.25,BlueFern BioTech,25.666666666666668,FusionBridge Networks,20.428571428571427,Cobalt Circuitry,19.642857142857142,EchoSphere Analytics,4,6.0238095238095255,150,750
838,30,30,30,3.0974603174603175,0.8504491017863155,0.38661644901670744,-0.2879259504687446,2.6137576782928114,0,0.0,0,0.0,0,0.0,1.6666666666666667,5.0,3.333333333333333,FusionBridge Networks,22.65625,Magnetar Innovations,19.642857142857142,StellarPath Logistics,19.0,Orion Synergy,2,3.65625,150,750
839,30,30,29,3.0352216748768472,0.5829206272074047,1.4428524671857814,2.4308445990920537,2.0554627622350243,1,3.4482758620689653,0,0.0,1,3.4482758620689653,2.25,5.0,2.75,ZenithWorks,20.3125,DeltaBloom Group,19.642857142857142,Solaris Systems,19.642857142857142,Vortex Venture Group,3,0.6696428571428577,150,750
840,30,30,30,3.034126984126984,0.7338355277299059,0.05658492397346802,-0.22493342244892212,2.5730235145750684,0,0.0,0,0.0,0,0.0,1.5,4.666666666666667,3.166666666666667,EverVault Enterprises,27.34375,TitanEdge Consulting,21.214285714285715,Ascendify Technologies,19.642857142857142,Vortex Venture Group,3,7.700892857142858,150,750
841,30,30,30,3.016825396825397,0.6909576682909876,1.0153265745055973,0.6537742775947408,2.198277896735806,3,10.0,0,0.0,3,10.0,2.0,4.8,2.8,ZenithWorks,24.025,Vortex Venture Group,20.3125,DeltaBloom Group,17.285714285714285,Crimson Arc Media,3,6.739285714285714,150,750
842,30,30,30,3.005714285714286,0.6664950459369547,-0.059805068749969985,-0.10239537707628488,2.42421039968473,0,0.0,0,0.0,0,0.0,1.6,4.5,2.9,Cobalt Circuitry,24.025,FusionBridge Networks,21.214285714285715,Nimbus Nexus,18.208333333333332,Nimbus Nexus,4,5.816666666666666,150,750
843,30,30,29,2.9762452107279698,0.7314728106060739,-0.33205501093439693,-0.3092655598686038,2.512601256127451,0,0.0,0,0.0,0,0.0,1.2,4.25,3.05,Nimbus Nexus,25.575,EverVault Enterprises,22.555555555555557,Nebula Dynamics,21.875,Magnetar Innovations,4,3.6999999999999993,150,750
844,30,30,30,3.000714285714286,0.6239318612621977,0.027063839469543848,-1.0985862959554566,2.2131324651707387,0,0.0,0,0.0,0,0.0,2.0,4.166666666666667,2.166666666666667,Ascendify Technologies,25.0,ZenithWorks,22.65625,PrismPoint Studios,19.642857142857142,ZenithWorks,3,5.357142857142858,150,750
845,30,30,30,2.9714682539682538,0.7442404501447399,0.11232452824030707,1.025420890472346,2.4811939311696194,2,6.666666666666667,1,3.3333333333333335,1,3.3333333333333335,1.0,5.0,4.0,Vortex Venture Group,24.666666666666668,Orion Synergy,21.875,Solaris Systems,21.09375,IronClad Systems,4,3.572916666666668,150,750
846,30,30,30,2.9131746031746033,0.7429244814140964,-0.00031949681395423236,0.27683420056678765,2.432262897024269,1,3.3333333333333335,1,3.3333333333333335,0,0.0,1.0,4.5,3.5,Vortex Venture Group,24.21875,Ascendify Technologies,22.65625,Magnetar Innovations,19.53125,TerraNova Solutions,3,4.6875,150,750
847,30,30,30,2.9265343915343913,0.6709145869184894,0.627476043241178,1.2060675782555386,2.1847776529602827,1,3.3333333333333335,0,0.0,1,3.3333333333333335,1.6666666666666667,5.0,3.333333333333333,Quantum Forge,24.666666666666668,PrismPoint Studios,21.77777777777778,Apexion Innovations,18.857142857142858,LuxeLoom Enterprises,3,5.80952380952381,150,750
848,30,30,30,2.9758994708994706,0.7528799576244866,-0.36338610655618625,0.24355447763227556,2.494205915355059,1,3.3333333333333335,1,3.3333333333333335,0,0.0,1.0,4.4,3.4000000000000004,Vortex Venture Group,29.946428571428573,Nebula Dynamics,22.475,EchoSphere Analytics,21.77777777777778,HydraFlux Labs,3,8.168650793650794,150,750
849,30,30,30,2.942010582010582,0.6608727484739714,-1.4577862303224305,2.580170101738009,2.092811116022845,2,6.666666666666667,2,6.666666666666667,0,0.0,1.0,4.0,3.0,Solaris Systems,24.88888888888889,Quantum Forge,22.555555555555557,Nimbus Nexus,21.7,Quantum Forge,3,3.18888888888889,150,750
850,30,30,30,3.026984126984127,0.8045849183924031,-0.11842687699854905,-1.3349360629215832,2.4676481992840626,0,0.0,0,0.0,0,0.0,1.6666666666666667,4.25,2.583333333333333,PeakVista Partners,25.575,Quantum Forge,25.0,DeltaBloom Group,20.583333333333332,StellarPath Logistics,3,4.991666666666667,150,750
851,30,30,30,2.9509523809523808,0.7602686674538272,-0.887588905025556,0.6642411030772739,2.4711140018197137,2,6.666666666666667,2,6.666666666666667,0,0.0,1.0,4.0,3.0,Catalyst Core,25.575,Aurora Axis,23.333333333333332,StellarPath Logistics,22.65625,PrismPoint Studios,3,2.9187499999999993,150,750
852,30,30,30,2.9620899470899476,0.5739030302574033,-1.187554650728146,1.0465380068586523,1.9735572622751854,1,3.3333333333333335,1,3.3333333333333335,0,0.0,1.25,3.8,2.55,PeakVista Partners,20.428571428571427,StellarPath Logistics,17.416666666666668,PrismPoint Studios,17.416666666666668,Crimson Arc Media,3,3.011904761904759,150,750
853,30,30,30,2.870978835978836,0.8893931790256451,-0.42017435341873993,-0.3895999501786771,2.764735178725505,0,0.0,0,0.0,0,0.0,1.0,4.6,3.5999999999999996,StellarPath Logistics,22.0,FusionBridge Networks,22.0,IronClad Systems,19.444444444444443,DeltaBloom Group,4,2.555555555555557,150,750
854,30,30,30,3.009325396825397,0.6642649541141684,-0.07843303123530972,-0.54986819301836,2.386569246460625,0,0.0,0,0.0,0,0.0,1.5,4.25,2.75,Nebula Dynamics,22.65625,LuxeLoom Enterprises,22.475,Solaris Systems,20.428571428571427,IronClad Systems,4,2.227678571428573,150,750
855,30,30,30,3.005436507936508,0.7559535485138673,0.5180038811542443,0.7169025920415142,2.4137576782928116,2,6.666666666666667,0,0.0,2,6.666666666666667,1.5,5.0,3.5,Aurora Axis,22.0,Catalyst Core,20.428571428571427,Ascendify Technologies,19.53125,Vortex Venture Group,3,2.46875,150,750
856,30,30,30,3.022261904761904,0.7754974965517131,-0.3013477981345866,-0.006712741152397506,2.6396901812417353,1,3.3333333333333335,1,3.3333333333333335,0,0.0,1.0,4.5,3.5,Ascendify Technologies,21.09375,Vortex Venture Group,20.428571428571427,Solaris Systems,19.791666666666668,EchoSphere Analytics,4,1.3020833333333321,150,750
857,30,30,30,2.975,0.7812348864751273,0.24224549173583837,0.3194506834508881,2.56226738135394,1,3.3333333333333335,0,0.0,1,3.3333333333333335,1.3333333333333333,5.0,3.666666666666667,Magnetar Innovations,20.8125,DeltaBloom Group,18.857142857142858,Solaris Systems,18.857142857142858,EverVault Enterprises,5,1.9553571428571423,150,750
858,30,30,30,3.0611772486772484,0.6169193513350204,0.14527096631238443,-0.23466822479713167,2.1431369495004096,1,3.3333333333333335,0,0.0,1,3.3333333333333335,2.0,4.5,2.5,ZenithWorks,24.11111111111111,Magnetar Innovations,23.4375,EchoSphere Analytics,19.0,TerraNova Solutions,3,5.111111111111111,150,750
859,30,30,30,3.0468650793650793,0.6846265956876066,0.08954904805944933,-1.070964076783544,2.2757006966236015,0,0.0,0,0.0,0,0.0,2.0,4.5,2.5,Cobalt Circuitry,21.214285714285715,Crimson Arc Media,21.214285714285715,IronClad Systems,19.53125,Orion Synergy,3,1.6830357142857153,150,750
860,30,30,29,2.9625478927203073,0.6722146163224131,-0.1509330976376235,-1.0350904676548451,2.316926358172021,0,0.0,0,0.0,0,0.0,1.5,4.0,2.5,StellarPath Logistics,21.214285714285715,Aurora Axis,20.428571428571427,Catalyst Core,19.444444444444443,DeltaBloom Group,3,1.7698412698412724,150,750
861,30,30,30,3.014074074074074,0.791856031066822,0.10853330954298586,-0.7079672358696913,2.6015152803175132,0,0.0,0,0.0,0,0.0,1.5,4.5,3.0,FusionBridge Networks,27.9,Quantum Forge,22.65625,TitanEdge Consulting,19.53125,EverVault Enterprises,3,8.368749999999999,150,750
862,30,30,30,3.074603174603175,0.6737136993204557,1.2191580629083891,0.8147208240796093,2.267108948944828,2,6.666666666666667,0,0.0,2,6.666666666666667,2.2857142857142856,5.0,2.7142857142857144,TerraNova Solutions,23.25,BlueFern BioTech,20.428571428571427,Solaris Systems,18.857142857142858,Quantum Forge,4,4.392857142857142,150,750
863,30,30,30,2.9733333333333336,0.8487488902852204,0.02582886544684408,0.10303989798057733,2.597416845103709,2,6.666666666666667,1,3.3333333333333335,1,3.3333333333333335,1.0,5.0,4.0,HydraFlux Labs,22.475,Crimson Arc Media,18.857142857142858,Ascendify Technologies,18.75,HarborWay Holdings,3,3.7250000000000014,150,750
864,30,30,30,2.9622222222222225,0.6904090644254801,-0.7837124521431309,0.6574168652052128,2.40237633194961,1,3.3333333333333335,1,3.3333333333333335,0,0.0,1.0,4.0,3.0,Nebula Dynamics,25.5,Magnetar Innovations,23.25,DeltaBloom Group,18.857142857142858,StellarPath Logistics,3,6.642857142857142,150,750
865,30,30,30,2.9364285714285714,0.6471259194100885,-0.7306285394010692,-0.32833168766560394,2.280424344959478,0,0.0,0,0.0,0,0.0,1.3333333333333333,4.0,2.666666666666667,PeakVista Partners,27.22222222222222,HarborWay Holdings,19.642857142857142,Apexion Innovations,19.444444444444443,Vertex Valley Ventures,3,7.777777777777779,150,750
866,30,30,30,2.9791269841269847,0.8101406807774448,-0.3974580888638199,-0.012080742014645374,2.460754662766713,0,0.0,0,0.0,0,0.0,1.0,4.4,3.4000000000000004,Vortex Venture Group,26.35,FusionBridge Networks,22.475,Nimbus Nexus,17.416666666666668,FusionBridge Networks,4,8.933333333333334,150,750
867,30,30,30,3.0865873015873015,0.6209477807227269,0.5414529070786102,1.372513454032906,2.3240924804297176,1,3.3333333333333335,0,0.0,1,3.3333333333333335,1.75,5.0,3.25,Cobalt Circuitry,20.428571428571427,Vortex Venture Group,20.428571428571427,TitanEdge Consulting,18.666666666666668,Vertex Valley Ventures,4,1.7619047619047592,150,750
868,30,30,30,2.9127645502645496,0.7222580815806461,0.2619559288373297,-0.42920488200177953,2.43978164666369,0,0.0,0,0.0,0,0.0,1.6,4.333333333333333,2.733333333333333,Aurora Axis,23.333333333333332,HydraFlux Labs,22.354166666666668,Vortex Venture Group,20.3125,Quantum Forge,3,3.020833333333332,150,750
869,30,30,30,2.9990476190476185,0.6403182079305628,-0.10614874858062996,1.2050016972903128,2.2027150507922495,2,6.666666666666667,1,3.3333333333333335,1,3.3333333333333335,1.3333333333333333,4.75,3.416666666666667,BlueFern BioTech,18.857142857142858,Orion Synergy,18.666666666666668,Vortex Venture Group,18.208333333333332,LuxeLoom Enterprises,4,0.6488095238095255,150,750
870,30,30,30,3.039642857142857,0.737094248915174,0.07388420592291942,0.14016478407095168,2.199723686817171,1,3.3333333333333335,0,0.0,1,3.3333333333333335,1.5,5.0,3.5,Nimbus Nexus,25.0,Quantum Forge,19.0,EchoSphere Analytics,17.416666666666668,PeakVista Partners,3,7.583333333333332,150,750
871,30,30,30,3.028134920634921,0.7801212962728702,-0.3257367391767734,0.7198338359508236,2.5131060113376824,2,6.666666666666667,1,3.3333333333333335,1,3.3333333333333335,1.0,5.0,4.0,Nebula Dynamics,25.666666666666668,HydraFlux Labs,21.0,Quantum Forge,19.791666666666668,EverVault Enterprises,4,5.875,150,750
872,30,30,30,2.9563359788359787,0.5768974273424742,-0.22285079306003225,-0.5189886626679177,2.181076011914607,0,0.0,0,0.0,0,0.0,1.75,4.0,2.25,Quantum Forge,23.4375,Catalyst Core,19.444444444444443,ZenithWorks,18.857142857142858,StellarPath Logistics,3,4.580357142857142,150,750
873,30,30,30,2.911362433862434,0.6426696480393452,0.23877632010888503,-0.16097257878189364,2.311941547876375,0,0.0,0,0.0,0,0.0,1.6666666666666667,4.5,2.833333333333333,Orion Synergy,24.88888888888889,Nimbus Nexus,18.071428571428573,DeltaBloom Group,17.416666666666668,HydraFlux Labs,4,7.472222222222221,150,750
874,30,30,30,3.058730158730159,0.6393621435597231,0.9188286487036136,0.7606744194333861,2.3302164307369257,1,3.3333333333333335,0,0.0,1,3.3333333333333335,2.2,5.0,2.8,PrismPoint Studios,20.428571428571427,PeakVista Partners,18.857142857142858,Nimbus Nexus,18.857142857142858,ZenithWorks,3,1.5714285714285694,150,750
875,30,30,30,2.9440079365079366,0.7667039133300062,-0.3751119967729518,0.2312407800660341,2.6519325792170334,1,3.3333333333333335,1,3.3333333333333335,0,0.0,1.0,4.666666666666667,3.666666666666667,DeltaBloom Group,24.025,Apexion Innovations,19.642857142857142,LuxeLoom Enterprises,19.53125,Aurora Axis,4,4.493749999999999,150,750
876,30,30,30,3.051746031746032,0.8285415368931536,0.27100875117530737,-0.17280322188559705,2.6011184861493843,1,3.3333333333333335,0,0.0,1,3.3333333333333335,1.6,5.0,3.4,Quantum Forge,23.4375,Solaris Systems,22.475,EverVault Enterprises,21.875,Catalyst Core,3,1.5625,150,750
877,30,30,30,3.046322751322751,0.6103266019685843,0.49114659997544285,0.5555116984285302,2.130986016947067,1,3.3333333333333335,0,0.0,1,3.3333333333333335,2.0,4.666666666666667,2.666666666666667,Crimson Arc Media,26.35,BlueFern BioTech,22.65625,TerraNova Solutions,21.09375,Vertex Valley Ventures,4,5.256250000000001,150,750
878,30,30,30,3.0308994708994708,0.6880221299516135,0.628995509188724,0.3062153308469884,2.3055872616982604,1,3.3333333333333335,0,0.0,1,3.3333333333333335,2.0,5.0,3.0,FusionBridge Networks,21.09375,HydraFlux Labs,20.428571428571427,ZenithWorks,19.53125,HydraFlux Labs,3,1.5625,150,750
879,30,30,30,2.9924338624338622,0.6947417272478278,0.1711645599261597,0.6985220515215946,2.434196946695717,3,10.0,1,3.3333333333333335,2,6.666666666666667,1.3333333333333333,4.75,3.416666666666667,Quantum Forge,21.0,StellarPath Logistics,20.22222222222222,HarborWay Holdings,17.416666666666668,Magnetar Innovations,3,3.583333333333332,150,750
880,30,30,30,2.9328968253968255,0.7519174584091788,-0.6802550364905883,0.058618234752707554,2.5511894468399485,1,3.3333333333333335,1,3.3333333333333335,0,0.0,1.0,4.25,3.25,Cobalt Circuitry,22.354166666666668,HarborWay Holdings,20.583333333333332,ZenithWorks,19.642857142857142,IronClad Systems,4,2.7113095238095255,150,750
881,30,30,30,3.106058201058201,0.8155422734416918,0.6975974385512427,-0.36511579126996585,2.4505377798848196,1,3.3333333333333335,0,0.0,1,3.3333333333333335,2.0,5.0,3.0,Apexion Innovations,21.875,HarborWay Holdings,21.875,FusionBridge Networks,20.428571428571427,StellarPath Logistics,4,1.446428571428573,150,750
882,30,30,30,3.1782792207792214,0.7685782785865645,0.48561567492561797,-0.20732004372810842,2.634196946695717,0,0.0,0,0.0,0,0.0,1.75,5.0,3.25,TitanEdge Consulting,26.272727272727273,Vertex Valley Ventures,21.7,Crimson Arc Media,21.214285714285715,Quantum Forge,4,5.058441558441558,150,750
883,30,30,30,2.952962962962963,0.8371292967837213,-0.22607752787147598,0.5737382043186958,2.5445317488326236,3,10.0,2,6.666666666666667,1,3.3333333333333335,1.0,5.0,4.0,Crimson Arc Media,21.875,ZenithWorks,19.444444444444443,Catalyst Core,19.0,TerraNova Solutions,3,2.875,150,750
884,30,30,29,3.064189928845101,0.605692104401932,-0.7503903177347782,-0.33170120455768615,2.267104170652839,0,0.0,0,0.0,0,0.0,1.6,4.0,2.4,FusionBridge Networks,28.77777777777778,Crimson Arc Media,21.09375,Quantum Forge,20.428571428571427,Lumeon Strategies,4,8.349206349206352,150,750
885,30,30,30,2.991309523809524,0.5761292396621186,-0.9324302369515276,1.2247985664419092,1.8933448637229622,1,3.3333333333333335,1,3.3333333333333335,0,0.0,1.25,4.166666666666667,2.916666666666667,PrismPoint Studios,27.125,Magnetar Innovations,23.4375,Vortex Venture Group,19.0,Solaris Systems,4,8.125,150,750
886,30,30,29,2.991652983032293,0.6297708717704179,-0.10937782070501986,-0.7682140790042755,2.2290557896955896,0,0.0,0,0.0,0,0.0,1.8571428571428572,4.25,2.392857142857143,Vortex Venture Group,23.25,Nebula Dynamics,22.785714285714285,PeakVista Partners,22.0,Crimson Arc Media,3,1.25,150,750
887,30,30,30,2.9194696969696974,0.7319153466144386,-0.7781899808099674,1.145551556945473,2.257425813763051,2,6.666666666666667,2,6.666666666666667,0,0.0,1.0,4.4,3.4000000000000004,LuxeLoom Enterprises,26.272727272727273,TitanEdge Consulting,19.53125,Ascendify Technologies,18.208333333333332,EverVault Enterprises,4,8.064393939393941,150,750
888,30,30,30,2.9253571428571425,0.6530767021945871,-0.10513603422566775,-0.6063558434310394,2.39355424839993,0,0.0,0,0.0,0,0.0,1.6666666666666667,4.285714285714286,2.6190476190476186,EverVault Enterprises,20.583333333333332,Orion Synergy,18.857142857142858,Apexion Innovations,17.96875,Crimson Arc Media,5,2.614583333333332,150,750
889,30,30,30,2.88,0.70339860364947,-0.40122041909637357,0.11774061468269759,2.435591746027931,1,3.3333333333333335,1,3.3333333333333335,0,0.0,1.0,4.2,3.2,DeltaBloom Group,19.53125,Vortex Venture Group,18.071428571428573,PeakVista Partners,17.825,Orion Synergy,4,1.7062500000000007,150,750
890,30,30,30,2.8058003108003104,0.8733884188863706,-0.38331487219347304,-0.5567476352264302,2.587430298092722,0,0.0,0,0.0,0,0.0,1.0,4.25,3.25,HydraFlux Labs,26.153846153846153,Nebula Dynamics,23.181818181818183,Magnetar Innovations,19.791666666666668,BlueFern BioTech,3,6.3621794871794854,150,750
891,30,30,30,2.991865079365079,0.724604831662425,0.044295068804258195,1.611175598146949,2.3022584126945973,2,6.666666666666667,1,3.3333333333333335,1,3.3333333333333335,1.0,5.0,4.0,Ascendify Technologies,25.666666666666668,LuxeLoom Enterprises,19.642857142857142,Nimbus Nexus,19.0,Quantum Forge,3,6.666666666666668,150,750
892,30,30,30,3.0151743626743626,0.7644840876450514,0.07258050031038474,-0.39011426400930294,2.531611230069139,0,0.0,0,0.0,0,0.0,1.5,4.666666666666667,3.166666666666667,Nimbus Nexus,30.225,PrismPoint Studios,23.954545454545453,Catalyst Core,21.875,Solaris Systems,3,8.350000000000001,150,750
893,30,30,30,2.966071428571429,0.6780211323371061,0.742760562659257,0.8801430069400635,2.3512809122619043,1,3.3333333333333335,0,0.0,1,3.3333333333333335,1.75,5.0,3.25,Cobalt Circuitry,21.875,Nebula Dynamics,20.428571428571427,HydraFlux Labs,20.3125,Solaris Systems,3,1.5625,150,750
894,30,30,29,2.9547059262576507,0.6725042695050396,-0.07392765318470668,-1.0569046008958152,2.4296229127975653,0,0.0,0,0.0,0,0.0,1.6666666666666667,4.0,2.333333333333333,Crimson Arc Media,23.333333333333332,ZenithWorks,21.875,IronClad Systems,20.583333333333332,Solaris Systems,4,2.75,150,750
895,30,30,30,3.0413624338624334,0.7039385449978391,0.4720838370666693,0.5097644940113071,2.4419460322060456,1,3.3333333333333335,0,0.0,1,3.3333333333333335,1.6666666666666667,5.0,3.333333333333333,Cobalt Circuitry,23.4375,Quantum Forge,21.875,Lumeon Strategies,21.09375,Crimson Arc Media,3,2.34375,150,750
896,30,30,30,3.05042328042328,0.7251012079074194,-0.2230948502395872,1.4410893780182032,2.3377806684863804,2,6.666666666666667,1,3.3333333333333335,1,3.3333333333333335,1.0,5.0,4.0,Lumeon Strategies,26.979166666666668,PeakVista Partners,20.428571428571427,Magnetar Innovations,20.428571428571427,LuxeLoom Enterprises,4,6.550595238095241,150,750
897,30,30,30,2.992579365079365,0.5577503711387533,-0.3108019162341616,-0.30928238297094124,2.142402670303697,1,3.3333333333333335,1,3.3333333333333335,0,0.0,1.6666666666666667,4.0,2.333333333333333,Orion Synergy,22.65625,Cobalt Circuitry,19.53125,Aurora Axis,18.208333333333332,Catalyst Core,3,4.447916666666668,150,750
898,30,30,30,3.002976190476191,0.5680341268571601,0.17291918971344467,-0.3358167919778241,2.181076011914607,0,0.0,0,0.0,0,0.0,1.75,4.285714285714286,2.5357142857142856,BlueFern BioTech,19.642857142857142,EverVault Enterprises,18.071428571428573,PrismPoint Studios,17.416666666666668,PrismPoint Studios,4,2.2261904761904745,150,750
899,30,30,30,2.874700854700855,0.7436847812338563,-0.370818763324364,-1.1548561029567748,2.344531748832624,0,0.0,0,0.0,0,0.0,1.5,4.0,2.5,Nebula Dynamics,26.923076923076923,Catalyst Core,18.75,EverVault Enterprises,17.6,Cobalt Circuitry,4,9.323076923076922,150,750
900,30,30,30,3.0375264550264545,0.5114867831663702,-0.04026335102508559,-0.9102261242839202,2.102494251204622,0,0.0,0,0.0,0,0.0,2.0,4.0,2.0,DeltaBloom Group,22.65625,Vortex Venture Group,18.75,BlueFern BioTech,18.071428571428573,Ascendify Technologies,3,4.584821428571427,150,750
901,30,30,30,2.978412698412699,0.5258717382366215,0.47558111145639964,0.7570354852562757,2.0338001525275886,1,3.3333333333333335,0,0.0,1,3.3333333333333335,2.0,4.5,2.5,BlueFern BioTech,24.11111111111111,PeakVista Partners,22.555555555555557,HarborWay Holdings,19.375,Nebula Dynamics,4,4.736111111111111,150,750
902,30,30,29,3.0315407772304326,0.5600611011986135,0.3762478712938376,0.3005163417841832,2.1539025198996224,2,6.896551724137931,1,3.4482758620689653,1,3.4482758620689653,1.8571428571428572,4.5,2.642857142857143,BlueFern BioTech,22.785714285714285,Nebula Dynamics,22.555555555555557,Apexion Innovations,18.208333333333332,Solaris Systems,4,4.5773809523809526,150,750
903,30,30,30,3.021904761904762,0.7216452605582384,0.8654294349549156,0.4427318166552894,2.371231921074726,1,3.3333333333333335,0,0.0,1,3.3333333333333335,2.0,5.0,3.0,PeakVista Partners,21.875,IronClad Systems,21.875,Lumeon Strategies,21.0,Cobalt Circuitry,5,0.875,150,750
904,30,30,30,3.0160978835978836,0.6600512640339562,0.23010005971996822,-0.3981216579532303,2.4682734124061354,0,0.0,0,0.0,0,0.0,1.6666666666666667,4.5,2.833333333333333,EchoSphere Analytics,25.666666666666668,Aurora Axis,20.428571428571427,PrismPoint Studios,17.416666666666668,LuxeLoom Enterprises,4,8.25,150,750
905,30,30,30,3.180449735449735,0.7765514434066038,0.7133701246711612,-0.14447414233385558,2.4961399650265075,0,0.0,0,0.0,0,0.0,2.111111111111111,5.0,2.888888888888889,Nebula Dynamics,27.22222222222222,Ascendify Technologies,27.125,EverVault Enterprises,21.875,PeakVista Partners,3,5.347222222222221,150,750
906,30,30,30,2.970753968253968,0.7124620690685407,0.13131803052174534,-0.5535517845541773,2.4505377798848196,0,0.0,0,0.0,0,0.0,1.5,4.5,3.0,Solaris Systems,26.35,EverVault Enterprises,25.575,Nebula Dynamics,21.09375,Aurora Axis,4,5.256250000000001,150,750
907,30,30,30,2.9181349206349205,0.7359334498736846,-0.8003329894666161,0.765665930542927,2.3492553971684997,2,6.666666666666667,2,6.666666666666667,0,0.0,1.0,4.333333333333333,3.333333333333333,BlueFern BioTech,19.2,HarborWay Holdings,18.857142857142858,Cobalt Circuitry,17.285714285714285,HarborWay Holdings,3,1.9142857142857146,150,750
908,30,30,30,3.086230158730159,0.8159147635001808,-0.10627666618489433,0.1848235132589502,2.6505377798848193,1,3.3333333333333335,1,3.3333333333333335,0,0.0,1.0,4.75,3.75,Quantum Forge,27.125,Cobalt Circuitry,25.0,Nimbus Nexus,23.571428571428573,DeltaBloom Group,3,3.553571428571427,150,750
909,30,30,29,2.9646688560481667,0.6369195365012731,-0.10205876286896022,0.08338697098716663,2.326943394566963,1,3.4482758620689653,1,3.4482758620689653,0,0.0,1.3333333333333333,4.333333333333333,3.0,Orion Synergy,22.65625,Cobalt Circuitry,20.428571428571427,Nimbus Nexus,20.22222222222222,TitanEdge Consulting,4,2.4340277777777786,150,750
910,30,30,30,3.013531746031746,0.7906639719665275,0.11375235248539654,-0.16949708995695723,2.586035498760508,0,0.0,0,0.0,0,0.0,1.3333333333333333,4.75,3.416666666666667,Solaris Systems,25.666666666666668,IronClad Systems,21.875,Vortex Venture Group,21.09375,DeltaBloom Group,4,4.572916666666668,150,750
911,30,30,30,2.9607407407407407,0.7595224476093491,-0.0530164003764367,1.5249304316625523,2.303795668197918,4,13.333333333333334,2,6.666666666666667,2,6.666666666666667,1.0,5.0,4.0,Nimbus Nexus,24.88888888888889,EverVault Enterprises,22.555555555555557,Nebula Dynamics,18.071428571428573,Apexion Innovations,4,6.817460317460316,150,750
912,30,30,30,2.9709523809523812,0.5445636467684086,-0.2887910976994874,-0.3154923387811208,2.181937063546704,0,0.0,0,0.0,0,0.0,1.6,4.0,2.4,Crimson Arc Media,18.75,ZenithWorks,18.75,Aurora Axis,17.96875,HydraFlux Labs,3,0.78125,150,750
913,30,30,30,2.97452380952381,0.7469411419509081,-0.7094319421887931,0.40498355490532134,2.4062389286533894,1,3.3333333333333335,1,3.3333333333333335,0,0.0,1.0,4.25,3.25,Nebula Dynamics,21.875,PeakVista Partners,21.875,Orion Synergy,21.0,ZenithWorks,3,0.875,150,750
914,30,30,30,3.078095238095238,0.6787496006688793,0.1966514682874629,-1.247822893015987,2.2892464285091583,0,0.0,0,0.0,0,0.0,2.0,4.333333333333333,2.333333333333333,EverVault Enterprises,24.21875,ZenithWorks,22.65625,Crimson Arc Media,19.642857142857142,Quantum Forge,4,4.575892857142858,150,750
915,30,30,30,2.9262782587782596,0.7178023024220407,-0.4394381773700725,0.07563196601277955,2.519368832093841,1,3.3333333333333335,1,3.3333333333333335,0,0.0,1.0,4.2,3.2,Solaris Systems,28.59090909090909,HarborWay Holdings,24.11111111111111,BlueFern BioTech,18.208333333333332,LuxeLoom Enterprises,5,10.382575757575758,150,750
916,30,30,30,3.020753968253969,0.6678823017736163,0.13447465766541852,-0.48262935525644934,2.403771131281824,0,0.0,0,0.0,0,0.0,1.75,4.4,2.6500000000000004,Solaris Systems,23.4375,TerraNova Solutions,21.09375,TitanEdge Consulting,19.791666666666668,HydraFlux Labs,3,3.645833333333332,150,750
917,30,30,29,2.9978653530377666,0.7198522409079254,-0.2847890249523846,-0.11747806188078336,2.4002903484419207,0,0.0,0,0.0,0,0.0,1.3333333333333333,4.333333333333333,3.0,Catalyst Core,25.666666666666668,FusionBridge Networks,21.0,EverVault Enterprises,19.0,EchoSphere Analytics,3,6.666666666666668,150,750
918,30,30,30,3.0725793650793647,0.6550813422322385,0.5390590922809502,1.5967337624306985,2.103119464326695,3,10.0,1,3.3333333333333335,2,6.666666666666667,1.6,5.0,3.4,TerraNova Solutions,23.4375,BlueFern BioTech,19.53125,Cobalt Circuitry,17.6,Orion Synergy,3,5.837499999999999,150,750
919,30,30,30,3.0340079365079373,0.7045171096827436,0.0743194087442036,-0.7184427262893163,2.3893643477641704,0,0.0,0,0.0,0,0.0,1.5,4.333333333333333,2.833333333333333,Nebula Dynamics,22.65625,TerraNova Solutions,22.65625,HydraFlux Labs,20.3125,BlueFern BioTech,3,2.34375,150,750
920,30,30,30,3.080820105820106,0.8043419346905857,0.7927431171946819,0.14159185009176678,2.284614245595237,0,0.0,0,0.0,0,0.0,2.0,5.0,3.0,PrismPoint Studios,27.9,IronClad Systems,22.555555555555557,Crimson Arc Media,18.75,Vertex Valley Ventures,4,9.149999999999999,150,750
921,30,30,30,3.05755291005291,0.7630415384405986,0.5455842461187406,-0.03848082403967634,2.5395722619867227,1,3.3333333333333335,0,0.0,1,3.3333333333333335,1.6,5.0,3.4,StellarPath Logistics,24.88888888888889,Nimbus Nexus,21.09375,HarborWay Holdings,18.208333333333332,DeltaBloom Group,3,6.680555555555557,150,750
922,30,30,30,2.956785714285714,0.6826994425891708,-0.29172201433652917,1.3681582424894305,2.1938929672425695,3,10.0,1,3.3333333333333335,2,6.666666666666667,1.0,4.5,3.5,IronClad Systems,18.857142857142858,Solaris Systems,18.208333333333332,HydraFlux Labs,16.625,HydraFlux Labs,4,2.2321428571428577,150,750
923,30,30,29,2.9511083743842366,0.8081560169713975,0.055321696725523256,0.5982091169340071,2.5121907794018012,2,6.896551724137931,1,3.4482758620689653,1,3.4482758620689653,1.0,5.0,4.0,HydraFlux Labs,26.35,IronClad Systems,23.25,Nimbus Nexus,22.0,IronClad Systems,3,4.350000000000001,150,750
924,30,30,30,2.9551058201058202,0.5556670214456858,0.35057361041199825,-0.10385771850459102,2.1219280948873624,0,0.0,0,0.0,0,0.0,2.0,4.4,2.4000000000000004,Nebula Dynamics,21.77777777777778,ZenithWorks,20.3125,PeakVista Partners,20.15,HydraFlux Labs,4,1.62777777777778,150,750
925,30,30,29,2.9465517241379304,0.8323601134339179,-0.36858996099812463,-0.3839584713756774,2.689227443762707,0,0.0,0,0.0,0,0.0,1.0,4.5,3.5,Vertex Valley Ventures,24.8,Nebula Dynamics,21.0,Magnetar Innovations,17.6,Vertex Valley Ventures,4,7.199999999999999,150,750
926,30,30,30,3.052910052910053,0.5693479015310412,1.1474778986799332,2.6862675629190456,2.0499125667627465,3,10.0,1,3.3333333333333335,2,6.666666666666667,2.0,5.0,3.0,TerraNova Solutions,24.88888888888889,Catalyst Core,20.22222222222222,Ascendify Technologies,19.53125,Solaris Systems,4,5.357638888888889,150,750
927,30,30,30,3.0055820105820104,0.7112375727066533,-0.32672257967243373,-0.17713636928890963,2.4859175795054957,1,3.3333333333333335,1,3.3333333333333335,0,0.0,1.4,4.5,3.1,TitanEdge Consulting,21.0,EverVault Enterprises,19.444444444444443,Quantum Forge,18.4,IronClad Systems,3,2.6000000000000014,150,750
928,30,30,30,2.9662169312169313,0.748976056529812,-0.20384626201737283,0.48119117148554524,2.555913095175825,1,3.3333333333333335,1,3.3333333333333335,0,0.0,1.0,4.5,3.5,IronClad Systems,20.3125,Nebula Dynamics,20.22222222222222,ZenithWorks,19.642857142857142,TitanEdge Consulting,3,0.6696428571428577,150,750
929,30,30,30,2.9969708994709,0.6329646664328404,-0.061149566784884556,-0.03613236185996582,2.3852659125503664,1,3.3333333333333335,1,3.3333333333333335,0,0.0,1.5,4.333333333333333,2.833333333333333,HydraFlux Labs,21.875,TerraNova Solutions,21.214285714285715,PeakVista Partners,20.3125,StellarPath Logistics,3,1.5625,150,750
930,30,30,29,3.0328407224958953,0.7415372074193423,-0.2619477458755547,0.2717788643040455,2.4719999813375475,0,0.0,0,0.0,0,0.0,1.0,4.5,3.5,Crimson Arc Media,32.375,Cobalt Circuitry,26.444444444444443,Ascendify Technologies,22.555555555555557,StellarPath Logistics,3,9.819444444444443,150,750
931,30,30,30,2.9063095238095245,0.6508847799630929,0.35805530637136385,0.24625517516128248,2.3459265481648375,1,3.3333333333333335,0,0.0,1,3.3333333333333335,1.5,4.6,3.0999999999999996,FusionBridge Networks,18.857142857142858,Vertex Valley Ventures,18.208333333333332,Crimson Arc Media,17.96875,TerraNova Solutions,3,0.8883928571428577,150,750
932,30,30,30,2.9453174603174603,0.7495742009576134,0.2673764875979378,-0.15942242931990513,2.5689250793612644,1,3.3333333333333335,0,0.0,1,3.3333333333333335,1.3333333333333333,4.6,3.2666666666666666,IronClad Systems,18.857142857142858,Ascendify Technologies,17.416666666666668,Aurora Axis,17.1875,Ascendify Technologies,5,1.6696428571428577,150,750
933,30,30,29,2.979734537493158,0.766708325055411,-0.3511351296202043,-0.5702601935885543,2.52526580575707,0,0.0,0,0.0,0,0.0,1.5714285714285714,4.5,2.928571428571429,Cobalt Circuitry,24.357142857142858,Quantum Forge,20.583333333333332,Vertex Valley Ventures,18.208333333333332,HarborWay Holdings,2,6.1488095238095255,150,750
934,30,30,30,3.040502645502646,0.6438268042452672,0.7097747412697344,0.9035107414960057,2.2668786130739216,1,3.3333333333333335,0,0.0,1,3.3333333333333335,2.0,5.0,3.0,Nebula Dynamics,24.8,EverVault Enterprises,20.22222222222222,ZenithWorks,17.416666666666668,Apexion Innovations,3,7.383333333333333,150,750
935,30,30,30,2.995092592592593,0.7176464477633052,0.451954733373222,0.946906113852223,2.432262897024269,1,3.3333333333333335,0,0.0,1,3.3333333333333335,1.3333333333333333,5.0,3.666666666666667,Solaris Systems,23.4375,LuxeLoom Enterprises,22.555555555555557,Catalyst Core,21.214285714285715,BlueFern BioTech,3,2.2232142857142847,150,750
936,30,30,30,2.9352645502645505,0.7175769466511723,-0.7318617849061378,0.5226767071055844,2.4676481992840626,1,3.3333333333333335,1,3.3333333333333335,0,0.0,1.0,4.0,3.0,PrismPoint Studios,19.444444444444443,HydraFlux Labs,17.285714285714285,Nebula Dynamics,17.1875,Ascendify Technologies,4,2.256944444444443,150,750
937,30,30,30,3.0441269841269842,0.657555794842395,0.328047460596749,-0.26240159878020863,2.3077516472406154,0,0.0,0,0.0,0,0.0,1.75,4.4,2.6500000000000004,ZenithWorks,23.4375,Catalyst Core,19.53125,EverVault Enterprises,19.0,Crimson Arc Media,4,4.4375,150,750
938,30,30,30,2.941031746031746,0.6124694636937714,0.39826603944177846,-0.7891462221639935,2.2266781970562954,0,0.0,0,0.0,0,0.0,2.0,4.111111111111111,2.1111111111111107,HarborWay Holdings,21.77777777777778,Catalyst Core,21.0,PrismPoint Studios,20.428571428571427,TitanEdge Consulting,5,1.3492063492063515,150,750
939,30,30,30,2.962526455026455,0.6713505283434292,0.26520565269213403,0.17463365430389244,2.3144093452479404,2,6.666666666666667,1,3.3333333333333335,1,3.3333333333333335,1.5,4.5,3.0,Crimson Arc Media,22.555555555555557,EverVault Enterprises,20.583333333333332,PrismPoint Studios,19.53125,FusionBridge Networks,3,3.024305555555557,150,750
940,30,30,30,3.0275925925925926,0.6589955777300512,-0.8097099004844311,-0.2873010461832757,2.329728171146842,0,0.0,0,0.0,0,0.0,1.4,4.0,2.6,Quantum Forge,24.8,Apexion Innovations,22.65625,Vertex Valley Ventures,22.0,TerraNova Solutions,5,2.8000000000000007,150,750
941,30,30,30,3.042380952380953,0.7345709682750895,-0.5338711317240155,0.42360808407680484,2.5022584126945975,1,3.3333333333333335,1,3.3333333333333335,0,0.0,1.0,4.5,3.5,Vortex Venture Group,27.22222222222222,IronClad Systems,23.25,Aurora Axis,22.555555555555557,ZenithWorks,4,4.666666666666664,150,750
942,30,30,30,3.011071428571429,0.6183963416259484,-0.20757522302682924,-0.6623392617260491,2.3647351787255046,0,0.0,0,0.0,0,0.0,1.6,4.0,2.4,Lumeon Strategies,21.875,Cobalt Circuitry,19.53125,Orion Synergy,17.96875,ZenithWorks,3,3.90625,150,750
943,30,30,30,3.0237301587301584,0.7179997313791412,0.2989563579918479,-0.9979827124763849,2.5395722619867227,0,0.0,0,0.0,0,0.0,1.8333333333333333,4.5,2.666666666666667,HydraFlux Labs,21.875,Catalyst Core,21.214285714285715,HarborWay Holdings,19.791666666666668,Quantum Forge,3,2.083333333333332,150,750
944,30,30,29,3.063628899835796,0.6891207880576257,0.03378375244338053,-0.7512809043688518,2.403034464096168,0,0.0,0,0.0,0,0.0,1.8,4.25,2.45,BlueFern BioTech,23.4375,Crimson Arc Media,19.791666666666668,Nebula Dynamics,19.53125,BlueFern BioTech,4,3.90625,150,750
945,30,30,29,2.9424466338259436,0.663600169168229,0.16501419237914813,-0.8837030780773256,2.364747804651773,0,0.0,0,0.0,0,0.0,1.6666666666666667,4.25,2.583333333333333,TerraNova Solutions,25.666666666666668,Vortex Venture Group,18.208333333333332,Solaris Systems,17.825,Catalyst Core,3,7.841666666666669,150,750
946,30,30,30,3.1100132275132277,0.7895603032360353,0.5023674143040511,-0.3677497211050911,2.647742678581274,1,3.3333333333333335,0,0.0,1,3.3333333333333335,1.6666666666666667,5.0,3.333333333333333,Crimson Arc Media,23.895833333333332,Ascendify Technologies,22.555555555555557,StellarPath Logistics,21.875,TitanEdge Consulting,4,2.020833333333332,150,750
947,30,30,30,2.9635714285714285,0.6475729879745958,-0.1814597342039029,-0.4748677715643965,2.298929563690935,0,0.0,0,0.0,0,0.0,1.6666666666666667,4.25,2.583333333333333,HarborWay Holdings,21.0,Solaris Systems,20.583333333333332,Apexion Innovations,20.3125,Vortex Venture Group,3,0.6875,150,750
948,30,30,30,2.9483465608465607,0.7484562236843721,-0.17432918992637111,-0.5360900440839336,2.5907591470963838,0,0.0,0,0.0,0,0.0,1.5,4.5,3.0,Ascendify Technologies,27.22222222222222,FusionBridge Networks,21.77777777777778,Aurora Axis,20.22222222222222,TitanEdge Consulting,3,7.0,150,750
949,30,30,30,2.960156325156325,0.7777181197583815,0.5865301812267776,0.1031958927449872,2.5478605978362863,1,3.3333333333333335,0,0.0,1,3.3333333333333335,1.5,5.0,3.5,Solaris Systems,24.11111111111111,EverVault Enterprises,19.0,PrismPoint Studios,18.545454545454547,Catalyst Core,3,5.565656565656564,150,750
950,30,30,30,3.091190476190476,0.6808073438615232,0.6215278179798787,0.8743619274066363,2.3810760119146073,2,6.666666666666667,0,0.0,2,6.666666666666667,1.6666666666666667,5.0,3.333333333333333,DeltaBloom Group,21.7,EchoSphere Analytics,20.583333333333332,BlueFern BioTech,18.208333333333332,PrismPoint Studios,3,3.491666666666667,150,750
951,30,30,30,2.8311219336219335,0.7604898086358819,-0.5629767804440672,-0.47930044792227156,2.464456303812389,0,0.0,0,0.0,0,0.0,1.0,4.0,3.0,Magnetar Innovations,23.4375,Quantum Forge,18.545454545454547,ZenithWorks,18.4,EverVault Enterprises,4,5.037500000000001,150,750
952,30,30,29,2.963409961685824,0.6702283398401261,-0.35729764049756035,1.467763477238532,2.304403484609977,3,10.344827586206897,1,3.4482758620689653,2,6.896551724137931,1.0,4.5,3.5,Crimson Arc Media,21.77777777777778,Lumeon Strategies,20.3125,PrismPoint Studios,18.75,Apexion Innovations,3,3.0277777777777786,150,750
953,30,30,30,3.1123677248677257,0.7044042099819425,0.39745782440842914,-0.5525806872532724,2.4300985114819134,0,0.0,0,0.0,0,0.0,2.0,4.666666666666667,2.666666666666667,IronClad Systems,24.21875,Ascendify Technologies,21.77777777777778,Vertex Valley Ventures,20.428571428571427,Lumeon Strategies,4,3.790178571428573,150,750
954,30,30,30,2.882380952380952,0.7555983534075003,-0.6156090186939687,-0.2240021251125648,2.3344518194827177,1,3.3333333333333335,1,3.3333333333333335,0,0.0,1.0,4.0,3.0,EverVault Enterprises,26.35,HarborWay Holdings,24.88888888888889,Solaris Systems,24.025,Aurora Axis,3,2.325000000000003,150,750
955,30,30,30,2.98095238095238,0.7493390889942847,-0.23707411282149005,-0.6427272694474215,2.5561489336858494,0,0.0,0,0.0,0,0.0,1.3333333333333333,4.333333333333333,3.0,PeakVista Partners,20.583333333333332,EchoSphere Analytics,18.208333333333332,IronClad Systems,17.285714285714285,HarborWay Holdings,3,3.2976190476190474,150,750
956,30,30,30,2.9765728715728716,0.775974132505227,0.2668164548584054,-0.04120546669114278,2.4737666469521526,1,3.3333333333333335,0,0.0,1,3.3333333333333335,1.5,5.0,3.5,Solaris Systems,26.272727272727273,Quantum Forge,24.8,LuxeLoom Enterprises,24.666666666666668,EverVault Enterprises,3,1.6060606060606055,150,750
957,30,30,29,3.049863163656268,0.6915872591565867,0.5183383264171874,-0.2859371183903683,2.5386318596503292,0,0.0,0,0.0,0,0.0,1.8,4.666666666666667,2.866666666666667,Solaris Systems,25.666666666666668,Quantum Forge,25.4375,HarborWay Holdings,20.428571428571427,HarborWay Holdings,4,5.238095238095241,150,750
958,30,30,30,3.002301587301588,0.6345595401754786,0.6489884046527172,2.004985204385415,2.2141304703348244,2,6.666666666666667,1,3.3333333333333335,1,3.3333333333333335,1.5,5.0,3.5,Quantum Forge,21.09375,Cobalt Circuitry,21.0,Orion Synergy,19.642857142857142,Nimbus Nexus,3,1.4508928571428577,150,750
959,30,30,30,2.9675000000000002,0.8220694043881827,0.34855380777548806,-0.5956590542084976,2.6593598634344993,0,0.0,0,0.0,0,0.0,1.5,4.75,3.25,Crimson Arc Media,25.78125,PrismPoint Studios,22.0,PeakVista Partners,21.875,Apexion Innovations,4,3.90625,150,750
960,30,30,30,3.0320815295815295,0.7252536078347674,0.4708763181484676,0.08881429776228611,2.531519764647184,1,3.3333333333333335,0,0.0,1,3.3333333333333335,1.75,5.0,3.25,Orion Synergy,28.59090909090909,Ascendify Technologies,27.818181818181817,HydraFlux Labs,20.3125,LuxeLoom Enterprises,3,8.27840909090909,150,750
961,30,30,29,2.882620540379161,0.8393824439917733,-0.13409929809756452,0.419518203280306,2.5456137528530336,2,6.896551724137931,1,3.4482758620689653,1,3.4482758620689653,1.0,5.0,4.0,PrismPoint Studios,26.272727272727273,Aurora Axis,25.4375,TerraNova Solutions,24.21875,Aurora Axis,4,2.0539772727272734,150,750
962,30,30,30,2.9772510822510827,0.694337890890225,0.17359414453977282,-0.2693336481607038,2.4505377798848196,0,0.0,0,0.0,0,0.0,1.5,4.5,3.0,Catalyst Core,23.954545454545453,Aurora Axis,21.09375,HarborWay Holdings,20.428571428571427,HydraFlux Labs,3,3.525974025974026,150,750
963,30,30,30,3.0665716690716693,0.7550705495248031,0.3778805893883039,-0.18058579135262098,2.4880874676869684,0,0.0,0,0.0,0,0.0,1.75,5.0,3.25,Apexion Innovations,27.045454545454547,EverVault Enterprises,25.0,Solaris Systems,24.88888888888889,Apexion Innovations,3,2.1565656565656575,150,750
964,30,30,30,3.0533333333333337,0.800512956767807,0.3554251319299856,0.23275974506405372,2.6527021654271747,3,10.0,1,3.3333333333333335,2,6.666666666666667,1.3333333333333333,5.0,3.666666666666667,Magnetar Innovations,33.325,Nebula Dynamics,23.333333333333332,EchoSphere Analytics,21.09375,Nimbus Nexus,4,12.231250000000003,150,750
965,30,30,30,2.9433435083435087,0.7658382317939312,-0.5684277187299208,-0.33601712347458346,2.5976526836137332,0,0.0,0,0.0,0,0.0,1.0,4.0,3.0,EchoSphere Analytics,23.846153846153847,Nebula Dynamics,23.25,TerraNova Solutions,21.875,Vortex Venture Group,3,1.9711538461538467,150,750
966,30,30,30,3.038650793650794,0.5675736520559288,0.9321263936743096,2.8100400001921164,1.8364527976600282,1,3.3333333333333335,0,0.0,1,3.3333333333333335,2.0,5.0,3.0,Lumeon Strategies,24.11111111111111,Vortex Venture Group,21.09375,Nebula Dynamics,20.22222222222222,Magnetar Innovations,3,3.8888888888888893,150,750
967,30,30,30,2.9711111111111115,0.6529879962566142,-0.14535505300004053,-0.6538051098037432,2.4397816466636906,0,0.0,0,0.0,0,0.0,1.5714285714285714,4.0,2.428571428571429,Vortex Venture Group,24.357142857142858,LuxeLoom Enterprises,22.475,TerraNova Solutions,17.825,BlueFern BioTech,4,6.532142857142858,150,750
968,30,30,30,2.9487481962481965,0.682176738494622,0.11196671824427691,-0.7010659932691108,2.4098036161670766,0,0.0,0,0.0,0,0.0,1.6666666666666667,4.5,2.833333333333333,Magnetar Innovations,24.21875,HarborWay Holdings,23.4375,Lumeon Strategies,22.40909090909091,Nimbus Nexus,3,1.80965909090909,150,750
969,30,30,30,2.998333333333334,0.5151936246688917,-0.2785144073077354,0.15416128328824508,1.9814033158465871,1,3.3333333333333335,1,3.3333333333333335,0,0.0,1.75,4.142857142857143,2.3928571428571432,Cobalt Circuitry,24.8,Orion Synergy,21.875,TerraNova Solutions,18.071428571428573,Orion Synergy,5,6.728571428571428,150,750
970,30,30,30,3.0225324675324683,0.847215657600125,0.3674732074152206,0.17714774722282556,2.496276918558496,2,6.666666666666667,0,0.0,2,6.666666666666667,1.5,5.0,3.5,TerraNova Solutions,23.571428571428573,DeltaBloom Group,21.636363636363637,IronClad Systems,16.625,StellarPath Logistics,5,6.946428571428573,150,750
971,30,30,30,2.9844444444444447,0.771941269304361,-0.08094047802639019,1.0516684635055338,2.386374217603147,3,10.0,2,6.666666666666667,1,3.3333333333333335,1.0,5.0,4.0,Aurora Axis,29.45,Apexion Innovations,23.333333333333332,ZenithWorks,22.475,Solaris Systems,4,6.974999999999998,150,750
972,30,30,30,3.0323015873015873,0.6444198916270476,-0.21796364273660676,-0.2953287490005936,2.2945446341976985,0,0.0,0,0.0,0,0.0,1.75,4.5,2.75,StellarPath Logistics,27.125,Orion Synergy,25.78125,ZenithWorks,18.857142857142858,Nimbus Nexus,3,8.267857142857142,150,750
973,30,30,30,2.9707539682539688,0.6861873976428009,-0.08390272677212719,-0.5854465236495847,2.425605199016944,0,0.0,0,0.0,0,0.0,1.5,4.166666666666667,2.666666666666667,TerraNova Solutions,21.09375,Catalyst Core,18.857142857142858,Quantum Forge,17.416666666666668,PeakVista Partners,3,3.677083333333332,150,750
974,30,30,30,3.0836111111111104,0.6558298421633527,0.511128595422903,-0.7018195682008921,2.343762162622482,0,0.0,0,0.0,0,0.0,2.0,4.5,2.5,IronClad Systems,19.642857142857142,FusionBridge Networks,18.857142857142858,EchoSphere Analytics,18.857142857142858,Nebula Dynamics,4,0.7857142857142847,150,750
975,30,30,30,3.062354497354497,0.7218563141725628,0.350701381486893,0.32411232325766504,2.413757678292811,1,3.3333333333333335,0,0.0,1,3.3333333333333335,1.75,5.0,3.25,Cobalt Circuitry,20.3125,TitanEdge Consulting,20.22222222222222,HydraFlux Labs,19.791666666666668,Nimbus Nexus,5,0.5208333333333321,150,750
976,30,30,30,2.8540608465608464,0.6505981501048486,-0.2112826714354109,-1.1053792856842943,2.1009550787843394,0,0.0,0,0.0,0,0.0,1.5,3.857142857142857,2.357142857142857,HydraFlux Labs,22.65625,HarborWay Holdings,18.208333333333332,Lumeon Strategies,17.88888888888889,TitanEdge Consulting,3,4.767361111111111,150,750
977,30,30,30,2.9434126984126983,0.6978794230312648,0.49392423914433486,-0.4805875228581993,2.4023763319496103,0,0.0,0,0.0,0,0.0,1.8,4.5,2.7,Nimbus Nexus,20.428571428571427,Vertex Valley Ventures,20.3125,Lumeon Strategies,19.53125,LuxeLoom Enterprises,3,0.897321428571427,150,750
978,30,30,30,2.964060846560847,0.6838871104049277,-0.15819240943257315,1.4614762777577504,2.2922718656836105,3,10.0,1,3.3333333333333335,2,6.666666666666667,1.0,4.5,3.5,HarborWay Holdings,25.575,ZenithWorks,20.22222222222222,EverVault Enterprises,18.071428571428573,TitanEdge Consulting,3,7.503571428571426,150,750
979,30,30,30,3.126640211640212,0.7122252080118884,0.3849817857951205,-0.6494916740564434,2.4280729963885093,0,0.0,0,0.0,0,0.0,2.0,4.666666666666667,2.666666666666667,HydraFlux Labs,31.0,Cobalt Circuitry,27.22222222222222,Orion Synergy,23.25,Aurora Axis,4,7.75,150,750
980,30,30,30,2.914801587301587,0.7134521381646782,-0.9868285377149955,1.0568912905721657,2.294205915355059,2,6.666666666666667,2,6.666666666666667,0,0.0,1.0,4.0,3.0,DeltaBloom Group,23.333333333333332,TitanEdge Consulting,21.0,EverVault Enterprises,20.428571428571427,FusionBridge Networks,4,2.904761904761905,150,750
981,30,30,30,2.9213227513227507,0.8543711243930117,-0.043338893078472544,0.09725894768769949,2.6519325792170334,0,0.0,0,0.0,0,0.0,1.0,5.0,4.0,Quantum Forge,24.11111111111111,ZenithWorks,19.444444444444443,Orion Synergy,18.666666666666668,DeltaBloom Group,3,5.444444444444443,150,750
982,30,30,30,2.9750132275132275,0.699332730977537,-0.9481077220295061,0.6745965619700711,2.292811116022845,2,6.666666666666667,2,6.666666666666667,0,0.0,1.0,4.0,3.0,PeakVista Partners,27.34375,Nebula Dynamics,24.88888888888889,FusionBridge Networks,21.875,DeltaBloom Group,4,5.46875,150,750
983,30,30,30,2.970833333333333,0.7510892034216701,0.03004600326589988,-0.6120953227393362,2.5193688320938414,0,0.0,0,0.0,0,0.0,1.3333333333333333,4.4,3.0666666666666673,IronClad Systems,19.642857142857142,Vertex Valley Ventures,17.96875,FusionBridge Networks,17.1875,Orion Synergy,4,2.4553571428571423,150,750
984,30,30,30,2.8953860028860037,0.6744897485205267,-0.24571315194794402,-0.7456123590617167,2.4043103816210585,0,0.0,0,0.0,0,0.0,1.5,4.0,2.5,IronClad Systems,23.954545454545453,EverVault Enterprises,20.3125,Magnetar Innovations,18.857142857142858,Apexion Innovations,4,5.097402597402596,150,750
985,30,30,30,3.0091666666666663,0.7872356093146068,0.6434877575518477,0.5931738767365577,2.429473298359841,0,0.0,0,0.0,0,0.0,1.6666666666666667,5.0,3.333333333333333,IronClad Systems,21.7,PeakVista Partners,21.7,Nimbus Nexus,20.3125,HarborWay Holdings,4,1.3874999999999993,150,750
986,30,30,30,2.9965873015873017,0.8154890934753348,-0.05439738487382447,0.3157915064286345,2.598277896735806,0,0.0,0,0.0,0,0.0,1.0,5.0,4.0,DeltaBloom Group,22.65625,Nebula Dynamics,22.65625,Lumeon Strategies,21.875,Aurora Axis,2,0.78125,150,750
987,30,30,30,2.9870634920634918,0.7492593176392851,-0.06329593697690576,-0.7040823339965829,2.5642014310253884,0,0.0,0,0.0,0,0.0,1.3333333333333333,4.333333333333333,3.0,Cobalt Circuitry,23.25,HydraFlux Labs,20.3125,Solaris Systems,19.642857142857142,Nebula Dynamics,5,3.6071428571428577,150,750
988,30,30,29,2.9222906403940887,0.6600368703174277,-0.8173406566620616,1.0393152004881525,2.425935305024786,2,6.896551724137931,2,6.896551724137931,0,0.0,1.0,4.0,3.0,Cobalt Circuitry,27.9,PeakVista Partners,21.7,ZenithWorks,18.208333333333332,Vertex Valley Ventures,3,9.691666666666666,150,750
989,30,30,30,3.051746031746032,0.7713785828731533,-0.14866899215726745,-1.0142694717016478,2.521928094887363,0,0.0,0,0.0,0,0.0,1.75,4.5,2.75,EchoSphere Analytics,25.0,Vertex Valley Ventures,24.025,PrismPoint Studios,22.0,HydraFlux Labs,3,3.0,150,750
990,30,30,30,2.9969444444444444,0.8620569936669257,0.1348932562289409,0.3388333963104597,2.7722539283649272,2,6.666666666666667,1,3.3333333333333335,1,3.3333333333333335,1.0,5.0,4.0,Vertex Valley Ventures,21.375,Quantum Forge,20.3125,Nimbus Nexus,19.791666666666668,Crimson Arc Media,3,1.5833333333333321,150,750
991,30,30,30,3.0585714285714287,0.7139723121977729,0.8123167266049461,0.41557846512099417,2.372253928364927,1,3.3333333333333335,0,0.0,1,3.3333333333333335,2.0,5.0,3.0,Nebula Dynamics,25.666666666666668,PrismPoint Studios,20.3125,BlueFern BioTech,17.285714285714285,Nimbus Nexus,4,8.380952380952383,150,750
992,30,30,30,2.9437830687830684,0.7401713727318354,-0.3511793022203355,-0.0601829781519414,2.417459319338487,0,0.0,0,0.0,0,0.0,1.0,4.333333333333333,3.333333333333333,LuxeLoom Enterprises,23.333333333333332,Ascendify Technologies,22.555555555555557,PeakVista Partners,20.428571428571427,Catalyst Core,3,2.904761904761905,150,750
993,30,30,30,2.985952380952381,0.738711046232661,0.007123237863643784,-0.7480372102863764,2.351189446839949,0,0.0,0,0.0,0,0.0,1.3333333333333333,4.2,2.866666666666667,PeakVista Partners,23.333333333333332,Crimson Arc Media,20.3125,Ascendify Technologies,20.3125,HydraFlux Labs,4,3.020833333333332,150,750
994,30,30,30,2.964761904761905,0.6325933736747751,0.27330088251322426,0.46476236485614697,2.194949047732144,1,3.3333333333333335,0,0.0,1,3.3333333333333335,1.5,4.666666666666667,3.166666666666667,PrismPoint Studios,22.475,Apexion Innovations,19.642857142857142,Lumeon Strategies,18.857142857142858,Magnetar Innovations,3,3.6178571428571438,150,750
995,30,30,30,3.0636375661375665,0.7925532257452871,0.7690676198313824,-0.11906244240287922,2.596791631981637,2,6.666666666666667,0,0.0,2,6.666666666666667,1.8571428571428572,5.0,3.142857142857143,TitanEdge Consulting,22.785714285714285,Lumeon Strategies,19.642857142857142,PeakVista Partners,19.444444444444443,EchoSphere Analytics,5,3.341269841269842,150,750
996,30,30,30,3.024338624338624,0.5818711232629022,0.5114898774404419,-0.28946049155771636,2.2384323354415097,0,0.0,0,0.0,0,0.0,2.0,4.5,2.5,FusionBridge Networks,24.88888888888889,StellarPath Logistics,18.857142857142858,Vortex Venture Group,18.071428571428573,Vortex Venture Group,3,6.817460317460316,150,750
997,30,30,30,3.071851851851852,0.8029141340342398,0.2219140382417798,-0.05553531917617427,2.6150610122030695,1,3.3333333333333335,0,0.0,1,3.3333333333333335,1.3333333333333333,5.0,3.666666666666667,Magnetar Innovations,25.0,Nebula Dynamics,24.11111111111111,Ascendify Technologies,22.0,PeakVista Partners,3,3.0,150,750
998,30,30,30,2.913240740740741,0.7316081304148964,0.027430196639493025,-0.8463796613815351,2.4676481992840626,0,0.0,0,0.0,0,0.0,1.5,4.25,2.75,Aurora Axis,20.428571428571427,Quantum Forge,19.642857142857142,FusionBridge Networks,19.53125,EchoSphere Analytics,5,0.897321428571427,150,750
999,30,30,30,2.917222222222222,0.7232799946198456,-1.019500542975524,0.9935030201312935,2.275700696623602,2,6.666666666666667,2,6.666666666666667,0,0.0,1.0,4.0,3.0,Nimbus Nexus,19.53125,IronClad Systems,19.53125,BlueFern BioTech,18.208333333333332,ZenithWorks,2,1.3229166666666679,150,750
1000,30,30,30,2.9912301587301586,0.8500421537796335,-0.01867923003553724,0.05236075387161465,2.5730235145750684,2,6.666666666666667,1,3.3333333333333335,1,3.3333333333333335,1.0,5.0,4.0,Aurora Axis,25.142857142857142,Cobalt Circuitry,23.333333333333332,PeakVista Partners,23.333333333333332,Orion Synergy,4,1.8095238095238102,150,750
